ply
format ascii 1.0
element vertex 18600
property float x
property float y
property float z
property int scalar_Label
end_header
1.365375 -0.199550 -0.301391 8
1.381093 -0.228750 -0.265908 8
1.416472 -0.248664 -0.179811 8
1.441848 -0.271640 -0.119667 8
1.437192 -0.308380 -0.137542 8
1.431728 -0.346052 -0.157900 8
1.440747 -0.376351 -0.140951 8
1.432911 -0.416159 -0.168235 8
1.282241 -0.145042 -0.385716 8
1.301318 -0.174805 -0.342493 8
1.329589 -0.200306 -0.276540 8
1.356556 -0.225114 -0.213980 8
1.388061 -0.246809 -0.140196 8
1.406999 -0.272860 -0.097976 8
1.432599 -0.294957 -0.039202 8
1.391528 -0.349901 -0.148135 8
1.403514 -0.378872 -0.124137 8
1.399778 -0.416326 -0.140030 8
1.415681 -0.442728 -0.106641 8
1.250340 -0.829289 -0.588988 7
1.144433 -0.062298 -0.593039 8
1.168621 -0.094189 -0.538228 8
1.197278 -0.123734 -0.472862 8
1.258681 -0.141496 -0.328738 8
1.273971 -0.172435 -0.295870 8
1.292660 -0.201550 -0.255007 8
1.323147 -0.225266 -0.185789 8
1.360138 -0.244941 -0.100916 8
1.372928 -0.273787 -0.074798 8
1.410546 -0.290515 0.011447 8
1.427971 -0.315612 0.048544 8
1.378664 -0.374936 -0.077211 8
1.379650 -0.409495 -0.080858 8
1.363345 -0.454224 -0.127128 8
1.358853 -0.493021 -0.144912 8
1.352350 -0.533643 -0.168014 8
1.338611 -0.579689 -0.209343 8
1.268798 -0.705102 -0.398280 7
1.279842 -0.737498 -0.379959 7
1.284211 -0.774821 -0.378487 7
1.277747 -0.820940 -0.404370 7
1.281154 -0.859821 -0.406068 7
1.305983 -0.880832 -0.354410 7
1.045708 0.002014 -0.700252 6
1.070275 -0.032255 -0.645741 6
1.105243 -0.062962 -0.567213 8
1.151347 -0.089181 -0.462885 8
1.185504 -0.116853 -0.386546 6
1.245352 -0.134966 -0.250315 6
1.355989 -0.133167 0.004714 8
1.262775 -0.200270 -0.217290 8
1.301173 -0.221079 -0.131528 8
1.316636 -0.249671 -0.099659 8
1.375516 -0.258788 0.034100 8
1.391397 -0.285046 0.066747 8
1.391084 -0.318613 0.061048 8
1.341649 -0.377515 -0.060952 8
1.345797 -0.410461 -0.056861 8
1.342748 -0.447518 -0.070089 8
1.340446 -0.484591 -0.081874 8
1.315018 -0.536258 -0.149018 8
1.321751 -0.569049 -0.140036 8
1.338771 -0.595003 -0.106728 8
1.337902 -0.632791 -0.116416 8
1.074301 -0.859677 -0.757233 7
1.305972 -0.732180 -0.209494 7
1.323908 -0.757620 -0.175047 7
1.298127 -0.817508 -0.246503 7
1.302812 -0.854073 -0.244763 7
0.938808 0.029772 -0.821548 6
0.985636 -0.002344 -0.718182 6
1.037323 -0.031384 -0.604002 6
1.088364 -0.058331 -0.491404 6
1.155860 -0.078752 -0.341686 6
1.214640 -0.098681 -0.211715 6
1.190221 -0.141687 -0.270311 6
1.230867 -0.164414 -0.181680 6
1.271435 -0.185439 -0.093294 8
1.302196 -0.208452 -0.027258 8
1.352974 -0.222142 0.084261 8
1.382778 -0.242556 0.148017 8
1.394066 -0.270091 0.169441 8
1.364352 -0.316765 0.096955 8
1.284982 -0.389902 -0.089693 8
1.310284 -0.412375 -0.037143 8
1.320159 -0.442334 -0.020119 8
1.300134 -0.489235 -0.072111 8
1.314341 -0.516958 -0.045629 8
1.303571 -0.559867 -0.077021 8
1.320293 -0.585806 -0.045164 8
1.316505 -0.625090 -0.061036 8
1.327242 -0.654750 -0.043479 8
1.338671 -0.683729 -0.024510 8
1.348190 -0.713942 -0.010197 7
1.337586 -0.759791 -0.043235 7
1.320814 -0.811646 -0.091221 7
1.343168 -0.832153 -0.047624 7
1.348527 -0.866589 -0.044220 7
0.506368 0.063751 -1.645459 4
0.557412 0.021391 -1.535723 4
0.904561 0.030509 -0.777757 6
0.943677 -0.003147 -0.694240 6
1.009067 -0.029611 -0.553290 6
1.245486 -0.013269 -0.037183 6
1.274389 -0.039593 0.023806 6
1.279172 -0.071467 0.031664 6
1.307060 -0.096287 0.090130 6
1.265738 -0.142454 -0.003888 6
1.305365 -0.162534 0.080074 8
1.271647 -0.208153 0.002171 8
1.359073 -0.207793 0.191453 8
1.371884 -0.234688 0.215953 8
1.384592 -0.261226 0.240066 8
1.332325 -0.317555 0.119928 8
1.300956 -0.366390 0.045627 8
1.277211 -0.413069 -0.012182 8
1.263710 -0.455661 -0.047594 8
1.280459 -0.482229 -0.015858 8
1.259325 -0.530450 -0.068967 8
1.300785 -0.541834 0.017696 8
1.287719 -0.586114 -0.017951 8
1.290328 -0.621038 -0.018744 8
1.304332 -0.648372 0.005885 8
1.311051 -0.680545 0.013898 8
1.327698 -0.705433 0.044163 7
1.332077 -0.739224 0.046460 7
1.324635 -0.782547 0.021603 7
1.262321 -0.871570 -0.128822 7
0.463621 0.113749 -1.594765 4
0.497883 0.068298 -1.523503 4
0.498506 0.019501 -1.524023 4
0.856629 0.028941 -0.764408 6
0.900424 -0.004203 -0.673275 6
0.966318 -0.030961 -0.535238 6
1.208188 -0.014639 -0.022302 6
1.249227 -0.038187 0.062876 6
1.280384 -0.062741 0.126881 6
1.284055 -0.094166 0.132078 6
1.281743 -0.127471 0.124286 6
1.275514 -0.162367 0.107889 8
1.278578 -0.194336 0.111153 8
1.339979 -0.203838 0.239317 8
1.348852 -0.232189 0.254790 8
1.356592 -0.260813 0.267659 8
1.366767 -0.288177 0.285594 8
1.362857 -0.322015 0.273009 8
1.351365 -0.360065 0.243809 8
1.269650 -0.435773 0.062463 8
1.276403 -0.467064 0.071916 8
1.289230 -0.494834 0.094346 8
1.300495 -0.523213 0.113227 8
1.254995 -0.586634 0.008345 8
1.269828 -0.613632 0.034446 8
1.284954 -0.640044 0.061044 8
1.279523 -0.680369 0.042477 8
1.277511 -0.718878 0.031085 8
1.311064 -0.731307 0.097645 7
1.323939 -0.758396 0.118655 7
1.305722 -0.810086 0.070772 7
1.274515 -0.873908 -0.006403 7
0.424331 0.163730 -1.538753 4
0.435516 0.115476 -1.516822 4
0.449895 0.068004 -1.488575 4
0.428685 0.016135 -1.534136 4
0.811146 0.027788 -0.745567 6
0.851629 -0.006265 -0.663796 6
0.931348 -0.030727 -0.500989 6
1.129960 -0.025184 -0.092043 6
1.230899 -0.035204 0.114845 6
1.266212 -0.058539 0.185754 6
1.245587 -0.096664 0.140495 6
1.245231 -0.129516 0.137063 6
1.252978 -0.159831 0.150273 8
1.309697 -0.172544 0.265222 8
1.320000 -0.200449 0.283522 8
1.317154 -0.233335 0.274247 8
1.332635 -0.258787 0.303021 8
1.336262 -0.289017 0.306891 8
1.331748 -0.323103 0.293533 8
1.331676 -0.355434 0.289252 8
1.334466 -0.386530 0.290768 8
1.331082 -0.421060 0.279106 8
1.308377 -0.466848 0.226508 8
1.326424 -0.490155 0.259501 8
1.326387 -0.523896 0.254178 8
1.232932 -0.617040 0.050829 8
1.246522 -0.644719 0.073568 8
1.247608 -0.680605 0.069586 8
1.256494 -0.711293 0.081967 8
1.299197 -0.717189 0.166346 7
1.298420 -0.754218 0.157845 7
1.305342 -0.785667 0.165579 7
1.236208 -0.878637 0.009639 7
1.246060 -0.909772 0.022871 7
0.333125 0.210627 -1.588962 4
0.734274 0.189688 -0.784546 2
0.366386 0.113258 -1.524132 4
0.379637 0.065133 -1.498897 4
0.367338 0.014012 -1.525252 4
0.754643 0.024915 -0.748732 6
0.794695 -0.009735 -0.670046 6
1.253764 0.040539 0.251513 6
1.067250 -0.031946 -0.125694 6
1.228890 -0.028445 0.197750 6
1.243585 -0.056769 0.225238 6
1.236225 -0.090852 0.208094 6
1.227635 -0.125759 0.188258 6
1.258382 -0.148317 0.247695 8
1.287300 -0.170336 0.303361 8
1.285459 -0.202656 0.296676 8
1.296671 -0.230105 0.316253 8
1.298892 -0.260969 0.317450 8
1.306561 -0.289550 0.329533 8
1.327988 -0.311678 0.369450 8
1.321218 -0.346631 0.351854 8
1.310147 -0.384282 0.325250 8
1.297850 -0.423318 0.295881 8
1.299248 -0.455641 0.294246 8
1.293504 -0.492257 0.277777 8
1.281553 -0.533120 0.248319 8
1.307081 -0.551612 0.295613 8
1.216353 -0.644009 0.103420 8
1.243930 -0.662113 0.154436 8
1.232796 -0.706012 0.125391 8
1.285630 -0.705013 0.228537 7
1.275417 -0.748491 0.201000 7
1.276132 -0.784499 0.195858 7
1.298935 -0.803406 0.236533 7
1.223662 -0.901656 0.072165 7
0.715584 1.071444 -0.743925 2
0.691123 1.036597 -0.788250 2
0.694363 0.992038 -0.778289 2
0.690201 0.950036 -0.783109 2
0.681697 0.909257 -0.796669 2
0.699616 0.861489 -0.758633 2
0.667645 0.826440 -0.818624 2
0.683536 0.779874 -0.785047 2
0.686918 0.736543 -0.776214 2
0.674707 0.696193 -0.798115 2
0.688352 0.651471 -0.769665 2
0.700500 0.607605 -0.744385 2
0.699171 0.565838 -0.745674 2
0.676557 0.526047 -0.788756 2
0.682325 0.483351 -0.776611 2
0.680137 0.441343 -0.780226 2
0.677679 0.399285 -0.784585 2
0.685830 0.357037 -0.768454 2
0.664079 0.314823 -0.810916 2
0.690172 0.273180 -0.760196 2
0.719978 0.232776 -0.702436 2
0.905803 0.204734 -0.340201 3
0.289635 0.110397 -1.544508 4
0.306372 0.062002 -1.513116 4
0.300748 0.011234 -1.525668 4
0.521575 -0.005037 -1.095742 6
0.772342 -0.007081 -0.607140 6
1.204802 0.036593 0.237280 6
1.015961 -0.036027 -0.134137 6
1.225434 -0.022327 0.274227 6
1.230699 -0.052602 0.282584 6
1.223708 -0.086189 0.266737 6
1.231862 -0.115660 0.280438 8
1.243915 -0.143676 0.301652 8
1.254230 -0.171922 0.319316 8
1.258313 -0.202151 0.324575 8
1.271419 -0.228900 0.347458 8
1.272308 -0.260226 0.346114 8
1.282707 -0.287630 0.363382 8
1.291266 -0.315605 0.376878 8
1.299086 -0.343761 0.388773 8
1.308497 -0.371004 0.403678 8
1.286253 -0.414402 0.355609 8
1.292543 -0.443663 0.363954 8
1.278676 -0.484214 0.332008 8
1.276489 -0.518838 0.323075 8
1.265882 -0.558962 0.297105 8
1.250747 -0.602729 0.261799 8
1.216224 -0.660200 0.187313 8
1.200662 -0.706785 0.150433 8
1.276466 -0.690366 0.297033 7
1.279080 -0.723777 0.296457 7
1.266164 -0.769080 0.264302 7
1.278823 -0.795593 0.283580 7
1.269253 -0.839657 0.257632 7
0.710804 1.876312 -0.748391 2
0.887136 1.697810 -0.394353 2
0.891694 1.650416 -0.378378 2
0.699973 1.738676 -0.746408 2
0.670684 1.710487 -0.796374 2
0.675876 1.659283 -0.779249 2
0.690099 1.603172 -0.744871 2
0.681685 1.561609 -0.754804 2
0.652855 1.531762 -0.804525 2
0.668502 1.476514 -0.768245 2
0.656391 1.436998 -0.785964 2
0.668200 1.385180 -0.757694 2
0.652864 1.347368 -0.782066 2
0.661333 1.298185 -0.760773 2
0.642635 1.261659 -0.792006 2
0.658284 1.210191 -0.757415 2
0.630556 1.176956 -0.806362 2
0.640790 1.128467 -0.782659 2
0.637324 1.085537 -0.785462 2
0.638096 1.041265 -0.780374 2
0.632717 0.999175 -0.787271 2
0.626445 0.957323 -0.796081 2
0.617709 0.916071 -0.809799 2
0.639805 0.866837 -0.764896 2
0.606550 0.831526 -0.825792 2
0.604379 0.788415 -0.827602 2
0.673607 0.731675 -0.693649 2
0.841972 0.660894 -0.371328 2
0.830507 0.624184 -0.391646 2
0.816303 0.587452 -0.417349 2
0.613027 0.571122 -0.802736 2
0.609598 0.528597 -0.808211 2
0.604856 0.486082 -0.816389 2
0.622386 0.442302 -0.782449 2
0.620128 0.399853 -0.786325 2
0.621545 0.357295 -0.783425 2
0.612858 0.314699 -0.799930 2
0.621965 0.272284 -0.782834 2
0.826102 0.240005 -0.395331 3
0.914608 0.207773 -0.227681 3
0.675973 0.149486 -0.682033 3
0.226473 0.058225 -1.537751 4
0.225102 0.007342 -1.541842 4
0.468131 -0.006801 -1.081153 6
0.717283 -0.010160 -0.608675 6
1.117483 0.025416 0.151674 6
0.940174 -0.045185 -0.187776 6
0.912063 -0.088471 -0.243333 6
1.212849 -0.049886 0.328293 6
1.200178 -0.084755 0.302126 6
1.216879 -0.111635 0.331875 8
1.209576 -0.145514 0.315620 8
1.227902 -0.171239 0.348222 8
1.230620 -0.201918 0.350829 8
1.238500 -0.230696 0.363178 8
1.230440 -0.265669 0.344805 8
1.237651 -0.294755 0.355568 8
1.248746 -0.322013 0.373662 8
1.284117 -0.337758 0.438377 8
1.308134 -0.357687 0.481199 8
1.306447 -0.389807 0.474354 8
1.331232 -0.408239 0.518498 8
1.355712 -0.425980 0.562015 8
1.369586 -0.448954 0.584938 8
1.271044 -0.538511 0.389501 8
1.238261 -0.592154 0.321158 8
1.206201 -0.647133 0.253819 8
1.193313 -0.691177 0.223473 8
1.241104 -0.694431 0.311452 7
1.253322 -0.721092 0.329893 7
1.259258 -0.752151 0.335888 7
1.247853 -0.796465 0.307620 7
1.287666 -0.801589 0.379958 7
1.309471 -0.819716 0.416850 7
0.866885 1.865266 -0.359248 2
0.856779 1.827702 -0.371097 2
0.907760 1.743232 -0.266180 2
0.929588 1.683383 -0.217607 2
0.909429 1.655291 -0.249514 2
0.936621 1.593663 -0.191378 2
0.934145 1.553723 -0.190039 2
0.933018 1.513190 -0.186352 2
0.933377 1.472053 -0.180068 2
0.944302 1.424888 -0.154024 2
0.927940 1.394504 -0.179778 2
0.942849 1.346147 -0.146694 2
0.940142 1.308282 -0.147062 2
0.947028 1.265627 -0.129583 2
0.939852 1.230548 -0.138743 2
0.954507 1.185051 -0.107121 2
0.950053 1.149123 -0.111554 2
0.946738 1.112758 -0.114026 2
0.950986 1.073371 -0.102534 2
0.946086 1.037963 -0.108325 2
0.958006 0.996327 -0.082903 2
0.945112 0.964065 -0.103951 2
0.959946 0.922323 -0.073496 2
0.962217 0.885243 -0.066640 2
0.948336 0.853079 -0.089996 2
0.938390 0.819446 -0.106178 2
0.959455 0.777854 -0.064918 2
0.953596 0.743380 -0.073841 2
0.954134 0.707458 -0.071056 2
0.952502 0.672072 -0.072460 2
0.964282 0.634463 -0.049172 2
0.944426 0.602098 -0.084672 2
0.967657 0.563488 -0.040515 2
0.954504 0.529815 -0.063908 2
0.902588 0.499118 -0.159194 2
0.828031 0.467977 -0.296500 2
0.556860 0.443620 -0.797711 2
0.548019 0.400838 -0.813676 2
0.544923 0.357668 -0.819206 2
0.543731 0.314402 -0.821412 2
0.854999 0.280321 -0.245749 3
0.863755 0.243589 -0.229888 2
0.925635 0.210843 -0.115884 3
0.890188 0.171864 -0.182143 3
0.165648 0.056628 -1.524320 4
0.168438 0.005995 -1.520546 4
0.424784 -0.007038 -1.047295 6
0.669440 -0.011948 -0.595574 6
1.048609 0.018082 0.105723 6
0.886312 -0.049486 -0.196861 6
0.860521 -0.092529 -0.246582 6
1.151966 -0.057989 0.292579 6
0.973900 -0.137833 -0.040193 6
1.068972 -0.146173 0.134325 6
1.186113 -0.143972 0.350003 8
1.195801 -0.172534 0.365749 8
1.197195 -0.203752 0.365913 8
1.216126 -0.228573 0.398647 8
1.255547 -0.244757 0.469556 8
1.258969 -0.274315 0.473166 8
1.276783 -0.297678 0.503568 8
1.293117 -0.321154 0.531118 8
1.288373 -0.354164 0.519050 8
1.324273 -0.367383 0.583129 8
1.325880 -0.397062 0.582743 8
1.343211 -0.418402 0.611812 8
1.342007 -0.449643 0.605869 8
1.253228 -0.532354 0.434406 8
1.261848 -0.560196 0.446450 8
1.197629 -0.633756 0.320416 8
1.200823 -0.666592 0.321692 8
1.222389 -0.687218 0.357709 7
1.246912 -0.705125 0.399305 8
1.237259 -0.746876 0.375700 7
1.249376 -0.773234 0.393425 7
1.253849 -0.805264 0.396404 7
1.290052 -0.812329 0.460084 7
0.815959 1.969604 -0.367825 2
0.783000 1.949970 -0.421942 2
0.951439 1.767999 -0.099814 2
0.947397 1.728604 -0.100774 2
0.962627 1.674962 -0.066071 2
0.959830 1.635641 -0.065183 2
0.940920 1.608012 -0.094371 2
0.960679 1.553463 -0.052072 2
0.970338 1.506887 -0.028769 2
0.969369 1.467916 -0.025338 2
0.547334 1.689174 -0.797798 2
0.543305 1.643382 -0.799231 2
0.524989 1.606014 -0.827124 2
0.514226 1.564074 -0.841304 2
0.517129 1.514798 -0.830629 2
0.517864 1.467109 -0.824162 2
0.500617 1.428566 -0.850783 2
0.525859 1.369783 -0.799998 2
0.490817 1.339259 -0.859451 2
0.520027 1.280242 -0.801955 2
0.513669 1.237108 -0.809498 2
0.481113 1.204046 -0.864855 2
0.504394 1.149583 -0.818896 2
0.488865 1.109643 -0.843648 2
0.512120 1.056747 -0.798230 2
0.486004 1.019980 -0.842534 2
0.484747 0.975313 -0.841959 2
0.506774 0.924640 -0.799448 2
0.485986 0.885448 -0.834609 2
0.469680 0.844584 -0.861819 2
0.486538 0.796443 -0.829283 2
0.492861 0.751040 -0.815992 2
0.468943 0.710996 -0.857482 2
0.472690 0.666093 -0.849216 2
0.476404 0.621432 -0.841205 2
0.457176 0.579442 -0.874754 2
0.470677 0.533918 -0.849472 2
0.471731 0.489817 -0.846825 2
0.483680 0.445272 -0.824730 2
0.475281 0.401811 -0.839495 2
0.481067 0.357906 -0.828882 2
0.480193 0.314167 -0.830456 2
0.788838 0.279379 -0.274460 3
0.930908 0.248466 -0.018745 3
0.856061 0.208327 -0.154099 3
0.658222 0.154522 -0.511376 3
0.945379 0.144706 0.005557 3
0.105468 0.003871 -1.510248 4
0.379004 -0.007652 -1.018249 6
0.622904 -0.013488 -0.579597 6
0.973946 0.009911 0.052681 6
1.130225 0.007183 0.333528 6
1.186608 -0.011872 0.433959 6
1.208506 -0.037210 0.472000 6
1.098646 -0.096522 0.271541 6
0.220155 -0.378251 -1.321049 8
0.223157 -0.427675 -1.318798 8
1.198934 -0.162428 0.447165 8
1.187698 -0.197346 0.424549 8
1.185764 -0.229486 0.418655 8
1.236551 -0.241604 0.508454 8
1.269454 -0.259057 0.565740 8
1.253733 -0.296019 0.534439 8
1.270495 -0.319324 0.562165 8
1.287934 -0.341810 0.591053 8
1.274210 -0.378976 0.562917 8
1.297989 -0.397840 0.603197 8
1.301644 -0.426592 0.606570 8
1.310601 -0.452493 0.619539 8
1.326703 -0.474152 0.645527 8
1.260145 -0.544569 0.519393 8
1.245753 -0.585973 0.488847 8
1.197221 -0.650132 0.395063 8
1.223715 -0.667111 0.439474 7
1.228122 -0.698336 0.442987 8
1.017270 -0.881932 0.047201 7
1.232552 -0.764396 0.441416 7
1.250330 -0.786080 0.469339 7
1.249832 -0.821504 0.463126 7
1.266632 -0.843486 0.489035 7
0.780289 2.111426 -0.354353 2
0.786249 2.057838 -0.335652 2
0.769275 2.024791 -0.359154 2
0.963280 1.815733 0.001917 2
0.952901 1.781866 -0.010589 2
0.972367 1.724539 0.030970 2
0.972705 1.683163 0.037508 2
0.976876 1.639408 0.050775 2
0.970037 1.604155 0.043926 2
0.950343 1.577920 0.013737 2
0.960571 1.531093 0.037349 2
0.959335 1.492543 0.040103 2
0.959340 1.453518 0.044907 2
0.951323 1.419700 0.035146 2
0.971829 1.369194 0.076308 2
0.952559 1.342281 0.046085 2
0.958433 1.301223 0.060673 2
0.950304 1.267996 0.050096 2
0.940368 1.235609 0.036165 2
0.916853 1.209581 -0.002050 2
0.961206 1.151706 0.080279 2
0.948992 1.120678 0.061854 2
0.931701 1.091501 0.034311 2
0.935585 1.053419 0.044190 2
0.927993 1.020032 0.033584 2
0.943891 0.978135 0.064399 2
0.919122 0.950787 0.023140 2
0.925213 0.912818 0.036301 2
0.937609 0.873372 0.060425 2
0.935977 0.838471 0.059632 2
0.925431 0.805955 0.042983 2
0.929319 0.769700 0.051641 2
0.907251 0.739430 0.014446 2
0.930388 0.699339 0.056703 2
0.923514 0.665688 0.045987 2
0.919622 0.631380 0.040384 2
0.923036 0.595957 0.047489 2
0.900861 0.563907 0.009483 2
0.924900 0.526226 0.052550 2
0.908364 0.492994 0.024190 2
0.899244 0.458680 0.008725 2
0.933772 0.421973 0.069772 2
0.908801 0.388304 0.026199 2
0.915817 0.353394 0.038656 2
0.900858 0.318546 0.012392 2
0.919828 0.284093 0.045562 2
0.893046 0.248171 -0.001743 3
0.794926 0.206450 -0.174483 3
0.904891 0.178790 0.018088 3
0.947585 0.148233 0.092406 3
0.019205 -0.001094 -1.539917 4
0.340445 -0.007240 -0.976648 6
0.678380 0.001551 -0.383842 6
0.908249 0.003622 0.019132 6
1.101979 0.007203 0.358695 6
1.129311 -0.018458 0.405447 6
1.144854 -0.045981 0.431351 6
1.204758 -0.061514 0.535355 6
1.176811 -0.099294 0.484411 8
1.169523 -0.132129 0.469741 8
1.154890 -0.167717 0.441953 8
1.173742 -0.192716 0.473181 8
1.181474 -0.221092 0.484662 8
1.250083 -0.226330 0.603809 8
1.248921 -0.256725 0.599408 8
1.240551 -0.290349 0.582093 8
1.248848 -0.317188 0.594208 8
1.263482 -0.340971 0.617483 8
1.266338 -0.369994 0.619726 8
1.281493 -0.392957 0.643753 8
1.281932 -0.423169 0.641466 8
1.276471 -0.456785 0.628511 8
1.296157 -0.476708 0.660347 8
1.237131 -0.542044 0.551231 8
1.239721 -0.572837 0.552134 8
1.246525 -0.601151 0.560463 8
1.215250 -0.654196 0.500213 8
1.201669 -0.697039 0.471493 8
0.999767 -0.871531 0.102877 7
1.225474 -0.749003 0.505401 7
1.215645 -0.790762 0.482885 7
1.207747 -0.831863 0.463632 7
1.229131 -0.850699 0.497338 7
0.745258 2.206960 -0.331239 2
0.741234 2.161328 -0.330733 2
0.709768 2.140522 -0.379387 2
0.707902 2.093197 -0.375372 2
0.950198 1.841001 0.062146 2
0.950831 1.798358 0.069318 2
0.941654 1.764015 0.058925 2
0.943160 1.721470 0.067264 2
0.967702 1.662196 0.116027 2
0.969750 1.620784 0.124853 2
0.945503 1.598370 0.087267 2
0.943827 1.559888 0.089247 2
0.937608 1.524708 0.083097 2
0.950004 1.477743 0.109378 2
0.941014 1.444844 0.098060 2
0.959447 1.395570 0.134471 2
0.951464 1.362559 0.124599 2
0.943317 1.329607 0.114316 2
0.934927 1.296737 0.103486 2
0.950706 1.251429 0.134504 2
0.946875 1.216670 0.131292 2
0.946456 1.180400 0.133858 2
0.933084 1.150192 0.113855 2
0.924136 1.117771 0.101401 2
0.933881 1.077536 0.121126 2
0.918723 1.047630 0.097690 2
0.931614 1.006914 0.122536 2
0.942824 0.967482 0.144306 2
0.939564 0.933466 0.140993 2
0.926580 0.902527 0.120817 2
0.932977 0.865558 0.133866 2
0.914495 0.835793 0.104009 2
0.930719 0.796615 0.133671 2
0.922814 0.763867 0.121744 2
0.917932 0.730277 0.114889 2
0.923205 0.694603 0.125328 2
0.919945 0.660749 0.121000 2
0.921671 0.626062 0.125094 2
0.916426 0.592499 0.117114 2
0.923411 0.557316 0.129959 2
0.914168 0.524126 0.114884 2
0.904571 0.490670 0.099081 2
0.904474 0.456272 0.099421 2
0.924591 0.420956 0.134232 2
0.919888 0.387113 0.126434 2
0.901788 0.353233 0.095581 2
0.912307 0.318948 0.113584 2
0.898272 0.284362 0.089438 2
0.810417 0.245784 -0.061188 3
0.934224 0.217759 0.150348 3
0.910297 0.181895 0.108885 3
0.912288 0.147762 0.111664 3
-0.043127 -0.003002 -1.525577 4
0.281343 -0.009759 -0.970996 6
0.640254 0.001120 -0.357224 6
0.836899 -0.003487 -0.021384 6
0.661093 -0.074268 -0.324249 6
1.106087 -0.017472 0.437757 6
1.145553 -0.039328 0.504146 6
1.176347 -0.061986 0.555590 6
1.187197 -0.089032 0.572703 6
1.156274 -0.128022 0.517883 8
1.151921 -0.160029 0.508604 8
1.146911 -0.192560 0.498064 8
1.190772 -0.208255 0.571614 8
1.220807 -0.227513 0.621315 8
1.223534 -0.256418 0.623846 8
1.232665 -0.282751 0.637329 8
1.236246 -0.311284 0.641123 8
1.231917 -0.343421 0.631116 8
1.248143 -0.366245 0.656588 8
1.243686 -0.398773 0.646120 8
1.254922 -0.423663 0.662759 8
1.258428 -0.452426 0.665878 8
1.277636 -0.472588 0.696212 8
1.289258 -0.496541 0.713281 8
1.206315 -0.576540 0.565254 8
1.238475 -0.589364 0.617830 8
1.217762 -0.634824 0.577904 8
1.160353 -0.705680 0.473427 8
0.994135 -0.853517 0.177538 7
1.076199 -0.834321 0.316996 7
1.208321 -0.775505 0.544879 7
1.199304 -0.816757 0.524466 7
1.206899 -0.845971 0.533183 7
0.641972 2.166306 -0.396899 2
0.846676 1.943050 -0.035692 2
0.945445 1.817389 0.140961 2
0.932438 1.786503 0.124035 2
0.944028 1.736301 0.149350 2
0.922518 1.712135 0.117526 2
0.928523 1.667207 0.132867 2
0.935497 1.622267 0.149661 2
0.925288 1.589903 0.136856 2
0.919344 1.554619 0.131223 2
0.954085 1.493080 0.194861 2
0.928014 1.471486 0.154580 2
0.941308 1.425279 0.181237 2
0.931004 1.393750 0.167586 2
0.938628 1.351986 0.184256 2
0.929025 1.320194 0.171546 2
0.934608 1.280346 0.184442 2
0.922484 1.249899 0.167225 2
0.931031 1.209239 0.184841 2
0.929716 1.173732 0.185640 2
0.924831 1.139988 0.180288 2
0.926949 1.103309 0.186617 2
0.935502 1.064326 0.203641 2
0.926088 1.032781 0.190287 2
0.908244 1.004135 0.162661 2
0.943397 0.956668 0.223963 2
0.915065 0.931439 0.178503 2
0.938753 0.889302 0.220236 2
0.928895 0.857885 0.205564 2
0.919565 0.826091 0.191674 2
0.912225 0.793576 0.181011 2
0.921728 0.757004 0.198428 2
0.939625 0.719114 0.229752 2
0.919782 0.689322 0.197828 2
0.899692 0.658925 0.165398 2
0.895720 0.625335 0.159808 2
0.901213 0.590364 0.169912 2
0.909892 0.555281 0.185215 2
0.907429 0.521705 0.181794 2
0.915231 0.487236 0.195392 2
0.906562 0.454155 0.181382 2
0.919818 0.419776 0.203849 2
0.903446 0.386725 0.176756 2
0.902963 0.352939 0.176065 2
0.896888 0.319087 0.165927 2
0.884929 0.284845 0.145856 2
0.878847 0.250420 0.135474 2
0.913036 0.218344 0.192187 2
0.862851 0.180505 0.107954 3
0.889929 0.148604 0.152576 3
-0.130187 -0.007835 -1.551709 4
0.256413 -0.007492 -0.907183 6
0.616352 0.002912 -0.306999 6
1.024975 0.035145 0.374810 6
0.583863 -0.082458 -0.363876 6
0.696892 -0.098696 -0.176300 6
1.125758 -0.037671 0.539892 6
1.138578 -0.064815 0.560022 6
1.160917 -0.089018 0.596015 6
1.131872 -0.127300 0.545810 8
1.139181 -0.155638 0.556416 8
1.131180 -0.188826 0.541233 8
1.167248 -0.207233 0.599937 8
1.188641 -0.229753 0.633954 8
1.194739 -0.257475 0.642188 8
1.206885 -0.282681 0.660511 8
1.232113 -0.302043 0.700798 8
1.208576 -0.342194 0.658811 8
1.213528 -0.370277 0.664730 8
1.208519 -0.403170 0.653717 8
1.246452 -0.414872 0.715208 8
1.231327 -0.453017 0.686874 8
1.244306 -0.476722 0.706008 8
1.268744 -0.493665 0.744521 8
1.191691 -0.569197 0.610556 8
1.207706 -0.591822 0.634482 8
1.207365 -0.624299 0.630487 8
1.143759 -0.698075 0.518431 8
1.169237 -0.715230 0.558122 8
1.040836 -0.837959 0.334538 7
1.193001 -0.766581 0.590871 7
1.192077 -0.801391 0.585147 7
1.183991 -0.842017 0.566961 7
1.186561 -0.875063 0.566925 7
0.785159 2.010514 -0.056109 2
0.728077 2.013023 -0.146435 2
0.915563 1.815112 0.174513 2
0.936900 1.757160 0.215387 2
0.914824 1.733865 0.183238 2
0.915444 1.693134 0.189012 2
0.909222 1.657783 0.183195 2
0.908164 1.618943 0.185866 2
0.910663 1.578025 0.194313 2
0.906436 1.542005 0.191410 2
0.932884 1.486624 0.239337 2
0.926770 1.452744 0.232984 2
0.901864 1.430121 0.195374 2
0.932754 1.374709 0.250076 2
0.917134 1.346645 0.227628 2
0.924200 1.306109 0.242574 2
0.909751 1.277196 0.221865 2
0.907425 1.241973 0.221056 2
0.906296 1.206339 0.222098 2
0.904004 1.171429 0.221104 2
0.921375 1.128090 0.252310 2
0.915886 1.095157 0.245804 2
0.933961 1.052860 0.277861 2
0.920735 1.023277 0.258427 2
0.911237 0.992035 0.245019 2
0.910475 0.957636 0.245820 2
0.904056 0.925188 0.237250 2
0.911744 0.888391 0.251649 2
0.909724 0.854778 0.250053 2
0.917162 0.818719 0.263801 2
0.924489 0.783090 0.277243 2
0.917112 0.751198 0.266568 2
0.919032 0.717194 0.270962 2
0.926508 0.682297 0.284306 2
0.916470 0.650788 0.268984 2
0.907385 0.618845 0.255120 2
0.910841 0.584934 0.261590 2
0.919309 0.550622 0.276111 2
0.914776 0.517970 0.269353 2
0.905838 0.485558 0.255323 2
0.893683 0.453063 0.235954 2
0.911753 0.418789 0.265682 2
0.927820 0.385245 0.292040 2
0.899914 0.352694 0.246724 2
0.896308 0.319356 0.240857 2
0.894339 0.285928 0.237546 2
0.905586 0.253014 0.255642 2
0.893101 0.218982 0.235006 3
0.867886 0.183430 0.193534 3
0.873016 0.149948 0.201353 3
-0.179088 -0.008035 -1.512841 4
0.225375 -0.006153 -0.855101 6
0.590283 0.004288 -0.261615 6
0.997531 0.035290 0.401119 6
0.556735 -0.080840 -0.318663 6
0.640830 -0.103362 -0.182863 6
1.080909 -0.041800 0.533880 6
1.100250 -0.067715 0.564211 6
1.144219 -0.086495 0.634705 6
1.157252 -0.112519 0.654614 6
1.107939 -0.157016 0.572494 8
1.098937 -0.190551 0.556139 8
1.149881 -0.204189 0.637820 8
1.156764 -0.231852 0.647318 8
1.186617 -0.250725 0.694393 8
1.189921 -0.279155 0.697876 8
1.190207 -0.308878 0.696310 8
1.193280 -0.337550 0.699224 8
1.204436 -0.362606 0.715340 8
1.208393 -0.390833 0.719531 8
1.213235 -0.418667 0.725087 8
1.234216 -0.438215 0.757178 8
1.216879 -0.477618 0.725950 8
1.231977 -0.499958 0.748176 8
1.163816 -0.569787 0.632537 8
1.163179 -0.602453 0.628416 8
1.119270 -0.662071 0.552377 7
1.116095 -0.697855 0.543705 8
1.144969 -0.712987 0.588201 8
1.029693 -0.825105 0.392583 7
1.174433 -0.760325 0.630019 7
1.155225 -0.808042 0.594139 7
1.150692 -0.846021 0.582582 7
1.157513 -0.875859 0.589887 7
0.779349 2.075865 0.012199 2
0.883296 1.856362 0.198790 2
0.897754 1.803394 0.227251 2
0.896955 1.763336 0.230559 2
0.892431 1.726479 0.227643 2
0.881975 1.694180 0.214937 2
0.886024 1.651537 0.225730 2
0.884364 1.613385 0.227087 2
0.900295 1.563791 0.256850 2
0.890217 1.532039 0.244269 2
0.884199 1.497670 0.238165 2
0.891079 1.455571 0.252800 2
0.905288 1.409776 0.279116 2
0.897481 1.377300 0.269746 2
0.892035 1.343512 0.264084 2
0.904244 1.300507 0.286733 2
0.891039 1.271103 0.268359 2
0.879770 1.240493 0.253018 2
0.893582 1.197977 0.277848 2
0.897008 1.160875 0.285869 2
0.881806 1.132107 0.263920 2
0.916511 1.082532 0.321804 2
0.886829 1.059618 0.276480 2
0.899226 1.020131 0.298392 2
0.908082 0.982538 0.314511 2
0.898232 0.951697 0.300640 2
0.898966 0.917307 0.303572 2
0.900112 0.882970 0.307056 2
0.927018 0.841630 0.351499 2
0.902334 0.814852 0.313601 2
0.905163 0.780625 0.319457 2
0.917082 0.744575 0.339677 2
0.905991 0.713802 0.323170 2
0.904062 0.681001 0.321153 2
0.896518 0.649171 0.310109 2
0.908257 0.614217 0.329631 2
0.881537 0.584907 0.287925 2
0.911091 0.548171 0.335556 2
0.915239 0.515040 0.342711 2
0.918922 0.482139 0.349032 2
0.895119 0.451120 0.311606 2
0.906752 0.417702 0.330363 2
0.878888 0.385774 0.286309 2
0.899057 0.352438 0.318429 2
0.912532 0.319764 0.339823 2
0.869084 0.286046 0.270740 2
0.897443 0.253966 0.315581 2
0.881411 0.220107 0.289836 3
0.847806 0.184236 0.236078 3
0.849817 0.150623 0.238786 3
0.458946 0.071451 -0.382840 3
0.482782 0.033761 -0.345785 3
0.531728 0.000665 -0.268914 6
0.994150 0.039500 0.465354 6
0.523094 -0.080523 -0.284826 6
0.585679 -0.107717 -0.186509 6
0.888966 -0.078796 0.294922 6
1.078597 -0.066506 0.595651 6
1.126335 -0.084388 0.670488 6
1.103593 -0.120290 0.632964 6
1.097370 -0.152233 0.621657 8
1.100535 -0.181564 0.625229 8
1.117264 -0.206376 0.650374 8
1.161375 -0.221039 0.719208 8
1.170426 -0.247231 0.731990 8
1.172781 -0.275851 0.733987 8
1.195561 -0.296178 0.768599 8
1.155926 -0.342553 0.703164 8
1.164887 -0.368866 0.715463 8
1.179962 -0.392167 0.737504 8
1.177540 -0.423590 0.731380 8
1.198603 -0.443431 0.762916 8
1.202142 -0.471867 0.766211 8
1.214362 -0.495650 0.783403 8
1.212525 -0.527123 0.777864 8
1.130939 -0.605594 0.643454 8
1.116584 -0.646902 0.617314 7
1.090413 -0.696470 0.571886 8
1.104749 -0.721206 0.591873 8
1.019299 -0.812266 0.449913 7
1.168911 -0.745372 0.689316 7
1.142612 -0.797336 0.643103 7
1.144985 -0.829789 0.643352 7
1.148296 -0.861779 0.645019 7
1.155184 -0.891214 0.652416 7
0.527268 2.165670 -0.293832 2
0.898672 1.817774 0.303981 2
0.903830 1.773466 0.316478 2
0.887725 1.746002 0.294989 2
0.884531 1.708705 0.293946 2
0.899615 1.658535 0.321782 2
0.886638 1.628965 0.304964 2
0.887596 1.589789 0.310124 2
0.892777 1.548237 0.321829 2
0.897451 1.507561 0.332592 2
0.907773 1.463924 0.352125 2
0.888945 1.438380 0.325589 2
0.889968 1.400957 0.330236 2
0.910166 1.353201 0.364911 2
0.882497 1.332194 0.324239 2
0.887942 1.293254 0.335493 2
0.888488 1.257219 0.338946 2
0.901007 1.215719 0.361044 2
0.897748 1.182179 0.358313 2
0.887592 1.151774 0.344701 2
0.902083 1.110805 0.369524 2
0.897512 1.078262 0.364450 2
0.890690 1.046604 0.355776 2
0.902836 1.007935 0.376596 2
0.900857 0.974793 0.375282 2
0.895839 0.942740 0.369146 2
0.914958 0.903154 0.400495 2
0.884044 0.879050 0.353877 2
0.894737 0.842537 0.371917 2
0.896647 0.808789 0.376198 2
0.888857 0.777541 0.365314 2
0.902509 0.741392 0.387650 2
0.874069 0.714368 0.344534 2
0.900956 0.676187 0.387226 2
0.876733 0.647594 0.350504 2
0.884643 0.613412 0.363557 2
0.908648 0.577456 0.401474 2
0.872502 0.549278 0.346031 2
0.894583 0.514251 0.380781 2
0.876828 0.483193 0.353691 2
0.898326 0.449135 0.387353 2
0.880370 0.417591 0.359785 2
0.889075 0.384734 0.373445 2
0.896383 0.352207 0.384854 2
0.891242 0.319830 0.376888 2
0.910981 0.287925 0.407388 2
0.897240 0.255231 0.385926 2
0.884774 0.222114 0.366351 3
0.857415 0.187355 0.323603 3
0.833190 0.151900 0.285613 3
0.494730 0.079656 -0.239670 3
0.490915 0.039541 -0.246318 3
0.517461 0.003760 -0.205982 6
1.056316 0.054525 0.629132 6
0.463585 -0.085025 -0.291573 6
0.555459 -0.106906 -0.150113 6
1.050781 -0.036591 0.617929 6
1.088352 -0.057865 0.675268 6
1.089986 -0.087108 0.676715 6
1.045491 -0.129062 0.606349 8
1.060490 -0.155328 0.628396 8
1.087457 -0.177453 0.669012 8
1.112073 -0.199499 0.705929 8
1.106033 -0.231429 0.695030 8
1.134616 -0.251059 0.738027 8
1.150070 -0.274829 0.760509 8
1.148972 -0.304851 0.757095 8
1.168317 -0.326459 0.785537 8
1.143123 -0.367131 0.744290 8
1.162917 -0.388268 0.773300 8
1.174121 -0.412953 0.788818 8
1.174511 -0.442788 0.787324 8
1.176870 -0.471797 0.788830 8
1.178511 -0.501315 0.789125 8
1.206168 -0.516527 0.830230 8
1.124926 -0.593586 0.699964 8
1.074359 -0.655847 0.617658 7
1.127139 -0.656763 0.698052 7
1.106476 -0.702536 0.662581 8
1.095117 -0.743333 0.641634 8
1.038063 -0.815836 0.548228 7
1.117195 -0.795994 0.670260 7
1.116026 -0.865312 0.661686 7
1.113064 -0.902338 0.653440 7
0.503973 2.153544 -0.236936 2
0.875937 1.810736 0.345691 2
0.861303 1.782047 0.326862 2
0.879148 1.728838 0.358290 2
0.866989 1.698616 0.343097 2
0.877150 1.652497 0.362326 2
0.849946 1.632814 0.323721 2
0.851488 1.593236 0.329422 2
0.877836 1.538052 0.373213 2
0.865671 1.508354 0.357550 2
0.870026 1.468484 0.367209 2
0.856625 1.439498 0.349484 2
0.857597 1.402139 0.353742 2
0.857576 1.365645 0.356373 2
0.884217 1.315349 0.399729 2
0.880003 1.282029 0.395708 2
0.850453 1.261204 0.352872 2
0.873847 1.214569 0.390882 2
0.881557 1.176130 0.404804 2
0.859960 1.150902 0.373915 2
0.857341 1.117201 0.371905 2
0.889451 1.069826 0.422709 2
0.856299 1.048506 0.374019 2
0.884823 1.003942 0.419128 2
0.879467 0.972168 0.412586 2
0.873497 0.940557 0.405036 2
0.890473 0.901858 0.432261 2
0.870134 0.874658 0.402729 2
0.858440 0.844527 0.386260 2
0.862515 0.810122 0.393639 2
0.881223 0.772539 0.423117 2
0.853422 0.745827 0.382002 2
0.896755 0.704030 0.448613 2
0.873046 0.676056 0.413554 2
0.871070 0.643755 0.411346 2
0.870485 0.611254 0.411165 2
0.886262 0.576673 0.435669 2
0.889726 0.544083 0.441455 2
0.887436 0.512211 0.438453 2
0.880424 0.480669 0.428231 2
0.896578 0.447516 0.452977 2
0.886761 0.416071 0.438358 2
0.866019 0.384589 0.407142 2
0.882515 0.352080 0.432168 2
0.903893 0.320187 0.464499 2
0.872008 0.287648 0.416200 2
0.902312 0.256682 0.461879 2
0.882628 0.223722 0.431876 2
0.869291 0.190547 0.411389 2
0.821659 0.153614 0.338932 3
0.460385 0.079709 -0.208250 3
0.462962 0.040444 -0.205015 3
0.495014 0.005538 -0.157255 6
1.021163 0.053047 0.638625 6
0.469995 -0.077402 -0.196940 3
0.487707 -0.113637 -0.171154 6
1.053468 -0.030280 0.685203 6
1.082994 -0.053060 0.729043 6
1.084225 -0.082039 0.729927 6
1.065158 -0.116564 0.699938 8
1.049898 -0.150779 0.675631 8
1.081242 -0.171397 0.722009 8
1.095043 -0.196699 0.741701 8
1.125342 -0.215994 0.786423 8
1.133042 -0.242468 0.796742 8
1.152098 -0.264511 0.824285 8
1.119551 -0.306476 0.773189 8
1.148349 -0.324336 0.815452 8
1.136469 -0.358937 0.795653 8
1.152462 -0.381551 0.818293 8
1.147514 -0.413613 0.808904 8
1.161049 -0.437002 0.827676 8
1.159003 -0.468005 0.822564 8
1.164210 -0.495467 0.828470 8
1.175629 -0.519549 0.843826 8
1.194386 -0.539259 0.870386 8
1.044683 -0.657200 0.638247 8
1.094603 -0.660358 0.712389 7
1.079426 -0.702537 0.686434 8
1.057083 -0.750232 0.649298 8
1.020068 -0.808895 0.589365 7
1.078278 -0.804025 0.676199 7
0.516374 2.161125 -0.131831 2
0.884838 1.818790 0.430780 2
0.854160 1.803261 0.387900 2
0.850615 1.766310 0.386026 2
0.862964 1.717911 0.408046 2
0.849039 1.689219 0.390299 2
0.868600 1.637045 0.422926 2
0.836294 1.621046 0.377352 2
0.852535 1.572290 0.404739 2
0.840572 1.542436 0.389631 2
0.837730 1.506817 0.388139 2
0.845267 1.465211 0.402112 2
0.852484 1.424381 0.415490 2
0.841632 1.394189 0.401726 2
0.826783 1.366009 0.381924 2
0.840886 1.322489 0.405302 2
0.850924 1.281789 0.422494 2
0.843404 1.250171 0.413393 2
0.846603 1.213536 0.420194 2
0.860170 1.172624 0.442342 2
0.836130 1.148472 0.408418 2
0.839908 1.112277 0.415825 2
0.823898 1.084139 0.393735 2
0.847268 1.040936 0.430083 2
0.828989 1.013515 0.404485 2
0.843974 0.974403 0.428191 2
0.844842 0.940482 0.430860 2
0.836341 0.909562 0.419563 2
0.841166 0.874698 0.427945 2
0.832694 0.843673 0.416552 2
0.837892 0.809071 0.425331 2
0.833338 0.777020 0.419597 2
0.848407 0.740716 0.442825 2
0.837793 0.710081 0.427979 2
0.843736 0.676197 0.437552 2
0.816692 0.647949 0.398286 2
0.848101 0.610366 0.445352 2
0.848231 0.577925 0.446108 2
0.865408 0.543657 0.471978 2
0.861718 0.511980 0.466946 2
0.847840 0.480999 0.446798 2
0.855925 0.448269 0.459019 2
0.868493 0.415651 0.477788 2
0.851319 0.384238 0.452567 2
0.833913 0.352253 0.426937 2
0.822863 0.319735 0.410620 2
0.858472 0.288027 0.463129 2
0.849787 0.255635 0.450165 2
0.865644 0.224392 0.473372 2
0.847321 0.191043 0.446032 3
0.811540 0.155400 0.392827 3
0.457425 0.083226 -0.130749 3
0.451749 0.043447 -0.139731 3
0.478963 0.008175 -0.100196 6
0.956203 0.046765 0.604515 6
0.434216 -0.077598 -0.167965 3
0.457305 -0.112839 -0.134768 6
1.038612 -0.027930 0.724227 6
1.043564 -0.056302 0.730722 6
1.055534 -0.082848 0.747547 6
1.059841 -0.111117 0.752968 6
1.058643 -0.140904 0.750172 8
1.090052 -0.161020 0.795641 8
1.074993 -0.194974 0.772174 8
1.069045 -0.226520 0.762135 8
1.100372 -0.245196 0.807352 8
1.126851 -0.264700 0.845351 8
1.145477 -0.286466 0.871655 8
1.139439 -0.317792 0.861247 8
1.119306 -0.355515 0.829785 8
1.129252 -0.380755 0.843001 8
1.125386 -0.412212 0.835586 8
1.135032 -0.437486 0.848236 8
1.124724 -0.472590 0.831060 8
1.155144 -0.487124 0.874607 8
1.139369 -0.525598 0.849109 8
1.135813 -0.558082 0.841773 8
1.049218 -0.638828 0.710030 8
1.053908 -0.668751 0.714763 8
1.097494 -0.674812 0.777764 7
1.051219 -0.736524 0.705891 8
1.003462 -0.801325 0.631565 7
1.099769 -0.771064 0.773738 7
0.784081 1.915001 0.351250 2
0.811000 1.852652 0.394379 2
0.848738 1.783576 0.453261 2
0.836660 1.753581 0.438561 2
0.836782 1.714643 0.441747 2
0.821981 1.686600 0.422905 2
0.819181 1.650114 0.421632 2
0.822272 1.609956 0.428912 2
0.825792 1.569983 0.436721 2
0.834818 1.527032 0.452489 2
0.811349 1.504435 0.420621 2
0.812848 1.466586 0.425213 2
0.821312 1.425131 0.439884 2
0.801423 1.399841 0.413085 2
0.808927 1.359549 0.426184 2
0.810698 1.322728 0.430833 2
0.828378 1.278376 0.458557 2
0.800439 1.256567 0.419805 2
0.789569 1.226172 0.405842 2
0.817793 1.178462 0.448622 2
0.816194 1.144515 0.447972 2
0.832263 1.103596 0.472891 2
0.827573 1.071422 0.467603 2
0.796035 1.049110 0.423329 2
0.787661 1.017762 0.412593 2
0.831953 0.968811 0.478067 2
0.824743 0.937747 0.468861 2
0.808913 0.909132 0.447123 2
0.810892 0.875124 0.451092 2
0.789026 0.847565 0.420515 2
0.813104 0.808113 0.456298 2
0.811931 0.775352 0.455504 2
0.836317 0.737265 0.491566 2
0.836231 0.704846 0.492201 2
0.812637 0.676664 0.458835 2
0.816318 0.643401 0.464786 2
0.821807 0.610074 0.473281 2
0.819732 0.577949 0.470794 2
0.845160 0.542808 0.507919 2
0.815440 0.513662 0.465426 2
0.833298 0.479963 0.491498 2
0.811713 0.449214 0.460622 2
0.831398 0.416035 0.489198 2
0.836223 0.383909 0.496280 2
0.841105 0.351955 0.503382 2
0.816817 0.319924 0.468362 2
0.837673 0.288210 0.498371 2
0.853648 0.256980 0.521280 2
0.820502 0.223384 0.473297 2
0.800385 0.189634 0.444031 3
0.710101 0.148696 0.313488 3
0.436410 0.084657 -0.081731 3
0.513398 0.055530 0.028815 3
0.839271 0.064503 0.498482 6
0.934595 0.047585 0.635503 6
1.012991 0.030837 0.748085 6
0.513412 -0.095320 0.026033 3
0.997707 -0.031158 0.724686 6
1.033027 -0.052878 0.774964 6
1.039545 -0.080538 0.783587 6
1.042734 -0.108944 0.787343 6
1.046891 -0.137074 0.792441 8
1.051685 -0.164981 0.798407 8
1.057160 -0.192626 0.805304 8
1.077465 -0.215285 0.833625 8
1.073279 -0.245918 0.826427 8
1.116267 -0.259528 0.887547 8
1.113052 -0.289533 0.881657 8
1.112186 -0.318857 0.879110 8
1.096865 -0.354447 0.855509 8
1.088237 -0.387820 0.841545 8
1.105027 -0.410080 0.864452 8
1.112968 -0.436114 0.874452 8
1.110733 -0.467065 0.869590 8
1.098460 -0.503434 0.850034 8
1.119695 -0.522704 0.879232 8
1.135236 -0.544523 0.900101 8
1.045020 -0.626030 0.766519 8
1.044574 -0.658524 0.763834 8
1.078417 -0.670513 0.811221 7
1.034257 -0.730237 0.744436 8
0.974152 -0.802237 0.654094 7
1.066229 -0.775769 0.786689 7
1.081446 -0.798558 0.806633 7
0.708463 1.992056 0.313496 2
0.765629 1.904234 0.398983 2
0.825169 1.817386 0.487611 2
0.814490 1.786296 0.475093 2
0.818073 1.744712 0.482985 2
0.814499 1.708756 0.480518 2
0.804299 1.677618 0.468484 2
0.793112 1.647098 0.454981 2
0.826724 1.587180 0.505483 2
0.809027 1.561465 0.482515 2
0.794521 1.533419 0.464067 2
0.792470 1.497697 0.463340 2
0.797011 1.458383 0.471936 2
0.816789 1.411003 0.502150 2
0.811305 1.378285 0.496294 2
0.793705 1.351949 0.473146 2
0.799382 1.313490 0.483043 2
0.782081 1.286638 0.460221 2
0.783840 1.250478 0.464416 2
0.801228 1.207574 0.490713 2
0.790195 1.177776 0.476616 2
0.788094 1.144088 0.475126 2
0.796476 1.106361 0.488423 2
0.789703 1.074855 0.480186 2
0.790420 1.040578 0.482494 2
0.782529 1.009454 0.472561 2
0.764384 0.981564 0.448077 2
0.793350 0.938612 0.490133 2
0.772648 0.911322 0.461927 2
0.791722 0.872500 0.489855 2
0.813018 0.833878 0.520840 2
0.809447 0.802097 0.516651 2
0.779251 0.776281 0.474840 2
0.773910 0.744384 0.468053 2
0.795190 0.707315 0.498751 2
0.799480 0.674005 0.505423 2
0.798050 0.641815 0.503972 2
0.797671 0.609498 0.503946 2
0.810077 0.575642 0.521878 2
0.806606 0.543960 0.517379 2
0.789207 0.513477 0.493205 2
0.815333 0.479218 0.530287 2
0.785991 0.449065 0.489182 2
0.793869 0.416429 0.500446 2
0.800022 0.384114 0.509223 2
0.814307 0.351946 0.529397 2
0.812443 0.320120 0.526772 2
0.803733 0.288060 0.514450 2
0.804516 0.256093 0.515441 2
0.801536 0.223916 0.511076 2
0.797796 0.191559 0.505585 3
0.625376 0.143699 0.262411 3
0.505381 0.095718 0.092984 3
0.509928 0.059165 0.098937 3
0.789441 0.061425 0.492347 6
0.896473 0.045769 0.642709 6
0.990704 0.031391 0.775027 6
0.478399 -0.095728 0.052010 3
0.991726 -0.027050 0.775295 6
1.019265 -0.050294 0.813485 6
1.031220 -0.076461 0.829650 6
1.032303 -0.105127 0.830424 6
1.013305 -0.139387 0.802789 8
1.049061 -0.158389 0.852434 8
1.037845 -0.190826 0.835678 8
1.053051 -0.215134 0.856215 8
1.063269 -0.240763 0.869658 8
1.094588 -0.258544 0.912921 8
1.083709 -0.291365 0.896428 8
1.076955 -0.323078 0.885708 8
1.090389 -0.346825 0.903534 8
1.091911 -0.375404 0.904434 8
1.079230 -0.410485 0.885128 8
1.097151 -0.431891 0.909186 8
1.074733 -0.472428 0.875917 8
1.075597 -0.502243 0.875642 8
1.107772 -0.515885 0.919840 8
1.113013 -0.543115 0.925706 8
1.107365 -0.576458 0.916012 8
1.006785 -0.665092 0.770935 8
1.061874 -0.664874 0.847625 8
1.076635 -0.687654 0.866800 7
0.986953 -0.776434 0.736723 8
1.052526 -0.767397 0.828365 7
1.055989 -0.797940 0.831207 7
0.658555 2.048867 0.315474 2
0.682765 1.986360 0.352389 2
0.736308 1.902365 0.430302 2
0.805504 1.809056 0.529927 2
0.785641 1.784982 0.504582 2
0.800823 1.735206 0.528241 2
0.796412 1.700155 0.524400 2
0.797296 1.661674 0.527889 2
0.790453 1.628695 0.520520 2
0.793780 1.589235 0.527275 2
0.771265 1.566375 0.497945 2
0.776800 1.525967 0.507651 2
0.778241 1.488472 0.511579 2
0.781226 1.450437 0.517586 2
0.779329 1.415476 0.516736 2
0.774119 1.382474 0.511226 2
0.782842 1.342371 0.524998 2
0.765621 1.315702 0.502705 2
0.780624 1.273234 0.525051 2
0.766869 1.244771 0.507468 2
0.785626 1.201634 0.534868 2
0.768376 1.174680 0.512346 2
0.757870 1.144568 0.499116 2
0.770956 1.105061 0.518468 2
0.771316 1.070938 0.520155 2
0.773410 1.036378 0.524182 2
0.762278 1.006537 0.509883 2
0.751887 0.976230 0.496565 2
0.782349 0.933250 0.539582 2
0.771520 0.903338 0.525552 2
0.775972 0.869042 0.532552 2
0.772419 0.837053 0.528459 2
0.753366 0.808748 0.502951 2
0.766937 0.772690 0.522360 2
0.759640 0.741455 0.512960 2
0.775091 0.705785 0.534846 2
0.761390 0.675714 0.516525 2
0.766584 0.642333 0.524176 2
0.768922 0.609587 0.527843 2
0.771491 0.576950 0.531777 2
0.784433 0.543350 0.549936 2
0.785792 0.511257 0.552100 2
0.775077 0.480134 0.537602 2
0.797712 0.446789 0.568943 2
0.771275 0.416207 0.532716 2
0.778191 0.383964 0.542330 2
0.795499 0.351873 0.566190 2
0.771978 0.320017 0.533832 2
0.778107 0.288116 0.542214 2
0.797144 0.256929 0.568308 2
0.786510 0.224654 0.553530 2
0.773862 0.191859 0.535931 3
0.554636 0.140093 0.234004 3
0.466576 0.095027 0.112480 3
0.437885 0.054293 0.072587 3
0.741664 0.058711 0.490319 6
0.840416 0.041211 0.625834 6
0.925638 0.024573 0.742715 6
0.454531 -0.094042 0.093306 3
0.992742 -0.021639 0.834106 6
1.003819 -0.048170 0.848793 6
1.014488 -0.074516 0.862879 6
1.007102 -0.105196 0.852034 6
0.999925 -0.136165 0.841425 8
1.004626 -0.164058 0.847151 8
1.011250 -0.191318 0.855486 8
1.031621 -0.214046 0.882761 8
1.034138 -0.242261 0.885349 8
1.039405 -0.269543 0.891693 8
1.070424 -0.287168 0.933590 8
1.039771 -0.327961 0.890193 8
1.070229 -0.345035 0.931254 8
1.072328 -0.373273 0.933052 8
1.092148 -0.393753 0.959347 8
1.057870 -0.438629 0.910663 8
1.064511 -0.465325 0.918603 8
1.065024 -0.495018 0.918000 8
1.061966 -0.526727 0.912392 8
1.086859 -0.543873 0.945541 8
1.070158 -0.583233 0.920878 8
0.991780 -0.658530 0.810368 8
0.982231 -0.696521 0.795427 8
1.013460 -0.710400 0.837189 7
0.888196 -0.821197 0.660886 7
1.021919 -0.770208 0.845422 7
1.007576 -0.812607 0.823538 7
0.645589 -1.093142 0.315994 5
0.589297 2.122257 0.292640 2
0.641355 2.035928 0.366604 2
0.656396 1.981426 0.389702 2
0.719389 1.891060 0.478260 2
0.785791 1.801068 0.571261 2
0.778360 1.768004 0.563249 2
0.767530 1.737438 0.550550 2
0.770714 1.697122 0.556911 2
0.763277 1.664417 0.548734 2
0.752058 1.634234 0.535362 2
0.770960 1.584844 0.562919 2
0.775489 1.545323 0.570845 2
0.754540 1.521487 0.544091 2
0.744466 1.490872 0.532079 2
0.749121 1.451912 0.540011 2
0.751075 1.414855 0.544215 2
0.766599 1.371009 0.566751 2
0.763869 1.337215 0.564484 2
0.752961 1.307560 0.551095 2
0.760965 1.268831 0.563260 2
0.733265 1.246810 0.527070 2
0.744621 1.206983 0.543663 2
0.748563 1.170858 0.550174 2
0.745189 1.138003 0.546746 2
0.747266 1.103117 0.550632 2
0.735779 1.073467 0.536160 2
0.721615 1.044534 0.518038 2
0.735018 1.006067 0.537061 2
0.751762 0.967140 0.560529 2
0.743348 0.936481 0.550025 2
0.740932 0.903971 0.547564 2
0.734689 0.872530 0.539903 2
0.735949 0.839117 0.542305 2
0.747019 0.803554 0.557869 2
0.720795 0.776596 0.523177 2
0.715186 0.744714 0.516201 2
0.755720 0.704174 0.571272 2
0.728252 0.676547 0.534791 2
0.748807 0.640751 0.562876 2
0.755775 0.607547 0.572636 2
0.732941 0.578224 0.542272 2
0.739979 0.545092 0.552038 2
0.746378 0.512289 0.560900 2
0.757997 0.479352 0.576735 2
0.752139 0.447802 0.569031 2
0.745155 0.416134 0.559771 2
0.742441 0.384155 0.556209 2
0.761830 0.351922 0.582313 2
0.749970 0.320064 0.566373 2
0.756821 0.288273 0.575538 2
0.765674 0.256772 0.587354 2
0.738445 0.223509 0.550622 2
0.755171 0.192526 0.572936 3
0.580592 0.145133 0.338004 3
0.447004 0.096358 0.158100 3
0.429787 0.057267 0.134601 3
0.699691 0.056859 0.497205 6
0.811214 0.040884 0.646822 6
0.877314 0.020772 0.735332 6
0.986859 0.010803 0.882290 6
0.958198 -0.023570 0.843258 6
1.004634 -0.042568 0.905262 6
0.997194 -0.072769 0.894714 6
0.982887 -0.105029 0.874873 6
0.956606 -0.141061 0.838853 8
0.989299 -0.161309 0.882237 8
1.007842 -0.184837 0.906536 8
1.024993 -0.208305 0.928930 8
1.006103 -0.243368 0.902689 8
1.039391 -0.260875 0.946790 8
1.050774 -0.285454 0.961315 8
1.051814 -0.313769 0.961845 8
1.034380 -0.349626 0.937381 8
1.048571 -0.372976 0.955589 8
1.061831 -0.396405 0.972514 8
1.051953 -0.430048 0.958115 8
1.062562 -0.454555 0.971383 8
1.044553 -0.492869 0.945876 8
1.065135 -0.512457 0.972572 8
1.070492 -0.539501 0.978618 8
1.049464 -0.580877 0.948847 8
0.969918 -0.656039 0.839596 8
0.989062 -0.677200 0.864153 8
0.991893 -0.707649 0.866531 8
0.862367 -0.819747 0.688942 7
0.990269 -0.773632 0.861234 7
0.965186 -0.822932 0.825467 7
0.637624 -1.076798 0.377578 5
0.548024 2.128327 0.312577 2
0.604994 2.038722 0.390907 2
0.651251 1.960182 0.454764 2
0.768264 1.830267 0.612791 2
0.757173 1.799941 0.599880 2
0.744195 1.770915 0.584422 2
0.748489 1.729665 0.591908 2
0.762006 1.682648 0.611593 2
0.741531 1.658987 0.586038 2
0.747368 1.617953 0.595402 2
0.748494 1.580396 0.598452 2
0.743937 1.546631 0.593912 2
0.715799 1.526868 0.558071 2
0.745393 1.473439 0.598706 2
0.751580 1.434278 0.608257 2
0.741821 1.404122 0.596647 2
0.738202 1.370697 0.593123 2
0.743345 1.333009 0.601145 2
0.745260 1.297287 0.604849 2
0.736842 1.266654 0.594854 2
0.711981 1.243301 0.563110 2
0.738855 1.197036 0.599640 2
0.735685 1.164301 0.596456 2
0.727886 1.133479 0.587125 2
0.730750 1.098524 0.591821 2
0.727023 1.066227 0.587783 2
0.718945 1.035472 0.577973 2
0.701648 1.007641 0.555986 2
0.709697 0.971450 0.567349 2
0.720563 0.934828 0.582376 2
0.730427 0.898973 0.596037 2
0.717252 0.869643 0.579333 2
0.724563 0.834926 0.589550 2
0.711327 0.805307 0.572696 2
0.705502 0.773766 0.565559 2
0.703132 0.741443 0.562928 2
0.721204 0.705388 0.587136 2
0.739429 0.669967 0.611499 2
0.731072 0.639214 0.600880 2
0.731750 0.607038 0.602101 2
0.719919 0.576430 0.586847 2
0.731386 0.543094 0.602171 2
0.702336 0.513699 0.564223 2
0.723839 0.479813 0.592657 2
0.727501 0.447629 0.597613 2
0.716354 0.416172 0.583080 2
0.725995 0.383884 0.595817 2
0.735883 0.351909 0.608843 2
0.739946 0.320205 0.614179 2
0.712035 0.287867 0.577480 2
0.726000 0.256292 0.595751 2
0.751875 0.225805 0.629632 2
0.690974 0.189925 0.549482 3
0.727483 0.160576 0.597262 2
0.433579 0.098281 0.210883 3
0.420744 0.060040 0.193724 3
0.632264 0.051615 0.471359 6
0.762895 0.037672 0.642706 6
0.838051 0.018581 0.741139 6
0.923348 0.003687 0.852898 6
0.968953 -0.016439 0.912466 6
0.968181 -0.045152 0.911028 6
0.932452 -0.082061 0.863573 6
0.974278 -0.101014 0.918103 6
0.963898 -0.132477 0.903920 6
0.954463 -0.164115 0.890940 8
0.977995 -0.186393 0.921326 8
0.974892 -0.216349 0.916614 8
0.993344 -0.239424 0.940261 8
1.030243 -0.255628 0.988197 1
1.099379 -0.259038 1.078622 1
1.091051 -0.289674 1.066926 1
1.091086 -0.317413 1.066219 1
1.043797 -0.364859 1.003030 8
1.045047 -0.393177 1.003835 8
1.051250 -0.419400 1.011144 8
1.018157 -0.463843 0.966508 8
1.055083 -0.475861 1.014340 8
1.008014 -0.528735 0.951113 8
1.022291 -0.551738 0.968943 8
1.025898 -0.580150 0.972629 8
0.996431 -0.626921 0.932484 8
0.952781 -0.683063 0.873466 8
0.951798 -0.715910 0.870903 7
1.013503 -0.711013 0.951438 7
0.981910 -0.762427 0.908207 7
0.967233 -0.804386 0.887346 7
0.980802 -0.828467 0.903944 7
0.615275 -1.110488 0.416517 5
0.578052 2.076830 0.425752 2
0.556197 2.051242 0.399146 2
0.635218 1.947961 0.503725 2
0.728184 1.837758 0.626250 2
0.737756 1.792189 0.640245 2
0.716154 1.769435 0.613707 2
0.731473 1.720759 0.635061 2
0.731282 1.683404 0.636233 2
0.732385 1.645527 0.639037 2
0.737457 1.605491 0.646938 2
0.734992 1.570586 0.645031 2
0.719994 1.543379 0.626863 2
0.722619 1.505698 0.631470 2
0.708964 1.477536 0.614983 2
0.715380 1.438227 0.624411 2
0.698258 1.411804 0.603382 2
0.718122 1.366179 0.630099 2
0.713791 1.333391 0.625522 2
0.702666 1.303909 0.612142 2
0.700144 1.270321 0.609835 2
0.727116 1.223845 0.645526 2
0.714450 1.195297 0.630060 2
0.703806 1.165689 0.617173 2
0.703951 1.131691 0.618159 2
0.683967 1.105406 0.593186 2
0.717962 1.059313 0.637694 2
0.717097 1.026397 0.637271 2
0.689497 1.002291 0.602408 2
0.667727 0.975626 0.575030 2
0.699991 0.932586 0.617137 2
0.711487 0.896457 0.632484 2
0.703802 0.865809 0.623128 2
0.688912 0.836786 0.604483 2
0.687892 0.804226 0.603638 2
0.715662 0.765620 0.639761 2
0.720238 0.732544 0.646039 2
0.698422 0.704459 0.618377 2
0.683176 0.674679 0.599130 2
0.690395 0.641141 0.608711 2
0.678761 0.610406 0.594046 2
0.699938 0.575508 0.621488 2
0.701105 0.543360 0.623201 2
0.698640 0.511605 0.620218 2
0.676366 0.481202 0.591773 2
0.686701 0.448348 0.605165 2
0.680543 0.416484 0.597351 2
0.695246 0.383956 0.616287 2
0.693778 0.352023 0.614433 2
0.702892 0.320130 0.626133 2
0.698599 0.288205 0.620591 2
0.708402 0.256686 0.633116 2
0.713622 0.225207 0.639726 2
0.686428 0.191588 0.604691 3
0.703623 0.160906 0.626615 2
0.393716 0.097457 0.228494 3
0.477019 0.070400 0.335223 6
0.601515 0.051392 0.494841 6
0.951455 0.069812 0.944021 6
0.898410 0.032850 0.875613 6
0.888621 0.001955 0.862731 6
0.908184 -0.023555 0.887534 6
0.948863 -0.044037 0.939451 6
0.952589 -0.071736 0.943861 6
0.963548 -0.097636 0.957541 6
0.936067 -0.133280 0.921774 6
0.926943 -0.164834 0.909573 8
0.957633 -0.185143 0.948550 8
0.949427 -0.216577 0.937472 8
0.978467 -0.236290 0.974293 8
1.018397 -0.251461 1.025121 1
1.094680 -0.252443 1.122755 1
1.139467 -0.262829 1.179849 1
1.236515 -0.251435 1.304278 1
1.279043 -0.259161 1.358495 1
1.288928 -0.279448 1.370639 1
1.291660 -0.302694 1.373541 1
1.300559 -0.323164 1.384376 1
0.991094 -0.494766 0.984351 8
0.988149 -0.526226 0.979705 8
1.025678 -0.537354 1.027295 8
0.968195 -0.597456 0.952135 8
0.967325 -0.628950 0.950054 8
0.917725 -0.688092 0.884927 8
0.923166 -0.717308 0.890909 8
0.972083 -0.720584 0.953131 7
0.972986 -0.751922 0.953204 7
0.963563 -0.790035 0.939863 7
0.994675 -0.802315 0.979012 7
0.594549 -1.103063 0.458909 5
1.368523 1.477735 1.498141 1
1.377667 1.443104 1.510737 1
1.383725 1.411567 1.519375 1
1.362955 1.401303 1.493935 1
1.366973 1.371797 1.499932 1
1.366323 1.346139 1.499980 1
1.347976 1.333389 1.477582 1
1.366965 1.294133 1.502460 1
1.358831 1.274246 1.492959 1
1.367856 1.242940 1.505154 1
1.376674 1.212313 1.517052 1
1.367514 1.193449 1.506190 1
1.361803 1.172364 1.499672 1
1.383776 1.134954 1.528107 1
1.371596 1.118032 1.513373 1
1.378892 1.090067 1.523212 1
1.365430 1.073672 1.506831 1
1.359759 1.052930 1.500268 1
1.391311 1.013451 1.540624 1
1.366400 1.002610 1.509760 1
1.352061 0.986119 1.492217 1
1.387745 0.946688 1.537684 1
1.362639 0.935035 1.506545 1
1.361511 0.912642 1.505593 1
1.368279 0.887163 1.514562 1
1.345462 0.873431 1.486276 1
1.391274 0.833730 1.544331 1
1.368808 0.819725 1.516456 1
1.368743 0.797551 1.516747 1
1.354240 0.780101 1.498865 1
1.352692 0.758333 1.497260 1
1.360486 0.733908 1.507378 1
1.347712 0.715421 1.491628 1
1.383899 0.684038 1.537383 1
1.381557 0.663156 1.534702 1
1.390630 0.639697 1.546345 1
1.368473 0.623127 1.518746 1
1.362173 0.602848 1.511049 1
1.362212 0.581297 1.511296 1
1.360417 0.560095 1.509225 1
1.367066 0.537643 1.517736 1
1.384031 0.514084 1.539179 1
1.363300 0.495454 1.513288 1
1.333934 0.477081 1.476546 1
1.402352 0.449527 1.562511 1
1.348930 0.432571 1.495550 1
1.394178 0.408657 1.552396 1
1.339335 0.390013 1.483624 1
1.355449 0.368047 1.503878 1
1.357766 0.346691 1.506802 1
1.345549 0.325297 1.491472 1
1.368261 0.304331 1.519955 1
1.360551 0.282887 1.510247 1
1.382586 0.262799 1.537849 1
1.355894 0.239995 1.504288 1
1.374569 0.220197 1.527643 1
1.363267 0.197945 1.513361 1
1.365713 0.176907 1.516316 1
1.379744 0.157435 1.533797 1
1.356409 0.132873 1.504358 1
1.358571 0.111687 1.506906 1
1.344210 0.087580 1.488694 1
1.377678 0.072238 1.530520 1
1.364461 0.048115 1.513707 1
1.387983 0.031789 1.543020 1
1.362639 0.004369 1.510937 1
1.373594 -0.014602 1.524435 1
1.351935 -0.042188 1.496935 1
1.369986 -0.059085 1.519318 1
1.369447 -0.081148 1.518323 1
1.362763 -0.105287 1.509582 1
1.355707 -0.129859 1.500353 1
1.382149 -0.142935 1.533238 1
1.381322 -0.165322 1.531810 1
1.389252 -0.184467 1.541384 1
1.340207 -0.226364 1.479226 1
1.373390 -0.235589 1.520550 1
1.364358 -0.262205 1.508709 1
1.374952 -0.280386 1.521568 1
1.344571 -0.317546 1.482778 1
1.373788 -0.326941 1.519074 1
1.379691 -0.347207 1.525972 1
1.384636 -0.367922 1.531647 1
1.379963 -0.393788 1.525169 1
1.377074 -0.418993 1.520918 1
1.373225 -0.445018 1.515430 1
1.385514 -0.461848 1.530302 1
1.372017 -0.494081 1.512578 1
1.358121 -0.527237 1.494316 1
1.366530 -0.546754 1.504222 1
1.378741 -0.563661 1.518926 1
1.377132 -0.589727 1.516125 1
1.372983 -0.617849 1.510082 1
1.385375 -0.634501 1.524966 1
1.374588 -0.667976 1.510457 1
1.367783 -0.699104 1.500960 1
1.370094 -0.723696 1.502994 1
1.364671 -0.754601 1.495185 1
1.359534 -0.785763 1.487704 1
1.357875 -0.814521 1.484607 1
1.358659 1.495998 1.529140 1
1.371022 1.458670 1.545224 1
1.365400 1.436514 1.539001 1
1.361436 1.413122 1.534816 1
1.384944 1.368896 1.564604 1
1.349912 1.369352 1.521945 1
1.349579 1.343588 1.522200 1
1.368073 1.304756 1.545703 1
1.387896 1.265923 1.570812 1
1.371391 1.252370 1.551020 1
1.367099 1.230474 1.546302 1
1.358223 1.211538 1.535911 1
1.376162 1.175968 1.558593 1
1.382044 1.148440 1.566373 1
1.374418 1.129153 1.557476 1
1.362481 1.112209 1.543254 1
1.390020 1.073455 1.577669 1
1.381735 1.054774 1.567917 1
1.356937 1.044431 1.537814 1
1.373737 1.012791 1.558934 1
1.378735 0.987515 1.565498 1
1.373062 0.967479 1.558910 1
1.369993 0.946230 1.555516 1
1.389368 0.915379 1.579718 1
1.368207 0.902019 1.554040 1
1.351451 0.886342 1.533774 1
1.390231 0.849118 1.581779 1
1.370294 0.834637 1.557577 1
1.368723 0.813226 1.555943 1
1.370257 0.790832 1.558109 1
1.381367 0.765553 1.572027 1
1.377256 0.745287 1.567229 1
1.368320 0.726350 1.556493 1
1.353979 0.708665 1.539108 1
1.370762 0.682722 1.559933 1
1.362011 0.663443 1.549389 1
1.363547 0.641673 1.551464 1
1.369941 0.619009 1.559489 1
1.366102 0.598556 1.554939 1
1.348933 0.580379 1.534018 1
1.355095 0.557982 1.541718 1
1.378575 0.533308 1.570656 1
1.361333 0.514673 1.549610 1
1.359544 0.493779 1.547515 1
1.378050 0.470851 1.570306 1
1.371286 0.450632 1.562082 1
1.349365 0.431268 1.535251 1
1.359614 0.409541 1.547875 1
1.365469 0.388308 1.555094 1
1.369329 0.367309 1.559854 1
1.383514 0.346355 1.577266 1
1.362997 0.325571 1.552099 1
1.365035 0.304675 1.554586 1
1.368216 0.283878 1.558463 1
1.372519 0.263228 1.563705 1
1.364331 0.241839 1.553611 1
1.374086 0.221684 1.565517 1
1.380665 0.201490 1.573514 1
1.360730 0.178439 1.548970 1
1.358253 0.157010 1.545831 1
1.367880 0.137224 1.557532 1
1.353433 0.113834 1.539679 1
1.354387 0.092661 1.540712 1
1.363862 0.073098 1.552190 1
1.358253 0.050658 1.545141 1
1.352899 0.028043 1.538393 1
1.365027 0.009356 1.553093 1
1.385328 -0.006950 1.577819 1
1.367042 -0.033069 1.555151 1
1.370621 -0.053613 1.559318 1
1.366312 -0.076493 1.553785 1
1.366806 -0.098076 1.554137 1
1.355328 -0.123709 1.539764 1
1.381743 -0.136611 1.571944 1
1.364900 -0.164519 1.550948 1
1.354897 -0.190473 1.538338 1
1.371881 -0.206160 1.558896 1
1.368516 -0.229809 1.554420 1
1.361222 -0.255375 1.545094 1
1.393888 -0.263500 1.584918 1
1.382571 -0.291002 1.570613 1
1.356560 -0.326050 1.538200 1
1.357470 -0.348770 1.538903 1
1.366461 -0.367469 1.549545 1
1.373678 -0.386957 1.557990 1
1.352591 -0.421826 1.531546 1
1.370754 -0.435464 1.553451 1
1.354836 -0.468449 1.533331 1
1.370523 -0.483254 1.552163 1
1.367150 -0.509438 1.547475 1
1.372976 -0.530105 1.554118 1
1.375678 -0.552801 1.556893 1
1.345065 -0.597922 1.518508 1
1.371341 -0.605232 1.550360 1
1.375424 -0.627481 1.554789 1
1.355984 -0.666863 1.530119 1
1.356202 -0.692593 1.529725 1
1.378720 -0.701561 1.556903 1
1.359361 -0.742662 1.532247 1
1.368905 -0.761625 1.543342 1
1.364723 -0.791755 1.537420 1
1.376295 -0.809101 1.550999 1
1.349913 1.486129 1.561775 1
1.358432 1.452375 1.572600 1
1.335697 1.443892 1.545667 1
1.343825 1.411042 1.555988 1
1.343531 1.385089 1.556126 1
1.351601 1.353247 1.566340 1
1.352934 1.326761 1.568410 1
1.352368 1.301880 1.568175 1
1.346985 1.280472 1.562121 1
1.338319 1.261257 1.552101 1
1.340668 1.234868 1.555343 1
1.346119 1.206829 1.562309 1
1.338196 1.187303 1.553152 1
1.352347 1.154664 1.570565 1
1.355448 1.129029 1.574656 1
1.362878 1.101269 1.583943 1
1.365565 1.076486 1.587509 1
1.342554 1.065372 1.560149 1
1.370938 1.027670 1.594602 1
1.357866 1.011326 1.579181 1
1.364725 0.985280 1.587717 1
1.336677 0.975511 1.554277 1
1.354638 0.944736 1.576136 1
1.342995 0.927206 1.562403 1
1.369692 0.893810 1.594730 1
1.336839 0.884683 1.555497 1
1.356143 0.855048 1.578915 1
1.332223 0.841666 1.550404 1
1.341779 0.816130 1.562091 1
1.353943 0.790139 1.576897 1
1.352142 0.768981 1.574923 1
1.332851 0.753039 1.551943 1
1.365194 0.722075 1.590938 1
1.336042 0.708514 1.556107 1
1.338423 0.686244 1.559118 1
1.346471 0.662787 1.568918 1
1.336288 0.643639 1.556833 1
1.340363 0.621333 1.561847 1
1.345314 0.599043 1.567902 1
1.350568 0.576902 1.574311 1
1.350932 0.555743 1.574843 1
1.343135 0.535805 1.565577 1
1.350832 0.513688 1.574890 1
1.344614 0.493409 1.567501 1
1.369209 0.469961 1.597062 1
1.359156 0.450145 1.585056 1
1.367014 0.428837 1.594524 1
1.344930 0.409358 1.568072 1
1.346824 0.388329 1.570371 1
1.325029 0.367901 1.544249 1
1.357182 0.346419 1.582819 1
1.324757 0.325420 1.543931 1
1.341692 0.304557 1.564232 1
1.351867 0.283942 1.576419 1
1.340512 0.262492 1.562774 1
1.363452 0.243004 1.590252 1
1.350853 0.221251 1.575098 1
1.347905 0.200039 1.571510 1
1.345461 0.178769 1.568517 1
1.354915 0.158916 1.579788 1
1.338848 0.135663 1.560436 1
1.319562 0.111375 1.537212 1
1.355437 0.096024 1.580152 1
1.330659 0.070275 1.550319 1
1.330407 0.048718 1.549900 1
1.332528 0.027618 1.552320 1
1.336335 0.006917 1.556755 1
1.339985 -0.013771 1.560992 1
1.347375 -0.033424 1.569709 1
1.346455 -0.055257 1.568445 1
1.359483 -0.073061 1.583915 1
1.356278 -0.095608 1.579889 1
1.375119 -0.111117 1.602323 1
1.326073 -0.149443 1.543230 1
1.343133 -0.165664 1.563507 1
1.359315 -0.181776 1.582726 1
1.361135 -0.203097 1.584686 1
1.341566 -0.233181 1.560936 1
1.370725 -0.243385 1.595727 1
1.363052 -0.268956 1.586249 1
1.344858 -0.299700 1.564111 1
1.348805 -0.320717 1.568575 1
1.337638 -0.349131 1.554856 1
1.321255 -0.380698 1.534846 1
1.351088 -0.388835 1.570414 1
1.335183 -0.420778 1.550954 1
1.351072 -0.435750 1.569735 1
1.353125 -0.458278 1.571859 1
1.361728 -0.477046 1.581858 1
1.359001 -0.502581 1.578206 1
1.339646 -0.538792 1.554512 1
1.349150 -0.557336 1.565563 1
1.359145 -0.575422 1.577198 1
1.344289 -0.610218 1.558871 1
1.332471 -0.643652 1.544186 1
1.347426 -0.658615 1.561767 1
1.359653 -0.675264 1.576054 1
1.372848 -0.690974 1.591503 1
1.359527 -0.726864 1.574941 1
1.339587 -0.768739 1.550364 1
1.337771 -0.796994 1.547646 1
1.351672 -0.812591 1.563900 1
1.306062 1.505191 1.552313 1
1.322942 1.464515 1.572514 1
1.317120 1.442412 1.565968 1
1.320739 1.413187 1.570530 1
1.335981 1.375743 1.588760 1
1.313068 1.366671 1.562079 1
1.325798 1.331897 1.577333 1
1.326688 1.305941 1.578646 1
1.320656 1.284869 1.571809 1
1.308223 1.267966 1.557439 1
1.320819 1.234977 1.572496 1
1.307021 1.218894 1.556510 1
1.300185 1.198360 1.548705 1
1.299726 1.174069 1.548391 1
1.316321 1.140308 1.568110 1
1.303936 1.123171 1.553765 1
1.336078 1.082116 1.591732 1
1.326629 1.063712 1.580822 1
1.307101 1.050176 1.558070 1
1.326604 1.017327 1.581158 1
1.298312 1.007528 1.548105 1
1.325630 0.971938 1.580354 1
1.326525 0.948821 1.581565 1
1.312730 0.931995 1.565523 1
1.324783 0.904465 1.579822 1
1.301535 0.891059 1.552674 1
1.312539 0.864350 1.565728 1
1.316740 0.840505 1.570790 1
1.319390 0.817419 1.574024 1
1.323793 0.793944 1.579309 1
1.329223 0.770381 1.585794 1
1.313433 0.753280 1.567373 1
1.307445 0.733058 1.560450 1
1.314272 0.709375 1.568555 1
1.307621 0.689298 1.560844 1
1.293851 0.670736 1.544775 1
1.322212 0.642705 1.578124 1
1.313864 0.622980 1.568405 1
1.337247 0.597150 1.595901 1
1.324803 0.578208 1.581367 1
1.311993 0.558995 1.566401 1
1.298979 0.539471 1.551191 1
1.328499 0.514225 1.585858 1
1.322739 0.493824 1.579144 1
1.321778 0.472818 1.578054 1
1.316251 0.452182 1.571604 1
1.307843 0.431597 1.561770 1
1.317417 0.409846 1.573018 1
1.316842 0.388770 1.572359 1
1.317477 0.367660 1.573115 1
1.325465 0.346521 1.582486 1
1.318837 0.325512 1.574714 1
1.306242 0.304172 1.559940 1
1.320746 0.283456 1.576937 1
1.302025 0.261437 1.554968 1
1.327616 0.241805 1.584957 1
1.285825 0.217417 1.535924 1
1.305486 0.197692 1.558949 1
1.296223 0.175305 1.548049 1
1.302522 0.154576 1.555393 1
1.307397 0.133800 1.561063 1
1.283815 0.108686 1.533353 1
1.303849 0.090287 1.556791 1
1.298696 0.067753 1.550684 1
1.306081 0.047535 1.559276 1
1.303400 0.025307 1.556058 1
1.300157 0.002806 1.552173 1
1.318775 -0.014464 1.573928 1
1.314931 -0.037120 1.569328 1
1.315981 -0.058610 1.570464 1
1.309681 -0.082296 1.562970 1
1.321621 -0.100640 1.576873 1
1.300341 -0.129448 1.551789 1
1.311370 -0.148056 1.564611 1
1.287967 -0.178626 1.537020 1
1.324876 -0.187700 1.580208 1
1.336840 -0.205350 1.594116 1
1.313748 -0.236817 1.566867 1
1.339355 -0.248791 1.596782 1
1.346896 -0.267904 1.605484 1
1.307471 -0.308024 1.559030 1
1.311324 -0.329383 1.563386 1
1.302196 -0.357015 1.552491 1
1.312627 -0.375339 1.564561 1
1.307471 -0.401498 1.558317 1
1.323461 -0.416742 1.576907 1
1.292454 -0.457385 1.540273 1
1.298496 -0.478299 1.547162 1
1.298678 -0.502597 1.547158 1
1.310180 -0.520290 1.560454 1
1.334018 -0.530173 1.588250 1
1.316973 -0.565332 1.567973 1
1.305752 -0.597493 1.554533 1
1.309736 -0.620090 1.558965 1
1.315616 -0.641461 1.565622 1
1.311993 -0.669541 1.561090 1
1.331616 -0.681187 1.583904 1
1.285344 -0.741173 1.529164 1
1.301561 -0.755666 1.547955 1
1.312416 -0.773989 1.560430 1
1.326459 -0.789632 1.576655 1
1.329075 -0.814338 1.579418 1
1.288344 1.475617 1.574329 1
1.289830 1.447661 1.576138 1
1.277325 1.430494 1.561881 1
1.310790 1.379549 1.600397 1
1.278111 1.377177 1.562975 1
1.290053 1.342876 1.576776 1
1.279001 1.324795 1.564178 1
1.277569 1.300202 1.562620 1
1.276033 1.275841 1.560941 1
1.289663 1.242154 1.576666 1
1.294586 1.214426 1.582394 1
1.292595 1.191142 1.580185 1
1.278486 1.174933 1.564068 1
1.287312 1.145644 1.574267 1
1.288308 1.121057 1.575478 1
1.276664 1.103297 1.562185 1
1.265304 1.085172 1.549215 1
1.272448 1.057729 1.557475 1
1.303597 1.019245 1.593271 1
1.286092 1.004273 1.573247 1
1.291957 0.978505 1.580030 1
1.293825 0.954765 1.582226 1
1.260604 0.945673 1.544170 1
1.320592 0.898697 1.613030 1
1.254205 0.901853 1.536927 1
1.291498 0.865167 1.579749 1
1.286158 0.844661 1.573668 1
1.285149 0.822642 1.572552 1
1.273968 0.803935 1.559768 1
1.283245 0.778757 1.570445 1
1.275397 0.758895 1.561480 1
1.308510 0.727665 1.599489 1
1.288024 0.711373 1.576027 1
1.281970 0.691021 1.569114 1
1.263482 0.673397 1.547941 1
1.254342 0.653287 1.537486 1
1.284838 0.625088 1.572483 1
1.269828 0.606218 1.555293 1
1.259527 0.586158 1.543502 1
1.296706 0.558519 1.586154 1
1.291256 0.537964 1.579922 1
1.260875 0.520396 1.545100 1
1.288328 0.495607 1.576594 1
1.272166 0.475811 1.558073 1
1.261280 0.455140 1.545601 1
1.270528 0.432846 1.556215 1
1.271487 0.411266 1.557322 1
1.280489 0.389434 1.567648 1
1.285217 0.367969 1.573074 1
1.264053 0.346838 1.548808 1
1.297672 0.325490 1.587356 1
1.282401 0.304051 1.569844 1
1.274876 0.282443 1.561212 1
1.291252 0.261829 1.579985 1
1.274656 0.239508 1.560948 1
1.279015 0.218371 1.565938 1
1.271382 0.196197 1.557175 1
1.286398 0.176263 1.574381 1
1.264179 0.152098 1.548889 1
1.269768 0.131122 1.555281 1
1.279362 0.110889 1.566265 1
1.279412 0.089284 1.566304 1
1.286860 0.068995 1.574824 1
1.268807 0.043808 1.554099 1
1.279426 0.024154 1.566251 1
1.289690 0.004676 1.577996 1
1.263678 -0.023394 1.548136 1
1.267820 -0.044516 1.552857 1
1.281123 -0.063079 1.568081 1
1.281564 -0.085031 1.568552 1
1.264673 -0.112322 1.549145 1
1.286341 -0.127902 1.573958 1
1.275785 -0.153693 1.561812 1
1.296244 -0.169049 1.585236 1
1.268580 -0.201460 1.553462 1
1.290625 -0.215896 1.578703 1
1.311679 -0.230150 1.602805 1
1.280695 -0.265309 1.567215 1
1.295884 -0.281801 1.584588 1
1.279068 -0.312144 1.565244 1
1.264148 -0.342281 1.548072 1
1.288669 -0.354266 1.576144 1
1.265793 -0.388921 1.549840 1
1.268897 -0.411264 1.553338 1
1.259988 -0.439962 1.543052 1
1.289740 -0.448200 1.577121 1
1.283246 -0.475830 1.569601 1
1.251458 -0.518371 1.533052 1
1.303952 -0.512348 1.593217 1
1.294411 -0.542450 1.582194 1
1.298792 -0.564367 1.587143 1
1.286227 -0.597212 1.572642 1
1.259866 -0.639796 1.542302 1
1.277430 -0.653777 1.562375 1
1.294556 -0.667667 1.581945 1
1.291450 -0.695591 1.578288 1
1.290383 -0.722373 1.576970 1
1.276688 -0.758889 1.561150 1
1.279066 -0.783833 1.563779 1
1.277144 -0.812330 1.561469 1
1.256719 1.484105 1.580275 1
1.234129 1.474248 1.554877 1
1.255183 1.431620 1.578355 1
1.229801 1.423444 1.549832 1
1.225423 1.399854 1.544833 1
1.248351 1.357638 1.570421 1
1.247667 1.332215 1.569567 1
1.236737 1.313653 1.557237 1
1.249263 1.280069 1.571185 1
1.229785 1.266848 1.549284 1
1.253213 1.227436 1.575451 1
1.236953 1.212138 1.557158 1
1.231300 1.190476 1.550750 1
1.237271 1.162411 1.557369 1
1.261265 1.125093 1.584186 1
1.235329 1.114562 1.555057 1
1.239258 1.088375 1.559395 1
1.230632 1.068563 1.549666 1
1.259682 1.030932 1.582161 1
1.246695 1.013437 1.567549 1
1.234715 0.995227 1.554067 1
1.235921 0.971203 1.555365 1
1.233399 0.948859 1.552485 1
1.246752 0.920342 1.567403 1
1.232021 0.902914 1.550843 1
1.242712 0.875972 1.562781 1
1.248484 0.851162 1.569208 1
1.259662 0.824840 1.581698 1
1.248796 0.805900 1.569478 1
1.266162 0.778248 1.588908 1
1.262317 0.757251 1.584563 1
1.249322 0.738691 1.569960 1
1.262057 0.713250 1.584206 1
1.257204 0.692488 1.578736 1
1.264518 0.668903 1.586908 1
1.232797 0.653831 1.551317 1
1.242189 0.629817 1.561822 1
1.243607 0.607580 1.563390 1
1.245201 0.585407 1.565155 1
1.257412 0.561710 1.578828 1
1.239910 0.542502 1.559187 1
1.237243 0.520996 1.556180 1
1.233035 0.499613 1.551448 1
1.267580 0.474493 1.590171 1
1.258692 0.453857 1.580195 1
1.231123 0.434201 1.549273 1
1.245283 0.411652 1.565143 1
1.236835 0.390344 1.555665 1
1.220411 0.368975 1.537246 1
1.268689 0.346669 1.591378 1
1.260607 0.325354 1.582316 1
1.226625 0.303242 1.544214 1
1.238768 0.281807 1.557833 1
1.249486 0.260643 1.569856 1
1.265006 0.240086 1.587266 1
1.240519 0.216779 1.559817 1
1.221144 0.193221 1.538103 1
1.232439 0.172404 1.550779 1
1.235895 0.150920 1.554669 1
1.253759 0.131487 1.574715 1
1.245827 0.108608 1.565839 1
1.263028 0.089650 1.585144 1
1.252311 0.066082 1.573148 1
1.234037 0.040666 1.552682 1
1.263003 0.024622 1.585184 1
1.221251 -0.006586 1.538399 1
1.253956 -0.021187 1.575094 1
1.230901 -0.049122 1.549276 1
1.249242 -0.066630 1.569871 1
1.259153 -0.086071 1.581016 1
1.249507 -0.111165 1.570238 1
1.229706 -0.139836 1.548077 1
1.265237 -0.150917 1.587947 1
1.250351 -0.178435 1.571301 1
1.243781 -0.203505 1.563980 1
1.226625 -0.232861 1.544795 1
1.280923 -0.234884 1.605705 1
1.250093 -0.269984 1.571197 1
1.252481 -0.292125 1.573925 1
1.260677 -0.311772 1.583165 1
1.247726 -0.340887 1.568704 1
1.243537 -0.366431 1.564068 1
1.259108 -0.382656 1.581578 1
1.256149 -0.407823 1.578323 1
1.237969 -0.441114 1.558015 1
1.268204 -0.449307 1.591961 1
1.224473 -0.497369 1.543029 1
1.235373 -0.516086 1.555314 1
1.251517 -0.531563 1.573476 1
1.238151 -0.564387 1.558577 1
1.241805 -0.587355 1.562750 1
1.227209 -0.621959 1.546480 1
1.267903 -0.621295 1.592149 1
1.246116 -0.661169 1.567830 1
1.232591 -0.696354 1.552769 1
1.258977 -0.704195 1.582413 1
1.253712 -0.734139 1.576611 1
1.235251 -0.774251 1.556033 1
1.241511 -0.796585 1.563143 1
1.252222 -0.815505 1.575240 1
1.212205 1.474913 1.572452 1
1.209664 1.449733 1.569379 1
1.210019 1.422653 1.569477 1
1.215336 1.392385 1.575007 1
1.216986 1.365011 1.576537 1
1.209377 1.344016 1.567956 1
1.208798 1.318466 1.567066 1
1.198327 1.299288 1.555366 1
1.215154 1.263357 1.573525 1
1.212250 1.239856 1.570114 1
1.200171 1.221725 1.556674 1
1.191801 1.201310 1.547294 1
1.192720 1.175756 1.548084 1
1.191963 1.151286 1.547048 1
1.212545 1.116055 1.569373 1
1.208400 1.093876 1.564643 1
1.208267 1.069794 1.564311 1
1.222613 1.039142 1.579839 1
1.204248 1.023730 1.559559 1
1.217233 0.994324 1.573611 1
1.220256 0.969604 1.576761 1
1.184935 0.960501 1.537922 1
1.233778 0.917913 1.591274 1
1.198878 0.908015 1.552902 1
1.213065 0.879686 1.568308 1
1.219014 0.854698 1.574696 1
1.217651 0.832372 1.573079 1
1.200931 0.814878 1.554641 1
1.204356 0.791006 1.558280 1
1.203205 0.768609 1.556912 1
1.216226 0.742477 1.571082 1
1.210584 0.721509 1.564802 1
1.200003 0.701620 1.553114 1
1.215850 0.675599 1.570401 1
1.221232 0.652283 1.576221 1
1.213542 0.631714 1.567718 1
1.228910 0.606842 1.584498 1
1.220925 0.586314 1.575681 1
1.216688 0.565037 1.570979 1
1.190405 0.546677 1.542109 1
1.219194 0.520902 1.573629 1
1.206394 0.500448 1.559552 1
1.202081 0.478867 1.554785 1
1.206561 0.456499 1.559667 1
1.241843 0.432300 1.598330 1
1.237930 0.411087 1.594019 1
1.233864 0.389780 1.589545 1
1.204614 0.368907 1.557459 1
1.233893 0.346787 1.589561 1
1.196515 0.325028 1.548572 1
1.222521 0.303558 1.577096 1
1.212504 0.281539 1.566121 1
1.209719 0.259585 1.563083 1
1.213277 0.237946 1.567006 1
1.173731 0.213004 1.523667 1
1.229600 0.195771 1.584961 1
1.228722 0.174029 1.584035 1
1.218852 0.151139 1.573253 1
1.212069 0.128351 1.565862 1
1.215679 0.106894 1.569872 1
1.219228 0.085489 1.573821 1
1.201789 0.060378 1.554764 1
1.217699 0.041174 1.572276 1
1.194487 0.014228 1.546903 1
1.223639 -0.001781 1.578938 1
1.223252 -0.024017 1.578598 1
1.218622 -0.047401 1.573612 1
1.232339 -0.066095 1.588742 1
1.205986 -0.095744 1.559960 1
1.217562 -0.115010 1.572752 1
1.227086 -0.134656 1.583301 1
1.223016 -0.158540 1.578958 1
1.215014 -0.183981 1.570314 1
1.226032 -0.202985 1.582515 1
1.209414 -0.232021 1.564444 1
1.229734 -0.247394 1.586844 1
1.217366 -0.275391 1.573444 1
1.200199 -0.305886 1.554795 1
1.195990 -0.331429 1.550348 1
1.202473 -0.352443 1.557614 1
1.198638 -0.378174 1.553589 1
1.210904 -0.396449 1.567198 1
1.202291 -0.424818 1.557956 1
1.223292 -0.438483 1.581135 1
1.202050 -0.473890 1.558087 1
1.212488 -0.492942 1.569716 1
1.232702 -0.506360 1.592044 1
1.204809 -0.546975 1.561747 1
1.242967 -0.549595 1.603712 1
1.214773 -0.591507 1.573108 1
1.208950 -0.620567 1.566981 1
1.201085 -0.651334 1.558633 1
1.220730 -0.664454 1.580367 1
1.222846 -0.688968 1.582943 1
1.222398 -0.715409 1.582723 1
1.209752 -0.750761 1.569185 1
1.204804 -0.781189 1.564070 1
1.200986 -0.811197 1.560199 1
1.178952 1.483887 1.578021 1
1.158480 1.471418 1.555711 1
1.170228 1.435902 1.567749 1
1.177026 1.404411 1.574530 1
1.163396 1.387003 1.559539 1
1.151504 1.368227 1.546408 1
1.183747 1.321317 1.580383 1
1.158803 1.310957 1.553345 1
1.179262 1.272717 1.574783 1
1.171806 1.251643 1.566432 1
1.171184 1.226632 1.565389 1
1.171428 1.201304 1.565283 1
1.167549 1.178366 1.560783 1
1.178492 1.147765 1.572135 1
1.189821 1.117476 1.583916 1
1.189471 1.093403 1.583225 1
1.163348 1.081660 1.554982 1
1.184907 1.047432 1.577742 1
1.182585 1.024567 1.574972 1
1.175384 1.003846 1.566992 1
1.142674 0.993537 1.531720 1
1.167503 0.959538 1.558034 1
1.153988 0.941039 1.543319 1
1.181441 0.907228 1.572473 1
1.170783 0.887748 1.560835 1
1.162194 0.867357 1.551421 1
1.156691 0.845817 1.545318 1
1.186170 0.813456 1.576697 1
1.192320 0.788877 1.583100 1
1.166200 0.773536 1.554939 1
1.193018 0.743562 1.583506 1
1.179142 0.724575 1.568478 1
1.171736 0.703739 1.560392 1
1.175362 0.680328 1.564138 1
1.165804 0.659795 1.553761 1
1.141959 0.641781 1.528076 1
1.172712 0.613469 1.560929 1
1.174052 0.590876 1.562261 1
1.177312 0.568080 1.565661 1
1.200334 0.542765 1.590259 1
1.176005 0.523829 1.564095 1
1.185194 0.500684 1.573879 1
1.185163 0.478676 1.573785 1
1.189241 0.456373 1.578107 1
1.185160 0.434724 1.573688 1
1.172815 0.413386 1.560415 1
1.178031 0.391094 1.565982 1
1.166545 0.369312 1.553647 1
1.185657 0.346996 1.574135 1
1.184367 0.325077 1.572752 1
1.175431 0.302958 1.563177 1
1.166482 0.280581 1.553596 1
1.164325 0.258277 1.551309 1
1.163101 0.235957 1.550031 1
1.191462 0.215882 1.580489 1
1.169698 0.191987 1.557202 1
1.178351 0.170673 1.566541 1
1.203761 0.151587 1.593857 1
1.179539 0.126524 1.567962 1
1.179216 0.104284 1.567702 1
1.172505 0.080955 1.560603 1
1.174111 0.058860 1.562429 1
1.175716 0.036762 1.564263 1
1.200601 0.019446 1.591060 1
1.172059 -0.008973 1.560597 1
1.177739 -0.030249 1.566826 1
1.169241 -0.054959 1.557869 1
1.178070 -0.075419 1.567489 1
1.180008 -0.097614 1.569733 1
1.176635 -0.121386 1.566297 1
1.188314 -0.140715 1.578994 1
1.147435 -0.176716 1.535405 1
1.192307 -0.185131 1.583669 1
1.165544 -0.217509 1.555226 1
1.159475 -0.243199 1.548955 1
1.166528 -0.264172 1.556743 1
1.179227 -0.282806 1.570583 1
1.164543 -0.312450 1.555123 1
1.182719 -0.328632 1.574840 1
1.185210 -0.351324 1.577781 1
1.170700 -0.381851 1.562546 1
1.186264 -0.398737 1.579489 1
1.200432 -0.415966 1.594945 1
1.181923 -0.449377 1.575473 1
1.175590 -0.477192 1.569034 1
1.164289 -0.508031 1.557299 1
1.171699 -0.529072 1.565572 1
1.190231 -0.543734 1.585734 1
1.196114 -0.565364 1.592390 1
1.175316 -0.603004 1.570569 1
1.163907 -0.635727 1.558793 1
1.162875 -0.662455 1.558109 1
1.198598 -0.665533 1.596652 1
1.155247 -0.720355 1.550847 1
1.154588 -0.747672 1.550604 1
1.166155 -0.766674 1.563407 1
1.174820 -0.787601 1.573125 1
1.157002 -0.827951 1.554636 1
1.149795 1.489639 1.588509 1
1.132353 1.474759 1.569691 1
1.136739 1.444431 1.573579 1
1.123186 1.426589 1.558825 1
1.124245 1.398905 1.559289 1
1.136566 1.364252 1.571499 1
1.123777 1.345913 1.557581 1
1.125947 1.318255 1.559258 1
1.132935 1.288010 1.565977 1
1.131764 1.262887 1.564210 1
1.130203 1.238129 1.562052 1
1.146227 1.203921 1.578257 1
1.162251 1.170390 1.594489 1
1.130812 1.161891 1.561196 1
1.122205 1.141205 1.551744 1
1.152254 1.101760 1.582680 1
1.124196 1.090527 1.552937 1
1.147305 1.055460 1.576667 1
1.174038 1.019649 1.604213 1
1.138431 1.011059 1.566606 1
1.158877 0.978732 1.587615 1
1.157775 0.955578 1.586109 1
1.150441 0.934853 1.578097 1
1.103191 0.928475 1.528326 1
1.166236 0.882499 1.593988 1
1.125942 0.872857 1.551511 1
1.131286 0.847616 1.556815 1
1.144153 0.820339 1.570013 1
1.135936 0.799619 1.561147 1
1.144802 0.774052 1.570184 1
1.146548 0.750673 1.571779 1
1.135755 0.730502 1.560250 1
1.127584 0.709484 1.551478 1
1.142633 0.683252 1.567051 1
1.140177 0.661066 1.564294 1
1.137381 0.638932 1.561192 1
1.134686 0.616755 1.558208 1
1.141508 0.593021 1.565214 1
1.158132 0.568085 1.582511 1
1.134453 0.549006 1.557561 1
1.126673 0.527413 1.549293 1
1.128470 0.504632 1.551080 1
1.152977 0.479872 1.576697 1
1.144756 0.458332 1.568003 1
1.123859 0.437379 1.546025 1
1.158618 0.413146 1.582435 1
1.162611 0.390967 1.586587 1
1.146189 0.369336 1.569337 1
1.148002 0.347126 1.571227 1
1.157500 0.325022 1.581190 1
1.152372 0.302875 1.575823 1
1.150640 0.280698 1.574030 1
1.149916 0.258511 1.573306 1
1.174929 0.237906 1.599590 1
1.122994 0.212081 1.545179 1
1.135839 0.190656 1.558723 1
1.147530 0.169445 1.571069 1
1.132280 0.145335 1.555172 1
1.129584 0.122430 1.552455 1
1.141086 0.101495 1.564637 1
1.138009 0.078498 1.561545 1
1.140470 0.056338 1.564271 1
1.174270 0.040124 1.599861 1
1.125310 0.007994 1.548711 1
1.172704 -0.004631 1.598567 1
1.151074 -0.031960 1.576093 1
1.135050 -0.058593 1.559511 1
1.141067 -0.080017 1.566038 1
1.161149 -0.097480 1.587308 1
1.154849 -0.122069 1.580954 1
1.123052 -0.154663 1.547916 1
1.153679 -0.168410 1.580261 1
1.159999 -0.189444 1.587162 1
1.149252 -0.216317 1.576212 1
1.156903 -0.236945 1.584532 1
1.133826 -0.269033 1.560714 1
1.134653 -0.292552 1.561924 1
1.148085 -0.311039 1.576329 1
1.121825 -0.345979 1.549243 1
1.151123 -0.357574 1.580259 1
1.140222 -0.386578 1.569266 1
1.132995 -0.414335 1.562131 1
1.152343 -0.429635 1.582773 1
1.140083 -0.460222 1.570413 1
1.128273 -0.491112 1.558547 1
1.141060 -0.509518 1.572373 1
1.140413 -0.535006 1.572191 1
1.110896 -0.576870 1.541914 1
1.134157 -0.589425 1.566705 1
1.110811 -0.629039 1.542915 1
1.118379 -0.650780 1.551371 1
1.135434 -0.666545 1.569723 1
1.137030 -0.691873 1.571983 1
1.137233 -0.718276 1.572808 1
1.139599 -0.743432 1.575904 1
1.145138 -0.766540 1.582316 1
1.133813 -0.801642 1.571209 1
1.135507 -0.827925 1.573661 1
0.263200 2.109219 0.730185 2
1.092807 1.487382 1.570334 1
1.111192 1.447303 1.588128 1
1.086600 1.436684 1.562328 1
1.104865 1.397645 1.580064 1
1.087500 1.381977 1.561631 1
1.084422 1.357143 1.557730 1
1.090950 1.326640 1.563621 1
1.080078 1.306721 1.551832 1
1.110066 1.263393 1.581657 1
1.094574 1.246361 1.565206 1
1.095067 1.220424 1.565050 1
1.088455 1.198384 1.557673 1
1.103865 1.165141 1.572769 1
1.086269 1.148755 1.554227 1
1.090611 1.121535 1.558079 1
1.099293 1.092592 1.566383 1
1.084353 1.074592 1.550594 1
1.102088 1.042190 1.568187 1
1.105904 1.016244 1.571590 1
1.114730 0.988523 1.580134 1
1.082113 0.977216 1.546335 1
1.121488 0.938270 1.586150 1
1.097217 0.923346 1.560909 1
1.087512 0.902824 1.550574 1
1.103650 0.873629 1.566697 1
1.101700 0.850679 1.564331 1
1.117016 0.822588 1.579657 1
1.097851 0.804869 1.559701 1
1.095357 0.782162 1.556828 1
1.124485 0.751331 1.586359 1
1.100632 0.734272 1.561642 1
1.138394 0.702507 1.600065 1
1.124914 0.682877 1.586004 1
1.104587 0.664303 1.564938 1
1.105202 0.641305 1.565348 1
1.093494 0.620507 1.553142 1
1.083397 0.599174 1.542601 1
1.122173 0.570521 1.582188 1
1.103028 0.550578 1.562401 1
1.107331 0.527393 1.566674 1
1.116911 0.503813 1.576376 1
1.117309 0.481350 1.576677 1
1.109755 0.459525 1.568835 1
1.124245 0.436147 1.583622 1
1.128276 0.413689 1.587697 1
1.112376 0.392042 1.571339 1
1.098920 0.369916 1.557503 1
1.093666 0.347368 1.552098 1
1.112790 0.324846 1.571718 1
1.097787 0.302143 1.556341 1
1.115405 0.280144 1.574446 1
1.098035 0.256935 1.556673 1
1.116164 0.235434 1.575333 1
1.115896 0.213022 1.575134 1
1.111689 0.190228 1.570912 1
1.126915 0.169303 1.586637 1
1.121217 0.146317 1.580916 1
1.108254 0.122189 1.567760 1
1.118161 0.100980 1.578074 1
1.104911 0.076326 1.564660 1
1.097138 0.052205 1.556878 1
1.123934 0.034276 1.584550 1
1.092852 0.005422 1.552910 1
1.104258 -0.015232 1.564836 1
1.108616 -0.037241 1.569553 1
1.104811 -0.061175 1.565923 1
1.129656 -0.077919 1.591656 1
1.090825 -0.111310 1.552186 1
1.105310 -0.130656 1.567339 1
1.107515 -0.153355 1.569931 1
1.110958 -0.175688 1.573807 1
1.112911 -0.198503 1.576173 1
1.107205 -0.223985 1.570721 1
1.103066 -0.249172 1.566891 1
1.099159 -0.274499 1.563319 1
1.103210 -0.296972 1.567901 1
1.108204 -0.319062 1.573464 1
1.094551 -0.348889 1.559992 1
1.104846 -0.368919 1.571004 1
1.093888 -0.398255 1.560330 1
1.092445 -0.423668 1.559394 1
1.110654 -0.439904 1.578531 1
1.116566 -0.461779 1.585132 1
1.107624 -0.491153 1.576602 1
1.088917 -0.526061 1.558145 1
1.097418 -0.547078 1.567445 1
1.090561 -0.576500 1.561118 1
1.112055 -0.590179 1.583682 1
1.097026 -0.624725 1.569080 1
1.110049 -0.643081 1.583050 1
1.105552 -0.672024 1.579215 1
1.101609 -0.700963 1.575969 1
1.077937 -0.743051 1.552710 1
1.110396 -0.748756 1.586490 1
1.085597 -0.792689 1.562153 1
1.112616 -0.801450 1.590426 1
1.058764 1.495862 1.577359 1
1.073785 1.458074 1.591183 1
1.026642 1.461866 1.543461 1
1.042400 1.424023 1.558074 1
1.091537 1.366042 1.605845 1
1.068393 1.353863 1.581958 1
1.051114 1.337669 1.563896 1
1.071225 1.299529 1.582995 1
1.039291 1.291452 1.550401 1
1.043301 1.262923 1.553554 1
1.051280 1.232586 1.560685 1
1.052695 1.206048 1.561315 1
1.074199 1.169660 1.581979 1
1.072772 1.145212 1.579837 1
1.045432 1.133063 1.551888 1
1.068669 1.097201 1.574378 1
1.057189 1.077471 1.562275 1
1.076393 1.044465 1.580810 1
1.087951 1.015298 1.591748 1
1.053968 1.004657 1.557234 1
1.082167 0.969382 1.584842 1
1.076662 0.947431 1.578808 1
1.056895 0.930469 1.558535 1
1.061263 0.904862 1.562406 1
1.058746 0.881716 1.559415 1
1.068181 0.854883 1.568401 1
1.071621 0.830185 1.571414 1
1.058604 0.810314 1.557976 1
1.063218 0.785431 1.562205 1
1.041036 0.767564 1.539620 1
1.070912 0.736651 1.569194 1
1.088929 0.709323 1.586917 1
1.059569 0.692616 1.557193 1
1.070954 0.667071 1.568315 1
1.066428 0.644835 1.563511 1
1.091668 0.617442 1.588566 1
1.078157 0.596877 1.574793 1
1.071039 0.575069 1.567447 1
1.076045 0.551535 1.572278 1
1.077908 0.528539 1.573977 1
1.051544 0.508510 1.547380 1
1.079834 0.482951 1.575626 1
1.059715 0.461815 1.555328 1
1.071819 0.438177 1.567378 1
1.061411 0.415958 1.556860 1
1.074997 0.392653 1.570435 1
1.069579 0.370115 1.564961 1
1.065168 0.347428 1.560516 1
1.079625 0.324752 1.575023 1
1.050530 0.301578 1.545846 1
1.074579 0.279415 1.570015 1
1.096115 0.257777 1.591681 1
1.060115 0.233188 1.555635 1
1.065554 0.210705 1.561187 1
1.069149 0.188185 1.564907 1
1.071011 0.165561 1.566907 1
1.081204 0.143925 1.577283 1
1.085693 0.121797 1.581954 1
1.076479 0.097792 1.572902 1
1.055401 0.071632 1.551976 1
1.085173 0.053531 1.582055 1
1.069301 0.027778 1.566390 1
1.070546 0.004930 1.567905 1
1.090912 -0.013881 1.588601 1
1.060688 -0.043628 1.558623 1
1.065832 -0.065789 1.564106 1
1.060669 -0.090494 1.559283 1
1.099384 -0.103653 1.598416 1
1.074379 -0.133781 1.573766 1
1.053891 -0.163357 1.553670 1
1.066757 -0.183243 1.566977 1
1.054753 -0.210930 1.555421 1
1.060088 -0.233179 1.561231 1
1.068216 -0.254387 1.569852 1
1.058360 -0.282079 1.560518 1
1.067596 -0.302869 1.570285 1
1.049299 -0.334427 1.552571 1
1.053879 -0.357229 1.557732 1
1.068554 -0.375722 1.572987 1
1.061187 -0.403627 1.566264 1
1.065986 -0.426342 1.571702 1
1.063971 -0.452259 1.570369 1
1.057806 -0.480396 1.564925 1
1.052444 -0.508469 1.560311 1
1.066782 -0.526700 1.575339 1
1.048678 -0.561885 1.558096 1
1.055058 -0.584416 1.565247 1
1.025357 -0.627200 1.536550 1
1.043759 -0.643311 1.555704 1
1.060932 -0.659763 1.573646 1
1.055305 -0.689753 1.568967 1
1.074730 -0.704465 1.589173 1
1.048902 -0.747773 1.564520 1
1.051436 -0.773487 1.568028 1
1.061618 -0.794188 1.579136 1
1.039153 -0.837314 1.557952 1
0.140694 2.106305 0.731531 2
1.026280 1.475264 1.585304 1
1.006284 1.460688 1.564771 1
1.008519 1.431620 1.565757 1
1.013222 1.401314 1.569167 1
1.016837 1.372016 1.571563 1
1.018634 1.344094 1.572234 1
1.012319 1.321047 1.565069 1
1.012988 1.294115 1.564708 1
1.003816 1.272695 1.554820 1
1.002720 1.246933 1.552801 1
1.014427 1.214786 1.563259 1
0.991699 1.200177 1.540259 1
1.013253 1.163812 1.560368 1
1.032413 1.129351 1.578195 1
1.023585 1.108193 1.568800 1
1.034192 1.078453 1.578369 1
1.016204 1.061188 1.560089 1
1.045205 1.024438 1.587663 1
1.004297 1.016044 1.547057 1
1.025739 0.983053 1.567323 1
1.038093 0.954090 1.578754 1
1.002953 0.942165 1.543814 1
1.010634 0.915007 1.550730 1
1.044246 0.879848 1.583031 1
1.048146 0.854843 1.586317 1
1.016912 0.840321 1.555256 1
1.023424 0.814489 1.561143 1
1.030060 0.788886 1.567179 1
1.042605 0.762061 1.579028 1
1.046584 0.737687 1.582517 1
1.014238 0.721609 1.550447 1
1.011730 0.698448 1.547623 1
1.040023 0.669239 1.575008 1
1.033990 0.647121 1.568780 1
1.037424 0.623292 1.571855 1
1.027370 0.601698 1.561726 1
1.021429 0.579292 1.555652 1
1.039512 0.553689 1.573164 1
1.042647 0.530323 1.576038 1
1.037125 0.507949 1.570443 1
1.017293 0.486706 1.550828 1
1.049069 0.461133 1.581873 1
1.053676 0.438082 1.586284 1
1.037649 0.416144 1.570467 1
1.010390 0.394164 1.543649 1
1.038238 0.370349 1.570934 1
1.059768 0.347332 1.592042 1
1.048798 0.324676 1.581276 1
1.015015 0.301264 1.548143 1
1.034863 0.278741 1.567667 1
1.050406 0.256539 1.582987 1
1.020662 0.232001 1.553887 1
1.029291 0.209485 1.562466 1
1.063649 0.189432 1.596311 1
1.049105 0.165343 1.582196 1
1.028214 0.140106 1.561880 1
1.000591 0.113410 1.534988 1
1.046793 0.096382 1.580527 1
1.040828 0.072473 1.574923 1
1.048304 0.050626 1.582521 1
1.039005 0.025876 1.573696 1
1.046784 0.004169 1.581635 1
1.024816 -0.023621 1.560445 1
1.022103 -0.047770 1.558152 1
1.019786 -0.071963 1.556271 1
1.034583 -0.091993 1.571173 1
1.021583 -0.119050 1.558880 1
1.045449 -0.136266 1.582698 1
1.018416 -0.167799 1.556728 1
1.018009 -0.192005 1.556841 1
1.032159 -0.211644 1.571212 1
1.008893 -0.243509 1.549027 1
1.012266 -0.266832 1.552913 1
1.020167 -0.288520 1.561246 1
1.021110 -0.312718 1.562803 1
1.030178 -0.333819 1.572317 1
1.007921 -0.367505 1.551289 1
1.031918 -0.382494 1.575413 1
1.024151 -0.410742 1.568581 1
1.026923 -0.434608 1.572053 1
1.000408 -0.472143 1.547028 1
1.004839 -0.495765 1.552178 1
0.992062 -0.527916 1.540612 1
1.014565 -0.542634 1.563393 1
1.031255 -0.559885 1.580530 1
1.010951 -0.596763 1.561749 1
1.020317 -0.617966 1.571821 1
1.001565 -0.655099 1.554636 1
0.975025 -0.697559 1.529955 1
1.035934 -0.688449 1.590065 1
0.999805 -0.737512 1.556176 1
1.018318 -0.753336 1.575237 1
1.006251 -0.788627 1.564739 1
1.026273 -0.803187 1.585297 1
0.958249 1.505472 1.561350 1
0.982090 1.461975 1.582442 1
0.968866 1.442611 1.568611 1
0.965063 1.417304 1.563701 1
0.983725 1.378741 1.580070 1
0.990216 1.347990 1.584983 1
0.954928 1.341160 1.550372 1
0.973696 1.303813 1.566985 1
0.977805 1.275026 1.569753 1
0.986766 1.244020 1.577167 1
0.990209 1.216223 1.579386 1
0.984988 1.192918 1.573410 1
0.984872 1.167194 1.572314 1
1.003936 1.132809 1.589499 1
0.976821 1.119651 1.562780 1
0.969871 1.097171 1.555269 1
0.970855 1.071326 1.555343 1
0.992293 1.037426 1.574949 1
0.982727 1.016265 1.565034 1
0.996754 0.986147 1.577655 1
0.975582 0.969173 1.556715 1
0.989702 0.939538 1.569493 1
0.959806 0.924967 1.540257 1
0.975994 0.895053 1.555076 1
1.019688 0.857346 1.596234 1
0.972268 0.847297 1.550303 1
1.016310 0.810823 1.591878 1
1.000909 0.791203 1.576617 1
1.011340 0.764826 1.586105 1
0.980603 0.748459 1.556202 1
0.995905 0.721154 1.570411 1
0.979871 0.700824 1.554631 1
0.978311 0.677314 1.552741 1
1.006674 0.648424 1.579561 1
1.039704 0.619572 1.610894 1
1.011446 0.601054 1.583493 1
1.025465 0.575904 1.596657 1
0.990269 0.557397 1.562641 1
0.988065 0.534250 1.560294 1
0.998258 0.509838 1.569867 1
1.001245 0.486350 1.572554 1
0.998307 0.463400 1.569580 1
0.988554 0.440799 1.560091 1
1.007114 0.416639 1.577802 1
1.007445 0.393590 1.578043 1
0.993014 0.370855 1.564140 1
0.973960 0.347772 1.545825 1
0.992254 0.324432 1.563385 1
0.995665 0.301280 1.566685 1
1.014644 0.278731 1.584954 1
1.002363 0.255222 1.573242 1
0.996050 0.231731 1.567285 1
0.997668 0.208636 1.568967 1
1.017259 0.187116 1.587920 1
1.011648 0.163580 1.582715 1
1.004402 0.139681 1.575967 1
0.985204 0.114044 1.557782 1
1.003224 0.093065 1.575325 1
0.978425 0.065964 1.551828 1
1.004742 0.046678 1.577374 1
1.002836 0.022966 1.575883 1
0.974517 -0.005968 1.549105 1
1.014282 -0.021608 1.587601 1
0.989236 -0.050545 1.564023 1
0.974409 -0.077830 1.550270 1
0.994155 -0.097008 1.569653 1
1.019363 -0.114289 1.594279 1
1.015602 -0.138936 1.591201 1
1.004563 -0.165871 1.581192 1
0.983865 -0.196123 1.561982 1
0.984709 -0.220209 1.563406 1
0.977785 -0.246936 1.557435 1
0.993548 -0.266129 1.573166 1
0.989054 -0.292255 1.569576 1
0.988396 -0.317183 1.569680 1
0.975323 -0.347050 1.557973 1
0.998561 -0.362828 1.580925 1
0.991196 -0.390788 1.574725 1
0.965083 -0.427149 1.550709 1
0.985068 -0.443902 1.570630 1
0.975994 -0.473555 1.562917 1
0.981941 -0.496501 1.569527 1
0.960867 -0.532617 1.550489 1
0.987077 -0.545717 1.576412 1
0.969349 -0.580961 1.560638 1
0.970086 -0.607059 1.562432 1
0.983397 -0.626414 1.576179 1
0.981582 -0.654064 1.575618 1
0.966429 -0.689669 1.562471 1
0.962113 -0.719494 1.559631 1
0.993919 -0.727637 1.590971 1
0.954851 -0.779288 1.555377 1
0.961063 -0.803364 1.562603 1
0.953604 -0.836440 1.556971 1
-0.004843 2.115168 0.716278 2
0.953280 1.466124 1.596028 1
0.918566 1.459875 1.562527 1
0.927434 1.426535 1.569210 1
0.930255 1.397217 1.570367 1
0.931854 1.368877 1.570443 1
0.934007 1.340466 1.571075 1
0.935440 1.312692 1.571085 1
0.909602 1.299495 1.545879 1
0.932768 1.260627 1.566096 1
0.939659 1.230695 1.571288 1
0.916250 1.215743 1.548406 1
0.946984 1.174925 1.575817 1
0.914083 1.164007 1.544164 1
0.963727 1.116028 1.589271 1
0.926868 1.106367 1.553980 1
0.928733 1.079881 1.554737 1
0.924450 1.056014 1.549804 1
0.927261 1.029435 1.551515 1
0.945837 0.997240 1.567964 1
0.918146 0.982086 1.541298 1
0.965043 0.940848 1.584264 1
0.953188 0.920222 1.572439 1
0.937033 0.900715 1.556619 1
0.972523 0.865385 1.589089 1
0.941440 0.850148 1.559370 1
0.953253 0.822467 1.569785 1
0.970146 0.793873 1.584993 1
0.988470 0.765459 1.601584 1
0.927959 0.755882 1.544400 1
0.962397 0.724013 1.576143 1
0.944957 0.703763 1.559332 1
0.981873 0.672694 1.593481 1
0.952565 0.654466 1.565602 1
0.944091 0.632073 1.557275 1
0.955368 0.606507 1.567495 1
0.941137 0.584813 1.553824 1
0.983163 0.555744 1.592954 1
0.948739 0.536375 1.560397 1
0.959592 0.511661 1.570347 1
0.967634 0.487501 1.577690 1
0.939330 0.466206 1.550950 1
0.963636 0.441074 1.573619 1
0.955366 0.418096 1.565739 1
0.955719 0.394631 1.565984 1
0.938849 0.371524 1.550087 1
0.975815 0.347625 1.584763 1
0.971175 0.324426 1.580407 1
0.968924 0.301151 1.578323 1
0.935181 0.276776 1.546702 1
0.939689 0.253265 1.551023 1
0.951986 0.230319 1.562683 1
0.957622 0.207199 1.568119 1
0.965347 0.184385 1.575544 1
0.972434 0.161688 1.582397 1
0.919729 0.132461 1.533177 1
0.952281 0.112475 1.563984 1
0.977544 0.092305 1.587972 1
0.970442 0.067860 1.581631 1
0.974855 0.045082 1.586118 1
0.941786 0.015695 1.555499 1
0.982060 -0.000576 1.593656 1
0.961264 -0.028339 1.574610 1
0.969854 -0.050303 1.583127 1
0.965878 -0.075011 1.579904 1
0.924901 -0.108967 1.542081 1
0.951823 -0.126532 1.567849 1
0.950309 -0.151187 1.567032 1
0.965120 -0.171296 1.581511 1
0.945311 -0.201455 1.563654 1
0.971725 -0.217764 1.589030 1
0.948181 -0.249778 1.567763 1
0.961082 -0.270116 1.580567 1
0.929451 -0.305994 1.551846 1
0.950873 -0.323301 1.572660 1
0.915989 -0.361666 1.541009 1
0.950004 -0.373795 1.573609 1
0.920726 -0.411089 1.547282 1
0.934569 -0.431012 1.561145 1
0.916640 -0.464629 1.545483 1
0.930265 -0.484585 1.559203 1
0.952438 -0.500291 1.580883 1
0.917566 -0.543026 1.549628 1
0.941766 -0.557566 1.573243 1
0.943338 -0.583136 1.575892 1
0.968733 -0.596279 1.600642 1
0.936195 -0.640201 1.571783 1
0.950518 -0.659198 1.586342 1
0.927453 -0.699309 1.566377 1
0.922049 -0.729948 1.562792 1
0.933296 -0.750926 1.574616 1
0.923071 -0.785012 1.566679 1
0.926314 -0.811103 1.571202 1
-0.016467 2.100504 0.767281 2
0.899456 1.485771 1.587519 1
0.890271 1.463270 1.577559 1
0.897522 1.430925 1.582429 1
0.867022 1.420870 1.553341 1
0.901179 1.373601 1.582565 1
0.884110 1.355689 1.565647 1
0.870483 1.335611 1.551858 1
0.899596 1.293077 1.576743 1
0.897982 1.267098 1.573905 1
0.875406 1.251529 1.552122 1
0.893457 1.216098 1.567178 1
0.870580 1.200263 1.545173 1
0.892082 1.164032 1.563467 1
0.889876 1.138844 1.560292 1
0.897822 1.109465 1.566384 1
0.906431 1.080171 1.573129 1
0.921125 1.048856 1.585462 1
0.897192 1.032676 1.562668 1
0.894827 1.008090 1.559544 1
0.925323 0.972030 1.586418 1
0.919074 0.949291 1.579836 1
0.908842 0.927769 1.569650 1
0.875960 0.913078 1.538808 1
0.916948 0.875715 1.575464 1
0.914785 0.851743 1.572748 1
0.913558 0.827543 1.570923 1
0.896843 0.807351 1.554964 1
0.930531 0.774569 1.585153 1
0.910418 0.755081 1.566147 1
0.893433 0.734450 1.550028 1
0.920314 0.704546 1.574117 1
0.896767 0.684960 1.552046 1
0.926770 0.655374 1.579080 1
0.900591 0.635787 1.554654 1
0.909661 0.610275 1.562575 1
0.929022 0.583638 1.579971 1
0.900367 0.563485 1.553359 1
0.915884 0.537732 1.567300 1
0.922534 0.513281 1.573141 1
0.955151 0.486837 1.602851 1
0.893373 0.468014 1.545951 1
0.934819 0.441567 1.583835 1
0.893622 0.419973 1.545883 1
0.899640 0.395788 1.551310 1
0.901923 0.371841 1.553340 1
0.905984 0.347947 1.557037 1
0.937213 0.324337 1.585711 1
0.932553 0.300838 1.581464 1
0.903733 0.276427 1.555067 1
0.892584 0.252061 1.544929 1
0.899999 0.228479 1.551869 1
0.895520 0.204221 1.547921 1
0.895616 0.180214 1.548207 1
0.922379 0.158786 1.572999 1
0.922124 0.135040 1.573025 1
0.956838 0.115581 1.605165 1
0.917988 0.086935 1.569850 1
0.912626 0.062251 1.565294 1
0.894878 0.035364 1.549417 1
0.918368 0.015228 1.571380 1
0.923574 -0.007802 1.576611 1
0.909831 -0.034588 1.564514 1
0.898586 -0.061256 1.554747 1
0.896005 -0.086302 1.552953 1
0.919080 -0.105263 1.574674 1
0.918064 -0.129841 1.574376 1
0.940034 -0.148334 1.595133 1
0.901720 -0.183353 1.560807 1
0.907498 -0.206431 1.566830 1
0.890056 -0.236631 1.551681 1
0.921352 -0.251643 1.581069 1
0.913963 -0.278931 1.575173 1
0.913837 -0.303975 1.575945 1
0.917052 -0.327911 1.579798 1
0.922569 -0.350998 1.585781 1
0.892513 -0.387990 1.559418 1
0.897767 -0.411606 1.565247 1
0.901419 -0.435872 1.569654 1
0.899564 -0.462557 1.569093 1
0.894462 -0.490884 1.565627 1
0.908631 -0.510585 1.579692 1
0.867811 -0.556242 1.543930 1
0.900805 -0.566972 1.575128 1
0.896312 -0.595860 1.572394 1
0.908594 -0.616315 1.584879 1
0.890930 -0.652594 1.570332 1
0.884083 -0.683621 1.565623 1
0.904040 -0.699905 1.585145 1
0.901449 -0.728842 1.584362 1
0.865058 -0.778141 1.553204 1
0.886083 -0.793741 1.573793 1
0.891421 -0.818711 1.580299 1
-0.141931 2.114436 0.714798 2
0.839108 1.480320 1.572860 1
0.832145 1.456002 1.564903 1
0.848460 1.418353 1.577458 1
0.850977 1.389071 1.577948 1
0.841442 1.366592 1.567871 1
0.839416 1.340045 1.564453 1
0.854069 1.305042 1.575807 1
0.867963 1.271007 1.586564 1
0.847730 1.254091 1.567202 1
0.878798 1.212588 1.593274 1
0.872593 1.189145 1.586412 1
0.843651 1.175741 1.559426 1
0.858766 1.142768 1.571541 1
0.880257 1.107704 1.589384 1
0.865036 1.088093 1.574671 1
0.854474 1.066381 1.564127 1
0.837036 1.047068 1.547493 1
0.867785 1.010041 1.573793 1
0.856600 0.988491 1.562804 1
0.859572 0.962030 1.564466 1
0.865640 0.934760 1.568935 1
0.876572 0.906260 1.577792 1
0.869473 0.883423 1.570597 1
0.867897 0.858939 1.568370 1
0.876209 0.831865 1.575019 1
0.856102 0.812276 1.556300 1
0.861131 0.786206 1.560093 1
0.876750 0.757941 1.573406 1
0.862555 0.736514 1.560074 1
0.847990 0.714851 1.546440 1
0.884086 0.683381 1.578225 1
0.882440 0.659481 1.576243 1
0.878793 0.635912 1.572503 1
0.871993 0.612760 1.565971 1
0.882695 0.587109 1.575171 1
0.870497 0.564573 1.563867 1
0.853147 0.542321 1.547973 1
0.883138 0.515085 1.574597 1
0.867004 0.492506 1.559863 1
0.860311 0.468867 1.553638 1
0.869411 0.444163 1.561627 1
0.879539 0.419663 1.570576 1
0.865276 0.396220 1.557661 1
0.913219 0.371221 1.600640 1
0.854030 0.348147 1.547454 1
0.857576 0.323958 1.550638 1
0.867369 0.299978 1.559468 1
0.891594 0.276707 1.581293 1
0.877149 0.252311 1.568430 1
0.863135 0.227556 1.555992 1
0.889111 0.205251 1.579491 1
0.889271 0.181437 1.579850 1
0.868858 0.155619 1.561780 1
0.876855 0.132354 1.569246 1
0.877675 0.108387 1.570307 1
0.886141 0.085439 1.578262 1
0.873488 0.059543 1.567311 1
0.874226 0.035435 1.568409 1
0.882344 0.012584 1.576157 1
0.851266 -0.017444 1.548820 1
0.877494 -0.036860 1.572866 1
0.883476 -0.059968 1.578806 1
0.871780 -0.086985 1.568958 1
0.869710 -0.112068 1.567768 1
0.872337 -0.136089 1.570819 1
0.841681 -0.168972 1.544155 1
0.863593 -0.188060 1.564524 1
0.873298 -0.210221 1.574012 1
0.873008 -0.235269 1.574610 1
0.871425 -0.260830 1.574096 1
0.876704 -0.284243 1.579741 1
0.880574 -0.308102 1.584167 1
0.865837 -0.338660 1.572058 1
0.851153 -0.369709 1.560057 1
0.845346 -0.397835 1.556009 1
0.852082 -0.421209 1.563159 1
0.860442 -0.443846 1.571787 1
0.860091 -0.470118 1.572717 1
0.856222 -0.498091 1.570572 1
0.836581 -0.533519 1.554504 1
0.851655 -0.553292 1.569244 1
0.833042 -0.589137 1.554210 1
0.851936 -0.606932 1.572399 1
0.863261 -0.628236 1.583923 1
0.833362 -0.671162 1.559113 1
0.834815 -0.698108 1.562031 1
0.848048 -0.718622 1.575369 1
0.840631 -0.750752 1.570572 1
0.810056 -0.796891 1.545497 1
0.841710 -0.806671 1.575144 1
0.795160 1.492631 1.575646 1
0.816843 1.451391 1.592222 1
0.769822 1.449834 1.549927 1
0.758534 1.427411 1.538303 1
0.767124 1.394183 1.543814 1
0.804073 1.346577 1.573820 1
0.800682 1.320686 1.569170 1
0.812877 1.287171 1.578017 1
0.796935 1.267654 1.562632 1
0.792241 1.242607 1.556999 1
0.775624 1.222964 1.541091 1
0.833597 1.170351 1.589814 1
0.819634 1.149978 1.576312 1
0.801799 1.130942 1.559480 1
0.807119 1.102363 1.562776 1
0.791677 1.082004 1.548088 1
0.814452 1.047226 1.566658 1
0.832761 1.014767 1.581417 1
0.840972 0.986368 1.587450 1
0.836146 0.962583 1.582178 1
0.815332 0.943819 1.563007 1
0.788684 0.926362 1.538769 1
0.823736 0.890436 1.568405 1
0.806097 0.870077 1.552101 1
0.814992 0.842355 1.559010 1
0.824683 0.814746 1.566665 1
0.843968 0.785190 1.582762 1
0.804727 0.769313 1.547706 1
0.849662 0.734725 1.586347 1
0.825377 0.715069 1.564446 1
0.804212 0.694265 1.545304 1
0.844130 0.662451 1.579716 1
0.813001 0.643036 1.551915 1
0.844390 0.613707 1.578954 1
0.840542 0.589936 1.575146 1
0.838969 0.565831 1.573371 1
0.828565 0.542675 1.563887 1
0.847086 0.516526 1.579823 1
0.836833 0.493253 1.570550 1
0.840900 0.468743 1.573883 1
0.817152 0.445946 1.552837 1
0.823621 0.421218 1.558358 1
0.836008 0.396479 1.569116 1
0.817859 0.372646 1.553100 1
0.809720 0.348294 1.545913 1
0.800719 0.323731 1.538008 1
0.842139 0.299899 1.574422 1
0.814606 0.274923 1.550323 1
0.817167 0.250577 1.552691 1
0.841832 0.227547 1.574505 1
0.826333 0.202321 1.561096 1
0.830685 0.178321 1.565153 1
0.845673 0.155422 1.578583 1
0.824732 0.128993 1.560523 1
0.820421 0.104008 1.557100 1
0.839715 0.082035 1.574420 1
0.860503 0.060736 1.593083 1
0.840057 0.033358 1.575631 1
0.836995 0.008402 1.573464 1
0.852988 -0.013155 1.588031 1
0.832201 -0.041636 1.570421 1
0.850951 -0.062371 1.587476 1
0.830301 -0.091504 1.570083 1
0.828073 -0.116875 1.568860 1
0.824494 -0.142711 1.566500 1
0.819707 -0.169032 1.563129 1
0.828921 -0.191690 1.572034 1
0.820244 -0.219365 1.565357 1
0.809679 -0.247927 1.557084 1
0.812601 -0.272600 1.560626 1
0.840500 -0.289068 1.585972 1
0.829942 -0.318064 1.577846 1
0.826876 -0.344780 1.576296 1
0.794393 -0.382555 1.549215 1
0.819676 -0.399199 1.572416 1
0.823066 -0.423957 1.576623 1
0.828909 -0.447738 1.583000 1
0.813113 -0.480661 1.570659 1
0.815797 -0.506062 1.574396 1
0.783063 -0.547522 1.547528 1
0.805755 -0.564233 1.568683 1
0.805466 -0.591480 1.570002 1
0.783551 -0.629567 1.552710 1
0.790445 -0.653803 1.560344 1
0.779820 -0.687158 1.552933 1
0.821517 -0.692919 1.590607 1
0.802122 -0.731315 1.575759 1
0.790227 -0.766214 1.567441 1
0.791883 -0.793790 1.570823 1
0.794362 -0.821024 1.574962 1
0.723538 1.491564 1.554069 1
0.726902 1.460573 1.554732 1
0.753321 1.417318 1.574800 1
0.739081 1.396556 1.560842 1
0.761033 1.356892 1.577341 1
0.753463 1.332835 1.569094 1
0.747352 1.308019 1.562120 1
0.742131 1.282770 1.555944 1
0.756436 1.248545 1.566300 1
0.766423 1.216791 1.573085 1
0.760737 1.192236 1.566684 1
0.766864 1.162711 1.570330 1
0.761607 1.138102 1.564391 1
0.784829 1.102313 1.582652 1
0.781444 1.077345 1.578412 1
0.769337 1.055588 1.566806 1
0.776247 1.026928 1.571405 1
0.757035 1.007406 1.553837 1
0.792606 0.969650 1.582939 1
0.793420 0.943785 1.582518 1
0.762518 0.927525 1.555106 1
0.773023 0.898698 1.563033 1
0.784020 0.870097 1.571438 1
0.795471 0.841746 1.580288 1
0.795157 0.816676 1.579142 1
0.773149 0.796755 1.559496 1
0.800949 0.765306 1.582479 1
0.799633 0.740710 1.580615 1
0.811314 0.713596 1.589921 1
0.782950 0.694168 1.564985 1
0.797160 0.666819 1.576548 1
0.771388 0.646181 1.553900 1
0.783093 0.619505 1.563411 1
0.779423 0.595201 1.559786 1
0.828416 0.564546 1.601376 1
0.775163 0.546097 1.555308 1
0.797241 0.519229 1.573906 1
0.803780 0.494215 1.579219 1
0.787855 0.470942 1.565293 1
0.776134 0.447050 1.555016 1
0.796670 0.421462 1.572474 1
0.775703 0.397705 1.554343 1
0.805512 0.372474 1.579854 1
0.805757 0.348183 1.580022 1
0.772967 0.323693 1.551864 1
0.788272 0.299283 1.565050 1
0.784392 0.274650 1.561803 1
0.787947 0.250237 1.564985 1
0.773886 0.224905 1.553085 1
0.801470 0.202081 1.576980 1
0.791536 0.176866 1.568710 1
0.775389 0.150792 1.555155 1
0.783574 0.126885 1.562524 1
0.786955 0.102579 1.565813 1
0.795974 0.079069 1.573980 1
0.769467 0.050602 1.551729 1
0.794409 0.029528 1.573629 1
0.781966 0.002676 1.563532 1
0.769877 -0.024479 1.553788 1
0.766495 -0.050290 1.551552 1
0.786816 -0.071302 1.569647 1
0.789048 -0.095859 1.572300 1
0.762672 -0.127127 1.550538 1
0.787931 -0.146381 1.572968 1
0.792723 -0.170379 1.577942 1
0.758008 -0.205120 1.549234 1
0.782374 -0.223941 1.571009 1
0.767962 -0.253814 1.559747 1
0.799126 -0.269921 1.587379 1
0.766805 -0.305966 1.560971 1
0.765569 -0.332434 1.561097 1
0.773193 -0.355921 1.568808 1
0.759753 -0.387006 1.558664 1
0.757260 -0.414419 1.557882 1
0.780881 -0.431779 1.579304 1
0.789795 -0.454589 1.588280 1
0.746220 -0.499281 1.552851 1
0.730645 -0.533174 1.541229 1
0.746325 -0.553681 1.556100 1
0.752055 -0.578479 1.562601 1
0.749481 -0.607204 1.562142 1
0.788476 -0.615872 1.596769 1
0.746605 -0.664195 1.563322 1
0.741237 -0.695024 1.560699 1
0.769664 -0.708260 1.586523 1
0.739127 -0.752963 1.562896 1
0.773037 -0.762713 1.593377 1
0.757334 -0.800111 1.582341 1
0.698848 1.491881 1.574894 1
0.677724 1.474474 1.555324 1
0.676554 1.445920 1.552108 1
0.719761 1.394264 1.585323 1
0.705387 1.373359 1.571443 1
0.721859 1.336920 1.582940 1
0.724188 1.307921 1.582897 1
0.686416 1.297930 1.549897 1
0.699000 1.264153 1.558402 1
0.705006 1.233770 1.561561 1
0.706054 1.205813 1.560693 1
0.721603 1.172013 1.571877 1
0.714541 1.147827 1.564428 1
0.717610 1.119652 1.565417 1
0.705833 1.097237 1.554156 1
0.730382 1.061511 1.573083 1
0.724721 1.037054 1.567005 1
0.726819 1.009959 1.567423 1
0.741201 0.979068 1.578118 1
0.714096 0.961460 1.554342 1
0.733561 0.929467 1.569386 1
0.703477 0.912085 1.543195 1
0.746835 0.874180 1.578291 1
0.737308 0.851074 1.569337 1
0.743387 0.823985 1.573459 1
0.724879 0.802822 1.557091 1
0.757020 0.770165 1.583102 1
0.756684 0.745088 1.582023 1
0.760587 0.719243 1.584539 1
0.742000 0.697624 1.568278 1
0.726989 0.674987 1.555047 1
0.733151 0.648721 1.559595 1
0.754746 0.620445 1.577129 1
0.762659 0.594542 1.583251 1
0.732131 0.573419 1.557188 1
0.726645 0.548920 1.552164 1
0.742077 0.522363 1.564735 1
0.740401 0.497601 1.563002 1
0.765774 0.470972 1.584019 1
0.765337 0.446437 1.583422 1
0.752338 0.422453 1.572325 1
0.733838 0.398329 1.556654 1
0.751808 0.373076 1.571649 1
0.745187 0.348426 1.566044 1
0.753263 0.323706 1.572825 1
0.772298 0.299388 1.588854 1
0.762960 0.274657 1.581105 1
0.704755 0.247560 1.532379 1
0.754520 0.225040 1.574342 1
0.770240 0.201416 1.587767 1
0.771962 0.177031 1.589487 1
0.749364 0.150398 1.570849 1
0.756561 0.126326 1.577257 1
0.746434 0.100354 1.569182 1
0.736692 0.074145 1.561481 1
0.754541 0.051607 1.576957 1
0.733944 0.023484 1.560259 1
0.727083 -0.002889 1.555126 1
0.723628 -0.028867 1.552897 1
0.721789 -0.054674 1.552071 1
0.739997 -0.076449 1.568064 1
0.736263 -0.102628 1.565748 1
0.745995 -0.125847 1.574736 1
0.736424 -0.153605 1.567644 1
0.762849 -0.172421 1.590657 1
0.742275 -0.203329 1.574487 1
0.744997 -0.228255 1.577810 1
0.717116 -0.262250 1.555685 1
0.748365 -0.278796 1.582873 1
0.719182 -0.314071 1.559799 1
0.727307 -0.337713 1.567829 1
0.738926 -0.360030 1.578804 1
0.750648 -0.382110 1.589903 1
0.721142 -0.419425 1.566851 1
0.726689 -0.444051 1.572940 1
0.695796 -0.483260 1.548911 1
0.712198 -0.503828 1.564100 1
0.725209 -0.525537 1.576518 1
0.716607 -0.556569 1.571135 1
0.724919 -0.580282 1.579769 1
0.690387 -0.623988 1.553167 1
0.682081 -0.656146 1.548261 1
0.690856 -0.680218 1.557468 1
0.678765 -0.714854 1.549597 1
0.689434 -0.738072 1.560468 1
0.704199 -0.758964 1.574734 1
0.677950 -0.802267 1.555509 1
0.704929 -0.816355 1.579858 1
0.639039 1.482279 1.565421 1
0.651589 1.446267 1.573026 1
0.647730 1.419282 1.567607 1
0.647191 1.390691 1.564907 1
0.660902 1.355266 1.573701 1
0.674927 1.320228 1.582842 1
0.675575 1.291923 1.581324 1
0.643420 1.278536 1.553468 1
0.660129 1.243114 1.564991 1
0.668363 1.211864 1.569772 1
0.656784 1.189084 1.558628 1
0.678834 1.152799 1.574713 1
0.696162 1.119030 1.587075 1
0.637314 1.114029 1.537820 1
0.678945 1.071730 1.569998 1
0.655216 1.053114 1.549260 1
0.689125 1.014905 1.575357 1
0.698146 0.985594 1.581328 1
0.719561 0.952828 1.597450 1
0.681681 0.938050 1.565383 1
0.674819 0.913713 1.558596 1
0.705205 0.879339 1.582220 1
0.682980 0.859201 1.563016 1
0.660675 0.838596 1.543778 1
0.722386 0.798249 1.593189 1
0.703100 0.777065 1.576523 1
0.710278 0.750061 1.581530 1
0.708816 0.724952 1.579527 1
0.694784 0.702113 1.567287 1
0.706349 0.674713 1.576046 1
0.715254 0.648059 1.582687 1
0.676653 0.628405 1.550460 1
0.709692 0.598569 1.576979 1
0.705681 0.573923 1.573191 1
0.685896 0.550861 1.556516 1
0.688773 0.525251 1.558473 1
0.707936 0.498437 1.573842 1
0.742988 0.471044 1.602306 1
0.702370 0.448718 1.568727 1
0.683491 0.424474 1.553031 1
0.692338 0.398927 1.560142 1
0.681948 0.373960 1.551513 1
0.721078 0.348440 1.583586 1
0.710965 0.323580 1.575283 1
0.690681 0.298283 1.558681 1
0.725668 0.274179 1.587502 1
0.705213 0.248542 1.570860 1
0.689698 0.222663 1.558326 1
0.721261 0.199569 1.584478 1
0.716750 0.174350 1.581073 1
0.732666 0.150881 1.594476 1
0.709153 0.123653 1.575588 1
0.682219 0.095415 1.553957 1
0.699905 0.072247 1.568958 1
0.679221 0.044041 1.552564 1
0.715015 0.023986 1.582491 1
0.686471 -0.005942 1.559773 1
0.696423 -0.029737 1.568629 1
0.685447 -0.057345 1.560411 1
0.716590 -0.076691 1.586690 1
0.689159 -0.108002 1.565131 1
0.695944 -0.132226 1.571594 1
0.672069 -0.163759 1.553079 1
0.665095 -0.191669 1.548427 1
0.694145 -0.210211 1.573204 1
0.698889 -0.234897 1.578204 1
0.676633 -0.267445 1.561273 1
0.699291 -0.286936 1.580961 1
0.667223 -0.323353 1.556193 1
0.700471 -0.339067 1.584572 1
0.675226 -0.374147 1.565497 1
0.668449 -0.403396 1.561489 1
0.655040 -0.435386 1.552177 1
0.671513 -0.456394 1.567128 1
0.683212 -0.478982 1.578252 1
0.684957 -0.505463 1.581380 1
0.669503 -0.539300 1.570691 1
0.665153 -0.568840 1.569040 1
0.649726 -0.603618 1.558543 1
0.662172 -0.626049 1.570548 1
0.654985 -0.657653 1.566830 1
0.646464 -0.690264 1.562123 1
0.656813 -0.713759 1.572612 1
0.640057 -0.751174 1.561470 1
0.639280 -0.780731 1.563195 1
0.632274 -0.813889 1.560026 1
0.578627 1.501576 1.559315 1
0.595309 1.463020 1.569714 1
0.627581 1.417121 1.592394 1
0.619401 1.392431 1.583605 1
0.601709 1.372296 1.567426 1
0.616325 1.336617 1.576601 1
0.631364 1.301293 1.586208 1
0.637040 1.270681 1.588558 1
0.610407 1.254299 1.565568 1
0.625416 1.219941 1.575395 1
0.588292 1.207225 1.544207 1
0.633976 1.161214 1.578390 1
0.612796 1.141853 1.559876 1
0.632493 1.107104 1.573729 1
0.620754 1.084077 1.562783 1
0.658063 1.044172 1.590759 1
0.637165 1.024387 1.572672 1
0.667321 0.988102 1.595157 1
0.630923 0.972779 1.564850 1
0.636246 0.944555 1.567739 1
0.607458 0.925993 1.543544 1
0.641622 0.890163 1.569519 1
0.644897 0.863042 1.570969 1
0.655561 0.834313 1.578374 1
0.642196 0.811367 1.566670 1
0.654169 0.782728 1.575245 1
0.660469 0.755596 1.579354 1
0.669784 0.728108 1.585935 1
0.653320 0.705471 1.571960 1
0.645330 0.681085 1.564809 1
0.654453 0.653941 1.571407 1
0.660999 0.627427 1.576003 1
0.669789 0.600828 1.582454 1
0.652301 0.577522 1.567906 1
0.662704 0.550936 1.575762 1
0.640736 0.527588 1.557720 1
0.639999 0.502053 1.556750 1
0.644129 0.476197 1.559740 1
0.674405 0.449031 1.583762 1
0.672099 0.424004 1.581699 1
0.624467 0.400310 1.543317 1
0.667634 0.373812 1.577851 1
0.694221 0.348469 1.599136 1
0.672349 0.323480 1.581582 1
0.645470 0.297866 1.560064 1
0.649934 0.272546 1.563753 1
0.665899 0.247814 1.576725 1
0.626133 0.220410 1.545033 1
0.663141 0.197157 1.574991 1
0.640979 0.170107 1.557537 1
0.656681 0.145949 1.570505 1
0.679632 0.122898 1.589331 1
0.653358 0.094682 1.568753 1
0.663140 0.070403 1.577127 1
0.641279 0.041890 1.560209 1
0.643399 0.016456 1.562558 1
0.649973 -0.008238 1.568524 1
0.624517 -0.038490 1.548921 1
0.643799 -0.060949 1.565161 1
0.657033 -0.084207 1.576608 1
0.666298 -0.108048 1.584931 1
0.650908 -0.137310 1.573623 1
0.633483 -0.167510 1.560764 1
0.631123 -0.194426 1.559990 1
0.658277 -0.213681 1.582785 1
0.642841 -0.244120 1.571708 1
0.642404 -0.270691 1.572638 1
0.633192 -0.300012 1.566653 1
0.616250 -0.332092 1.554603 1
0.627587 -0.355441 1.565073 1
0.633013 -0.380613 1.570903 1
0.617298 -0.413216 1.560046 1
0.632430 -0.435045 1.573679 1
0.617789 -0.467879 1.563822 1
0.623681 -0.493166 1.570264 1
0.621948 -0.521512 1.570747 1
0.608625 -0.554879 1.562170 1
0.582667 -0.594181 1.543744 1
0.592237 -0.618517 1.553354 1
0.597546 -0.644696 1.559669 1
0.603254 -0.670696 1.566356 1
0.601576 -0.700278 1.567322 1
0.612651 -0.723713 1.578329 1
0.609358 -0.754368 1.578172 1
0.583989 -0.796888 1.560892 1
0.594682 -0.820834 1.571806 1
0.530988 1.483518 1.561657 1
0.528899 1.454705 1.557377 1
0.546674 1.416222 1.568321 1
0.580823 1.370536 1.591889 1
0.556693 1.353073 1.571033 1
0.550817 1.326860 1.564182 1
0.555143 1.296157 1.565217 1
0.555473 1.267417 1.563265 1
0.544644 1.243437 1.552806 1
0.577468 1.201829 1.576007 1
0.571725 1.176147 1.569609 1
0.595336 1.139440 1.585924 1
0.556637 1.126007 1.554209 1
0.578256 1.090641 1.569146 1
0.588101 1.059895 1.575070 1
0.548172 1.045622 1.542504 1
0.592081 1.004351 1.574974 1
0.580215 0.980938 1.564271 1
0.584109 0.952811 1.565862 1
0.590767 0.924112 1.569670 1
0.596108 0.896006 1.572525 1
0.580411 0.873348 1.559064 1
0.585166 0.845541 1.561587 1
0.577844 0.820630 1.554758 1
0.585103 0.792517 1.559362 1
0.607891 0.761546 1.576158 1
0.583983 0.739944 1.556554 1
0.586722 0.713145 1.557819 1
0.588589 0.686608 1.558464 1
0.605951 0.657827 1.571293 1
0.645292 0.626466 1.601395 1
0.588887 0.608216 1.556608 1
0.629356 0.577550 1.587730 1
0.584187 0.556663 1.551828 1
0.620155 0.527389 1.579555 1
0.616161 0.502135 1.576026 1
0.615704 0.476574 1.575327 1
0.623017 0.450600 1.580777 1
0.587226 0.426633 1.552479 1
0.587302 0.400738 1.552366 1
0.617733 0.374307 1.576123 1
0.602452 0.348888 1.564078 1
0.600198 0.323181 1.562310 1
0.615678 0.297738 1.574511 1
0.620723 0.272348 1.578582 1
0.624309 0.247010 1.581564 1
0.587783 0.219575 1.553146 1
0.618556 0.195697 1.577563 1
0.639330 0.171759 1.594189 1
0.612736 0.144024 1.573740 1
0.604664 0.117515 1.567872 1
0.592812 0.090349 1.559105 1
0.604568 0.065850 1.568887 1
0.596175 0.038805 1.562950 1
0.584235 0.010979 1.554302 1
0.610100 -0.011020 1.575287 1
0.590549 -0.040393 1.560810 1
0.607228 -0.063506 1.574714 1
0.588740 -0.093287 1.561205 1
0.622328 -0.112547 1.588411 1
0.601432 -0.143260 1.573153 1
0.613120 -0.166847 1.583373 1
0.603091 -0.195622 1.576727 1
0.608525 -0.220680 1.582188 1
0.579386 -0.255145 1.560820 1
0.599227 -0.276403 1.577608 1
0.554051 -0.316671 1.543960 1
0.569683 -0.339240 1.557602 1
0.585105 -0.361580 1.571125 1
0.592724 -0.386258 1.578649 1
0.548450 -0.428966 1.546095 1
0.597387 -0.439178 1.585691 1
0.568277 -0.477497 1.565042 1
0.546616 -0.513796 1.550254 1
0.541940 -0.543975 1.548653 1
0.590530 -0.552384 1.588091 1
0.553996 -0.595964 1.562132 1
0.580760 -0.612815 1.584865 1
0.557732 -0.651647 1.569478 1
0.562410 -0.678326 1.575407 1
0.553411 -0.711591 1.570953 1
0.521237 -0.756671 1.548922 1
0.526341 -0.783917 1.555430 1
0.561712 -0.795473 1.585013 1
-0.640061 1.848839 0.714466 2
-0.665611 1.816017 0.691680 2
-0.666002 1.772140 0.687817 2
-0.700308 1.742330 0.658613 2
-0.701963 1.698913 0.653998 2
0.506265 1.191942 1.559981 1
0.491356 1.169105 1.546708 1
0.529999 1.126844 1.573878 1
0.525962 1.100410 1.568955 1
0.515755 1.076036 1.559432 1
0.517300 1.047748 1.558857 1
0.531041 1.015844 1.567594 1
0.527355 0.989527 1.563205 1
0.558707 0.953292 1.585472 1
0.549317 0.928948 1.576900 1
0.536231 0.905411 1.565573 1
0.562318 0.871988 1.584100 1
0.546727 0.849028 1.570989 1
0.549708 0.821641 1.572078 1
0.528578 0.799446 1.554850 1
0.565000 0.765438 1.581574 1
0.551084 0.741701 1.569969 1
0.550735 0.715333 1.568778 1
0.510776 0.695395 1.537380 1
0.567865 0.660063 1.580215 1
0.573096 0.633262 1.583486 1
0.552079 0.609914 1.566736 1
0.560434 0.582773 1.572521 1
0.532205 0.559571 1.550357 1
0.593437 0.527733 1.596766 1
0.560360 0.504682 1.571004 1
0.564659 0.478417 1.573935 1
0.557363 0.452895 1.568040 1
0.544693 0.427439 1.558085 1
0.572069 0.400502 1.578890 1
0.560493 0.374921 1.569894 1
0.578629 0.348892 1.583739 1
0.532568 0.322916 1.548422 1
0.550194 0.296977 1.561997 1
0.574453 0.271651 1.580718 1
0.536704 0.244310 1.551960 1
0.561168 0.219391 1.570957 1
0.545890 0.192436 1.559551 1
0.565750 0.167818 1.575134 1
0.583906 0.143498 1.589465 1
0.558669 0.115191 1.570621 1
0.584260 0.092006 1.590759 1
0.564702 0.063748 1.576396 1
0.545388 0.035018 1.562292 1
0.551276 0.009544 1.567532 1
0.548823 -0.017178 1.566456 1
0.533611 -0.046219 1.555699 1
0.559387 -0.068080 1.576308 1
0.529971 -0.100273 1.554849 1
0.552434 -0.122364 1.573039 1
0.529495 -0.154041 1.556676 1
0.534365 -0.179839 1.561577 1
0.541889 -0.204935 1.568557 1
0.532582 -0.234272 1.562799 1
0.568600 -0.251646 1.591548 1
0.539765 -0.286572 1.571096 1
0.516771 -0.320572 1.555180 1
0.556616 -0.335890 1.586968 1
0.530042 -0.371585 1.568500 1
0.536412 -0.397079 1.575049 1
0.535533 -0.425022 1.576183 1
0.537085 -0.452226 1.579223 1
0.502216 -0.492999 1.554891 1
0.507358 -0.519441 1.560804 1
0.060843 -0.724742 1.227318 7
0.157937 -0.719366 1.302824 7
0.215767 -0.728209 1.348791 7
0.199037 -0.768121 1.338914 7
0.190104 -0.805141 1.334988 7
-0.636338 1.405486 0.745921 2
-0.632827 1.362856 0.745886 2
-0.646462 1.325465 0.733268 2
-0.662425 1.288528 0.719014 2
-0.623488 1.236630 0.745575 2
-0.660569 1.205236 0.715847 2
-0.659052 1.163661 0.714863 2
-0.655557 1.121779 0.715457 2
-0.572452 1.062621 0.775416 2
-0.532691 1.014551 0.803282 2
-0.527933 0.974366 0.805198 2
-0.523417 0.934426 0.807037 2
-0.539448 0.898196 0.793646 2
-0.529397 0.857499 0.799813 2
-0.543018 0.820605 0.788401 2
-0.517554 0.778147 0.806288 2
-0.512581 0.738891 0.808967 2
-0.511964 0.700294 0.808487 2
-0.519254 0.662552 0.802185 2
-0.478385 0.620426 0.832022 2
-0.476674 0.582301 0.832652 2
-0.538044 0.548334 0.786137 2
-0.520680 0.508777 0.798670 2
-0.503045 0.469641 0.811505 2
-0.517069 0.431870 0.800718 2
-0.494794 0.393140 0.817220 2
-0.501178 0.355111 0.812344 2
-0.511228 0.316912 0.804813 2
-0.496604 0.278910 0.815864 2
-0.615382 0.237319 0.727061 2
-1.115095 0.040897 0.354670 6
-0.932976 0.011480 0.491764 6
-0.551970 0.006252 0.777705 6
-0.489835 -0.025733 0.825039 6
0.107916 0.010057 1.272920 6
0.202290 -0.008353 1.344293 6
0.217255 -0.036289 1.356358 6
0.176175 -0.072861 1.326639 6
0.189129 -0.101201 1.337351 6
0.088041 -0.150206 1.263074 8
0.122890 -0.175137 1.290290 8
0.129029 -0.205254 1.296166 8
0.115801 -0.239546 1.287700 8
0.145651 -0.264264 1.311368 8
0.182411 -0.286661 1.340218 8
0.233101 -0.304691 1.379446 8
0.191265 -0.346357 1.350042 8
0.204303 -0.373770 1.361448 8
0.186966 -0.409839 1.350424 8
0.203959 -0.435982 1.364903 8
0.148943 -0.484627 1.326224 8
0.190819 -0.502850 1.359240 8
0.146108 -0.549728 1.328428 8
0.132683 -0.586765 1.320820 8
0.114953 -0.625845 1.310157 8
0.030627 -0.690748 1.250696 8
0.031815 -0.724425 1.254223 7
0.119561 -0.723227 1.321252 7
0.134968 -0.750121 1.335274 7
0.152624 -0.775812 1.350998 7
0.151206 -0.809654 1.352865 7
-0.666133 0.594060 0.749319 2
-0.686255 0.555598 0.733986 2
-0.681565 0.515393 0.736908 2
-0.649713 0.474215 0.759814 2
-0.656072 0.434909 0.754856 2
-0.671110 0.395619 0.743645 2
-0.681553 0.355960 0.735898 2
-0.662289 0.316234 0.750002 2
-1.122251 0.043465 0.415663 6
-0.882677 0.019301 0.591671 6
-0.517967 0.013102 0.859163 6
-0.489438 -0.021870 0.880890 6
0.059460 0.007561 1.282824 6
0.108471 -0.017312 1.319494 6
0.138807 -0.043808 1.342581 6
0.140271 -0.074196 1.344666 6
0.177818 -0.098484 1.373133 6
0.023601 -0.156737 1.261939 8
0.055596 -0.182711 1.286546 8
0.022966 -0.221254 1.264188 8
0.070260 -0.243298 1.300054 8
0.094465 -0.269579 1.319179 8
0.115512 -0.296124 1.336068 8
0.119981 -0.326442 1.340993 8
0.138285 -0.353077 1.356019 8
0.118596 -0.389887 1.343606 8
0.163795 -0.408512 1.378224 8
0.137915 -0.447553 1.361521 8
0.109676 -0.488069 1.343243 8
0.101324 -0.522910 1.339431 8
0.115480 -0.550469 1.351924 8
0.050228 -0.605608 1.307399 8
0.014654 -0.651726 1.284393 8
-0.074566 -0.718975 1.223091 7
0.013110 -0.720064 1.288709 7
0.079022 -0.727815 1.338685 7
0.115701 -0.746118 1.367751 7
0.103025 -0.784631 1.361658 7
0.112644 -0.813863 1.371555 7
-1.145336 0.044800 0.464447 6
-0.937902 0.017842 0.613474 6
-0.567178 0.011661 0.879131 6
-0.493846 -0.018597 0.932398 6
0.009973 0.005010 1.292901 6
0.111448 -0.013202 1.366203 6
0.101375 -0.045221 1.359999 6
0.068146 -0.081140 1.337388 6
0.129007 -0.102096 1.381883 6
-0.030291 -0.161212 1.269753 8
-0.026393 -0.192910 1.273905 8
0.038851 -0.212133 1.321730 8
0.048125 -0.241914 1.329835 8
0.074308 -0.267720 1.350010 8
0.033756 -0.308895 1.322945 8
0.073402 -0.331048 1.352807 8
0.056562 -0.367152 1.342746 8
0.099792 -0.387289 1.375248 8
0.088765 -0.422006 1.369476 8
0.099302 -0.450663 1.379014 8
0.076645 -0.489461 1.365250 8
0.038980 -0.533750 1.341060 8
0.025105 -0.571117 1.333743 8
-0.012152 -0.617042 1.310143 8
-0.095940 -0.680689 1.254114 8
-0.096623 -0.715705 1.256490 7
-0.001718 -0.714256 1.325743 7
0.051508 -0.727094 1.365826 7
0.030559 -0.769019 1.354241 7
0.030028 -0.803034 1.356999 7
-1.177526 0.045447 0.506616 6
-0.950584 0.020074 0.665832 6
-0.600862 0.011776 0.910697 6
-0.519690 -0.017699 0.968244 6
-0.066833 -0.000750 1.284872 6
0.044007 -0.018419 1.363058 6
0.042759 -0.049614 1.363219 6
0.025513 -0.083359 1.352338 6
0.037867 -0.112638 1.362141 6
-0.074001 -0.163757 1.285710 8
-0.055299 -0.192821 1.300138 8
-0.050113 -0.224233 1.305261 8
-0.024280 -0.251209 1.324784 8
0.025274 -0.272341 1.360796 8
0.022746 -0.304677 1.360801 8
0.018902 -0.337481 1.359993 8
0.024846 -0.367923 1.366040 8
0.035305 -0.397093 1.375287 8
0.013781 -0.435160 1.362576 8
0.034891 -0.461268 1.379335 8
-0.013125 -0.508181 1.348642 8
-0.021087 -0.543586 1.345624 8
-0.065873 -0.591473 1.317477 8
-0.108576 -0.639843 1.290943 8
-0.225650 -0.715754 1.213759 7
-0.139248 -0.719992 1.275799 7
-0.055452 -0.723261 1.335987 7
-0.018485 -0.742950 1.364240 7
-0.010652 -0.773635 1.372727 7
-0.029596 -0.815413 1.363147 7
-1.197344 0.047005 0.557276 6
-0.955573 0.022930 0.722905 6
-0.608746 0.014384 0.960091 6
-0.526540 -0.014761 1.017039 6
-0.095144 -0.000611 1.311660 6
-0.017724 -0.022765 1.365333 6
-0.043408 -0.057793 1.348957 6
-0.039941 -0.088997 1.352497 6
-0.220471 -0.150415 1.231221 8
-0.138888 -0.169944 1.288021 8
-0.106515 -0.196882 1.311480 8
-0.106154 -0.229506 1.313319 8
-0.095171 -0.259959 1.322443 8
-0.031465 -0.278540 1.367293 8
-0.063867 -0.318155 1.347249 8
-0.029816 -0.342325 1.372179 8
-0.019359 -0.371843 1.381258 8
-0.050440 -0.412351 1.362455 8
-0.061853 -0.448174 1.357025 8
-0.087032 -0.488380 1.342470 8
-0.068797 -0.516109 1.357176 8
-0.101631 -0.559618 1.337749 8
-0.152544 -0.609933 1.306396 8
-0.275198 -0.685900 1.227340 8
-0.262051 -0.717265 1.239194 7
-0.175411 -0.721782 1.300060 7
-0.082852 -0.722138 1.364784 7
-0.095394 -0.761079 1.359676 7
-0.140329 -0.813398 1.333255 7
-0.948818 0.026729 0.787041 6
-0.668459 0.012030 0.974451 6
-0.526855 -0.011168 1.069592 6
-0.106198 0.001572 1.350133 6
-0.113926 -0.031440 1.346050 6
-0.134016 -0.066402 1.333867 6
-0.105137 -0.094456 1.354270 6
-0.296486 -0.157728 1.228813 8
-0.203216 -0.175876 1.292103 8
-0.202009 -0.209033 1.294490 8
-0.156729 -0.233561 1.326110 8
-0.154999 -0.266190 1.329017 8
-0.124229 -0.292481 1.351183 8
-0.124643 -0.325347 1.352857 8
-0.135538 -0.360844 1.347734 8
-0.089036 -0.382106 1.380475 8
-0.103273 -0.418509 1.373351 8
-0.118284 -0.455549 1.365846 8
-0.149728 -0.497778 1.347705 8
-0.183535 -0.541553 1.328181 8
-0.197117 -0.579919 1.322041 8
-0.297657 -0.646861 1.259310 8
-0.376953 -0.709163 1.210732 0
-0.297983 -0.718517 1.265354 7
-0.188284 -0.715108 1.339874 7
-0.177367 -0.745870 1.350249 7
-0.177523 -0.780752 1.353550 7
-0.195259 -0.822725 1.345617 7
-0.716717 0.010822 0.997350 6
-0.505285 -0.005325 1.135576 6
-0.160763 -0.001330 1.360071 6
-0.178852 -0.035928 1.349442 6
-0.178890 -0.068471 1.350618 6
-0.239998 -0.110210 1.312374 6
-0.394539 -0.168407 1.213870 0
-0.328913 -0.192220 1.257895 8
-0.283305 -0.218296 1.289033 8
-0.284858 -0.252592 1.289807 8
-0.243034 -0.278064 1.318644 8
-0.210007 -0.304576 1.341871 8
-0.209596 -0.337873 1.344187 8
-0.167640 -0.361277 1.373294 8
-0.198243 -0.402044 1.355896 8
-0.191697 -0.433840 1.362457 8
-0.192552 -0.467610 1.364380 8
-0.237823 -0.514182 1.338033 8
-0.286765 -0.562991 1.309537 8
-0.378438 -0.626228 1.254023 8
-0.417677 -0.674914 1.232163 0
-0.384042 -0.700456 1.256788 0
-0.327522 -0.717482 1.295975 7
-0.269295 -0.732713 1.336240 7
-0.313398 -0.784266 1.311844 7
-0.269088 -0.803510 1.343426 7
-0.769183 0.009266 1.018320 6
-0.534208 -0.004838 1.168171 6
-0.283111 -0.011957 1.328183 6
-0.285560 -0.045571 1.327799 6
-0.287869 -0.079265 1.327611 6
-0.275410 -0.110870 1.336859 6
-0.401741 -0.164362 1.258634 0
-0.398628 -0.198656 1.262255 0
-0.366211 -0.227625 1.284442 0
-0.384945 -0.265793 1.274518 8
-0.328548 -0.289139 1.311960 8
-0.329284 -0.323582 1.313564 8
-0.329291 -0.357955 1.315740 8
-0.287649 -0.382524 1.344123 8
-0.295848 -0.418635 1.341370 8
-0.312104 -0.457116 1.333709 8
-0.323312 -0.494691 1.329342 8
-0.381542 -0.545908 1.295812 8
-0.395562 -0.585559 1.290017 0
-0.388650 -0.619250 1.297372 0
-0.397657 -0.657943 1.294964 0
-0.401742 -0.695348 1.295746 0
-0.376129 -0.722881 1.315017 7
-0.395368 -0.765715 1.306688 7
-0.411713 -0.808082 1.300312 7
-0.804828 0.009315 1.050545 6
-0.526142 -0.000526 1.223792 6
-0.402110 -0.021962 1.301511 6
-0.377586 -0.053160 1.317872 6
-0.437014 -0.095267 1.282577 6
-0.417850 -0.127191 1.295859 0
-0.397844 -0.158617 1.309756 0
-0.442137 -0.200505 1.284210 0
-0.427272 -0.232802 1.295173 0
-0.408719 -0.264134 1.308498 0
-0.402358 -0.297586 1.314443 0
-0.423440 -0.336809 1.303692 0
-0.413215 -0.369571 1.312238 0
-0.434313 -0.409547 1.301755 0
-0.422194 -0.441907 1.311690 0
-0.427227 -0.478500 1.311278 0
-0.440159 -0.517422 1.306191 0
-0.413380 -0.545630 1.325374 0
-0.422466 -0.583774 1.322879 0
-0.425246 -0.620327 1.324346 0
-0.427423 -0.656869 1.326308 0
-0.442473 -0.697761 1.320637 0
-0.429624 -0.729739 1.331930 0
-0.436259 -0.768327 1.331612 0
-0.610329 -0.005690 1.222906 6
-0.660958 -0.047514 1.193647 6
-0.438477 -0.056720 1.328842 0
-0.430835 -0.090038 1.334825 0
-0.471188 -0.130209 1.312091 0
-0.430566 -0.158670 1.338111 0
-0.445086 -0.195510 1.331144 0
-0.468244 -0.234262 1.319140 0
-0.462955 -0.268216 1.324306 0
-0.439060 -0.298409 1.340709 0
-0.464425 -0.338524 1.327791 0
-0.425279 -0.364982 1.353498 0
-0.448996 -0.405277 1.341834 0
-0.414582 -0.432024 1.364902 0
-0.458586 -0.478062 1.341468 0
-0.425709 -0.504746 1.363823 0
-0.459298 -0.549192 1.346895 0
-0.467216 -0.587099 1.345332 0
-0.427437 -0.611026 1.372056 0
-0.459382 -0.656428 1.356584 0
-0.449880 -0.689338 1.365677 0
-0.499623 -0.741871 1.340120 0
-0.463546 -0.766125 1.365066 0
-0.478400 -0.807797 1.360300 0
-0.451795 -0.054360 1.368912 0
-0.450552 -0.088330 1.371060 0
-0.448984 -0.122274 1.373517 0
-0.476979 -0.160802 1.358799 0
-0.444075 -0.189925 1.379827 0
-0.478375 -0.230225 1.361699 0
-0.502315 -0.269393 1.349780 0
-0.455238 -0.295116 1.379390 0
-0.461152 -0.330933 1.378225 0
-0.457696 -0.364900 1.382639 0
-0.448698 -0.397595 1.390389 0
-0.455984 -0.434102 1.388814 0
-0.447563 -0.466898 1.396467 0
-0.477918 -0.509796 1.381832 0
-0.485527 -0.547226 1.380502 0
-0.457900 -0.574886 1.399605 0
-0.493705 -0.620813 1.382327 0
-0.478742 -0.652056 1.394383 0
-0.436662 -0.674453 1.422065 0
-0.455561 -0.716112 1.414943 0
-0.506374 -0.769182 1.389803 0
-0.458380 -0.788766 1.421144 0
-0.448961 -0.050063 1.417984 0
-0.450634 -0.084040 1.418471 0
-0.495914 -0.124303 1.394196 0
-0.442353 -0.150463 1.426446 0
-0.471490 -0.189063 1.411657 0
-0.452746 -0.220000 1.424270 0
-0.467941 -0.256872 1.417695 0
-0.472684 -0.292090 1.417199 0
-0.463516 -0.324610 1.424724 0
-0.477228 -0.361971 1.419408 0
-0.465819 -0.393982 1.428444 0
-0.448785 -0.424487 1.440765 0
-0.465424 -0.463105 1.434207 0
-0.490375 -0.504336 1.423132 0
-0.462603 -0.531910 1.441853 0
-0.506487 -0.579182 1.420473 0
-0.504918 -0.614202 1.424757 0
-0.483953 -0.643401 1.440008 0
-0.506351 -0.685904 1.431176 0
-0.483542 -0.714285 1.447681 0
-0.516042 -0.760917 1.433573 0
-0.464818 -0.779255 1.466051 0
-0.511971 1.491808 1.492877 0
-0.487810 -0.017043 1.441797 0
-0.479759 -0.049856 1.447639 0
-0.534807 -0.090766 1.418485 0
-0.458817 -0.114421 1.462366 0
-0.457015 -0.147756 1.465086 0
-0.499488 -0.188273 1.443363 0
-0.470348 -0.217393 1.461509 0
-0.478820 -0.252840 1.458924 0
-0.444895 -0.280323 1.479920 0
-0.456357 -0.316421 1.475933 0
-0.491875 -0.357999 1.458829 0
-0.502086 -0.394704 1.455845 0
-0.471389 -0.422047 1.475498 0
-0.471223 -0.456352 1.478473 0
-0.508090 -0.500277 1.461291 0
-0.498369 -0.532587 1.469793 0
-0.510112 -0.570773 1.466695 0
-0.476567 -0.596185 1.488433 0
-0.517193 -0.643278 1.469907 0
-0.511735 -0.677003 1.476616 0
-0.513317 -0.712993 1.479642 0
-0.508214 -0.746905 1.486425 0
-0.509527 -0.783037 1.489881 0
-0.507076 -0.817986 1.495509 0
-0.519582 1.482452 1.536952 0
-0.515357 1.445480 1.534782 0
-0.530759 1.415200 1.522458 0
-0.530049 1.379562 1.518726 0
-0.491321 1.332330 1.535209 0
-0.495153 1.298709 1.529410 0
-0.528808 1.273665 1.507934 0
-0.510174 1.233561 1.514301 0
-0.550000 1.209475 1.489730 0
-0.537080 1.171190 1.493346 0
-0.511609 1.130204 1.503830 0
-0.534655 1.101180 1.488535 0
-0.501756 1.059268 1.503321 0
-0.539304 1.033105 1.480480 0
-0.533138 0.997391 1.481214 0
-0.503568 0.957393 1.494690 0
-0.507151 -0.015583 1.478067 0
-0.526556 -0.051521 1.468927 0
-0.507873 -0.082987 1.480575 0
-0.494533 -0.114854 1.489441 0
-0.499048 -0.149166 1.488763 0
-0.490940 -0.181601 1.495039 0
-0.506556 -0.217970 1.488631 0
-0.506795 -0.251939 1.490662 0
-0.519483 -0.288360 1.486122 0
-0.525095 -0.323684 1.485538 0
-0.514355 -0.355719 1.493873 0
-0.516450 -0.390465 1.495445 0
-0.492068 -0.419146 1.511324 0
-0.496289 -0.454379 1.512014 0
-0.509741 -0.492140 1.507925 0
-0.532998 -0.532878 1.498780 0
-0.489282 -0.555709 1.525399 0
-0.515259 -0.597696 1.515116 0
-0.511579 -0.631515 1.520721 0
-0.498908 -0.662588 1.531204 0
-0.486109 -0.693456 1.541866 0
-0.509810 -0.736205 1.533464 0
-0.515395 -0.773411 1.534762 0
-0.510445 -0.807155 1.541728 0
-0.691285 -0.473681 -1.659718 4
-0.684943 -0.400515 -1.624216 4
-0.698373 -0.300260 -1.566089 4
-0.669501 -0.264640 -1.560410 4
-0.671981 -0.185146 -1.518254 4
-0.625948 -0.175098 -1.533790 4
-0.587843 -0.153620 -1.540059 4
-0.572703 -0.101606 -1.520472 4
-0.535202 -0.079563 -1.526522 4
-0.514137 -0.036564 -1.514572 4
-0.472324 -0.019846 -1.525647 4
-0.425719 -0.008427 -1.541788 4
-0.412149 0.042695 -1.522784 4
-0.370558 0.060494 -1.533733 4
-0.344696 0.096519 -1.528376 4
-0.302603 0.114320 -1.539908 4
-0.281958 0.155787 -1.529725 4
-0.260687 0.196081 -1.520587 4
-0.230130 0.226325 -1.521001 4
-0.218335 0.275536 -1.503277 4
-0.163871 0.281720 -1.527314 4
-0.106861 0.286494 -1.553457 4
-0.060775 0.302751 -1.568906 4
0.004453 0.301947 -1.602132 4
0.061753 0.309760 -1.627522 4
0.123509 0.314713 -1.656676 4
-0.668732 1.500436 -0.716285 2
-0.699381 1.556801 -0.676040 2
-0.705327 1.595781 -0.656572 2
-0.706545 1.631105 -0.641311 2
-0.684927 1.651905 -0.644617 2
-0.715287 1.703972 -0.606775 2
-0.707847 1.732636 -0.599324 2
-0.699541 1.760590 -0.592751 2
-0.802603 1.850122 -0.500045 2
-0.775734 1.866113 -0.508741 2
-0.743035 1.879412 -0.521852 2
-0.708844 1.892485 -0.535995 2
-0.682586 1.910091 -0.544050 2
-0.668126 1.933782 -0.543249 2
-0.670891 1.965648 -0.529737 2
-0.642116 1.982635 -0.539777 2
-0.634789 2.009616 -0.534033 2
-0.656706 2.049131 -0.507125 2
-0.585353 2.048602 -0.548201 2
-0.185003 1.915560 -0.825675 2
-0.685030 -0.476443 -1.596566 4
-0.710146 -0.355920 -1.524376 4
-0.660218 -0.350734 -1.543234 4
-0.645142 -0.294262 -1.521216 4
-0.601499 -0.279491 -1.532842 4
-0.561501 -0.259168 -1.540251 4
-0.529786 -0.227386 -1.538443 4
-0.502816 -0.189555 -1.531684 4
-0.480731 -0.145893 -1.520018 4
-0.441364 -0.124710 -1.527397 4
-0.411897 -0.091032 -1.524321 4
-0.364096 -0.079681 -1.540693 4
-0.356268 -0.020459 -1.515593 4
-0.335095 0.022062 -1.504911 4
-0.303681 0.052451 -1.505001 4
-0.244383 0.052029 -1.533064 4
-0.218116 0.088563 -1.528140 4
-0.178583 0.110817 -1.536434 4
-0.140142 0.134557 -1.543677 4
-0.109494 0.166484 -1.543520 4
-0.105790 0.225030 -1.518144 4
-0.045209 0.227375 -1.546536 4
-0.038733 0.282204 -1.524562 4
-0.003998 0.309881 -1.529032 4
0.064843 0.306853 -1.564440 4
0.142987 0.297127 -1.607655 4
-0.674515 1.391327 -0.714184 2
-0.678434 1.431775 -0.695148 2
-0.678192 1.468629 -0.679906 2
-0.700287 1.520017 -0.647030 2
-0.701667 1.556494 -0.631322 2
-0.692005 1.585290 -0.624706 2
-0.685826 1.616072 -0.615549 2
-0.723208 1.673301 -0.572646 2
-0.751681 1.723609 -0.537381 2
-0.714743 1.734406 -0.552987 2
-0.742806 1.782896 -0.518876 2
-0.760330 1.824310 -0.493326 2
-0.778950 1.865426 -0.467400 2
-0.735056 1.872662 -0.488580 2
-0.736510 1.904043 -0.475934 2
-0.702479 1.917279 -0.489659 2
-0.665122 1.929468 -0.505708 2
-0.655630 1.955504 -0.501387 2
-0.626801 1.972560 -0.511149 2
-0.609222 1.995076 -0.512800 2
-0.600260 2.021474 -0.508372 2
-0.623904 2.061537 -0.481008 2
-0.595129 2.079278 -0.490919 2
-0.036881 1.887629 -0.870770 2
-0.087528 1.943305 -0.823177 2
-0.229397 2.031306 -0.713271 2
-0.651230 -0.607912 -1.609861 4
-0.687341 -0.466035 -1.524080 4
-0.642330 -0.452109 -1.535978 4
-0.601515 -0.431436 -1.542937 4
-0.570769 -0.395980 -1.538505 4
-0.544522 -0.354580 -1.529402 4
-0.512222 -0.322164 -1.527461 4
-0.480292 -0.289479 -1.525395 4
-0.435358 -0.274137 -1.537568 4
-0.408061 -0.235536 -1.530949 4
-0.366351 -0.215526 -1.539789 4
-0.347186 -0.167385 -1.525332 4
-0.301292 -0.152259 -1.538698 4
-0.286926 -0.099389 -1.520177 4
-0.253462 -0.069529 -1.521307 4
-0.223991 -0.035170 -1.518675 4
-0.158562 -0.040642 -1.551258 4
-0.143665 0.009950 -1.534711 4
-0.124367 0.055055 -1.522903 4
-0.101206 0.095572 -1.515166 4
-0.064210 0.121717 -1.520641 4
-0.042705 0.163412 -1.511920 4
-0.004005 0.188053 -1.519211 4
0.038021 0.209869 -1.529520 4
0.052920 0.257272 -1.515585 4
0.090086 0.283874 -1.521762 4
0.147077 0.293183 -1.545321 4
0.277165 0.240149 -1.631908 4
-0.683039 1.280113 -0.711340 2
-0.658925 1.301125 -0.714622 2
-0.694064 1.366259 -0.669781 2
-0.704594 1.411739 -0.645640 2
-0.721157 1.460546 -0.617180 2
-0.717502 1.494240 -0.605310 2
-0.684067 1.507354 -0.617139 2
-0.724396 1.569723 -0.571345 2
-0.732628 1.609611 -0.551198 2
-0.739107 1.647649 -0.532799 2
-0.727757 1.674054 -0.528350 2
-0.748948 1.719865 -0.499454 2
-0.757858 1.757425 -0.480286 2
-0.739925 1.778976 -0.481475 2
-0.779211 1.832486 -0.440421 2
-0.773261 1.859948 -0.433239 2
-0.745394 1.875613 -0.442210 2
-0.737256 1.901840 -0.436852 2
-0.720804 1.923767 -0.437618 2
-0.662529 1.925386 -0.468306 2
-0.666734 1.957874 -0.454350 2
-0.641641 1.976401 -0.461292 2
-0.627701 2.000263 -0.460411 2
-0.614777 2.024616 -0.458908 2
-0.604389 2.050070 -0.455745 2
-0.584379 2.071546 -0.459300 2
0.105775 1.826702 -0.920166 2
-0.335713 2.034750 -0.607998 2
-0.183188 2.010007 -0.700115 2
-0.075133 2.004742 -0.761416 2
-0.160457 2.069256 -0.693251 2
0.033017 2.037513 -0.810615 2
0.069067 2.061259 -0.823047 2
-0.641662 -0.615699 -1.550153 4
-0.622879 -0.558851 -1.530145 4
-0.600134 -0.509395 -1.515502 4
-0.551949 -0.498475 -1.530091 4
-0.501971 -0.489414 -1.546479 4
-0.493211 -0.421533 -1.517676 4
-0.461324 -0.387269 -1.514777 4
-0.412418 -0.376177 -1.530238 4
-0.390539 -0.328798 -1.517207 8
-0.365097 -0.286830 -1.508411 8
-0.374581 -0.201538 -1.464424 8
-0.325628 -0.190565 -1.480607 8
-0.292394 -0.159905 -1.480949 8
-0.278878 -0.106102 -1.462100 8
-0.206673 -0.120900 -1.500880 8
-0.173508 -0.089803 -1.501473 8
-0.122662 -0.078214 -1.519011 8
-0.107835 -0.026959 -1.502551 4
-0.041835 -0.030546 -1.534103 4
-0.012764 0.005497 -1.531263 4
0.008006 0.049759 -1.521126 4
0.031365 0.090956 -1.513700 4
0.060118 0.126569 -1.511391 4
0.125110 0.127764 -1.541171 4
0.143702 0.173304 -1.530113 4
0.160608 0.219866 -1.517984 4
0.208498 0.238413 -1.532702 4
0.292320 0.226469 -1.577677 4
-0.718934 1.227795 -0.670348 2
-0.693066 1.247179 -0.674840 2
-0.711737 1.301366 -0.643386 2
-0.700358 1.331424 -0.636635 2
-0.719314 1.383747 -0.606024 2
-0.693948 1.402655 -0.610902 2
-0.709625 1.450913 -0.583767 2
-0.703538 1.483003 -0.574011 2
-0.722258 1.531535 -0.545463 2
-0.721697 1.566191 -0.532141 2
-0.745907 1.616358 -0.500403 2
-0.743234 1.648337 -0.489391 2
-0.730838 1.673938 -0.485861 2
-0.875755 1.794002 -0.366355 2
-0.786219 1.771905 -0.420465 2
-0.827681 1.826923 -0.378592 2
-0.796857 1.840043 -0.389586 2
-0.782834 1.862786 -0.388450 2
-0.766870 1.884520 -0.388785 2
-0.754352 1.908111 -0.386750 2
-0.737471 1.929500 -0.387875 2
-0.701249 1.941541 -0.402536 2
-0.668876 1.956045 -0.414404 2
-0.690211 1.995927 -0.389247 2
-0.643387 2.004283 -0.411058 2
-0.627438 2.027029 -0.411695 2
-0.604109 2.046751 -0.417371 2
-0.584179 2.068170 -0.420765 2
-0.599085 2.103708 -0.400979 2
-0.484025 2.088334 -0.467550 2
-0.442748 2.103150 -0.484827 2
-0.143263 2.025124 -0.670877 2
-0.060884 2.030114 -0.713620 2
-0.073284 2.068866 -0.694665 2
0.135726 2.034731 -0.818334 2
-0.604818 -0.666586 -1.522260 4
-0.552097 -0.661143 -1.540633 4
-0.518521 -0.625893 -1.537445 4
-0.502468 -0.565239 -1.515423 4
-0.472259 -0.526439 -1.509532 4
-0.409245 -0.534227 -1.538911 4
-0.406246 -0.457991 -1.504776 8
-0.692786 0.004870 -1.172289 6
-0.631690 -0.007931 -1.203648 6
-0.580952 -0.005751 -1.223940 6
-0.526245 -0.007511 -1.247844 6
-0.456856 -0.026071 -1.285751 6
-0.414309 -0.010392 -1.296865 6
-0.378916 0.014222 -1.301032 6
-0.231389 -0.089980 -1.411470 8
-0.191772 -0.067022 -1.418505 8
-0.151580 -0.044387 -1.426087 8
-0.072376 -0.063450 -1.469364 8
-0.043606 -0.027189 -1.466224 8
0.015052 -0.021961 -1.490073 4
0.077783 -0.019699 -1.517185 4
0.114353 0.009716 -1.520976 4
0.148907 0.041247 -1.523106 4
0.183652 0.072688 -1.525519 4
0.237600 0.086454 -1.544361 4
0.245131 0.143166 -1.523942 4
0.280868 0.173928 -1.527574 4
-0.690435 1.078529 -0.700379 2
-0.681044 1.113111 -0.690461 2
-0.704494 1.174532 -0.654237 2
-0.689238 1.202914 -0.649833 2
-0.691271 1.244859 -0.631859 2
-0.696544 1.288558 -0.611747 2
-0.734981 1.356606 -0.566171 2
-0.740017 1.397901 -0.547341 2
-0.746513 1.439483 -0.527799 2
-0.728241 1.462687 -0.527531 2
-0.741572 1.507844 -0.503484 2
-0.743899 1.544575 -0.488155 2
-0.759498 1.589501 -0.463289 2
-0.758899 1.622965 -0.450839 2
-0.777564 1.668136 -0.424568 2
-0.735691 1.674948 -0.442722 2
-0.876419 1.792469 -0.329127 2
-0.846873 1.805436 -0.339055 2
-0.839261 1.831427 -0.333339 2
-0.845037 1.864728 -0.318340 2
-0.809801 1.875151 -0.332313 2
-0.798500 1.898898 -0.329530 2
-0.752438 1.904621 -0.350828 2
-0.744550 1.930476 -0.345749 2
-0.761017 1.968145 -0.324235 2
-0.684544 1.960711 -0.365881 2
-0.673189 1.985179 -0.363325 2
-0.655650 2.006838 -0.364992 2
-0.627141 2.023835 -0.373970 2
-0.613526 2.047598 -0.373092 2
-0.586359 2.065818 -0.381155 2
-0.564262 2.086464 -0.385885 2
-0.503224 2.092265 -0.415782 2
-0.423717 2.092347 -0.457242 2
-0.136563 2.018531 -0.630833 2
-0.085929 2.034576 -0.652335 2
-0.001462 2.040044 -0.695005 2
0.080770 2.047966 -0.735853 2
-0.548499 -0.748035 -1.515020 4
-0.508152 -0.721857 -1.518636 4
-0.470176 -0.692068 -1.519822 4
-0.891451 0.011967 -1.031729 6
-0.839049 0.005579 -1.055435 6
-0.801702 0.021642 -1.063069 6
-0.744742 0.011152 -1.090717 6
-0.660771 -0.034018 -1.145033 6
-0.640880 0.007924 -1.134349 6
-0.580241 -0.003108 -1.164133 6
-0.525823 -0.004726 -1.187304 6
-0.479449 0.004746 -1.202369 6
-0.407928 -0.015213 -1.241022 6
-0.360381 -0.004964 -1.256513 6
-0.311731 0.004788 -1.272827 6
-0.248746 -0.000768 -1.302012 6
-0.192211 0.002261 -1.324876 6
-0.086343 -0.046692 -1.391406 8
-0.022080 -0.048409 -1.419924 8
0.052767 -0.059625 -1.457224 8
0.184651 -0.126568 -1.543147 4
0.199003 -0.073135 -1.527001 4
0.248987 -0.054969 -1.541487 4
0.258086 0.002582 -1.521612 4
0.307002 0.022294 -1.535294 4
-0.695440 0.995423 -0.686100 2
-0.699029 1.042565 -0.665233 2
-0.710612 1.095672 -0.638433 2
-0.696535 1.125759 -0.632697 2
-0.695622 1.166534 -0.616766 2
-0.720893 1.227876 -0.580723 2
-0.723610 1.269682 -0.562919 2
-0.736737 1.318806 -0.537515 2
-0.747005 1.364655 -0.514821 2
-0.721042 1.382597 -0.519984 2
-0.767282 1.453280 -0.471040 2
-0.736363 1.467046 -0.480331 2
-0.778957 1.532306 -0.435372 2
-0.760210 1.554050 -0.436061 2
-0.785908 1.605338 -0.404585 2
-0.782769 1.636662 -0.394428 2
-0.857006 1.716551 -0.329268 2
-0.892811 1.770031 -0.292403 2
-0.883811 1.795017 -0.287662 2
-0.906712 1.838630 -0.260798 2
-0.849275 1.835082 -0.290036 2
-0.860082 1.870991 -0.271990 2
-0.838237 1.888405 -0.276556 2
-0.787679 1.890792 -0.300580 2
0.121466 1.449170 -0.902203 2
0.142027 1.480345 -0.901650 2
0.175281 1.505361 -0.909616 2
0.185715 1.541713 -0.902514 2
-0.709265 1.999127 -0.302534 2
-0.694178 2.021341 -0.302701 2
-0.650016 2.030863 -0.321724 2
-0.597836 2.037792 -0.345713 2
-0.592734 2.065250 -0.339406 2
-0.578240 2.088779 -0.339197 2
-0.565079 2.112913 -0.338209 2
-0.428013 2.090338 -0.414932 2
-0.145635 2.017732 -0.581299 2
-0.061959 2.021846 -0.622727 2
-0.012407 2.039323 -0.642733 2
0.089237 2.040517 -0.694454 2
0.105307 2.071030 -0.693584 2
0.135590 2.097292 -0.701392 2
-0.489617 -0.833285 -1.508372 4
-0.425775 -0.841440 -1.536304 4
-0.403445 -0.785671 -1.519925 4
-0.885130 0.007706 -0.981033 6
-0.825527 -0.009046 -1.011587 6
-0.774354 -0.012198 -1.032964 6
-0.712297 -0.029053 -1.064772 6
-0.668732 -0.019322 -1.077743 6
-0.635032 0.004000 -1.080986 6
-0.587216 0.009331 -1.097825 6
-0.536223 0.011572 -1.117407 6
-0.471625 -0.001826 -1.149367 6
-0.436392 0.021732 -1.153645 6
-0.347832 -0.017127 -1.206551 6
-0.311693 0.007073 -1.211192 6
-0.255605 0.009047 -1.233635 6
-0.200101 0.012819 -1.255213 6
-0.130868 0.002916 -1.288408 6
-0.049922 -0.017621 -1.331107 6
-0.030265 0.027225 -1.320881 6
0.154730 -0.095339 -1.450237 8
0.297132 -0.169268 -1.541556 4
0.326854 -0.129682 -1.538236 4
-0.701093 0.910450 -0.671752 2
-0.679643 0.936046 -0.670775 2
-0.707663 1.006426 -0.630331 2
-0.707076 1.049482 -0.613441 2
-0.722377 1.105526 -0.584497 2
-0.739638 1.161870 -0.554668 2
-0.733072 1.197028 -0.543839 2
-0.749116 1.250079 -0.516033 2
-0.743515 1.284653 -0.505192 2
-0.754088 1.331336 -0.482497 2
-0.730798 1.351252 -0.485457 2
-0.740701 1.396029 -0.463979 2
-0.764104 1.449698 -0.433076 2
-0.759819 1.482339 -0.422837 2
-0.861712 1.588375 -0.336510 2
-0.863644 1.622755 -0.322935 2
-0.904606 1.682496 -0.282037 2
-0.863298 1.687161 -0.299588 2
-0.882374 1.730874 -0.274884 2
-0.895322 1.769791 -0.254858 2
-0.920259 1.815147 -0.226976 2
-0.891877 1.827959 -0.235865 2
-0.853028 1.835183 -0.251754 2
-0.830940 1.852530 -0.256230 2
-0.827804 1.880490 -0.248080 2
-0.835830 1.914127 -0.232725 2
-0.825864 1.937852 -0.229456 2
-0.795088 1.950981 -0.239857 2
-0.767039 1.965950 -0.248407 2
0.238820 1.512485 -0.885840 2
0.275050 1.537218 -0.895319 2
0.262668 1.584497 -0.873896 2
0.324890 1.598147 -0.899880 2
0.312666 1.644835 -0.878962 2
0.295809 1.692740 -0.855504 2
-0.589229 2.089966 -0.295248 2
-0.527454 2.094876 -0.324189 2
-0.427148 2.086430 -0.376380 2
-0.370644 2.096211 -0.401389 2
-0.082287 2.024815 -0.566164 2
-0.005890 2.032698 -0.601817 2
0.036442 2.053388 -0.616787 2
0.075003 2.076000 -0.629413 2
0.163072 2.083995 -0.671170 2
0.249421 2.094268 -0.711514 2
-0.847353 -0.425284 -1.129711 8
-0.916811 -0.232078 -1.019288 8
-0.944550 -0.112219 -0.956533 8
-0.936994 -0.050925 -0.932586 8
-0.863745 -0.089783 -0.976900 8
-0.868396 -0.011841 -0.941381 6
-0.825195 -0.004811 -0.954729 6
-0.761592 -0.025591 -0.987936 6
-0.723706 -0.009226 -0.995481 6
-0.671374 -0.011826 -1.016815 6
-0.633889 0.006195 -1.023741 6
-0.595855 0.023829 -1.031167 6
-0.515906 -0.010654 -1.077148 6
-0.454112 -0.020287 -1.105650 6
-0.424084 0.009718 -1.105090 6
-0.361636 0.001601 -1.133472 6
-0.297933 -0.006421 -1.162446 6
-0.258265 0.014106 -1.170068 6
-0.191952 0.005710 -1.200512 6
-0.137969 0.012189 -1.219976 6
-0.056695 -0.009064 -1.262047 6
0.008873 -0.011926 -1.290333 6
-0.691995 0.759880 -0.689144 2
-0.692509 0.808779 -0.669412 2
-0.696350 0.859865 -0.647517 2
-0.709208 0.918356 -0.618992 2
-0.722359 0.975675 -0.590903 2
-0.752109 1.046634 -0.550510 2
-0.740409 1.078832 -0.543018 2
-0.730785 1.112473 -0.534171 2
-0.717163 1.142301 -0.528610 2
-0.754587 1.214305 -0.484888 2
-0.757639 1.256289 -0.467634 2
-0.770849 1.305561 -0.443276 2
-0.777160 1.348345 -0.424473 2
-0.796438 1.400154 -0.396672 2
-0.871639 1.492344 -0.329225 2
-0.898148 1.546027 -0.297694 2
-0.901157 1.581583 -0.283368 2
-0.893247 1.608933 -0.276997 2
-0.948674 1.679110 -0.226754 2
-0.932879 1.699760 -0.226507 2
-0.901080 1.710053 -0.237277 2
-0.952682 1.773759 -0.191307 2
-0.933126 1.791434 -0.194052 2
-0.904167 1.803595 -0.203101 2
-0.873606 1.815256 -0.213135 2
-0.874288 1.845398 -0.202493 2
-0.856813 1.864945 -0.203938 2
-0.868435 1.900557 -0.186524 2
-0.849711 1.919287 -0.188976 2
-0.845014 1.945489 -0.182468 2
-0.786229 1.944058 -0.210493 2
-0.784164 1.971879 -0.202369 2
-0.768052 1.992685 -0.203218 2
-0.726254 2.001589 -0.220112 2
-0.690523 2.014031 -0.233080 2
0.341656 1.586573 -0.858673 2
0.378715 1.612234 -0.868285 2
0.363821 1.660079 -0.846309 2
-0.564990 2.076966 -0.273324 2
-0.495710 2.079082 -0.305920 2
-0.442245 2.088631 -0.328744 2
-0.361294 2.089084 -0.367624 2
-0.102581 2.027879 -0.510747 2
-0.037767 2.039330 -0.538751 2
0.066538 2.038892 -0.589463 2
0.087029 2.067526 -0.591164 2
0.143615 2.085197 -0.613666 2
0.217547 2.098739 -0.645896 2
0.298090 2.111818 -0.681586 2
-1.008579 -0.394586 -1.000254 8
-0.981512 -0.357963 -0.993945 8
-0.969275 -0.297104 -0.972077 8
-0.970612 -0.215793 -0.936717 8
-0.971545 -0.137891 -0.903076 8
-0.940160 -0.113178 -0.903880 8
-0.909938 -0.086800 -0.903667 8
-0.923301 0.004562 -0.860137 6
-0.889229 0.023512 -0.864698 6
-0.827487 0.003103 -0.896144 6
-0.757903 -0.026327 -0.934396 6
-0.708081 -0.026421 -0.953128 6
-0.668756 -0.011421 -0.961751 6
-0.629085 0.003557 -0.970629 6
-0.547145 -0.035043 -1.017811 6
-0.536102 0.017788 -1.000414 6
-0.442841 -0.031109 -1.056400 6
-0.406659 -0.008432 -1.061255 6
-0.349311 -0.010346 -1.084445 6
-0.308977 0.008520 -1.092706 6
-0.254334 0.011736 -1.113011 6
-0.176414 -0.009529 -1.152445 6
-0.123559 -0.001697 -1.170448 6
-0.681317 0.649752 -0.689359 2
-0.702833 0.722509 -0.652098 2
-0.724048 0.792932 -0.615971 2
-0.703561 0.820244 -0.613702 2
-0.722502 0.885524 -0.580694 2
-0.722750 0.931392 -0.562945 2
-0.755169 1.006128 -0.520939 2
-0.752167 1.046615 -0.506777 2
-0.763516 1.099119 -0.482168 2
-0.782908 1.157381 -0.452111 2
-0.771246 1.187776 -0.445648 2
-0.785211 1.239175 -0.420618 2
-0.842853 1.324906 -0.364425 2
-0.877980 1.390016 -0.325503 2
-0.851670 1.405440 -0.331136 2
-0.882495 1.464683 -0.296362 2
-0.866009 1.487065 -0.295403 2
-0.886092 1.536078 -0.269119 2
-0.918022 1.592344 -0.235173 2
-0.908910 1.618494 -0.229895 2
-0.926991 1.662956 -0.206330 2
-0.918852 1.688942 -0.200834 2
-0.933901 1.729798 -0.180011 2
-0.923613 1.753675 -0.176343 2
-0.931315 1.788595 -0.160968 2
-0.918556 1.810493 -0.159221 2
-0.902575 1.830465 -0.159638 2
-0.861264 1.835901 -0.176371 2
-0.886039 1.879322 -0.150774 2
-0.864501 1.896270 -0.154916 2
-0.831922 1.907554 -0.165989 2
-0.809698 1.924784 -0.170494 2
-0.799134 1.948204 -0.167759 2
-0.793703 1.974121 -0.161952 2
-0.738234 1.975756 -0.186866 2
-0.776185 2.022328 -0.154758 2
-0.745724 2.036426 -0.164398 2
-0.712183 2.049646 -0.175805 2
-0.648015 2.050238 -0.205351 2
0.460178 1.615433 -0.852375 2
-0.597322 2.086904 -0.217809 2
-0.496686 2.076123 -0.267989 2
-0.454295 2.089750 -0.283771 2
-0.367536 2.087736 -0.325021 2
-0.138178 2.036523 -0.447646 2
-0.029346 2.032163 -0.500118 2
0.039897 2.043317 -0.529579 2
0.095050 2.060359 -0.550809 2
0.144345 2.080233 -0.568567 2
0.211430 2.095649 -0.596092 2
0.274729 2.113429 -0.621267 2
0.349291 2.129273 -0.652425 2
-1.058033 -0.383062 -0.921684 8
-1.051965 -0.310142 -0.893054 8
-1.021257 -0.282054 -0.891820 8
-1.008246 -0.224593 -0.872284 8
-0.997040 -0.165861 -0.851701 8
-0.994194 -0.095475 -0.823451 8
-0.971027 -0.059093 -0.816563 6
-0.974017 0.016569 -0.784280 6
-0.933373 0.024677 -0.795477 6
-0.861946 -0.011499 -0.835994 6
-0.830095 0.011391 -0.838182 6
-0.776704 0.004254 -0.860530 6
-0.702646 -0.029720 -0.901425 6
-0.672363 -0.002758 -0.901711 6
-0.612298 -0.014753 -0.928800 6
-0.564429 -0.009572 -0.944579 6
-0.506885 -0.015590 -0.968559 6
-0.472520 0.008106 -0.972119 6
-0.404642 -0.008152 -1.004285 6
-0.339341 -0.019545 -1.033668 6
-0.296776 -0.003223 -1.043597 6
-0.229525 -0.014070 -1.073745 6
-0.685026 0.550658 -0.678171 2
-0.691381 0.610119 -0.652736 2
-0.715946 0.687269 -0.613474 2
-0.703152 0.723728 -0.604564 2
-0.719956 0.789513 -0.572888 2
-0.736439 0.853236 -0.542213 2
-0.738815 0.901662 -0.523022 2
-0.743400 0.951145 -0.502640 2
-0.756835 1.007742 -0.476129 2
-0.756631 1.050591 -0.460323 2
-0.791459 1.123704 -0.419200 2
-0.848831 1.214292 -0.362547 2
-0.871091 1.272170 -0.332308 2
-0.869576 1.308766 -0.319660 2
-0.868073 1.344758 -0.307304 2
-0.886450 1.395992 -0.281306 2
-0.900310 1.442454 -0.258969 2
-0.894165 1.472607 -0.250861 2
-0.918029 1.524772 -0.222465 2
-0.929046 1.566239 -0.203307 2
-0.921302 1.593453 -0.197125 2
-0.906210 1.615291 -0.195996 2
-0.936228 1.667858 -0.165143 2
-0.905204 1.678373 -0.174841 2
-0.948862 1.737988 -0.135885 2
-0.955012 1.772008 -0.121785 2
0.265224 1.043830 -0.893071 2
-0.909419 1.803172 -0.131163 2
-0.907891 1.831746 -0.122410 2
-0.913772 1.864266 -0.109198 2
-0.866881 1.866503 -0.129018 2
-0.889405 1.907859 -0.105778 2
-0.833255 1.906062 -0.131106 2
-0.828428 1.932279 -0.124908 2
-0.803801 1.948210 -0.130802 2
-0.813240 1.981373 -0.116225 2
-0.797644 2.001884 -0.116808 2
-0.765180 2.014570 -0.127409 2
-0.755669 2.038292 -0.124420 2
-0.717939 2.049423 -0.137995 2
-0.728574 2.082119 -0.123372 2
0.473642 1.605367 -0.808286 2
-0.590041 2.080828 -0.186368 2
-0.512685 2.079139 -0.221945 2
-0.462443 2.089446 -0.241783 2
-0.370830 2.085351 -0.284690 2
-0.305016 2.092445 -0.312702 2
-0.043890 2.032996 -0.448951 2
0.033102 2.041209 -0.481926 2
0.091888 2.056842 -0.504567 2
0.117429 2.083959 -0.508846 2
0.168563 2.103696 -0.527019 2
0.271861 2.109230 -0.573196 2
0.330367 2.129323 -0.594863 2
-1.113792 -0.358060 -0.837287 8
-1.109826 -0.281529 -0.807213 8
-1.093174 -0.229999 -0.791703 8
-1.061981 -0.204884 -0.791951 8
-1.053390 -0.142128 -0.769358 8
-1.026932 -0.110538 -0.765575 6
-1.030367 -0.031692 -0.732570 6
-0.926240 -0.123299 -0.805345 8
-0.949602 -0.015391 -0.753973 6
-0.927373 0.020722 -0.747311 6
-0.872293 0.008361 -0.771588 6
-0.816872 -0.002940 -0.795664 6
-0.774307 0.005180 -0.807594 6
-0.712655 -0.012019 -0.836420 6
-0.665907 -0.007566 -0.851495 6
-0.625860 0.006497 -0.860495 6
-0.744600 0.223530 -0.732860 2
-0.717371 0.250181 -0.732500 2
-0.634544 0.208830 -0.778930 2
-0.626574 0.259746 -0.762319 2
-0.692995 0.396591 -0.685271 2
-0.705305 0.466756 -0.653948 2
-0.729297 0.548088 -0.614095 2
-0.713784 0.583675 -0.606523 2
-0.733586 0.656711 -0.571567 2
-0.761614 0.736347 -0.531095 2
-0.756613 0.779645 -0.516898 2
-0.749525 0.820014 -0.504677 2
-0.763651 0.880617 -0.476874 2
-0.786576 0.948171 -0.443186 2
-0.782473 0.988316 -0.430141 2
-0.840389 1.085174 -0.372253 2
-0.865900 1.149561 -0.338947 2
-0.879681 1.201780 -0.314733 2
-0.876709 1.238185 -0.302908 2
-0.905468 1.300960 -0.269118 2
-0.889871 1.325103 -0.266841 2
-0.907474 1.376180 -0.241805 2
-0.929361 1.429422 -0.214355 2
-0.921703 1.458278 -0.207439 2
-0.903566 1.478823 -0.207733 2
-0.922923 1.527386 -0.183145 2
-0.961440 1.588755 -0.146390 2
-0.911813 1.585469 -0.167954 2
-0.938826 1.636741 -0.139500 2
-0.934775 1.665497 -0.131550 2
-0.939889 1.700027 -0.117927 2
-0.962235 1.745184 -0.093656 2
-0.966027 1.777433 -0.081471 2
0.317025 1.008948 -0.872045 2
-0.911053 1.802395 -0.096517 2
-0.918658 1.836290 -0.082384 2
-0.914350 1.862697 -0.075770 2
-0.886161 1.875376 -0.083753 2
-0.880741 1.901027 -0.077981 2
-0.839298 1.907128 -0.093830 2
-0.831458 1.931616 -0.089589 2
-0.838382 1.963520 -0.076763 2
-0.813793 1.979255 -0.082571 2
-0.813657 2.007166 -0.074148 2
-0.780132 2.019047 -0.085127 2
-0.753302 2.034566 -0.092166 2
-0.774473 2.071880 -0.071846 2
-0.738415 2.083591 -0.084175 2
-0.703478 2.096404 -0.095755 2
-0.592732 2.078841 -0.149529 2
-0.488565 2.066328 -0.199019 2
-0.446213 2.079831 -0.213869 2
-0.387039 2.087823 -0.237792 2
-0.322564 2.095054 -0.264351 2
-0.066126 2.036598 -0.394504 2
0.017932 2.041990 -0.430431 2
0.073404 2.058371 -0.450695 2
0.139209 2.072522 -0.476262 2
0.225773 2.081639 -0.512553 2
0.264385 2.106434 -0.523275 2
0.345152 2.120046 -0.555953 2
0.418947 2.137097 -0.584690 2
-1.140035 -0.386365 -0.785834 8
-1.173703 -0.239264 -0.716250 8
-1.143348 -0.213390 -0.715798 8
-1.124866 -0.166984 -0.703414 8
-1.142948 -0.059260 -0.654844 6
-1.094234 -0.067262 -0.674116 8
-1.008556 -0.134257 -0.728982 8
-0.980384 -0.105535 -0.727162 8
-1.021818 0.031259 -0.659759 6
-0.976633 0.031001 -0.675183 6
-0.922216 0.017983 -0.698798 6
-0.868935 0.008175 -0.720876 6
-0.801253 -0.020683 -0.755356 6
-0.772509 0.006893 -0.754752 6
-0.710668 -0.010727 -0.783084 6
-0.674165 0.007178 -0.789081 6
-0.799416 0.235956 -0.658036 2
-0.747935 0.230823 -0.678255 2
-0.707342 0.240489 -0.689105 2
-0.700218 0.291599 -0.672498 2
-0.701152 0.351197 -0.649906 2
-0.707831 0.416023 -0.623379 2
-0.726408 0.492756 -0.588197 2
-0.737426 0.558815 -0.559808 2
-0.734195 0.607485 -0.543135 2
-0.751066 0.676698 -0.511605 2
-0.783941 0.760837 -0.468782 2
-0.795126 0.820126 -0.443140 2
-0.773992 0.845348 -0.441983 2
-0.869486 0.985540 -0.355709 2
-0.841714 1.001786 -0.360428 2
-0.864966 1.066537 -0.328590 2
-0.871937 1.114449 -0.308997 2
-0.885628 1.167378 -0.285136 2
-0.874264 1.196783 -0.279232 2
-0.898728 1.257000 -0.248815 2
-0.911077 1.305307 -0.227299 2
-0.917897 1.347891 -0.209981 2
-0.907041 1.375189 -0.204889 2
-0.907565 1.411316 -0.192384 2
-0.925723 1.460578 -0.168538 2
-0.944358 1.509013 -0.144851 2
-0.925035 1.527941 -0.146203 2
-0.926950 1.562479 -0.133948 2
-0.973772 1.628513 -0.093347 2
-0.951192 1.644105 -0.097302 2
-0.968956 1.687478 -0.075962 2
-0.942878 1.700591 -0.082263 2
-0.937928 1.727838 -0.075482 2
-0.945111 1.762541 -0.061427 2
-0.937500 1.787409 -0.056617 2
-0.970192 1.836611 -0.027635 2
-0.957286 1.857417 -0.026403 2
-0.917223 1.862481 -0.041356 2
-0.891894 1.876644 -0.047447 2
-0.905231 1.912497 -0.030865 2
-0.862209 1.917309 -0.047304 2
-0.860998 1.944895 -0.039430 2
-0.840137 1.962140 -0.042961 2
-0.824014 1.981983 -0.043786 2
-0.791639 1.994055 -0.053822 2
-0.781154 2.017005 -0.051473 2
-0.793203 2.050291 -0.036630 2
-0.778008 2.070812 -0.037108 2
-0.763979 2.091949 -0.036973 2
-0.708395 2.095628 -0.059595 2
-0.706019 2.122225 -0.053058 2
-0.520835 2.075917 -0.145321 2
-0.472203 2.086492 -0.163215 2
-0.414099 2.094432 -0.185976 2
-0.329625 2.093953 -0.222468 2
-0.068574 2.033376 -0.351557 2
-0.009308 2.046945 -0.373498 2
0.039385 2.065079 -0.389718 2
0.138908 2.068036 -0.432088 2
0.182718 2.089952 -0.445348 2
0.268592 2.100292 -0.480011 2
0.350112 2.113542 -0.512108 2
0.387421 2.140329 -0.521527 2
0.551407 2.134848 -0.594589 2
-1.161473 -0.423997 -0.739898 8
-1.171412 -0.318465 -0.695799 8
-1.208451 -0.167366 -0.625601 8
-1.185037 -0.131011 -0.618991 8
-1.140294 -0.132776 -0.633958 8
-1.109644 -0.109455 -0.634853 8
-1.094241 -0.060857 -0.621233 8
-1.016981 -0.114304 -0.666760 8
-1.001273 -0.066412 -0.653685 8
-1.011451 0.020512 -0.617380 6
-0.948054 -0.007311 -0.648890 6
-0.937951 0.046229 -0.632092 6
-0.858162 -0.002825 -0.677235 6
-0.827502 0.021031 -0.678644 6
-0.780255 0.021810 -0.694362 6
-0.700791 -0.020198 -0.737034 6
-0.645114 -0.027740 -0.758898 6
-0.803905 0.244998 -0.603691 2
-0.750999 0.237724 -0.624680 2
-0.716084 0.254164 -0.630821 2
-0.728012 0.328016 -0.599747 2
-0.719667 0.375580 -0.585426 2
-0.744628 0.461051 -0.545723 2
-0.766348 0.540236 -0.509517 2
-0.741123 0.564549 -0.509810 2
-0.781050 0.660233 -0.461356 2
-0.791908 0.721720 -0.435604 2
-0.840253 0.820999 -0.382995 2
-0.848046 0.875389 -0.361015 2
-0.865550 0.938239 -0.332596 2
-0.899228 1.015359 -0.293339 2
-0.875383 1.034645 -0.295434 2
-0.878353 1.079395 -0.278876 2
-0.913321 1.152828 -0.240628 2
-0.909579 1.189024 -0.229643 2
-0.918115 1.235510 -0.210620 2
-0.924743 1.279298 -0.193296 2
-0.902353 1.297472 -0.195638 2
-0.929423 1.356964 -0.165426 2
-0.926942 1.390774 -0.155101 2
-0.927821 1.426737 -0.142841 2
-0.973419 1.496974 -0.102174 2
-0.938394 1.503550 -0.113514 2
-0.974155 1.563625 -0.080094 2
-0.953934 1.581101 -0.082275 2
-0.966193 1.621941 -0.064335 2
-0.979033 1.662314 -0.046377 2
-0.970375 1.687130 -0.041867 2
-0.980850 1.724547 -0.025895 2
-0.971045 1.747972 -0.022392 2
-0.968297 1.775777 -0.014782 2
-0.943188 1.789317 -0.020547 2
-0.946117 1.820271 -0.009818 2
-0.948577 1.850480 0.000438 2
-0.877943 1.837816 -0.031738 2
-0.896767 1.877457 -0.012161 2
-0.881930 1.897615 -0.012076 2
-0.856875 1.912327 -0.017807 2
-0.851597 1.937782 -0.012389 2
-0.854539 1.967269 -0.002500 2
-0.807117 1.971214 -0.020669 2
-0.775367 1.983714 -0.030007 2
-0.792455 2.019859 -0.012576 2
-0.799365 2.050589 -0.000933 2
-0.814007 2.084331 0.014689 2
-0.747870 2.082240 -0.013179 2
-0.763338 2.116076 0.002696 2
-0.707370 2.119905 -0.019426 2
-0.543850 2.081929 -0.097791 2
-0.475739 2.084565 -0.125405 2
-0.390544 2.082163 -0.161571 2
-0.352688 2.098723 -0.172920 2
-0.265446 2.098558 -0.209471 2
-0.000688 2.039829 -0.336032 2
0.055330 2.055519 -0.355433 2
0.138265 2.063704 -0.388188 2
0.168601 2.089597 -0.394278 2
0.261144 2.097616 -0.431282 2
0.310923 2.119575 -0.446746 2
0.402313 2.131085 -0.482537 2
0.495187 2.143996 -0.518689 2
-1.193495 -0.441197 -0.683097 8
-1.182827 -0.373681 -0.660858 8
-1.222892 -0.213223 -0.588173 8
-1.209746 -0.157201 -0.571193 8
-1.185543 -0.122731 -0.565796 8
-1.169842 -0.074148 -0.552559 8
-1.148346 -0.036809 -0.545410 8
-1.125209 -0.003025 -0.540181 8
-1.097081 0.022005 -0.539859 6
-1.077734 0.060756 -0.531749 6
-1.005369 0.016401 -0.571325 6
-0.969122 0.029760 -0.578149 6
-0.913091 0.014143 -0.602074 6
-0.852295 -0.006726 -0.629551 6
-0.827517 0.025381 -0.626047 6
-0.758772 -0.003893 -0.659357 6
-0.728788 0.021702 -0.660099 6
-0.686633 0.031066 -0.670821 6
-0.782240 0.220013 -0.571122 2
-0.748870 0.237978 -0.575984 3
-0.739797 0.286408 -0.561868 2
-0.765768 0.376472 -0.521159 2
-0.780211 0.449999 -0.490307 2
-0.773536 0.496781 -0.476191 2
-0.772410 0.548923 -0.458359 2
-0.842094 0.679075 -0.388837 2
-0.845571 0.732255 -0.369193 2
-0.855599 0.791189 -0.345336 2
-0.880083 0.863791 -0.311759 2
-0.900418 0.930040 -0.281895 2
-0.888646 0.962127 -0.275153 2
-0.867249 0.984300 -0.275278 2
-0.885252 1.044508 -0.248501 2
-0.892549 1.093014 -0.229578 2
-0.930902 1.169167 -0.190245 2
-0.940277 1.216790 -0.170994 2
-0.932439 1.248041 -0.163505 2
-0.957364 1.307347 -0.134839 2
-0.929854 1.320454 -0.140654 2
-0.929943 1.356882 -0.128739 2
-0.954427 1.412559 -0.101605 2
-0.952878 1.446009 -0.091383 2
-0.951919 1.479392 -0.081022 2
-0.968117 1.525355 -0.060277 2
-0.952767 1.546662 -0.059277 2
-0.946565 1.574641 -0.052778 2
-0.981538 1.631770 -0.021599 2
-0.996144 1.673065 -0.003156 2
-0.970434 1.685866 -0.008973 2
-0.979764 1.722448 0.005887 2
-0.926996 1.717722 -0.015792 2
-0.927623 1.748263 -0.006232 2
-0.919204 1.772728 -0.002059 2
-0.919136 1.802134 0.006778 2
-0.906541 1.823697 0.008350 2
-0.931572 1.867124 0.031018 2
-0.906247 1.880913 0.025214 2
-0.912200 1.912377 0.036791 2
-0.866877 1.915641 0.019961 2
-0.859884 1.939991 0.024273 2
-0.803813 1.939001 0.001873 2
-0.776367 1.953499 -0.004831 2
-0.776817 1.982000 0.003448 2
-0.757731 2.000917 0.001205 2
-0.724233 2.013370 -0.008647 2
-0.724730 2.041661 -0.000574 2
-0.701056 2.059100 -0.005228 2
0.671893 1.503906 -0.708039 2
-0.618304 2.080327 -0.032643 2
-0.529770 2.073182 -0.070223 2
-0.484902 2.084865 -0.085192 2
-0.394830 2.080346 -0.122808 2
-0.366986 2.100395 -0.128789 2
-0.269931 2.096418 -0.169214 2
-0.021505 2.042778 -0.284151 2
0.051894 2.052349 -0.311571 2
0.108659 2.068641 -0.330556 2
0.160382 2.087517 -0.346896 2
0.246578 2.097115 -0.379751 2
0.304045 2.116578 -0.398444 2
0.393352 2.128370 -0.432178 2
0.475773 2.143710 -0.462288 2
-1.215925 -0.387478 -0.603801 8
-1.212131 -0.308433 -0.576028 8
-1.233837 -0.184556 -0.524346 8
-1.201917 -0.163838 -0.526433 8
-1.187696 -0.111622 -0.511804 8
-1.158516 -0.087021 -0.511806 8
-1.197230 0.052781 -0.449499 6
-1.143635 0.033688 -0.472906 6
-1.095492 0.025219 -0.490885 6
-1.054325 0.029104 -0.502345 6
-1.012382 0.032537 -0.514285 6
-0.959580 0.020307 -0.535294 6
-0.901319 0.001487 -0.560446 6
-0.866208 0.017978 -0.565825 6
-0.823823 0.024427 -0.577149 6
-0.773694 0.020856 -0.594562 6
-0.704282 -0.007687 -0.627030 6
-0.819597 0.210946 -0.513331 2
-0.789734 0.232886 -0.515493 3
-0.789148 0.292053 -0.495228 2
-0.798401 0.361929 -0.468098 2
-0.803065 0.424255 -0.445158 2
-0.830103 0.511585 -0.406276 2
-0.845281 0.582391 -0.377071 2
-0.844958 0.633490 -0.359845 2
-0.852186 0.691842 -0.337683 2
-0.871840 0.762309 -0.307288 2
-0.881431 0.819993 -0.284681 2
-0.894775 0.880147 -0.260029 2
-0.910899 0.941580 -0.234060 2
-0.923333 0.997662 -0.211202 2
-0.921361 1.038119 -0.198560 2
-0.940678 1.098346 -0.172069 2
-0.922183 1.121223 -0.171079 2
-0.915951 1.155389 -0.162167 2
-0.958294 1.233061 -0.122090 2
-0.934984 1.250122 -0.124861 2
-0.953320 1.303543 -0.101218 2
-0.939561 1.328311 -0.098236 2
-0.956558 1.378544 -0.076203 2
-0.953335 1.411066 -0.067095 2
-0.964330 1.454448 -0.049496 2
-0.955311 1.481245 -0.044390 2
-0.970076 1.525973 -0.025115 2
-0.993931 1.576478 -0.000789 2
-1.002834 1.614756 0.014246 2
-0.965751 1.619340 0.002025 2
-0.948299 1.638366 0.001382 2
-0.942787 1.665644 0.007598 2
-0.927190 1.685891 0.007905 2
-0.965241 1.741283 0.038636 2
-0.953423 1.763225 0.040753 2
-0.960083 1.796662 0.053135 2
-0.962434 1.826886 0.062904 2
-0.972818 1.861460 0.076917 2
-0.923146 1.860407 0.057859 2
-0.922025 1.887986 0.065397 2
-0.887073 1.896483 0.054569 2
-0.844528 1.901485 0.039803 2
-0.793101 1.902611 0.020500 2
-0.803908 1.936804 0.034259 2
-0.803801 1.964923 0.042082 2
-0.774821 1.978630 0.034751 2
-0.747155 1.993410 0.028171 2
-0.740043 2.018121 0.032199 2
-0.712621 2.033576 0.025793 2
-0.694572 2.053545 0.024192 2
0.692169 1.490815 -0.665918 2
-0.632508 2.083273 0.007996 2
-0.584842 2.092200 -0.008245 2
-0.478758 2.079256 -0.053131 2
-0.388158 2.074433 -0.089886 2
-0.363550 2.095647 -0.094052 2
-0.277757 2.095509 -0.127825 2
-0.059765 2.051804 -0.224845 2
0.035172 2.053631 -0.261844 2
0.077490 2.074205 -0.273402 2
0.168045 2.080604 -0.307655 2
0.235807 2.095573 -0.330820 2
0.297870 2.113446 -0.351079 2
0.397982 2.121992 -0.388807 2
0.452414 2.144576 -0.405030 2
0.537172 2.160447 -0.435025 2
-1.260748 -0.377038 -0.535473 8
-1.217036 -0.376051 -0.547778 8
-1.228361 -0.268665 -0.506472 8
-1.224281 -0.194433 -0.481460 8
-1.202883 -0.154473 -0.473693 8
-1.207368 -0.069443 -0.442501 6
-1.235210 0.053047 -0.391300 6
-1.184980 0.038206 -0.411537 6
-1.142851 0.038364 -0.424178 6
-1.093154 0.027153 -0.443131 6
-1.050519 0.028532 -0.455642 6
-1.004203 0.025077 -0.471021 6
-0.948534 0.008566 -0.493846 6
-0.903655 0.009680 -0.507355 6
-0.866092 0.022285 -0.514729 6
-0.817867 0.020234 -0.530508 6
-0.757422 0.002352 -0.555583 6
-0.844045 0.185279 -0.466260 3
-0.822713 0.218404 -0.461848 3
-0.796193 0.244360 -0.461574 3
-0.834076 0.351887 -0.413385 2
-0.843932 0.421046 -0.387110 2
-0.842825 0.474925 -0.369534 2
-0.863388 0.553283 -0.336867 2
-0.868653 0.611485 -0.315920 2
-0.887113 0.683247 -0.286249 2
-0.884489 0.729395 -0.271983 2
-0.880133 0.772649 -0.259300 2
-0.929119 0.872176 -0.210653 2
-0.918225 0.905669 -0.203438 2
-0.920619 0.952322 -0.187585 2
-0.915569 0.990449 -0.177035 2
-0.916742 1.034024 -0.162699 2
-0.930956 1.089279 -0.140279 2
-0.974215 1.170596 -0.099760 2
-0.962156 1.198224 -0.095159 2
-0.937436 1.214094 -0.098653 2
-0.999475 1.307193 -0.048156 2
-0.956460 1.305986 -0.063401 2
-0.983943 1.365686 -0.035359 2
-0.973631 1.392273 -0.030747 2
-0.983856 1.435364 -0.013943 2
-0.985515 1.470674 -0.002573 2
-0.984964 1.503634 0.007255 2
-0.937920 1.500506 -0.010301 2
-0.943938 1.538112 0.003150 2
-0.933049 1.562624 0.006620 2
-0.951553 1.608043 0.026747 2
-0.981053 1.660105 0.052724 2
-0.944578 1.665576 0.041252 2
-0.937269 1.691264 0.046152 2
-0.906075 1.701088 0.037757 2
-0.906569 1.731710 0.046814 2
-0.941475 1.783444 0.074401 2
-0.967913 1.828600 0.096971 2
-0.949291 1.845716 0.095051 2
-0.934755 1.865378 0.095302 2
-0.917726 1.883674 0.094206 2
-0.882469 1.891966 0.083554 2
-0.871380 1.913984 0.085592 2
-0.854926 1.933134 0.084804 2
-0.824232 1.945060 0.076704 2
-0.803931 1.962704 0.073980 2
-0.799146 1.988168 0.079111 2
-0.760202 1.997169 0.067000 2
-0.717409 2.005083 0.053110 2
-0.714082 2.031617 0.058927 2
-0.692232 2.049820 0.055531 2
0.717714 1.475465 -0.626280 2
0.711751 1.522632 -0.611721 2
-0.577696 2.086320 0.021839 2
-0.496210 2.082884 -0.009909 2
-0.411067 2.079747 -0.043021 2
-0.356265 2.089509 -0.061376 2
-0.266889 2.088006 -0.095791 2
-0.219296 2.102706 -0.110269 2
0.021178 2.054091 -0.214226 2
0.096198 2.063873 -0.240525 2
0.157638 2.079312 -0.260298 2
0.200767 2.101358 -0.271502 2
0.286901 2.111756 -0.302108 2
0.389339 2.119318 -0.339735 2
0.469168 2.134908 -0.366809 2
0.505720 2.163036 -0.374297 2
-1.280161 -0.417358 -0.493158 8
-1.254457 -0.380194 -0.487610 8
-1.228451 -0.344559 -0.482744 8
-1.234124 -0.249191 -0.448480 8
-1.247095 -0.143962 -0.408830 8
-1.204233 -0.144520 -0.421360 8
-1.201942 -0.072094 -0.397414 6
-1.255529 0.094703 -0.325290 6
-1.198749 0.067696 -0.351034 6
-1.138701 0.037399 -0.378912 6
-1.108215 0.057147 -0.381289 6
-1.056474 0.043329 -0.401302 6
-1.011721 0.041827 -0.415175 6
-0.958550 0.028605 -0.435549 6
-0.910037 0.023777 -0.451795 6
-0.855819 0.011877 -0.472182 6
-0.815903 0.021652 -0.481120 6
-0.883341 0.180288 -0.408249 3
-0.852368 0.200064 -0.411292 3
-0.855404 0.264935 -0.389139 2
-0.854453 0.322844 -0.370559 2
-0.855393 0.381651 -0.351163 2
-0.892204 0.483427 -0.306677 2
-0.881806 0.524537 -0.296690 2
-0.895702 0.593740 -0.270051 2
-0.910806 0.662385 -0.243267 2
-0.903747 0.703821 -0.232297 2
-0.901304 0.749594 -0.218528 2
-0.909067 0.805536 -0.198313 2
-0.911139 0.853973 -0.182362 2
-0.936164 0.925380 -0.151805 2
-0.950359 0.983613 -0.128954 2
-0.935390 1.010986 -0.125315 2
-0.929938 1.047481 -0.115773 2
-0.949518 1.107509 -0.090761 2
-0.982296 1.178416 -0.058087 2
-0.982881 1.217468 -0.045920 2
-0.971759 1.245150 -0.041176 2
-0.986877 1.295840 -0.020714 2
-1.012533 1.354450 0.005631 2
-0.985590 1.366704 0.000247 2
-0.938239 1.362287 -0.017081 2
-0.967703 1.421601 0.010614 2
-0.933530 1.428470 0.001026 2
-0.924293 1.455425 0.005841 2
-0.959260 1.515962 0.035630 2
-0.924384 1.522507 0.025562 2
-0.931796 1.560656 0.039232 2
-0.929325 1.590983 0.047169 2
-0.933102 1.625289 0.058374 2
-0.918368 1.646313 0.059282 2
-0.914625 1.674711 0.066082 2
-0.943882 1.724430 0.090437 2
-0.952840 1.759850 0.103584 2
-0.923626 1.770688 0.096350 2
-0.966133 1.825894 0.126772 2
-0.965158 1.853510 0.134100 2
-0.927035 1.859097 0.122123 2
-0.910566 1.877741 0.121389 2
-0.865779 1.880730 0.106240 2
-0.873377 1.913052 0.117734 2
-0.864747 1.936246 0.120906 2
-0.824058 1.942787 0.108052 2
-0.826799 1.971958 0.116822 2
-0.764209 1.968695 0.093379 2
-0.743444 1.986732 0.090627 2
-0.742494 2.014226 0.097486 2
-0.739730 2.040641 0.103358 2
-0.715894 2.057570 0.099066 2
-0.667477 2.064292 0.083145 2
0.751676 1.501506 -0.578887 2
-0.576637 2.082909 0.054674 2
-0.517513 2.088097 0.034307 2
-0.410022 2.076039 -0.008189 2
-0.350092 2.083793 -0.028309 2
-0.284745 2.090762 -0.050671 2
-0.193179 2.089938 -0.084673 2
0.024049 2.048993 -0.174960 2
0.071139 2.067650 -0.187886 2
0.170706 2.070779 -0.224059 2
0.232127 2.087350 -0.242920 2
0.292158 2.105450 -0.260963 2
0.396758 2.112247 -0.298321 2
0.430718 2.139979 -0.304518 2
0.485634 2.162856 -0.319727 2
0.680243 2.152429 -0.394870 2
-1.374010 -0.486343 -0.440074 8
-1.347358 -0.449528 -0.434973 8
-1.303048 -0.451044 -0.447541 8
-1.285635 -0.396176 -0.434031 8
-1.265244 -0.349147 -0.424012 8
-1.236303 -0.320279 -0.422448 8
-1.289881 -0.134536 -0.346085 6
-1.278442 -0.077928 -0.330600 6
-1.235875 -0.079682 -0.343149 6
-1.280631 0.074269 -0.279928 6
-1.224494 0.047271 -0.304727 6
-1.200712 0.077061 -0.301784 6
-1.142639 0.049738 -0.327362 6
-1.110101 0.065729 -0.331551 6
-1.043647 0.028416 -0.362916 6
-0.994181 0.019856 -0.380096 6
-0.948233 0.017899 -0.394180 6
-0.906042 0.022498 -0.405114 6
-0.858496 0.020125 -0.419928 6
-0.920295 0.172999 -0.352727 3
-0.902239 0.210076 -0.346303 3
-0.852855 0.204203 -0.362968 3
-0.861208 0.275805 -0.337786 2
-0.887116 0.368027 -0.300850 2
-0.883416 0.419819 -0.285684 2
-0.893569 0.487531 -0.261360 2
-0.900751 0.549729 -0.239727 2
-0.917442 0.621548 -0.212230 2
-0.949482 0.709149 -0.175151 2
-0.918883 0.722646 -0.180470 2
-0.937945 0.791878 -0.153204 2
-0.979315 0.883526 -0.112135 2
-0.942777 0.888888 -0.121967 2
-0.938570 0.928783 -0.111137 2
-0.963843 0.998184 -0.082077 2
-0.955870 1.032169 -0.074334 2
-0.973785 1.091124 -0.050869 2
-0.995496 1.152184 -0.025606 2
-0.969591 1.166588 -0.029622 2
-0.999716 1.233110 -0.000121 2
-0.995903 1.266981 0.008682 2
-0.945912 1.259299 -0.009810 2
-0.951295 1.300932 0.004174 2
-0.928970 1.318115 0.001905 2
-0.940723 1.363866 0.019083 2
-0.950039 1.406600 0.034539 2
-0.943983 1.436136 0.041066 2
-0.954013 1.477893 0.056385 2
-0.912990 1.479672 0.043270 2
-0.928964 1.524979 0.061489 2
-0.898594 1.535265 0.054256 2
-0.927884 1.588825 0.079175 2
-0.873685 1.582376 0.059149 2
-0.913946 1.641990 0.089366 2
-0.898492 1.662513 0.089844 2
-0.912630 1.702492 0.105689 2
-0.899094 1.723870 0.106969 2
-0.887391 1.746384 0.109141 2
-0.970276 1.826831 0.159360 2
-0.920866 1.825313 0.142023 2
-0.923948 1.855527 0.151219 2
-0.917556 1.879893 0.155546 2
-0.901648 1.898788 0.155090 2
-0.893962 1.922257 0.158649 2
-0.832427 1.917024 0.135934 2
-0.853020 1.955617 0.153202 2
-0.802043 1.957244 0.135871 2
-0.805436 1.986629 0.144666 2
-0.786537 2.004955 0.142774 2
-0.747016 2.013854 0.131199 2
-0.716703 2.027645 0.124061 2
-0.687479 2.042395 0.117507 2
-0.662633 2.059475 0.113039 2
0.775705 1.486955 -0.538114 2
-0.552030 2.069976 0.076545 2
-0.534244 2.091591 0.075572 2
-0.431572 2.080981 0.036505 2
-0.352404 2.081229 0.008400 2
-0.294164 2.090572 -0.010093 2
-0.213366 2.093192 -0.038301 2
0.009628 2.049723 -0.128397 2
0.079953 2.060555 -0.151004 2
0.128671 2.079486 -0.164011 2
0.215284 2.087832 -0.193154 2
0.293553 2.100291 -0.218397 2
0.321183 2.128399 -0.221857 2
0.478875 2.121948 -0.280174 2
0.482027 2.158536 -0.272986 2
0.713649 2.138560 -0.361184 2
0.707879 2.179413 -0.349935 2
-1.397768 -0.422193 -0.362736 8
-1.361670 -0.407802 -0.367650 8
-1.329073 -0.385880 -0.369266 8
-1.287389 -0.382832 -0.379444 8
-1.269742 -0.330930 -0.367537 8
-1.220347 -0.342637 -0.384646 8
-1.300937 -0.105563 -0.286996 6
-1.272153 -0.082126 -0.287390 6
-1.224955 -0.092297 -0.303587 8
-1.268309 0.059006 -0.243619 6
-1.220902 0.047369 -0.260451 6
-1.204646 0.089663 -0.251628 6
-1.146886 0.062492 -0.276360 6
-1.113952 0.077396 -0.280946 6
-1.054032 0.050041 -0.306455 6
-1.011269 0.051196 -0.318240 6
-0.938732 0.008412 -0.352268 6
-0.914223 0.039100 -0.349757 6
-0.853673 0.017518 -0.373878 6
-0.901463 0.150381 -0.319007 3
-0.886732 0.192348 -0.310358 3
-0.882352 0.247419 -0.294720 2
-0.909236 0.342348 -0.257774 2
-0.905683 0.394877 -0.242784 2
-0.913760 0.460822 -0.220329 2
-0.909996 0.510257 -0.206449 2
-0.963513 0.627982 -0.154910 2
-0.937584 0.647397 -0.156813 2
-0.949224 0.710560 -0.134345 2
-0.939877 0.748100 -0.125925 2
-0.953704 0.810812 -0.103031 2
-0.952128 0.854994 -0.090374 2
-0.979419 0.929114 -0.060094 2
-0.967704 0.960184 -0.054509 2
-0.988675 1.024386 -0.029184 2
-0.992701 1.069776 -0.014643 2
-1.016167 1.133299 0.011162 2
-1.017297 1.173516 0.023209 2
-0.947540 1.145927 -0.006521 2
-0.947616 1.184942 0.004761 2
-0.923226 1.201034 0.001734 2
-0.921925 1.237829 0.011857 2
-0.932353 1.284180 0.028365 2
-0.940015 1.327135 0.042988 2
-0.932461 1.356490 0.048887 2
-0.929614 1.389340 0.057227 2
-0.933442 1.427031 0.069017 2
-0.928572 1.457215 0.075879 2
-0.902578 1.470824 0.071297 2
-0.930756 1.525374 0.095482 2
-0.931998 1.558732 0.105070 2
-0.907432 1.573024 0.101015 2
-0.924351 1.616750 0.118453 2
-0.922592 1.646655 0.126001 2
-0.922539 1.677315 0.134272 2
-0.898427 1.691731 0.130238 2
-0.894915 1.719678 0.136565 2
-0.914031 1.761534 0.154021 2
-0.951924 1.813979 0.180453 2
-0.961212 1.847822 0.192458 2
-0.949942 1.869006 0.194273 2
-0.929103 1.884681 0.191424 2
-0.885041 1.887620 0.177478 2
-0.886155 1.916042 0.185194 2
-0.889775 1.945445 0.193964 2
-0.853904 1.953960 0.184085 2
-0.831722 1.970028 0.180699 2
-0.773303 1.968511 0.160599 2
-0.764968 1.992241 0.163747 2
-0.726553 2.001829 0.153127 2
-0.718732 2.026023 0.156486 2
-0.698994 2.044860 0.154429 2
-0.685409 2.066566 0.155134 2
0.773926 1.483188 -0.485661 2
-0.607899 2.089729 0.134289 2
-0.530888 2.087225 0.107300 2
-0.465218 2.090638 0.085581 2
-0.377971 2.087333 0.054802 2
-0.297983 2.088423 0.027522 2
-0.201373 2.085326 -0.006521 2
-0.187546 2.112079 -0.005032 2
0.050406 2.065957 -0.098053 2
0.159763 2.065367 -0.136062 2
0.217213 2.082711 -0.152000 2
0.263254 2.104423 -0.163033 2
0.341470 2.117873 -0.187177 2
0.408355 2.135868 -0.206407 2
0.490770 2.151068 -0.231730 2
0.790352 2.113879 -0.344514 2
0.739690 2.166161 -0.315283 2
-1.353393 -0.711583 -0.415515 7
-1.398635 -0.409278 -0.309487 8
-1.351893 -0.418394 -0.324435 8
-1.329374 -0.375230 -0.316885 8
-1.280926 -0.386462 -0.333046 8
-1.253201 -0.354865 -0.330557 8
-1.252103 -0.272121 -0.305291 8
-1.277149 -0.142919 -0.258819 6
-1.267160 -0.083962 -0.243353 6
-1.223450 -0.087895 -0.256278 8
-1.260994 0.052590 -0.203155 6
-1.236255 0.080060 -0.201459 6
-1.202851 0.092523 -0.206742 6
-1.153264 0.078655 -0.224498 6
-1.114250 0.083268 -0.233801 6
-1.059200 0.063352 -0.254993 6
-1.030368 0.085480 -0.256295 6
-0.985284 0.083116 -0.269538 6
-0.904288 0.028997 -0.308389 6
-0.851981 0.019382 -0.325930 6
-0.895817 0.146333 -0.275696 3
-0.887430 0.196936 -0.263004 3
-0.911944 0.290629 -0.228236 2
-0.920424 0.360148 -0.205244 2
-0.958654 0.466046 -0.163055 2
-0.931292 0.485535 -0.165182 2
-0.948308 0.559994 -0.138434 2
-0.958471 0.623945 -0.116792 2
-0.958491 0.674096 -0.102167 2
-0.962060 0.727167 -0.085704 2
-0.992833 0.809878 -0.052737 2
-0.986061 0.848208 -0.043662 2
-0.986758 0.893969 -0.030290 2
-0.991346 0.942864 -0.014910 2
-1.011806 1.007232 0.009563 2
-0.927458 0.962262 -0.028390 2
-0.931152 1.008461 -0.014174 2
-0.930854 1.049709 -0.002600 2
-0.927850 1.087526 0.007150 2
-0.939544 1.138551 0.025006 2
-0.928719 1.167509 0.029824 2
-0.920655 1.198645 0.036046 2
-0.944989 1.258140 0.059983 2
-0.923870 1.276524 0.058602 2
-0.942367 1.328756 0.078664 2
-0.946458 1.367682 0.090601 2
-0.907571 1.370751 0.079430 2
-0.939183 1.430948 0.105600 2
-0.906646 1.439277 0.097749 2
-0.907996 1.474112 0.107569 2
-0.879462 1.485943 0.101833 2
-0.910151 1.541665 0.126355 2
-0.894151 1.562363 0.126843 2
-0.922942 1.614574 0.149758 2
-0.895748 1.626928 0.144432 2
-0.881313 1.648240 0.145463 2
-0.908888 1.697191 0.167025 2
-0.921496 1.735283 0.180958 2
-0.924225 1.766396 0.189894 2
-0.947216 1.809498 0.208367 2
-0.941725 1.834476 0.213022 2
-0.941655 1.862430 0.220144 2
-0.924206 1.880083 0.219015 2
-0.877191 1.881336 0.204162 2
-0.875985 1.908538 0.210622 2
-0.852358 1.923504 0.206715 2
-0.852474 1.951118 0.213637 2
-0.802789 1.953189 0.197983 2
-0.783750 1.971377 0.196262 2
-0.831070 2.021695 0.224072 2
-0.757254 2.013762 0.197974 2
-0.752455 2.038889 0.202503 2
-0.704173 2.044560 0.188010 2
-0.673973 2.058957 0.181530 2
0.821201 1.458869 -0.454770 2
-0.614664 2.089616 0.169264 2
-0.528415 2.083225 0.139224 2
-0.455390 2.083702 0.115142 2
-0.369440 2.080828 0.085950 2
-0.273972 2.076266 0.053163 2
-0.232601 2.092566 0.043157 2
-0.162455 2.099840 0.021447 2
0.056942 2.059680 -0.060941 2
0.151996 2.063462 -0.091851 2
0.200678 2.083243 -0.103684 2
0.264002 2.099568 -0.121244 2
0.352182 2.110032 -0.148496 2
0.417807 2.128320 -0.166490 2
0.479328 2.148878 -0.182656 2
-1.345151 -0.718026 -0.367378 7
-1.267164 -0.792119 -0.409250 7
-1.413991 -0.364510 -0.243743 8
-1.352892 -0.405817 -0.271611 8
-1.319160 -0.386752 -0.274490 8
-1.293247 -0.351795 -0.270671 8
-1.268271 -0.315832 -0.266363 8
-1.260688 -0.246997 -0.247832 8
-1.282737 -0.124542 -0.205742 6
-1.249876 -0.108553 -0.209561 6
-1.227014 -0.074429 -0.205448 8
-1.278675 0.090159 -0.143297 6
-1.222866 0.063146 -0.165979 6
-1.160587 0.027346 -0.193004 6
-1.135363 0.054859 -0.191652 6
-1.107273 0.077404 -0.192567 6
-1.075419 0.093909 -0.196301 6
-1.020213 0.074749 -0.216757 6
-0.976197 0.074100 -0.228857 6
-0.934973 0.078481 -0.238789 6
-0.876315 0.058561 -0.260546 6
-0.907189 0.166164 -0.221087 3
-0.922116 0.248196 -0.193410 2
-0.955215 0.352112 -0.154494 2
-0.944661 0.395067 -0.145142 2
-0.954352 0.463207 -0.123027 2
-0.962102 0.526938 -0.102752 2
-0.962469 0.579770 -0.087678 2
-0.962305 0.630642 -0.073350 2
-0.974584 0.695030 -0.051746 2
-0.983376 0.753582 -0.032811 2
-0.981520 0.798478 -0.020768 2
-1.019758 0.887044 0.014860 2
-0.940777 0.844935 -0.019462 2
-0.942234 0.891348 -0.006171 2
-0.932163 0.924658 0.000136 2
-0.935596 0.971321 0.013987 2
-0.922756 1.000592 0.018301 2
-0.928110 1.047441 0.032682 2
-0.904619 1.065425 0.030730 2
-0.931987 1.131588 0.056728 2
-0.923088 1.162355 0.062448 2
-0.937097 1.213495 0.080377 2
-0.902190 1.219961 0.071801 2
-0.936421 1.287165 0.099952 2
-0.920679 1.309900 0.101342 2
-0.925262 1.349520 0.113244 2
-0.918305 1.378940 0.118959 2
-0.925325 1.419193 0.131687 2
-0.899719 1.433081 0.127640 2
-0.889682 1.459207 0.131456 2
-0.890240 1.493080 0.140459 2
-0.898301 1.531932 0.152993 2
-0.921210 1.580711 0.172570 2
-0.898450 1.596163 0.169619 2
-0.909208 1.634927 0.182848 2
-0.901776 1.660672 0.187150 2
-0.906354 1.694118 0.197062 2
-0.904062 1.722590 0.203568 2
-0.881494 1.737959 0.200487 2
-0.896203 1.776525 0.214713 2
-0.947318 1.836195 0.245451 2
-0.925187 1.851047 0.242279 2
-0.877207 1.851330 0.227429 2
-0.888456 1.885765 0.239423 2
-0.879959 1.908767 0.242414 2
-0.863219 1.927276 0.241696 2
-0.812029 1.927976 0.225817 2
-0.833689 1.966691 0.241985 2
-0.790505 1.972456 0.229782 2
-0.787591 1.998452 0.235089 2
-0.765718 2.015334 0.232203 2
-0.731415 2.026801 0.224068 2
-0.738476 2.057257 0.233492 2
-0.715667 2.074349 0.230261 2
0.852399 1.441242 -0.416301 2
-0.588639 2.076131 0.190242 2
-0.517636 2.075943 0.167545 2
-0.448575 2.077929 0.145933 2
-0.386422 2.083864 0.127399 2
-0.321799 2.090100 0.108107 2
-0.243583 2.092813 0.083618 2
-0.164011 2.096609 0.058900 2
0.056735 2.055631 -0.021299 2
0.090296 2.078711 -0.026980 2
0.173454 2.087126 -0.051946 2
0.248097 2.099657 -0.073300 2
0.328236 2.112037 -0.096508 2
0.394694 2.129673 -0.114189 2
0.457860 2.149391 -0.130399 2
-1.266561 -0.781070 -0.353098 7
-1.384642 -0.418574 -0.219189 8
-1.352218 -0.396980 -0.220987 8
-1.334063 -0.345800 -0.210759 8
-1.283397 -0.362527 -0.228226 8
-1.278315 -0.287045 -0.207835 8
-1.281105 -0.199160 -0.181953 8
-1.278303 -0.125237 -0.161524 6
-1.269109 -0.065783 -0.146892 6
-1.212070 -0.094372 -0.169589 8
-1.261724 0.066678 -0.111092 6
-1.209323 0.045991 -0.130439 6
-1.170665 0.050135 -0.139251 6
-1.132727 0.056122 -0.147398 6
-1.105860 0.080430 -0.147542 6
-1.061883 0.077735 -0.159793 6
-1.023740 0.084965 -0.167773 6
-0.967738 0.066019 -0.187824 6
-0.926411 0.070290 -0.197556 6
-0.952981 0.172605 -0.162009 3
-0.912618 0.177578 -0.171378 3
-0.960487 0.304358 -0.123446 2
-0.962904 0.365614 -0.105865 2
-0.971054 0.432721 -0.085168 2
-0.992822 0.515436 -0.056540 2
-0.969331 0.538503 -0.056583 2
-1.004935 0.634445 -0.020655 2
-0.998002 0.675844 -0.011256 2
-1.010606 0.739521 0.009517 2
-0.906642 0.666193 -0.038946 2
-0.942459 0.755547 -0.004904 2
-0.936011 0.795079 0.003972 2
-0.923521 0.827268 0.009160 2
-0.924046 0.872911 0.021540 2
-0.921113 0.913940 0.031685 2
-0.931310 0.967627 0.048843 2
-0.931395 1.009837 0.060077 2
-0.935177 1.054827 0.073052 2
-0.921877 1.082372 0.076560 2
-0.916088 1.116745 0.083959 2
-0.931267 1.169984 0.102231 2
-0.916236 1.194524 0.104355 2
-0.933863 1.247924 0.123299 2
-0.875691 1.234054 0.103018 2
-0.900835 1.292610 0.125389 2
-0.925335 1.349104 0.147009 2
-0.908499 1.370349 0.147596 2
-0.894989 1.394243 0.149792 2
-0.935459 1.460330 0.178397 2
-0.902346 1.468069 0.170715 2
-0.930259 1.522203 0.192562 2
-0.893736 1.527553 0.183217 2
-0.895192 1.560895 0.192015 2
-0.895567 1.592952 0.200142 2
-0.894016 1.623210 0.207222 2
-0.875869 1.641881 0.206491 2
-0.879723 1.675164 0.215858 2
-0.902050 1.719827 0.233479 2
-0.895394 1.745172 0.237711 2
-0.901105 1.777942 0.247414 2
-0.956441 1.840062 0.279050 2
-0.965510 1.873068 0.289755 2
-0.915948 1.871787 0.274575 2
-0.915784 1.899244 0.281115 2
-0.865513 1.898927 0.265896 2
-0.851755 1.919148 0.266554 2
-0.828926 1.934686 0.263331 2
-0.802535 1.948699 0.258639 2
-0.829577 1.989596 0.276445 2
-0.771699 1.988471 0.258586 2
-0.728259 1.995317 0.246949 2
-0.724997 2.021389 0.251989 2
-0.759409 2.064085 0.272340 2
-0.667866 2.051002 0.241325 2
-0.697003 2.090816 0.259340 2
-0.610261 2.082150 0.230745 2
-0.629482 2.117514 0.244645 2
-0.471236 2.083560 0.188290 2
-0.396086 2.084223 0.165269 2
-0.333076 2.090796 0.147279 2
-0.239251 2.087722 0.117593 2
-0.185751 2.100291 0.103802 2
0.036773 2.058123 0.025592 2
0.095797 2.072764 0.010470 2
0.150067 2.089939 -0.002665 2
0.252865 2.093700 -0.033825 2
0.294702 2.116882 -0.041877 2
0.399438 2.123483 -0.073113 2
0.417887 2.154884 -0.072203 2
-1.279862 -0.738809 -0.285596 7
-1.400823 -0.372394 -0.154651 8
-1.372138 -0.344227 -0.153781 8
-1.322040 -0.361246 -0.170667 8
-1.290278 -0.339296 -0.172349 8
-1.288040 -0.259103 -0.150768 8
-1.295612 -0.163032 -0.122443 8
-1.260936 -0.150349 -0.127515 6
-1.261715 -0.072222 -0.105880 6
-1.195911 -0.116459 -0.134369 8
-1.265411 0.079432 -0.063455 6
-1.212274 0.057108 -0.082866 6
-1.166345 0.048699 -0.096711 6
-1.143547 0.079343 -0.094139 6
-1.109126 0.090888 -0.099732 6
-1.068858 0.093639 -0.109229 6
-1.022363 0.087616 -0.122725 6
-0.959717 0.058583 -0.146596 6
-0.888471 0.019118 -0.175522 6
-0.929800 0.143391 -0.131524 3
-0.963537 0.252652 -0.093549 2
-0.988832 0.346610 -0.061892 2
-0.949924 0.351322 -0.070776 2
-1.001666 0.475813 -0.024167 2
-0.991262 0.516037 -0.016234 2
-1.034185 0.622624 0.023245 2
-0.948935 0.567524 -0.013795 2
-0.936959 0.604061 -0.007356 2
-0.936046 0.653053 0.005256 2
-0.959213 0.728821 0.031257 2
-0.949476 0.764991 0.038093 2
-0.941695 0.802711 0.045823 2
-0.932149 0.837824 0.052368 2
-0.930714 0.881026 0.063162 2
-0.912554 0.905830 0.064650 2
-0.935874 0.973003 0.088263 2
-0.939366 1.018402 0.100860 2
-0.907352 1.027870 0.094547 2
-0.945624 1.105568 0.124834 2
-0.910340 1.111491 0.116660 2
-0.917403 1.157210 0.130191 2
-0.919900 1.197789 0.141134 2
-0.904322 1.221517 0.142802 2
-0.888351 1.244791 0.144217 2
-0.936493 1.322626 0.177079 2
-0.896488 1.324546 0.166409 2
-0.896382 1.359868 0.175161 2
-0.886798 1.387013 0.179203 2
-0.909142 1.438946 0.198299 2
-0.893839 1.460691 0.199344 2
-0.906982 1.503788 0.213620 2
-0.897706 1.529459 0.217270 2
-0.899307 1.562764 0.225834 2
-0.883534 1.583299 0.226337 2
-0.918349 1.638745 0.249648 2
-0.890647 1.650520 0.244584 2
-0.906435 1.691394 0.258904 2
-0.855161 1.688104 0.243432 2
-0.886360 1.737943 0.264255 2
-0.880785 1.763816 0.268789 2
-0.954370 1.837206 0.307335 2
-0.930656 1.850870 0.303705 2
-0.923004 1.874088 0.306935 2
-0.856547 1.864124 0.285351 2
-0.884497 1.907422 0.303535 2
-0.879236 1.931874 0.307669 2
-0.860311 1.949016 0.306110 2
-0.822992 1.956972 0.297046 2
-0.836493 1.990850 0.308742 2
-0.788149 1.994142 0.295337 2
-0.768578 2.011948 0.293636 2
-0.731948 2.022126 0.285175 2
-0.724828 2.046140 0.288480 2
-0.714500 2.068673 0.290481 2
-0.665748 2.074937 0.277492 2
-0.610676 2.079518 0.262235 2
-0.622797 2.112009 0.272999 2
-0.500917 2.091994 0.232484 2
-0.416330 2.088612 0.206648 2
-0.336097 2.088531 0.182795 2
-0.252275 2.088781 0.157917 2
-0.157617 2.086991 0.129340 2
-0.128747 2.108870 0.125432 2
0.080793 2.073389 0.055300 2
0.140440 2.088601 0.040712 2
0.232179 2.095340 0.014695 2
0.302851 2.109902 -0.003400 2
0.351572 2.131833 -0.013407 2
0.417108 2.150137 -0.029253 2
-1.288428 -0.811583 -0.251422 7
-1.341074 -0.589150 -0.179681 8
-1.384377 -0.397998 -0.118522 8
-1.347285 -0.387316 -0.124447 8
-1.345799 -0.302334 -0.102213 8
-1.284849 -0.341179 -0.127037 8
-1.294463 -0.237886 -0.097373 8
-1.275128 -0.194536 -0.090545 8
-1.250553 -0.162267 -0.087940 6
-1.264861 -0.059344 -0.057353 6
-1.195252 -0.110732 -0.087751 8
-1.253733 0.065209 -0.027309 6
-1.220507 0.077166 -0.032285 6
-1.173605 0.066567 -0.046547 6
-1.130305 0.063163 -0.058079 6
-1.098341 0.078848 -0.061872 6
-1.058952 0.083111 -0.070508 6
-1.003595 0.063682 -0.089294 6
-0.961489 0.065757 -0.099242 6
-0.937717 0.095414 -0.097512 6
-0.918211 0.130798 -0.093269 3
-1.014693 0.327836 -0.018271 2
-1.006032 0.373472 -0.008728 2
-1.004191 0.427187 0.004578 2
-0.943281 0.401984 -0.017325 2
-0.952538 0.468857 0.002099 2
-0.923072 0.485099 -0.001287 2
-0.935442 0.553102 0.019155 2
-0.939182 0.608764 0.034222 2
-0.934828 0.653440 0.044396 2
-0.930143 0.696767 0.054113 2
-0.913094 0.725154 0.056839 2
-0.922243 0.782375 0.073574 2
-0.906127 0.810612 0.076445 2
-0.895214 0.844115 0.081959 2
-0.907791 0.901689 0.099587 2
-0.919794 0.957214 0.116526 2
-0.911448 0.990921 0.122676 2
-0.908486 1.029413 0.131401 2
-0.894972 1.057031 0.134627 2
-0.909413 1.110792 0.151661 2
-0.892343 1.134074 0.152823 2
-0.888074 1.168875 0.160183 2
-0.889245 1.207957 0.170011 2
-0.889733 1.245719 0.179309 2
-0.896264 1.287958 0.191285 2
-0.889857 1.318532 0.196938 2
-0.907247 1.368183 0.213572 2
-0.902352 1.398806 0.219593 2
-0.898215 1.429624 0.225839 2
-0.891890 1.458352 0.230968 2
-0.884254 1.485772 0.235403 2
-0.868325 1.506817 0.236043 2
-0.870570 1.540966 0.244715 2
-0.889243 1.586157 0.260458 2
-0.851934 1.591673 0.251514 2
-0.912710 1.664109 0.285146 2
-0.868219 1.664771 0.273045 2
-0.887346 1.707426 0.288221 2
-0.881084 1.733088 0.292423 2
-0.896784 1.772108 0.305763 2
-0.957194 1.837315 0.337500 2
-0.925282 1.846022 0.330619 2
-0.931429 1.877202 0.339438 2
-0.895348 1.884111 0.330941 2
-0.872914 1.899162 0.328077 2
-0.870344 1.925148 0.333216 2
-0.871224 1.952702 0.339650 2
-0.826427 1.956606 0.327944 2
-0.819333 1.980142 0.331193 2
-0.772693 1.984373 0.318994 2
-0.751034 2.001309 0.316629 2
-0.752289 2.029065 0.323097 2
-0.732214 2.046960 0.321343 2
-0.711950 2.065002 0.319544 2
-0.695585 2.084936 0.319239 2
-0.612959 2.077676 0.294192 2
-0.627204 2.110955 0.305427 2
-0.500665 2.088873 0.264640 2
-0.433461 2.091899 0.246123 2
-0.353630 2.091612 0.223269 2
-0.244170 2.082403 0.190026 2
-0.188100 2.093777 0.176384 2
-0.107170 2.097919 0.154071 2
0.114722 2.058369 0.082151 2
0.194565 2.067548 0.061144 2
0.245767 2.086817 0.050432 2
0.279732 2.111943 0.045856 2
0.368107 2.122489 0.022583 2
0.435447 2.140330 0.006833 2
-1.267999 -0.846029 -0.212945 7
-1.335595 -0.590018 -0.131952 8
-1.394136 -0.366317 -0.061332 8
-1.346123 -0.379852 -0.075870 8
-1.333643 -0.318216 -0.063058 8
-1.297061 -0.307483 -0.068829 8
-1.275136 -0.267546 -0.063796 8
-1.282313 -0.172774 -0.038081 6
-1.253775 -0.148668 -0.038673 6
-1.299844 0.011703 0.012720 6
-1.293711 0.072082 0.026513 6
-1.237269 0.042647 0.005724 6
-1.200311 0.048614 -0.001557 6
-1.155230 0.041599 -0.014064 6
-1.131468 0.070476 -0.012505 6
-1.075696 0.047923 -0.031525 6
-1.057948 0.086454 -0.026167 6
-0.995777 0.056478 -0.048641 6
-0.952470 0.056792 -0.059041 6
-0.918225 0.071200 -0.063771 6
-0.939447 0.165065 -0.035331 2
-0.929523 0.212340 -0.026053 2
-0.943327 0.290964 -0.003256 2
-0.942078 0.347024 0.010256 2
-0.931455 0.389337 0.018050 2
-0.941083 0.456764 0.036977 2
-0.930647 0.497053 0.044263 2
-0.905015 0.517833 0.042983 2
-0.939434 0.611068 0.074284 2
-0.921210 0.639159 0.076575 2
-0.916580 0.682698 0.085988 2
-0.911901 0.725270 0.095128 2
-0.909351 0.769342 0.105139 2
-0.925162 0.832481 0.124348 2
-0.910037 0.860921 0.127368 2
-0.919110 0.914359 0.142489 2
-0.909032 0.946878 0.147716 2
-0.913029 0.993062 0.159762 2
-0.914427 1.035680 0.170270 2
-0.893102 1.055527 0.169535 2
-0.900135 1.102203 0.182398 2
-0.910601 1.151029 0.196627 2
-0.900856 1.180409 0.201045 2
-0.908569 1.224959 0.213509 2
-0.898359 1.252955 0.217435 2
-0.903354 1.293631 0.228241 2
-0.889011 1.317352 0.230050 2
-0.910138 1.369985 0.247786 2
-0.907063 1.401924 0.254392 2
-0.885092 1.418575 0.252503 2
-0.880241 1.448561 0.258148 2
-0.880305 1.481875 0.265824 2
-0.877843 1.512818 0.272271 2
-0.885863 1.550906 0.283087 2
-0.881151 1.579285 0.288311 2
-0.869293 1.602413 0.290432 2
-0.860522 1.627538 0.293801 2
-0.891049 1.678482 0.313398 2
-0.851718 1.682934 0.303952 2
-0.877895 1.729555 0.321378 2
-0.892098 1.767641 0.333682 2
-0.942278 1.826712 0.360248 2
-0.922026 1.842430 0.358325 2
-0.933853 1.876879 0.369122 2
-0.898929 1.884318 0.361394 2
-0.880714 1.901567 0.360295 2
-0.867945 1.921910 0.361319 2
-0.854819 1.942093 0.362192 2
-0.825813 1.954190 0.356997 2
-0.819892 1.978257 0.360619 2
-0.776624 1.984020 0.350154 2
-0.768303 2.007155 0.352884 2
-0.729279 2.016045 0.344201 2
-0.745592 2.050507 0.356008 2
-0.723690 2.067596 0.353691 2
-0.711012 2.088889 0.354760 2
-0.635527 2.084252 0.333188 2
-0.624614 2.107116 0.335028 2
-0.495810 2.083975 0.294949 2
-0.424876 2.085506 0.275852 2
-0.358349 2.090052 0.258569 2
-0.264177 2.086036 0.231901 2
-0.187339 2.089894 0.211599 2
-0.124409 2.099885 0.196359 2
0.085446 2.063668 0.131181 2
0.166269 2.072048 0.110635 2
0.242269 2.083420 0.092000 2
0.260097 2.113070 0.093095 2
0.338827 2.125902 0.073946 2
0.407693 2.142857 0.058324 2
-1.321295 -0.816066 -0.141617 7
-1.372484 -0.593492 -0.075648 8
-1.362438 -0.518716 -0.059598 8
-1.383026 -0.380302 -0.021139 8
-1.357039 -0.346886 -0.018838 8
-1.311895 -0.353888 -0.030748 8
-1.302990 -0.286677 -0.016401 8
-1.282456 -0.244762 -0.010877 8
-1.333057 -0.067676 0.043663 6
-1.319321 -0.018594 0.052425 6
-1.288815 -0.001646 0.049534 6
-1.279007 0.052241 0.060309 6
-1.236480 0.047450 0.049347 6
-1.201594 0.056700 0.043512 6
-1.161647 0.057936 0.034549 6
-1.116744 0.051889 0.022658 6
-1.071238 0.045993 0.010637 6
-1.041095 0.065104 0.008170 6
-0.997239 0.063384 -0.002517 6
-0.946308 0.052078 -0.017181 6
-0.970242 0.151181 0.012078 3
-0.916658 0.136458 -0.004078 2
-0.937693 0.227355 0.022491 2
-0.928242 0.273682 0.031232 2
-0.921554 0.322648 0.041229 2
-0.904854 0.357346 0.045443 2
-0.923789 0.437188 0.068795 2
-0.905112 0.467375 0.071423 2
-0.926809 0.546868 0.095306 2
-0.916408 0.585295 0.101810 2
-0.909418 0.627044 0.109890 2
-0.889711 0.653242 0.111239 2
-0.905625 0.719615 0.130562 2
-0.901572 0.761993 0.139431 2
-0.903482 0.810008 0.151037 2
-0.885740 0.835986 0.152721 2
-0.891218 0.886035 0.165624 2
-0.892737 0.930877 0.176334 2
-0.891125 0.971629 0.185311 2
-0.928168 1.049613 0.212328 2
-0.897832 1.060381 0.207310 2
-0.908000 1.109804 0.221114 2
-0.917553 1.157520 0.234357 2
-0.872968 1.155063 0.222731 2
-0.872574 1.192813 0.231197 2
-0.883497 1.239747 0.244540 2
-0.849307 1.247162 0.237677 2
-0.885109 1.313621 0.261599 2
-0.895517 1.357457 0.274055 2
-0.884635 1.383291 0.277111 2
-0.858474 1.396925 0.273578 2
-0.888923 1.454403 0.294063 2
-0.868435 1.472018 0.292808 2
-0.863880 1.501522 0.298199 2
-0.882395 1.547328 0.313020 2
-0.886308 1.581775 0.321611 2
-0.868929 1.600926 0.321407 2
-0.849713 1.618910 0.320461 2
-0.882165 1.671236 0.340183 2
-0.853626 1.682711 0.335398 2
0.822124 0.651319 -0.317608 2
0.835421 0.696228 -0.311272 2
-0.929124 1.817165 0.383907 2
-0.901322 1.828519 0.379213 2
-0.932096 1.874154 0.396946 2
-0.918830 1.893761 0.397732 2
-0.848936 1.882170 0.377219 2
-0.847796 1.909122 0.382669 2
-0.852757 1.939004 0.390303 2
-0.797663 1.937668 0.375746 2
-0.826278 1.979303 0.391963 2
-0.787792 1.987219 0.383633 2
-0.759387 2.000610 0.379057 2
-0.779346 2.036818 0.391830 2
-0.711841 2.032856 0.373406 2
-0.687651 2.049272 0.370506 2
-0.703289 2.083014 0.381584 2
-0.610166 2.071011 0.354748 2
-0.598308 2.093727 0.356320 2
-0.496642 2.081312 0.327124 2
-0.429301 2.084058 0.310017 2
-0.373795 2.092479 0.297155 2
-0.282532 2.089153 0.272487 2
-0.161801 2.077457 0.238349 2
-0.120478 2.094831 0.230971 2
-0.023087 2.094738 0.205279 2
0.147853 2.073561 0.155935 2
0.186951 2.095705 0.150032 2
0.291830 2.099331 0.123037 2
0.339409 2.121061 0.114762 2
0.424595 2.133460 0.094665 2
-1.312096 -0.824791 -0.094551 7
-1.395824 -0.528384 -0.006932 8
-1.371127 -0.488367 -0.002982 8
-1.368510 -0.401656 0.016689 8
-1.327325 -0.400057 0.008006 8
-1.303374 -0.362164 0.011554 8
-1.305733 -0.272435 0.032953 8
-1.276784 -0.247600 0.032311 8
-1.322844 -0.079689 0.081517 6
-1.308293 -0.032079 0.089315 6
-1.281441 -0.008316 0.088824 6
-1.257534 0.020399 0.090116 6
-1.227055 0.037179 0.087156 6
-1.188560 0.040393 0.079243 6
-1.125514 0.003517 0.056543 6
-1.112366 0.050133 0.064296 6
-1.078345 0.062398 0.059411 6
-1.049582 0.083140 0.057641 6
-1.003827 0.078025 0.046064 6
-0.965786 0.085457 0.039092 6
-0.939955 0.111202 0.039069 3
-0.917022 0.140862 0.040580 2
-0.934294 0.226187 0.063967 2
-0.921936 0.268398 0.070718 2
-0.894968 0.290209 0.069452 2
-0.892814 0.344454 0.081243 2
-0.900852 0.410404 0.098019 2
-0.908912 0.474552 0.114372 2
-0.902335 0.518955 0.122852 2
-0.901887 0.569795 0.134187 2
-0.899642 0.617313 0.144337 2
-0.902207 0.669326 0.156599 2
-0.897493 0.711853 0.165013 2
-0.877671 0.736748 0.165921 2
-0.863595 0.767745 0.169522 2
-0.887331 0.838662 0.190901 2
-0.911237 0.907778 0.211900 2
-0.871033 0.909344 0.202736 2
-0.872847 0.953842 0.213014 2
-0.878535 1.001223 0.224829 2
-0.869393 1.033271 0.229719 2
-0.875268 1.079067 0.241193 2
-0.880204 1.123012 0.252019 2
-0.881011 1.162301 0.260820 2
-0.901777 1.218597 0.278102 2
-0.873545 1.230812 0.273992 2
-0.866004 1.261030 0.278758 2
-0.869973 1.300502 0.288288 2
-0.862437 1.329811 0.292824 2
-0.900696 1.395520 0.316278 2
-0.855481 1.393822 0.304972 2
-0.861169 1.432222 0.314618 2
-0.887730 1.485640 0.332541 2
-0.867973 1.503541 0.331575 2
-0.904005 1.561869 0.352820 2
-0.875789 1.573194 0.348357 2
0.841613 0.415811 -0.317304 2
0.844424 0.470150 -0.306454 2
0.844663 0.525501 -0.294788 2
-0.874159 1.694575 0.373701 2
-0.876552 1.725700 0.380850 2
-0.893951 1.765679 0.393534 2
-0.848362 1.766623 0.382509 2
-0.866892 1.806453 0.395410 2
-0.849641 1.824713 0.394963 2
-0.862454 1.860105 0.405496 2
0.909049 0.909097 -0.230284 2
0.914407 0.956659 -0.221762 2
-0.713134 1.863500 0.369207 2
-0.728559 1.900065 0.380569 2
-0.712864 1.920343 0.380833 2
-0.692177 1.938282 0.379360 2
-0.700758 1.970386 0.388058 2
-0.687191 1.991727 0.389023 2
-0.682371 2.017081 0.392972 2
-0.637352 2.024611 0.383247 2
-0.629091 2.048691 0.386047 2
-0.619705 2.072250 0.388444 2
-0.602010 2.092428 0.388064 2
-0.572097 2.107983 0.383676 2
-0.434755 2.083033 0.344203 2
-0.376746 2.090342 0.331080 2
-0.293731 2.089771 0.310084 2
-0.189323 2.083409 0.282539 2
-0.125618 2.092838 0.268351 2
-0.030189 2.093140 0.244348 2
0.135672 2.073191 0.198577 2
0.208265 2.084929 0.182543 2
0.273560 2.100153 0.169013 2
0.304637 2.126204 0.166222 2
0.394594 2.136752 0.145504 2
0.789670 2.069583 0.032480 2
-1.331309 -0.874466 -0.050641 7
-1.311327 -0.813764 -0.041341 7
-1.415626 -0.471828 0.057130 8
-1.370489 -0.478983 0.045899 8
-1.348767 -0.434248 0.051208 8
-1.338719 -0.366327 0.064157 8
-1.309103 -0.341169 0.063381 8
-1.327758 -0.219678 0.094362 8
-1.301250 -0.191559 0.094876 8
-1.283927 -0.146442 0.101122 6
-1.290038 -0.059001 0.121792 6
-1.278972 -0.006075 0.131087 6
-1.274550 0.057007 0.144051 6
-1.231039 0.050181 0.133059 6
-1.202415 0.069713 0.131109 6
-1.170553 0.083815 0.127237 6
-1.106757 0.046356 0.105014 6
-1.051476 0.024868 0.088149 6
-1.028535 0.055304 0.089770 6
-0.958825 0.014348 0.065426 6
-0.924645 0.028747 0.061020 6
-0.948049 0.127056 0.087672 3
-0.913874 0.140239 0.082965 3
-0.895975 0.176397 0.086863 2
-0.900525 0.242522 0.102259 2
-0.893687 0.291590 0.111393 2
-0.904786 0.362953 0.129353 2
-0.889046 0.397904 0.133400 2
-0.898383 0.463736 0.149734 2
-0.883117 0.497534 0.153605 2
-0.910841 0.582557 0.178182 2
-0.892491 0.610679 0.180101 2
-0.895653 0.663369 0.192145 2
-0.887510 0.701995 0.198596 2
-0.882945 0.743891 0.206543 2
-0.867502 0.773131 0.209296 2
-0.847370 0.797055 0.209832 2
-0.894888 0.891520 0.240805 2
-0.885158 0.924489 0.245609 2
-0.876577 0.958135 0.250803 2
-0.846654 0.970302 0.246541 2
-0.874493 1.038480 0.267369 2
-0.881161 1.084804 0.278700 2
-0.848117 1.093376 0.272917 2
-0.824571 1.111062 0.271226 2
-0.854510 1.176429 0.291885 2
-0.884892 1.240425 0.312343 2
-0.875328 1.268616 0.316044 2
-0.842856 1.277363 0.310358 2
-0.832596 1.304804 0.313714 2
-0.877407 1.376188 0.339003 2
-0.856642 1.393988 0.337882 2
-0.851403 1.423873 0.342872 2
0.717739 0.274277 -0.261218 3
0.787179 0.280546 -0.276124 3
0.810616 0.321355 -0.273171 2
0.825133 0.368346 -0.266880 2
-0.884048 1.608953 0.388733 2
-0.892102 1.645034 0.398031 2
-0.894512 1.676716 0.405089 2
-0.877130 1.695079 0.404758 2
-0.871832 1.721216 0.408845 2
-0.877847 1.754143 0.416968 2
-0.869798 1.777998 0.419917 2
-0.835003 1.785849 0.413292 2
-0.840597 1.817712 0.421063 2
-0.840283 1.845739 0.426648 2
-0.814213 1.859196 0.423183 2
0.927564 0.946004 -0.173488 2
-0.727847 1.869146 0.404689 2
-0.686230 1.876123 0.396196 2
-0.718802 1.921097 0.412926 2
-0.703890 1.941713 0.413484 2
-0.687288 1.961607 0.413483 2
-0.648928 1.971515 0.406298 2
-0.660122 2.004528 0.415504 2
-0.639874 2.023145 0.414342 2
-0.638299 2.050002 0.419256 2
-0.627952 2.072989 0.421297 2
-0.610341 2.093032 0.421008 2
-0.570584 2.104525 0.413725 2
-0.440119 2.082005 0.378030 2
-0.404559 2.097460 0.372501 2
-0.303329 2.089861 0.346703 2
-0.245554 2.099462 0.334672 2
-0.124507 2.088772 0.303481 2
-0.042275 2.093211 0.284538 2
0.117474 2.074776 0.242506 2
0.182309 2.088519 0.229512 2
0.275838 2.095015 0.208193 2
0.365798 2.104316 0.188255 2
0.386809 2.134106 0.188851 2
-1.432114 -0.518793 0.096809 8
-1.416751 -0.458168 0.106472 8
-1.386938 -0.431876 0.105833 8
-1.357614 -0.405037 0.105397 8
-1.332750 -0.369335 0.107754 8
-1.328705 -0.291906 0.123279 8
-1.319332 -0.228101 0.134792 8
-1.288825 -0.207776 0.132673 8
-1.256746 -0.190584 0.129548 8
-1.283089 -0.064836 0.161600 6
-1.274576 -0.007380 0.171899 6
-1.143406 -0.169146 0.110132 6
-1.219238 0.035762 0.169258 6
-1.197469 0.067066 0.171213 6
-1.156615 0.066207 0.162352 6
-1.105091 0.048941 0.147768 6
-1.045437 0.020394 0.129076 6
-0.995277 0.008628 0.115907 6
-0.969575 0.035267 0.115977 6
-0.933495 0.046259 0.110546 6
-0.932324 0.108294 0.123229 3
-0.912489 0.142096 0.126010 3
-0.888793 0.169993 0.126717 2
-0.905934 0.253192 0.147701 3
-0.903729 0.308043 0.158612 2
-0.884200 0.338891 0.160790 2
-0.893947 0.406778 0.176961 2
-0.882103 0.445720 0.182451 2
-0.880533 0.496551 0.192615 2
-0.890541 0.560109 0.207908 2
-0.876686 0.593848 0.211849 2
-0.889357 0.657708 0.227758 2
-0.891772 0.708259 0.238681 2
-0.880003 0.741906 0.243021 2
-0.892059 0.800944 0.257768 2
-0.878870 0.831586 0.261157 2
-0.867452 0.863696 0.265223 2
-0.869670 0.909322 0.275032 2
-0.877359 0.959467 0.286955 2
-0.861915 0.985724 0.288906 2
-0.876148 1.040367 0.303163 2
-0.868354 1.072884 0.308051 2
-0.867139 1.111035 0.315525 2
-0.830745 1.116605 0.308603 2
-0.864221 1.184895 0.329837 2
-0.854990 1.214116 0.333695 2
-0.885629 1.277041 0.353194 2
-0.850697 1.283449 0.346721 2
0.437157 0.263849 -0.144951 2
0.510074 0.261772 -0.161610 2
0.568869 0.272279 -0.172613 2
0.669323 0.251698 -0.199159 2
-0.887985 1.484033 0.395271 2
-0.860201 1.495822 0.391409 2
-0.880206 1.542556 0.405205 2
-0.857185 1.557742 0.403067 2
-0.868416 1.596913 0.413371 2
-0.854752 1.618422 0.414569 2
-0.843354 1.641412 0.416560 2
-0.858480 1.681550 0.427901 2
-0.838226 1.698376 0.426660 2
-0.879762 1.753791 0.446946 2
-0.845483 1.761611 0.440749 2
-0.846043 1.790709 0.446591 2
-0.830609 1.810158 0.446916 2
-0.827961 1.836935 0.451558 2
-0.850682 1.877514 0.464633 2
0.958980 0.925464 -0.131237 2
-0.692819 1.848551 0.423194 2
-0.682370 1.871948 0.425370 2
-0.673751 1.896224 0.428122 2
-0.714747 1.944760 0.446844 2
-0.677772 1.954706 0.440353 2
-0.665041 1.976580 0.441676 2
-0.657872 2.001020 0.444750 2
-0.671514 2.034570 0.454312 2
-0.623768 2.041136 0.444676 2
-0.642658 2.076464 0.455757 2
-0.582409 2.078921 0.442460 2
-0.572067 2.102264 0.444550 2
-0.418564 2.070677 0.403414 2
-0.338329 2.069643 0.384849 2
-0.323259 2.093726 0.385966 2
-0.239710 2.093956 0.366861 2
-0.149499 2.093567 0.346099 2
-0.051563 2.092417 0.323410 2
0.010798 2.104468 0.311362 2
0.183389 2.083931 0.267861 2
0.245302 2.099581 0.256567 2
0.284623 2.122771 0.251866 2
0.389518 2.128635 0.228833 2
-1.394478 -0.594849 0.120219 8
-1.400696 -0.483603 0.143868 8
-1.390761 -0.412981 0.156054 8
-1.369630 -0.369227 0.160551 8
-1.342037 -0.340396 0.160723 8
-1.314918 -0.311195 0.161055 8
-1.290522 -0.277160 0.162904 8
-1.292135 -0.193347 0.180041 8
-1.273899 -0.150391 0.184917 8
-1.226021 -0.163581 0.172464 6
-1.249211 -0.046674 0.200620 6
-1.134414 -0.178360 0.150702 6
-1.224532 0.050911 0.215059 6
-1.183980 0.049968 0.206521 6
-1.140747 0.045446 0.196708 6
-1.101617 0.048566 0.189255 6
-1.064521 0.055592 0.182991 6
-1.012572 0.040196 0.169180 6
-0.969075 0.039088 0.159953 6
-0.921472 0.032811 0.148837 6
-0.876365 0.031285 0.139172 6
-0.900302 0.128611 0.163468 3
-0.888994 0.173834 0.170087 2
-0.889883 0.234643 0.182325 2
-0.885045 0.286195 0.191527 2
-0.858802 0.308587 0.190482 2
-0.886155 0.399404 0.214151 2
-0.876481 0.441061 0.220357 2
-0.891673 0.512384 0.237614 2
-0.866935 0.533712 0.236636 2
-0.867454 0.584770 0.246804 2
-0.862702 0.628555 0.254425 2
-0.884518 0.701484 0.273351 2
-0.849811 0.709718 0.267668 2
-0.874574 0.783058 0.287277 2
-0.861145 0.813679 0.290452 2
-0.846138 0.842276 0.292888 2
-0.849393 0.889263 0.302771 2
-0.881799 0.964460 0.324324 2
-0.842929 0.967485 0.316691 2
-0.851711 1.017120 0.328235 2
-0.828046 1.035003 0.326705 2
-0.861149 1.105549 0.347465 2
-0.843670 1.128270 0.348173 2
0.185124 0.252026 -0.040741 2
0.209600 0.286493 -0.039257 2
0.289523 0.273516 -0.058788 2
0.334588 0.291501 -0.064907 2
0.442848 0.258282 -0.094420 2
-0.883525 1.379811 0.405411 2
-0.882048 1.412495 0.411405 2
-0.844175 1.416648 0.404110 2
-0.832783 1.441473 0.406454 2
-0.855355 1.491256 0.420865 2
-0.852874 1.521720 0.426187 2
-0.869057 1.565019 0.437968 2
-0.886955 1.608573 0.450159 2
-0.831271 1.601192 0.436787 2
-0.829328 1.630730 0.442018 2
-0.878732 1.693303 0.464596 2
-0.842023 1.699295 0.457840 2
-0.866247 1.743850 0.471547 2
-0.835787 1.754092 0.466932 2
-0.814956 1.770536 0.465565 2
-0.803558 1.792676 0.467308 2
-0.808992 1.824343 0.474486 2
-0.810646 1.853439 0.480353 2
-0.781822 1.865652 0.476431 2
0.940650 0.981851 -0.063140 2
-0.685139 1.871203 0.456556 2
-0.651581 1.882808 0.451473 2
-0.665680 1.918383 0.461222 2
-0.637959 1.933275 0.458009 2
-0.655415 1.969670 0.468625 2
-0.648018 1.994061 0.471590 2
-0.612982 2.006121 0.466237 2
-0.620486 2.037104 0.473657 2
-0.598498 2.055289 0.472271 2
-0.610269 2.087519 0.480838 2
-0.583262 2.103872 0.478003 2
-0.426996 2.070857 0.437843 2
-0.400265 2.089567 0.435492 2
-0.305830 2.084119 0.413902 2
-0.245601 2.092576 0.402335 2
-0.162052 2.094216 0.384414 2
-0.048946 2.087751 0.358540 2
-0.011342 2.107568 0.353983 2
0.186688 2.078681 0.305421 2
0.248825 2.094154 0.294689 2
0.319249 2.108375 0.281908 2
0.346540 2.135754 0.280957 2
-1.383435 -0.608720 0.162479 8
-1.433237 -0.399094 0.212260 8
-1.389656 -0.405098 0.202487 8
-1.344577 -0.413175 0.192016 8
-1.330553 -0.355084 0.200286 8
-1.326061 -0.279607 0.213749 8
-1.294409 -0.260996 0.211000 8
-1.290561 -0.188506 0.224011 8
-1.256631 -0.175617 0.219710 8
-1.247342 -0.116942 0.229002 8
-1.245085 -0.047466 0.241739 6
-1.146249 -0.150813 0.202427 6
-1.229036 0.064609 0.259797 6
-1.186349 0.059642 0.250333 6
-1.138610 0.047368 0.238469 6
-1.117439 0.079277 0.240279 6
-1.060550 0.054289 0.224166 6
-1.022267 0.059913 0.217565 6
-0.960251 0.030304 0.199539 6
-0.929335 0.048760 0.196829 6
-0.893491 0.060179 0.191795 6
-0.884503 0.110025 0.199403 3
-0.873892 0.156429 0.206030 2
-0.890008 0.238086 0.224675 2
-0.868120 0.266716 0.225669 2
-0.859355 0.312139 0.232465 2
-0.876642 0.389832 0.250581 2
-0.870081 0.435426 0.257841 2
-0.855606 0.470341 0.261490 2
-0.861372 0.529009 0.273686 2
-0.851261 0.567505 0.278878 2
-0.846738 0.611758 0.286276 2
-0.865423 0.681328 0.303114 2
-0.847287 0.708203 0.304486 2
-0.865440 0.774251 0.320545 2
-0.855025 0.808130 0.324784 2
-0.826858 0.822990 0.321857 2
-0.858283 0.899035 0.342463 2
-0.836929 0.920027 0.342055 2
-0.821070 0.946427 0.343770 2
-0.857537 1.023022 0.365487 2
-0.033818 0.285429 0.060335 2
0.055756 0.257192 0.036847 2
0.124362 0.250260 0.021592 2
0.191486 0.246128 0.007154 2
-0.850914 1.210032 0.399006 2
-0.897049 1.286067 0.422558 2
-0.873227 1.301371 0.420545 2
-0.861082 1.326464 0.422730 2
-0.865409 1.364621 0.430698 2
-0.846741 1.383983 0.430478 2
-0.866319 1.432899 0.443549 2
-0.830628 1.438936 0.437370 2
-0.837016 1.476711 0.445671 2
-0.849389 1.518138 0.455869 2
-0.862719 1.559399 0.466228 2
-0.832100 1.569294 0.461783 2
-0.850791 1.613171 0.473715 2
-0.839283 1.635992 0.475565 2
-0.812872 1.649032 0.472551 2
-0.791543 1.665657 0.471236 2
-0.836084 1.723526 0.491033 2
-0.810441 1.737031 0.488250 2
-0.788765 1.753238 0.486774 2
-0.793308 1.784942 0.493530 2
-0.791870 1.812780 0.498342 2
-0.819641 1.856564 0.512084 2
-0.798298 1.872640 0.510637 2
0.966289 0.964647 -0.018938 2
-0.661138 1.856619 0.479456 2
-0.647110 1.878300 0.480528 2
-0.624123 1.895618 0.478952 2
-0.665277 1.944022 0.496271 2
-0.607343 1.944751 0.484453 2
-0.638567 1.987278 0.498644 2
-0.646614 2.018498 0.505988 2
-0.610502 2.030180 0.500655 2
-0.604712 2.055221 0.504010 2
-0.567788 2.067420 0.498595 2
-0.563642 2.093269 0.502427 2
-0.393117 2.054733 0.460186 2
-0.336697 2.062613 0.449945 2
-0.320848 2.086285 0.450950 2
-0.221989 2.080828 0.429507 2
-0.170049 2.093360 0.421020 2
-0.102440 2.101637 0.408516 2
0.007243 2.097733 0.385098 2
0.163562 2.081600 0.349812 2
0.213950 2.100179 0.342716 2
0.332844 2.099946 0.318036 2
0.388113 2.119630 0.310116 2
0.567998 2.144158 0.277218 2
-1.341915 -0.693095 0.186331 8
-1.413663 -0.432585 0.246995 8
-1.382452 -0.410694 0.244908 8
-1.365094 -0.359461 0.250765 8
-1.336108 -0.334212 0.249707 8
-1.331687 -0.259442 0.262286 8
-1.294999 -0.251490 0.256629 8
-1.274209 -0.212330 0.259646 8
-1.262634 -0.156789 0.267383 8
-1.236067 -0.130695 0.266934 8
-1.223733 -0.079336 0.273770 6
-1.190245 -0.066767 0.269550 8
-1.233679 0.078462 0.304016 6
-1.199064 0.086662 0.298790 6
-1.128465 0.036080 0.276053 6
-1.098549 0.053990 0.273475 6
-1.072660 0.078284 0.272820 6
-1.008781 0.043835 0.254272 6
-0.954486 0.026137 0.240581 6
-0.941296 0.070691 0.246013 6
-0.872926 0.034530 0.226282 6
-0.912769 0.153789 0.255377 3
-0.871623 0.156819 0.247942 3
-0.888243 0.238940 0.265877 2
-0.855401 0.252854 0.261998 2
-0.879726 0.341462 0.282585 2
-0.871270 0.385546 0.288838 2
-0.845832 0.407490 0.287828 2
-0.840497 0.454014 0.295119 2
-0.848935 0.516055 0.307859 2
-0.866757 0.587510 0.324104 2
-0.842329 0.608289 0.323075 2
-0.830800 0.643653 0.327159 2
-0.853068 0.715876 0.344400 2
-0.846964 0.755308 0.350263 2
-0.873724 0.828979 0.368632 2
-0.859364 0.857709 0.370973 2
-0.225141 0.252546 0.139493 2
-0.180285 0.262611 0.132564 2
-0.109223 0.247624 0.116059 2
-0.048711 0.244488 0.103721 2
-0.021027 0.273593 0.103527 2
-0.885389 1.128089 0.424315 2
-0.871421 1.153329 0.426097 2
-0.873162 1.192359 0.433398 2
-0.848056 1.207276 0.431167 2
-0.845169 1.241406 0.436690 2
-0.873255 1.300938 0.452774 2
-0.840000 1.308622 0.447661 2
-0.837381 1.341456 0.453000 2
-0.830130 1.370171 0.456701 2
-0.832668 1.406131 0.463599 2
-0.825461 1.434126 0.467178 2
-0.835959 1.474946 0.476491 2
-0.834942 1.506611 0.481927 2
-0.853282 1.551579 0.493506 2
-0.815335 1.556430 0.486962 2
-0.790047 1.570572 0.484539 2
-0.805423 1.612096 0.494923 2
-0.822359 1.653782 0.505638 2
-0.784359 1.659563 0.499243 2
-0.804481 1.702267 0.510759 2
-0.804217 1.731606 0.515917 2
-0.777130 1.744591 0.512929 2
-0.772843 1.771245 0.516822 2
-0.814762 1.824002 0.534377 2
-0.797605 1.842436 0.534292 2
-0.784543 1.863225 0.535425 2
0.930389 0.980100 0.043506 2
-0.641898 1.844470 0.504205 2
-0.619564 1.862118 0.502963 2
-0.638421 1.900354 0.513425 2
-0.643992 1.931441 0.520021 2
-0.614017 1.945433 0.516632 2
-0.646283 1.988336 0.530540 2
-0.627857 2.007632 0.530348 2
-0.580225 2.014449 0.522230 2
-0.599618 2.050409 0.532386 2
-0.585968 2.072122 0.533552 2
-0.536126 2.079485 0.525094 2
-0.407036 2.057060 0.495852 2
-0.338843 2.060233 0.483057 2
-0.296416 2.074111 0.477198 2
-0.242628 2.084690 0.468529 2
-0.195572 2.098547 0.461756 2
-0.118361 2.103217 0.447453 2
0.009987 2.092950 0.420494 2
0.066702 2.107459 0.411938 2
0.202999 2.099159 0.383765 2
0.287613 2.108479 0.368824 2
0.360330 2.122693 0.357075 2
0.621929 2.087724 0.299638 2
-1.278739 -0.826946 0.199706 7
-1.320046 -0.632247 0.240389 8
-1.386868 -0.390874 0.293760 8
-1.352619 -0.376452 0.289767 8
-1.327986 -0.341932 0.290982 8
-1.309701 -0.295413 0.295420 8
-1.295928 -0.241401 0.301974 8
-1.276705 -0.199678 0.305429 8
-1.250702 -0.171893 0.305255 8
-1.238636 -0.118929 0.311958 8
-1.232388 -0.057127 0.321250 6
-1.178078 -0.081809 0.306893 8
-1.220186 0.061077 0.338981 6
-1.176821 0.054838 0.329802 6
-1.145421 0.069322 0.326375 6
-1.112249 0.081127 0.322165 6
-1.063874 0.069332 0.311112 6
-1.001278 0.036987 0.293916 6
-0.944548 0.015679 0.279690 6
-0.903968 0.019915 0.272819 6
-0.876236 0.043370 0.271611 6
-0.816075 0.020919 0.256556 6
-0.836044 0.111117 0.275591 3
-0.892444 0.247859 0.309334 2
-0.856841 0.257796 0.304369 2
-0.857489 0.315314 0.314254 2
-0.826096 0.330555 0.310980 2
-0.841564 0.404531 0.326431 2
-0.839521 0.454989 0.334620 2
-0.847861 0.516733 0.346667 2
-0.844402 0.563009 0.353885 2
-0.833058 0.599218 0.357924 2
-0.826498 0.640237 0.363673 2
-0.439569 0.259645 0.226825 2
-0.386599 0.257116 0.216521 2
-0.320044 0.241240 0.201419 2
-0.293473 0.268684 0.201138 2
-0.247405 0.276169 0.193831 2
-0.857419 0.941643 0.420713 2
-0.882214 1.007312 0.436510 2
-0.859799 1.025777 0.435483 2
-0.862882 1.068399 0.443317 2
-0.868372 1.112398 0.451835 2
-0.833068 1.118489 0.446305 2
-0.846274 1.168294 0.457252 2
-0.839179 1.199277 0.461215 2
-0.850534 1.245626 0.471231 2
-0.829039 1.263470 0.470279 2
-0.834219 1.303326 0.478043 2
-0.817575 1.324889 0.478630 2
-0.809032 1.352817 0.481811 2
-0.799178 1.379466 0.484531 2
-0.804067 1.417047 0.491858 2
-0.826032 1.466616 0.504405 2
-0.794103 1.475931 0.500069 2
-0.788523 1.504455 0.503909 2
-0.800274 1.544740 0.512978 2
-0.813348 1.585138 0.522313 2
-0.786408 1.598060 0.519526 2
-0.821411 1.651745 0.535205 2
-0.773637 1.651208 0.526253 2
-0.797071 1.696079 0.538280 2
-0.793062 1.723168 0.542176 2
-0.766709 1.736659 0.539602 2
-0.750266 1.756290 0.539918 2
-0.758461 1.790072 0.547227 2
-0.795645 1.839474 0.562587 2
-0.768689 1.852651 0.559853 2
-0.722785 1.856127 0.551946 2
-0.634065 1.838221 0.532441 2
-0.629408 1.864850 0.536149 2
-0.607716 1.882870 0.535226 2
-0.629888 1.922291 0.546101 2
-0.616731 1.944279 0.547443 2
-0.607018 1.967891 0.549702 2
-0.628157 2.005244 0.560035 2
-0.608414 2.024075 0.559620 2
-0.583285 2.040845 0.557854 2
-0.575030 2.064900 0.560466 2
-0.536055 2.076626 0.555274 2
-0.404355 2.052983 0.526844 2
-0.331690 2.054364 0.513643 2
-0.320941 2.079814 0.516039 2
-0.261734 2.088076 0.506515 2
-0.202638 2.097467 0.497207 2
-0.126948 2.102412 0.484067 2
-0.016266 2.097519 0.462764 2
0.070715 2.102188 0.447492 2
0.226531 2.087822 0.416215 2
0.260209 2.111986 0.414163 2
0.373223 2.114490 0.393712 2
-1.282962 -0.804994 0.253324 7
-1.289423 -0.689660 0.272784 8
-1.384198 -0.386671 0.338148 8
-1.365861 -0.338696 0.342409 8
-1.316241 -0.357158 0.330423 8
-1.305039 -0.296194 0.338059 8
-1.290566 -0.243809 0.343743 8
-1.254073 -0.235526 0.338415 8
-1.238669 -0.187150 0.343304 8
-1.221379 -0.143669 0.347078 8
-1.219006 -0.074595 0.357639 6
-1.183906 -0.065251 0.352757 6
-1.211144 0.051367 0.376274 6
-1.182904 0.070598 0.374222 6
-1.129475 0.048474 0.361021 6
-1.083232 0.039634 0.351244 6
-1.064942 0.075852 0.353720 6
-1.013594 0.060575 0.342005 6
-0.962462 0.047093 0.330621 6
-0.913397 0.038057 0.320327 6
-0.854403 0.015948 0.306158 6
-0.819646 0.029813 0.302118 6
-0.831562 0.108471 0.316863 3
-0.888914 0.246280 0.349266 2
-0.861820 0.267405 0.347786 2
-0.854720 0.314492 0.354068 2
-0.820246 0.325701 0.349682 2
-0.845282 0.411525 0.367963 2
-0.811186 0.422516 0.363621 2
-0.617642 0.242940 0.300076 2
-0.580426 0.254879 0.295340 2
-0.522996 0.244019 0.283323 2
-0.482828 0.254005 0.277756 2
-0.445164 0.267333 0.273182 2
-0.368481 0.238816 0.254897 2
-0.851380 0.807117 0.432804 2
-0.872200 0.872695 0.447115 2
-0.873203 0.916287 0.454346 2
-0.858852 0.943613 0.456216 2
-0.844580 0.970763 0.458077 2
-0.841425 1.008375 0.463614 2
-0.832965 1.040334 0.467297 2
-0.858562 1.103377 0.482075 2
-0.830576 1.116174 0.479191 2
-0.834659 1.157806 0.486684 2
-0.837494 1.197545 0.493653 2
-0.826478 1.224713 0.496128 2
-0.823310 1.258213 0.501027 2
-0.807158 1.280566 0.501816 2
-0.804315 1.313578 0.506703 2
-0.793521 1.339856 0.509089 2
-0.795542 1.375832 0.515327 2
-0.766817 1.387960 0.512244 2
-0.813807 1.456579 0.531766 2
-0.785365 1.468519 0.528710 2
-0.790666 1.504829 0.535599 2
-0.774123 1.525319 0.536050 2
-0.740826 1.534430 0.531689 2
-0.762088 1.580467 0.542998 2
-0.785915 1.627154 0.554868 2
-0.755886 1.638355 0.551438 2
-0.787163 1.688326 0.565166 2
-0.779415 1.713198 0.567909 2
-0.792043 1.750103 0.576218 2
-0.768974 1.765447 0.574709 2
-0.755163 1.786352 0.575747 2
-0.720712 1.795758 0.571270 2
-0.748880 1.839900 0.583515 2
-0.765393 1.876797 0.592523 2
-0.627298 1.832522 0.561020 2
-0.589653 1.842418 0.556082 2
-0.614100 1.883717 0.567221 2
-0.575888 1.893838 0.562230 2
-0.606582 1.937079 0.574792 2
-0.586072 1.955789 0.574332 2
-0.579359 1.980897 0.577350 2
-0.566897 2.003401 0.578935 2
-0.572894 2.033775 0.585058 2
-0.604131 2.074183 0.597263 2
-0.550539 2.079617 0.588836 2
-0.428422 2.059339 0.564170 2
-0.332774 2.051610 0.546221 2
-0.283905 2.062978 0.539625 2
-0.235139 2.075244 0.533202 2
-0.216584 2.098795 0.533937 2
-0.121634 2.096997 0.517125 2
-0.014954 2.093258 0.497952 2
0.085442 2.093574 0.480560 2
0.226647 2.083510 0.454331 2
0.261514 2.107223 0.452283 2
0.332370 2.121360 0.442373 2
-1.277094 -0.806359 0.300950 7
-1.257738 -0.749140 0.305969 7
-1.383440 -0.378372 0.383205 8
-1.367307 -0.326203 0.388070 8
-1.330610 -0.318336 0.382731 8
-1.305428 -0.286815 0.382951 8
-1.268096 -0.279919 0.377375 8
-1.235718 -0.263016 0.374171 8
-1.215128 -0.223962 0.376351 8
-1.206236 -0.164453 0.383647 8
-1.182443 -0.133536 0.384071 8
-1.167314 -0.088037 0.388201 6
-1.218579 0.069868 0.420765 6
-1.166420 0.048512 0.408440 6
-1.117295 0.033843 0.397656 6
-1.081758 0.042362 0.392725 6
-1.053205 0.062268 0.390729 6
-0.990152 0.029243 0.374793 6
-0.960399 0.048414 0.372497 6
-0.927218 0.062586 0.368863 6
-0.844379 0.005571 0.345913 6
-0.805451 0.013636 0.340383 6
-0.777713 0.037693 0.339211 6
-0.878877 0.235896 0.386610 2
-0.824252 0.220637 0.374877 2
-0.829027 0.283916 0.385272 2
-0.783714 0.281835 0.377156 2
-0.691617 0.222408 0.352311 2
-0.655229 0.234249 0.347859 2
-0.627707 0.257138 0.346617 2
-0.584512 0.261652 0.339903 2
-0.541323 0.266919 0.333316 2
-0.866765 0.688491 0.453215 2
-0.853695 0.720331 0.455845 2
-0.856207 0.768627 0.463655 2
-0.831937 0.787407 0.462396 2
-0.841038 0.841032 0.472161 2
-0.837063 0.880039 0.477469 2
-0.831318 0.916576 0.482107 2
-0.785631 0.913303 0.473859 2
-0.824834 0.992692 0.492722 2
-0.817057 1.025490 0.496464 2
-0.822687 1.070240 0.504323 2
-0.823381 1.109594 0.510524 2
-0.821339 1.145802 0.515785 2
-0.801478 1.165887 0.515553 2
-0.804130 1.205254 0.522109 2
-0.805643 1.242956 0.528222 2
-0.806508 1.279476 0.534051 2
-0.783019 1.295797 0.532656 2
-0.758404 1.311429 0.530972 2
-0.769194 1.354652 0.539531 2
-0.790393 1.404887 0.550935 2
-0.777502 1.428679 0.552510 2
-0.725748 1.424144 0.543164 2
-0.763087 1.484066 0.558803 2
-0.749903 1.507219 0.560251 2
-0.758763 1.545347 0.567733 2
-0.763629 1.580120 0.574029 2
-0.755810 1.606046 0.576828 2
-0.744861 1.629786 0.578769 2
-0.762917 1.671590 0.588387 2
-0.775481 1.709161 0.596431 2
-0.765688 1.732641 0.598543 2
-0.748616 1.751768 0.598766 2
-0.719100 1.763880 0.595821 2
-0.716492 1.791480 0.599797 2
-0.717765 1.820943 0.604718 2
-0.716087 1.848482 0.608852 2
-0.715574 1.876367 0.613240 2
-0.616852 1.853992 0.593402 2
-0.589039 1.868972 0.591239 2
-0.583574 1.895168 0.594562 2
-0.569286 1.917045 0.595747 2
-0.583667 1.952190 0.603786 2
-0.570903 1.974552 0.605313 2
-0.549066 1.992994 0.604725 2
-0.533972 2.014563 0.605756 2
-0.557619 2.052263 0.615756 2
-0.474870 2.046388 0.601269 2
-0.401973 2.046015 0.589296 2
-0.322994 2.044746 0.576192 2
-0.277493 2.057352 0.570828 2
-0.243770 2.074952 0.568212 2
-0.140688 2.069044 0.550438 2
-0.126457 2.094986 0.552385 2
-0.046483 2.099673 0.540134 2
0.050424 2.100557 0.524507 2
0.178264 2.093925 0.502616 2
0.292055 2.093917 0.484113 2
0.311708 2.122664 0.485683 2
0.587961 2.081918 0.434045 2
-1.262865 -0.826869 0.344360 7
-1.292058 -0.661370 0.372158 7
-1.208563 -0.747870 0.345831 8
-1.359882 -0.332573 0.429127 8
-1.331445 -0.307668 0.427668 8
-1.296722 -0.295815 0.423341 8
-1.277148 -0.253976 0.425771 8
-1.240440 -0.246159 0.420574 8
-1.208978 -0.228073 0.417709 8
-1.185163 -0.196018 0.418101 8
-1.167813 -0.153052 0.421121 8
-1.149929 -0.112138 0.423779 6
-1.211506 0.063495 0.458681 6
-1.172550 0.064262 0.452203 6
-1.133020 0.064834 0.445613 6
-1.060192 0.012945 0.426090 6
-1.027647 0.027092 0.422603 6
-0.982705 0.022477 0.414416 6
-0.945571 0.030585 0.409339 6
-0.897112 0.022576 0.400114 6
-0.851511 0.019855 0.392125 6
-0.790256 -0.003922 0.378571 6
-0.740973 -0.009349 0.369615 6
-0.885354 0.247818 0.429985 2
-0.829190 0.230186 0.418186 2
-0.789760 0.235796 0.412468 2
-0.752106 0.244296 0.407467 2
-0.703202 0.239322 0.398707 2
-0.835439 0.456435 0.451443 2
-0.854183 0.530116 0.465058 2
-0.871941 0.600573 0.478062 2
-0.857624 0.632224 0.480265 2
-0.842898 0.662992 0.482286 2
-0.822987 0.687650 0.482595 2
-0.827605 0.738735 0.490717 2
-0.825213 0.781215 0.496470 2
-0.813960 0.813640 0.499342 2
-0.835112 0.878713 0.512205 2
-0.813504 0.899280 0.511705 2
-0.797836 0.925700 0.513026 2
-0.809279 0.978011 0.522500 2
-0.783706 0.994190 0.520756 2
-0.824264 1.071755 0.538622 2
-0.785891 1.075532 0.533030 2
-0.789056 1.116932 0.539622 2
-0.785165 1.151399 0.544078 2
-0.776383 1.181175 0.547072 2
-0.808196 1.244634 0.561520 2
-0.787116 1.262998 0.560890 2
-0.780621 1.293216 0.564346 2
-0.795310 1.339793 0.573602 2
-0.770791 1.355057 0.571999 2
-0.783870 1.399042 0.580634 2
-0.745306 1.403799 0.575263 2
-0.751165 1.441525 0.581844 2
-0.757960 1.479264 0.588584 2
-0.748764 1.505191 0.591044 2
-0.719089 1.516959 0.588166 2
-0.730293 1.556469 0.595895 2
-0.725529 1.584791 0.599442 2
-0.731916 1.619979 0.605783 2
-0.739975 1.655645 0.612468 2
-0.721581 1.674495 0.612477 2
-0.730827 1.710044 0.619349 2
-0.696306 1.719329 0.615406 2
-0.714306 1.759281 0.624332 2
-0.731970 1.798240 0.633063 2
-0.661456 1.788146 0.620590 2
-0.715595 1.846192 0.637929 2
-0.707088 1.869851 0.640278 2
-0.596443 1.841354 0.618785 2
-0.579207 1.861764 0.619303 2
-0.549342 1.876175 0.616951 2
-0.549189 1.905086 0.621444 2
-0.532624 1.926152 0.622197 2
-0.563523 1.968683 0.633611 2
-0.575153 2.001791 0.640599 2
-0.532547 2.011259 0.635567 2
-0.515006 2.031866 0.636138 2
-0.477948 2.044764 0.632515 2
-0.477178 2.072500 0.636798 2
-0.352070 2.052670 0.614558 2
-0.271707 2.051954 0.602195 2
-0.193263 2.053481 0.590493 2
-0.156779 2.071102 0.587762 2
-0.116254 2.087939 0.584302 2
-0.041796 2.094377 0.574027 2
0.018222 2.106759 0.566912 2
0.159453 2.095476 0.543668 2
0.294472 2.088813 0.522125 2
0.340406 2.110048 0.518614 2
0.537040 2.090896 0.485738 2
-1.286212 -0.761679 0.405328 7
-1.251201 -0.741012 0.402062 7
-1.209765 -0.734414 0.395948 8
-1.355762 -0.331969 0.471642 8
-1.320754 -0.320794 0.467225 8
-1.303765 -0.273191 0.470481 8
-1.279279 -0.241748 0.470441 8
-1.264148 -0.193092 0.474175 8
-1.198736 -0.239834 0.457368 8
-1.160412 -0.234186 0.451782 8
-1.155058 -0.169167 0.459286 8
-1.162261 -0.084350 0.471423 6
-1.198825 0.047567 0.494472 6
-1.154092 0.038936 0.486061 6
-1.124946 0.056884 0.483654 6
-1.074990 0.041639 0.473568 6
-1.031266 0.037573 0.465966 6
-0.975217 0.015651 0.454057 6
-0.932957 0.016105 0.447316 6
-0.873245 -0.008196 0.434542 6
-0.818241 -0.023887 0.423671 6
-0.791657 0.001873 0.422821 6
-0.735025 -0.013904 0.411715 6
-0.698162 -0.001492 0.407500 6
-0.858639 0.272091 0.469235 2
-0.845125 0.310298 0.472178 2
-0.855061 0.377576 0.482712 2
-0.839262 0.411011 0.484691 2
-0.858828 0.487070 0.497945 2
-0.843961 0.519814 0.500011 2
-0.836286 0.560520 0.504287 2
-0.836550 0.609575 0.510941 2
-0.815516 0.633558 0.510912 2
-0.847964 0.716475 0.527178 2
-0.835260 0.748115 0.529508 2
-0.794985 0.750075 0.523557 2
-0.829500 0.830622 0.539865 2
-0.793695 0.837107 0.535250 2
-0.792030 0.878328 0.540648 2
-0.787655 0.916121 0.545175 2
-0.785697 0.955607 0.550318 2
-0.793936 1.004015 0.558263 2
-0.782298 1.032985 0.560508 2
-0.758534 1.050662 0.559360 2
-0.792410 1.119753 0.574108 2
-0.765562 1.134040 0.572050 2
-0.772211 1.177241 0.579100 2
-0.736766 1.184317 0.574764 2
-0.761454 1.241362 0.586497 2
-0.750196 1.268071 0.588581 2
-0.782757 1.329155 0.602090 2
-0.734174 1.325915 0.594387 2
-0.740652 1.365389 0.600967 2
-0.708759 1.375664 0.597697 2
-0.740868 1.432959 0.610653 2
-0.726877 1.455968 0.611884 2
-0.720002 1.483892 0.614886 2
-0.712456 1.511107 0.617701 2
-0.710436 1.541799 0.621844 2
-0.702393 1.568181 0.624490 2
-0.708708 1.603581 0.630566 2
-0.714239 1.637920 0.636385 2
-0.715560 1.669142 0.641146 2
-0.724642 1.704618 0.647675 2
-0.678253 1.706927 0.641265 2
-0.706998 1.753238 0.652275 2
-0.705772 1.781647 0.656302 2
-0.686673 1.799963 0.656255 2
-0.702175 1.836982 0.664007 2
-0.693669 1.860747 0.666327 2
-0.595870 1.838818 0.648952 2
-0.539527 1.839666 0.640974 2
-0.538618 1.868557 0.645195 2
-0.538465 1.897542 0.649551 2
-0.615861 1.962119 0.670418 2
-0.558999 1.964094 0.662586 2
-0.529895 1.979333 0.660752 2
-0.515757 2.001395 0.662107 2
-0.490796 2.019037 0.661256 2
-0.456367 2.033180 0.658534 2
-0.458030 2.062065 0.663224 2
-0.403533 2.069229 0.656601 2
-0.373974 2.086638 0.655113 2
-0.177776 2.044503 0.620792 2
-0.156432 2.067477 0.621360 2
-0.095046 2.077158 0.614208 2
-0.025385 2.085244 0.605653 2
0.032260 2.098419 0.599606 2
0.149396 2.094414 0.582490 2
0.226010 2.104656 0.573341 2
0.327034 2.109353 0.559899 2
0.510883 2.093237 0.531535 2
-1.250646 -0.830737 0.439240 7
-1.244894 -0.743763 0.448437 7
-1.221340 -0.698693 0.449865 7
-1.182701 -0.686714 0.444997 8
-1.305493 -0.343255 0.505149 8
-1.284271 -0.303834 0.506362 8
-1.265200 -0.261282 0.508312 8
-1.248185 -0.216001 0.510936 8
-1.186166 -0.255907 0.496313 8
-1.166658 -0.215757 0.497974 8
-1.129445 -0.208123 0.492982 8
-1.159902 -0.082260 0.512805 6
-1.183278 0.026802 0.529526 6
-1.146945 0.032509 0.524506 6
-1.121339 0.056215 0.523347 6
-1.056729 0.017551 0.508612 6
-1.036896 0.051142 0.509586 6
-0.970986 0.013800 0.494849 6
-0.939510 0.030290 0.491990 6
-0.901820 0.037834 0.487106 6
-0.846397 0.020495 0.476483 6
-0.774023 -0.019078 0.460565 6
-0.743433 0.001278 0.458400 6
-0.668442 -0.038117 0.442149 6
-0.650433 0.000185 0.444151 6
-0.814030 0.272797 0.502633 2
-0.816733 0.331477 0.510330 2
-0.805658 0.371559 0.513663 2
-0.815453 0.436321 0.523223 2
-0.829790 0.504803 0.533947 2
-0.807407 0.528450 0.533592 2
-0.798380 0.567328 0.537157 2
-0.818101 0.637877 0.548999 2
-0.822029 0.689086 0.556077 2
-0.797833 0.708702 0.555020 2
-0.772649 0.727331 0.553710 2
-0.791479 0.791862 0.564729 2
-0.777761 0.821524 0.566545 2
-0.779658 0.866490 0.572620 2
-0.789237 0.918086 0.580683 2
-0.791269 0.961258 0.586581 2
-0.768582 0.980265 0.585791 2
-0.750898 1.003992 0.586353 2
-0.728577 1.023432 0.585707 2
-0.738225 1.071397 0.593395 2
-0.737759 1.109526 0.598362 2
-0.769087 1.174203 0.611376 2
-0.743299 1.189322 0.609735 2
-0.734402 1.218573 0.612380 2
-0.720512 1.243506 0.613762 2
-0.735872 1.291410 0.622352 2
-0.713494 1.309079 0.621599 2
-0.704189 1.336826 0.624052 2
-0.692873 1.362849 0.626007 2
-0.714645 1.412795 0.635835 2
-0.704316 1.438721 0.637947 2
-0.740020 1.496631 0.650827 2
-0.719405 1.514542 0.650449 2
-0.719160 1.546251 0.654796 2
-0.717833 1.576838 0.658854 2
-0.673304 1.579332 0.653104 2
-0.711941 1.634885 0.666140 2
-0.691421 1.652653 0.665833 2
-0.705219 1.691230 0.673135 2
-0.687568 1.710594 0.673475 2
-0.650958 1.719174 0.669734 2
-0.655737 1.751621 0.674994 2
-0.672832 1.790379 0.682830 2
-0.712564 1.840532 0.695358 2
-0.663468 1.842830 0.689100 2
-0.679937 1.879602 0.696612 2
-0.552840 1.843970 0.674464 2
-0.525900 1.859954 0.673194 2
-0.572317 1.911176 0.686847 2
-0.592951 1.949066 0.695138 2
-0.534060 1.950282 0.687507 2
-0.538618 1.980543 0.692575 2
-0.503699 1.993531 0.689885 2
-0.490601 2.016179 0.691524 2
-0.440120 2.023721 0.686003 2
-0.433533 2.049485 0.688996 2
-0.416264 2.071076 0.689975 2
-0.338838 2.070441 0.679737 2
-0.377358 2.113174 0.691246 2
-0.132641 2.055651 0.650546 2
-0.079375 2.068214 0.645517 2
-0.026123 2.081716 0.640652 2
0.024209 2.097077 0.636469 2
0.121878 2.098757 0.624049 2
0.277454 2.085117 0.601766 2
0.290189 2.115428 0.604829 2
0.492743 2.093454 0.575208 2
-1.232334 -0.860337 0.481670 7
-1.211514 -0.806261 0.484111 7
-1.197715 -0.738913 0.489102 7
-1.217325 -0.603942 0.506596 8
-1.284725 -0.376892 0.541462 8
-1.260597 -0.342695 0.541371 8
-1.249099 -0.284687 0.545832 8
-1.251576 -0.201979 0.555149 8
-1.212060 -0.200392 0.549232 8
-1.181378 -0.182027 0.546519 8
-1.125638 -0.208205 0.535145 8
-1.172803 -0.053693 0.559225 6
-1.182169 0.030620 0.569896 6
-1.131787 0.012780 0.560324 6
-1.107017 0.038117 0.559396 6
-1.054588 0.019166 0.549442 6
-0.993699 -0.011356 0.536963 6
-0.983485 0.037437 0.540889 6
-0.936207 0.029715 0.533026 6
-0.884284 0.016348 0.523869 6
-0.831897 0.003701 0.514749 6
-0.776616 -0.011634 0.504928 6
-0.723724 -0.022203 0.496021 6
-0.687816 -0.008608 0.492359 6
-0.647475 -0.000510 0.487453 6
-0.779828 0.231345 0.533136 2
-0.783188 0.291514 0.540553 2
-0.809676 0.378876 0.554445 2
-0.773836 0.387788 0.550378 2
-0.777352 0.444149 0.557447 2
-0.762074 0.477167 0.559153 2
-0.762077 0.527270 0.565040 2
-0.764036 0.578471 0.571354 2
-0.767927 0.630659 0.578078 2
-0.786784 0.697851 0.588691 2
-0.756058 0.710695 0.585964 2
-0.774897 0.775424 0.596325 2
-0.761133 0.805238 0.598018 2
-0.730611 0.817971 0.595372 2
-0.755343 0.885250 0.606914 2
-0.753855 0.925554 0.611622 2
-0.747938 0.960961 0.615151 2
-0.724876 0.979976 0.614370 2
-0.728144 1.022983 0.620116 2
-0.726538 1.060836 0.624591 2
-0.713570 1.088159 0.626256 2
-0.727417 1.138202 0.634354 2
-0.723035 1.171864 0.637996 2
-0.698986 1.188898 0.636960 2
-0.720147 1.242551 0.646542 2
-0.690691 1.254980 0.644249 2
-0.732658 1.323073 0.658442 2
-0.707415 1.338345 0.657103 2
-0.719945 1.381957 0.664351 2
-0.692417 1.395520 0.662533 2
-0.682353 1.421881 0.664656 2
-0.694003 1.463245 0.671556 2
-0.698610 1.498998 0.676835 2
-0.665793 1.509099 0.673959 2
-0.672313 1.545514 0.679608 2
-0.680616 1.582481 0.685575 2
-0.671957 1.608157 0.687901 2
-0.673603 1.640022 0.692380 2
-0.705254 1.689531 0.703040 2
-0.662383 1.693971 0.698244 2
-0.664138 1.724875 0.702662 2
-0.663437 1.754012 0.706550 2
-0.658542 1.780531 0.709574 2
-0.638898 1.798929 0.709661 2
-0.646847 1.831995 0.715221 2
-0.654773 1.864552 0.720725 2
-0.532757 1.831593 0.701058 2
-0.555756 1.872127 0.709573 2
-0.567958 1.906683 0.715938 2
-0.592832 1.946562 0.724627 2
-0.536028 1.948610 0.717973 2
-0.501635 1.961615 0.715635 2
-0.476083 1.978964 0.715013 2
-0.471628 2.005476 0.718291 2
-0.412346 2.009544 0.711698 2
-0.412736 2.038321 0.715928 2
-0.387266 2.056919 0.715571 2
-0.345527 2.069786 0.712435 2
0.790181 1.686910 0.519627 2
0.776114 1.732726 0.528093 2
-0.123537 2.079624 0.687283 2
-0.033622 2.080432 0.676668 2
0.050469 2.084815 0.667304 2
0.127237 2.093039 0.659411 2
0.195715 2.105150 0.653112 2
0.301004 2.107910 0.641049 2
0.428624 2.106478 0.625726 2
-1.189060 -0.844386 0.525243 7
-1.159726 -0.809742 0.524088 7
-1.197231 -0.636103 0.546556 8
-1.232889 -0.473784 0.567682 8
-1.238678 -0.377889 0.577878 8
-1.228473 -0.316802 0.582309 8
-1.220172 -0.254135 0.587209 8
-1.213753 -0.190053 0.592557 8
-1.155711 -0.221704 0.580849 8
-1.112522 -0.224807 0.574185 8
-1.164111 -0.062682 0.597876 6
-1.141557 -0.032557 0.597599 6
-1.140222 0.032232 0.603907 6
-1.120647 0.065421 0.604425 6
-1.060796 0.034019 0.592649 6
-0.995252 -0.004120 0.579402 6
-0.950214 -0.008656 0.572531 6
-0.924075 0.015974 0.571354 6
-0.887094 0.024596 0.567029 6
-0.805630 -0.029877 0.549969 6
-0.782749 0.000735 0.549955 6
-0.726512 -0.014779 0.540522 6
-0.719223 0.036998 0.544942 6
-0.663805 0.024194 0.535966 6
-0.599949 0.001893 0.524858 6
-0.731733 0.228952 0.566965 3
-0.762014 0.322064 0.581020 2
-0.745226 0.355143 0.582302 2
-0.756517 0.421260 0.590950 2
-0.737162 0.449824 0.591454 2
-0.742016 0.505876 0.598204 2
-0.726368 0.537560 0.599596 2
-0.766021 0.629822 0.614974 2
-0.732434 0.640198 0.611707 2
-0.737492 0.691977 0.618119 2
-0.741874 0.741902 0.624261 2
-0.694982 0.738464 0.617797 2
-0.732996 0.820907 0.631997 2
-0.732599 0.863359 0.636756 2
-0.724015 0.897144 0.639505 2
-0.720790 0.935525 0.643488 2
-0.694472 0.951907 0.642036 2
-0.716935 1.012759 0.651909 2
-0.706452 1.042803 0.654084 2
-0.704287 1.079790 0.658136 2
-0.720936 1.132288 0.666378 2
-0.692569 1.145844 0.664458 2
-0.691921 1.182517 0.668731 2
-0.685631 1.214072 0.671722 2
-0.687854 1.251981 0.676542 2
-0.667908 1.272098 0.676534 2
-0.674896 1.312739 0.682311 2
-0.670743 1.344360 0.685662 2
-0.682683 1.387332 0.692367 2
-0.671892 1.413235 0.694262 2
-0.654923 1.434664 0.694886 2
-0.679898 1.484862 0.704113 2
-0.673877 1.513114 0.706935 2
-0.665037 1.539260 0.709180 2
-0.664310 1.570457 0.713042 2
-0.657977 1.597746 0.715770 2
-0.665084 1.633100 0.721123 2
-0.643014 1.650306 0.720764 2
-0.617935 1.665958 0.719876 2
-0.661906 1.721719 0.732211 2
-0.652226 1.745762 0.734237 2
-0.644570 1.770840 0.736653 2
-0.639841 1.797368 0.739616 2
-0.611875 1.811484 0.738300 2
-0.656466 1.863255 0.750285 2
-0.623382 1.874697 0.748071 2
0.775297 1.218371 0.501424 2
-0.582363 1.911146 0.748377 2
-0.530397 1.915051 0.743075 2
-0.493087 1.926566 0.740478 2
-0.448219 1.935349 0.736682 2
-0.461237 1.969846 0.742914 2
-0.413632 1.978376 0.738821 2
-0.387112 1.996348 0.738406 2
-0.343508 2.007901 0.735223 2
-0.246090 1.999443 0.723306 2
-0.237860 2.026321 0.726231 2
-0.165250 2.029743 0.718774 2
0.761132 1.733382 0.574963 2
0.797062 1.761290 0.575090 2
-0.195469 2.130295 0.736619 2
-0.018632 2.103061 0.713468 2
0.126268 2.089279 0.695772 2
0.200087 2.099631 0.689338 2
0.296370 2.104838 0.679746 2
-1.178013 -0.857294 0.571071 7
-1.161157 -0.795889 0.573851 7
-1.194965 -0.630921 0.593066 8
-1.250899 -0.428016 0.618847 8
-1.236828 -0.373050 0.621587 8
-1.224723 -0.316041 0.624824 8
-1.190000 -0.303733 0.620909 8
-1.201911 -0.204839 0.631354 8
-1.162731 -0.202076 0.626023 8
-1.133481 -0.181076 0.623759 8
-1.203234 0.011064 0.650810 6
-1.086498 -0.119956 0.622664 8
-1.064832 -0.087156 0.622623 6
-1.102856 0.041722 0.639625 6
-1.077689 0.065748 0.638364 6
-1.013289 0.028661 0.626141 6
-0.953349 0.000689 0.615400 6
-0.911220 0.001184 0.609749 6
-0.863483 -0.005690 0.602687 6
-0.841602 0.025459 0.602693 6
-0.799990 0.028598 0.597458 6
-0.734414 -0.000376 0.586030 6
-0.666617 -0.030308 0.574252 6
-0.610011 -0.043438 0.565588 6
-0.591125 -0.006496 0.566710 6
-0.724976 0.223010 0.606365 2
-0.744536 0.302754 0.616691 2
-0.737124 0.347466 0.620149 2
-0.734904 0.397472 0.624823 2
-0.718367 0.429660 0.625942 2
-0.728770 0.492311 0.633534 2
-0.718243 0.529880 0.636008 2
-0.697310 0.555381 0.635994 2
-0.722353 0.630426 0.646756 2
-0.713094 0.667089 0.649384 2
-0.688868 0.687632 0.648544 2
-0.707071 0.751481 0.657400 2
-0.696249 0.784717 0.659569 2
-0.680652 0.812842 0.660653 2
-0.697041 0.871498 0.668831 2
-0.694257 0.910672 0.672676 2
-0.669921 0.929254 0.671787 2
-0.690097 0.988355 0.680545 2
-0.706422 1.042611 0.688353 2
-0.674682 1.053689 0.685863 2
-0.700129 1.114116 0.695463 2
-0.657015 1.115544 0.690645 2
-0.669320 1.163357 0.697385 2
-0.704950 1.228983 0.708814 2
-0.670505 1.237512 0.705860 2
-0.689897 1.288284 0.713819 2
-0.656535 1.297861 0.711159 2
-0.645209 1.324338 0.712935 2
-0.657627 1.367965 0.719369 2
-0.645035 1.392867 0.720873 2
-0.668761 1.443088 0.729379 2
-0.639295 1.455698 0.727630 2
-0.618361 1.474435 0.727566 2
-0.646289 1.525457 0.736702 2
-0.655967 1.563542 0.742331 2
-0.647182 1.589328 0.744505 2
-0.626677 1.607737 0.744546 2
-0.599915 1.622542 0.743502 2
-0.650694 1.683456 0.756419 2
-0.626759 1.699561 0.755884 2
-0.629336 1.730907 0.760073 2
-0.622600 1.756717 0.762612 2
-0.603763 1.775851 0.763064 2
-0.606940 1.806740 0.767329 2
-0.612302 1.838372 0.771940 2
-0.605455 1.863446 0.774468 2
0.740051 1.231978 0.554088 2
-0.520381 1.879098 0.767773 2
-0.482932 1.890403 0.765438 2
-0.447294 1.903142 0.763500 2
-0.436334 1.927386 0.765618 2
-0.395912 1.938903 0.763083 2
-0.395942 1.968099 0.767022 2
-0.344000 1.975787 0.762862 2
-0.286970 1.982378 0.758067 2
-0.170277 1.966925 0.744333 2
-0.171380 1.998083 0.748750 2
-0.153492 2.022055 0.750317 2
-0.042198 2.013131 0.738102 2
0.695962 1.791269 0.634348 2
0.730157 1.819045 0.634936 2
-0.084319 2.120396 0.757429 2
0.061140 2.105500 0.741131 2
0.157773 2.108152 0.732134 2
0.278661 2.105585 0.720058 2
-1.189528 -0.820802 0.624090 7
-1.147282 -0.814783 0.618497 7
-1.192722 -0.625740 0.639351 8
-1.241081 -0.439006 0.660483 8
-1.234580 -0.369041 0.664959 8
-1.225128 -0.307255 0.668428 8
-1.176944 -0.320760 0.660699 8
-1.153457 -0.287220 0.660096 8
-1.140182 -0.235943 0.662328 8
-1.132475 -0.176316 0.666017 8
-1.135114 -0.100652 0.672421 6
-1.053631 -0.169564 0.655952 8
-1.056106 -0.095980 0.662240 6
-1.058778 -0.024412 0.668426 8
-1.059181 0.041334 0.673873 6
-1.009052 0.026818 0.666128 6
-0.976165 0.039854 0.662946 6
-0.925622 0.026922 0.655351 6
-0.866388 0.002683 0.645725 6
-0.815809 -0.007407 0.638437 6
-0.792316 0.021582 0.637946 6
-0.714572 -0.023985 0.624269 6
-0.675357 -0.015198 0.620142 6
-0.613899 -0.035115 0.610792 6
-0.612018 0.023415 0.615704 6
-0.570455 0.030427 0.611245 6
-0.696806 0.246009 0.645804 2
-0.687495 0.289373 0.648574 2
-0.705097 0.363958 0.657428 2
-0.713457 0.425727 0.664050 2
-0.710865 0.473425 0.668120 2
-0.702169 0.513280 0.670781 2
-0.683116 0.541046 0.671142 2
-0.684319 0.590472 0.675918 2
-0.688749 0.642275 0.681323 2
-0.674607 0.673651 0.682691 2
-0.699736 0.744695 0.692362 2
-0.683002 0.772031 0.693112 2
-0.690764 0.823181 0.698962 2
-0.657159 0.833445 0.696219 2
-0.705216 0.921183 0.710217 2
-0.668134 0.927659 0.706776 2
-0.700553 0.997785 0.717358 2
-0.667922 1.008191 0.714860 2
-0.661563 1.041968 0.717611 2
-0.662769 1.081775 0.721825 2
-0.654663 1.113090 0.724196 2
-0.649860 1.146772 0.727194 2
-0.645431 1.180314 0.730247 2
-0.614639 1.192573 0.728315 2
-0.620918 1.233972 0.733380 2
-0.667340 1.305132 0.745826 2
-0.616914 1.302239 0.740322 2
-0.648555 1.360243 0.749881 2
-0.622593 1.375632 0.748929 2
-0.605375 1.397430 0.749600 2
-0.571799 1.408037 0.747405 2
-0.584474 1.450230 0.753412 2
-0.564099 1.469877 0.753609 2
-0.558337 1.499079 0.756370 2
-0.560028 1.532727 0.760401 2
-0.548197 1.557581 0.762121 2
-0.578271 1.607680 0.770887 2
-0.546931 1.620314 0.769342 2
-0.507159 1.628526 0.766489 2
-0.501175 1.656504 0.769254 2
-0.463848 1.666966 0.766959 2
-0.505445 1.720656 0.777395 2
-0.483770 1.739592 0.777664 2
-0.492554 1.774447 0.782769 2
-0.472298 1.794165 0.783321 2
0.737496 1.229601 0.600717 2
0.723957 1.280062 0.608305 2
-0.500721 1.896180 0.798757 2
-0.458652 1.905687 0.796123 2
-0.410291 1.913113 0.792676 2
-0.380239 1.929320 0.792049 2
-0.354951 1.947968 0.792199 2
-0.238391 1.929495 0.779311 2
-0.266540 1.971142 0.787331 2
-0.180612 1.967662 0.779220 2
-0.117432 1.974418 0.774526 2
-0.055952 1.982947 0.770251 2
-0.023099 2.002750 0.770057 2
0.032119 2.015333 0.766945 2
0.449180 1.908123 0.715773 2
0.146808 2.042009 0.760652 2
-1.137345 -0.825213 0.664624 7
-1.172101 -0.658741 0.680378 8
-1.242693 -0.426808 0.705411 8
-1.236250 -0.357322 0.709193 8
-1.195115 -0.357266 0.703675 8
-1.201266 -0.267211 0.710619 8
-1.149061 -0.288033 0.702289 8
-1.138065 -0.232863 0.704657 8
-1.084747 -0.253911 0.696248 8
-1.083044 -0.184289 0.700914 8
-1.046985 -0.174798 0.696961 8
-1.016269 -0.156097 0.694385 8
-1.034647 -0.058133 0.703751 6
-0.989445 -0.063957 0.697662 8
-1.006446 0.027493 0.706463 6
-0.974589 0.041941 0.703595 6
-0.919851 0.022649 0.695455 6
-0.880234 0.026923 0.690959 6
-0.820415 0.003082 0.681939 6
-0.765874 -0.011603 0.674289 6
-0.714379 -0.020688 0.667473 6
-0.667235 -0.022719 0.661757 6
-0.652993 0.019414 0.663389 6
-0.603098 0.014882 0.657239 6
-0.567564 0.029543 0.654313 6
-0.701104 0.253728 0.687591 2
-0.637823 0.231316 0.678596 2
-0.679809 0.335865 0.691871 2
-0.682447 0.391346 0.696743 2
-0.688537 0.449496 0.702258 2
-0.662502 0.470221 0.701135 2
-0.699457 0.560327 0.712803 2
-0.716703 0.626566 0.720334 2
-0.675431 0.629155 0.716121 2
-0.683581 0.683809 0.721746 2
-0.692044 0.737547 0.727361 2
-0.673784 0.763376 0.727731 2
-0.662566 0.795965 0.729475 2
-0.682647 0.858251 0.737171 2
-0.645286 0.864839 0.733934 2
-0.645466 0.906749 0.737801 2
-0.645929 0.948171 0.741686 2
-0.611142 0.957499 0.739066 2
-0.622565 1.007660 0.744936 2
-0.612647 1.038500 0.746890 2
-0.629709 1.091667 0.753672 2
-0.611608 1.114713 0.754141 2
-0.607967 1.149411 0.757182 2
-0.611658 1.189440 0.761485 2
-0.594267 1.212439 0.762117 2
-0.549492 1.214608 0.758098 2
-0.569589 1.265939 0.765187 2
-0.545281 1.283723 0.764738 2
-0.553919 1.325294 0.769825 2
-0.569627 1.371084 0.776035 2
-0.542792 1.386735 0.775228 2
-0.513811 1.401246 0.774137 2
-0.523129 1.441353 0.779261 2
-0.525738 1.476443 0.783277 2
-0.487549 1.485278 0.780847 2
-0.518667 1.537574 0.789328 2
-0.500548 1.558866 0.790097 2
-0.474014 1.575271 0.789619 2
-0.494605 1.619276 0.796353 2
-0.460201 1.631256 0.794759 2
-0.441925 1.652685 0.795655 2
-0.449989 1.688482 0.800475 2
-0.423224 1.705334 0.800184 2
-0.445970 1.748089 0.807113 2
-0.450423 1.780754 0.811356 2
-0.392605 1.782354 0.806767 2
0.691834 1.291803 0.658504 2
-0.433245 1.862037 0.819744 2
-0.403235 1.877744 0.819233 2
-0.385383 1.899295 0.820456 2
-0.315489 1.898408 0.814735 2
-0.255046 1.902851 0.810468 2
-0.210620 1.914994 0.808481 2
-0.183088 1.934642 0.808818 2
-0.145057 1.950570 0.807884 2
-0.110786 1.968519 0.807539 2
-0.027220 1.968879 0.801091 2
0.031541 1.979662 0.797971 2
0.519731 1.843040 0.742220 2
0.182232 1.993224 0.788217 2
0.729225 1.849078 0.727030 2
-1.121007 -0.849180 0.709331 7
-1.187042 -0.617985 0.730980 8
-1.223850 -0.456004 0.744943 8
-1.225832 -0.369516 0.750125 8
-1.229242 -0.283492 0.755511 8
-1.189206 -0.282396 0.750455 8
-1.147538 -0.283568 0.745103 8
-1.115414 -0.266733 0.742062 8
-1.103290 -0.214674 0.743667 8
-1.053755 -0.228435 0.736716 8
-1.008791 -0.233107 0.730924 8
-1.012786 -0.156157 0.736157 8
-1.016141 -0.082685 0.741142 6
-0.982160 -0.070396 0.737862 8
-1.001591 0.024683 0.746213 6
-0.954478 0.015979 0.740131 6
-0.920477 0.027856 0.736953 6
-0.891457 0.047282 0.734887 6
-0.820458 0.007048 0.724111 6
-0.742156 -0.040921 0.712033 6
-0.726358 -0.000788 0.712984 6
-0.674296 -0.009911 0.706573 6
-0.644253 0.011076 0.704718 6
-0.608448 0.024711 0.701765 6
-0.581637 0.050041 0.700658 6
-0.521601 0.034209 0.693088 6
-0.645152 0.242445 0.721284 2
-0.684399 0.343327 0.732796 2
-0.709746 0.424985 0.741479 2
-0.695836 0.459471 0.742617 2
-0.705007 0.519362 0.748082 2
-0.664560 0.523225 0.744269 2
-0.663235 0.569991 0.747746 2
-0.663594 0.617609 0.751497 2
-0.661449 0.661665 0.754761 2
-0.687849 0.733962 0.763112 2
-0.667731 0.757885 0.763087 2
-0.637168 0.771502 0.761255 2
-0.638363 0.815977 0.765032 2
-0.610209 0.831940 0.763700 2
-0.588238 0.853874 0.763487 2
-0.606498 0.912339 0.770155 2
-0.564066 0.915436 0.766517 2
-0.577676 0.968202 0.772342 2
-0.571024 1.002485 0.774751 2
-0.574771 1.045063 0.778865 2
-0.563517 1.074538 0.780510 2
-0.561466 1.111191 0.783651 2
-0.538481 1.130748 0.783438 2
-0.552367 1.179056 0.789110 2
-0.542311 1.208170 0.790971 2
-0.522648 1.229885 0.791353 2
-0.503071 1.251728 0.791790 2
-0.518869 1.298967 0.797668 2
-0.497483 1.319166 0.797868 2
-0.503348 1.358229 0.802197 2
-0.503087 1.392540 0.805591 2
-0.500651 1.424975 0.808656 2
-0.496305 1.455810 0.811441 2
-0.437585 1.451965 0.806387 2
-0.479524 1.511579 0.815867 2
-0.461741 1.533510 0.816776 2
-0.471925 1.572095 0.821645 2
-0.463623 1.599326 0.823917 2
-0.433900 1.614263 0.823266 2
-0.436584 1.647565 0.827098 2
-0.433615 1.677394 0.830158 2
-0.442729 1.713363 0.834833 2
-0.423418 1.734082 0.835734 2
-0.381736 1.743654 0.833768 2
-0.398382 1.782696 0.839445 2
-0.393847 1.810847 0.842371 2
-0.387999 1.838203 0.845144 2
-0.367492 1.858702 0.846102 2
-0.318458 1.866668 0.843592 2
-0.289299 1.884139 0.843647 2
-0.194707 1.874285 0.835878 2
-0.162794 1.892161 0.835862 2
-0.130636 1.910398 0.835909 2
-0.070641 1.918233 0.832800 2
-0.078806 1.953000 0.837725 2
0.019885 1.947978 0.830455 2
0.055791 1.967315 0.830535 2
0.238758 1.936175 0.814369 2
-1.131217 -0.816878 0.760525 7
-1.180038 -0.622754 0.775623 8
-1.239855 -0.414852 0.792802 8
-1.222016 -0.368672 0.792740 8
-1.196185 -0.339198 0.790945 8
-1.184059 -0.284541 0.792091 8
-1.147989 -0.275511 0.788154 8
-1.111547 -0.266764 0.784207 8
-1.089129 -0.232996 0.783230 8
-1.066380 -0.200470 0.782200 8
-1.131563 -0.020868 0.799043 6
-0.987431 -0.192172 0.773463 8
-0.967132 -0.156234 0.773039 8
-0.978833 -0.070589 0.778948 6
-0.914080 -0.105597 0.769789 6
-0.946067 0.007758 0.779571 6
-0.904060 0.007826 0.774959 6
-0.850887 -0.007484 0.768312 6
-0.824624 0.016852 0.766877 6
-0.778619 0.013572 0.761784 6
-0.719222 -0.007008 0.754310 6
-0.715478 0.048474 0.757224 6
-0.663895 0.039942 0.751379 6
-0.597549 0.013639 0.742985 6
-0.576565 0.046382 0.742892 6
-0.504919 0.016172 0.733818 6
-0.653843 0.255199 0.763800 2
-0.570705 0.210265 0.752746 2
-0.615254 0.316685 0.764029 2
-0.602460 0.354389 0.765299 2
-0.612886 0.417549 0.770531 2
-0.604570 0.458568 0.772540 2
-0.588333 0.490350 0.773220 2
-0.607557 0.559310 0.779807 2
-0.586505 0.584722 0.779687 2
-0.549754 0.594053 0.777044 2
-0.571215 0.662044 0.783896 2
-0.600529 0.736033 0.791927 2
-0.585400 0.765372 0.792792 2
-0.553370 0.778527 0.791019 2
-0.537594 0.807090 0.791855 2
-0.551820 0.862672 0.797363 2
-0.521715 0.877571 0.796013 2
-0.540686 0.935629 0.802195 2
-0.570215 1.001401 0.809905 2
-0.499659 0.981499 0.802568 2
-0.505840 1.026447 0.806771 2
-0.499683 1.060607 0.809135 2
-0.502473 1.101441 0.812807 2
-0.494170 1.132994 0.814864 2
-0.465603 1.148813 0.814040 2
-0.452119 1.176197 0.815418 2
-0.456906 1.216804 0.819384 2
-0.479987 1.269862 0.825870 2
-0.487203 1.310611 0.830109 2
-0.466195 1.331257 0.830479 2
-0.474600 1.371852 0.834867 2
-0.426751 1.374628 0.831714 2
-0.426684 1.409163 0.835004 2
-0.427117 1.443586 0.838356 2
-0.437119 1.483510 0.842947 2
-0.437877 1.517161 0.846323 2
-0.412304 1.534778 0.846350 2
-0.395741 1.557908 0.847577 2
-0.405289 1.595919 0.852098 2
-0.378087 1.612925 0.852068 2
-0.374869 1.643281 0.855033 2
-0.360574 1.667503 0.856673 2
-0.394947 1.716969 0.864157 2
-0.381831 1.741247 0.865954 2
-0.337245 1.749978 0.864116 2
-0.380240 1.801722 0.872502 2
-0.349980 1.817682 0.872427 2
-0.323414 1.835764 0.872852 2
-0.261555 1.838388 0.869422 2
-0.220348 1.851167 0.868434 2
-0.170080 1.860764 0.866577 2
-0.132837 1.876619 0.866260 2
-0.089624 1.890644 0.865417 2
-0.021600 1.895662 0.862097 2
-0.001885 1.920308 0.863967 2
0.090984 1.918099 0.858430 2
0.271725 1.886122 0.844295 2
-1.162537 -0.649118 0.818278 8
-1.234083 -0.417683 0.835346 8
-1.229481 -0.345700 0.837454 8
-1.197582 -0.328589 0.834316 8
-1.176722 -0.290790 0.833317 8
-1.145050 -0.273708 0.830310 8
-1.112330 -0.258475 0.827161 8
-1.084875 -0.233903 0.825039 8
-1.061147 -0.203218 0.823638 8
-1.036549 -0.174516 0.822109 8
-1.089251 -0.019415 0.834489 6
-0.948783 -0.180302 0.812289 8
-0.957278 -0.099450 0.816763 6
-0.930002 -0.076214 0.814914 6
-0.884003 -0.081362 0.809859 6
-0.916954 0.031150 0.818496 6
-0.881619 0.041091 0.815348 6
-0.830640 0.029249 0.809620 6
-0.763341 -0.003987 0.801265 6
-0.730419 0.011754 0.798794 6
-0.688810 0.016122 0.794951 6
-0.635037 0.005250 0.789201 6
-0.622950 0.049175 0.790347 6
-0.547683 0.012758 0.781317 6
-0.472355 -0.021440 0.772453 6
-0.413947 -0.032933 0.766448 6
-0.353218 -0.045807 0.760209 6
-0.537023 0.227459 0.792251 2
-0.555178 0.302072 0.798175 2
-0.550487 0.349144 0.800530 2
-0.545415 0.394892 0.802824 2
-0.528225 0.426727 0.803287 2
-0.500324 0.446914 0.802178 2
-0.505451 0.501493 0.806026 2
-0.518480 0.562949 0.811011 2
-0.506228 0.597731 0.812265 2
-0.495704 0.633781 0.813789 2
-0.458648 0.643865 0.811525 2
-0.487226 0.716350 0.818674 2
-0.479839 0.753732 0.820676 2
-0.444855 0.765560 0.818834 2
-0.456660 0.819492 0.823549 2
-0.441875 0.849076 0.824580 2
-0.437163 0.887074 0.827012 2
-0.452569 0.941440 0.832163 2
-0.431150 0.964313 0.832353 2
-0.408765 0.986453 0.832464 2
-0.427054 1.040894 0.837960 2
-0.427654 1.080429 0.841112 2
-0.405500 1.102041 0.841331 2
-0.389463 1.128324 0.842384 2
-0.355007 1.141060 0.841149 2
-0.402231 1.212842 0.850212 2
-0.410841 1.255611 0.854379 2
-0.390479 1.277693 0.854974 2
-0.388904 1.312543 0.857900 2
-0.368288 1.334390 0.858544 2
-0.362471 1.365925 0.861001 2
-0.361359 1.400161 0.864030 2
-0.326470 1.413047 0.863128 2
-0.370964 1.474640 0.871471 2
-0.324948 1.480891 0.869381 2
-0.317239 1.510210 0.871734 2
-0.284821 1.525294 0.871352 2
-0.325292 1.581359 0.879105 2
-0.298176 1.599311 0.879385 2
-0.271182 1.617652 0.879752 2
-0.259554 1.644291 0.881833 2
-0.275900 1.685069 0.886902 2
-0.235944 1.697255 0.886070 2
-0.238699 1.730724 0.889745 2
-0.216721 1.752160 0.890907 2
-0.225453 1.787943 0.895220 2
-0.210818 1.812758 0.897203 2
-0.215037 1.845876 0.901081 2
-0.139970 1.844856 0.897292 2
-0.093062 1.856940 0.896394 2
-0.045284 1.869458 0.895546 2
0.012998 1.878652 0.893858 2
0.106543 1.875412 0.889104 2
0.319065 1.829831 0.873861 2
-1.085158 -0.798293 0.851369 7
-1.118747 -0.640151 0.859426 8
-1.101196 -0.588644 0.858803 8
-1.202260 -0.311761 0.877923 8
-1.189124 -0.260114 0.877920 8
-1.144487 -0.267576 0.872766 8
-1.120746 -0.236587 0.871100 8
-1.096407 -0.207218 0.869375 8
-1.053464 -0.210152 0.864709 8
-1.042402 -0.158823 0.865199 8
-1.078526 -0.031599 0.873148 6
-1.039409 -0.029572 0.869207 6
-0.900586 -0.183387 0.849832 8
-0.919948 -0.086864 0.855190 6
-0.884714 -0.075692 0.852122 6
-0.853313 -0.058506 0.849705 6
-0.866736 0.023596 0.854117 6
-0.820474 0.018688 0.849543 6
-0.758356 -0.007221 0.842706 6
-0.738809 0.026650 0.842282 6
-0.665843 -0.011225 0.834068 6
-0.633284 0.006074 0.831883 6
-0.603518 0.027150 0.830166 6
-0.530711 -0.005833 0.822345 6
-0.435740 -0.063987 0.811530 6
-0.408982 -0.036502 0.810535 6
-0.372181 -0.021045 0.808188 6
-0.324025 -0.018444 0.804341 6
-0.264909 -0.027496 0.799087 6
-0.469831 0.260375 0.830022 2
-0.446171 0.287251 0.829535 2
-0.459001 0.353339 0.834002 2
-0.456962 0.402125 0.836457 2
-0.444919 0.439604 0.837593 2
-0.438029 0.481823 0.839430 2
-0.450700 0.542889 0.843825 2
-0.443881 0.583479 0.845680 2
-0.383926 0.572387 0.840757 2
-0.413862 0.647374 0.847360 2
-0.391210 0.671822 0.847291 2
-0.401291 0.725971 0.851351 2
-0.374890 0.746527 0.850887 2
-0.386506 0.800431 0.855137 2
-0.385696 0.842581 0.857857 2
-0.389189 0.887678 0.861100 2
-0.364146 0.908477 0.860941 2
-0.340190 0.930304 0.860970 2
-0.372849 0.997110 0.867674 2
-0.376588 1.039823 0.870963 2
-0.336566 1.048494 0.869231 2
-0.308809 1.066957 0.868987 2
-0.347100 1.134037 0.876238 2
-0.329864 1.159612 0.877229 2
-0.283741 1.164847 0.875082 2
-0.305355 1.217561 0.880435 2
-0.274822 1.233966 0.880118 2
-0.258106 1.259873 0.881354 2
-0.202797 1.260768 0.878557 2
-0.226555 1.312849 0.884164 2
-0.223095 1.346946 0.886910 2
-0.244416 1.395767 0.892211 2
-0.227102 1.420630 0.893564 2
-0.233127 1.459123 0.897302 2
-0.196121 1.472565 0.896784 2
-0.171134 1.493251 0.897537 2
-0.189375 1.537725 0.902534 2
-0.175179 1.564123 0.904407 2
-0.167618 1.593969 0.906951 2
-0.166692 1.627028 0.910143 2
-0.108911 1.631568 0.908129 2
-0.148980 1.684552 0.915138 2
-0.114306 1.700950 0.915378 2
-0.101966 1.728150 0.917688 2
-0.095800 1.758115 0.920581 2
-0.066033 1.777588 0.921478 2
-0.077115 1.814901 0.925922 2
-0.034235 1.829252 0.925853 2
0.010580 1.843508 0.925748 2
-1.011846 -0.844638 0.890269 7
-1.069960 -0.640857 0.900110 8
-1.059558 -0.576291 0.900134 8
-1.164149 -0.299303 0.916431 8
-1.144883 -0.259727 0.915170 8
-1.120885 -0.229557 0.913288 8
-1.080114 -0.229187 0.909125 8
-1.079278 -0.159890 0.910550 8
-1.044489 -0.149482 0.907327 8
-1.072611 -0.035878 0.912749 6
-1.036607 -0.028897 0.909441 6
-1.027001 0.019938 0.909758 6
-0.917198 -0.086275 0.896688 6
-0.881322 -0.076212 0.893645 6
-0.843665 -0.068373 0.890436 6
-0.802102 -0.065671 0.886788 6
-0.810084 0.007834 0.889683 6
-0.762430 0.002110 0.885363 6
-0.745780 0.039578 0.885126 6
-0.674527 0.003656 0.877947 6
-0.635243 0.011741 0.874961 6
-0.600455 0.026133 0.872621 6
-0.538325 0.006491 0.866928 6
-0.481453 -0.005035 0.862009 6
-0.409806 -0.033074 0.855379 6
-0.371337 -0.019798 0.852952 6
-0.309752 -0.032965 0.847794 6
-0.263110 -0.027639 0.844562 6
-0.210425 -0.028305 0.840702 6
-0.202977 0.021696 0.842327 6
-0.361786 0.249868 0.863590 2
-0.357252 0.297830 0.865454 2
-0.342612 0.334447 0.866164 2
-0.340039 0.382903 0.868303 2
-0.332864 0.425888 0.869932 2
-0.323089 0.465656 0.871291 2
-0.327033 0.518057 0.874222 2
-0.322267 0.561224 0.876187 2
-0.284016 0.572746 0.874474 2
-0.278381 0.614383 0.876418 2
-0.288059 0.669045 0.880047 2
-0.318373 0.740628 0.885889 2
-0.258736 0.733401 0.882097 2
-0.260107 0.778681 0.884877 2
-0.262203 0.823813 0.887744 2
-0.273964 0.876014 0.891621 2
-0.246730 0.896281 0.891485 2
-0.225582 0.921488 0.892035 2
-0.209448 0.950543 0.893147 2
-0.232096 1.008465 0.898169 2
-0.184674 1.013804 0.896248 2
-0.159569 1.035987 0.896616 2
-0.175674 1.087345 0.901031 2
-0.167647 1.121066 0.903122 2
-0.188058 1.173715 0.907933 2
-0.135352 1.176897 0.905881 2
-0.150215 1.224844 0.910201 2
-0.128281 1.248551 0.911142 2
-0.124215 1.283493 0.913761 2
-0.103765 1.308123 0.914941 2
-0.078561 1.330018 0.915763 2
-0.047187 1.348540 0.916118 2
-0.095100 1.412664 0.923383 2
-0.092806 1.447181 0.926294 2
-0.082147 1.476809 0.928527 2
-0.036453 1.487645 0.927901 2
-0.029053 1.519182 0.930522 2
0.005659 1.536638 0.930978 2
0.029762 1.559849 0.932374 2
-0.994476 -0.869521 0.936829 7
-0.966445 -0.833658 0.934155 7
-1.041184 -0.602867 0.943673 8
-1.007168 -0.584005 0.940389 8
-1.005001 -0.507185 0.940908 8
-1.077949 -0.299221 0.950242 8
-1.054114 -0.267970 0.948289 8
-1.035585 -0.228233 0.947008 8
-1.022239 -0.180753 0.946377 8
-0.987738 -0.169012 0.943361 8
-1.010834 -0.064933 0.947003 6
-0.980961 -0.047260 0.944618 6
-0.928163 -0.064669 0.939696 8
-0.851233 -0.116819 0.932139 6
-0.820287 -0.098414 0.929860 6
-0.779229 -0.094502 0.926517 6
-0.821131 0.027291 0.932466 6
-0.736827 -0.029682 0.924450 6
-0.718231 0.005610 0.923783 6
-0.665136 -0.005557 0.919398 6
-0.624815 0.001227 0.916494 6
-0.588136 0.013270 0.914063 6
-0.523408 -0.009487 0.908698 6
-0.455022 -0.034994 0.903056 6
-0.434576 -0.000740 0.902610 6
-0.355646 -0.036141 0.896067 6
-0.295504 -0.047441 0.891624 6
-0.270392 -0.017432 0.890927 6
-0.239155 0.005560 0.889662 6
-0.195775 0.015339 0.887226 6
-0.123604 -0.005261 0.881956 6
-0.085790 0.012203 0.880284 6
-0.031681 0.013147 0.877065 6
-0.189048 0.230143 0.894948 2
-0.198938 0.292888 0.898087 2
-0.191141 0.336955 0.899505 2
-0.184283 0.381261 0.901050 2
-0.145877 0.395161 0.899599 2
-0.187677 0.483714 0.905874 2
-0.130616 0.480236 0.902767 2
-0.154845 0.550259 0.907388 2
-0.145532 0.589357 0.908878 2
-0.134097 0.626170 0.910213 2
-0.147608 0.683569 0.913861 2
-0.137943 0.720699 0.915418 2
-0.125681 0.755332 0.916781 2
-0.071265 0.756234 0.914460 2
-0.100154 0.822937 0.919553 2
-0.104359 0.869291 0.922477 2
-0.061766 0.879903 0.921403 2
-0.080879 0.936402 0.925664 2
-0.002300 0.921553 0.921713 2
-0.029732 0.983049 0.926730 2
-0.036574 1.028996 0.930029 2
-0.049733 1.078487 0.933851 2
-0.029127 1.104720 0.934963 2
-0.007866 1.130584 0.936085 2
-0.934727 -0.885971 0.979766 7
-0.889793 -0.882009 0.975366 7
-1.001267 -0.586881 0.985756 8
-0.989521 -0.527691 0.984634 8
-0.974854 -0.475445 0.983309 8
-1.032352 -0.299237 0.988836 0
-1.010950 -0.263913 0.987009 0
-0.973266 -0.256387 0.983721 0
-0.935766 -0.248080 0.980519 8
-0.919627 -0.205238 0.979383 8
-0.891333 -0.182344 0.977177 8
-0.880866 -0.132294 0.976694 8
-0.885871 -0.060267 0.977702 6
-0.839271 -0.066142 0.973988 6
-0.774257 -0.097488 0.968654 6
-0.746278 -0.074514 0.966810 6
-0.777619 0.030436 0.970455 6
-0.729897 0.024894 0.966924 6
-0.681968 0.020114 0.963454 6
-0.613038 -0.011025 0.958171 6
-0.570617 -0.006220 0.955371 6
-0.504204 -0.030816 0.950506 6
-0.483875 0.003093 0.949842 6
-0.406279 -0.032484 0.944176 6
-0.384136 -0.000171 0.943503 6
-0.305977 -0.033194 0.937997 6
-0.254725 -0.033384 0.934952 6
-0.249146 0.018442 0.935946 6
-0.163117 -0.018931 0.930085 6
-0.111860 -0.016508 0.927324 6
-0.066176 -0.007287 0.925135 6
-0.028033 0.010422 0.923673 6
0.004178 0.034536 0.922791 6
0.053367 0.041858 0.920583 6
0.090999 0.061282 0.919426 6
-0.004448 0.208881 0.929196 2
-0.025768 0.282169 0.932888 2
-0.016480 0.325457 0.934134 2
0.002101 0.359736 0.934690 2
-0.004638 0.416323 0.937300 2
0.486752 0.036714 0.901076 6
0.580509 0.013306 0.896330 6
0.672455 -0.006447 0.891899 6
0.744336 -0.007617 0.889166 6
0.834830 -0.022479 0.885185 6
0.883359 -0.002124 0.884500 6
0.918044 0.029608 0.884949 6
-0.901940 -0.849912 1.025547 7
-0.869609 -0.822760 1.022315 7
-0.794482 -0.873465 1.016127 7
-1.079683 -0.282419 1.035714 0
-1.036936 -0.284697 1.032072 0
-1.002860 -0.271381 1.029118 0
-0.968270 -0.258691 1.026196 0
-0.914440 -0.277031 1.021953 0
-0.876049 -0.269220 1.018894 8
-0.849669 -0.242179 1.016777 8
-0.858050 -0.162306 1.017258 8
-0.806421 -0.174680 1.013453 8
-0.823211 -0.085370 1.014690 6
-0.834125 -0.007241 1.015569 6
-0.743135 -0.075004 1.009119 6
-0.753754 0.001084 1.010111 6
-0.700660 -0.011271 1.006557 6
-0.674504 0.013459 1.005024 6
-0.631769 0.016479 1.002367 6
-0.562276 -0.013951 0.997866 6
-0.515839 -0.013470 0.995104 6
-0.454282 -0.030712 0.991346 6
-0.424519 -0.008077 0.989935 6
-0.372182 -0.012089 0.987003 6
-0.329614 -0.003695 0.984848 6
-0.235088 -0.053835 0.979138 6
-0.216209 -0.016644 0.978819 6
-0.195211 0.017806 0.978423 6
-0.128124 0.002377 0.974923 6
-0.073245 0.001397 0.972367 6
-0.004163 -0.013245 0.968945 6
0.021058 0.018265 0.968601 6
0.069990 0.026002 0.966742 6
0.110312 0.042938 0.965555 6
0.188459 0.023992 0.961961 6
0.289393 -0.014628 0.957007 6
0.347796 -0.011349 0.954975 6
0.384333 0.012809 0.954469 6
0.451192 0.010241 0.952118 6
0.525472 0.002481 0.949427 6
0.613748 -0.015759 0.945999 6
0.708725 -0.037692 0.942315 6
0.747262 -0.010945 0.942267 6
0.820163 -0.011699 0.940233 6
0.870744 0.006635 0.939687 6
0.898885 0.043111 0.940594 6
-0.874443 -0.805244 1.071282 7
-1.125716 -0.266204 1.081690 0
-1.083870 -0.268196 1.078300 0
-1.045007 -0.264175 1.075116 0
-1.021952 -0.232775 1.072788 0
-0.962848 -0.261694 1.068716 0
-0.917777 -0.265840 1.065408 0
-0.866990 -0.278104 1.061866 0
-0.801285 -0.312291 1.057609 0
-0.786393 -0.266741 1.056063 8
-0.779746 -0.209866 1.055039 8
-0.778679 -0.146256 1.054401 6
-0.813429 -0.032913 1.055756 6
-0.787508 -0.008614 1.053973 6
-0.664644 -0.118228 1.047077 6
-0.701429 -0.006756 1.048792 6
-0.660121 -0.002361 1.046400 6
-0.627551 0.014068 1.044550 6
-0.549745 -0.027014 1.040343 6
-0.522656 -0.002189 1.038938 6
-0.478349 0.001428 1.036683 6
-0.433858 0.005568 1.034497 6
-0.356578 -0.028302 1.030637 6
-0.323992 -0.008163 1.029252 6
-0.277738 -0.003397 1.027219 6
-0.247591 0.020114 1.026124 6
-0.182697 0.005635 1.023275 6
-0.106773 -0.019194 1.019943 6
-0.067754 -0.003176 1.018645 6
-0.010149 -0.005986 1.016467 6
-0.006557 0.047211 1.017182 6
0.076073 0.020662 1.013902 6
0.118432 0.035554 1.012797 6
0.180047 0.032473 1.010810 6
0.244053 0.028344 1.008812 6
0.331682 0.003634 1.005751 6
0.418882 -0.018625 1.002846 6
0.473386 -0.009767 1.001683 6
0.524292 0.003103 1.000808 6
0.565479 0.025044 1.000510 6
0.688475 -0.021411 0.996425 6
0.760316 -0.022630 0.994934 6
0.798983 0.004362 0.995124 6
0.828522 0.038915 0.995838 6
-1.130769 -0.323877 1.125872 0
-1.116123 -0.276464 1.123327 0
-1.081518 -0.265571 1.120371 0
-1.036750 -0.271936 1.117207 0
-0.988346 -0.283410 1.113990 0
-0.980982 -0.225694 1.112018 0
-0.906058 -0.279086 1.108135 0
-0.893109 -0.231119 1.106169 0
-0.825142 -0.269851 1.102576 0
-0.766083 -0.292638 1.099298 0
-0.751626 -0.247105 1.097528 8
-0.719120 -0.228956 1.095255 8
-0.760130 -0.105268 1.095543 6
-0.769691 -0.029814 1.094900 6
-0.746457 -0.001686 1.093230 6
-0.698996 -0.006579 1.090794 6
-0.670154 0.014211 1.089079 6
-0.602068 -0.015977 1.086047 6
-0.552842 -0.020128 1.083748 6
-0.506272 -0.019941 1.081615 6
-0.460933 -0.017380 1.079600 6
-0.430865 0.004348 1.078214 6
-0.367444 -0.013233 1.075697 6
-0.305368 -0.027691 1.073305 6
-0.286787 0.008773 1.072576 6
-0.223027 -0.005593 1.070286 6
-0.182305 0.006751 1.068919 6
-0.135797 0.013386 1.067426 6
-0.071441 0.001932 1.065375 6
-0.016596 0.001744 1.063760 6
-0.006337 0.047867 1.063839 6
0.076150 0.021311 1.061418 6
0.138038 0.016934 1.059836 6
0.170973 0.041588 1.059378 6
0.237901 0.034383 1.057819 6
0.359415 -0.021930 1.054473 6
0.382415 0.014387 1.054667 6
0.462883 -0.000660 1.052987 6
0.503539 0.020829 1.052779 6
0.589642 0.003754 1.051154 6
0.663652 -0.001273 1.050067 6
0.718283 0.011149 1.049744 6
0.779499 0.019063 1.049328 6
-1.171793 -0.240920 1.168224 0
-1.107359 -0.285184 1.165255 0
-1.069244 -0.280429 1.162367 0
-1.031644 -0.274230 1.159542 0
-1.013628 -0.234476 1.156910 0
-0.945417 -0.278540 1.153997 0
-0.897901 -0.286521 1.151265 0
-0.858179 -0.281029 1.148656 0
-0.841238 -0.239591 1.146365 0
-0.771430 -0.279427 1.143550 0
-0.720436 -0.288811 1.140990 0
-0.687048 -0.271268 1.138723 8
-0.675742 -0.221949 1.136855 8
-0.709479 -0.110478 1.135780 6
-0.714219 -0.042420 1.134415 6
-0.711099 0.013222 1.133043 6
-0.675798 0.024938 1.131238 6
-0.603690 -0.010766 1.128866 6
-0.562442 -0.004972 1.127084 6
-0.497788 -0.027791 1.124948 6
-0.471214 -0.002204 1.123576 6
-0.413340 -0.014347 1.121697 6
-0.353621 -0.027321 1.119849 6
-0.304891 -0.026179 1.118285 6
-0.267427 -0.011354 1.117018 6
-0.225742 -0.000851 1.115751 6
-0.175510 0.000856 1.114398 6
-0.128217 0.006620 1.113185 6
-0.069951 0.001578 1.111838 6
0.003159 -0.017640 1.110279 6
0.010939 0.031202 1.110120 6
0.060897 0.037238 1.109205 6
0.151247 0.004580 1.107575 6
0.177738 0.035493 1.107318 6
0.242175 0.030596 1.106401 6
0.333761 0.001875 1.105054 6
0.403232 -0.004587 1.104252 6
0.484164 -0.019859 1.103340 6
0.538398 -0.010045 1.103056 6
0.569919 0.020095 1.103311 6
0.663859 -0.002189 1.102507 6
0.744011 -0.011000 1.102092 6
-1.186498 -0.279828 1.212789 0
-1.150447 -0.272867 1.209925 0
-1.127075 -0.242692 1.206866 0
-1.082877 -0.249678 1.204302 0
-1.038833 -0.255353 1.201770 0
-1.000604 -0.250239 1.199189 0
-0.966261 -0.238162 1.196616 0
-0.908283 -0.263982 1.194401 0
-0.850101 -0.288288 1.192197 0
-0.808560 -0.285020 1.189850 0
-0.776807 -0.266207 1.187485 0
-0.708585 -0.301607 1.185461 0
-0.668932 -0.293097 1.183274 0
-0.635176 -0.275647 1.181130 8
-0.606601 -0.250761 1.179048 8
-0.694396 -0.065984 1.176701 6
-0.690066 -0.011701 1.174847 6
-0.648872 -0.007427 1.173170 6
-0.603330 -0.008135 1.171563 6
-0.573665 0.012222 1.170015 6
-0.511022 -0.008514 1.168535 6
-0.492868 0.026875 1.167148 6
-0.429143 0.007041 1.165786 6
-0.357251 -0.020807 1.164461 6
-0.309406 -0.018891 1.163245 6
-0.293459 0.020094 1.162194 6
-0.226841 0.002086 1.161080 6
-0.160999 -0.013471 1.160034 6
-0.150237 0.031638 1.159265 6
-0.075000 0.008115 1.158340 6
-0.014712 0.001903 1.157551 6
0.020424 0.022457 1.156952 6
0.104437 -0.005423 1.156230 6
0.144002 0.012232 1.155792 6
0.194563 0.019745 1.155399 6
0.258245 0.015698 1.155040 6
0.357733 -0.020210 1.154616 6
0.439995 -0.038032 1.154373 6
0.450202 0.010144 1.154557 6
0.529499 -0.002677 1.154539 6
0.592788 -0.000093 1.154703 6
0.677349 -0.014286 1.154892 6
1.039939 -0.256330 1.154120 1
1.110373 -0.251213 1.154670 1
-1.208517 -0.305285 1.257724 0
-1.195296 -0.255719 1.253815 0
-1.147339 -0.271244 1.251652 0
-1.120528 -0.247455 1.248585 0
-1.078416 -0.250787 1.246245 0
-1.029943 -0.264154 1.244187 0
-0.994741 -0.253896 1.241658 0
-0.956314 -0.248610 1.239312 0
-0.904923 -0.263671 1.237453 0
-0.847200 -0.287341 1.235811 0
-0.802856 -0.288556 1.233773 0
-0.756442 -0.292058 1.231843 0
-0.727830 -0.268144 1.229483 0
-0.671073 -0.285353 1.227937 0
-0.638657 -0.266289 1.225827 0
-0.593291 -0.265256 1.224104 0
-0.552814 -0.256698 1.222334 8
-0.513317 -0.246286 1.220615 8
-0.624942 -0.035764 1.215975 6
-0.590159 -0.022107 1.214461 6
-0.554567 -0.009160 1.213040 6
-0.525215 0.011927 1.211588 6
-0.472530 0.004522 1.210608 6
-0.418426 -0.003449 1.209705 6
-0.358425 -0.017194 1.208947 6
-0.309694 -0.016501 1.208078 6
-0.261568 -0.014236 1.207270 6
-0.231326 0.008791 1.206296 6
-0.151552 -0.022246 1.206054 6
-0.121336 0.001991 1.205242 6
-0.071143 0.005267 1.204766 6
-0.008914 -0.003037 1.204513 6
0.038491 0.005008 1.204166 6
0.091716 0.007980 1.203971 6
0.138168 0.018502 1.203788 6
0.182448 0.031776 1.203674 6
0.230047 0.042504 1.203690 6
0.337303 -0.001238 1.204429 6
0.413446 -0.014020 1.204930 6
0.467242 -0.005279 1.205297 6
0.549875 -0.020899 1.206066 6
0.583621 0.007197 1.206435 6
0.938636 -0.235020 1.210254 1
1.056383 -0.270901 1.211739 1
1.098217 -0.242524 1.212555 1
-1.256274 -0.280433 1.301060 0
-1.237129 -0.242612 1.297110 0
-1.181909 -0.273178 1.295881 0
-1.169327 -0.223730 1.291688 0
-1.101806 -0.273970 1.291283 0
-1.054935 -0.285183 1.289473 0
-1.007462 -0.296205 1.287711 0
-0.990785 -0.254333 1.284170 0
-0.923362 -0.296816 1.283624 0
-0.879313 -0.299166 1.281755 0
-0.856681 -0.266865 1.278814 0
-0.829406 -0.242243 1.276230 0
-0.767273 -0.270589 1.275434 0
-0.736107 -0.251051 1.273180 0
-0.678249 -0.270298 1.272219 0
-0.640703 -0.258996 1.270387 0
-0.588957 -0.267156 1.269227 0
-0.523637 -0.292772 1.268657 0
-0.490362 -0.273436 1.266833 0
-0.475693 -0.229407 1.264391 0
-0.479714 -0.161972 1.261393 0
-0.501335 -0.073849 1.257934 6
-0.500218 -0.016502 1.255470 6
-0.481157 0.017623 1.253763 6
-0.390314 -0.034794 1.254538 6
-0.384751 0.016032 1.252554 6
-0.338309 0.018624 1.251986 6
-0.291141 0.021193 1.251508 6
-0.216271 -0.006264 1.251930 6
-0.176233 0.006280 1.251365 6
-0.120602 0.002584 1.251334 6
-0.077092 0.012747 1.251028 6
-0.011031 0.000206 1.251432 6
0.040837 0.003518 1.251515 6
0.100476 -0.000016 1.251887 6
0.130481 0.026581 1.251553 6
0.200630 0.014730 1.252372 6
0.267108 0.007834 1.253174 6
0.302411 0.031107 1.253262 6
0.417532 -0.017810 1.255482 6
0.467986 -0.006187 1.256144 6
0.798796 -0.238954 1.263942 1
0.846038 -0.218561 1.264700 1
0.954555 -0.249225 1.267099 1
1.026662 -0.247328 1.268707 1
1.105224 -0.249371 1.270595 1
1.176874 -0.244440 1.272437 1
-1.275786 -0.309898 1.346341 0
-1.250504 -0.283465 1.342593 0
-1.228055 -0.252092 1.338700 0
-1.182159 -0.265113 1.337167 0
-1.139347 -0.271224 1.335343 0
-1.112753 -0.247394 1.332107 0
-1.065550 -0.259852 1.330741 0
-1.020732 -0.266967 1.329178 0
-0.992702 -0.244922 1.326293 0
-0.944153 -0.256683 1.325099 0
-0.894944 -0.268265 1.323962 0
-0.851637 -0.269312 1.322405 0
-0.817895 -0.254780 1.320216 0
-0.767324 -0.265474 1.319259 0
-0.728858 -0.257008 1.317517 0
-0.676992 -0.267530 1.316707 0
-0.599665 -0.313090 1.317515 0
-0.591119 -0.259970 1.314068 0
-0.538812 -0.267993 1.313394 0
-0.498009 -0.259397 1.312087 0
-0.513371 -0.176226 1.307681 0
-0.517617 -0.109704 1.304114 0
-0.512597 -0.056581 1.301233 0
-0.446743 -0.080330 1.301708 0
-0.416181 -0.059216 1.300379 0
-0.431098 0.016517 1.296856 6
-0.371800 0.002996 1.297181 6
-0.325765 0.006170 1.296901 6
-0.267269 -0.004002 1.297279 6
-0.248608 0.031431 1.295848 6
-0.162845 -0.006799 1.297604 6
-0.114989 -0.002053 1.297667 6
-0.046296 -0.018452 1.298728 6
-0.005318 -0.004640 1.298629 6
0.064318 -0.019405 1.299854 6
0.111038 -0.009802 1.300164 6
0.143585 0.014337 1.299965 6
0.206757 0.009255 1.301142 6
0.276635 -0.000896 1.302672 6
0.324464 0.010797 1.303381 6
0.460242 -0.056657 1.307738 1
0.750273 -0.257923 1.318323 1
0.801978 -0.242178 1.319394 1
0.903217 -0.268252 1.322539 1
0.935026 -0.233576 1.323045 1
1.018707 -0.241735 1.325712 1
1.114797 -0.258303 1.328977 1
1.164023 -0.235559 1.330530 1
-1.313653 -0.302184 1.389717 0
-1.303085 -0.246950 1.383876 0
-1.263616 -0.249727 1.381919 0
-1.220768 -0.258111 1.380391 0
-1.190370 -0.242256 1.377399 0
-1.150489 -0.243637 1.375581 0
-1.100282 -0.262636 1.374932 0
-1.053814 -0.273584 1.373847 0
-1.015404 -0.269582 1.371918 0
-0.973407 -0.270994 1.370402 0
-0.915984 -0.296849 1.370435 0
-0.886837 -0.275534 1.367716 0
-0.843086 -0.277255 1.366464 0
-0.810402 -0.261079 1.364244 0
-0.760471 -0.270790 1.363636 0
-0.736163 -0.241404 1.360837 0
-0.665254 -0.279968 1.362076 0
-0.607866 -0.296985 1.362144 0
-0.575944 -0.276984 1.360174 0
-0.544872 -0.255741 1.358238 0
-0.525362 -0.218935 1.355521 0
-0.517702 -0.167064 1.352058 0
-0.523909 -0.098376 1.347754 0
-0.521082 -0.042861 1.344309 0
-0.463904 -0.056179 1.344857 0
-0.143318 -0.389685 1.363577 8
-0.089118 -0.390801 1.363637 8
-0.040560 -0.384265 1.363381 8
-0.026092 -0.337638 1.360975 8
0.065573 -0.379177 1.363676 8
-0.178392 -0.044955 1.345173 6
-0.153237 -0.015737 1.344053 6
-0.106564 -0.009698 1.344364 6
-0.071795 0.009601 1.344030 6
-0.002401 -0.006596 1.345857 6
0.036146 0.010058 1.345912 6
0.095449 0.006449 1.347270 6
0.475405 -0.309363 1.367139 1
0.447637 -0.221435 1.363488 1
0.475159 -0.187629 1.363141 1
0.468414 -0.122217 1.361004 1
0.484947 -0.079163 1.360311 1
0.528175 -0.060305 1.361216 1
0.811711 -0.251132 1.375340 1
0.896750 -0.263327 1.378646 1
0.983026 -0.274818 1.382113 1
1.017942 -0.242085 1.382926 1
1.105347 -0.251805 1.386672 1
1.167894 -0.239988 1.389206 1
1.257296 -0.248186 1.393288 1
-1.365384 -0.790047 1.488294 0
-1.313681 -0.814524 1.487322 0
-1.339458 -0.318211 1.434554 0
-1.315447 -0.289618 1.430174 0
-1.285940 -0.272538 1.426802 0
-1.248650 -0.270631 1.424699 0
-1.230963 -0.230904 1.419791 0
-1.172201 -0.268459 1.420867 0
-1.136407 -0.261970 1.418670 0
-1.098737 -0.258375 1.416780 0
-1.058938 -0.257908 1.415211 0
-1.032296 -0.234313 1.412018 0
-0.968392 -0.273126 1.413518 0
-0.935516 -0.258896 1.411198 0
-0.889303 -0.265838 1.410518 0
-0.858815 -0.247064 1.408062 0
-0.806750 -0.261441 1.408100 0
-0.755153 -0.273764 1.408075 0
-0.709308 -0.276309 1.407440 0
-0.664657 -0.276220 1.406713 0
-0.625518 -0.267487 1.405469 0
-0.594549 -0.246878 1.403485 0
-0.554345 -0.238844 1.402500 0
-0.532748 -0.205328 1.399817 0
-0.538487 -0.136273 1.394729 0
-0.526613 -0.091694 1.391482 0
-0.546497 -0.007723 1.385556 0
-0.499173 -0.009562 1.385802 0
0.471126 -0.765085 1.443027 1
0.514420 -0.742637 1.442556 1
0.489024 -0.646267 1.436877 1
0.509941 -0.600937 1.434999 1
0.465347 -0.488457 1.428329 1
0.493362 -0.452500 1.427354 1
0.474576 -0.370118 1.423061 1
0.499769 -0.332540 1.422191 1
0.489080 -0.260753 1.418864 1
0.490707 -0.202011 1.416604 1
0.492609 -0.144503 1.414527 1
0.487485 -0.081550 1.412114 1
0.497046 -0.032818 1.410889 1
0.839830 -0.276172 1.432905 1
0.872459 -0.243096 1.433397 1
0.976599 -0.270210 1.438915 1
1.056305 -0.274800 1.442848 1
1.116738 -0.262221 1.445578 1
1.166834 -0.240493 1.447732 1
1.275707 -0.264120 1.453962 1
1.370743 -0.274811 1.459370 1
1.381608 1.270410 1.490172 1
1.356989 1.326431 1.491109 1
1.269882 1.405819 1.487421 1
1.191983 1.479575 1.484414 1
1.228076 1.509577 1.490123 1
1.383567 1.497466 1.505212 1
-1.368831 -0.768480 1.532467 0
-1.365966 -0.679256 1.521254 0
-1.368851 -0.580574 1.509375 0
-1.363997 -0.503193 1.499703 0
-1.368812 -0.407776 1.488557 0
-1.317475 -0.435343 1.488899 0
-1.377346 -0.230347 1.468107 0
-1.340645 -0.229682 1.466139 0
-1.299247 -0.237675 1.465034 0
-1.248642 -0.262452 1.465506 0
-1.215036 -0.253266 1.463019 0
-1.158656 -0.285961 1.464333 0
-1.128028 -0.269871 1.461411 0
-1.098913 -0.251061 1.458356 0
-1.057200 -0.254195 1.457318 0
-0.997660 -0.286787 1.458928 0
-0.966829 -0.269488 1.456293 0
-0.919252 -0.279464 1.456115 0
-0.903530 -0.237363 1.451554 0
-0.859079 -0.241185 1.451045 0
-0.809294 -0.252278 1.451252 0
-0.762974 -0.256945 1.451008 0
-0.719363 -0.256645 1.450441 0
-0.647489 -0.296448 1.453382 0
-0.610078 -0.285010 1.452076 0
-0.591918 -0.246391 1.448577 0
-0.558505 -0.229233 1.447009 0
-0.564913 -0.158559 1.441020 0
-0.575080 -0.084769 1.434875 0
-0.546127 -0.063349 1.433274 0
-0.543665 -0.008384 1.428932 0
-0.507194 0.003144 1.428384 0
0.515559 -0.812292 1.504177 1
0.510895 -0.736864 1.499244 1
0.501845 -0.658314 1.494138 1
0.500816 -0.589883 1.490018 1
0.512946 -0.536355 1.487317 1
0.509562 -0.467887 1.483394 1
0.512993 -0.407519 1.480288 1
0.509892 -0.341797 1.476791 1
0.514247 -0.284448 1.474143 1
0.496528 -0.207232 1.469753 1
0.514018 -0.164210 1.468601 1
0.488657 -0.082698 1.463937 1
0.486097 -0.023310 1.461408 1
0.553015 -0.025711 1.464888 1
0.843004 -0.218424 1.487079 1
0.865449 -0.177324 1.486917 1
0.914007 -0.158053 1.489054 1
0.940740 -0.120468 1.489519 1
0.925420 -0.049435 1.486691 1
0.959451 -0.018312 1.488045 1
0.988251 0.016999 1.489107 1
1.020071 0.050064 1.490548 1
0.994662 0.125532 1.487522 1
1.048313 0.142226 1.490995 1
1.005925 0.227939 1.486908 1
1.031243 0.264569 1.488385 1
1.050260 0.305500 1.489492 1
1.037716 0.367417 1.488218 1
1.010916 0.437714 1.485943 1
1.027199 0.478931 1.487234 1
1.040439 0.521878 1.488413 1
1.009419 0.591941 1.486189 1
1.019295 0.635869 1.487351 1
0.999844 0.696890 1.486292 1
1.031536 0.727175 1.489448 1
0.982700 0.803525 1.486264 1
1.018404 0.831113 1.489988 1
0.961342 0.909618 1.486348 1
0.947010 0.963520 1.486255 1
0.940917 1.012336 1.486935 1
0.930531 1.062762 1.487370 1
0.935286 1.104979 1.489148 1
0.907970 1.162514 1.488391 1
0.917581 1.201467 1.490778 1
0.861613 1.270720 1.487813 1
0.808028 1.337283 1.485098 1
0.820138 1.373241 1.487967 1
0.778703 1.432239 1.486406 1
0.775922 1.473744 1.488196 1
0.798763 1.504366 1.492279 1
0.899322 1.504119 1.503205 1
0.985090 1.511451 1.513063 1
1.092479 1.512102 1.525024 1
1.241600 1.499336 1.540917 1
1.341577 1.506945 1.552738 1
-1.368463 -0.661009 1.564508 0
-1.373392 -0.558591 1.551223 0
-1.365568 -0.488722 1.541589 0
-1.372292 -0.389939 1.529109 0
-1.367449 -0.319569 1.519793 0
-1.350008 -0.277811 1.513608 0
-1.373088 -0.155402 1.499252 0
-1.376897 -0.075880 1.489503 0
-1.331871 -0.093541 1.489830 0
-1.283365 -0.116348 1.490751 0
-1.251377 -0.106982 1.488486 0
-1.209359 -0.115482 1.488118 0
-1.177752 -0.104516 1.485881 0
-1.116850 -0.144092 1.488799 0
-1.074873 -0.149219 1.488351 0
-1.038721 -0.143745 1.486940 0
-0.995048 -0.150025 1.486795 0
-0.937336 -0.177731 1.488868 0
-0.890029 -0.187325 1.489240 0
-0.866642 -0.159130 1.485982 0
-0.801522 -0.193993 1.489052 0
-0.768009 -0.180167 1.487425 0
-0.709310 -0.202487 1.489467 0
-0.674689 -0.189046 1.488098 0
-0.644301 -0.169434 1.486233 0
-0.590082 -0.182253 1.487676 0
-0.615504 -0.087241 1.478604 0
-0.586515 -0.066390 1.476949 0
-0.592727 -0.000168 1.470918 0
-0.517473 -0.038563 1.475349 0
0.535395 -0.832136 1.564071 1
0.498026 -0.720909 1.554823 1
0.501812 -0.656591 1.550455 1
0.514053 -0.602332 1.547230 1
0.480173 -0.501297 1.539243 1
0.529683 -0.487237 1.540424 1
0.519224 -0.412885 1.535397 1
0.515403 -0.346546 1.531292 1
0.518004 -0.287606 1.528058 1
0.519007 -0.228136 1.524852 1
0.543997 -0.191841 1.524264 1
0.523579 -0.114481 1.519259 1
0.537210 -0.069109 1.517860 1
0.513741 0.008236 1.512947 1
0.493743 0.080948 1.508578 1
0.513414 0.118716 1.508272 1
0.529243 0.159443 1.507730 1
0.512763 0.226091 1.504214 1
0.470666 0.311883 1.498413 1
0.523082 0.321712 1.501820 1
0.529011 0.368047 1.500912 1
0.514883 0.428954 1.498245 1
0.525696 0.470333 1.498080 1
0.490804 0.544496 1.493751 1
0.523808 0.568749 1.495938 1
0.523702 0.616386 1.495146 1
0.504268 0.676641 1.492679 1
0.493302 0.730109 1.491134 1
0.515423 0.760962 1.492794 1
0.527829 0.798109 1.493668 1
0.525952 0.844069 1.493334 1
0.527740 0.887193 1.493458 1
0.539612 0.923746 1.494635 1
0.548268 0.962018 1.495629 1
0.529510 1.015984 1.494186 1
0.554577 1.044064 1.496933 1
0.517501 1.106967 1.493997 1
0.510428 1.152177 1.493961 1
0.507976 1.194339 1.494461 1
0.508677 1.234396 1.495359 1
0.515282 1.271066 1.496918 1
0.513026 1.311937 1.497743 1
0.523517 1.346169 1.499877 1
0.524873 1.384641 1.501247 1
0.520424 1.425503 1.502162 1
0.533456 1.457986 1.504849 1
0.498255 1.511834 1.502991 1
0.620236 1.496572 1.516430 1
0.691550 1.505024 1.525149 1
0.777318 1.508755 1.535453 1
0.861648 1.514585 1.545808 1
0.990066 1.504695 1.560727 1
-1.360403 -0.324774 1.562040 0
-1.367113 -0.233345 1.549757 0
-1.364101 -0.164979 1.540318 0
-1.360525 -0.100118 1.531437 0
-1.366033 -0.019967 1.520950 0
-1.367791 0.050273 1.511748 0
-1.371060 0.120907 1.502643 0
-1.375084 0.190527 1.493788 0
-1.374140 0.249059 1.486319 0
-1.320304 0.214289 1.489510 0
-1.297678 0.234429 1.486581 0
-1.250451 0.213552 1.488366 0
-1.193294 0.178007 1.491883 0
-1.177940 0.211114 1.487777 0
-1.133612 0.198325 1.488920 0
-1.100070 0.203200 1.488177 0
-1.048213 0.181071 1.490558 0
-1.038012 0.221756 1.486001 0
-0.990127 0.207186 1.487735 0
-0.943266 0.195307 1.489272 0
-0.904444 0.195736 1.489534 0
-0.888743 0.228342 1.486288 0
-0.815195 0.183144 1.491898 0
-0.810298 0.230368 1.487214 0
-0.787869 0.254014 1.485285 0
-0.750258 0.258348 1.485648 0
-0.718393 0.270384 1.485248 0
-0.670115 0.262762 1.487202 0
-0.627633 0.263102 1.488373 0
-0.598491 0.279841 1.487782 0
-0.544715 0.268402 1.490558 0
-0.516930 0.287541 1.489928 0
0.492477 -0.029493 1.564945 1
0.529899 -0.006314 1.566237 1
0.487925 0.085383 1.558682 1
0.508481 0.122160 1.558381 1
0.514364 0.170895 1.556586 1
0.523842 0.216084 1.555349 1
0.482011 0.301706 1.548610 1
0.509620 0.330972 1.549689 1
0.485615 0.399977 1.545263 1
0.507906 0.432683 1.546041 1
0.510963 0.479573 1.544865 1
0.530522 0.513911 1.545611 1
0.518489 0.570642 1.543092 1
0.508667 0.624878 1.540956 1
0.495348 0.680643 1.538589 1
0.459341 0.750708 1.533944 1
0.488975 0.776050 1.536428 1
0.513874 0.804679 1.538526 1
0.493809 0.861866 1.535972 1
0.526581 0.885276 1.539148 1
0.510732 0.938546 1.537289 1
0.487119 0.995560 1.534728 1
0.542420 1.005540 1.540649 1
0.490889 1.077375 1.535361 1
0.556837 1.081903 1.542649 1
0.508971 1.149804 1.537971 1
0.534144 1.177087 1.541162 1
0.521577 1.224309 1.540450 1
0.506029 1.272377 1.539523 1
0.483734 1.323091 1.537974 1
0.523813 1.342431 1.543210 1
0.518664 1.383934 1.543708 1
0.516510 1.423584 1.544628 1
0.549021 1.447056 1.549403 1
0.497283 1.508394 1.545148 1
0.578858 1.510443 1.555496 1
-1.369219 -0.006256 1.557956 0
-1.355793 0.034856 1.551748 0
-1.358926 0.105298 1.541946 0
-1.374810 0.196338 1.529672 0
-1.360196 0.230423 1.524719 0
-1.377729 0.319187 1.512986 0
-1.364797 0.353409 1.508234 0
-1.374180 0.423790 1.499040 0
-1.348295 0.434701 1.497417 0
-1.353751 0.495599 1.489613 0
-1.336317 0.518997 1.486609 0
-1.316794 0.538868 1.484138 0
-1.260455 0.503396 1.488703 0
-1.225776 0.501708 1.489124 0
-1.183764 0.490124 1.490885 0
-1.149153 0.490055 1.491298 0
-1.148172 0.537236 1.485855 0
-1.101091 0.520560 1.488556 0
-1.084801 0.546234 1.486008 0
-1.050087 0.547459 1.486652 0
-1.009127 0.541253 1.488347 0
-0.990285 0.563831 1.486481 0
-0.930814 0.535929 1.491174 0
-0.935565 0.587781 1.485750 0
-0.915082 0.608307 1.484433 0
-0.877102 0.608266 1.485878 0
-0.828466 0.596653 1.488951 0
-0.791667 0.599524 1.490264 0
-0.782438 0.633573 1.487590 0
-0.741091 0.632139 1.489697 0
-0.705455 0.637584 1.491020 0
-0.708033 0.683688 1.487004 0
-0.704327 0.722397 1.484039 0
-0.646142 0.705300 1.488746 0
-0.596252 0.697809 1.492311 0
-0.610759 0.754222 1.487183 0
-0.593688 0.779108 1.486479 0
-0.559687 0.787934 1.488131 0
-0.524283 0.795925 1.490034 0
-0.523304 0.835672 1.487508 0
0.661001 -0.786819 -1.195061 7
0.632746 -0.806173 -1.191486 7
0.604048 -0.834914 -1.187070 7
0.581554 -0.793725 -1.189818 7
0.552635 -0.832393 -1.184605 7
0.528226 -0.810571 -1.185555 7
0.499723 -0.858660 -1.179619 7
0.474564 -0.851388 -1.179292 7
0.449070 -0.850464 -1.178419 7
0.424601 -0.809984 -1.181523 7
0.398233 -0.839047 -1.177864 7
0.372699 -0.829754 -1.178059 7
0.347048 -0.859296 -1.174543 7
0.321318 -0.829397 -1.176917 7
0.295915 -0.844612 -1.174975 7
0.269365 -0.810229 -1.177942 7
0.244961 -0.849918 -1.173795 7
0.217056 -0.799588 -1.178472 7
0.191899 -0.815291 -1.176826 7
0.167030 -0.831441 -1.175223 7
0.140393 -0.820150 -1.176366 7
0.116932 -0.849948 -1.173609 7
0.088996 -0.825793 -1.176171 7
0.065144 -0.846661 -1.174448 7
0.036310 -0.819491 -1.177481 7
0.008331 -0.804054 -1.179465 7
-0.012611 -0.845761 -1.175958 7
-0.039123 -0.842082 -1.176966 7
-0.069194 -0.815196 -1.180341 7
-0.093589 -0.828104 -1.179900 7
-0.117086 -0.845425 -1.179103 7
-0.141798 -0.854422 -1.179209 7
-0.170018 -0.844000 -1.181330 7
-0.190910 -0.872733 -1.179635 7
-0.222460 -0.846962 -1.183478 7
-0.260366 -0.794132 -1.190166 7
-0.281038 -0.823625 -1.188651 7
-0.299251 -0.861748 -1.186318 7
-0.336045 -0.820515 -1.192173 8
-0.358022 -0.841799 -1.191723 8
-0.396871 -0.797393 -1.198161 7
-0.423097 -0.803232 -1.199506 7
-0.442933 -0.831909 -1.198537 7
-0.465787 -0.848745 -1.198881 7
-0.498598 -0.831809 -1.202903 7
-0.525093 -0.836790 -1.204695 7
-0.555343 -0.830226 -1.207834 7
-0.586315 -0.822363 -1.211229 7
-0.606111 -0.848293 -1.211018 7
-0.681538 -0.714528 -1.228629 8
-0.713032 -0.710609 -1.232041 8
0.712428 -0.812294 -1.163880 7
0.685947 -0.813912 -1.161994 7
0.657396 -0.835350 -1.158391 7
0.630972 -0.839870 -1.156430 7
0.603531 -0.857079 -1.153417 7
0.579034 -0.842376 -1.153364 7
0.557220 -0.787156 -1.156993 7
0.527280 -0.845739 -1.150565 7
0.503387 -0.812123 -1.152409 7
0.477111 -0.818763 -1.150772 7
0.450997 -0.824786 -1.149278 7
0.424370 -0.855080 -1.145753 7
0.399775 -0.800017 -1.149753 7
0.373715 -0.802756 -1.148794 7
0.347687 -0.785168 -1.149678 7
0.321757 -0.808965 -1.147067 7
0.296467 -0.843838 -1.143593 7
0.270440 -0.830625 -1.144347 7
0.246287 -0.874234 -1.140299 7
0.218499 -0.823121 -1.144470 7
0.191590 -0.804927 -1.145894 7
0.168399 -0.849620 -1.142006 7
0.138853 -0.797790 -1.146479 7
0.116623 -0.845772 -1.142475 7
0.089090 -0.827230 -1.144260 7
0.060457 -0.801629 -1.146739 7
0.037048 -0.827896 -1.144841 7
0.008168 -0.804963 -1.147265 7
-0.014367 -0.834849 -1.145215 7
-0.037058 -0.860049 -1.143643 7
-0.057179 -0.899913 -1.140869 7
-0.093470 -0.832581 -1.147504 7
-0.119069 -0.837476 -1.147944 7
-0.143544 -0.848685 -1.147913 7
-0.170987 -0.843196 -1.149433 7
-0.200614 -0.827467 -1.151952 7
-0.219078 -0.868338 -1.149533 7
-0.245352 -0.869476 -1.150721 7
-0.276136 -0.850770 -1.153782 7
-0.314500 -0.801500 -1.159718 7
-0.339069 -0.813512 -1.160219 7
-0.366957 -0.811915 -1.162046 7
-0.394790 -0.811120 -1.163894 7
-0.411221 -0.852860 -1.161885 7
-0.439947 -0.848463 -1.164234 7
-0.470112 -0.839899 -1.167077 7
-0.508123 -0.806318 -1.172409 7
-0.522872 -0.850169 -1.170466 7
-0.551645 -0.848094 -1.172993 7
-0.580632 -0.845985 -1.175627 7
-0.627065 -0.793367 -1.183342 7
-0.642461 -0.832621 -1.182122 7
-0.676454 -0.818737 -1.186267 7
-0.758514 -0.676901 -1.203525 8
0.756881 -0.693973 -1.143378 7
0.711641 -0.832617 -1.130270 7
0.683025 -0.853158 -1.126923 7
0.656729 -0.856440 -1.125063 7
0.631436 -0.850794 -1.123998 7
0.608659 -0.816796 -1.125246 7
0.580309 -0.843909 -1.121753 7
0.557125 -0.807101 -1.123349 7
0.528628 -0.844115 -1.119273 7
0.505367 -0.797385 -1.121767 7
0.477417 -0.836509 -1.117718 7
0.451359 -0.843320 -1.116246 7
0.426646 -0.804900 -1.118302 7
0.400421 -0.813354 -1.116862 7
0.374384 -0.818722 -1.115740 7
0.348429 -0.799033 -1.116590 7
0.322255 -0.793742 -1.116430 7
0.296715 -0.827110 -1.113450 7
0.271494 -0.850517 -1.111306 7
0.245069 -0.830567 -1.112488 7
0.218087 -0.806867 -1.114025 7
0.193882 -0.841319 -1.111302 7
0.167563 -0.833789 -1.111792 7
0.143337 -0.856849 -1.110080 7
0.113646 -0.809513 -1.113701 7
0.088374 -0.819891 -1.113096 7
0.063408 -0.831824 -1.112455 7
0.029169 -0.758537 -1.118274 7
0.012077 -0.839781 -1.112601 7
-0.011411 -0.860371 -1.111544 7
-0.037091 -0.862847 -1.111928 7
-0.064218 -0.855670 -1.113121 7
-0.090867 -0.852823 -1.114072 7
-0.124746 -0.807383 -1.118352 7
-0.144303 -0.848562 -1.116116 7
-0.170889 -0.848137 -1.117135 7
-0.199960 -0.835464 -1.119184 7
-0.228269 -0.828150 -1.120913 7
-0.249339 -0.855769 -1.120006 7
-0.289079 -0.798000 -1.125869 7
-0.304414 -0.850098 -1.123189 7
-0.334684 -0.837038 -1.125731 7
-0.367765 -0.814320 -1.129150 7
-0.393655 -0.821179 -1.130297 7
-0.411777 -0.856577 -1.129203 7
-0.449638 -0.819967 -1.134065 7
-0.475938 -0.825939 -1.135546 7
-0.510914 -0.803250 -1.139505 7
-0.527646 -0.841038 -1.138499 7
-0.565691 -0.810715 -1.143323 7
-0.580413 -0.853025 -1.142056 7
-0.622309 -0.813860 -1.147884 7
-0.641089 -0.843098 -1.147886 7
-0.669871 -0.843597 -1.150482 7
-0.705435 -0.826382 -1.154765 7
-0.730298 -0.838536 -1.156528 7
0.807808 -0.735318 -1.111055 7
0.830320 -0.396128 -1.133210 8
0.739709 -0.832947 -1.100307 7
0.711809 -0.845277 -1.097702 7
0.685333 -0.848075 -1.095854 7
0.659884 -0.842480 -1.094667 7
0.632869 -0.851941 -1.092528 7
0.608227 -0.837819 -1.092076 7
0.581465 -0.846845 -1.090133 7
0.558882 -0.801341 -1.091920 7
0.531230 -0.822786 -1.089305 7
0.504938 -0.827046 -1.087920 7
0.479048 -0.824677 -1.087052 7
0.452232 -0.847289 -1.084631 7
0.427474 -0.809571 -1.086221 7
0.401277 -0.814411 -1.085115 7
0.375288 -0.806487 -1.084912 7
0.349160 -0.807004 -1.084242 7
0.323123 -0.816143 -1.083098 7
0.297748 -0.851790 -1.080343 7
0.270874 -0.810918 -1.082551 7
0.245555 -0.832429 -1.080859 7
0.220242 -0.845938 -1.079757 7
0.194667 -0.850676 -1.079290 7
0.168647 -0.847604 -1.079397 7
0.141132 -0.825487 -1.080788 7
0.115626 -0.832868 -1.080386 7
0.088973 -0.826789 -1.080916 7
0.066183 -0.860254 -1.079012 7
0.039810 -0.856261 -1.079564 7
0.017637 -0.888268 -1.077897 7
-0.012767 -0.852553 -1.080632 7
-0.039116 -0.851282 -1.081248 7
-0.068878 -0.827579 -1.083387 7
-0.089481 -0.865288 -1.081649 7
-0.119149 -0.844899 -1.083742 7
-0.145787 -0.844323 -1.084635 7
-0.178768 -0.810131 -1.087813 7
-0.191810 -0.881798 -1.084121 7
-0.225358 -0.847165 -1.087504 7
-0.260591 -0.808223 -1.091286 7
-0.277714 -0.853923 -1.089501 7
-0.309796 -0.832309 -1.092311 7
-0.345806 -0.796734 -1.096180 7
-0.379205 -0.774693 -1.099245 7
-0.398662 -0.807816 -1.098601 7
-0.424242 -0.816591 -1.099708 7
-0.456351 -0.802125 -1.102534 7
-0.475444 -0.833642 -1.102196 7
-0.516940 -0.789484 -1.107345 7
-0.528162 -0.845564 -1.105373 7
-0.556035 -0.847005 -1.107419 7
-0.596226 -0.811815 -1.112273 7
-0.613760 -0.845316 -1.112130 7
-0.641385 -0.848795 -1.114303 7
-0.680057 -0.822179 -1.118879 7
-0.716580 -0.803300 -1.123003 7
-0.755685 -0.779247 -1.127672 7
-0.772503 -0.813463 -1.127850 7
0.958805 -0.684347 -1.092441 7
0.853532 -0.800688 -1.078280 7
0.888027 -0.431505 -1.098845 8
0.859784 -0.417891 -1.097441 8
0.766316 -0.844621 -1.069726 7
0.738403 -0.855908 -1.067275 7
0.715849 -0.827791 -1.067230 7
0.684442 -0.869739 -1.063160 7
0.665049 -0.810450 -1.065043 7
0.639162 -0.804983 -1.063871 7
0.613603 -0.795349 -1.063009 7
0.585429 -0.815734 -1.060532 7
0.558776 -0.821027 -1.058992 7
0.533366 -0.808990 -1.058490 7
0.507703 -0.798051 -1.057995 7
0.481349 -0.798358 -1.056957 7
0.453456 -0.841508 -1.053676 7
0.428916 -0.791600 -1.055509 7
0.402412 -0.799991 -1.054266 7
0.375977 -0.818856 -1.052545 7
0.349877 -0.783758 -1.053775 7
0.324043 -0.845177 -1.049959 7
0.298154 -0.843408 -1.049573 7
0.272602 -0.855229 -1.048547 7
0.247962 -0.886210 -1.046592 7
0.219751 -0.827978 -1.049391 7
0.195345 -0.858153 -1.047630 7
0.166949 -0.818422 -1.049602 7
0.141812 -0.833151 -1.048800 7
0.113979 -0.812595 -1.049919 7
0.086613 -0.801655 -1.050611 7
0.064976 -0.849505 -1.048301 7
0.037663 -0.838626 -1.049141 7
0.014204 -0.861918 -1.048262 7
-0.008056 -0.891546 -1.047117 7
-0.041189 -0.839389 -1.050368 7
-0.063529 -0.867024 -1.049475 7
-0.086598 -0.887200 -1.049045 7
-0.119195 -0.848555 -1.051837 7
-0.150133 -0.823885 -1.053974 7
-0.164034 -0.893733 -1.051078 7
-0.204995 -0.818928 -1.056111 7
-0.227279 -0.842566 -1.055866 7
-0.254167 -0.843131 -1.056962 7
-0.282114 -0.839392 -1.058378 7
-0.313264 -0.822752 -1.060605 7
-0.335539 -0.844315 -1.060763 7
-0.366871 -0.828979 -1.063096 7
-0.399505 -0.810315 -1.065721 7
-0.420752 -0.835161 -1.065914 7
-0.450980 -0.827038 -1.068108 7
-0.485600 -0.804961 -1.071231 7
-0.502439 -0.843517 -1.070817 7
-0.531087 -0.842374 -1.072860 7
-0.554535 -0.857888 -1.073966 7
-0.591848 -0.831361 -1.077767 7
-0.622439 -0.826478 -1.080332 7
-0.651784 -0.825906 -1.082723 7
-0.679373 -0.830700 -1.084861 7
-0.713304 -0.818816 -1.088187 7
-0.743070 -0.818913 -1.090832 7
-0.784095 -0.791071 -1.095470 7
-0.821830 -0.773316 -1.099572 7
-0.813337 -0.867857 -1.095973 7
0.952628 -0.726946 -1.056550 7
0.916929 -0.766046 -1.052192 7
0.898842 -0.715114 -1.052613 7
0.920679 -0.433339 -1.064756 8
0.882129 -0.481176 -1.060093 8
0.799543 -0.814298 -1.041503 7
0.770845 -0.827182 -1.039033 7
0.743619 -0.831717 -1.037060 7
0.718785 -0.818967 -1.035991 7
0.691715 -0.823323 -1.034182 7
0.667203 -0.805856 -1.033467 7
0.641029 -0.802048 -1.032183 7
0.612669 -0.821657 -1.029909 7
0.588360 -0.797402 -1.029701 7
0.560044 -0.821845 -1.027378 7
0.533950 -0.819401 -1.026337 7
0.506849 -0.834886 -1.024584 7
0.481833 -0.811869 -1.024586 7
0.454521 -0.840146 -1.022439 7
0.429763 -0.795520 -1.023499 7
0.403467 -0.790326 -1.022932 7
0.376864 -0.808910 -1.021432 7
0.350606 -0.813164 -1.020617 7
0.324755 -0.853266 -1.018378 7
0.297654 -0.785681 -1.020708 7
0.272472 -0.832943 -1.018327 7
0.245877 -0.818602 -1.018578 7
0.220959 -0.846798 -1.017144 7
0.196146 -0.867888 -1.016079 7
0.171071 -0.879292 -1.015487 7
0.142038 -0.834666 -1.017272 7
0.116546 -0.843028 -1.016949 7
0.087838 -0.815328 -1.018184 7
0.063527 -0.836371 -1.017484 7
0.038345 -0.846487 -1.017306 7
0.009201 -0.822554 -1.018611 7
-0.016794 -0.826797 -1.018824 7
-0.038438 -0.862201 -1.017809 7
-0.064088 -0.866596 -1.018156 7
-0.096865 -0.825794 -1.020480 7
-0.118740 -0.855187 -1.019923 7
-0.139822 -0.886365 -1.019350 7
-0.166428 -0.885187 -1.020224 7
-0.195203 -0.873513 -1.021628 7
-0.226683 -0.850223 -1.023623 7
-0.258727 -0.826859 -1.025716 7
-0.285647 -0.828765 -1.026784 7
-0.318447 -0.805915 -1.029040 7
-0.348822 -0.795295 -1.030843 7
-0.376047 -0.798372 -1.032111 7
-0.404125 -0.798481 -1.033595 7
-0.433848 -0.793064 -1.035422 7
-0.453457 -0.824175 -1.035606 7
-0.483161 -0.819289 -1.037568 7
-0.508990 -0.827981 -1.038960 7
-0.531476 -0.847273 -1.039903 7
-0.561618 -0.842215 -1.042126 7
-0.600284 -0.812454 -1.045700 7
-0.618759 -0.843609 -1.046266 7
-0.650509 -0.836032 -1.048903 7
-0.684318 -0.823760 -1.051893 7
-0.702782 -0.853550 -1.052725 7
-0.741242 -0.830441 -1.056504 7
-0.776433 -0.817327 -1.059863 7
-0.820090 -0.784647 -1.064457 7
-0.857880 -0.768217 -1.068276 7
-0.850381 -0.858753 -1.065935 7
0.992422 -0.685116 -1.027547 7
0.956735 -0.719303 -1.023744 7
0.918137 -0.772169 -1.019314 7
0.948190 -0.463955 -1.029564 8
0.915207 -0.478247 -1.026715 8
0.820052 -0.864729 -1.009529 7
0.796018 -0.849399 -1.008269 7
0.770023 -0.845774 -1.006626 7
0.742096 -0.855990 -1.004543 7
0.722183 -0.806676 -1.004709 7
0.696078 -0.801413 -1.003318 7
0.662462 -0.863106 -0.999637 7
0.641292 -0.814828 -0.999912 7
0.615933 -0.802454 -0.998984 7
0.587165 -0.828625 -0.996814 7
0.561067 -0.825922 -0.995703 7
0.535068 -0.821434 -0.994721 7
0.508365 -0.828618 -0.993427 7
0.482699 -0.816910 -0.992818 7
0.455515 -0.840675 -0.991140 7
0.430554 -0.801318 -0.991546 7
0.404507 -0.781705 -0.991380 7
0.377523 -0.823383 -0.989368 7
0.351323 -0.825343 -0.988674 7
0.325038 -0.813997 -0.988459 7
0.298907 -0.822896 -0.987692 7
0.272990 -0.833949 -0.986933 7
0.248655 -0.882901 -0.985100 7
0.222708 -0.877477 -0.984987 7
0.194560 -0.834443 -0.986073 7
0.170694 -0.870575 -0.984846 7
0.142131 -0.834383 -0.985861 7
0.117022 -0.848292 -0.985442 7
0.085145 -0.786603 -0.987363 7
0.065350 -0.855408 -0.985435 7
0.039289 -0.856693 -0.985605 7
0.008509 -0.819039 -0.987023 7
-0.015970 -0.835808 -0.986868 7
-0.035447 -0.886677 -0.985738 7
-0.066312 -0.854963 -0.987199 7
-0.098905 -0.816571 -0.988949 7
-0.121026 -0.845445 -0.988695 7
-0.148976 -0.838776 -0.989616 7
-0.171608 -0.861744 -0.989674 7
-0.191821 -0.895254 -0.989456 7
-0.225604 -0.860194 -0.991505 7
-0.263758 -0.808456 -0.994197 7
-0.296009 -0.787850 -0.995975 7
-0.310707 -0.844140 -0.995274 7
-0.339965 -0.836924 -0.996755 7
-0.369850 -0.828283 -0.998370 7
-0.402033 -0.812077 -1.000335 7
-0.430934 -0.809498 -1.001915 7
-0.462876 -0.796896 -1.003939 7
-0.487785 -0.809547 -1.005136 7
-0.515922 -0.811260 -1.006808 7
-0.541930 -0.820134 -1.008291 7
-0.564479 -0.839618 -1.009439 7
-0.603312 -0.809782 -1.012576 7
-0.635458 -0.801610 -1.014978 7
-0.663975 -0.804642 -1.017026 7
-0.681065 -0.839250 -1.017852 7
-0.721365 -0.810791 -1.021374 7
-0.764118 -0.778068 -1.025221 7
-0.802560 -0.758470 -1.028641 7
-0.822680 -0.785314 -1.030108 7
-0.845732 -0.804330 -1.031981 7
-0.910402 -0.726144 -1.038469 7
-0.906876 -0.807050 -1.037601 7
-0.893932 -0.905406 -1.035812 7
0.986659 -0.723961 -0.992697 7
0.950103 -0.763583 -0.989205 7
0.917298 -0.788600 -0.986286 7
0.879899 -0.841144 -0.982685 7
0.848540 -0.865965 -0.980017 7
0.825699 -0.843615 -0.978759 7
0.798352 -0.847396 -0.976841 7
0.766920 -0.879423 -0.974258 7
0.742728 -0.864672 -0.972989 7
0.717797 -0.853945 -0.971674 7
0.691989 -0.849272 -0.970268 7
0.668616 -0.822603 -0.969459 7
0.637436 -0.867541 -0.967004 7
0.615936 -0.818369 -0.966839 7
0.591341 -0.795593 -0.966101 7
0.564062 -0.803555 -0.964729 7
0.537545 -0.802671 -0.963627 7
0.510694 -0.807975 -0.962460 7
0.483286 -0.827805 -0.961060 7
0.458238 -0.795202 -0.960834 7
0.431111 -0.815246 -0.959576 7
0.404701 -0.817811 -0.958751 7
0.377935 -0.862386 -0.957154 7
0.352056 -0.794182 -0.957881 7
0.325396 -0.781252 -0.957563 7
0.298981 -0.795549 -0.956779 7
0.273096 -0.819889 -0.955874 7
0.246575 -0.814872 -0.955606 7
0.221785 -0.850069 -0.954639 7
0.193818 -0.816204 -0.955056 7
0.167889 -0.824146 -0.954745 7
0.143291 -0.848582 -0.954191 7
0.115362 -0.827863 -0.954558 7
0.088199 -0.820067 -0.954749 7
0.063778 -0.841084 -0.954463 7
0.037571 -0.842937 -0.954607 7
0.011814 -0.848685 -0.954744 7
-0.010694 -0.879049 -0.954476 7
-0.038076 -0.870794 -0.955015 7
-0.062682 -0.882687 -0.955232 7
-0.093784 -0.852581 -0.956341 7
-0.118979 -0.861537 -0.956753 7
-0.147938 -0.848778 -0.957669 7
-0.174431 -0.850974 -0.958356 7
-0.195965 -0.878643 -0.958586 7
-0.230614 -0.840610 -0.960250 7
-0.254935 -0.854282 -0.960908 7
-0.285982 -0.837443 -0.962291 7
-0.315507 -0.828941 -0.963575 7
-0.343192 -0.829107 -0.964747 7
-0.369322 -0.835843 -0.965842 7
-0.405780 -0.803579 -0.967920 7
-0.428786 -0.823080 -0.968869 7
-0.465750 -0.792706 -0.971094 7
-0.483795 -0.829058 -0.971764 7
-0.520151 -0.803468 -0.974056 7
-0.536621 -0.843136 -0.974751 7
-0.555682 -0.872863 -0.975744 7
-0.599660 -0.827024 -0.978855 7
-0.637032 -0.803526 -0.981482 7
-0.668962 -0.797189 -0.983732 7
-0.693533 -0.811802 -0.985457 7
-0.735752 -0.779353 -0.988679 7
-0.776946 -0.751848 -0.991887 7
-0.803922 -0.762032 -0.994024 7
-0.827997 -0.779315 -0.996003 7
-0.857930 -0.782317 -0.998527 7
-0.918998 -0.786791 -1.003902 7
-0.935350 -0.820994 -1.005553 7
-0.956055 -0.844738 -1.007628 7
1.021717 -0.706855 -0.962168 7
0.998344 -0.682309 -0.960338 7
0.948626 -0.782698 -0.956157 7
0.904062 -0.867413 -0.952491 7
0.876134 -0.873101 -0.950418 7
0.848926 -0.875886 -0.948475 7
0.822248 -0.876355 -0.946645 7
0.805866 -0.813021 -0.945890 7
0.773233 -0.850178 -0.943607 7
0.747402 -0.844603 -0.942060 7
0.718452 -0.862442 -0.940249 7
0.693608 -0.849914 -0.938934 7
0.668275 -0.840131 -0.937640 7
0.645355 -0.805719 -0.936711 7
0.616136 -0.832006 -0.935089 7
0.589428 -0.834944 -0.933828 7
0.564793 -0.811568 -0.932931 7
0.537649 -0.820166 -0.931738 7
0.512605 -0.795010 -0.930970 7
0.484287 -0.829759 -0.929646 7
0.457892 -0.831440 -0.928735 7
0.433092 -0.779132 -0.928403 7
0.405245 -0.834611 -0.927114 7
0.379098 -0.824445 -0.926509 7
0.352752 -0.830604 -0.925821 7
0.326602 -0.846290 -0.925119 7
0.300425 -0.844476 -0.924635 7
0.273273 -0.808261 -0.924497 7
0.246553 -0.802831 -0.924165 7
0.220388 -0.812141 -0.923780 7
0.195661 -0.844849 -0.923278 7
0.168096 -0.824422 -0.923261 7
0.142215 -0.832447 -0.923086 7
0.114202 -0.813442 -0.923186 7
0.089448 -0.833989 -0.923044 7
0.067074 -0.874566 -0.922811 7
0.039122 -0.858584 -0.923084 7
0.010326 -0.838550 -0.923455 7
-0.012016 -0.871488 -0.923471 7
-0.034925 -0.896357 -0.923611 7
-0.059906 -0.904605 -0.923947 7
-0.092417 -0.864829 -0.924753 7
-0.123819 -0.836622 -0.925539 7
-0.148745 -0.848360 -0.926050 7
-0.171890 -0.868877 -0.926544 7
-0.204796 -0.838286 -0.927575 7
-0.233776 -0.830027 -0.928475 7
-0.262763 -0.822958 -0.929439 7
-0.294363 -0.805417 -0.930586 7
-0.327859 -0.781777 -0.931882 7
-0.346985 -0.819018 -0.932593 7
-0.385100 -0.779561 -0.934230 7
-0.399497 -0.832895 -0.934866 7
-0.427556 -0.833270 -0.936184 7
-0.462713 -0.809242 -0.937892 7
-0.491167 -0.810035 -0.939366 7
-0.517577 -0.817969 -0.940817 7
-0.536182 -0.850615 -0.941976 7
-0.574207 -0.822159 -0.944100 7
-0.595337 -0.846184 -0.945511 7
-0.643698 -0.790746 -0.948276 7
-0.675542 -0.785308 -0.950342 7
-0.704363 -0.788936 -0.952337 7
-0.731727 -0.796747 -0.954334 7
-0.764269 -0.791350 -0.956660 7
-0.791412 -0.800296 -0.958792 7
-0.824887 -0.793884 -0.961320 7
-0.856579 -0.792583 -0.963838 7
-0.887453 -0.793794 -0.966391 7
-0.945293 -0.734655 -0.970467 7
-0.937694 -0.823017 -0.971110 7
-0.963085 -0.836832 -0.973589 7
1.018681 -0.732094 -0.928489 7
0.985938 -0.751241 -0.926088 7
0.939808 -0.836814 -0.923268 7
0.910240 -0.848061 -0.921176 7
0.884119 -0.842771 -0.919276 7
0.849325 -0.885647 -0.917160 7
0.827932 -0.855150 -0.915546 7
0.802171 -0.848707 -0.913854 7
0.771309 -0.875691 -0.912089 7
0.744750 -0.876431 -0.910511 7
0.721657 -0.851559 -0.909073 7
0.694699 -0.854842 -0.907610 7
0.673210 -0.810905 -0.906301 7
0.644911 -0.825072 -0.904938 7
0.621179 -0.794224 -0.903694 7
0.591382 -0.828363 -0.902457 7
0.565543 -0.819215 -0.901317 7
0.538842 -0.821003 -0.900238 7
0.512048 -0.825523 -0.899226 7
0.487453 -0.786222 -0.898237 7
0.460213 -0.797373 -0.897353 7
0.433260 -0.806357 -0.896537 7
0.407134 -0.782477 -0.895727 7
0.379690 -0.843784 -0.895149 7
0.353419 -0.877812 -0.894599 7
0.326988 -0.816108 -0.893882 7
0.300595 -0.822176 -0.893388 7
0.273814 -0.810026 -0.892906 7
0.247595 -0.820010 -0.892551 7
0.221974 -0.839408 -0.892290 7
0.194902 -0.826241 -0.891990 7
0.169953 -0.850346 -0.891873 7
0.140524 -0.807951 -0.891600 7
0.118868 -0.869157 -0.891734 7
0.087538 -0.813745 -0.891540 7
0.064526 -0.850656 -0.891719 7
0.034749 -0.820998 -0.891739 7
0.011507 -0.850541 -0.892016 7
-0.015548 -0.846975 -0.892248 7
-0.038018 -0.877169 -0.892647 7
-0.064722 -0.875601 -0.893009 7
-0.091328 -0.875294 -0.893439 7
-0.120297 -0.861444 -0.893897 7
-0.152560 -0.831040 -0.894386 7
-0.176451 -0.848859 -0.895057 7
-0.201187 -0.861124 -0.895774 7
-0.237552 -0.816517 -0.896459 7
-0.267531 -0.805868 -0.897281 7
-0.293824 -0.812902 -0.898195 7
-0.318758 -0.825589 -0.899178 7
-0.345498 -0.830415 -0.900217 7
-0.381939 -0.797468 -0.901326 7
-0.404700 -0.818914 -0.902504 7
-0.433782 -0.816399 -0.903758 7
-0.459933 -0.824811 -0.905071 7
-0.486530 -0.831648 -0.906451 7
-0.519006 -0.819339 -0.907943 7
-0.536257 -0.856439 -0.909377 7
-0.571356 -0.837098 -0.911042 7
-0.608690 -0.812823 -0.912826 7
-0.630703 -0.834607 -0.914498 7
-0.666709 -0.816546 -0.916435 7
-0.703693 -0.797388 -0.918482 7
-0.754571 -0.743180 -0.920874 7
-0.771449 -0.779717 -0.922746 7
-0.795537 -0.796841 -0.924807 7
-0.833138 -0.780760 -0.927228 7
-0.855775 -0.801504 -0.929397 7
-0.897514 -0.777658 -0.932098 7
-0.964980 -0.770271 -0.937391 7
-0.966966 -0.835714 -0.939252 7
1.109784 -0.482606 -0.897272 8
0.998667 -0.831203 -0.895521 7
0.967554 -0.846857 -0.893464 7
0.940750 -0.843933 -0.891435 7
0.909420 -0.863873 -0.889564 7
0.884253 -0.853960 -0.887645 7
0.855362 -0.864117 -0.885889 7
0.833125 -0.837007 -0.883987 7
0.804794 -0.844935 -0.882350 7
0.771010 -0.890273 -0.881059 7
0.755737 -0.812136 -0.878921 7
0.729040 -0.809327 -0.877391 7
0.693003 -0.882325 -0.876591 7
0.668625 -0.865582 -0.875090 7
0.646945 -0.820481 -0.873359 7
0.619468 -0.827951 -0.872187 7
0.591811 -0.839699 -0.871129 7
0.567214 -0.814678 -0.869737 7
0.540712 -0.811685 -0.868639 7
0.515721 -0.781915 -0.867286 7
0.486661 -0.825813 -0.866865 7
0.461588 -0.788390 -0.865525 7
0.434293 -0.803497 -0.864891 7
0.407642 -0.801110 -0.864099 7
0.380269 -0.863292 -0.864219 7
0.354200 -0.816569 -0.862967 7
0.327320 -0.777621 -0.861861 7
0.301611 -0.847979 -0.862309 7
0.274230 -0.807138 -0.861289 7
0.247745 -0.812621 -0.860969 7
0.223352 -0.862254 -0.861339 7
0.194472 -0.813572 -0.860372 7
0.169488 -0.840184 -0.860540 7
0.142452 -0.832585 -0.860277 7
0.115066 -0.822929 -0.860043 7
0.088669 -0.826379 -0.860060 7
0.064373 -0.850273 -0.860432 7
0.037332 -0.845907 -0.860456 7
0.015420 -0.885122 -0.861167 7
-0.012581 -0.872371 -0.861189 7
-0.039741 -0.867822 -0.861391 7
-0.061122 -0.902993 -0.862214 7
-0.088375 -0.897452 -0.862519 7
-0.122341 -0.853178 -0.862352 7
-0.145959 -0.872224 -0.863125 7
-0.163443 -0.922429 -0.864370 7
-0.208156 -0.830348 -0.863778 7
-0.239080 -0.813898 -0.864272 7
-0.269686 -0.800879 -0.864882 7
-0.290867 -0.831016 -0.866100 7
-0.326081 -0.799856 -0.866625 7
-0.352076 -0.809068 -0.867710 7
-0.391361 -0.766255 -0.868265 7
-0.405825 -0.820287 -0.869983 7
-0.439796 -0.800367 -0.870945 7
-0.451807 -0.858974 -0.872787 7
-0.482813 -0.850072 -0.873994 7
-0.515511 -0.836748 -0.875238 7
-0.544079 -0.837817 -0.876690 7
-0.572456 -0.839909 -0.878221 7
-0.606855 -0.824566 -0.879690 7
-0.643448 -0.804359 -0.881217 7
-0.679469 -0.787455 -0.882864 7
-0.682441 -0.861536 -0.885129 7
-0.754837 -0.749289 -0.886433 7
-0.762207 -0.810178 -0.888722 7
-0.809693 -0.768421 -0.890633 7
-0.837346 -0.777512 -0.892833 7
-0.863267 -0.790785 -0.895111 7
-0.901587 -0.775394 -0.897415 7
-0.941404 -0.757975 -0.899830 7
-0.978462 -0.748025 -0.902358 7
-0.986050 -0.802118 -0.904909 7
1.137906 -0.508053 -0.863938 8
1.026350 -0.842897 -0.865721 7
1.004273 -0.818191 -0.863294 7
0.965209 -0.868903 -0.861957 7
0.944837 -0.836066 -0.859527 7
0.914105 -0.852144 -0.857872 7
0.886149 -0.855841 -0.856104 7
0.855708 -0.874144 -0.854649 7
0.833610 -0.846435 -0.852484 7
0.808469 -0.834711 -0.850635 7
0.781068 -0.836838 -0.849091 7
0.751520 -0.854776 -0.847912 7
0.721804 -0.877047 -0.846897 7
0.692899 -0.896697 -0.845912 7
0.669322 -0.873562 -0.844131 7
0.645310 -0.850897 -0.842399 7
0.620824 -0.829210 -0.840726 7
0.592858 -0.843715 -0.839883 7
0.570417 -0.790222 -0.837605 7
0.539651 -0.846102 -0.837807 7
0.514673 -0.820597 -0.836249 7
0.486967 -0.842073 -0.835821 7
0.459598 -0.865820 -0.835517 7
0.436167 -0.772321 -0.832499 7
0.409022 -0.776168 -0.831828 7
0.381768 -0.797424 -0.831640 7
0.354912 -0.821040 -0.831578 7
0.328157 -0.801172 -0.830509 7
0.300923 -0.775401 -0.829344 7
0.274208 -0.787718 -0.829183 7
0.248446 -0.820500 -0.829599 7
0.222984 -0.846742 -0.829916 7
0.193740 -0.795348 -0.828322 7
0.169421 -0.836195 -0.829129 7
0.142260 -0.828425 -0.828756 7
0.116522 -0.840005 -0.828935 7
0.088634 -0.826416 -0.828527 7
0.061476 -0.822967 -0.828437 7
0.033925 -0.817034 -0.828341 7
0.011861 -0.857868 -0.829499 7
-0.009930 -0.895294 -0.830624 7
-0.040999 -0.861814 -0.829999 7
-0.062716 -0.895599 -0.831140 7
-0.092246 -0.876688 -0.831004 7
-0.122290 -0.857348 -0.830920 7
-0.149320 -0.857462 -0.831386 7
-0.176550 -0.856977 -0.831896 7
-0.217362 -0.788367 -0.830798 7
-0.233265 -0.846659 -0.832870 7
-0.263505 -0.834248 -0.833278 7
-0.289823 -0.840652 -0.834201 7
-0.319932 -0.831029 -0.834806 7
-0.349141 -0.826309 -0.835594 7
-0.385245 -0.795621 -0.835856 7
-0.415023 -0.791427 -0.836799 7
-0.436871 -0.816665 -0.838459 7
-0.466650 -0.813017 -0.839540 7
-0.473673 -0.886659 -0.842330 7
-0.530062 -0.795414 -0.841698 7
-0.548570 -0.829755 -0.843766 7
-0.577247 -0.831467 -0.845224 7
-0.603606 -0.840440 -0.846889 7
-0.641458 -0.816469 -0.847998 7
-0.684348 -0.780415 -0.848988 7
-0.704601 -0.808114 -0.851209 7
-0.746476 -0.778027 -0.852495 7
-0.767454 -0.803499 -0.854796 7
-0.789865 -0.824592 -0.857071 7
-0.844019 -0.768320 -0.858246 7
-0.858236 -0.809640 -0.860958 7
-0.902966 -0.779336 -0.862732 7
-0.925215 -0.801459 -0.865293 7
-1.002290 -0.774761 -0.869783 7
1.191653 -0.434439 -0.828822 8
1.061373 -0.825505 -0.835409 7
1.034852 -0.818774 -0.833136 7
0.990888 -0.887484 -0.832778 7
0.976456 -0.829335 -0.829366 7
0.941725 -0.862322 -0.828309 7
0.907412 -0.896950 -0.827403 7
0.893121 -0.831259 -0.823863 7
0.867023 -0.823882 -0.821931 7
0.823492 -0.917255 -0.822925 7
0.802908 -0.881295 -0.820324 7
0.780399 -0.853889 -0.817996 7
0.746657 -0.901525 -0.817960 7
0.720636 -0.898877 -0.816490 7
0.698144 -0.867992 -0.814195 7
0.673229 -0.853557 -0.812448 7
0.643224 -0.885279 -0.812225 7
0.621015 -0.842595 -0.809670 7
0.596673 -0.815729 -0.807657 7
0.570877 -0.801641 -0.806104 7
0.544573 -0.791657 -0.804736 7
0.516730 -0.805426 -0.804224 7
0.489780 -0.806755 -0.803352 7
0.463628 -0.789016 -0.801877 7
0.435812 -0.816218 -0.802015 7
0.409502 -0.795733 -0.800549 7
0.383049 -0.754367 -0.798389 7
0.355681 -0.792413 -0.799093 7
0.328757 -0.794995 -0.798599 7
0.302109 -0.811234 -0.798653 7
0.275108 -0.802951 -0.797882 7
0.250114 -0.855414 -0.799367 7
0.222333 -0.824882 -0.797899 7
0.196478 -0.840518 -0.798165 7
0.168644 -0.821130 -0.797206 7
0.141617 -0.818135 -0.796900 7
0.118234 -0.860170 -0.798302 7
0.089078 -0.831630 -0.797168 7
0.062480 -0.833934 -0.797222 7
0.037475 -0.850595 -0.797859 7
0.010190 -0.846254 -0.797779 7
-0.009721 -0.899478 -0.799866 7
-0.037512 -0.889675 -0.799694 7
-0.065583 -0.879721 -0.799572 7
-0.094627 -0.865328 -0.799346 7
-0.122484 -0.860060 -0.799510 7
-0.149241 -0.862001 -0.799992 7
-0.183259 -0.825678 -0.799154 7
-0.212266 -0.818689 -0.799436 7
-0.242085 -0.808938 -0.799682 7
-0.272433 -0.798132 -0.799952 7
-0.293362 -0.830126 -0.801791 7
-0.324470 -0.817103 -0.802104 7
-0.355931 -0.804198 -0.802488 7
-0.389008 -0.786515 -0.802778 7
-0.405564 -0.832417 -0.805296 7
-0.430412 -0.845627 -0.806748 7
-0.456634 -0.853637 -0.808080 7
-0.502817 -0.794613 -0.807272 7
-0.515289 -0.849401 -0.810257 7
-0.552919 -0.822176 -0.810643 7
-0.578816 -0.832861 -0.812311 7
-0.607968 -0.833817 -0.813734 7
-0.642398 -0.820155 -0.814778 7
-0.682617 -0.791758 -0.815464 7
-0.702833 -0.819438 -0.817895 7
-0.748240 -0.780115 -0.818439 7
-0.764564 -0.817591 -0.821262 7
-0.806850 -0.789239 -0.822301 7
-0.850717 -0.759117 -0.823404 7
-0.849202 -0.837820 -0.827465 7
-0.906388 -0.778583 -0.827988 7
-0.930205 -0.797418 -0.830600 7
-0.969717 -0.781704 -0.832437 7
-1.024244 -0.735400 -0.833674 7
-1.016996 -0.820113 -0.837983 7
1.124340 -0.813295 -0.806982 7
1.079051 -0.876968 -0.806955 7
1.053602 -0.867463 -0.804557 7
1.019304 -0.894275 -0.803489 7
0.996777 -0.873156 -0.800795 7
0.977637 -0.835417 -0.797523 7
0.944865 -0.858916 -0.796549 7
0.917438 -0.858813 -0.794768 7
0.884350 -0.888591 -0.794199 7
0.861717 -0.864909 -0.791630 7
0.835491 -0.859811 -0.789830 7
0.807894 -0.863010 -0.788416 7
0.780952 -0.862858 -0.786926 7
0.754286 -0.861290 -0.785433 7
0.728269 -0.855184 -0.783804 7
0.692982 -0.922734 -0.785342 7
0.674015 -0.860771 -0.781457 7
0.645504 -0.878154 -0.781000 7
0.620388 -0.864323 -0.779250 7
0.598035 -0.816236 -0.776036 7
0.569156 -0.841051 -0.776074 7
0.545280 -0.799822 -0.773230 7
0.516787 -0.824576 -0.773384 7
0.491506 -0.794074 -0.771101 7
0.464873 -0.783672 -0.769772 7
0.437629 -0.787540 -0.769145 7
0.410105 -0.808904 -0.769383 7
0.383315 -0.802133 -0.768378 7
0.356435 -0.778885 -0.766653 7
0.329430 -0.798190 -0.766966 7
0.301832 -0.760904 -0.764676 7
0.275763 -0.809026 -0.766461 7
0.249430 -0.824694 -0.766775 7
0.222880 -0.829453 -0.766628 7
0.198165 -0.866596 -0.768077 7
0.169263 -0.827825 -0.765961 7
0.144514 -0.855980 -0.767091 7
0.115373 -0.825245 -0.765456 7
0.087450 -0.814444 -0.764827 7
0.060707 -0.817682 -0.764922 7
0.038816 -0.864312 -0.767150 7
0.009298 -0.841090 -0.766082 7
-0.012623 -0.879854 -0.768036 7
-0.041735 -0.862534 -0.767356 7
-0.068492 -0.863607 -0.767609 7
-0.090834 -0.892681 -0.769250 7
-0.118825 -0.885536 -0.769216 7
-0.151978 -0.850788 -0.767926 7
-0.189970 -0.794465 -0.765681 7
-0.219103 -0.788800 -0.765895 7
-0.248532 -0.782746 -0.766149 7
-0.269773 -0.815260 -0.768264 7
-0.299241 -0.809382 -0.768636 7
-0.331151 -0.794233 -0.768639 7
-0.361772 -0.786000 -0.769026 7
-0.388017 -0.795876 -0.770303 7
-0.410146 -0.820874 -0.772319 7
-0.430805 -0.849850 -0.774557 7
-0.456095 -0.861232 -0.776047 7
-0.494691 -0.827781 -0.775601 7
-0.523197 -0.829731 -0.776797 7
-0.547767 -0.844405 -0.778606 7
-0.603293 -0.764755 -0.776401 7
-0.614368 -0.821240 -0.780134 7
-0.653547 -0.794713 -0.780379 7
-0.687550 -0.784606 -0.781399 7
-0.712488 -0.799999 -0.783544 7
-0.749289 -0.784067 -0.784469 7
-0.772218 -0.804821 -0.786947 7
-0.794017 -0.827807 -0.789558 7
-0.836014 -0.801501 -0.790299 7
-0.869946 -0.796029 -0.791939 7
-0.898511 -0.803672 -0.794149 7
-0.931127 -0.802474 -0.796098 7
-0.961408 -0.806986 -0.798328 7
-1.047285 -0.764675 -0.801227 7
1.139728 -0.871402 -0.779067 7
1.104204 -0.898021 -0.778127 7
1.080116 -0.883709 -0.775435 7
1.068967 -0.817608 -0.770399 7
1.028551 -0.867093 -0.770729 7
1.009843 -0.828133 -0.766995 7
0.977298 -0.848278 -0.766107 7
0.948887 -0.851416 -0.764475 7
0.918838 -0.863437 -0.763342 7
0.895382 -0.843120 -0.760667 7
0.861361 -0.878657 -0.760842 7
0.842145 -0.833597 -0.757001 7
0.805667 -0.888794 -0.758334 7
0.783522 -0.858723 -0.755340 7
0.753504 -0.879457 -0.755039 7
0.729971 -0.855738 -0.752453 7
0.697711 -0.898306 -0.753444 7
0.672138 -0.890844 -0.751826 7
0.642308 -0.922488 -0.752379 7
0.617881 -0.905199 -0.750330 7
0.595221 -0.864467 -0.747024 7
0.573893 -0.797247 -0.742269 7
0.545551 -0.814271 -0.742222 7
0.518974 -0.807410 -0.740897 7
0.492105 -0.804364 -0.739834 7
0.465305 -0.798725 -0.738672 7
0.438867 -0.778385 -0.736719 7
0.412010 -0.760260 -0.734934 7
0.384118 -0.801868 -0.736629 7
0.357108 -0.803836 -0.736103 7
0.330194 -0.814133 -0.736111 7
0.303552 -0.829416 -0.736462 7
0.276315 -0.811193 -0.734914 7
0.249582 -0.817258 -0.734831 7
0.222765 -0.819324 -0.734564 7
0.195316 -0.809502 -0.733649 7
0.171098 -0.853542 -0.735952 7
0.140434 -0.798934 -0.732497 7
0.116175 -0.834452 -0.734403 7
0.090558 -0.848451 -0.735092 7
0.063585 -0.846997 -0.734918 7
0.037873 -0.857560 -0.735503 7
0.012348 -0.868458 -0.736158 7
-0.014957 -0.864615 -0.735991 7
-0.043654 -0.851854 -0.735347 7
-0.059994 -0.923519 -0.739736 7
-0.095190 -0.868979 -0.736728 7
-0.123229 -0.863369 -0.736658 7
-0.155957 -0.832688 -0.735168 7
-0.187405 -0.812430 -0.734347 7
-0.219134 -0.793248 -0.733647 7
-0.242920 -0.814431 -0.735358 7
-0.281091 -0.768374 -0.733209 7
-0.301786 -0.803312 -0.735820 7
-0.322859 -0.834247 -0.738240 7
-0.359173 -0.801852 -0.737063 7
-0.386501 -0.807239 -0.738117 7
-0.406955 -0.838324 -0.740684 7
-0.427583 -0.867034 -0.743155 7
-0.467793 -0.826455 -0.741765 7
-0.493246 -0.838485 -0.743401 7
-0.516663 -0.856814 -0.745435 7
-0.551277 -0.839467 -0.745545 7
-0.586498 -0.821896 -0.745715 7
-0.613981 -0.828640 -0.747280 7
-0.646570 -0.820979 -0.748123 7
-0.678202 -0.816942 -0.749228 7
-0.697019 -0.848063 -0.752260 7
-0.748584 -0.792587 -0.750783 7
-0.783592 -0.782689 -0.751793 7
-0.810169 -0.794687 -0.754005 7
-0.832974 -0.815673 -0.756726 7
-0.868688 -0.805932 -0.757947 7
-0.915549 -0.771839 -0.758042 7
-0.929800 -0.812516 -0.761907 7
-0.950835 -0.837062 -0.765011 7
-1.007378 -0.785880 -0.764553 7
-1.063546 -0.738501 -0.764419 7
1.170091 -0.875331 -0.749302 7
1.151614 -0.840232 -0.745257 7
1.124890 -0.833148 -0.742789 7
1.092103 -0.849030 -0.741672 7
1.060645 -0.861469 -0.740438 7
1.034417 -0.854010 -0.738122 7
1.004985 -0.860136 -0.736650 7
0.971439 -0.885708 -0.736396 7
0.949997 -0.857603 -0.733008 7
0.921046 -0.864084 -0.731735 7
0.886147 -0.902345 -0.732468 7
0.865541 -0.867722 -0.728797 7
0.837742 -0.870902 -0.727495 7
0.810498 -0.871603 -0.726091 7
0.783438 -0.871723 -0.724703 7
0.752194 -0.901097 -0.725232 7
0.727492 -0.887049 -0.723048 7
0.702173 -0.876239 -0.721111 7
0.674297 -0.886075 -0.720558 7
0.648777 -0.876183 -0.718770 7
0.622782 -0.869748 -0.717250 7
0.594031 -0.893727 -0.717790 7
0.570927 -0.852119 -0.714023 7
0.546953 -0.812157 -0.710386 7
0.520149 -0.807538 -0.709151 7
0.493153 -0.805536 -0.708137 7
0.467132 -0.779085 -0.705510 7
0.439787 -0.779726 -0.704765 7
0.411745 -0.814009 -0.706370 7
0.385184 -0.779911 -0.703343 7
0.357939 -0.761741 -0.701446 7
0.330590 -0.778072 -0.701974 7
0.303143 -0.769976 -0.700863 7
0.275772 -0.771121 -0.700440 7
0.250159 -0.821730 -0.703509 7
0.223663 -0.831700 -0.703804 7
0.197113 -0.837608 -0.703865 7
0.169245 -0.821606 -0.702439 7
0.144503 -0.852756 -0.704364 7
0.116667 -0.839929 -0.703253 7
0.107374 -1.030567 -0.716480 5
0.084589 -1.053814 -0.718004 5
0.058183 -1.041072 -0.717042 5
0.039711 -1.096189 -0.720896 5
0.011905 -1.072360 -0.719242 5
-0.012537 -1.076156 -0.719573 5
-0.041796 -1.047847 -0.717693 5
-0.067541 -1.045371 -0.717673 5
-0.097979 -1.015979 -0.715811 5
-0.158410 -0.823147 -0.702555 7
-0.189731 -0.804514 -0.701565 7
-0.219430 -0.796352 -0.701360 7
-0.246403 -0.802506 -0.702204 7
-0.276483 -0.794405 -0.702106 7
-0.307886 -0.781733 -0.701745 7
-0.326905 -0.822474 -0.705131 7
-0.351913 -0.836376 -0.706702 7
-0.386395 -0.813120 -0.705767 7
-0.411407 -0.827313 -0.707457 7
-0.431366 -0.859074 -0.710389 7
-0.467593 -0.832920 -0.709427 7
-0.486406 -0.867152 -0.712612 7
-0.532088 -0.812992 -0.709889 7
-0.560161 -0.817795 -0.711199 7
-0.589876 -0.817864 -0.712246 7
-0.614574 -0.833148 -0.714355 7
-0.651202 -0.814172 -0.714259 7
-0.684082 -0.807177 -0.715018 7
-0.709195 -0.821918 -0.717251 7
-0.761216 -0.766380 -0.715008 7
-0.772001 -0.818770 -0.719770 7
-0.803385 -0.818193 -0.721187 7
-0.833125 -0.822145 -0.722950 7
-0.866446 -0.818096 -0.724275 7
-0.906755 -0.798927 -0.724735 7
-0.929895 -0.819365 -0.727703 7
-0.967044 -0.809079 -0.728855 7
-0.991879 -0.825859 -0.731706 7
-1.104493 -0.732212 -0.730115 7
1.204880 -0.865611 -0.718570 7
1.176291 -0.864909 -0.716436 7
1.153876 -0.843050 -0.712943 7
1.122854 -0.851389 -0.711515 7
1.088976 -0.871686 -0.710970 7
1.060802 -0.871738 -0.709112 7
1.032670 -0.872149 -0.707333 7
1.009975 -0.849961 -0.704021 7
0.980049 -0.858491 -0.702909 7
0.947684 -0.879689 -0.702763 7
0.921022 -0.875629 -0.700875 7
0.901329 -0.835958 -0.696452 7
0.862644 -0.895096 -0.699252 7
0.842409 -0.856219 -0.694954 7
0.812296 -0.872879 -0.694779 7
0.786718 -0.863064 -0.692695 7
0.757741 -0.875694 -0.692333 7
0.726908 -0.904212 -0.693229 7
0.703951 -0.875554 -0.689858 7
0.676233 -0.883270 -0.689285 7
0.652081 -0.859768 -0.686369 7
0.622248 -0.890090 -0.687631 7
0.597521 -0.869816 -0.685042 7
0.566816 -0.920849 -0.688033 7
0.547614 -0.820765 -0.679292 7
0.520582 -0.820070 -0.678332 7
0.492630 -0.837918 -0.678877 7
0.466497 -0.820107 -0.676658 7
0.440453 -0.789205 -0.673436 7
0.413697 -0.764623 -0.670746 7
0.386057 -0.774620 -0.670850 7
0.358628 -0.778787 -0.670538 7
0.331391 -0.799836 -0.671627 7
0.303720 -0.769764 -0.668657 7
0.276669 -0.786444 -0.669490 7
0.249564 -0.792966 -0.669553 7
0.231851 -1.006926 -0.686453 5
0.211938 -1.105708 -0.694116 5
0.185275 -1.069672 -0.690898 5
0.160228 -1.065435 -0.690297 5
0.136640 -1.080188 -0.691280 5
0.109999 -1.059312 -0.689405 5
0.089803 -1.105890 -0.693065 5
0.062448 -1.080826 -0.690928 5
0.042069 -1.117623 -0.693875 5
0.010295 -1.062494 -0.689366 5
-0.017858 -1.041106 -0.687650 5
-0.041377 -1.053718 -0.688748 5
-0.060232 -1.094359 -0.692170 5
-0.089067 -1.072052 -0.690504 5
-0.116976 -1.057779 -0.689536 5
-0.144947 -1.045098 -0.688742 5
-0.173081 -1.033313 -0.688067 5
-0.190236 -1.075537 -0.691812 5
-0.218190 -1.065155 -0.691335 5
-0.293382 -0.850106 -0.674383 7
-0.327469 -0.825299 -0.672873 7
-0.351381 -0.843798 -0.674899 7
-0.374262 -0.865340 -0.677211 7
-0.407135 -0.848708 -0.676510 7
-0.439291 -0.836358 -0.676207 7
-0.470512 -0.828619 -0.676326 7
-0.501159 -0.823841 -0.676734 7
-0.534096 -0.812534 -0.676681 7
-0.554696 -0.840893 -0.679802 7
-0.593055 -0.814458 -0.678671 7
-0.627568 -0.801420 -0.678655 7
-0.655439 -0.808526 -0.680262 7
-0.683020 -0.816556 -0.681990 7
-0.719804 -0.800092 -0.681888 7
-0.742259 -0.822297 -0.684805 7
-0.771184 -0.827503 -0.686470 7
-0.810590 -0.807247 -0.686269 7
-0.830169 -0.836026 -0.689817 7
-0.864732 -0.828985 -0.690732 7
-0.903876 -0.812480 -0.691016 7
-0.933345 -0.818776 -0.693049 7
-0.975190 -0.798646 -0.693217 7
-1.017209 -0.779713 -0.693558 7
-1.021726 -0.839329 -0.699602 7
-1.074822 -0.799288 -0.698577 7
1.209600 -0.860759 -0.685757 7
1.183802 -0.850164 -0.682927 7
1.141137 -0.898249 -0.684736 7
1.124519 -0.856111 -0.679529 7
1.099644 -0.842318 -0.676579 7
1.065492 -0.864227 -0.676531 7
1.043337 -0.839649 -0.672797 7
1.022260 -0.808933 -0.668582 7
0.973226 -0.899895 -0.674380 7
0.953435 -0.864237 -0.669854 7
0.925067 -0.867333 -0.668565 7
0.895994 -0.874857 -0.667698 7
0.869819 -0.868127 -0.665684 7
0.843990 -0.859194 -0.663522 7
0.811478 -0.889884 -0.664779 7
0.784052 -0.892450 -0.663698 7
0.758909 -0.880340 -0.661398 7
0.737679 -0.838516 -0.656555 7
0.700107 -0.918956 -0.662374 7
0.678558 -0.877218 -0.657608 7
0.653820 -0.858000 -0.654832 7
0.623334 -0.893824 -0.656946 7
0.599224 -0.866285 -0.653510 7
0.567784 -0.924880 -0.657765 7
0.546595 -0.853347 -0.650476 7
0.520736 -0.837103 -0.648139 7
0.494598 -0.820754 -0.645827 7
0.468503 -0.796348 -0.642820 7
0.440858 -0.806790 -0.642996 7
0.414174 -0.783406 -0.640150 7
0.386884 -0.773405 -0.638553 7
0.359358 -0.779881 -0.638498 7
0.332055 -0.801668 -0.639887 7
0.304632 -0.790393 -0.638298 7
0.284573 -1.076042 -0.664004 5
0.259602 -1.066873 -0.662734 5
0.236509 -1.104042 -0.665767 5
0.210594 -1.076487 -0.662878 5
0.186431 -1.085063 -0.663356 5
0.157643 -1.028772 -0.657876 5
0.137424 -1.089212 -0.663228 5
0.111434 -1.075198 -0.661731 5
0.085383 -1.063649 -0.660498 5
0.060291 -1.063104 -0.660322 5
0.035722 -1.067380 -0.660632 5
0.013557 -1.089789 -0.662664 5
-0.016657 -1.052424 -0.659186 5
-0.040852 -1.060291 -0.659946 5
-0.061106 -1.092209 -0.662975 5
-0.089539 -1.072848 -0.661285 5
-0.117532 -1.058485 -0.660099 5
-0.141758 -1.065906 -0.660972 5
-0.159958 -1.103211 -0.664649 5
-0.191007 -1.076167 -0.662410 5
-0.214347 -1.087118 -0.663725 5
-0.234216 -1.112688 -0.666424 5
-0.283783 -1.012696 -0.657602 5
-0.356807 -0.827358 -0.641013 7
-0.374599 -0.869401 -0.645379 7
-0.404753 -0.863032 -0.645346 7
-0.441716 -0.833357 -0.643234 7
-0.477497 -0.810362 -0.641789 7
-0.505522 -0.815227 -0.642932 7
-0.528339 -0.837019 -0.645654 7
-0.569119 -0.802131 -0.643295 7
-0.589095 -0.832553 -0.646881 7
-0.618773 -0.833357 -0.647843 7
-0.645910 -0.841833 -0.649539 7
-0.673006 -0.850465 -0.651294 7
-0.705723 -0.844167 -0.651771 7
-0.739256 -0.836657 -0.652197 7
-0.774082 -0.826854 -0.652480 7
-0.813634 -0.806566 -0.651910 7
-0.839530 -0.820481 -0.654384 7
-0.868184 -0.827838 -0.656334 7
-0.905119 -0.816651 -0.656740 7
-0.935832 -0.820330 -0.658484 7
-0.960076 -0.838333 -0.661499 7
-1.002990 -0.816851 -0.661221 7
-1.041315 -0.806392 -0.661951 7
-1.118201 -0.719870 -0.656422 7
1.218439 -0.842599 -0.651579 7
1.186344 -0.852244 -0.650506 7
1.165584 -0.823696 -0.646061 7
1.130531 -0.845136 -0.646158 7
1.102130 -0.843847 -0.644258 7
1.073107 -0.845411 -0.642668 7
1.041920 -0.856411 -0.641999 7
1.006621 -0.886262 -0.643145 7
0.984584 -0.860754 -0.639189 7
0.960139 -0.844535 -0.636125 7
0.931123 -0.849393 -0.635085 7
0.900318 -0.864366 -0.635058 7
0.870695 -0.875118 -0.634687 7
0.843527 -0.873723 -0.633202 7
0.819662 -0.852921 -0.629882 7
0.783744 -0.906626 -0.633822 7
0.759466 -0.889109 -0.630904 7
0.731641 -0.895352 -0.630341 7
0.704064 -0.901125 -0.629778 7
0.679802 -0.880375 -0.626640 7
0.651861 -0.890261 -0.626565 7
0.622513 -0.916772 -0.628192 7
0.599257 -0.881471 -0.623705 7
0.570907 -0.901926 -0.624821 7
0.546298 -0.875293 -0.621255 7
0.519762 -0.872507 -0.620117 7
0.495386 -0.826976 -0.614693 7
0.467537 -0.844570 -0.615686 7
0.441047 -0.830804 -0.613538 7
0.414961 -0.787886 -0.608451 7
0.387432 -0.794103 -0.608403 7
0.359202 -1.049745 -0.633939 5
0.334374 -1.068060 -0.635269 5
0.308987 -1.029167 -0.630761 5
0.285354 -1.089023 -0.636445 5
0.260149 -1.071535 -0.634206 5
0.235839 -1.082048 -0.634890 5
0.210566 -1.071462 -0.633430 5
0.184164 -1.046752 -0.630538 5
0.159311 -1.050060 -0.630582 5
0.136114 -1.072997 -0.632700 5
0.109871 -1.058694 -0.630989 5
0.085623 -1.067036 -0.631665 5
0.058579 -1.049386 -0.629674 5
0.032742 -1.044912 -0.629089 5
0.007233 -1.044040 -0.628914 5
-0.015573 -1.062900 -0.630830 5
-0.039017 -1.075536 -0.632134 5
-0.064767 -1.072717 -0.631865 5
-0.089938 -1.074072 -0.632067 5
-0.116933 -1.065609 -0.631283 5
-0.139313 -1.082744 -0.633200 5
-0.167403 -1.070102 -0.632056 5
-0.204466 -1.016398 -0.626686 5
-0.217927 -1.075286 -0.633047 5
-0.244495 -1.072545 -0.633045 5
-0.274695 -1.055373 -0.631588 5
-0.300952 -1.055811 -0.631995 5
-0.321738 -1.077688 -0.634653 5
-0.354462 -1.054291 -0.632677 5
-0.435190 -0.862234 -0.613397 7
-0.468577 -0.846785 -0.612367 7
-0.504961 -0.822985 -0.610532 7
-0.535560 -0.819838 -0.610863 7
-0.558840 -0.840108 -0.613629 7
-0.596730 -0.815783 -0.611893 7
-0.615380 -0.849455 -0.616100 7
-0.652073 -0.830748 -0.615036 7
-0.678717 -0.841192 -0.616969 7
-0.714535 -0.827194 -0.616487 7
-0.732695 -0.860157 -0.620766 7
-0.776290 -0.827960 -0.618568 7
-0.795904 -0.856671 -0.622498 7
-0.838682 -0.829316 -0.620904 7
-0.863594 -0.845348 -0.623663 7
-0.911523 -0.809166 -0.621333 7
-0.943944 -0.809515 -0.622658 7
-0.980619 -0.801304 -0.623205 7
-1.002441 -0.825191 -0.626921 7
-1.026393 -0.844180 -0.630198 7
-1.071413 -0.820830 -0.629458 7
1.219761 -0.848903 -0.619347 7
1.195598 -0.831880 -0.615786 7
1.159687 -0.854892 -0.616316 7
1.136806 -0.833329 -0.612367 7
1.109426 -0.827440 -0.610050 7
1.072487 -0.858708 -0.611612 7
1.048973 -0.838872 -0.607943 7
1.013271 -0.869184 -0.609537 7
0.986093 -0.865244 -0.607609 7
0.953326 -0.887168 -0.608451 7
0.934876 -0.842728 -0.602316 7
0.898083 -0.887192 -0.605656 7
0.871663 -0.881593 -0.603719 7
0.844356 -0.880881 -0.602344 7
0.816427 -0.884312 -0.601455 7
0.791914 -0.867071 -0.598368 7
0.755189 -0.930426 -0.604080 7
0.732102 -0.904779 -0.600157 7
0.712700 -0.847160 -0.592745 7
0.677539 -0.912985 -0.598913 7
0.653301 -0.891143 -0.595487 7
0.623834 -0.918025 -0.597481 7
0.601228 -0.875000 -0.591762 7
0.576074 -0.853846 -0.588490 7
0.546000 -0.897002 -0.592429 7
0.520792 -0.874700 -0.589095 7
0.495315 -0.849819 -0.585495 7
0.468468 -0.846775 -0.584377 7
0.442535 -0.814208 -0.579961 7
0.416758 -0.747970 -0.571755 7
0.384826 -1.053913 -0.605755 5
0.359832 -1.060334 -0.605900 5
0.334708 -1.024992 -0.601329 5
0.309934 -1.055781 -0.604316 5
0.285227 -1.066109 -0.605012 5
0.260817 -1.079673 -0.606115 5
0.235307 -1.063025 -0.603794 5
0.209674 -1.050410 -0.601964 5
0.185869 -1.070764 -0.603949 5
0.160002 -1.058050 -0.602172 5
0.132441 -1.028287 -0.598462 5
0.106255 -1.020020 -0.597256 5
0.086656 -1.078170 -0.603734 5
0.060500 -1.068130 -0.602392 5
0.033598 -1.054002 -0.600611 5
0.012970 -1.090140 -0.604662 5
-0.018233 -1.046844 -0.599579 5
-0.037788 -1.086737 -0.604132 5
-0.066125 -1.067609 -0.601905 5
-0.095212 -1.046735 -0.599510 5
-0.122012 -1.041272 -0.598928 5
-0.141041 -1.077636 -0.603209 5
-0.173337 -1.044652 -0.599520 5
-0.190036 -1.089387 -0.604831 5
-0.217627 -1.081105 -0.604061 5
-0.243162 -1.082928 -0.604490 5
-0.275785 -1.055607 -0.601601 5
-0.290907 -1.100750 -0.607083 5
-0.323601 -1.075507 -0.604507 5
-0.357005 -1.050027 -0.601947 5
-0.373581 -1.086651 -0.606544 5
-0.471516 -0.842452 -0.579052 7
-0.495836 -0.859055 -0.581462 7
-0.526054 -0.856217 -0.581690 7
-0.563590 -0.831457 -0.579467 7
-0.585265 -0.856300 -0.582927 7
-0.610336 -0.870291 -0.585189 7
-0.650869 -0.840460 -0.582533 7
-0.677589 -0.850655 -0.584449 7
-0.706041 -0.856219 -0.585882 7
-0.741017 -0.845205 -0.585497 7
-0.788405 -0.804250 -0.581814 7
-0.818815 -0.807469 -0.583130 7
-0.834065 -0.847074 -0.588537 7
-0.871730 -0.833375 -0.588056 7
-0.898105 -0.846384 -0.590582 7
-0.949670 -0.804011 -0.587054 7
-0.965317 -0.841228 -0.592333 7
-1.018782 -0.798228 -0.588874 7
-1.029691 -0.844652 -0.595226 7
-1.094254 -0.782689 -0.589858 7
-1.191853 -0.659995 -0.578061 8
1.225347 -0.841460 -0.585633 7
1.201879 -0.821608 -0.581637 7
1.166595 -0.841674 -0.582180 7
1.145350 -0.813517 -0.577303 7
1.108978 -0.839976 -0.578683 7
1.080704 -0.837785 -0.576843 7
1.058319 -0.812271 -0.572349 7
1.020105 -0.851498 -0.575380 7
0.997252 -0.827480 -0.571123 7
0.959829 -0.868512 -0.574495 7
0.929782 -0.878615 -0.574312 7
0.901437 -0.881684 -0.573347 7
0.876545 -0.867272 -0.570353 7
0.841364 -0.909419 -0.574110 7
0.814745 -0.906253 -0.572532 7
0.796640 -0.849589 -0.564579 7
0.760792 -0.905080 -0.570098 7
0.738814 -0.869240 -0.564682 7
0.710760 -0.875461 -0.564364 7
0.682520 -0.884775 -0.564461 7
0.657383 -0.868024 -0.561428 7
0.626321 -0.907671 -0.565303 7
0.602611 -0.875123 -0.560402 7
0.574068 -0.895080 -0.561958 7
0.546369 -0.909128 -0.562833 7
0.520737 -0.894528 -0.560218 7
0.495816 -0.861361 -0.555333 7
0.469665 -0.842699 -0.552260 7
0.442421 -0.847091 -0.552073 7
0.409819 -1.088297 -0.581378 5
0.385020 -1.094474 -0.581541 5
0.360325 -1.105585 -0.582353 5
0.335571 -1.069661 -0.577319 5
0.310936 -1.086553 -0.578915 5
0.285792 -1.070504 -0.576417 5
0.260638 -1.063444 -0.575072 5
0.235376 -1.057439 -0.573888 5
0.208236 -1.019158 -0.568667 5
0.187077 -1.086997 -0.576846 5
0.161659 -1.079226 -0.575531 5
0.133349 -1.038805 -0.570119 5
0.107946 -1.038676 -0.569823 5
0.083406 -1.047443 -0.570684 5
0.058939 -1.055778 -0.571522 5
0.032775 -1.049295 -0.570515 5
0.008179 -1.056141 -0.571227 5
-0.015626 -1.068082 -0.572616 5
-0.040401 -1.072512 -0.573085 5
-0.065341 -1.075819 -0.573442 5
-0.088541 -1.089382 -0.575131 5
-0.115980 -1.078464 -0.573746 5
-0.139151 -1.091513 -0.575432 5
-0.163751 -1.096605 -0.576140 5
-0.203515 -1.029724 -0.567752 5
-0.225248 -1.051048 -0.570583 5
-0.244132 -1.083317 -0.574830 5
-0.272523 -1.073904 -0.573827 5
-0.299673 -1.070665 -0.573639 5
-0.328058 -1.063429 -0.572979 5
-0.346826 -1.092602 -0.576953 5
-0.379415 -1.071127 -0.574562 5
-0.403221 -1.081681 -0.576247 5
-0.440468 -1.047628 -0.572347 5
-0.531669 -0.844221 -0.547198 7
-0.568432 -0.822577 -0.544978 7
-0.588475 -0.852809 -0.549309 7
-0.625501 -0.832536 -0.547345 7
-0.653049 -0.840647 -0.548975 7
-0.686959 -0.831490 -0.548487 7
-0.721972 -0.820497 -0.547816 7
-0.741961 -0.849316 -0.552136 7
-0.784086 -0.821759 -0.549495 7
-0.806804 -0.843465 -0.553003 7
-0.843226 -0.832143 -0.552467 7
-0.876148 -0.830055 -0.553117 7
-0.913586 -0.818509 -0.552652 7
-0.942243 -0.827362 -0.554736 7
-0.968065 -0.842422 -0.557615 7
-1.014869 -0.813627 -0.555198 7
-1.037620 -0.835727 -0.559018 7
-1.072532 -0.833246 -0.559899 7
-1.115877 -0.815139 -0.558951 7
-1.278248 -0.572997 -0.531214 8
1.235558 -0.819260 -0.549818 7
1.187604 -0.879692 -0.555645 7
1.165509 -0.856079 -0.551087 7
1.137762 -0.851419 -0.548919 7
1.116841 -0.821675 -0.543625 7
1.084893 -0.832561 -0.543480 7
1.054591 -0.838291 -0.542730 7
1.029577 -0.822966 -0.539338 7
0.999923 -0.827061 -0.538455 7
0.969375 -0.836149 -0.538256 7
0.943854 -0.822619 -0.535184 7
0.892795 -0.936480 -0.548630 7
0.873650 -0.894202 -0.541927 7
0.848775 -0.879714 -0.538844 7
0.819441 -0.890381 -0.539074 7
0.794184 -0.877326 -0.536234 7
0.767742 -0.870990 -0.534301 7
0.736258 -0.900352 -0.537108 7
0.712331 -0.876539 -0.532934 7
0.679490 -0.923494 -0.538164 7
0.656077 -0.893943 -0.533282 7
0.626949 -0.915917 -0.535284 7
0.599848 -0.920846 -0.535053 7
0.575960 -0.887955 -0.529788 7
0.551193 -0.858970 -0.525059 7
0.522669 -0.882091 -0.527358 7
0.494335 -0.910673 -0.530438 7
0.468204 -0.901076 -0.528404 7
0.435311 -1.091351 -0.553460 5
0.409704 -1.127464 -0.557727 5
0.385735 -1.095485 -0.552786 5
0.361021 -1.095887 -0.552266 5
0.336069 -1.052054 -0.545744 5
0.310879 -1.048443 -0.544723 5
0.285553 -1.042529 -0.543414 5
0.260058 -1.035414 -0.541967 5
0.236173 -1.068286 -0.546026 5
0.210977 -1.065416 -0.545219 5
0.184451 -1.042900 -0.541741 5
0.159700 -1.051018 -0.542496 5
0.137904 -1.093315 -0.547986 5
0.111735 -1.079966 -0.545848 5
0.083258 -1.047038 -0.541036 5
0.059569 -1.062991 -0.542988 5
0.033816 -1.059896 -0.542342 5
0.014422 -1.106002 -0.548519 5
-0.017850 -1.055153 -0.541332 5
-0.046336 -1.036375 -0.538601 5
-0.068710 -1.058261 -0.541519 5
-0.096181 -1.048298 -0.540063 5
-0.111451 -1.107260 -0.548169 5
-0.146806 -1.055404 -0.540974 5
-0.170291 -1.068204 -0.542752 5
-0.192024 -1.088548 -0.545602 5
-0.215243 -1.100787 -0.547359 5
-0.258356 -1.026423 -0.537171 5
-0.265980 -1.105737 -0.548259 5
-0.300278 -1.073129 -0.543905 5
-0.322318 -1.090330 -0.546463 5
-0.354118 -1.070869 -0.543989 5
-0.381760 -1.068021 -0.543839 5
-0.409470 -1.065626 -0.543783 5
-0.435366 -1.069858 -0.544671 5
-0.480045 -1.014506 -0.537394 5
-0.505095 -1.023709 -0.539034 5
-0.603142 -0.815192 -0.510822 7
-0.620629 -0.852857 -0.516459 7
-0.647209 -0.863319 -0.518395 7
-0.675970 -0.867779 -0.519542 7
-0.710090 -0.858388 -0.518832 7
-0.754175 -0.824513 -0.514827 7
-0.785998 -0.823665 -0.515368 7
-0.805208 -0.854039 -0.520188 7
-0.855599 -0.809719 -0.514905 7
-0.887599 -0.810596 -0.515801 7
-0.904894 -0.844972 -0.521258 7
-0.940098 -0.839082 -0.521312 7
-0.974003 -0.836841 -0.521901 7
-1.025672 -0.798386 -0.517678 7
-1.035251 -0.847759 -0.525268 7
-1.078137 -0.829450 -0.523841 7
-1.131738 -0.791887 -0.519912 7
-1.130779 -0.859763 -0.530035 7
-1.343548 -0.530546 -0.487669 8
1.250265 -0.782892 -0.511453 7
1.211866 -0.809908 -0.513513 7
1.180176 -0.816440 -0.512842 7
1.146047 -0.832676 -0.513546 7
1.112263 -0.849434 -0.514376 7
1.093714 -0.809654 -0.507448 7
1.059251 -0.830670 -0.508945 7
1.030349 -0.830885 -0.507604 7
1.007044 -0.807350 -0.502982 7
0.970127 -0.844038 -0.506808 7
0.947362 -0.817409 -0.501803 7
0.911648 -0.853385 -0.505633 7
0.885038 -0.845768 -0.503364 7
0.848562 -0.892649 -0.508848 7
0.821374 -0.890925 -0.507490 7
0.795380 -0.882059 -0.505143 7
0.768763 -0.876693 -0.503321 7
0.738602 -0.896330 -0.505109 7
0.711976 -0.892379 -0.503552 7
0.682572 -0.911301 -0.505317 7
0.655299 -0.914891 -0.504910 7
0.631764 -0.882789 -0.499370 7
0.603870 -0.891985 -0.499828 7
0.575730 -0.906903 -0.501152 7
0.549219 -0.903781 -0.499886 7
0.523566 -0.886452 -0.496573 7
0.497200 -0.876847 -0.494409 7
0.460087 -1.113279 -0.528301 5
0.435175 -1.121583 -0.528872 5
0.411075 -1.102897 -0.525507 5
0.386033 -1.126383 -0.528365 5
0.361779 -1.073452 -0.519995 5
0.336910 -1.096763 -0.522882 5
0.312082 -1.093137 -0.521822 5
0.287245 -1.092329 -0.521203 5
0.261759 -1.073487 -0.517936 5
0.235990 -1.056911 -0.515024 5
0.211647 -1.073270 -0.517024 5
0.187571 -1.089259 -0.518999 5
0.161680 -1.076618 -0.516742 5
0.132083 -1.022674 -0.508354 5
0.107968 -1.039681 -0.510556 5
0.085402 -1.069034 -0.514631 5
0.056723 -1.039218 -0.509901 5
0.029705 -1.028259 -0.508008 5
0.006383 -1.047425 -0.510643 5
-0.018396 -1.054100 -0.511438 5
-0.048195 -1.027232 -0.507240 5
-0.072400 -1.038775 -0.508815 5
-0.096310 -1.051165 -0.510544 5
-0.112004 -1.107959 -0.518952 5
-0.141657 -1.086330 -0.515638 5
-0.172019 -1.063799 -0.512214 5
-0.197462 -1.067138 -0.512692 5
-0.224986 -1.061249 -0.511813 5
-0.251957 -1.058735 -0.511466 5
-0.273920 -1.077608 -0.514351 5
-0.295559 -1.096706 -0.517295 5
-0.320261 -1.103114 -0.518364 5
-0.350173 -1.090422 -0.516599 5
-0.380527 -1.077573 -0.514839 5
-0.408984 -1.072584 -0.514285 5
-0.440673 -1.057803 -0.512295 5
-0.467361 -1.060394 -0.512931 5
-0.499090 -1.047822 -0.511331 5
-0.528033 -1.044841 -0.511194 5
-0.613861 -0.878573 -0.486751 7
-0.649221 -0.863962 -0.484965 7
-0.692488 -0.829313 -0.480236 7
-0.718949 -0.841491 -0.482507 7
-0.747580 -0.847990 -0.483965 7
-0.797906 -0.800709 -0.477483 7
-0.826548 -0.809059 -0.479288 7
-0.858178 -0.810506 -0.480104 7
-0.884565 -0.824494 -0.482807 7
-0.908968 -0.842789 -0.486173 7
-0.960467 -0.801705 -0.480831 7
-0.973997 -0.843943 -0.487783 7
-1.008456 -0.841334 -0.488177 7
-1.055368 -0.814263 -0.485032 7
-1.086413 -0.820427 -0.486793 7
-1.136444 -0.790301 -0.483304 7
-1.135497 -0.858258 -0.494130 7
-1.332346 -0.559507 -0.451786 8
1.250719 -0.792223 -0.478842 7
1.192650 -0.883953 -0.490884 7
1.183760 -0.814963 -0.479212 7
1.153399 -0.817413 -0.478137 7
1.120051 -0.831582 -0.478850 7
1.086926 -0.846573 -0.479731 7
1.069314 -0.801667 -0.471657 7
1.040771 -0.798795 -0.469910 7
1.009612 -0.807538 -0.469948 7
0.974607 -0.835033 -0.472870 7
0.945688 -0.836850 -0.471941 7
0.920258 -0.822016 -0.468504 7
0.896882 -0.795393 -0.463282 7
0.862189 -0.828956 -0.467295 7
0.834629 -0.825229 -0.465633 7
0.793872 -0.903598 -0.476644 7
0.770250 -0.879298 -0.471886 7
0.735476 -0.931150 -0.478925 7
0.712023 -0.905060 -0.473937 7
0.684826 -0.906086 -0.473174 7
0.653982 -0.940499 -0.477638 7
0.630055 -0.914123 -0.472662 7
0.606578 -0.877764 -0.466134 7
0.577629 -0.899810 -0.468762 7
0.549315 -0.919552 -0.471067 7
0.523455 -0.906882 -0.468312 7
0.486229 -1.104156 -0.498649 5
0.462356 -1.082547 -0.494575 5
0.436068 -1.120710 -0.499959 5
0.411257 -1.128684 -0.500607 5
0.386792 -1.123948 -0.499267 5
0.362305 -1.104711 -0.495644 5
0.337463 -1.088928 -0.492585 5
0.312353 -1.076032 -0.490002 5
0.288202 -1.112847 -0.495359 5
0.261570 -1.056641 -0.485910 5
0.237339 -1.080351 -0.489229 5
0.212061 -1.076370 -0.488150 5
0.184628 -1.040049 -0.481916 5
0.158992 -1.038400 -0.481249 5
0.137882 -1.092207 -0.489497 5
0.110611 -1.068595 -0.485357 5
0.084291 -1.059234 -0.483522 5
0.059172 -1.062645 -0.483760 5
0.032614 -1.054171 -0.482110 5
0.003712 -1.029651 -0.477898 5
-0.017156 -1.065651 -0.483452 5
-0.046589 -1.040961 -0.479254 5
-0.068047 -1.069104 -0.483594 5
-0.100099 -1.032705 -0.477550 5
-0.122705 -1.052792 -0.480639 5
-0.136258 -1.118481 -0.491113 5
-0.170806 -1.074000 -0.483830 5
-0.200190 -1.058606 -0.481263 5
-0.226499 -1.058939 -0.481259 5
-0.249419 -1.074319 -0.483708 5
-0.277587 -1.067222 -0.482551 5
-0.300224 -1.083075 -0.485124 5
-0.325708 -1.087337 -0.485849 5
-0.340723 -1.130049 -0.492805 5
-0.384242 -1.069673 -0.483142 5
-0.405855 -1.088515 -0.486292 5
-0.434388 -1.083842 -0.485671 5
-0.472745 -1.048832 -0.480182 5
-0.488601 -1.085602 -0.486295 5
-0.542328 -1.008117 -0.474018 5
-0.635002 -0.823925 -0.444598 7
-0.674199 -0.800572 -0.441125 7
-0.696666 -0.824443 -0.445281 7
-0.732297 -0.812902 -0.443770 7
-0.743089 -0.866010 -0.452672 7
-0.779489 -0.853172 -0.451009 7
-0.817956 -0.836606 -0.448783 7
-0.859500 -0.814269 -0.445668 7
-0.892243 -0.813829 -0.446095 7
-0.928453 -0.806273 -0.445416 7
-0.961192 -0.807243 -0.446133 7
-0.981970 -0.834124 -0.451012 7
-1.023566 -0.817249 -0.448949 7
-1.061984 -0.808212 -0.448173 7
-1.107032 -0.787161 -0.445529 7
-1.123887 -0.821965 -0.451779 7
-1.155339 -0.828363 -0.453554 7
-1.199147 -0.812413 -0.451835 7
-1.300827 -0.759842 -0.445286 7
-1.376535 -0.693575 -0.435821 7
1.245033 -0.821001 -0.449420 7
1.216849 -0.814959 -0.447042 7
1.189236 -0.807105 -0.444400 7
1.147862 -0.847752 -0.449571 7
1.123095 -0.831272 -0.445607 7
1.107107 -0.780646 -0.436142 7
1.070124 -0.809572 -0.439548 7
1.037543 -0.823336 -0.440545 7
1.001617 -0.853277 -0.444216 7
0.985884 -0.795506 -0.433620 7
0.953459 -0.811570 -0.435089 7
0.925679 -0.806760 -0.433174 7
0.901008 -0.785758 -0.428619 7
0.864399 -0.828732 -0.434620 7
0.837170 -0.822586 -0.432564 7
0.805093 -0.846224 -0.435461 7
0.781502 -0.817541 -0.429719 7
0.741071 -0.904174 -0.443154 7
0.717324 -0.877818 -0.437850 7
0.690355 -0.874136 -0.436337 7
0.661491 -0.887225 -0.437650 7
0.634486 -0.885190 -0.436461 7
0.609524 -0.861180 -0.431607 7
0.578535 -0.904850 -0.438140 7
0.551861 -0.901631 -0.436824 7
0.510255 -1.134055 -0.475275 5
0.485387 -1.138844 -0.475417 5
0.460712 -1.141857 -0.475281 5
0.436896 -1.121861 -0.471268 5
0.412150 -1.124649 -0.471132 5
0.388006 -1.090546 -0.464750 5
0.362904 -1.118013 -0.468847 5
0.338189 -1.115314 -0.467837 5
0.313065 -1.088491 -0.462732 5
0.288292 -1.097926 -0.463827 5
0.263117 -1.090550 -0.462072 5
0.236279 -1.048893 -0.454468 5
0.208624 -1.007554 -0.446923 5
0.184865 -1.040952 -0.452200 5
0.162248 -1.081475 -0.458732 5
0.133483 -1.038694 -0.450984 5
0.107521 -1.035643 -0.450075 5
0.084931 -1.066528 -0.455025 5
0.061388 -1.083979 -0.457690 5
0.032573 -1.055906 -0.452533 5
0.005390 -1.044855 -0.450325 5
-0.021033 -1.041151 -0.449403 5
-0.050270 -1.019870 -0.445465 5
-0.068778 -1.067950 -0.453525 5
-0.096369 -1.058069 -0.451596 5
-0.126570 -1.035388 -0.447472 5
-0.151948 -1.040676 -0.448204 5
-0.171160 -1.076432 -0.454229 5
-0.198076 -1.072937 -0.453484 5
-0.230489 -1.045514 -0.448615 5
-0.246932 -1.089643 -0.456158 5
-0.276307 -1.077269 -0.453936 5
-0.309685 -1.050568 -0.449252 5
-0.322473 -1.104583 -0.458572 5
-0.352089 -1.093548 -0.456644 5
-0.381657 -1.083981 -0.454990 5
-0.403010 -1.103434 -0.458386 5
-0.438210 -1.076705 -0.453803 5
-0.468747 -1.067019 -0.452193 5
-0.501432 -1.051891 -0.449664 5
-0.549698 -0.992083 -0.439423 5
-0.629713 -0.845392 -0.414174 7
-0.667668 -0.825175 -0.410847 7
-0.696745 -0.830684 -0.411997 7
-0.738860 -0.802259 -0.407306 7
-0.764468 -0.818067 -0.410287 7
-0.790561 -0.832377 -0.413033 7
-0.832079 -0.809323 -0.409354 7
-0.849730 -0.844049 -0.415672 7
-0.882236 -0.843627 -0.415951 7
-0.918364 -0.835758 -0.414975 7
-0.947041 -0.845040 -0.416979 7
-0.989981 -0.824303 -0.413848 7
-1.026533 -0.818362 -0.413294 7
-1.062476 -0.814549 -0.413136 7
-1.090469 -0.827160 -0.415824 7
-1.135613 -0.806899 -0.412910 7
-1.170252 -0.807898 -0.413670 7
-1.185807 -0.844452 -0.420532 7
-1.239250 -0.812171 -0.415672 7
-1.310355 -0.751054 -0.405948 7
1.254290 -0.802379 -0.412436 7
1.221518 -0.810400 -0.412483 7
1.193310 -0.804099 -0.410102 7
1.162765 -0.806109 -0.409175 7
1.122301 -0.845000 -0.414653 7
1.115813 -0.758758 -0.398504 7
1.069183 -0.824361 -0.408688 7
1.036243 -0.839802 -0.410217 7
1.010761 -0.825137 -0.406529 7
0.987224 -0.800944 -0.401186 7
0.955868 -0.811759 -0.401988 7
0.927175 -0.811060 -0.400798 7
0.897557 -0.815632 -0.400560 7
0.872623 -0.795570 -0.396002 7
0.843378 -0.798733 -0.395559 7
0.810491 -0.825273 -0.399282 7
0.780657 -0.835784 -0.400201 7
0.760020 -0.783725 -0.390025 7
0.727841 -0.811525 -0.394061 7
0.691955 -0.874584 -0.404425 7
0.659301 -0.920557 -0.411796 7
0.634141 -0.903032 -0.407850 7
0.605768 -0.916859 -0.409534 7
0.580543 -0.896649 -0.405135 7
0.539819 -1.082578 -0.437816 5
0.512209 -1.120242 -0.443913 5
0.486760 -1.131964 -0.445369 5
0.462510 -1.122220 -0.442972 5
0.437855 -1.119247 -0.441813 5
0.412816 -1.130076 -0.443169 5
0.388324 -1.118892 -0.440557 5
0.363601 -1.111229 -0.438596 5
0.338777 -1.114206 -0.438584 5
0.313752 -1.099467 -0.435366 5
0.288898 -1.104072 -0.435683 5
0.262752 -1.068306 -0.428657 5
0.238106 -1.083311 -0.430904 5
0.212390 -1.073234 -0.428589 5
0.186970 -1.071381 -0.427793 5
0.160430 -1.055128 -0.424377 5
0.135621 -1.064063 -0.425588 5
0.107882 -1.039923 -0.420753 5
0.079961 -1.019101 -0.416537 5
0.057819 -1.053814 -0.422535 5
0.030718 -1.042814 -0.420156 5
0.005976 -1.051770 -0.421462 5
-0.019658 -1.053662 -0.421487 5
-0.048672 -1.033545 -0.417476 5
-0.073497 -1.042214 -0.418783 5
-0.093789 -1.076689 -0.424870 5
-0.123207 -1.057724 -0.421118 5
-0.148690 -1.061689 -0.421614 5
-0.172691 -1.073053 -0.423495 5
-0.206853 -1.035997 -0.416447 5
-0.219465 -1.099559 -0.428012 5
-0.250416 -1.079302 -0.424102 5
-0.277403 -1.077528 -0.423626 5
-0.300172 -1.093009 -0.426361 5
-0.323498 -1.105649 -0.428589 5
-0.351691 -1.100074 -0.427463 5
-0.387020 -1.070355 -0.421885 5
-0.421129 -1.047375 -0.417571 5
-0.442951 -1.066622 -0.421095 5
-0.466661 -1.079113 -0.423386 5
-0.504821 -1.047174 -0.417468 5
-0.542679 -1.018674 -0.412205 5
-0.585797 -0.977399 -0.404597 5
-0.673091 -0.816502 -0.374862 7
-0.700373 -0.827366 -0.376953 7
-0.728203 -0.836738 -0.378789 7
-0.769006 -0.813178 -0.374551 7
-0.814794 -0.779189 -0.368408 7
-0.823333 -0.837164 -0.379298 7
-0.840801 -0.871749 -0.385880 7
-0.884428 -0.845522 -0.381242 7
-0.919167 -0.840956 -0.380631 7
-0.937294 -0.873152 -0.386831 7
-0.990664 -0.830016 -0.379149 7
-1.015883 -0.847513 -0.382681 7
-1.084763 -0.777131 -0.370037 7
-1.090276 -0.834902 -0.381038 7
-1.140594 -0.804854 -0.375888 7
-1.170878 -0.814286 -0.378031 7
-1.207584 -0.812201 -0.378082 7
-1.238359 -0.821453 -0.380241 7
-1.356495 -0.678432 -0.354497 7
1.307844 -0.835479 -0.386845 7
1.291560 -0.792411 -0.377710 7
1.244340 -0.844424 -0.385967 7
1.226583 -0.804628 -0.377448 7
1.213740 -0.745969 -0.365451 7
1.161316 -0.822044 -0.378262 7
1.128880 -0.831889 -0.378925 7
1.101011 -0.825829 -0.376675 7
1.079978 -0.792975 -0.369471 7
1.051211 -0.789563 -0.367737 7
1.007417 -0.850653 -0.378038 7
0.991986 -0.791088 -0.365887 7
0.959485 -0.806339 -0.367704 7
0.933997 -0.789173 -0.363479 7
0.898539 -0.822366 -0.368715 7
0.867771 -0.834148 -0.369969 7
0.845107 -0.801017 -0.362790 7
0.812993 -0.822318 -0.365880 7
0.791817 -0.775471 -0.356122 7
0.758760 -0.805689 -0.360945 7
0.724900 -0.846993 -0.367907 7
0.701549 -0.810201 -0.360081 7
0.669535 -0.843975 -0.365674 7
0.637076 -0.889044 -0.373457 7
0.607401 -0.914391 -0.377520 7
0.563565 -1.115342 -0.415165 5
0.536276 -1.146387 -0.420427 5
0.513016 -1.124585 -0.415596 5
0.486704 -1.151602 -0.420135 5
0.463745 -1.115679 -0.412613 5
0.437623 -1.151130 -0.418816 5
0.413657 -1.128470 -0.413860 5
0.389186 -1.110468 -0.409807 5
0.364357 -1.094509 -0.406156 5
0.339512 -1.145705 -0.415489 5
0.314023 -1.081211 -0.402478 5
0.288894 -1.084784 -0.402637 5
0.263381 -1.075287 -0.400278 5
0.237801 -1.068962 -0.398546 5
0.214704 -1.111915 -0.406398 5
0.188154 -1.087294 -0.401142 5
0.159899 -1.046368 -0.392719 5
0.133538 -1.038475 -0.390730 5
0.108310 -1.044933 -0.391551 5
0.084816 -1.067515 -0.395534 5
0.054419 -1.025200 -0.386867 5
0.031494 -1.051256 -0.391562 5
0.006488 -1.058132 -0.392528 5
-0.023932 -1.026459 -0.385967 5
-0.050522 -1.024553 -0.385241 5
-0.077925 -1.018349 -0.383687 5
-0.098141 -1.055049 -0.390558 5
-0.122952 -1.062980 -0.391808 5
-0.149094 -1.063636 -0.391647 5
-0.170565 -1.087743 -0.396106 5
-0.195367 -1.094375 -0.397150 5
-0.226485 -1.072565 -0.392617 5
-0.250392 -1.084047 -0.394644 5
-0.276569 -1.085726 -0.394758 5
-0.303511 -1.084737 -0.394362 5
-0.331635 -1.079846 -0.393211 5
-0.357677 -1.083383 -0.393735 5
-0.386199 -1.078467 -0.392608 5
-0.410413 -1.088943 -0.394530 5
-0.445751 -1.062928 -0.389273 5
-0.469586 -1.075398 -0.391618 5
-0.506260 -1.048444 -0.386203 5
-0.537524 -1.039675 -0.384389 5
-0.573421 -1.018731 -0.380187 5
-0.666765 -0.840442 -0.344952 7
-0.696081 -0.845378 -0.345886 7
-0.736939 -0.820474 -0.340949 7
-0.761783 -0.838163 -0.344435 7
-0.793636 -0.838171 -0.344449 7
-0.835453 -0.814873 -0.339882 7
-0.854725 -0.846017 -0.346077 7
-0.898748 -0.819880 -0.340987 7
-0.925059 -0.834896 -0.344036 7
-0.963320 -0.823974 -0.341987 7
-1.007614 -0.801514 -0.337682 7
-1.022698 -0.840711 -0.345555 7
-1.078090 -0.797927 -0.337285 7
-1.095903 -0.831261 -0.344038 7
-1.149827 -0.794741 -0.337049 7
-1.174408 -0.815260 -0.341316 7
-1.182382 -0.865752 -0.351499 7
-1.256236 -0.797301 -0.338299 7
1.291770 -0.893223 -0.363939 7
1.302200 -0.770834 -0.338971 7
1.259117 -0.808628 -0.345169 7
1.231535 -0.799315 -0.342211 7
1.195014 -0.819961 -0.345134 7
1.170974 -0.799191 -0.339966 7
1.133854 -0.824735 -0.343907 7
1.114241 -0.787022 -0.335427 7
1.088218 -0.771878 -0.331393 7
1.056733 -0.778299 -0.331630 7
1.015551 -0.827145 -0.340292 7
0.989256 -0.814724 -0.336852 7
0.961436 -0.808783 -0.334709 7
0.939214 -0.775383 -0.327113 7
0.908344 -0.783611 -0.327814 7
0.877886 -0.791063 -0.328381 7
0.844127 -0.818923 -0.333053 7
0.815346 -0.820354 -0.332465 7
0.791166 -0.792586 -0.326034 7
0.760330 -0.807812 -0.328243 7
0.729582 -0.825197 -0.330911 7
0.708869 -0.764867 -0.317944 7
0.675180 -0.808507 -0.325939 7
0.646818 -0.809785 -0.325413 7
0.597893 -1.030417 -0.369288 5
0.563895 -1.126086 -0.387976 5
0.543249 -1.068074 -0.375551 5
0.516376 -1.089364 -0.379218 5
0.488282 -1.141157 -0.389111 5
0.463665 -1.138637 -0.387984 5
0.438499 -1.150879 -0.389877 5
0.414896 -1.111259 -0.381205 5
0.389641 -1.128963 -0.384239 5
0.364874 -1.122465 -0.382342 5
0.339982 -1.116599 -0.380585 5
0.314897 -1.105455 -0.377755 5
0.290019 -1.112607 -0.378686 5
0.264949 -1.110243 -0.377678 5
0.239074 -1.090811 -0.373172 5
0.213520 -1.085018 -0.371477 5
0.188593 -1.091416 -0.372302 5
0.130881 -0.647113 -0.280225 7
0.105307 -0.697173 -0.290006 7
0.075153 -0.687675 -0.287518 7
0.041669 -0.648078 -0.278819 7
0.011523 -0.645650 -0.277809 7
-0.018463 -0.645452 -0.277273 7
-0.043418 -0.683809 -0.284739 7
-0.079310 -0.640533 -0.275303 7
-0.110771 -0.632548 -0.273191 7
-0.130915 -0.695732 -0.285867 7
-0.114423 -0.964363 -0.341262 5
-0.128529 -1.036312 -0.355851 5
-0.155835 -1.032732 -0.354757 5
-0.180344 -1.043772 -0.356717 5
-0.199242 -1.080544 -0.364051 5
-0.218110 -1.114561 -0.370832 5
-0.251660 -1.083272 -0.364013 5
-0.280034 -1.076307 -0.362273 5
-0.296397 -1.117575 -0.370612 5
-0.325976 -1.106213 -0.367979 5
-0.364081 -1.065264 -0.359173 5
-0.395451 -1.051364 -0.356025 5
-0.419939 -1.062150 -0.358049 5
-0.449481 -1.056251 -0.356596 5
-0.482448 -1.040490 -0.353090 5
-0.503320 -1.063044 -0.357615 5
-0.562210 -0.972802 -0.338531 5
-0.581269 -1.002252 -0.344523 5
-0.613052 -0.995280 -0.342899 5
-0.699795 -0.841867 -0.310588 7
-0.731358 -0.841593 -0.310384 7
-0.759580 -0.850362 -0.312091 7
-0.800880 -0.827062 -0.307084 7
-0.818835 -0.861458 -0.314195 7
-0.854531 -0.853304 -0.312393 7
-0.896899 -0.831048 -0.307645 7
-0.951055 -0.784506 -0.297813 7
-0.978854 -0.797658 -0.300524 7
-1.009799 -0.804174 -0.301856 7
-1.025305 -0.842593 -0.309902 7
-1.072123 -0.817245 -0.304576 7
-1.102807 -0.825187 -0.306253 7
-1.146666 -0.808311 -0.302736 7
-1.164090 -0.842020 -0.309854 7
-1.192808 -0.854317 -0.312492 7
-1.240882 -0.832334 -0.307951 7
1.294897 -0.894379 -0.330592 7
1.289788 -0.819166 -0.313996 7
1.259072 -0.819478 -0.313006 7
1.236098 -0.795353 -0.306962 7
1.189839 -0.848058 -0.316888 7
1.157350 -0.857407 -0.317840 7
1.142584 -0.804148 -0.305758 7
1.113057 -0.802557 -0.304448 7
1.085094 -0.795303 -0.301968 7
1.056027 -0.792481 -0.300428 7
1.020608 -0.816921 -0.304623 7
0.993060 -0.809241 -0.302097 7
0.972050 -0.771008 -0.293148 7
0.930828 -0.828115 -0.304292 7
0.907885 -0.797924 -0.297052 7
0.878334 -0.800741 -0.296787 7
0.853158 -0.779376 -0.291417 7
0.818360 -0.814446 -0.298015 7
0.789540 -0.815924 -0.297513 7
0.764311 -0.793284 -0.291898 7
0.735294 -0.796001 -0.291681 7
0.705226 -0.808160 -0.293492 7
0.679435 -0.785608 -0.287913 7
0.648559 -0.807975 -0.291932 7
0.596587 -1.058562 -0.344803 5
0.571597 -1.049743 -0.342249 5
0.541419 -1.108442 -0.354180 5
0.517307 -1.092095 -0.350038 5
0.490247 -1.123901 -0.356250 5
0.466558 -1.095591 -0.349550 5
0.441665 -1.086068 -0.346895 5
0.415514 -1.118947 -0.353389 5
0.390862 -1.098229 -0.348337 5
0.365477 -1.133764 -0.355442 5
0.340608 -1.123170 -0.352594 5
0.315833 -1.134758 -0.354553 5
0.291211 -1.143560 -0.355923 5
0.265737 -1.122124 -0.350746 5
0.238308 -1.065698 -0.337970 5
0.214045 -1.090171 -0.342765 5
0.162616 -0.676415 -0.252233 7
0.134206 -0.690973 -0.254821 7
0.107099 -0.718314 -0.260212 7
0.071838 -0.652371 -0.245273 7
0.047075 -0.701984 -0.255549 7
0.010321 -0.636858 -0.240782 7
-0.018196 -0.650065 -0.243132 7
-0.043896 -0.683062 -0.249829 7
-0.071601 -0.697905 -0.252570 7
-0.107576 -0.657146 -0.243138 7
-0.131094 -0.698533 -0.251723 7
-0.167318 -0.662103 -0.243248 7
-0.199930 -0.649997 -0.240114 7
-0.151598 -1.058783 -0.329518 5
-0.171405 -1.092002 -0.336432 5
-0.201545 -1.074145 -0.332120 5
-0.220538 -1.108186 -0.339244 5
-0.257460 -1.063175 -0.328960 5
-0.277086 -1.093162 -0.335215 5
-0.299035 -1.112080 -0.339043 5
-0.326059 -1.110884 -0.338442 5
-0.366221 -1.062681 -0.327462 5
-0.395455 -1.056651 -0.325803 5
-0.417143 -1.076927 -0.329970 5
-0.458314 -1.033061 -0.319953 5
-0.494931 -1.006950 -0.313866 5
-0.510268 -1.047617 -0.322577 5
-0.537583 -1.051035 -0.323049 5
-0.569767 -1.040916 -0.320528 5
-0.611004 -1.006972 -0.312727 5
-0.714330 -0.809454 -0.268618 7
-0.737062 -0.833333 -0.273646 7
-0.779681 -0.806250 -0.267367 7
-0.815491 -0.797966 -0.265270 7
-0.827526 -0.847463 -0.276028 7
-0.869531 -0.825310 -0.270868 7
-0.905092 -0.819489 -0.269348 7
-0.943287 -0.808774 -0.266747 7
-0.978607 -0.805387 -0.265786 7
-1.011197 -0.808503 -0.266284 7
-1.051212 -0.796934 -0.263520 7
-1.073287 -0.822294 -0.268994 7
-1.111178 -0.816330 -0.267499 7
-1.147373 -0.814507 -0.266938 7
-1.179999 -0.820034 -0.268026 7
-1.224054 -0.805254 -0.264595 7
-1.263677 -0.799652 -0.263222 7
1.299524 -0.891205 -0.296155 7
1.300325 -0.798068 -0.274820 7
1.253820 -0.846511 -0.284480 7
1.231479 -0.821052 -0.277957 7
1.195042 -0.841373 -0.281499 7
1.159175 -0.861792 -0.285088 7
1.133000 -0.849530 -0.281495 7
1.115450 -0.804679 -0.270708 7
1.082819 -0.815301 -0.272175 7
1.055568 -0.805611 -0.269162 7
1.024281 -0.812680 -0.269872 7
1.000112 -0.789517 -0.263883 7
0.968908 -0.797254 -0.264764 7
0.935673 -0.816194 -0.268155 7
0.907073 -0.813977 -0.266851 7
0.882542 -0.790125 -0.260726 7
0.848416 -0.818796 -0.266338 7
0.826918 -0.775088 -0.255779 7
0.795452 -0.790515 -0.258455 7
0.764845 -0.802708 -0.260424 7
0.735411 -0.808581 -0.260991 7
0.706451 -0.812159 -0.261054 7
0.684136 -0.759134 -0.248386 7
0.622056 -1.075064 -0.318848 5
0.597799 -1.059995 -0.314801 5
0.569409 -1.090430 -0.321032 5
0.545400 -1.071200 -0.316056 5
0.521977 -1.037675 -0.307844 5
0.492814 -1.096165 -0.320472 5
0.469032 -1.062540 -0.312242 5
0.442855 -1.077897 -0.315125 5
0.416852 -1.098770 -0.319276 5
0.391169 -1.125960 -0.324881 5
0.366376 -1.096458 -0.317595 5
0.341099 -1.093131 -0.316269 5
0.316001 -1.108168 -0.319138 5
0.290911 -1.111238 -0.319288 5
0.266989 -1.147999 -0.327147 5
0.239667 -1.089599 -0.313254 5
0.214326 -1.090708 -0.312973 5
0.163673 -0.689886 -0.220565 7
0.135324 -0.704608 -0.223338 7
0.104326 -0.684314 -0.218083 7
0.070998 -0.643769 -0.208173 7
0.046834 -0.700859 -0.220712 7
0.015111 -0.681275 -0.215629 7
-0.019440 -0.642356 -0.206090 7
-0.046451 -0.666680 -0.211127 7
-0.078044 -0.656022 -0.208107 7
-0.107844 -0.659046 -0.208249 7
-0.138408 -0.657553 -0.207355 7
-0.178415 -0.602219 -0.194011 7
-0.197406 -0.668271 -0.208757 7
-0.226420 -0.676104 -0.210044 7
-0.174327 -1.081867 -0.303607 5
-0.201414 -1.079159 -0.302534 5
-0.224667 -1.094271 -0.305604 5
-0.240847 -1.138675 -0.315491 5
-0.268789 -1.131798 -0.313472 5
-0.293089 -1.140218 -0.315017 5
-0.331666 -1.094799 -0.304031 5
-0.360085 -1.090051 -0.302513 5
-0.385110 -1.097964 -0.303952 5
-0.432191 -1.031791 -0.288110 5
-0.461743 -1.027505 -0.286703 5
-0.487018 -1.037410 -0.288616 5
-0.518912 -1.027150 -0.285822 5
-0.531587 -1.074375 -0.296479 5
-0.561479 -1.070313 -0.295149 5
-0.604568 -1.030713 -0.285497 5
-0.629790 -1.041693 -0.287695 5
-0.742277 -0.826412 -0.236835 7
-0.775777 -0.822816 -0.235597 7
-0.803678 -0.833714 -0.237765 7
-0.845390 -0.811733 -0.232218 7
-0.885431 -0.795402 -0.227998 7
-0.923165 -0.785739 -0.225347 7
-0.951015 -0.798911 -0.228073 7
-0.974878 -0.820571 -0.232807 7
-1.013666 -0.810614 -0.230102 7
-1.054128 -0.798366 -0.226860 7
-1.069149 -0.837892 -0.235831 7
-1.109920 -0.826234 -0.232740 7
-1.144542 -0.827409 -0.232680 7
-1.164723 -0.855891 -0.239076 7
-1.204463 -0.848374 -0.236976 7
-1.231373 -0.864514 -0.240474 7
-1.296376 -0.814819 -0.228408 7
1.301434 -0.896005 -0.263300 7
1.298759 -0.813501 -0.243388 7
1.268740 -0.810827 -0.241914 7
1.224842 -0.853092 -0.250863 7
1.193193 -0.858236 -0.251233 7
1.167210 -0.844805 -0.247299 7
1.139945 -0.835503 -0.244327 7
1.114603 -0.818888 -0.239655 7
1.084251 -0.820864 -0.239317 7
1.052787 -0.828054 -0.240207 7
1.022264 -0.832474 -0.240462 7
0.996683 -0.816118 -0.235864 7
0.967349 -0.816056 -0.235084 7
0.928882 -0.860734 -0.244805 7
0.910987 -0.805902 -0.231190 7
0.878679 -0.822996 -0.234463 7
0.850856 -0.817148 -0.232352 7
0.820327 -0.827444 -0.234049 7
0.798292 -0.785111 -0.223345 7
0.768286 -0.792165 -0.224287 7
0.737614 -0.805734 -0.226779 7
0.712293 -0.779429 -0.219850 7
0.680401 -0.805959 -0.225428 7
0.624229 -1.067944 -0.286849 5
0.596853 -1.084047 -0.290047 5
0.571764 -1.077710 -0.287926 5
0.547409 -1.060529 -0.283229 5
0.520839 -1.072319 -0.285425 5
0.494962 -1.076408 -0.285797 5
0.470434 -1.053464 -0.279728 5
0.443190 -1.093687 -0.288733 5
0.417967 -1.087728 -0.286726 5
0.392042 -1.118186 -0.293430 5
0.366843 -1.130072 -0.295706 5
0.341731 -1.098789 -0.287647 5
0.316293 -1.089771 -0.284918 5
0.291422 -1.113195 -0.289978 5
0.266235 -1.113514 -0.289500 5
0.242129 -1.139228 -0.295133 5
0.191359 -0.652277 -0.177370 7
0.163929 -0.690622 -0.185967 7
0.133790 -0.681813 -0.183212 7
0.104195 -0.682229 -0.182685 7
0.076320 -0.701613 -0.186743 7
0.043219 -0.666896 -0.177733 7
0.016701 -0.697253 -0.184459 7
-0.014936 -0.681497 -0.180033 7
-0.046280 -0.670868 -0.176847 7
-0.077280 -0.664684 -0.174738 7
-0.104794 -0.682639 -0.178491 7
-0.135997 -0.676308 -0.176353 7
-0.167700 -0.668377 -0.173825 7
-0.197650 -0.671431 -0.173972 7
-0.226088 -0.682524 -0.176081 7
-0.258584 -0.673165 -0.173211 7
-0.282465 -0.705455 -0.180502 7
-0.218315 -1.127072 -0.282880 5
-0.243437 -1.132248 -0.283651 5
-0.269529 -1.133518 -0.283471 5
-0.305210 -1.097715 -0.274218 5
-0.332291 -1.097490 -0.273669 5
-0.363463 -1.083019 -0.269629 5
-0.388586 -1.091127 -0.271125 5
-0.430710 -1.042225 -0.258628 5
-0.466370 -1.018128 -0.252209 5
-0.489285 -1.035979 -0.256098 5
-0.516207 -1.041077 -0.256857 5
-0.541908 -1.049944 -0.258547 5
-0.562269 -1.073907 -0.263964 5
-0.591611 -1.072279 -0.263077 5
-0.640049 -1.020422 -0.249791 5
-0.675250 -1.006347 -0.245822 5
-0.790269 -0.793135 -0.192613 7
-0.822490 -0.794555 -0.192432 7
-0.852744 -0.801174 -0.193539 7
-0.896460 -0.776935 -0.187003 7
-0.909031 -0.824660 -0.198304 7
-0.945760 -0.817590 -0.196026 7
-0.987965 -0.799802 -0.191083 7
-0.996513 -0.853613 -0.203930 7
-1.054914 -0.804157 -0.191112 7
-1.069939 -0.843685 -0.200425 7
-1.123656 -0.807127 -0.190800 7
-1.136979 -0.849225 -0.200769 7
-1.180471 -0.834368 -0.196545 7
-1.231388 -0.807466 -0.189309 7
-1.254377 -0.831643 -0.194824 7
-1.296759 -0.822019 -0.191896 7
1.319454 -0.854192 -0.219037 7
1.305347 -0.804504 -0.206192 7
1.261546 -0.843807 -0.215016 7
1.229391 -0.849185 -0.215590 7
1.212062 -0.806431 -0.204416 7
1.171062 -0.842364 -0.212465 7
1.138154 -0.852768 -0.214290 7
1.112234 -0.838680 -0.210124 7
1.082950 -0.836971 -0.208993 7
1.055078 -0.830016 -0.206577 7
1.024905 -0.832651 -0.206520 7
0.999374 -0.815749 -0.201662 7
0.975420 -0.790559 -0.194759 7
0.938484 -0.825978 -0.202789 7
0.905102 -0.847631 -0.207444 7
0.882070 -0.816867 -0.199166 7
0.856041 -0.800053 -0.194326 7
0.830989 -0.775878 -0.187661 7
0.797237 -0.804712 -0.194118 7
0.769675 -0.795809 -0.191236 7
0.735757 -0.832773 -0.199737 7
0.712329 -0.793094 -0.189218 7
0.659269 -1.002115 -0.240524 5
0.626752 -1.057672 -0.253735 5
0.597775 -1.088490 -0.260811 5
0.570642 -1.105553 -0.264474 5
0.548404 -1.063365 -0.253360 5
0.520646 -1.092316 -0.260000 5
0.497508 -1.049964 -0.248826 5
0.470146 -1.081064 -0.256018 5
0.445521 -1.054541 -0.248791 5
0.419004 -1.080065 -0.254603 5
0.392965 -1.107935 -0.261017 5
0.367750 -1.095926 -0.257429 5
0.342398 -1.115033 -0.261659 5
0.317007 -1.102683 -0.257985 5
0.292580 -1.143127 -0.267600 5
0.266915 -1.122120 -0.261747 5
0.223422 -0.695883 -0.153656 7
0.194881 -0.713266 -0.157389 7
0.164360 -0.694137 -0.151903 7
0.133684 -0.678619 -0.147323 7
0.104087 -0.680402 -0.147117 7
0.074397 -0.681342 -0.146698 7
0.047599 -0.710755 -0.153501 7
0.013535 -0.671070 -0.142779 7
-0.018056 -0.658543 -0.138939 7
-0.044736 -0.685391 -0.145104 7
-0.074056 -0.690535 -0.145759 7
-0.101724 -0.706330 -0.149128 7
-0.140196 -0.654573 -0.135283 7
-0.169434 -0.662646 -0.136681 7
-0.196090 -0.684423 -0.141581 7
-0.228053 -0.677109 -0.139054 7
-0.259151 -0.675321 -0.137937 7
-0.294775 -0.653192 -0.131611 7
-0.326353 -0.651641 -0.130547 7
-0.350785 -0.681139 -0.137444 7
-0.272226 -1.127300 -0.251306 5
-0.302715 -1.112374 -0.246906 5
-0.334280 -1.095094 -0.241893 5
-0.354333 -1.121070 -0.248004 5
-0.402191 -1.049238 -0.228930 5
-0.419881 -1.083886 -0.237274 5
-0.446954 -1.086367 -0.237332 5
-0.494147 -1.026499 -0.221286 5
-0.507151 -1.074114 -0.232994 5
-0.544882 -1.047085 -0.225410 5
-0.588273 -1.006283 -0.214244 5
-0.591551 -1.078367 -0.232316 5
-0.621834 -1.074942 -0.230830 5
-0.664581 -1.040097 -0.221181 5
-0.781987 -0.820701 -0.163552 7
-0.830862 -0.781054 -0.152572 7
-0.862501 -0.785012 -0.152923 7
-0.864798 -0.857011 -0.171003 7
-0.902945 -0.845368 -0.167297 7
-0.956565 -0.801110 -0.155066 7
-0.985090 -0.813188 -0.157531 7
-1.011180 -0.830348 -0.161327 7
-1.044297 -0.833062 -0.161345 7
-1.085408 -0.820478 -0.157351 7
-1.117790 -0.825980 -0.158089 7
-1.142267 -0.846763 -0.162837 7
-1.174872 -0.852280 -0.163578 7
-1.216928 -0.841215 -0.159954 7
-1.256276 -0.836072 -0.157878 7
-1.287930 -0.845047 -0.159515 7
1.307991 -0.897780 -0.195364 7
1.310787 -0.799055 -0.169475 7
1.267351 -0.836582 -0.178433 7
1.237945 -0.832614 -0.176775 7
1.202892 -0.847567 -0.179971 7
1.171312 -0.852320 -0.180557 7
1.140803 -0.854203 -0.180409 7
1.114737 -0.840415 -0.176233 7
1.087204 -0.831701 -0.173359 7
1.054429 -0.843785 -0.175841 7
1.028757 -0.827838 -0.171101 7
0.994779 -0.847250 -0.175481 7
0.974819 -0.804983 -0.163938 7
0.944889 -0.806914 -0.163804 7
0.906257 -0.853543 -0.175237 7
0.884374 -0.816651 -0.165062 7
0.854569 -0.820665 -0.165474 7
0.821034 -0.848011 -0.171941 7
0.802475 -0.784186 -0.154748 7
0.766711 -0.829093 -0.165783 7
0.739572 -0.818215 -0.162329 7
0.713192 -0.800180 -0.157007 7
0.657615 -1.029600 -0.216146 5
0.627307 -1.066022 -0.225062 5
0.601423 -1.064770 -0.224162 5
0.574048 -1.080931 -0.227809 5
0.545391 -1.118534 -0.237068 5
0.523020 -1.073670 -0.224766 5
0.496066 -1.094318 -0.229599 5
0.471801 -1.066782 -0.221812 5
0.444445 -1.108884 -0.232278 5
0.420984 -1.037675 -0.213015 5
0.393812 -1.102762 -0.229530 5
0.368717 -1.056250 -0.216726 5
0.342875 -1.069209 -0.219552 5
0.317239 -1.078545 -0.221428 5
0.287759 -0.912062 -0.176952 7
0.254399 -0.728819 -0.127977 7
0.223072 -0.678843 -0.114113 7
0.193794 -0.687090 -0.115613 7
0.163838 -0.682440 -0.113703 7
0.135627 -0.703567 -0.118613 7
0.102950 -0.666153 -0.108016 7
0.074327 -0.681046 -0.111274 7
0.048106 -0.716919 -0.120105 7
0.013097 -0.669096 -0.106711 7
-0.015095 -0.685084 -0.110262 7
-0.044170 -0.692550 -0.111548 7
-0.074353 -0.691766 -0.110637 7
-0.100112 -0.720478 -0.117587 7
-0.135996 -0.684264 -0.107218 7
-0.170103 -0.663082 -0.100843 7
-0.192833 -0.706620 -0.111760 7
-0.229717 -0.673291 -0.102121 7
-0.260574 -0.673322 -0.101398 7
-0.289636 -0.682263 -0.103060 7
-0.324567 -0.664918 -0.097667 7
-0.354054 -0.672750 -0.099023 7
-0.277911 -1.109010 -0.215568 5
-0.306058 -1.104295 -0.213654 5
-0.334243 -1.100304 -0.211928 5
-0.367487 -1.078940 -0.205510 5
-0.401020 -1.058667 -0.199371 5
-0.419907 -1.089204 -0.206943 5
-0.443571 -1.102748 -0.209930 5
-0.473582 -1.096154 -0.207468 5
-0.502474 -1.093874 -0.206166 5
-0.536911 -1.076122 -0.200660 5
-0.572582 -1.056525 -0.194639 5
-0.612359 -1.027440 -0.186021 5
-0.629393 -1.060919 -0.194401 5
-0.662086 -1.052691 -0.191435 5
-0.694066 -1.047262 -0.189220 5
-0.821100 -0.811720 -0.124202 7
-0.836342 -0.853847 -0.134891 7
-0.874867 -0.840774 -0.130502 7
-0.904495 -0.848918 -0.131905 7
-0.953181 -0.815697 -0.121968 7
-0.985752 -0.819032 -0.122031 7
-1.015079 -0.829554 -0.124061 7
-1.060764 -0.807139 -0.117031 7
-1.068296 -0.861667 -0.131158 7
-1.096987 -0.873520 -0.133548 7
-1.167504 -0.806885 -0.114280 7
-1.181582 -0.847559 -0.124600 7
-1.221950 -0.839907 -0.121571 7
-1.282609 -0.797724 -0.108965 7
-1.307646 -0.819115 -0.113942 7
-1.315825 -0.868478 -0.126684 7
1.313108 -0.893467 -0.159724 7
1.317693 -0.789363 -0.131267 7
1.256089 -0.881818 -0.155543 7
1.234524 -0.854228 -0.147598 7
1.201379 -0.863293 -0.149496 7
1.177077 -0.843478 -0.143626 7
1.147149 -0.842620 -0.142851 7
1.121135 -0.827892 -0.138335 7
1.091003 -0.828275 -0.137887 7
1.062082 -0.824439 -0.136298 7
1.033843 -0.817998 -0.134002 7
0.992397 -0.868945 -0.147209 7
0.973450 -0.822854 -0.134192 7
0.942878 -0.828299 -0.135101 7
0.917669 -0.807909 -0.129013 7
0.886258 -0.818727 -0.131372 7
0.856799 -0.820412 -0.131256 7
0.828283 -0.817246 -0.129820 7
0.796858 -0.832654 -0.133426 7
0.774758 -0.787621 -0.120605 7
0.739242 -0.833999 -0.132630 7
0.717402 -0.781021 -0.117620 7
0.658339 -1.036617 -0.186662 5
0.627168 -1.080830 -0.198167 5
0.598422 -1.109766 -0.205519 5
0.575172 -1.082843 -0.197625 5
0.546604 -1.118341 -0.206777 5
0.521310 -1.116182 -0.205640 5
0.495201 -1.128039 -0.208335 5
0.470068 -1.124728 -0.206877 5
0.446190 -1.086405 -0.195813 5
0.421098 -1.065121 -0.189404 5
0.395269 -1.062605 -0.188136 5
0.369185 -1.089090 -0.194834 5
0.343556 -1.088348 -0.194050 5
0.313017 -0.702897 -0.087349 7
0.282558 -0.660353 -0.074949 7
0.253999 -0.702445 -0.085864 7
0.225515 -0.727108 -0.091983 7
0.195551 -0.714800 -0.087895 7
0.164925 -0.696376 -0.082105 7
0.132083 -0.653072 -0.069415 7
0.107330 -0.718566 -0.086831 7
0.074696 -0.685478 -0.076946 7
0.047235 -0.709693 -0.082936 7
0.016694 -0.702850 -0.080308 7
-0.012194 -0.711104 -0.081865 7
-0.043521 -0.700337 -0.078129 7
-0.077061 -0.676199 -0.070658 7
-0.103844 -0.699813 -0.076475 7
-0.144573 -0.635896 -0.057880 7
-0.163138 -0.707394 -0.077054 7
-0.199492 -0.674991 -0.067220 7
-0.229088 -0.681286 -0.068187 7
-0.261804 -0.672299 -0.064870 7
-0.292801 -0.672723 -0.064177 7
-0.318882 -0.695436 -0.069730 7
-0.350960 -0.691341 -0.067758 7
-0.388614 -0.665589 -0.059686 7
-0.294552 -1.153924 -0.196255 5
-0.334338 -1.105031 -0.181765 5
-0.349876 -1.147316 -0.192948 5
-0.391637 -1.096438 -0.177851 5
-0.419604 -1.095624 -0.176862 5
-0.442958 -1.110196 -0.180216 5
-0.475507 -1.095765 -0.175356 5
-0.508557 -1.081299 -0.170469 5
-0.540832 -1.070536 -0.166614 5
-0.566802 -1.078706 -0.168122 5
-0.597366 -1.074386 -0.166072 5
-0.634284 -1.054056 -0.159451 5
-0.663854 -1.054321 -0.158676 5
-0.690835 -1.061573 -0.159885 5
-0.818785 -0.824231 -0.091200 7
-0.856841 -0.812397 -0.086853 7
-0.883557 -0.827824 -0.090293 7
-0.930429 -0.798044 -0.080767 7
-0.964662 -0.797924 -0.079722 7
-0.973729 -0.851781 -0.094180 7
-1.013063 -0.841031 -0.090066 7
-1.058625 -0.818894 -0.082649 7
-1.093048 -0.820377 -0.082015 7
-1.111369 -0.853338 -0.090464 7
-1.154940 -0.838094 -0.084973 7
-1.188919 -0.841768 -0.084936 7
-1.241214 -0.813198 -0.075531 7
-1.269599 -0.828370 -0.078793 7
-1.313209 -0.817549 -0.074488 7
-1.346574 -0.825008 -0.075481 7
1.313048 -0.813957 -0.102217 7
1.268492 -0.854481 -0.113167 7
1.232431 -0.871548 -0.117530 7
1.194725 -0.895795 -0.123912 7
1.179838 -0.844967 -0.109166 7
1.146618 -0.855416 -0.111654 7
1.119810 -0.843797 -0.107922 7
1.094225 -0.827145 -0.102762 7
1.059615 -0.845469 -0.107457 7
1.031900 -0.837413 -0.104706 7
1.005692 -0.822664 -0.100055 7
0.971071 -0.845233 -0.105941 7
0.947143 -0.819706 -0.098227 7
0.909524 -0.860634 -0.109303 7
0.882500 -0.850652 -0.105972 7
0.857838 -0.826885 -0.098726 7
0.828164 -0.830466 -0.099218 7
0.800801 -0.820501 -0.095863 7
0.774627 -0.801703 -0.089989 7
0.742052 -0.827000 -0.096629 7
0.713697 -0.823925 -0.095206 7
0.654312 -1.083926 -0.168615 5
0.624622 -1.117895 -0.177775 5
0.599158 -1.116150 -0.176767 5
0.575333 -1.095813 -0.170452 5
0.548241 -1.112795 -0.174769 5
0.525775 -1.066886 -0.161132 5
0.498648 -1.086463 -0.166179 5
0.473014 -1.083415 -0.164758 5
0.447574 -1.074126 -0.161544 5
0.421156 -1.094140 -0.166710 5
0.396190 -1.054705 -0.154841 5
0.372730 -0.710402 -0.055510 7
0.343223 -0.702803 -0.052660 7
0.313639 -0.701622 -0.051642 7
0.283422 -0.673826 -0.042963 7
0.253317 -0.667092 -0.040323 7
0.225511 -0.718073 -0.054290 7
0.195757 -0.713065 -0.052137 7
0.165519 -0.702454 -0.048356 7
0.133082 -0.665031 -0.036821 7
0.104675 -0.685963 -0.042119 7
0.068011 -0.613913 -0.020527 7
0.040924 -0.649615 -0.030078 7
0.014513 -0.685460 -0.039679 7
-0.010652 -0.726070 -0.050671 7
-0.042398 -0.711681 -0.045711 7
-0.070539 -0.724989 -0.048779 7
-0.104889 -0.696699 -0.039748 7
-0.143440 -0.646882 -0.024424 7
-0.164888 -0.701617 -0.039523 7
-0.203731 -0.656591 -0.025548 7
-0.232134 -0.670443 -0.028723 7
-0.257878 -0.696411 -0.035435 7
-0.287244 -0.703657 -0.036674 7
-0.324447 -0.676171 -0.027735 7
-0.352801 -0.689062 -0.030603 7
-0.379598 -0.707721 -0.035159 7
-0.417610 -0.681961 -0.026665 7
-0.324210 -1.147811 -0.162710 5
-0.356368 -1.129203 -0.156421 5
-0.387304 -1.116689 -0.151904 5
-0.409018 -1.136202 -0.156817 5
-0.443643 -1.113487 -0.149257 5
-0.475280 -1.102074 -0.145011 5
-0.493742 -1.131373 -0.152798 5
-0.536799 -1.088053 -0.139067 5
-0.569932 -1.075823 -0.134518 5
-0.604689 -1.060457 -0.129014 5
-0.634801 -1.058806 -0.127566 5
-0.667086 -1.052231 -0.124635 5
-0.688994 -1.072401 -0.129661 5
-0.819327 -0.829818 -0.056214 7
-0.852076 -0.830607 -0.055342 7
-0.888200 -0.824245 -0.052311 7
-0.931306 -0.803287 -0.044881 7
-0.941838 -0.854713 -0.059149 7
-0.976013 -0.854162 -0.057813 7
-1.031396 -0.810561 -0.043495 7
-1.051946 -0.839763 -0.051072 7
-1.087510 -0.838751 -0.049531 7
-1.113240 -0.857260 -0.053871 7
-1.161724 -0.833033 -0.045263 7
-1.201529 -0.826436 -0.041959 7
-1.226417 -0.847408 -0.047002 7
-1.285536 -0.808472 -0.033813 7
-1.323630 -0.807774 -0.032216 7
-1.349560 -0.828061 -0.036999 7
1.340399 -0.836511 -0.073266 7
1.335711 -0.758024 -0.049918 7
1.267583 -0.867933 -0.081848 7
1.243549 -0.847210 -0.075430 7
1.217623 -0.831762 -0.070548 7
1.177181 -0.864828 -0.079912 7
1.136977 -0.900141 -0.089936 7
1.125979 -0.832332 -0.069623 7
1.086178 -0.868834 -0.079982 7
1.054055 -0.878633 -0.082480 7
1.043730 -0.799944 -0.058902 7
0.999808 -0.859526 -0.076047 7
0.975728 -0.835729 -0.068612 7
0.948287 -0.826058 -0.065328 7
0.916093 -0.839643 -0.068897 7
0.892022 -0.812569 -0.060451 7
0.861033 -0.821401 -0.062598 7
0.827309 -0.847990 -0.069989 7
0.799676 -0.840344 -0.067250 7
0.773885 -0.819841 -0.060693 7
0.743106 -0.832800 -0.064030 7
0.718104 -0.803478 -0.054831 7
0.657689 -1.068389 -0.132873 5
0.630420 -1.077687 -0.135148 5
0.602518 -1.095845 -0.140048 5
0.576236 -1.100305 -0.140875 5
0.550796 -1.095653 -0.138986 5
0.524591 -1.101363 -0.140168 5
0.500207 -1.078185 -0.132742 5
0.474448 -1.074460 -0.131093 5
0.449669 -1.043469 -0.121303 5
0.422887 -1.062561 -0.126434 5
0.403445 -0.691835 -0.015161 7
0.373549 -0.709157 -0.019672 7
0.343980 -0.716405 -0.021167 7
0.314268 -0.700650 -0.015770 7
0.284312 -0.688571 -0.011454 7
0.254913 -0.701693 -0.014675 7
0.226961 -0.743227 -0.026414 7
0.194303 -0.679650 -0.006601 7
0.166450 -0.713899 -0.016141 7
0.134369 -0.680952 -0.005476 7
0.105821 -0.699299 -0.010222 7
0.075978 -0.700229 -0.009717 7
0.047800 -0.717690 -0.014185 7
0.016609 -0.705921 -0.009827 7
-0.016291 -0.682773 -0.002010 7
-0.047860 -0.673683 0.001582 7
-0.075925 -0.690827 -0.002748 7
-0.104468 -0.703133 -0.005607 7
-0.139209 -0.676727 0.003281 7
-0.168430 -0.685616 0.001485 7
-0.194078 -0.713396 -0.006043 7
-0.227664 -0.698146 -0.000483 7
-0.261716 -0.682736 0.005150 7
-0.284350 -0.722197 -0.005918 7
-0.324921 -0.679462 0.008088 7
-0.360732 -0.661164 0.014673 7
-0.382741 -0.700680 0.003605 7
-0.391584 -0.788447 -0.022248 7
-0.439240 -0.725676 -0.001999 7
-0.382209 -1.042108 -0.098065 5
-0.379181 -1.149919 -0.130242 5
-0.412190 -1.131055 -0.123514 5
-0.441908 -1.124539 -0.120559 5
-0.473209 -1.114091 -0.116371 5
-0.517123 -1.067181 -0.100899 5
-0.559899 -1.027109 -0.087488 5
-0.586836 -1.034432 -0.088699 5
-0.622307 -1.018695 -0.082750 5
-0.640907 -1.048861 -0.091017 5
-0.661691 -1.072237 -0.097181 5
-0.797311 -0.809824 -0.014395 7
-0.832532 -0.804880 -0.011608 7
-0.864771 -0.807819 -0.011256 7
-0.891111 -0.824687 -0.015238 7
-0.929854 -0.813728 -0.010501 7
-0.962494 -0.817173 -0.010247 7
-0.991909 -0.827879 -0.012251 7
-1.028866 -0.823185 -0.009399 7
-1.054899 -0.841266 -0.013691 7
-1.085609 -0.849969 -0.015016 7
-1.121299 -0.849402 -0.013395 7
-1.172894 -0.819882 -0.002583 7
-1.208938 -0.820709 -0.001333 7
-1.208585 -0.886882 -0.020808 7
-1.293813 -0.802049 0.007713 7
1.338594 -0.852349 -0.042152 7
1.346574 -0.737209 -0.006700 7
1.256760 -0.911415 -0.059821 7
1.226668 -0.910951 -0.059454 7
1.199884 -0.900284 -0.055948 7
1.177168 -0.875709 -0.048164 7
1.150003 -0.865389 -0.044733 7
1.117979 -0.872477 -0.046625 7
1.084404 -0.886572 -0.050655 7
1.064835 -0.847284 -0.038293 7
1.035186 -0.846543 -0.037742 7
1.002782 -0.858131 -0.040965 7
0.982139 -0.818488 -0.028437 7
0.948294 -0.837798 -0.034007 7
0.914501 -0.859418 -0.040279 7
0.885399 -0.859399 -0.039886 7
0.860551 -0.836390 -0.032405 7
0.829633 -0.846782 -0.035189 7
0.803203 -0.831029 -0.029908 7
0.771214 -0.850777 -0.035553 7
0.749011 -0.803867 -0.020632 7
0.712950 -0.857241 -0.036628 7
0.657401 -1.083857 -0.106117 5
0.628315 -1.110498 -0.113895 5
0.601083 -1.124368 -0.117723 5
0.575362 -1.124885 -0.117414 5
0.555226 -1.054964 -0.095294 5
0.527330 -1.078232 -0.101993 5
0.500675 -1.088810 -0.104757 5
0.476333 -1.056469 -0.094204 5
0.450694 -1.041517 -0.089020 5
0.422359 -1.112129 -0.110385 5
0.404609 -0.677560 0.025201 7
0.374284 -0.719153 0.012936 7
0.344723 -0.724205 0.012038 7
0.315115 -0.717306 0.014873 7
0.284533 -0.673110 0.029350 7
0.255338 -0.700166 0.021642 7
0.224034 -0.664918 0.033383 7
0.195459 -0.695904 0.024467 7
0.165428 -0.694085 0.025807 7
0.135002 -0.687877 0.028537 7
0.104807 -0.686501 0.029774 7
0.075341 -0.693831 0.028299 7
0.043150 -0.673805 0.035419 7
0.015639 -0.699277 0.028280 7
-0.015232 -0.693852 0.030855 7
-0.048420 -0.672475 0.038469 7
-0.082249 -0.650240 0.046384 7
-0.111415 -0.661783 0.043682 7
-0.139702 -0.677796 0.039581 7
-0.174972 -0.652531 0.048526 7
-0.205646 -0.655485 0.048584 7
-0.234229 -0.669386 0.045194 7
-0.271013 -0.642659 0.054688 7
-0.294714 -0.679501 0.044053 7
-0.335483 -0.638370 0.058177 7
-0.362373 -0.659862 0.052438 7
-0.367590 -0.767359 0.019326 7
-0.400657 -0.759075 0.023055 7
-0.427134 -0.776447 0.018624 7
-0.395506 -1.000109 -0.051707 5
-0.400289 -1.082766 -0.077089 5
-0.429839 -1.078093 -0.074547 5
-0.458594 -1.076805 -0.073067 5
-0.496574 -1.047696 -0.062632 5
-0.515789 -1.076967 -0.070924 5
-0.552131 -1.055496 -0.062882 5
-0.583635 -1.049426 -0.059765 5
-0.621795 -1.026255 -0.051099 5
-0.636789 -1.065857 -0.062687 5
-0.666276 -1.066752 -0.061755 5
-0.736076 -0.968344 -0.028596 5
-0.835480 -0.804793 0.025841 7
-0.850135 -0.849146 0.012837 7
-0.903326 -0.803993 0.028976 7
-0.933638 -0.812563 0.027659 7
-0.953432 -0.844022 0.018880 7
-0.996810 -0.824909 0.026652 7
-1.034991 -0.818053 0.030456 7
-1.079430 -0.799673 0.038084 7
-1.078787 -0.870779 0.016316 7
-1.120703 -0.858117 0.022113 7
-1.157924 -0.855436 0.024660 7
-1.203466 -0.838448 0.031977 7
-1.240171 -0.838585 0.033672 7
-1.308627 -0.784397 0.053444 7
1.338734 -0.862640 -0.009416 7
1.275236 -0.866153 -0.010341 7
1.240822 -0.877312 -0.013778 7
1.202937 -0.901082 -0.021221 7
1.175262 -0.892929 -0.018464 7
1.147520 -0.884963 -0.015747 7
1.118888 -0.880168 -0.014026 7
1.091125 -0.872284 -0.011300 7
1.063300 -0.864548 -0.008603 7
1.030259 -0.878051 -0.012675 7
1.013459 -0.823881 0.004896 7
0.973972 -0.866766 -0.008534 7
0.940768 -0.884929 -0.014050 7
0.918351 -0.852212 -0.003276 7
0.893457 -0.829399 0.004351 7
0.863386 -0.833061 0.003526 7
0.828102 -0.868194 -0.007364 7
0.803500 -0.841975 0.001412 7
0.781979 -0.792244 0.017748 7
0.749044 -0.817179 0.010169 7
0.684778 -1.087663 -0.076183 5
0.656425 -1.105000 -0.081342 5
0.632566 -1.085058 -0.074520 5
0.606805 -1.080673 -0.072674 5
0.582166 -1.063220 -0.066610 5
0.552345 -1.107338 -0.080331 5
0.529756 -1.060058 -0.064634 5
0.503100 -1.066153 -0.066094 5
0.476157 -1.081202 -0.070427 5
0.449398 -1.099903 -0.075927 5
0.425113 -1.045615 -0.057868 5
0.398441 -1.062008 -0.062592 5
0.375290 -0.696558 0.056079 7
0.345399 -0.693152 0.057863 7
0.315418 -0.688239 0.060154 7
0.285392 -0.686354 0.061485 7
0.255438 -0.688374 0.061571 7
0.223209 -0.635938 0.079337 7
0.195271 -0.686463 0.063729 7
0.162365 -0.641489 0.079138 7
0.132369 -0.649751 0.077281 7
0.101673 -0.648074 0.078675 7
0.069831 -0.634959 0.083815 7
0.038375 -0.628753 0.086731 7
0.013276 -0.680352 0.070808 7
-0.023127 -0.632429 0.087382 7
-0.049333 -0.668646 0.076497 7
-0.086952 -0.621028 0.093048 7
-0.114414 -0.646145 0.085823 7
-0.144507 -0.652709 0.084688 7
-0.176664 -0.647272 0.087510 7
-0.208390 -0.645352 0.089202 7
-0.246529 -0.611481 0.101431 7
-0.280288 -0.602855 0.105394 7
-0.296724 -0.675494 0.082590 7
-0.330160 -0.667270 0.086449 7
-0.366056 -0.650036 0.093318 7
-0.368398 -0.769693 0.054925 7
-0.399528 -0.769160 0.056281 7
-0.382100 -0.948842 -0.002122 5
-0.394407 -1.009511 -0.021122 5
-0.408777 -1.059139 -0.036478 5
-0.442324 -1.042436 -0.029763 5
-0.470591 -1.044244 -0.029183 5
-0.493843 -1.061890 -0.033869 5
-0.523555 -1.059696 -0.031912 5
-0.538568 -1.100471 -0.044320 5
-0.581581 -1.061201 -0.029894 5
-0.617979 -1.042748 -0.022396 5
-0.630136 -1.089457 -0.036774 5
-0.655086 -1.101453 -0.039478 5
-0.728624 -0.993311 -0.001625 5
-0.843709 -0.792085 0.067836 7
-0.859398 -0.834537 0.055050 7
-0.901730 -0.814820 0.063331 7
-0.931298 -0.824994 0.061514 7
-0.973430 -0.808226 0.068886 7
-0.980698 -0.866090 0.050871 7
-1.029296 -0.837173 0.062457 7
-1.067732 -0.830599 0.066470 7
-1.098763 -0.839406 0.065255 7
-1.138046 -0.832787 0.069365 7
-1.177872 -0.826144 0.073529 7
-1.220250 -0.815870 0.078994 7
-1.240129 -0.846531 0.070372 7
1.269397 -0.894471 0.016147 7
1.233298 -0.911480 0.010520 7
1.213736 -0.876989 0.022004 7
1.178565 -0.892694 0.016852 7
1.160792 -0.849846 0.031153 7
1.128702 -0.855800 0.029279 7
1.093934 -0.872849 0.023742 7
1.070640 -0.847103 0.032434 7
1.026696 -0.903826 0.013762 7
1.010085 -0.849842 0.031874 7
0.973766 -0.879223 0.022319 7
0.944282 -0.880081 0.022257 7
0.925938 -0.826754 0.040226 7
0.887215 -0.873954 0.024801 7
0.859730 -0.865462 0.027910 7
0.836114 -0.833993 0.038684 7
0.805613 -0.841670 0.036457 7
0.779191 -0.823979 0.042695 7
0.751815 -0.811035 0.047376 7
0.690057 -1.059834 -0.035134 5
0.663771 -1.056883 -0.033774 5
0.633421 -1.090803 -0.044691 5
0.608672 -1.076125 -0.039386 5
0.584205 -1.055473 -0.032063 5
0.557566 -1.057367 -0.032244 5
0.531164 -1.056917 -0.031625 5
0.504737 -1.057254 -0.031249 5
0.479334 -1.037414 -0.024105 5
0.451252 -1.076543 -0.036674 5
0.425311 -1.069485 -0.033770 5
0.406921 -0.652363 0.106607 7
0.376459 -0.657246 0.105642 7
0.346043 -0.625885 0.116863 7
0.315191 -0.612166 0.122195 7
0.284988 -0.641495 0.113087 7
0.254398 -0.640580 0.114160 7
0.224388 -0.654427 0.110288 7
0.194925 -0.673930 0.104525 7
0.163809 -0.661072 0.109686 7
0.130180 -0.617703 0.125175 7
0.098551 -0.609765 0.128746 7
0.068180 -0.617675 0.126987 7
0.038130 -0.627692 0.124534 7
0.006979 -0.626758 0.125810 7
-0.026735 -0.605803 0.133898 7
-0.055858 -0.622938 0.129099 7
-0.081147 -0.664779 0.115921 7
-0.114657 -0.648404 0.122536 7
-0.148191 -0.634516 0.128341 7
-0.174414 -0.664544 0.119218 7
-0.207676 -0.653896 0.123975 7
-0.243032 -0.634290 0.131826 7
-0.268510 -0.665034 0.122504 7
-0.296993 -0.679549 0.118740 7
-0.340227 -0.628598 0.137430 7
-0.363008 -0.668488 0.125018 7
-0.371925 -0.761156 0.094467 7
-0.396476 -0.786644 0.086975 7
-0.361951 -1.028724 0.004878 5
-0.386660 -1.042507 0.001334 5
-0.406987 -1.070759 -0.007193 5
-0.443398 -1.044545 0.003119 5
-0.470845 -1.049176 0.002800 5
-0.506977 -1.027381 0.011672 5
-0.525346 -1.060268 0.001598 5
-0.559681 -1.045745 0.008013 5
-0.582300 -1.065254 0.002615 5
-0.602649 -1.090233 -0.004684 5
-0.640719 -1.067945 0.004544 5
-0.668839 -1.072762 0.004337 5
-0.733359 -0.988180 0.035510 5
-0.838646 -0.811316 0.099236 7
-0.880389 -0.792750 0.107503 7
-0.900639 -0.824505 0.098090 7
-0.922646 -0.851336 0.090414 7
-0.966317 -0.830885 0.099472 7
-1.017947 -0.795469 0.113901 7
-1.051379 -0.799601 0.114371 7
-1.079091 -0.815566 0.110667 7
-1.113362 -0.818693 0.111561 7
-1.140338 -0.836149 0.107374 7
-1.173756 -0.841546 0.107522 7
-1.202275 -0.856209 0.104384 7
-1.238021 -0.858139 0.105848 7
1.278671 -0.877357 0.057844 7
1.242333 -0.894131 0.051971 7
1.206033 -0.912562 0.045553 7
1.186708 -0.876437 0.057967 7
1.158146 -0.870054 0.060153 7
1.123869 -0.884259 0.055266 7
1.089747 -0.899613 0.050008 7
1.053646 -0.924516 0.041482 7
1.032976 -0.889536 0.053624 7
1.010764 -0.858485 0.064437 7
0.979291 -0.866210 0.061906 7
0.948228 -0.873349 0.059599 7
0.925511 -0.840886 0.070977 7
0.890770 -0.867590 0.061967 7
0.865449 -0.846460 0.069486 7
0.836122 -0.846544 0.069709 7
0.807233 -0.844503 0.070690 7
0.776239 -0.856602 0.066810 7
0.746489 -0.862237 0.065184 7
0.689264 -1.078628 -0.009269 5
0.664329 -1.065464 -0.004378 5
0.636501 -1.076498 -0.007833 5
0.611265 -1.064506 -0.003300 5
0.582566 -1.088680 -0.011264 5
0.559783 -1.045641 0.004068 5
0.530407 -1.084918 -0.009092 5
0.506479 -1.046868 0.004570 5
0.479448 -1.056370 0.001769 5
0.450862 -1.110825 -0.016618 5
0.426410 -1.062130 0.000823 5
0.408748 -0.605745 0.160005 7
0.377419 -0.644582 0.147182 7
0.346830 -0.643033 0.148421 7
0.316100 -0.632236 0.152909 7
0.285883 -0.655930 0.145407 7
0.254596 -0.631213 0.154804 7
0.223939 -0.634071 0.154615 7
0.193912 -0.648466 0.150422 7
0.163477 -0.652130 0.149999 7
0.132754 -0.651356 0.151154 7
0.100088 -0.627802 0.160314 7
0.068262 -0.619044 0.164330 7
0.039614 -0.643409 0.156759 7
0.008738 -0.644285 0.157449 7
-0.023661 -0.633270 0.162346 7
-0.052860 -0.648392 0.158083 7
-0.082785 -0.656899 0.156168 7
-0.110131 -0.681503 0.148601 7
-0.149409 -0.631332 0.167437 7
-0.176952 -0.654534 0.160415 7
-0.210530 -0.643275 0.165596 7
-0.234829 -0.680999 0.153469 7
-0.269323 -0.666252 0.159947 7
-0.298357 -0.678599 0.156850 7
-0.330844 -0.675263 0.159348 7
-0.357257 -0.698224 0.152523 7
-0.374310 -0.757264 0.132852 7
-0.336020 -1.024345 0.038923 5
-0.366481 -1.017420 0.042674 5
-0.386863 -1.047253 0.033309 5
-0.411265 -1.061690 0.029462 5
-0.444852 -1.045439 0.036642 5
-0.467088 -1.066846 0.030339 5
-0.503647 -1.043479 0.040158 5
-0.531925 -1.046716 0.040446 5
-0.561692 -1.046023 0.042182 5
-0.587869 -1.055886 0.040136 5
-0.605192 -1.089494 0.029511 5
-0.634213 -1.091139 0.030477 5
-0.692192 -1.019962 0.057943 5
-0.814477 -0.795401 0.141380 7
-0.844854 -0.803588 0.140256 7
-0.881379 -0.797678 0.144314 7
-0.905629 -0.820457 0.137920 7
-0.938724 -0.823214 0.138881 7
-0.968543 -0.833484 0.137121 7
-0.993130 -0.854792 0.131327 7
-1.027334 -0.856112 0.132922 7
-1.071493 -0.838273 0.141644 7
-1.107445 -0.837847 0.143990 7
-1.150341 -0.824999 0.150998 7
-1.175208 -0.846665 0.145234 7
-1.212766 -0.845160 0.148127 7
-1.251137 -0.842981 0.151326 7
1.277364 -0.892050 0.088893 7
1.240814 -0.909593 0.082419 7
1.213089 -0.900748 0.085416 7
1.180998 -0.906310 0.083288 7
1.158338 -0.880433 0.092432 7
1.116305 -0.922343 0.077364 7
1.098066 -0.879753 0.092539 7
1.073755 -0.857686 0.100403 7
1.035117 -0.892177 0.088074 7
1.011933 -0.865080 0.097792 7
0.979053 -0.878882 0.092915 7
0.948524 -0.883703 0.091276 7
0.923879 -0.860868 0.099556 7
0.896677 -0.849277 0.103843 7
0.868660 -0.841362 0.106843 7
0.833446 -0.874559 0.095161 7
0.810749 -0.835779 0.109262 7
0.776547 -0.867656 0.098102 7
0.755141 -0.814797 0.117306 7
0.688172 -1.099605 0.015594 5
0.666581 -1.060126 0.030042 5
0.639807 -1.060413 0.030271 5
0.614389 -1.047872 0.035124 5
0.582684 -1.102257 0.015997 5
0.561360 -1.042124 0.037978 5
0.533135 -1.063147 0.030863 5
0.506728 -1.061606 0.031872 5
0.479588 -1.074647 0.027666 5
0.453875 -1.058999 0.033796 5
0.428179 -1.032514 0.043857 5
0.402774 -0.963771 0.069169 5
0.375298 -0.968840 0.067946 5
0.347589 -0.633647 0.189408 7
0.317161 -0.666341 0.178351 7
0.285306 -0.601518 0.202509 7
0.255700 -0.650362 0.185669 7
0.223867 -0.622544 0.196548 7
0.195476 -0.672465 0.179347 7
0.163045 -0.641542 0.191420 7
0.133417 -0.658623 0.186146 7
0.102403 -0.655266 0.188306 7
0.068869 -0.626076 0.199877 7
0.042945 -0.677023 0.182379 7
0.005738 -0.619863 0.204199 7
-0.019596 -0.668704 0.187499 7
-0.051711 -0.660044 0.191752 7
-0.080937 -0.673184 0.188091 7
-0.109079 -0.692127 0.182333 7
-0.143716 -0.669986 0.191614 7
-0.171150 -0.692009 0.184781 7
-0.203067 -0.688079 0.187474 7
-0.230532 -0.707758 0.181544 7
-0.269654 -0.669833 0.196789 7
-0.298684 -0.682446 0.193517 7
-0.328600 -0.690606 0.191910 7
-0.337629 -0.785816 0.158232 7
-0.362999 -0.808144 0.151407 7
-0.322190 -1.082602 0.051375 5
-0.372168 -1.001952 0.082573 5
-0.390849 -1.038658 0.070376 5
-0.412787 -1.062079 0.063107 5
-0.442585 -1.058573 0.065861 5
-0.478143 -1.037633 0.075148 5
-0.495077 -1.075556 0.062536 5
-0.532419 -1.051238 0.073172 5
-0.565067 -1.042455 0.078060 5
-0.582133 -1.077893 0.066419 5
-0.627735 -1.035178 0.084121 5
-0.642596 -1.075547 0.070662 5
-0.687302 -1.038771 0.086262 5
-0.796850 -0.845712 0.160958 7
-0.836126 -0.831543 0.168302 7
-0.870845 -0.829337 0.171179 7
-0.898720 -0.843305 0.167964 7
-0.952317 -0.800746 0.186284 7
-0.969636 -0.838551 0.174080 7
-0.999491 -0.848975 0.172327 7
-1.056866 -0.803702 0.191932 7
-1.073632 -0.841662 0.179730 7
-1.116160 -0.828729 0.187087 7
-1.163081 -0.808821 0.197209 7
-1.182271 -0.841510 0.187106 7
-1.213956 -0.850931 0.186011 7
-1.236020 -0.877471 0.178313 7
1.248918 -0.895423 0.123749 7
1.227941 -0.864286 0.135021 7
1.183325 -0.909503 0.118016 7
1.155504 -0.901183 0.120893 7
1.133793 -0.871043 0.131887 7
1.107642 -0.855489 0.137506 7
1.063937 -0.906931 0.118336 7
1.041410 -0.878176 0.128909 7
1.022027 -0.834167 0.145163 7
0.991243 -0.836803 0.144170 7
0.956338 -0.859323 0.135843 7
0.934571 -0.820890 0.150126 7
0.901167 -0.838482 0.143687 7
0.866328 -0.866421 0.133445 7
0.841348 -0.841701 0.142744 7
0.815611 -0.819018 0.151322 7
0.786396 -0.816491 0.152462 7
0.759037 -0.801191 0.158369 7
0.694538 -1.064221 0.061089 5
0.666737 -1.072097 0.058438 5
0.638781 -1.083323 0.054570 5
0.610349 -1.102041 0.047946 5
0.584160 -1.100925 0.048710 5
0.560357 -1.070608 0.060350 5
0.532906 -1.083557 0.055948 5
0.504798 -1.112252 0.045714 5
0.482045 -1.046744 0.070542 5
0.454049 -1.079118 0.058992 5
0.429350 -1.023844 0.080095 5
0.403100 -0.990644 0.093027 5
0.375657 -1.012414 0.085507 5
0.348602 -0.955311 0.107431 5
0.320641 -0.922381 0.120389 5
0.292515 -0.913825 0.124288 5
0.258059 -0.709607 0.201367 7
0.226112 -0.666572 0.218290 7
0.194718 -0.651731 0.224717 7
0.165021 -0.669682 0.218899 7
0.135028 -0.679002 0.216340 7
0.104602 -0.681322 0.216438 7
0.072352 -0.664061 0.223925 7
0.043693 -0.685594 0.216871 7
0.011087 -0.669018 0.224180 7
-0.021112 -0.659063 0.229044 7
-0.047385 -0.695345 0.216512 7
-0.086001 -0.641693 0.237942 7
-0.108818 -0.697658 0.218023 7
-0.138731 -0.704287 0.216762 7
-0.174966 -0.674805 0.229210 7
-0.204414 -0.685588 0.226453 7
-0.234958 -0.690242 0.226051 7
-0.263782 -0.703282 0.222495 7
-0.302307 -0.671246 0.236124 7
-0.328613 -0.696089 0.228145 7
-0.332305 -0.813523 0.184841 7
-0.365017 -0.805731 0.189316 7
-0.319383 -1.098543 0.078785 5
-0.357482 -1.061324 0.094470 5
-0.393922 -1.033362 0.106680 5
-0.430096 -1.008926 0.117606 5
-0.453064 -1.030007 0.111073 5
-0.474344 -1.055476 0.102862 5
-0.503306 -1.056340 0.104164 5
-0.530263 -1.063599 0.103031 5
-0.561604 -1.058441 0.106743 5
-0.582572 -1.082800 0.099043 5
-0.611417 -1.085137 0.099917 5
-0.639190 -1.090670 0.099587 5
-0.707460 -0.994466 0.139009 5
-0.818381 -0.800075 0.217024 7
-0.838540 -0.832938 0.206322 7
-0.872818 -0.831998 0.208894 7
-0.917974 -0.807291 0.220872 7
-0.951064 -0.810941 0.221762 7
-0.972891 -0.839048 0.213038 7
-1.009312 -0.836074 0.216629 7
-1.037859 -0.849835 0.213641 7
-1.091279 -0.814508 0.230211 7
-1.136663 -0.797048 0.239783 7
-1.149765 -0.841724 0.224618 7
-1.181359 -0.851068 0.223583 7
-1.225683 -0.837881 0.231641 7
-1.253635 -0.854620 0.227744 7
1.251688 -0.897798 0.159408 7
1.222345 -0.893075 0.160842 7
1.189440 -0.900307 0.157722 7
1.165525 -0.877998 0.165977 7
1.119491 -0.932944 0.144627 7
1.117436 -0.830713 0.183608 7
1.077779 -0.864972 0.170268 7
1.048901 -0.859583 0.172171 7
1.020083 -0.854038 0.174168 7
0.985854 -0.872278 0.167084 7
0.962709 -0.841883 0.178678 7
0.930245 -0.854021 0.174003 7
0.894442 -0.885076 0.162112 7
0.865958 -0.880786 0.163803 7
0.844550 -0.836109 0.181013 7
0.816934 -0.824030 0.185762 7
0.783849 -0.846382 0.177343 7
0.760289 -0.806236 0.192926 7
0.698307 -1.048777 0.100108 5
0.661618 -1.126990 0.070333 5
0.638147 -1.102623 0.079945 5
0.614397 -1.076569 0.090241 5
0.585622 -1.099892 0.081611 5
0.558321 -1.111548 0.077488 5
0.536055 -1.056444 0.099051 5
0.508037 -1.077595 0.091342 5
0.481657 -1.075553 0.092579 5
0.455274 -1.073090 0.094011 5
0.429638 -1.044820 0.105412 5
0.403071 -1.034698 0.109865 5
0.376305 -1.024456 0.114400 5
0.349319 -0.992442 0.127370 5
0.321793 -0.971507 0.136113 5
0.288138 -0.679062 0.249768 7
0.257344 -0.670827 0.253764 7
0.226465 -0.665154 0.256811 7
0.195443 -0.659528 0.259881 7
0.166367 -0.687703 0.249898 7
0.135620 -0.685304 0.251789 7
0.102207 -0.651773 0.265801 7
0.076270 -0.706719 0.245508 7
0.042867 -0.678931 0.257381 7
0.013707 -0.694108 0.252592 7
-0.016866 -0.695921 0.253038 7
-0.048283 -0.691744 0.255856 7
-0.076560 -0.710419 0.249798 7
-0.108034 -0.706570 0.252567 7
-0.140081 -0.700326 0.256316 7
-0.174721 -0.680707 0.265351 7
-0.206958 -0.676741 0.268308 7
-0.237780 -0.680944 0.268103 7
-0.267128 -0.692391 0.265089 7
-0.303957 -0.669140 0.275766 7
-0.336137 -0.668900 0.277440 7
-0.333113 -0.815669 0.221132 7
-0.368322 -0.798254 0.229604 7
-0.317644 -1.110391 0.107683 5
-0.363151 -1.045987 0.134719 5
-0.396712 -1.029131 0.142994 5
-0.423823 -1.035923 0.141928 5
-0.445760 -1.059652 0.134150 5
-0.473763 -1.063155 0.134453 5
-0.499368 -1.074258 0.131760 5
-0.528102 -1.075968 0.132855 5
-0.555537 -1.081813 0.132335 5
-0.597446 -1.047984 0.147792 5
-0.608698 -1.098615 0.129351 5
-0.644722 -1.082641 0.137740 5
-0.778505 -0.822618 0.244809 7
-0.812240 -0.822226 0.247233 7
-0.838840 -0.839399 0.242587 7
-0.872049 -0.841027 0.244289 7
-0.911505 -0.829196 0.251528 7
-0.938864 -0.845036 0.247550 7
-0.969405 -0.853934 0.246443 7
-1.006158 -0.850166 0.250575 7
-1.046860 -0.839279 0.257703 7
-1.081688 -0.841154 0.259657 7
-1.104606 -0.866463 0.251996 7
-1.161098 -0.828363 0.270600 7
-1.185653 -0.851131 0.264091 7
-1.209032 -0.875618 0.256887 7
-1.247872 -0.872718 0.261127 7
1.256322 -0.894561 0.197558 7
1.231430 -0.875342 0.204705 7
1.213034 -0.834035 0.220658 7
1.177213 -0.849430 0.214131 7
1.145008 -0.853850 0.212005 7
1.116758 -0.844695 0.215307 7
1.084999 -0.848791 0.213392 7
1.048876 -0.871246 0.204238 7
1.018306 -0.873146 0.203276 7
0.996225 -0.838723 0.216753 7
0.970682 -0.817359 0.225089 7
0.937635 -0.830530 0.219777 7
0.906144 -0.837807 0.216840 7
0.876088 -0.838780 0.216440 7
0.844529 -0.848999 0.212415 7
0.819392 -0.822243 0.223082 7
0.794486 -0.790930 0.235595 7
0.762776 -0.802798 0.231032 7
0.702992 -1.026761 0.142415 5
0.667001 -1.096389 0.115005 5
0.642808 -1.075014 0.123713 5
0.616570 -1.069754 0.126066 5
0.589420 -1.073707 0.124799 5
0.563245 -1.067299 0.127679 5
0.533403 -1.110692 0.110817 5
0.509228 -1.076927 0.124631 5
0.481148 -1.106436 0.113341 5
0.455980 -1.080090 0.124285 5
0.428771 -1.103321 0.115550 5
0.402574 -1.100762 0.117106 5
0.376827 -1.048895 0.138336 5
0.350028 -1.050704 0.138233 5
0.323081 -1.035266 0.145044 5
0.289085 -0.695975 0.281124 7
0.259337 -0.718736 0.272859 7
0.227800 -0.687423 0.286229 7
0.199905 -0.739696 0.266233 7
0.169389 -0.732802 0.269925 7
0.137350 -0.707338 0.281100 7
0.105755 -0.694171 0.287404 7
0.076876 -0.713734 0.280627 7
0.043507 -0.686465 0.292686 7
0.015985 -0.716171 0.281904 7
-0.017568 -0.692878 0.292469 7
-0.044579 -0.722374 0.281831 7
-0.075234 -0.723071 0.282826 7
-0.111443 -0.688538 0.298087 7
-0.141073 -0.698573 0.295410 7
-0.169817 -0.713005 0.290989 7
-0.203688 -0.699005 0.298121 7
-0.234042 -0.704869 0.297253 7
-0.267972 -0.693577 0.303395 7
-0.306713 -0.662047 0.317829 7
-0.292246 -0.865284 0.236721 7
-0.331086 -0.829622 0.252874 7
-0.313270 -1.022584 0.175726 5
-0.320390 -1.105167 0.143546 5
-0.366269 -1.040078 0.171813 5
-0.393998 -1.044293 0.171767 5
-0.422268 -1.046904 0.172421 5
-0.458151 -1.025082 0.183179 5
-0.476461 -1.060551 0.170387 5
-0.511600 -1.043088 0.179460 5
-0.525539 -1.089512 0.162168 5
-0.555925 -1.086815 0.165222 5
-0.590900 -1.072236 0.173265 5
-0.616438 -1.084237 0.170322 5
-0.643505 -1.092134 0.169122 5
-0.775422 -0.837419 0.277685 7
-0.812551 -0.828634 0.283774 7
-0.848909 -0.822798 0.288701 7
-0.874943 -0.841655 0.283319 7
-0.899693 -0.863001 0.276917 7
-0.945354 -0.838341 0.289967 7
-0.976172 -0.847079 0.288993 7
-1.015247 -0.838976 0.295213 7
-1.073471 -0.793419 0.317447 7
-1.086764 -0.838952 0.301012 7
-1.128154 -0.829168 0.308194 7
-1.165127 -0.828787 0.311442 7
-1.206849 -0.820464 0.318177 7
-1.229541 -0.847094 0.309953 7
-1.250540 -0.876135 0.300705 7
1.281815 -0.828045 0.262137 7
1.245360 -0.842602 0.255544 7
1.207040 -0.864912 0.245821 7
1.175132 -0.867797 0.244123 7
1.146941 -0.858433 0.247496 7
1.119562 -0.845933 0.252197 7
1.094132 -0.825557 0.260168 7
1.059246 -0.841597 0.253256 7
1.035050 -0.815259 0.263752 7
0.999263 -0.837450 0.254412 7
0.968154 -0.841063 0.252726 7
0.948720 -0.789628 0.273623 7
0.907440 -0.843662 0.251380 7
0.880524 -0.827681 0.257845 7
0.855477 -0.799783 0.269230 7
0.822518 -0.816559 0.262371 7
0.793389 -0.811569 0.264463 7
0.758173 -0.848400 0.249477 7
0.738468 -0.776267 0.279145 7
0.675288 -1.042822 0.170164 5
0.639148 -1.120997 0.138345 5
0.616420 -1.085627 0.153068 5
0.591154 -1.070178 0.159672 5
0.565400 -1.057278 0.165273 5
0.534880 -1.107206 0.145152 5
0.510543 -1.074423 0.158983 5
0.483859 -1.074585 0.159342 5
0.456508 -1.091488 0.152866 5
0.430642 -1.072284 0.161252 5
0.404274 -1.058727 0.167364 5
0.377511 -1.057068 0.168627 5
0.350712 -1.112901 0.146277 5
0.323649 -1.031129 0.180584 5
0.290268 -0.724442 0.307623 7
0.259413 -0.704944 0.316490 7
0.228751 -0.700421 0.319237 7
0.201079 -0.756323 0.297085 7
0.168384 -0.712865 0.315993 7
0.135053 -0.673612 0.333237 7
0.107722 -0.717437 0.316171 7
0.077645 -0.722503 0.315174 7
0.047187 -0.723422 0.315938 7
0.015861 -0.717118 0.319746 7
-0.015731 -0.710291 0.323823 7
-0.048729 -0.694674 0.331608 7
-0.077124 -0.713578 0.325083 7
-0.110578 -0.698031 0.332948 7
-0.143166 -0.690243 0.337638 7
-0.171057 -0.710518 0.330661 7
-0.201245 -0.716837 0.329551 7
-0.237677 -0.691567 0.341716 7
-0.274942 -0.665494 0.354295 7
-0.255872 -0.898934 0.257966 7
-0.291987 -0.871731 0.271033 7
-0.331799 -0.832220 0.289367 7
-0.321982 -0.993375 0.223159 5
-0.334198 -1.058002 0.197573 5
-0.356003 -1.083031 0.188705 5
-0.386238 -1.077121 0.192965 5
-0.418600 -1.065018 0.199911 5
-0.448415 -1.062611 0.202802 5
-0.477940 -1.061834 0.205054 5
-0.513288 -1.044034 0.214623 5
-0.530343 -1.081496 0.200649 5
-0.566746 -1.062320 0.210927 5
-0.597802 -1.059571 0.214242 5
-0.634771 -1.041858 0.224052 5
-0.760605 -0.796918 0.331845 7
-0.777233 -0.839980 0.315798 7
-0.823903 -0.808276 0.332082 7
-0.859159 -0.805920 0.335767 7
-0.881223 -0.834586 0.326046 7
-0.907262 -0.853474 0.320594 7
-0.947545 -0.841085 0.328828 7
-0.977970 -0.850834 0.327471 7
-1.007546 -0.862488 0.325331 7
-1.047593 -0.853204 0.332446 7
-1.082414 -0.855276 0.334651 7
-1.139367 -0.815691 0.355339 7
-1.162433 -0.841803 0.347087 7
-1.194949 -0.850190 0.346730 7
-1.234782 -0.845900 0.352083 7
1.243567 -0.859514 0.286556 7
1.221910 -0.827858 0.299310 7
1.175474 -0.877956 0.277451 7
1.157192 -0.833952 0.295526 7
1.130274 -0.818461 0.301560 7
1.100077 -0.814720 0.302666 7
1.067113 -0.822209 0.299067 7
1.034030 -0.831455 0.294777 7
1.007432 -0.814080 0.301794 7
0.972028 -0.835593 0.292414 7
0.941994 -0.834253 0.292745 7
0.906602 -0.860324 0.281540 7
0.882581 -0.829453 0.294445 7
0.853458 -0.824219 0.296561 7
0.818505 -0.853848 0.283993 7
0.790119 -0.846040 0.287290 7
0.760023 -0.849406 0.285911 7
0.734379 -0.820944 0.298026 7
0.675775 -1.052442 0.200328 5
0.642775 -1.102876 0.179177 5
0.619338 -1.071919 0.192468 5
0.591460 -1.082091 0.188414 5
0.563162 -1.100392 0.180961 5
0.536632 -1.100130 0.181399 5
0.509604 -1.108284 0.178315 5
0.484906 -1.075414 0.192638 5
0.457603 -1.089287 0.187215 5
0.430830 -1.095969 0.184876 5
0.404968 -1.066321 0.197977 5
0.378094 -1.074848 0.194939 5
0.351409 -1.048195 0.206870 5
0.324961 -1.100643 0.185264 5
0.297689 -1.059728 0.203347 5
0.260511 -0.724129 0.346806 7
0.229996 -0.720585 0.349208 7
0.198801 -0.705793 0.356450 7
0.169028 -0.719540 0.351587 7
0.139136 -0.728242 0.348915 7
0.107168 -0.710166 0.357719 7
0.075219 -0.696906 0.364528 7
0.045172 -0.705291 0.362139 7
0.015191 -0.713278 0.359964 7
-0.017996 -0.694723 0.369209 7
-0.051098 -0.680256 0.376768 7
-0.079431 -0.701272 0.369152 7
-0.107969 -0.718714 0.363105 7
-0.143213 -0.694257 0.375130 7
-0.176914 -0.682030 0.381964 7
-0.211046 -0.669483 0.389002 7
-0.234592 -0.712196 0.372229 7
-0.271707 -0.686306 0.385149 7
-0.255408 -0.906168 0.291663 7
-0.284017 -0.911579 0.291024 7
-0.320601 -0.884099 0.304724 5
-0.326659 -0.980287 0.264688 5
-0.330495 -1.077448 0.224152 5
-0.362122 -1.066257 0.230845 5
-0.389607 -1.070952 0.230658 5
-0.415158 -1.082341 0.227586 5
-0.449805 -1.063962 0.237614 5
-0.481160 -1.057720 0.242392 5
-0.509921 -1.060294 0.243352 5
-0.530722 -1.086490 0.233943 5
-0.574241 -1.047392 0.253415 5
-0.599975 -1.059959 0.250127 5
-0.617767 -1.093359 0.237630 5
-0.746876 -0.839339 0.352980 7
-0.778545 -0.843840 0.353636 7
-0.809535 -0.850357 0.353452 7
-0.858312 -0.815303 0.371938 7
-0.885185 -0.832923 0.366930 7
-0.916251 -0.840910 0.366293 7
-0.955243 -0.831966 0.373349 7
-0.993926 -0.824800 0.379697 7
-1.023689 -0.836988 0.377371 7
-1.049884 -0.856370 0.371830 7
-1.110629 -0.808054 0.397155 7
-1.136563 -0.829041 0.391037 7
-1.182603 -0.812376 0.402192 7
-1.201826 -0.845803 0.390478 7
-1.239094 -0.846438 0.393867 7
1.268417 -0.793219 0.353919 7
1.219684 -0.846534 0.329784 7
1.199467 -0.808735 0.345589 7
1.157474 -0.844551 0.329247 7
1.116637 -0.879660 0.313284 7
1.094762 -0.846636 0.327148 7
1.069091 -0.826311 0.335508 7
1.042123 -0.810090 0.342122 7
1.002920 -0.845704 0.326169 7
0.977272 -0.824084 0.335240 7
0.940724 -0.852667 0.322467 7
0.919705 -0.807100 0.342077 7
0.892587 -0.789243 0.349652 7
0.860369 -0.798453 0.345479 7
0.828221 -0.809005 0.340774 7
0.797205 -0.814354 0.338387 7
0.768447 -0.805646 0.342175 7
0.739739 -0.795793 0.346513 7
0.706826 -0.818406 0.336752 7
0.645477 -1.093123 0.217155 5
0.617688 -1.102230 0.213358 5
0.595263 -1.056827 0.233372 5
0.565246 -1.091435 0.218545 5
0.536253 -1.122417 0.205336 5
0.512381 -1.082673 0.223027 5
0.484915 -1.096233 0.217504 5
0.460110 -1.053774 0.236485 5
0.431802 -1.094613 0.219135 5
0.405500 -1.081630 0.225338 5
0.378855 -1.076069 0.228346 5
0.352104 -1.057260 0.237197 5
0.324869 -1.029280 0.250120 5
0.298434 -1.070228 0.232906 5
0.271380 -1.063520 0.236606 5
0.230507 -0.722855 0.386862 7
0.197792 -0.679740 0.406756 7
0.167312 -0.687940 0.404186 7
0.138385 -0.715892 0.392977 7
0.109926 -0.743011 0.382167 7
0.071475 -0.657149 0.421160 7
0.045993 -0.714594 0.397087 7
0.016165 -0.723897 0.394269 7
-0.011747 -0.747606 0.385132 7
-0.051645 -0.679404 0.416680 7
-0.083582 -0.676366 0.419496 7
-0.113940 -0.684439 0.417446 7
-0.141939 -0.706216 0.409363 7
-0.179204 -0.673766 0.425412 7
-0.211901 -0.669869 0.428851 7
-0.241517 -0.682484 0.424996 7
-0.218519 -0.945261 0.309571 5
-0.231605 -1.019237 0.278232 5
-0.259286 -1.023745 0.277936 5
-0.279529 -1.059076 0.263877 5
-0.280042 -1.169755 0.216006 5
-0.314727 -1.142493 0.230043 5
-0.338861 -1.156242 0.225707 5
-0.374548 -1.129147 0.239828 5
-0.414203 -1.091297 0.258907 5
-0.439664 -1.102658 0.255831 5
-0.480656 -1.065305 0.274884 5
-0.519707 -1.036917 0.289988 5
-0.534817 -1.080699 0.272354 5
-0.570751 -1.063538 0.282499 5
-0.590567 -1.091990 0.271894 5
-0.726751 -0.811734 0.402673 7
-0.750438 -0.837310 0.393711 7
-0.786755 -0.830600 0.399621 7
-0.828319 -0.812245 0.410987 7
-0.853731 -0.833467 0.404184 7
-0.891697 -0.825529 0.410918 7
-0.933845 -0.809398 0.421552 7
-0.953846 -0.842604 0.409345 7
-0.992915 -0.834651 0.416346 7
-1.032124 -0.827489 0.423081 7
-1.074978 -0.814095 0.432842 7
-1.106080 -0.824918 0.431339 7
-1.140705 -0.829215 0.432976 7
-1.169344 -0.845083 0.429224 7
-1.196611 -0.863371 0.424376 7
-1.250764 -0.834077 0.442202 7
1.330081 -0.814716 0.385832 7
1.307644 -0.784434 0.398494 7
1.247856 -0.868774 0.359410 7
1.217722 -0.864318 0.360531 7
1.205778 -0.799316 0.389027 7
1.165899 -0.826895 0.375800 7
1.128601 -0.847978 0.365573 7
1.102941 -0.827625 0.374079 7
1.076975 -0.807310 0.382615 7
1.041448 -0.824986 0.374105 7
1.012222 -0.817862 0.376814 7
0.979080 -0.828274 0.371691 7
0.953188 -0.806024 0.381310 7
0.919999 -0.818368 0.375431 7
0.888058 -0.826124 0.371672 7
0.859787 -0.814898 0.376497 7
0.831794 -0.801184 0.382492 7
0.799523 -0.813326 0.376928 7
0.765762 -0.837927 0.365821 7
0.738721 -0.817722 0.374893 7
0.711541 -0.795831 0.384776 7
0.652844 -1.043249 0.273744 5
0.615009 -1.142125 0.229469 5
0.594656 -1.078630 0.258185 5
0.566150 -1.096768 0.250273 5
0.538119 -1.114122 0.242758 5
0.513917 -1.077216 0.259683 5
0.487228 -1.073343 0.261809 5
0.460515 -1.068657 0.264350 5
0.432942 -1.088364 0.255961 5
0.406351 -1.082151 0.259285 5
0.379558 -1.083116 0.259425 5
0.352789 -1.079903 0.261497 5
0.326243 -1.107341 0.249793 5
0.298735 -1.058361 0.272614 5
0.271284 -1.045345 0.279270 5
0.244389 -1.053094 0.276598 5
0.198762 -0.692165 0.440730 7
0.168998 -0.711449 0.433057 7
0.136429 -0.686772 0.445342 7
0.106326 -0.698817 0.441053 7
0.073035 -0.674445 0.453340 7
0.041414 -0.671727 0.455869 7
0.009389 -0.666553 0.459577 7
-0.019990 -0.684087 0.453012 7
-0.050253 -0.692928 0.450452 7
-0.085678 -0.665651 0.464421 7
-0.118920 -0.656633 0.470139 7
-0.150663 -0.658346 0.471023 7
-0.176378 -0.694358 0.456262 7
-0.153370 -0.985333 0.324623 5
-0.185255 -0.969986 0.333323 5
-0.210979 -0.986080 0.327645 5
-0.225078 -1.053751 0.298258 5
-0.252041 -1.060122 0.297103 5
-0.263452 -1.130490 0.266443 5
-0.286680 -1.148743 0.259844 5
-0.309248 -1.168487 0.252585 5
-0.338241 -1.163893 0.256649 5
-0.372415 -1.142151 0.268751 5
-0.407948 -1.118022 0.282059 5
-0.439888 -1.107785 0.288989 5
-0.465391 -1.118857 0.286040 5
-0.515623 -1.055395 0.318040 5
-0.527690 -1.107594 0.295951 5
-0.574967 -1.058017 0.321683 5
-0.693403 -0.818570 0.437037 7
-0.729479 -0.811674 0.443141 7
-0.761765 -0.815513 0.444258 7
-0.796340 -0.814089 0.447943 7
-0.824076 -0.829861 0.443538 7
-0.853913 -0.840469 0.441641 7
-0.895184 -0.825130 0.452196 7
-0.928418 -0.829064 0.453644 7
-0.965201 -0.825812 0.458620 7
-1.008310 -0.810136 0.469671 7
-1.048312 -0.802292 0.477075 7
-1.053457 -0.864894 0.450512 7
-1.112867 -0.819778 0.476134 7
-1.145936 -0.827413 0.476313 7
-1.165240 -0.860788 0.464012 7
-1.223287 -0.823472 0.486308 7
-1.251936 -0.840338 0.482224 7
1.293050 -0.839765 0.412981 7
1.254749 -0.858815 0.403028 7
1.238250 -0.809900 0.424786 7
1.190947 -0.860491 0.400298 7
1.171390 -0.819651 0.418399 7
1.134086 -0.839986 0.408124 7
1.109046 -0.816661 0.418190 7
1.069746 -0.847665 0.403101 7
1.038921 -0.847443 0.402568 7
1.011460 -0.833410 0.408497 7
0.981316 -0.830630 0.409267 7
0.948479 -0.840851 0.404074 7
0.925535 -0.803636 0.420908 7
0.892705 -0.814663 0.415460 7
0.860073 -0.826498 0.409699 7
0.831949 -0.813778 0.415362 7
0.806304 -0.784293 0.428838 7
0.769318 -0.827834 0.408585 7
0.742629 -0.803702 0.419699 7
0.713300 -0.796953 0.422829 7
0.654909 -1.039677 0.310598 5
0.617647 -1.131393 0.268274 5
0.594231 -1.098407 0.283698 5
0.569125 -1.077728 0.293482 5
0.538299 -1.128829 0.270092 5
0.514776 -1.082651 0.291786 5
0.488064 -1.078738 0.293968 5
0.461112 -1.079055 0.294242 5
0.433677 -1.095036 0.287306 5
0.407291 -1.079008 0.295260 5
0.379975 -1.115153 0.279065 5
0.353485 -1.088725 0.291953 5
0.326708 -1.091100 0.291527 5
0.299126 -1.050555 0.311099 5
0.272758 -1.078825 0.298745 5
0.244185 -1.038735 0.318239 5
0.214735 -0.998388 0.337934 5
0.181924 -0.917634 0.376546 5
0.137535 -0.700129 0.479069 7
0.105129 -0.683726 0.487931 7
0.101300 -0.978823 0.351296 5
0.079090 -1.036966 0.325301 5
0.055436 -1.072218 0.310026 5
0.026183 -1.057109 0.318379 5
0.000327 -1.069995 0.313667 5
-0.086349 -0.664769 0.505421 7
-0.070200 -0.971842 0.362658 5
-0.095221 -0.994168 0.353699 5
-0.121009 -1.010032 0.347821 5
-0.147546 -1.020661 0.344454 5
-0.165202 -1.075158 0.320395 5
-0.199146 -1.047196 0.335364 5
-0.215264 -1.103029 0.310700 5
-0.256980 -1.043972 0.340577 5
-0.273711 -1.093450 0.318981 5
-0.293382 -1.127617 0.304668 5
-0.319531 -1.135067 0.303112 5
-0.341961 -1.155883 0.295218 5
-0.369721 -1.157100 0.296737 5
-0.396382 -1.162433 0.296345 5
-0.435773 -1.126922 0.315638 5
-0.465510 -1.124448 0.319154 5
-0.506169 -1.089949 0.338194 5
-0.533048 -1.098245 0.336682 5
-0.630201 -0.909585 0.430634 7
-0.691265 -0.831448 0.471394 7
-0.728057 -0.822597 0.478690 7
-0.754749 -0.840669 0.472962 7
-0.804688 -0.800800 0.495594 7
-0.832670 -0.816627 0.491120 7
-0.869706 -0.811084 0.497191 7
-0.906663 -0.806685 0.502803 7
-0.933645 -0.825198 0.497211 7
-0.968619 -0.826231 0.500314 7
-1.010720 -0.812983 0.510594 7
-1.042649 -0.821813 0.510026 7
-1.073094 -0.833825 0.507946 7
-1.116546 -0.820767 0.518474 7
-1.149526 -0.828805 0.518561 7
-1.190625 -0.822216 0.526090 7
-1.219399 -0.838794 0.522057 7
1.262555 -0.846244 0.448595 7
1.250283 -0.783200 0.477695 7
1.208379 -0.814300 0.461710 7
1.175896 -0.815985 0.459901 7
1.142629 -0.821228 0.456458 7
1.101307 -0.857574 0.438214 7
1.080436 -0.818064 0.456306 7
1.048449 -0.820809 0.454261 7
1.017605 -0.819555 0.454193 7
0.986210 -0.821232 0.452791 7
0.956652 -0.815061 0.455196 7
0.926671 -0.810917 0.456697 7
0.891014 -0.836537 0.444074 7
0.863899 -0.818544 0.452303 7
0.835788 -0.804723 0.458603 7
0.803751 -0.814280 0.453828 7
0.776423 -0.794117 0.463271 7
0.743808 -0.809747 0.455729 7
0.714313 -0.804077 0.458392 7
0.681194 -0.828991 0.446552 7
0.624472 -1.081544 0.326353 5
0.598144 -1.072804 0.330649 5
0.570469 -1.078241 0.328249 5
0.541892 -1.097816 0.319165 5
0.515931 -1.083583 0.326247 5
0.487556 -1.109278 0.314351 5
0.462205 -1.078017 0.329664 5
0.435022 -1.083241 0.327637 5
0.408060 -1.084005 0.327792 5
0.381158 -1.081634 0.329498 5
0.354243 -1.055134 0.342790 5
0.327212 -1.077496 0.332793 5
0.300255 -1.080121 0.332280 5
0.273157 -1.076709 0.334711 5
0.243775 -1.019108 0.363154 5
0.216966 -1.036205 0.355891 5
0.190072 -1.046594 0.351891 5
0.161090 -1.025432 0.363088 5
0.136572 -1.064305 0.345513 5
0.112451 -1.099152 0.329899 5
0.082927 -1.075246 0.342596 5
0.058356 -1.099656 0.332090 5
0.028677 -1.079509 0.343113 5
-0.002030 -1.055447 0.356107 5
-0.035163 -1.018812 0.375266 5
-0.063114 -1.020742 0.375860 5
-0.092537 -1.014176 0.380633 5
-0.119673 -1.021759 0.378610 5
-0.143374 -1.047181 0.367972 5
-0.170971 -1.050894 0.367929 5
-0.203764 -1.030130 0.379872 5
-0.221109 -1.081584 0.356665 5
-0.259379 -1.038851 0.379486 5
-0.280602 -1.070430 0.366058 5
-0.300227 -1.106075 0.350653 5
-0.326908 -1.112764 0.349480 5
-0.346640 -1.144509 0.336035 5
-0.365464 -1.177460 0.322008 5
-0.388900 -1.193085 0.316546 5
-0.423893 -1.170972 0.329797 5
-0.471507 -1.111866 0.361499 5
-0.496803 -1.124138 0.357933 5
-0.526939 -1.122154 0.361513 5
-0.646238 -0.871555 0.489185 7
-0.671407 -0.892301 0.481832 7
-0.704023 -0.892847 0.484638 7
-0.749582 -0.861071 0.503761 7
-0.803216 -0.811889 0.531807 7
-0.816628 -0.862563 0.509682 7
-0.877683 -0.800124 0.544736 7
-0.917968 -0.788813 0.554118 7
-0.948815 -0.799561 0.552415 7
-0.966364 -0.838882 0.536219 7
-0.999534 -0.844243 0.537375 7
-1.043670 -0.827740 0.549824 7
-1.086938 -0.814481 0.560759 7
-1.104331 -0.852494 0.545414 7
-1.160253 -0.816855 0.568141 7
-1.187323 -0.836604 0.562370 7
1.242438 -0.820118 0.500391 7
1.211397 -0.816217 0.501130 7
1.179160 -0.816737 0.499761 7
1.145161 -0.824201 0.495044 7
1.108634 -0.842291 0.485175 7
1.082005 -0.824192 0.493189 7
1.052900 -0.815098 0.496836 7
1.023451 -0.807214 0.499954 7
0.991252 -0.811392 0.497214 7
0.960405 -0.810280 0.497141 7
0.935535 -0.780242 0.511331 7
0.899882 -0.803467 0.499452 7
0.872838 -0.782643 0.509248 7
0.839553 -0.796330 0.502188 7
0.804397 -0.824134 0.488279 7
0.778000 -0.797884 0.500931 7
0.745592 -0.811518 0.494102 7
0.715201 -0.812267 0.493653 7
0.682048 -0.837240 0.481401 7
0.623978 -1.100881 0.352264 5
0.593980 -1.131519 0.337353 5
0.573012 -1.064937 0.370146 5
0.542902 -1.101759 0.352320 5
0.516946 -1.086880 0.359894 5
0.488694 -1.109153 0.349309 5
0.463374 -1.075514 0.366206 5
0.435569 -1.096089 0.356567 5
0.408672 -1.096162 0.357044 5
0.381908 -1.086110 0.362552 5
0.354876 -1.111225 0.350843 5
0.327739 -1.065048 0.374233 5
0.300310 -1.054414 0.380222 5
0.272632 -1.043417 0.386456 5
0.245963 -1.063665 0.377365 5
0.219306 -1.076272 0.372088 5
0.193027 -1.091221 0.365705 5
0.167270 -1.109547 0.357704 5
0.136781 -1.066317 0.380171 5
0.110193 -1.075343 0.376886 5
0.086248 -1.108529 0.361692 5
0.060723 -1.122244 0.356179 5
0.025656 -1.057745 0.389522 5
0.003611 -1.099942 0.369998 5
-0.030834 -1.051736 0.395449 5
-0.053380 -1.086402 0.379756 5
-0.088067 -1.044806 0.402108 5
-0.118581 -1.032131 0.410141 5
-0.148314 -1.025561 0.415207 5
-0.178877 -1.016105 0.421795 5
-0.193856 -1.081924 0.390727 5
-0.223249 -1.076944 0.395178 5
-0.254038 -1.066987 0.402208 5
-0.286265 -1.052587 0.411563 5
-0.306801 -1.085741 0.397021 5
-0.330017 -1.106620 0.388699 5
-0.352847 -1.127746 0.380286 5
-0.384827 -1.116127 0.388516 5
-0.399455 -1.163654 0.366787 5
-0.433449 -1.146187 0.378130 5
-0.465820 -1.135522 0.386114 5
-0.491912 -1.144878 0.383962 5
-0.623099 -0.851124 0.537142 7
-0.649662 -0.868967 0.531085 7
-0.677049 -0.884073 0.526485 7
-0.718852 -0.861153 0.541551 7
-0.750594 -0.865776 0.542528 7
-0.780024 -0.876452 0.540451 7
-0.825202 -0.849524 0.557975 7
-0.856250 -0.857574 0.557455 7
-0.907234 -0.820850 0.580388 7
-0.937467 -0.832338 0.578289 7
-0.984710 -0.807561 0.595297 7
-1.010860 -0.828619 0.588362 7
-1.045220 -0.832653 0.590461 7
-1.077789 -0.840704 0.590534 7
-1.115704 -0.838766 0.595999 7
-1.173092 -0.801106 0.620610 7
-1.185515 -0.848267 0.600158 7
1.206348 -0.844778 0.527420 7
1.182469 -0.817461 0.540062 7
1.154183 -0.804228 0.545622 7
1.121424 -0.807061 0.543111 7
1.086406 -0.819471 0.535833 7
1.052473 -0.829232 0.529977 7
1.024077 -0.817149 0.535244 7
0.986726 -0.844112 0.520852 7
0.967460 -0.790332 0.547318 7
0.933257 -0.804569 0.539502 7
0.901702 -0.807309 0.537566 7
0.873941 -0.790178 0.545725 7
0.833556 -0.845037 0.517651 7
0.809280 -0.807710 0.536134 7
0.772019 -0.852111 0.513487 7
0.746142 -0.822284 0.528324 7
0.715900 -0.821995 0.528343 7
0.688875 -0.795006 0.541886 7
0.625199 -1.104209 0.386094 5
0.597696 -1.108379 0.384067 5
0.573325 -1.077813 0.399606 5
0.546455 -1.072244 0.402614 5
0.518579 -1.080849 0.398538 5
0.490732 -1.092766 0.392853 5
0.464087 -1.083685 0.397819 5
0.437209 -1.076378 0.401955 5
0.410156 -1.070538 0.405417 5
0.382908 -1.071100 0.405710 5
0.355650 -1.083497 0.400085 5
0.328300 -1.054963 0.415210 5
0.301690 -1.097211 0.394610 5
0.274694 -1.096831 0.395623 5
0.245900 -1.052409 0.419008 5
0.217535 -1.035407 0.428589 5
0.192074 -1.072163 0.410980 5
0.166151 -1.092197 0.401894 5
0.138244 -1.083537 0.407435 5
0.109088 -1.063931 0.418617 5
0.084698 -1.094830 0.404172 5
0.060430 -1.121553 0.391889 5
0.026443 -1.066500 0.421362 5
-0.000102 -1.075463 0.418269 5
-0.026773 -1.082783 0.416073 5
-0.058803 -1.055545 0.431628 5
-0.088216 -1.047911 0.437238 5
-0.115946 -1.051139 0.437354 5
-0.149915 -1.021662 0.454346 5
-0.178653 -1.021994 0.456110 5
-0.195524 -1.078899 0.428783 5
-0.223673 -1.080082 0.430209 5
-0.253952 -1.072581 0.436197 5
-0.288963 -1.046980 0.451647 5
-0.310448 -1.076989 0.438366 5
-0.338884 -1.079022 0.439647 5
-0.363200 -1.096235 0.433099 5
-0.387660 -1.112155 0.427270 5
-0.410348 -1.133307 0.418754 5
-0.435451 -1.145736 0.414842 5
-0.453030 -1.181031 0.398987 5
-0.483073 -1.177339 0.403635 5
-0.616657 -0.876627 0.564884 7
-0.661103 -0.844167 0.585250 7
-0.683433 -0.873968 0.572834 7
-0.708548 -0.895279 0.564947 7
-0.754441 -0.863366 0.585407 7
-0.791861 -0.854785 0.593612 7
-0.832663 -0.839290 0.605637 7
-0.856700 -0.864142 0.596192 7
-0.902839 -0.838538 0.613889 7
-0.925734 -0.865865 0.603257 7
-0.983251 -0.818675 0.632905 7
-1.017900 -0.822061 0.635416 7
-1.051762 -0.827552 0.636889 7
-1.101872 -0.801495 0.655653 7
-1.137671 -0.804899 0.658526 7
-1.176389 -0.803393 0.664204 7
1.206299 -0.856860 0.561955 7
1.167640 -0.880005 0.548559 7
1.156239 -0.809204 0.584235 7
1.127006 -0.798825 0.588462 7
1.095186 -0.798113 0.587731 7
1.066239 -0.786419 0.592792 7
1.031517 -0.798514 0.585560 7
0.994708 -0.821586 0.572713 7
0.959623 -0.839642 0.562561 7
0.936293 -0.802906 0.580930 7
0.906927 -0.793731 0.585062 7
0.868090 -0.835728 0.562732 7
0.842065 -0.809330 0.575947 7
0.809257 -0.821949 0.569010 7
0.780881 -0.807594 0.576127 7
0.750610 -0.805154 0.577143 7
0.720454 -0.802019 0.578593 7
0.687209 -0.824917 0.566634 7
0.625954 -1.111976 0.417933 5
0.596474 -1.136351 0.405351 5
0.572405 -1.104913 0.421743 5
0.545477 -1.102762 0.423033 5
0.518733 -1.097638 0.425929 5
0.491176 -1.105851 0.421979 5
0.465512 -1.075964 0.437845 5
0.437913 -1.085004 0.433600 5
0.410837 -1.080470 0.436459 5
0.383210 -1.111980 0.420680 5
0.356462 -1.049561 0.453724 5
0.329157 -1.079191 0.439046 5
0.301565 -1.060876 0.449341 5
0.274798 -1.084259 0.438026 5
0.246749 -1.063728 0.449620 5
0.219968 -1.077366 0.443498 5
0.193896 -1.098367 0.433595 5
0.164623 -1.069109 0.449964 5
0.137315 -1.071733 0.449779 5
0.110426 -1.078786 0.447346 5
0.088791 -1.135538 0.418973 5
0.057794 -1.100405 0.438732 5
0.028429 -1.084842 0.448338 5
0.000359 -1.081790 0.451467 5
-0.030848 -1.058318 0.465401 5
-0.054462 -1.086813 0.452097 5
-0.088169 -1.052209 0.472068 5
-0.121065 -1.026861 0.487279 5
-0.142471 -1.065399 0.468854 5
-0.179053 -1.024811 0.492306 5
-0.208212 -1.023979 0.494836 5
-0.230559 -1.054306 0.480911 5
-0.258296 -1.059306 0.480474 5
-0.278600 -1.094691 0.463933 5
-0.311895 -1.076907 0.475761 5
-0.336314 -1.094307 0.468907 5
-0.366686 -1.089526 0.473972 5
-0.389484 -1.111741 0.464654 5
-0.412593 -1.131797 0.456533 5
-0.442448 -1.129424 0.460528 5
-0.471079 -1.131539 0.462193 5
-0.595461 -0.849769 0.617405 7
-0.623037 -0.865296 0.612303 7
-0.650738 -0.880086 0.607662 7
-0.684338 -0.878716 0.611880 7
-0.713082 -0.890699 0.608919 7
-0.757504 -0.863035 0.627710 7
-0.784586 -0.880101 0.622161 7
-0.827384 -0.859478 0.637386 7
-0.872896 -0.834419 0.655225 7
-0.899973 -0.852788 0.649255 7
-0.929508 -0.865461 0.646502 7
-0.973388 -0.847665 0.660756 7
-1.016568 -0.832940 0.673475 7
-1.044143 -0.851084 0.667996 7
-1.092911 -0.827428 0.686014 7
-1.140668 -0.807601 0.702089 7
-1.173783 -0.816771 0.702010 7
1.168757 -0.888155 0.584882 7
1.153247 -0.832055 0.613609 7
1.128026 -0.807534 0.625463 7
1.093800 -0.815969 0.619750 7
1.066151 -0.799489 0.627448 7
1.031351 -0.811996 0.619733 7
0.999882 -0.811726 0.618931 7
0.972443 -0.793469 0.627811 7
0.939257 -0.801768 0.622598 7
0.907092 -0.806371 0.619443 7
0.876093 -0.805793 0.619132 7
0.839855 -0.835967 0.602520 7
0.805014 -0.862176 0.588109 7
0.776484 -0.851107 0.593631 7
0.750882 -0.818152 0.610877 7
0.719768 -0.822684 0.608245 7
0.690929 -0.809583 0.615075 7
0.661195 -0.802726 0.618660 7
0.627480 -0.835554 0.601206 7
0.574477 -1.097626 0.461831 5
0.544946 -1.127237 0.446223 5
0.518840 -1.115111 0.452898 5
0.491328 -1.124208 0.448344 5
0.465875 -1.092290 0.465700 5
0.437879 -1.115299 0.453874 5
0.411963 -1.071774 0.477567 5
0.384561 -1.071669 0.478199 5
0.357136 -1.081067 0.473833 5
0.329643 -1.057787 0.486972 5
0.301782 -1.041700 0.496354 5
0.275527 -1.092688 0.469979 5
0.247937 -1.083552 0.475786 5
0.221991 -1.111331 0.461920 5
0.192852 -1.077706 0.480983 5
0.165593 -1.080769 0.480484 5
0.138873 -1.090104 0.476691 5
0.107175 -1.044344 0.502542 5
0.080381 -1.055777 0.497777 5
0.055813 -1.085034 0.483485 5
0.032623 -1.120802 0.465728 5
0.004600 -1.115913 0.469923 5
-0.027872 -1.081970 0.489882 5
-0.054745 -1.088714 0.487971 5
-0.090229 -1.044049 0.513950 5
-0.118610 -1.044910 0.515399 5
-0.140386 -1.080902 0.497862 5
-0.172894 -1.060238 0.511140 5
-0.207264 -1.033495 0.527840 5
-0.227823 -1.071726 0.509247 5
-0.258686 -1.062988 0.516316 5
-0.289256 -1.056785 0.522099 5
-0.315885 -1.067005 0.518979 5
-0.338973 -1.090114 0.508851 5
-0.364727 -1.102376 0.504727 5
-0.386399 -1.128253 0.493163 5
-0.419732 -1.114202 0.503675 5
-0.437483 -1.151320 0.486000 5
-0.565598 -0.847741 0.657198 7
-0.583102 -0.893373 0.635206 7
-0.634842 -0.838576 0.669123 7
-0.644788 -0.903686 0.636368 7
-0.691970 -0.865501 0.661329 7
-0.722361 -0.873914 0.660371 7
-0.760339 -0.863366 0.670158 7
-0.796459 -0.858629 0.676812 7
-0.825727 -0.871061 0.673894 7
-0.868060 -0.853367 0.688122 7
-0.901347 -0.857568 0.690085 7
-0.938696 -0.853373 0.696940 7
-0.985402 -0.830272 0.714732 7
-1.021212 -0.831539 0.718768 7
-1.060963 -0.825526 0.727113 7
-1.098681 -0.824499 0.732739 7
-1.146403 -0.805169 0.749090 7
1.148182 -0.862127 0.638835 7
1.134826 -0.795215 0.674279 7
1.101376 -0.799689 0.670510 7
1.069528 -0.798812 0.669774 7
1.040762 -0.785646 0.675872 7
0.998276 -0.831701 0.649565 7
0.971392 -0.811496 0.659700 7
0.935349 -0.833989 0.646516 7
0.907707 -0.816752 0.655187 7
0.875351 -0.823549 0.650779 7
0.845104 -0.819689 0.652290 7
0.817147 -0.801899 0.661503 7
0.781538 -0.832357 0.644411 7
0.753450 -0.814980 0.653562 7
0.719998 -0.836310 0.641634 7
0.691216 -0.823184 0.648624 7
0.662250 -0.809758 0.655859 7
0.629012 -0.837300 0.640787 7
0.597578 -0.851642 0.633009 7
0.569130 -0.831890 0.643946 7
0.521448 -1.095029 0.500327 5
0.494158 -1.094684 0.500792 5
0.467382 -1.083382 0.507322 5
0.440297 -1.074611 0.512546 5
0.412643 -1.082284 0.508847 5
0.385196 -1.087296 0.506677 5
0.357943 -1.062113 0.521116 5
0.330551 -1.088174 0.507562 5
0.303266 -1.090451 0.507108 5
0.275301 -1.068165 0.520203 5
0.248180 -1.079600 0.514876 5
0.220128 -1.068222 0.522149 5
0.193260 -1.080729 0.516374 5
0.165427 -1.076586 0.519827 5
0.137692 -1.075231 0.521824 5
0.111932 -1.095914 0.511750 5
0.082495 -1.077443 0.523338 5
0.054137 -1.072378 0.527618 5
0.029256 -1.096435 0.515879 5
-0.000695 -1.079992 0.526611 5
-0.024076 -1.111171 0.511046 5
-0.057005 -1.078140 0.531156 5
-0.084928 -1.079550 0.532253 5
-0.116769 -1.059540 0.545351 5
-0.144882 -1.061912 0.546089 5
-0.172682 -1.066119 0.545884 5
-0.202943 -1.058880 0.552154 5
-0.233628 -1.051018 0.558872 5
-0.261237 -1.057532 0.557631 5
-0.286811 -1.072271 0.551844 5
-0.318156 -1.063882 0.559133 5
-0.342495 -1.082799 0.551135 5
-0.368512 -1.094760 0.547118 5
-0.400115 -1.087205 0.554211 5
-0.416893 -1.129644 0.533065 5
-0.540014 -0.831999 0.705164 7
-0.559702 -0.872746 0.685380 7
-0.583619 -0.898803 0.673986 7
-0.634102 -0.847893 0.706657 7
-0.659829 -0.869301 0.698111 7
-0.697657 -0.857641 0.708622 7
-0.726067 -0.871733 0.704444 7
-0.757853 -0.877139 0.705358 7
-0.784764 -0.894742 0.699313 7
-0.835568 -0.855505 0.726331 7
-0.871074 -0.854286 0.731463 7
-0.901801 -0.864470 0.730068 7
-0.942528 -0.853073 0.741401 7
-0.989735 -0.829295 0.760174 7
-1.030585 -0.820530 0.770322 7
-1.072019 -0.811755 0.780646 7
-1.107089 -0.816553 0.783101 7
1.111438 -0.892895 0.661826 7
1.100048 -0.817466 0.703044 7
1.075397 -0.788432 0.718112 7
1.031857 -0.835594 0.690298 7
1.007881 -0.802945 0.707572 7
0.975554 -0.805720 0.704973 7
0.936362 -0.842414 0.683385 7
0.913046 -0.803223 0.704581 7
0.873595 -0.846754 0.679351 7
0.845338 -0.832390 0.686758 7
0.814933 -0.829805 0.687632 7
0.779585 -0.859698 0.670359 7
0.751040 -0.846976 0.677101 7
0.724400 -0.818274 0.692895 7
0.688503 -0.861662 0.668320 7
0.661104 -0.836917 0.682063 7
0.626418 -0.880797 0.657390 7
0.600025 -0.842256 0.679042 7
0.574363 -0.784297 0.711677 7
0.539777 -0.841363 0.679859 7
0.512820 -0.785510 0.711492 7
0.468068 -1.092884 0.539317 5
0.441299 -1.075534 0.549475 5
0.414046 -1.063447 0.556761 5
0.386501 -1.054332 0.562460 5
0.358689 -1.069292 0.554707 5
0.331138 -1.076862 0.551182 5
0.303253 -1.057728 0.562760 5
0.276143 -1.080098 0.551057 5
0.248704 -1.082586 0.550621 5
0.219681 -1.053000 0.568349 5
0.193527 -1.081407 0.553453 5
0.163954 -1.054136 0.570061 5
0.135355 -1.046311 0.575783 5
0.109525 -1.070550 0.563450 5
0.085832 -1.110873 0.542063 5
0.057724 -1.105638 0.546542 5
0.029286 -1.099210 0.551786 5
0.002141 -1.103803 0.550857 5
-0.024922 -1.108813 0.549769 5
-0.056071 -1.087831 0.563565 5
-0.085451 -1.080559 0.569656 5
-0.113134 -1.084128 0.569651 5
-0.148390 -1.048212 0.592315 5
-0.171807 -1.075319 0.579021 5
-0.202347 -1.066770 0.586230 5
-0.236694 -1.042657 0.602489 5
-0.268522 -1.032084 0.611091 5
-0.291215 -1.060025 0.597597 5
-0.327366 -1.033977 0.615331 5
-0.342357 -1.089164 0.586196 5
-0.373376 -1.083412 0.592377 5
-0.474485 -0.839156 0.737255 7
-0.494844 -0.879504 0.717098 7
-0.526288 -0.882408 0.718800 7
-0.564661 -0.864574 0.732730 7
-0.605637 -0.840933 0.750221 7
-0.628369 -0.871466 0.736070 7
-0.670029 -0.848515 0.753439 7
-0.699723 -0.859568 0.750923 7
-0.727860 -0.874596 0.746143 7
-0.760328 -0.878519 0.748027 7
-0.799507 -0.866568 0.759464 7
-0.837776 -0.858119 0.768976 7
-0.866156 -0.873457 0.764421 7
-0.913997 -0.845311 0.786023 7
-0.955936 -0.832162 0.798837 7
-0.978276 -0.861666 0.786108 7
-1.025729 -0.838845 0.805071 7
-1.051066 -0.862043 0.796333 7
1.077848 -0.791777 0.759353 7
1.040539 -0.812700 0.745919 7
1.013241 -0.792976 0.756107 7
0.975022 -0.821495 0.738497 7
0.946337 -0.808042 0.745245 7
0.910749 -0.828569 0.732466 7
0.877606 -0.839052 0.725589 7
0.854102 -0.796655 0.749305 7
0.815409 -0.841299 0.722922 7
0.788331 -0.817492 0.736093 7
0.758729 -0.808288 0.740937 7
0.725492 -0.825642 0.730574 7
0.693041 -0.840224 0.721903 7
0.667027 -0.800107 0.744820 7
0.632873 -0.833385 0.725568 7
0.601213 -0.847338 0.717533 7
0.574805 -0.798710 0.745620 7
0.540384 -0.853686 0.714144 7
0.512076 -0.822591 0.732319 7
0.482297 -0.809534 0.740200 7
0.452157 -0.799324 0.746535 7
0.413829 -1.110845 0.567516 5
0.387137 -1.071040 0.591035 5
0.359417 -1.083452 0.584533 5
0.331701 -1.060428 0.598558 5
0.304311 -1.083439 0.586096 5
0.275604 -1.043858 0.609868 5
0.248436 -1.065392 0.598416 5
0.219923 -1.051398 0.607589 5
0.190013 -1.019919 0.626983 5
0.165918 -1.079621 0.593647 5
0.137547 -1.072359 0.599181 5
0.109684 -1.072755 0.600361 5
0.081516 -1.070672 0.603068 5
0.053518 -1.070988 0.604467 5
0.027822 -1.090111 0.594999 5
-0.002012 -1.076422 0.604726 5
-0.033167 -1.056328 0.618300 5
-0.058100 -1.078838 0.607087 5
-0.082456 -1.102376 0.595327 5
-0.118027 -1.061423 0.621424 5
-0.149737 -1.045908 0.632748 5
-0.174662 -1.066140 0.623176 5
-0.200126 -1.082288 0.616065 5
-0.231574 -1.070787 0.625327 5
-0.262952 -1.061235 0.633556 5
-0.287896 -1.079107 0.625670 5
-0.319152 -1.071591 0.632899 5
-0.351789 -1.060165 0.642566 5
-0.441488 -0.847733 0.771999 7
-0.475397 -0.842799 0.778292 7
-0.502760 -0.860329 0.771285 7
-0.543450 -0.835107 0.789952 7
-0.576206 -0.836478 0.792840 7
-0.603629 -0.854070 0.786084 7
-0.648001 -0.822980 0.808755 7
-0.661816 -0.878501 0.779289 7
-0.695641 -0.877920 0.783775 7
-0.737566 -0.857169 0.800640 7
-0.766106 -0.871747 0.796183 7
-0.813660 -0.840079 0.820048 7
-0.845720 -0.847342 0.820315 7
-0.868555 -0.875921 0.807604 7
-0.916057 -0.848851 0.829201 7
-0.964110 -0.822769 0.850427 7
-0.980058 -0.866168 0.828853 7
-1.026374 -0.845925 0.846809 7
-1.066673 -0.839413 0.856435 7
1.043626 -0.813157 0.788919 7
1.009117 -0.824097 0.781114 7
0.988650 -0.773258 0.810057 7
0.947674 -0.815306 0.784014 7
0.914740 -0.822234 0.778903 7
0.881471 -0.832378 0.771992 7
0.848796 -0.841034 0.766067 7
0.820002 -0.828038 0.773050 7
0.792392 -0.806166 0.785372 7
0.751921 -0.870907 0.746591 7
0.725185 -0.843642 0.762292 7
0.693436 -0.853140 0.756363 7
0.663510 -0.848717 0.758754 7
0.635606 -0.823822 0.773330 7
0.604890 -0.824858 0.772685 7
0.576193 -0.801200 0.786720 7
0.542146 -0.849152 0.758551 7
0.513326 -0.824634 0.773286 7
0.484646 -0.786429 0.796207 7
0.453249 -0.801596 0.787688 7
0.422649 -0.798689 0.789946 7
0.391136 -0.855258 0.757121 7
0.360129 -1.101980 0.611841 5
0.332634 -1.094121 0.617232 5
0.304821 -1.078425 0.627358 5
0.276764 -1.066507 0.635341 5
0.249705 -1.087075 0.624153 5
0.222507 -1.096536 0.619627 5
0.193701 -1.076710 0.632578 5
0.165427 -1.070825 0.637347 5
0.138770 -1.086642 0.629298 5
0.107403 -1.048772 0.653295 5
0.080226 -1.059616 0.648386 5
0.054735 -1.083629 0.635695 5
0.027328 -1.088783 0.634331 5
-0.003659 -1.067471 0.648883 5
-0.028052 -1.094515 0.634598 5
-0.058591 -1.079617 0.645516 5
-0.083934 -1.097823 0.636673 5
-0.113907 -1.088724 0.644314 5
-0.139681 -1.103117 0.637918 5
-0.176763 -1.060766 0.665818 5
-0.211765 -1.033104 0.685022 5
-0.235824 -1.057306 0.672999 5
-0.263475 -1.064592 0.671281 5
-0.339045 -0.878600 0.787009 7
-0.367266 -0.892010 0.781955 7
-0.403899 -0.873852 0.796223 7
-0.437321 -0.869151 0.802430 7
-0.477415 -0.842750 0.822043 7
-0.512435 -0.835585 0.830045 7
-0.542860 -0.844057 0.828578 7
-0.569914 -0.862797 0.820887 7
-0.614010 -0.830913 0.844518 7
-0.629143 -0.883861 0.815875 7
-0.658886 -0.893952 0.813786 7
-0.722751 -0.813590 0.868040 7
-0.746858 -0.840998 0.855495 7
-0.769491 -0.871066 0.841336 7
-0.802241 -0.875576 0.843231 7
-0.841017 -0.866368 0.853871 7
-0.886469 -0.843164 0.873508 7
-0.917905 -0.852951 0.872521 7
-0.954145 -0.852555 0.878103 7
-0.999443 -0.833920 0.895437 7
-1.027945 -0.851190 0.890095 7
1.353580 0.258965 1.488118 1
1.307555 0.252219 1.481918 1
1.007993 -0.842247 0.813642 7
0.983470 -0.810304 0.831787 7
0.948883 -0.823286 0.822698 7
0.921749 -0.801046 0.835125 7
0.885978 -0.822557 0.821074 7
0.851644 -0.839271 0.810053 7
0.825089 -0.812142 0.825740 7
0.783419 -0.878867 0.784605 7
0.757510 -0.847408 0.803116 7
0.730932 -0.816411 0.821437 7
0.697083 -0.839661 0.806982 7
0.668985 -0.816707 0.820623 7
0.639532 -0.802811 0.828873 7
0.608522 -0.803412 0.828442 7
0.577796 -0.801226 0.829800 7
0.547802 -0.788288 0.837771 7
0.515442 -0.812000 0.823640 7
0.483895 -0.829929 0.813108 7
0.454497 -0.799961 0.831702 7
0.422737 -0.837714 0.809346 7
0.392476 -0.829781 0.814784 7
0.361979 -0.838678 0.810112 7
0.331419 -0.810195 0.828227 7
0.301348 -0.845288 0.807843 7
0.270578 -0.829468 0.818479 7
0.248717 -1.051023 0.684859 5
0.220415 -1.048038 0.687806 5
0.193194 -1.064476 0.679019 5
0.167457 -1.097241 0.660356 5
0.137919 -1.075731 0.674865 5
0.110696 -1.084621 0.670928 5
0.082119 -1.079175 0.675837 5
0.053878 -1.078225 0.678096 5
0.027169 -1.090154 0.672562 5
-0.001369 -1.087345 0.676146 5
-0.029182 -1.090400 0.676230 5
-0.061493 -1.065268 0.693740 5
-0.090045 -1.066075 0.695418 5
-0.115133 -1.086462 0.685120 5
-0.141376 -1.099031 0.679713 5
-0.176333 -1.067927 0.701397 5
-0.245389 -0.881747 0.819320 7
-0.282905 -0.854344 0.839201 7
-0.308263 -0.881412 0.825392 7
-0.341790 -0.873760 0.833261 7
-0.382996 -0.837862 0.858887 7
-0.407729 -0.866280 0.844513 7
-0.438831 -0.870506 0.845341 7
-0.482144 -0.833599 0.872097 7
-0.513244 -0.839985 0.871844 7
-0.544427 -0.846279 0.871759 7
-0.580125 -0.839081 0.880308 7
-0.611270 -0.846340 0.879854 7
-0.633098 -0.880076 0.862703 7
-0.674052 -0.859993 0.879829 7
-0.710419 -0.853980 0.888178 7
-0.735423 -0.878094 0.877417 7
-0.773278 -0.869501 0.887690 7
-0.806788 -0.872545 0.890654 7
-0.857098 -0.836829 0.918748 7
-0.881116 -0.863511 0.906769 7
-0.917408 -0.862308 0.912929 7
-0.967130 -0.833064 0.937494 7
-0.992385 -0.857147 0.927531 7
1.328896 0.144774 1.478021 1
1.177279 -0.296059 1.200360 1
1.015104 -0.825291 0.868121 7
0.984836 -0.817865 0.871365 7
0.952553 -0.819772 0.868895 7
0.917964 -0.833989 0.858868 7
0.889436 -0.818550 0.867427 7
0.859377 -0.810372 0.871565 7
0.820718 -0.853054 0.844169 7
0.790883 -0.845993 0.847834 7
0.762239 -0.830278 0.856979 7
0.730700 -0.834120 0.854072 7
0.703296 -0.805804 0.871250 7
0.671545 -0.811164 0.867609 7
0.637404 -0.841759 0.848402 7
0.610323 -0.802644 0.872594 7
0.578997 -0.806525 0.870188 7
0.546950 -0.822645 0.860286 7
0.515088 -0.842193 0.848357 7
0.485940 -0.814196 0.866065 7
0.454667 -0.828116 0.857837 7
0.423843 -0.836942 0.852875 7
0.393012 -0.859439 0.839512 7
0.362803 -0.851381 0.845248 7
0.332355 -0.833655 0.857108 7
0.301760 -0.830234 0.860177 7
0.272470 -0.876479 0.832407 7
0.240874 -0.838315 0.857331 7
0.210624 -0.844397 0.854787 7
0.179003 -0.826272 0.867457 7
0.146092 -0.796175 0.887732 7
0.116782 -0.818379 0.875436 7
0.088628 -0.848387 0.858336 7
0.056769 -0.837122 0.867172 7
0.053583 -1.077749 0.718103 5
0.025386 -1.078668 0.719356 5
-0.006127 -1.055783 0.735678 5
-0.071002 -0.811552 0.891497 7
-0.102996 -0.808454 0.895804 7
-0.135622 -0.802659 0.901934 7
-0.163290 -0.825520 0.890073 7
-0.194865 -0.826050 0.892424 7
-0.220726 -0.855176 0.876757 7
-0.251639 -0.858369 0.877620 7
-0.282193 -0.863441 0.877399 7
-0.317811 -0.847341 0.890780 7
-0.339384 -0.889698 0.866993 7
-0.376506 -0.869295 0.883377 7
-0.414641 -0.847513 0.900818 7
-0.439833 -0.873740 0.887605 7
-0.480085 -0.847558 0.908182 7
-0.504757 -0.874718 0.894555 7
-0.548237 -0.841555 0.919976 7
-0.583496 -0.836254 0.927577 7
-0.609015 -0.860376 0.916222 7
-0.647909 -0.845833 0.930101 7
-0.686744 -0.833065 0.943009 7
-0.717550 -0.842945 0.941284 7
-0.756338 -0.832495 0.953010 7
-0.779551 -0.861900 0.938704 7
-0.808684 -0.876007 0.934534 7
-0.858365 -0.842091 0.962233 7
-0.894465 -0.841535 0.968086 7
-0.928645 -0.845926 0.970809 7
-0.967386 -0.841024 0.979882 7
-1.241101 -0.348406 1.315757 0
1.349287 0.041640 1.474655 1
1.226022 -0.271161 1.271627 1
1.176326 -0.315854 1.240932 1
1.131287 -0.345846 1.219842 1
0.986655 -0.823521 0.912544 7
0.951944 -0.836563 0.902840 7
0.920825 -0.833882 0.903306 7
0.887888 -0.841035 0.897607 7
0.860041 -0.821344 0.909152 7
0.824437 -0.845717 0.892699 7
0.794613 -0.837401 0.897208 7
0.758570 -0.870937 0.875158 7
0.733149 -0.832042 0.899367 7
0.703950 -0.817266 0.908314 7
0.671075 -0.832658 0.898160 7
0.639065 -0.843493 0.891019 7
0.609775 -0.827801 0.900874 7
0.580225 -0.811705 0.911095 7
0.552172 -0.769735 0.937896 7
0.518977 -0.800171 0.918716 7
0.487374 -0.811851 0.911584 7
0.455301 -0.843584 0.891787 7
0.424771 -0.843519 0.892343 7
0.394221 -0.845185 0.891905 7
0.363736 -0.841697 0.894861 7
0.333279 -0.855688 0.886777 7
0.302503 -0.833710 0.901748 7
0.271819 -0.832681 0.903466 7
0.241629 -0.845598 0.896383 7
0.210805 -0.840650 0.900822 7
0.180177 -0.841307 0.901789 7
0.148117 -0.822299 0.915461 7
0.119081 -0.845667 0.902101 7
0.086211 -0.823031 0.918343 7
0.055657 -0.827977 0.917011 7
0.027272 -0.851414 0.903898 7
-0.005626 -0.835591 0.916136 7
-0.038753 -0.821252 0.927556 7
-0.065776 -0.850816 0.910787 7
-0.103820 -0.807720 0.941032 7
-0.134043 -0.816728 0.937759 7
-0.168659 -0.801063 0.950577 7
-0.194878 -0.831360 0.933720 7
-0.226004 -0.834904 0.934313 7
-0.259783 -0.826384 0.942876 7
-0.278945 -0.883762 0.908606 7
-0.321156 -0.839540 0.940706 7
-0.349553 -0.855303 0.933777 7
-0.388637 -0.829399 0.954261 7
-0.417420 -0.844073 0.948281 7
-0.451811 -0.838472 0.955742 7
-0.477274 -0.864086 0.942759 7
-0.510028 -0.864711 0.946361 7
-0.541192 -0.870897 0.946413 7
-0.584026 -0.842112 0.969815 7
-0.619647 -0.836961 0.977713 7
-0.658112 -0.824826 0.990435 7
-0.680061 -0.859025 0.972341 7
-0.719436 -0.845873 0.986047 7
-0.760092 -0.830955 1.001140 7
-0.781196 -0.865879 0.982822 7
-0.816990 -0.864222 0.989276 7
-0.859431 -0.847904 1.005844 7
-0.887976 -0.864564 1.000200 7
-0.929831 -0.851797 1.014741 7
-1.177596 -0.401565 1.329033 0
-1.254651 -0.330501 1.385038 0
-1.292474 -0.343234 1.383825 0
1.325583 -0.063170 1.465407 1
1.214871 -0.330166 1.287383 1
1.171222 -0.352412 1.270625 1
1.134522 -0.348202 1.271400 1
1.103359 -0.319735 1.288219 1
0.955962 -0.831778 0.951026 7
0.930444 -0.800665 0.970061 7
0.891399 -0.837102 0.944994 7
0.860791 -0.831927 0.947284 7
0.833743 -0.805671 0.963465 7
0.798482 -0.828239 0.947855 7
0.771152 -0.800934 0.964939 7
0.736431 -0.824100 0.949183 7
0.705825 -0.819070 0.951951 7
0.672508 -0.837444 0.939565 7
0.640371 -0.848895 0.931813 7
0.613570 -0.805782 0.959766 7
0.579964 -0.835423 0.940377 7
0.551514 -0.801569 0.962518 7
0.521024 -0.790215 0.970099 7
0.488156 -0.823385 0.948748 7
0.455967 -0.858317 0.926353 7
0.425615 -0.853602 0.929938 7
0.395343 -0.838006 0.940743 7
0.364610 -0.847437 0.935320 7
0.333809 -0.811027 0.959963 7
0.303201 -0.833949 0.945949 7
0.272295 -0.828656 0.950492 7
0.242132 -0.846202 0.940201 7
0.212655 -0.870477 0.925601 7
0.179530 -0.826169 0.956058 7
0.148121 -0.820080 0.961598 7
0.120841 -0.866402 0.932839 7
0.088180 -0.844720 0.948847 7
0.054239 -0.815931 0.969676 7
0.023492 -0.820954 0.968390 7
-0.006598 -0.830901 0.963969 7
-0.038180 -0.828996 0.967479 7
-0.070950 -0.819988 0.975810 7
-0.099876 -0.836922 0.967104 7
-0.135255 -0.814474 0.984601 7
-0.166092 -0.820363 0.983451 7
-0.197565 -0.822888 0.984652 7
-0.230056 -0.820786 0.989059 7
-0.252926 -0.864073 0.963317 7
-0.293243 -0.826911 0.991371 7
-0.317249 -0.862230 0.971118 7
-0.351670 -0.853323 0.980574 7
-0.383067 -0.857379 0.981476 7
-0.414840 -0.860344 0.983237 7
-0.447670 -0.859991 0.987367 7
-0.486399 -0.840441 1.004617 7
-0.515468 -0.854310 0.999420 7
-0.552903 -0.841708 1.012304 7
-0.582022 -0.855662 1.007295 7
-0.616565 -0.853561 1.013346 7
-0.652314 -0.848880 1.021320 7
-0.684797 -0.854020 1.022727 7
-0.714950 -0.865603 1.019841 7
-0.759576 -0.840384 1.042450 7
-0.786716 -0.860417 1.034024 7
-0.833286 -0.833560 1.058203 7
-0.871034 -0.829405 1.066870 7
-1.119593 -0.352036 1.405873 0
-1.170901 -0.333489 1.426022 0
-1.212381 -0.337688 1.430495 0
-1.257758 -0.334443 1.440408 0
-1.285991 -0.366710 1.425460 0
-1.342017 -0.343702 1.449779 0
1.357832 -0.113009 1.493445 1
1.258777 -0.325433 1.347398 1
1.215806 -0.342517 1.333454 1
1.179926 -0.333492 1.337261 1
1.138541 -0.347472 1.325738 1
1.107808 -0.316588 1.344528 1
0.983812 -0.716516 1.074199 7
0.928289 -0.825728 0.999453 7
0.892246 -0.847242 0.983730 7
0.863089 -0.834089 0.991376 7
0.830693 -0.838842 0.987145 7
0.799982 -0.834293 0.989265 7
0.771400 -0.815282 1.001179 7
0.741561 -0.802985 1.008716 7
0.705752 -0.836579 0.985687 7
0.674410 -0.838344 0.984065 7
0.642915 -0.842567 0.980920 7
0.612418 -0.837632 0.984014 7
0.580831 -0.845314 0.978795 7
0.550344 -0.840447 0.982081 7
0.518108 -0.863575 0.966777 7
0.488665 -0.840647 0.982369 7
0.457697 -0.845220 0.979699 7
0.427378 -0.830136 0.990289 7
0.396158 -0.850951 0.976992 7
0.365499 -0.852202 0.976894 7
0.334742 -0.831666 0.991498 7
0.304408 -0.864460 0.970513 7
0.272630 -0.819121 1.001987 7
0.241877 -0.826907 0.997990 7
0.210600 -0.821227 1.003144 7
0.180902 -0.844400 0.989046 7
0.149332 -0.834776 0.997089 7
0.121158 -0.869600 0.975361 7
0.087127 -0.834018 1.001123 7
0.057153 -0.845454 0.995360 7
0.023528 -0.823654 1.012133 7
-0.007725 -0.825037 1.013401 7
-0.038930 -0.827159 1.014293 7
-0.067074 -0.850164 1.001164 7
-0.102419 -0.825524 1.020435 7
-0.131439 -0.841689 1.012167 7
-0.169387 -0.807526 1.038229 7
-0.197737 -0.827520 1.027601 7
-0.236925 -0.793066 1.054213 7
-0.261971 -0.828214 1.033468 7
-0.289961 -0.847546 1.023606 7
-0.320781 -0.853830 1.022782 7
-0.353547 -0.852405 1.027379 7
-0.385937 -0.853172 1.030610 7
-0.425737 -0.827484 1.052233 7
-0.450538 -0.856996 1.035909 7
-0.476227 -0.881833 1.022885 7
-0.530284 -0.813787 1.074429 7
-0.552229 -0.851298 1.052871 7
-0.582905 -0.860595 1.051028 7
-0.626851 -0.831516 1.076146 7
-0.661477 -0.831118 1.081416 7
-0.687804 -0.853832 1.070602 7
-0.726887 -0.842410 1.083927 7
-0.761066 -0.844800 1.087700 7
-0.810920 -0.809273 1.118509 7
-1.041841 -0.345769 1.453856 0
-1.085443 -0.342852 1.462972 0
-1.126582 -0.346448 1.467654 0
-1.176592 -0.331345 1.485951 0
-1.221100 -0.329575 1.494942 0
-1.254025 -0.352614 1.486253 0
-1.303375 -0.342342 1.501817 0
-1.326269 -0.385118 1.479096 0
1.293759 -0.354363 1.385546 1
1.261922 -0.329933 1.399721 1
1.224599 -0.325016 1.400547 1
1.177147 -0.360808 1.373450 1
1.140857 -0.354118 1.375832 1
1.108099 -0.331981 1.388995 1
1.066353 -0.349799 1.374805 1
1.029654 -0.345707 1.375849 1
0.994563 -0.333561 1.382572 1
0.861771 -0.856268 1.022344 7
0.837234 -0.815863 1.048947 7
0.805814 -0.813429 1.049615 7
0.769421 -0.844666 1.027336 7
0.736942 -0.853151 1.020786 7
0.710095 -0.819249 1.043392 7
0.680856 -0.800166 1.055965 7
0.648075 -0.811548 1.047804 7
0.612323 -0.858032 1.015748 7
0.584041 -0.826934 1.036915 7
0.552084 -0.838307 1.029139 7
0.521852 -0.825882 1.037774 7
0.492909 -0.782517 1.067713 7
0.458758 -0.850268 1.021711 7
0.428835 -0.819099 1.043554 7
0.398315 -0.783376 1.068654 7
0.366414 -0.854162 1.020904 7
0.335617 -0.841286 1.030597 7
0.304872 -0.849583 1.025898 7
0.273646 -0.834106 1.037634 7
0.243170 -0.847760 1.029500 7
0.211778 -0.837293 1.038055 7
0.180735 -0.837068 1.039703 7
0.149146 -0.829838 1.046298 7
0.118731 -0.839429 1.041439 7
0.086371 -0.826509 1.052220 7
0.055554 -0.831717 1.050632 7
0.026442 -0.851309 1.039224 7
-0.006569 -0.837268 1.051187 7
-0.039513 -0.826591 1.060973 7
-0.074024 -0.807619 1.076663 7
-0.104870 -0.814799 1.074358 7
-0.135610 -0.822287 1.071959 7
-0.168263 -0.818996 1.077190 7
-0.199899 -0.821960 1.078201 7
-0.234248 -0.812019 1.088364 7
-0.260508 -0.841051 1.071408 7
-0.297119 -0.822472 1.087911 7
-0.330658 -0.819115 1.093910 7
-0.353441 -0.859474 1.069293 7
-0.391686 -0.838149 1.088215 7
-0.416828 -0.866941 1.071928 7
-0.461289 -0.826624 1.104649 7
-0.486790 -0.853660 1.089842 7
-0.529634 -0.823409 1.115856 7
-0.557084 -0.843804 1.106015 7
-0.587216 -0.855372 1.102573 7
-0.623668 -0.848563 1.112420 7
-0.664939 -0.829455 1.131291 7
-0.696032 -0.839704 1.129258 7
-0.738893 -0.819299 1.149495 7
-0.961950 -0.346080 1.497914 0
-0.989228 -0.381635 1.478968 0
-1.036708 -0.367935 1.495959 0
-1.068883 -0.391092 1.486296 0
-1.107502 -0.399326 1.487684 0
-1.138701 -0.424032 1.477144 0
-1.191474 -0.402640 1.500716 0
-1.222133 -0.428664 1.489528 0
-1.276376 -0.406998 1.513863 0
-1.298553 -0.449717 1.490563 0
-1.333283 -0.467285 1.486091 0
-0.789340 0.039273 -1.099275 6
-0.776588 0.001357 -1.085551 6
-0.735970 -0.007961 -1.093468 6
-0.683330 -0.003839 -1.111303 6
-0.646265 -0.015595 -1.117297 6
-0.584594 0.000531 -1.143610 6
-0.542150 -0.003611 -1.154965 6
-0.491424 0.002617 -1.173685 6
-0.461419 -0.014561 -1.175565 6
-0.401935 0.004145 -1.202859 6
-0.336956 0.031339 -1.235784 6
-0.335530 -0.019719 -1.213930 6
-0.290430 -0.015740 -1.230481 6
-0.221094 0.021234 -1.269464 6
-0.202513 -0.007684 -1.263240 6
-0.159209 -0.002995 -1.279865 6
-0.102215 0.022005 -1.309924 6
-0.075874 0.004882 -1.311723 6
-0.025840 0.022642 -1.336558 6
-0.009849 -0.009127 -1.328829 6
0.037778 0.007089 -1.352408 6
0.245558 0.276554 -1.538302 4
0.266034 0.258097 -1.538032 4
0.286764 0.239918 -1.538070 4
0.319796 0.242321 -1.551134 4
0.344142 0.230590 -1.555338 4
0.350129 0.186621 -1.539739 4
0.373724 0.173070 -1.543130 4
0.402907 0.169933 -1.552924 4
0.410321 0.126071 -1.538214 4
0.454578 0.152403 -1.565762 4
0.469564 0.122442 -1.559711 4
0.483405 0.089335 -1.552072 4
0.495347 0.051259 -1.541831 4
0.519383 0.037980 -1.546228 4
0.542797 0.023379 -1.549963 4
0.558481 -0.008814 -1.543834 4
0.577409 -0.034438 -1.541680 4
0.596433 -0.060488 -1.539507 4
0.618679 -0.079273 -1.541571 4
0.458317 -0.562662 -1.289387 8
0.489692 -0.571970 -1.299145 8
0.517633 -0.590135 -1.304200 8
0.551269 -0.592605 -1.317773 8
0.524849 -0.766557 -1.240744 7
0.560573 -0.766680 -1.256368 7
-0.883103 0.003760 -1.003492 6
-0.834420 0.000421 -1.016736 6
-0.791936 -0.008393 -1.025623 6
-0.724656 0.009353 -1.054817 6
-0.685885 -0.001603 -1.061811 6
-0.640102 -0.004403 -1.074941 6
-0.600787 -0.013556 -1.083205 6
-0.534362 0.008667 -1.114734 6
-0.484762 0.013251 -1.132873 6
-0.451852 -0.000822 -1.137198 6
-0.400263 0.008031 -1.158181 6
-0.360944 0.003002 -1.168960 6
-0.312650 0.009992 -1.188256 6
-0.272063 0.008232 -1.201169 6
-0.249817 -0.016905 -1.197581 6
-0.209572 -0.018018 -1.210906 6
-0.149074 0.009584 -1.243987 6
-0.102948 0.019049 -1.264234 6
-0.060797 0.024070 -1.281265 6
-0.050842 -0.017212 -1.266915 6
0.005092 0.009656 -1.298537 6
0.035114 -0.001286 -1.304687 6
0.073736 0.001639 -1.320008 6
0.118969 0.016181 -1.342812 6
0.147491 0.004670 -1.348508 6
0.162520 -0.029348 -1.339790 6
0.170289 -0.076731 -1.322842 6
0.213033 -0.063666 -1.344543 6
0.230699 -0.094611 -1.338447 6
0.202447 -0.211606 -1.279087 8
0.224022 -0.238698 -1.276326 8
0.261949 -0.234351 -1.293017 8
0.277901 -0.272933 -1.283563 8
0.317786 -0.263445 -1.303367 8
0.348976 -0.270919 -1.312905 8
0.350998 -0.341114 -1.285368 8
0.393587 -0.323948 -1.309727 8
0.407662 -0.370147 -1.297021 8
0.437208 -0.381656 -1.304734 8
0.454747 -0.421948 -1.296068 8
0.471510 -0.465592 -1.285863 8
0.487734 -0.512262 -1.274354 8
0.514313 -0.533448 -1.277457 8
0.541233 -0.554035 -1.281066 8
0.552466 -0.618973 -1.260589 8
0.582171 -0.633547 -1.268017 8
0.574922 -0.758679 -1.216176 7
0.604226 -0.778081 -1.221805 7
0.632486 -0.801067 -1.225710 7
-0.885435 0.008539 -0.952819 6
-0.835046 0.006354 -0.967604 6
-0.792996 -0.003410 -0.976212 6
-0.740110 -0.001261 -0.994148 6
-0.675405 0.014583 -1.022580 6
-0.639360 0.000913 -1.027776 6
-0.589332 0.003178 -1.045230 6
-0.539144 0.006691 -1.063452 6
-0.523982 -0.029282 -1.051621 6
-0.457850 -0.005506 -1.084904 6
-0.416498 -0.009725 -1.096929 6
-0.353846 0.013127 -1.128851 6
-0.308842 0.015614 -1.145463 6
-0.289042 -0.013402 -1.139041 6
-0.231388 0.007118 -1.168528 6
-0.209911 -0.019313 -1.164106 6
-0.150548 0.006164 -1.196678 6
-0.122301 -0.010164 -1.199452 6
-0.067684 0.011630 -1.228903 6
-0.050462 -0.019808 -1.221173 6
-0.004787 -0.008950 -1.242732 6
0.038224 -0.000837 -1.262211 6
0.065170 -0.016839 -1.265223 6
0.112533 0.000223 -1.290477 6
0.151763 0.005495 -1.307629 6
0.180777 -0.005439 -1.313965 6
0.228854 0.016983 -1.342148 6
0.248289 -0.009544 -1.338283 6
0.268241 -0.035623 -1.334919 6
0.283783 -0.070410 -1.326211 6
0.301009 -0.102907 -1.319254 6
0.273245 -0.224518 -1.256679 8
0.313547 -0.214562 -1.277151 8
0.332359 -0.247601 -1.270938 8
0.364796 -0.252613 -1.282151 8
0.399398 -0.252281 -1.296602 8
0.418630 -0.285458 -1.290846 8
0.447579 -0.297220 -1.298147 8
0.456575 -0.355998 -1.277726 8
0.483249 -0.374190 -1.281643 8
0.501829 -0.412826 -1.273820 8
0.523150 -0.445758 -1.269631 8
0.544244 -0.480352 -1.264784 8
0.554984 -0.544581 -1.243477 8
0.572380 -0.593055 -1.231612 8
0.591780 -0.637810 -1.222265 8
0.602240 -0.711568 -1.197355 7
0.639645 -0.704977 -1.217006 7
0.639679 -0.817901 -1.171919 7
0.673842 -0.823288 -1.185555 7
-0.903574 -0.002049 -0.888771 6
-0.851785 -0.003726 -0.904740 6
-0.795793 -0.000131 -0.924825 6
-0.767523 -0.024195 -0.922290 6
-0.718615 -0.026311 -0.937488 6
-0.647143 -0.002984 -0.972765 6
-0.606177 -0.011481 -0.982450 6
-0.561515 -0.015162 -0.995840 6
-0.504475 -0.003685 -1.020875 6
-0.475779 -0.024260 -1.020931 6
-0.411761 -0.002080 -1.053735 6
-0.370338 -0.005877 -1.066441 6
-0.318099 0.004752 -1.089888 6
-0.299133 -0.026142 -1.082127 6
-0.231287 0.006974 -1.121916 6
-0.187645 0.009859 -1.139017 6
-0.125930 0.038692 -1.174829 6
-0.097598 0.022664 -1.177826 6
-0.054455 0.028138 -1.196282 6
-0.020126 0.021739 -1.206139 6
0.005624 0.002966 -1.207255 6
0.033303 -0.012841 -1.210556 6
0.057988 -0.033261 -1.210744 6
0.111008 -0.007924 -1.242494 6
0.158630 0.010551 -1.269194 6
0.175537 -0.021359 -1.261556 6
0.221941 -0.002690 -1.288083 6
0.264092 0.010177 -1.310466 6
0.280207 -0.023031 -1.302261 6
0.317046 -0.018265 -1.319167 6
0.328880 -0.060453 -1.305509 6
0.357646 -0.070614 -1.312827 6
0.385906 -0.081479 -1.319738 6
0.372147 -0.179357 -1.271690 8
0.393696 -0.206349 -1.269057 8
0.405051 -0.256285 -1.252386 8
0.435865 -0.264255 -1.262046 8
0.455083 -0.298637 -1.255591 8
0.483705 -0.311658 -1.262382 8
0.507532 -0.336282 -1.262286 8
0.545863 -0.324756 -1.283919 8
0.547436 -0.407378 -1.249811 8
0.579259 -0.412893 -1.261625 8
0.586371 -0.486305 -1.234071 8
0.597912 -0.550819 -1.212343 8
0.617065 -0.596074 -1.202204 8
0.641525 -0.627122 -1.200511 8
0.645074 -0.725474 -1.161434 7
0.673549 -0.748009 -1.165358 7
0.711392 -0.739193 -1.186702 7
0.726221 -0.809769 -1.164707 7
-1.115719 -0.088933 -0.720150 6
-1.097929 -0.127640 -0.706151 8
-0.903332 0.005450 -0.838776 6
-0.843432 0.011327 -0.861804 6
-0.785574 0.016461 -0.883898 6
-0.746022 0.003866 -0.890978 6
-0.709543 -0.011486 -0.895752 6
-0.659277 -0.011516 -0.913042 6
-0.619069 -0.021656 -0.921949 6
-0.541927 0.010579 -0.964829 6
-0.505347 -0.001671 -0.971670 6
-0.477160 -0.023389 -0.971018 6
-0.401962 0.011692 -1.014970 6
-0.365069 0.002020 -1.023537 6
-0.314029 0.010725 -1.046230 6
-0.275543 0.004572 -1.057308 6
-0.243230 -0.009061 -1.062648 6
-0.190366 0.005339 -1.089088 6
-0.163530 -0.014580 -1.089627 6
-0.116207 -0.005591 -1.111656 6
-0.064652 0.010837 -1.138905 6
-0.018731 0.020610 -1.160993 6
-0.004750 -0.016545 -1.148991 6
0.039017 -0.008487 -1.169669 6
0.108132 0.041002 -1.219548 6
0.121894 0.003959 -1.207834 6
0.158894 0.004590 -1.222752 6
0.193610 0.002235 -1.235497 6
0.228346 0.000661 -1.248712 6
0.269210 0.010830 -1.269853 6
0.296302 -0.002879 -1.274665 6
0.337147 0.009429 -1.296975 6
0.364636 -0.002537 -1.302943 6
0.377708 -0.042837 -1.290303 6
0.408556 -0.048292 -1.300794 6
0.439816 -0.052314 -1.312201 6
0.416152 -0.173550 -1.248300 8
0.430550 -0.216730 -1.235357 8
0.462489 -0.221664 -1.246964 8
0.492489 -0.230481 -1.256129 8
0.504733 -0.281541 -1.239104 8
0.529069 -0.304805 -1.239671 8
0.544851 -0.350337 -1.226841 8
0.581289 -0.343434 -1.246150 8
0.597276 -0.390573 -1.232933 8
0.631635 -0.388336 -1.249503 8
0.639113 -0.462695 -1.220883 8
0.636646 -0.570820 -1.173281 8
0.665093 -0.589736 -1.178376 8
0.685416 -0.634933 -1.168553 8
0.705384 -0.683491 -1.157247 7
0.727440 -0.727358 -1.149045 7
0.743731 -0.794070 -1.128512 7
-1.150208 -0.056775 -0.667609 6
-1.126049 -0.089824 -0.658362 6
-0.985869 -0.012773 -0.746459 6
-0.917210 -0.000698 -0.776276 6
-0.860699 0.000972 -0.796629 6
-0.799177 0.008906 -0.822088 6
-0.762239 -0.007201 -0.826702 6
-0.691077 0.013305 -0.862252 6
-0.670769 -0.019253 -0.852826 6
-0.623115 -0.021955 -0.868448 6
-0.549643 0.005444 -0.908694 6
-0.523892 -0.020030 -0.905169 6
-0.462313 -0.003328 -0.935963 6
-0.405334 0.009576 -0.963293 6
-0.366165 0.002075 -0.974016 6
-0.325002 -0.002271 -0.987158 6
-0.285661 -0.008194 -0.998954 6
-0.230808 0.007038 -1.027104 6
-0.208291 -0.019706 -1.022557 6
-0.158076 -0.008511 -1.047195 6
-0.109953 0.001190 -1.070414 6
-0.076731 -0.009256 -1.078229 6
-0.028332 0.003173 -1.103092 6
0.010466 0.002575 -1.118042 6
0.042556 -0.007542 -1.125894 6
0.088580 0.004873 -1.150136 6
0.140779 0.028834 -1.182439 6
0.145444 -0.024325 -1.159185 6
0.201707 0.008846 -1.197692 6
0.225678 -0.011937 -1.197749 6
0.264978 -0.005389 -1.217017 6
0.310131 0.013149 -1.244409 6
0.348135 0.020028 -1.263495 6
0.373583 0.003802 -1.266695 6
0.389283 -0.031819 -1.256909 6
0.430882 -0.015572 -1.282146 6
0.441340 -0.062939 -1.264917 6
0.478085 -0.055340 -1.284300 6
0.487457 -0.107168 -1.264762 6
0.486455 -0.184776 -1.229054 8
0.509488 -0.209536 -1.228019 8
0.529147 -0.243001 -1.221653 8
0.555329 -0.261285 -1.225153 8
0.586952 -0.265749 -1.237425 8
0.607240 -0.299584 -1.231489 8
0.625682 -0.339670 -1.222021 8
0.651216 -0.361350 -1.224130 8
0.667390 -0.410828 -1.209645 8
0.677480 -0.481085 -1.183209 8
0.695386 -0.530781 -1.169655 8
0.701915 -0.619895 -1.133426 8
0.722617 -0.666838 -1.122639 7
0.744790 -0.711064 -1.113868 7
0.780071 -0.709982 -1.131414 7
0.804142 -0.749936 -1.125668 7
-1.148847 -0.046243 -0.615129 6
-1.104408 -0.060897 -0.622733 8
-0.951437 0.027907 -0.723956 6
-0.899860 0.023565 -0.739843 6
-0.848701 0.019757 -0.755990 6
-0.793472 0.021023 -0.776399 6
-0.756017 0.005074 -0.781473 6
-0.738272 -0.031310 -0.768819 6
-0.668476 -0.011999 -0.804328 6
-0.610336 -0.003616 -0.830004 6
-0.584891 -0.030689 -0.825373 6
-0.507039 0.002533 -0.871419 6
-0.469052 -0.008726 -0.879835 6
-0.409226 0.006864 -0.910318 6
-0.357030 0.014764 -0.934107 6
-0.339681 -0.019919 -0.923116 6
-0.279637 -0.000135 -0.956152 6
-0.230013 0.007797 -0.979307 6
-0.187358 0.007661 -0.995818 6
-0.137660 0.018206 -1.020530 6
-0.108196 0.001600 -1.023864 6
-0.079222 -0.015556 -1.026837 6
-0.024758 0.005160 -1.058808 6
0.005472 -0.008937 -1.064006 6
0.051477 0.001705 -1.087828 6
0.084493 -0.006869 -1.097071 6
0.134424 0.012618 -1.127023 6
0.157820 -0.010334 -1.125524 6
0.196591 -0.007212 -1.143129 6
0.232746 -0.007616 -1.158043 6
0.279406 0.011777 -1.186996 6
0.310443 0.004214 -1.196515 6
0.337108 -0.011149 -1.200542 6
0.386522 0.017843 -1.235555 6
0.402880 -0.016790 -1.226178 6
0.451547 0.013924 -1.261880 6
0.485764 0.016733 -1.278186 6
0.509705 -0.001722 -1.280052 6
0.504898 -0.084555 -1.239054 6
0.528707 -0.105563 -1.239859 6
0.537666 -0.162045 -1.217534 8
0.555182 -0.200151 -1.207730 8
0.573146 -0.238526 -1.198107 8
0.603585 -0.246009 -1.208604 8
0.629530 -0.265005 -1.211813 8
0.663513 -0.262042 -1.228974 8
0.676329 -0.318320 -1.209117 8
0.702322 -0.338524 -1.212100 8
0.718481 -0.389172 -1.196604 8
0.727492 -0.465051 -1.166289 8
0.737202 -0.543158 -1.135400 8
0.748123 -0.621944 -1.104896 8
0.762290 -0.694222 -1.079033 7
0.756019 -0.846431 -1.007104 7
0.819031 -0.744087 -1.084403 7
0.852744 -0.748904 -1.098978 7
-1.149911 -0.037817 -0.560071 6
-1.076662 -0.026373 -0.592675 8
-0.983303 0.005812 -0.644023 6
-0.924202 0.007539 -0.666448 6
-0.876870 -0.001102 -0.679067 6
-0.806166 0.014615 -0.713570 6
-0.782903 -0.016763 -0.705289 6
-0.697187 0.017435 -0.755532 6
-0.664033 -0.002382 -0.757367 6
-0.618190 -0.008012 -0.771645 6
-0.562807 -0.002062 -0.795791 6
-0.520030 -0.009295 -0.808288 6
-0.469302 -0.006430 -0.829258 6
-0.426319 -0.011718 -0.843082 6
-0.384900 -0.018139 -0.855819 6
-0.314715 0.012431 -0.899140 6
-0.299700 -0.025714 -0.885288 6
-0.231700 0.005277 -0.928185 6
-0.201624 -0.012485 -0.931025 6
-0.122122 0.038195 -0.988838 6
-0.110493 -0.003751 -0.972109 6
-0.063397 0.004617 -0.995468 6
-0.032845 -0.010183 -1.000433 6
0.026203 0.018528 -1.039190 6
0.034256 -0.029744 -1.018207 6
0.090442 -0.002733 -1.055130 6
0.125043 -0.008696 -1.066626 6
0.170947 0.004904 -1.092737 6
0.195800 -0.016030 -1.092863 6
0.236079 -0.009947 -1.113053 6
0.263403 -0.026036 -1.116830 6
0.309781 -0.006712 -1.146375 6
0.336240 -0.023366 -1.149696 6
0.375284 -0.015398 -1.170672 6
0.407855 -0.019079 -1.183210 6
0.452489 0.002854 -1.213655 6
0.483660 -0.001644 -1.225365 6
0.497047 -0.044329 -1.210707 6
0.553399 0.007962 -1.261389 6
0.563124 -0.043611 -1.240975 6
0.579110 -0.082466 -1.229624 6
0.580017 -0.159822 -1.192986 8
0.598320 -0.197001 -1.183695 8
0.627036 -0.208354 -1.191664 8
0.649089 -0.237440 -1.188175 8
0.671243 -0.267179 -1.184521 8
0.708717 -0.253731 -1.208684 8
0.728988 -0.289661 -1.201404 8
0.752669 -0.316575 -1.200111 8
0.757025 -0.406350 -1.160001 8
0.762078 -0.499492 -1.118749 8
0.773752 -0.575839 -1.088714 8
0.771071 -0.708688 -1.025287 7
0.764439 -0.866027 -0.948579 7
0.800923 -0.867270 -0.966231 7
0.870805 -0.731231 -1.064623 7
0.897585 -0.764896 -1.062550 7
-1.110861 0.006866 -0.539521 6
-1.038096 0.018036 -0.572722 6
-0.981160 0.016035 -0.592796 6
-0.925409 0.014018 -0.612538 6
-0.867293 0.015435 -0.635195 6
-0.812564 0.014685 -0.655493 6
-0.786750 -0.014691 -0.649155 6
-0.724239 -0.005633 -0.678044 6
-0.671205 -0.005218 -0.698682 6
-0.635292 -0.022498 -0.703183 6
-0.585973 -0.024369 -0.721367 6
-0.526153 -0.013142 -0.750850 6
-0.474775 -0.010246 -0.772638 6
-0.448523 -0.036393 -0.769017 6
-0.378753 -0.009090 -0.811393 6
-0.338681 -0.016886 -0.823298 6
-0.294688 -0.018951 -0.839929 6
-0.238009 -0.003345 -0.871153 6
-0.199559 -0.010603 -0.883004 6
-0.150681 -0.002782 -0.907154 6
-0.096976 0.013246 -0.937695 6
-0.068121 -0.004992 -0.940154 6
-0.005558 0.026912 -0.982854 6
0.001729 -0.022733 -0.960184 6
0.058947 0.003956 -0.998138 6
0.096267 0.001155 -1.012551 6
0.129267 -0.007908 -1.022001 6
0.177566 0.009208 -1.051527 6
0.201842 -0.013227 -1.050577 6
0.255349 0.015768 -1.088612 6
0.285830 0.005468 -1.096727 6
0.304691 -0.026090 -1.089067 6
0.346149 -0.015210 -1.112921 6
0.388953 -0.000152 -1.139572 6
0.430668 0.014474 -1.165612 6
0.461335 0.007919 -1.176165 6
0.486677 -0.009462 -1.178989 6
0.524504 0.000504 -1.201219 6
0.543655 -0.030256 -1.194741 6
0.592449 0.007125 -1.235802 6
0.612971 -0.020146 -1.231867 6
0.619058 -0.083929 -1.203273 6
0.632615 -0.131743 -1.186138 6
0.660642 -0.143521 -1.193627 8
0.679562 -0.179906 -1.184824 8
0.706749 -0.194462 -1.190740 8
0.723389 -0.239749 -1.176685 8
0.763741 -0.215643 -1.207983 8
0.777134 -0.273057 -1.186644 8
0.806467 -0.281972 -1.196724 8
0.810757 -0.374877 -1.153912 8
0.800231 -0.525927 -1.075766 8
0.817714 -0.586002 -1.055558 8
0.824138 -0.691912 -1.007843 7
0.822172 -0.839021 -0.936203 7
0.851913 -0.866639 -0.938103 7
0.921226 -0.723755 -1.042005 7
0.961972 -0.695431 -1.076540 7
-1.132766 0.052113 -0.497206 6
-1.111813 0.015474 -0.484091 6
-1.022707 0.041015 -0.532686 6
-0.987894 0.018005 -0.532897 6
-0.924432 0.022689 -0.560002 6
-0.856663 0.033035 -0.592099 6
-0.811887 0.021969 -0.603282 6
-0.608261 0.174648 -0.768789 3
-0.539270 0.194078 -0.806809 3
-0.638509 0.034843 -0.678681 6
-0.632493 -0.015008 -0.653343 6
-0.572427 -0.005309 -0.682724 6
-0.552485 -0.040150 -0.671491 6
-0.480050 -0.013780 -0.715269 6
-0.430416 -0.012507 -0.736126 6
-0.354793 0.021895 -0.785819 6
-0.338782 -0.016108 -0.771682 6
-0.289343 -0.011757 -0.794456 6
-0.218195 0.022499 -0.842539 6
-0.178658 0.016717 -0.855921 6
-0.145193 0.003272 -0.862734 6
-0.096746 0.011415 -0.887548 6
-0.071284 -0.012397 -0.885622 6
-0.023653 -0.003418 -0.910736 6
0.013194 -0.009427 -0.923356 6
0.061963 0.003869 -0.951448 6
0.102899 0.006277 -0.970485 6
0.139990 0.003469 -0.985194 6
0.174290 -0.003216 -0.996737 6
0.211710 -0.003895 -1.012898 6
0.250595 -0.001051 -1.031644 6
0.298777 0.019826 -1.064028 6
0.316816 -0.013566 -1.054779 6
0.354657 -0.009811 -1.073810 6
0.382972 -0.023692 -1.079494 6
0.409601 -0.040826 -1.082822 6
0.470960 0.014498 -1.139452 6
0.476899 -0.045017 -1.111668 6
0.530636 -0.001437 -1.158934 6
0.567058 0.006295 -1.179899 6
0.604402 0.017611 -1.203213 6
0.630226 0.002708 -1.207846 6
0.645571 -0.038338 -1.194328 6
0.670017 -0.057636 -1.196253 6
0.688656 -0.092685 -1.187522 6
0.687284 -0.184151 -1.140776 8
0.715544 -0.196599 -1.148265 8
0.751387 -0.186539 -1.170851 8
0.768711 -0.231213 -1.157002 8
0.799341 -0.236013 -1.169763 8
0.824204 -0.259037 -1.170652 8
0.844973 -0.296741 -1.162270 8
0.859919 -0.357052 -1.139806 8
0.840158 -0.549691 -1.034160 8
0.865599 -0.583193 -1.030517 8
0.824168 -0.888054 -0.858412 7
0.864490 -0.874795 -0.885747 7
0.910552 -0.833383 -0.930061 7
0.966728 -0.739356 -1.005687 7
-1.293215 0.036068 -0.364861 6
-1.217695 0.044119 -0.398834 6
-1.161125 0.037321 -0.416821 6
-1.093742 0.041208 -0.445417 6
-1.015843 0.056196 -0.484748 6
-0.765181 0.234779 -0.687611 2
-0.687043 0.257670 -0.731859 2
-0.655782 0.236867 -0.732272 2
-0.601470 0.239303 -0.755407 2
-0.544731 0.245443 -0.781748 2
-0.510554 0.229321 -0.786327 2
-0.453746 0.237779 -0.814222 2
-0.384674 0.261135 -0.855694 2
-0.342073 0.256928 -0.870783 2
-0.293522 0.260376 -0.892746 2
-0.275422 0.229237 -0.882708 2
-0.242890 0.214983 -0.888254 2
-0.376205 -0.002943 -0.710501 6
-0.348091 -0.026910 -0.708958 6
-0.289145 -0.011194 -0.742626 6
-0.251052 -0.021172 -0.753286 6
-0.189208 0.001534 -0.792262 6
-0.126211 0.027991 -0.833901 6
-0.101033 0.003145 -0.831119 6
-0.050001 0.015661 -0.860125 6
-0.009917 0.013515 -0.876442 6
0.025083 0.004510 -0.886887 6
0.061879 -0.001137 -0.900043 6
0.107335 0.007823 -0.925047 6
0.148636 0.011401 -0.945385 6
0.179663 -0.001198 -0.952497 6
0.216905 -0.002709 -0.968458 6
0.253792 -0.003951 -0.984495 6
0.284586 -0.015413 -0.992386 6
0.326367 -0.005905 -1.016580 6
0.352063 -0.025918 -1.017757 6
0.407108 0.012115 -1.063409 6
0.438074 0.004184 -1.073614 6
0.467993 -0.005441 -1.082522 6
0.514265 0.020656 -1.118034 6
0.542686 0.009570 -1.125641 6
0.562084 -0.021909 -1.118347 6
0.605047 0.001312 -1.151038 6
0.643690 0.016446 -1.177515 6
0.675452 0.016215 -1.192742 6
0.693203 -0.019461 -1.182805 6
0.687390 -0.119825 -1.127849 6
0.715227 -0.132618 -1.134892 8
0.726594 -0.192612 -1.109472 8
0.763381 -0.180164 -1.134168 8
0.787460 -0.204950 -1.133416 8
0.814432 -0.221245 -1.138575 8
0.834605 -0.260333 -1.128681 8
0.863340 -0.271771 -1.137403 8
0.879238 -0.329269 -1.116078 8
0.907520 -0.343933 -1.123097 8
0.885622 -0.555592 -1.003744 8
0.907361 -0.606235 -0.989211 8
0.882996 -0.858448 -0.848102 7
0.919704 -0.858657 -0.867258 7
0.981419 -0.738770 -0.960694 7
-1.284175 0.055003 -0.316222 6
-1.205013 0.065698 -0.354213 6
-1.155043 0.052839 -0.366488 6
-1.092240 0.052166 -0.391332 6
-1.059382 0.025498 -0.388690 6
-0.790243 0.219208 -0.613048 2
-0.685533 0.266301 -0.683623 2
-0.650428 0.248820 -0.687665 2
-0.563753 0.283153 -0.743521 2
-0.477272 0.320001 -0.800871 2
-0.416627 0.332646 -0.833436 2
-0.352676 0.350475 -0.870497 2
-0.309087 0.347891 -0.887253 2
-0.286473 0.322713 -0.882178 2
-0.234785 0.330681 -0.908638 2
-0.222037 0.294349 -0.893126 2
-0.198437 0.270318 -0.889398 2
-0.149215 0.277637 -0.914702 2
-0.112568 0.270468 -0.926404 2
-0.090519 0.245122 -0.921525 2
-0.076250 0.209253 -0.907374 2
-0.050581 0.188026 -0.906585 2
-0.146105 -0.001133 -0.757839 6
-0.100684 0.001407 -0.779327 6
-0.041472 0.025187 -0.818954 6
-0.013018 0.005338 -0.820532 6
0.024755 -0.000243 -0.834345 6
0.061242 -0.007099 -0.846963 6
0.093462 -0.020148 -0.854300 6
0.146397 0.001323 -0.890280 6
0.184609 0.000008 -0.907025 6
0.217707 -0.009260 -0.917127 6
0.254824 -0.010853 -0.933394 6
0.292703 -0.010132 -0.951374 6
0.329533 -0.010351 -0.968438 6
0.360047 -0.021823 -0.976483 6
0.404095 -0.005986 -1.005874 6
0.436206 -0.012710 -1.017432 6
0.477661 0.000880 -1.044544 6
0.509816 -0.003938 -1.057327 6
0.551048 0.012262 -1.085915 6
0.573274 -0.013410 -1.082824 6
0.615444 0.007763 -1.114714 6
0.627729 -0.042118 -1.093934 6
0.693630 0.041732 -1.171234 6
0.704963 -0.010830 -1.148715 6
0.727966 -0.034357 -1.147569 6
0.725437 -0.130118 -1.095272 6
0.750759 -0.150779 -1.096978 8
0.780620 -0.158204 -1.108086 8
0.809064 -0.169518 -1.116500 8
0.825505 -0.219540 -1.098392 8
0.850965 -0.241979 -1.099567 8
0.881597 -0.246926 -1.112723 8
0.894452 -0.316160 -1.082887 8
0.916395 -0.355511 -1.073591 8
0.948176 -0.357888 -1.088958 8
0.970005 -0.400767 -1.077926 8
0.931228 -0.711963 -0.894310 7
0.932694 -0.868048 -0.813368 7
0.989365 -0.771599 -0.894066 7
1.001941 -0.888230 -0.839890 7
-1.228937 0.056285 -0.275354 6
-1.141267 0.075105 -0.323002 6
-1.087957 0.065696 -0.339307 6
-1.033650 0.058103 -0.357241 6
-0.681926 0.327821 -0.667663 2
-0.569716 0.383693 -0.748472 2
-0.490814 0.410909 -0.798079 2
-0.436230 0.416285 -0.824371 2
-0.366508 0.438405 -0.867213 2
-0.342402 0.415047 -0.863522 2
-0.301258 0.409800 -0.878003 2
-0.261801 0.403487 -0.891210 2
-0.232348 0.386700 -0.893979 2
-0.207361 0.365007 -0.891999 2
-0.204365 0.317511 -0.865324 2
-0.147284 0.333629 -0.899764 2
-0.115715 0.320181 -0.905760 2
-0.066315 0.329504 -0.933014 2
-0.034783 0.317234 -0.939847 2
-0.020286 0.282843 -0.926323 2
0.009714 0.268695 -0.931550 2
0.022043 0.230322 -0.914914 2
0.047307 0.209377 -0.914250 2
-0.053341 0.004985 -0.751060 6
0.004910 0.028485 -0.791091 6
0.021247 -0.009946 -0.776586 6
0.056883 -0.019006 -0.787811 6
0.101959 -0.012272 -0.812482 6
0.161482 0.019761 -0.858322 6
0.180657 -0.013991 -0.848143 6
0.218620 -0.015772 -0.864935 6
0.267891 0.003638 -0.899095 6
0.300788 -0.005003 -0.909803 6
0.328601 -0.022735 -0.913074 6
0.359778 -0.033910 -0.921710 6
0.413019 -0.000527 -0.965944 6
0.446402 -0.005094 -0.979502 6
0.491062 0.015008 -1.012350 6
0.518108 -0.001173 -1.016534 6
0.555520 0.006013 -1.038835 6
0.598272 0.027071 -1.071526 6
0.617216 -0.006608 -1.062278 6
0.653115 0.000508 -1.084037 6
0.689556 0.010505 -1.107734 6
0.719628 0.005358 -1.119989 6
0.732909 -0.045059 -1.099019 6
0.740184 -0.115035 -1.064368 6
0.777293 -0.101441 -1.090696 8
0.797369 -0.137601 -1.081220 8
0.814024 -0.186247 -1.063257 8
0.830373 -0.238591 -1.043206 8
0.862202 -0.241079 -1.058380 8
0.880328 -0.291384 -1.040527 8
0.903297 -0.326814 -1.033362 8
0.932918 -0.338319 -1.042743 8
0.957996 -0.368032 -1.039957 8
0.986075 -0.386498 -1.044928 8
1.010864 -0.420127 -1.040045 8
0.950275 -0.857061 -0.771984 7
0.998502 -0.800839 -0.828310 7
1.023261 -0.859370 -0.810274 7
1.064597 -0.831157 -0.847993 7
-1.239464 0.058485 -0.207612 6
-1.145484 0.081857 -0.262057 6
-0.683087 0.433338 -0.677847 2
-0.582494 0.475464 -0.746987 2
-0.516094 0.489073 -0.783890 2
-0.455445 0.498986 -0.816121 2
-0.389594 0.515499 -0.854750 2
-0.356762 0.501074 -0.860136 2
-0.327985 0.482888 -0.861535 2
-0.283135 0.481594 -0.880361 2
-0.250896 0.467834 -0.886139 2
-0.212497 0.461148 -0.899010 2
-0.193344 0.433664 -0.890844 2
-0.143358 0.441101 -0.917559 2
-0.145191 0.389240 -0.885501 2
-0.085884 0.409143 -0.924044 2
-0.069686 0.378077 -0.912721 2
-0.047087 0.354519 -0.908857 2
0.011802 0.377542 -0.949315 2
0.031957 0.351535 -0.943040 2
0.053526 0.327108 -0.938426 2
0.061038 0.282920 -0.915733 2
0.086534 0.263038 -0.915771 2
0.104959 0.232810 -0.906517 2
0.134582 0.218752 -0.912057 2
0.027846 -0.004244 -0.731415 6
0.070408 -0.002884 -0.752212 6
0.109759 -0.005573 -0.769216 6
0.137446 -0.026692 -0.770047 6
0.194426 0.002004 -0.813850 6
0.229596 -0.004838 -0.826706 6
0.263476 -0.013334 -0.838069 6
0.304764 -0.007567 -0.861324 6
0.333206 -0.024850 -0.865155 6
0.381469 -0.003328 -0.901031 6
0.416160 -0.006821 -0.915997 6
0.444752 -0.022126 -0.921281 6
0.472781 -0.038519 -0.925747 6
0.514018 -0.025820 -0.953441 6
0.555058 -0.011729 -0.981910 6
0.586947 -0.017114 -0.994807 6
0.631220 0.008112 -1.031380 6
0.668392 0.018328 -1.055943 6
0.699524 0.014693 -1.069682 6
0.730586 0.011658 -1.083802 6
0.753480 -0.013106 -1.081563 6
0.765152 -0.070722 -1.055132 6
0.779642 -0.123163 -1.033142 8
0.805204 -0.144364 -1.034515 8
0.834883 -0.152898 -1.045215 8
0.850057 -0.209249 -1.021625 8
0.879026 -0.221246 -1.030174 8
0.898228 -0.268357 -1.014029 8
0.930554 -0.268836 -1.030946 8
0.950519 -0.316857 -1.014862 8
0.978547 -0.334786 -1.019926 8
1.002346 -0.371456 -1.012378 8
1.030838 -0.389086 -1.018024 8
0.991079 -0.734917 -0.804597 7
1.012189 -0.809256 -0.774953 7
1.070386 -0.691494 -0.872111 7
1.075176 -0.861770 -0.780585 7
1.114212 -0.844514 -0.811770 7
-0.690699 0.530528 -0.682005 2
-0.619263 0.544779 -0.722235 2
-0.561487 0.548857 -0.750106 2
-0.469940 0.584701 -0.813027 2
-0.396889 0.606306 -0.858878 2
-0.368038 0.588274 -0.860268 2
-0.332468 0.576930 -0.868923 2
-0.307381 0.555708 -0.866791 2
-0.259170 0.557944 -0.889748 2
-0.232061 0.539414 -0.890356 2
-0.191002 0.535831 -0.906625 2
-0.156066 0.526419 -0.916583 2
-0.137468 0.499339 -0.908264 2
-0.109762 0.482329 -0.910388 2
-0.073683 0.475268 -0.922544 2
-0.022628 0.486779 -0.953062 2
-0.024415 0.434992 -0.920501 2
0.019033 0.438481 -0.942743 2
0.026858 0.397216 -0.921211 2
0.048150 0.372637 -0.916188 2
0.078769 0.360416 -0.923110 2
0.104019 0.341095 -0.923282 2
0.131461 0.324879 -0.926439 2
0.142725 0.285179 -0.907840 2
0.158279 0.250814 -0.894568 2
0.190153 0.240710 -0.903736 2
0.216401 0.222184 -0.905234 2
0.099099 -0.028828 -0.698645 6
0.147489 -0.016814 -0.729227 6
0.196251 -0.002421 -0.761489 6
0.228363 -0.015386 -0.769454 6
0.268468 -0.013583 -0.790173 6
0.304806 -0.017598 -0.805676 6
0.349664 -0.004512 -0.835571 6
0.392802 0.007022 -0.863777 6
0.429952 0.008184 -0.882972 6
0.460856 -0.002547 -0.892132 6
0.503108 0.011483 -0.921595 6
0.526985 -0.013237 -0.919172 6
0.553069 -0.033429 -0.920590 6
0.601296 -0.001659 -0.963681 6
0.630091 -0.014044 -0.971187 6
0.674578 0.013297 -1.009935 6
0.710975 0.022526 -1.034066 6
0.737059 0.005692 -1.037813 6
0.775939 0.024427 -1.068889 6
0.795669 -0.009776 -1.059417 6
0.790216 -0.121060 -0.992281 8
0.817313 -0.138360 -0.996585 8
0.839034 -0.173292 -0.987962 8
0.864742 -0.196441 -0.988313 8
0.884024 -0.242925 -0.971900 8
0.917048 -0.241770 -0.990278 8
0.936788 -0.290178 -0.973162 8
0.964280 -0.310668 -0.976306 8
0.988280 -0.346488 -0.968861 8
1.015238 -0.371444 -0.969317 8
1.043897 -0.389653 -0.974640 8
1.066129 -0.439934 -0.958205 8
1.022096 -0.838664 -0.706585 7
1.076831 -0.739947 -0.793226 7
1.092423 -0.856132 -0.735821 7
1.130346 -0.846372 -0.762639 7
-0.717007 0.564718 -0.638351 2
-0.566361 0.643689 -0.757155 2
-0.504069 0.652047 -0.790514 2
-0.428938 0.673192 -0.838018 2
-0.395415 0.659114 -0.844037 2
-0.332932 0.672052 -0.880673 2
-0.304067 0.655032 -0.882831 2
-0.292404 0.621650 -0.866718 2
-0.257310 0.610819 -0.875832 2
-0.213531 0.609275 -0.894937 2
-0.181455 0.596563 -0.901608 2
-0.156623 0.576561 -0.900370 2
-0.122600 0.566570 -0.909813 2
-0.090247 0.555228 -0.917694 2
-0.056045 0.546425 -0.928112 2
-0.026955 0.532203 -0.932792 2
0.012320 0.530437 -0.950158 2
0.034247 0.508279 -0.946623 2
0.028197 0.450814 -0.907821 2
0.062883 0.443903 -0.920005 2
0.105274 0.447795 -0.942662 2
0.095603 0.382348 -0.897371 2
0.140554 0.390373 -0.923961 2
0.156752 0.358828 -0.912266 2
0.182853 0.341084 -0.913958 2
0.218226 0.337291 -0.928824 2
0.226977 0.293283 -0.906039 2
0.240295 0.255111 -0.889141 2
0.257659 0.222430 -0.877669 2
0.277900 0.193755 -0.870137 2
0.188915 -0.022689 -0.693964 6
0.222581 -0.034149 -0.703740 6
0.269272 -0.021561 -0.734721 6
0.307417 -0.023074 -0.752936 6
0.348218 -0.018490 -0.776260 6
0.395961 0.001160 -0.812279 6
0.423648 -0.017706 -0.814944 6
0.470561 0.003643 -0.851717 6
0.503912 -0.001898 -0.865446 6
0.530280 -0.022270 -0.866753 6
0.568677 -0.015207 -0.890793 6
0.599557 -0.024442 -0.901252 6
0.644864 0.002205 -0.940745 6
0.676567 -0.002755 -0.954333 6
0.721980 0.029033 -0.997095 6
0.748937 0.013994 -1.002326 6
0.791241 0.042211 -1.041464 6
0.805806 -0.007465 -1.019686 6
0.806075 -0.103255 -0.963002 6
0.834372 -0.117006 -0.969994 8
0.863939 -0.126506 -0.980255 8
0.884998 -0.164697 -0.969039 8
0.905768 -0.205983 -0.955911 8
0.931016 -0.232984 -0.953717 8
0.958813 -0.251221 -0.958154 8
0.980669 -0.294144 -0.944873 8
1.006282 -0.323832 -0.941521 8
1.038152 -0.326924 -0.957330 8
1.057893 -0.386561 -0.933285 8
1.092501 -0.376698 -0.958371 8
1.112331 -0.442758 -0.930760 8
1.093504 -0.734204 -0.749485 7
1.108598 -0.857804 -0.685675 7
1.148029 -0.839608 -0.718681 7
1.182376 -0.851805 -0.731116 7
-0.700909 0.678321 -0.666488 2
-0.633453 0.686892 -0.703024 2
-0.536199 0.721287 -0.770499 2
-0.467289 0.734965 -0.811252 2
-0.424364 0.728304 -0.826613 2
-0.348385 0.751270 -0.876924 2
-0.351714 0.705541 -0.845199 2
-0.289378 0.718772 -0.882897 2
-0.263174 0.699817 -0.882670 2
-0.240530 0.677556 -0.878678 2
-0.210351 0.662655 -0.883101 2
-0.167316 0.661014 -0.902295 2
-0.131445 0.652911 -0.913966 2
-0.089041 0.652325 -0.933681 2
-0.083663 0.612567 -0.910481 2
-0.051381 0.601711 -0.918862 2
-0.004251 0.608204 -0.945604 2
0.012638 0.580724 -0.936028 2
0.023606 0.545760 -0.918858 2
0.048988 0.527672 -0.919534 2
0.069028 0.502933 -0.913433 2
0.099047 0.490762 -0.920274 2
0.122020 0.469636 -0.918036 2
0.146875 0.450940 -0.918331 2
0.157755 0.412824 -0.899500 2
0.186868 0.399688 -0.905547 2
0.200024 0.363487 -0.889184 2
0.222818 0.340822 -0.886214 2
0.249214 0.323483 -0.888459 2
0.267441 0.293254 -0.878584 2
0.297389 0.281439 -0.886211 2
0.307235 0.236351 -0.862940 2
0.337555 0.224938 -0.871141 2
0.247923 0.001846 -0.686422 6
0.273572 -0.023388 -0.683769 6
0.333968 0.016043 -0.739177 6
0.343130 -0.039781 -0.709214 6
0.387299 -0.028392 -0.739027 6
0.423048 -0.032404 -0.755027 6
0.464168 -0.024230 -0.781417 6
0.493186 -0.040726 -0.786351 6
0.551966 0.009589 -0.848090 6
0.577322 -0.013105 -0.847431 6
0.625316 0.017967 -0.891808 6
0.651019 -0.002887 -0.892600 6
0.693476 0.018806 -0.928429 6
0.724776 0.013589 -0.941912 6
0.760787 0.022047 -0.966341 6
0.795969 0.029901 -0.990024 6
0.836194 0.054396 -1.026641 6
0.818562 -0.095801 -0.925605 6
0.849579 -0.101473 -0.938997 8
0.861574 -0.169697 -0.904067 8
0.898289 -0.156723 -0.932038 8
0.917772 -0.203750 -0.914215 8
0.945447 -0.222729 -0.917978 8
0.973717 -0.239794 -0.923298 8
0.995040 -0.286068 -0.907159 8
1.023387 -0.304914 -0.911587 8
1.048561 -0.338910 -0.905161 8
1.074828 -0.369853 -0.901263 8
1.100532 -0.405718 -0.894152 8
1.129795 -0.424877 -0.899196 8
1.113230 -0.711505 -0.717191 7
1.129322 -0.832555 -0.653547 7
1.165133 -0.837624 -0.671041 7
1.200695 -0.843020 -0.688277 7
-0.677333 0.793415 -0.701823 2
-0.628267 0.787401 -0.720632 2
-0.566222 0.792287 -0.753034 2
-0.479890 0.817757 -0.810933 2
-0.437985 0.809762 -0.825236 2
-0.366019 0.827381 -0.871166 2
-0.360779 0.790378 -0.848619 2
-0.307871 0.794054 -0.876223 2
-0.262531 0.792248 -0.896596 2
-0.252250 0.759423 -0.879453 2
-0.208047 0.757726 -0.899482 2
-0.175350 0.745965 -0.907318 2
-0.146419 0.730949 -0.911230 2
-0.126209 0.707436 -0.905333 2
-0.091739 0.698456 -0.916063 2
-0.059320 0.687866 -0.924792 2
-0.026363 0.678322 -0.934537 2
0.003791 0.666178 -0.941256 2
0.027653 0.647250 -0.940479 2
0.052524 0.629515 -0.941044 2
0.050968 0.580288 -0.907959 2
0.101089 0.592812 -0.940966 2
0.088630 0.528365 -0.892636 2
0.132566 0.534206 -0.918325 2
0.158937 0.518123 -0.921019 2
0.172876 0.485322 -0.906673 2
0.184023 0.447890 -0.887979 2
0.220513 0.445630 -0.904916 2
0.241736 0.421862 -0.900280 2
0.259900 0.393192 -0.890988 2
0.270233 0.351844 -0.869598 2
0.278086 0.305286 -0.843650 2
0.317389 0.308461 -0.865837 2
0.354574 0.309279 -0.885486 2
0.366481 0.267554 -0.864911 2
0.382538 0.231805 -0.850369 2
0.409093 0.214161 -0.852900 2
0.336432 0.010062 -0.684930 6
0.360842 -0.017324 -0.680267 6
0.397072 -0.021676 -0.696516 6
0.441186 -0.008955 -0.727821 6
0.458782 -0.050511 -0.710783 6
0.497452 -0.047490 -0.733201 6
0.556103 0.002001 -0.795690 6
0.583472 -0.017060 -0.798273 6
0.632649 0.016315 -0.845665 6
0.659384 -0.002849 -0.847973 6
0.703968 0.023863 -0.888831 6
0.730796 0.006149 -0.892232 6
0.772562 0.029704 -0.929708 6
0.810537 0.045288 -0.960186 6
0.843518 0.048306 -0.980127 6
0.810983 -0.150995 -0.837613 8
0.851346 -0.129502 -0.873291 8
0.882721 -0.135235 -0.887071 8
0.917594 -0.127861 -0.911032 8
0.934432 -0.184880 -0.884893 8
0.958430 -0.218317 -0.877501 8
0.988874 -0.227582 -0.888828 8
1.017620 -0.243557 -0.895095 8
1.034398 -0.313179 -0.861352 8
1.063560 -0.330609 -0.867085 8
1.092601 -0.349055 -0.872190 8
1.114907 -0.403640 -0.851120 8
1.149026 -0.397117 -0.874736 8
1.173908 -0.443267 -0.860506 8
1.151168 -0.799837 -0.626836 7
1.183471 -0.828437 -0.627898 7
1.223183 -0.804009 -0.666115 7
-0.706117 0.826052 -0.657272 2
-0.603974 0.857670 -0.728344 2
-0.515550 0.881906 -0.787741 2
-0.443598 0.895968 -0.832188 2
-0.411717 0.880477 -0.836830 2
-0.341785 0.895915 -0.881378 2
-0.330493 0.864933 -0.865441 2
-0.304194 0.846154 -0.865283 2
-0.264539 0.839072 -0.879748 2
-0.218919 0.837995 -0.901316 2
-0.195979 0.817306 -0.898380 2
-0.168003 0.801311 -0.901188 2
-0.131625 0.793569 -0.913830 2
-0.097830 0.783934 -0.923962 2
-0.090251 0.748542 -0.903652 2
-0.043446 0.752687 -0.929715 2
-0.044108 0.708045 -0.899146 2
0.014380 0.726011 -0.940505 2
0.046846 0.717072 -0.950733 2
0.050764 0.676256 -0.925210 2
0.071011 0.653332 -0.919996 2
0.106411 0.648291 -0.934492 2
0.102827 0.596259 -0.897823 2
0.142266 0.596512 -0.918025 2
0.154223 0.562369 -0.901325 2
0.170731 0.533426 -0.890472 2
0.194579 0.513891 -0.889696 2
0.223881 0.501893 -0.896786 2
0.257739 0.496746 -0.910824 2
0.271441 0.462724 -0.895386 2
0.282647 0.424066 -0.875647 2
0.314104 0.415629 -0.886439 2
0.330668 0.384018 -0.874253 2
0.351386 0.358424 -0.868257 2
0.370079 0.328977 -0.858724 2
0.389509 0.300122 -0.850027 2
0.417574 0.285983 -0.855587 2
0.428361 0.240374 -0.831471 2
0.462322 0.236810 -0.847189 2
0.472800 0.188416 -0.821210 2
0.404735 -0.019320 -0.649500 6
0.439747 -0.025924 -0.663984 6
0.467238 -0.047824 -0.664549 6
0.526285 -0.000508 -0.727128 6
0.550751 -0.027527 -0.722867 6
0.587823 -0.025578 -0.744271 6
0.639463 0.013086 -0.797419 6
0.671974 0.007509 -0.811596 6
0.708348 0.012762 -0.834941 6
0.748321 0.029293 -0.867597 6
0.786296 0.042644 -0.897164 6
0.820275 0.046570 -0.918515 6
0.857220 0.060962 -0.948300 6
0.821750 -0.150260 -0.792932 6
0.887206 -0.046933 -0.895827 6
0.898407 -0.119004 -0.855937 8
0.926661 -0.135273 -0.861437 8
0.944873 -0.189249 -0.837205 8
0.980043 -0.180574 -0.862696 8
1.007489 -0.201379 -0.865027 8
1.027808 -0.253711 -0.843231 8
1.057747 -0.266339 -0.852330 8
1.085179 -0.290900 -0.852446 8
1.106557 -0.347636 -0.828642 8
1.134761 -0.372762 -0.828973 8
1.162288 -0.403337 -0.825509 8
1.188397 -0.445065 -0.814193 8
1.165688 -0.814966 -0.565843 7
1.198314 -0.845181 -0.565794 7
1.237287 -0.828744 -0.599178 7
-0.697058 0.926774 -0.679127 2
-0.620316 0.938451 -0.725163 2
-0.558147 0.941733 -0.758100 2
-0.461788 0.971137 -0.826554 2
-0.410947 0.969497 -0.850516 2
-0.405598 0.934335 -0.828234 2
-0.337355 0.947551 -0.871460 2
-0.304777 0.934053 -0.878134 2
-0.296824 0.900785 -0.858651 2
-0.240871 0.907249 -0.891159 2
-0.209248 0.894163 -0.897810 2
-0.196019 0.865232 -0.884178 2
-0.146574 0.868672 -0.911465 2
-0.148802 0.825378 -0.880118 2
-0.093056 0.836075 -0.915756 2
-0.060624 0.825605 -0.924910 2
-0.035332 0.808476 -0.925868 2
0.010075 0.812094 -0.951500 2
0.034001 0.794312 -0.951413 2
0.039944 0.757225 -0.928844 2
0.059176 0.733903 -0.922634 2
0.077387 0.709208 -0.915007 2
0.103137 0.692984 -0.917140 2
0.124204 0.671318 -0.913172 2
0.157971 0.665033 -0.926372 2
0.153412 0.611307 -0.887273 2
0.181052 0.597188 -0.892038 2
0.204361 0.577583 -0.890857 2
0.215342 0.541193 -0.871848 2
0.245629 0.530726 -0.880647 2
0.282121 0.529556 -0.899074 2
0.284849 0.479702 -0.866745 2
0.317945 0.473929 -0.880368 2
0.323398 0.425947 -0.850856 2
0.339758 0.393663 -0.837794 2
0.390455 0.416870 -0.880497 2
0.405224 0.381814 -0.864828 2
0.429960 0.363028 -0.865493 2
0.459035 0.351904 -0.873689 2
0.464494 0.297681 -0.840309 2
0.481999 0.264037 -0.827279 2
0.504764 0.239652 -0.823348 2
0.524153 0.208003 -0.812785 2
0.539250 0.166497 -0.793360 3
0.488296 -0.018308 -0.642368 6
0.529219 -0.010552 -0.670019 6
0.562621 -0.018308 -0.683276 6
0.608610 0.004401 -0.723775 6
0.640726 -0.004105 -0.735943 6
0.688609 0.027984 -0.783828 6
0.712888 0.001531 -0.779867 6
0.754067 0.020402 -0.815382 6
0.791228 0.030545 -0.842936 6
0.834695 0.061257 -0.887670 6
0.868229 0.065254 -0.909239 6
0.900152 0.065660 -0.927586 6
0.866484 -0.150745 -0.766029 8
0.939528 -0.014552 -0.897219 6
0.939931 -0.128231 -0.822747 8
0.959320 -0.179158 -0.800424 8
0.991899 -0.181068 -0.817908 8
1.014343 -0.224184 -0.802585 8
1.051942 -0.203495 -0.837903 8
1.078276 -0.231423 -0.834902 8
1.103589 -0.266044 -0.826984 8
1.132397 -0.284958 -0.831443 8
1.154666 -0.340982 -0.807868 8
1.179541 -0.387337 -0.792202 8
1.205191 -0.433544 -0.777152 8
1.185054 -0.799418 -0.526386 7
1.218612 -0.824335 -0.530045 7
-0.687375 1.024898 -0.701524 2
-0.648225 1.010761 -0.710897 2
-0.583930 1.013890 -0.745602 2
-0.498305 1.033012 -0.802781 2
-0.448848 1.029055 -0.824939 2
-0.379622 1.040284 -0.868188 2
-0.358478 1.017835 -0.862680 2
-0.324690 1.004916 -0.870546 2
-0.286071 0.996200 -0.883958 2
-0.273088 0.967761 -0.870120 2
-0.242205 0.953553 -0.875726 2
-0.182567 0.963748 -0.913644 2
-0.175074 0.930823 -0.893921 2
-0.149190 0.913439 -0.894833 2
-0.108423 0.909633 -0.913169 2
-0.073472 0.901295 -0.925316 2
-0.034055 0.897786 -0.943263 2
-0.035822 0.855074 -0.912021 2
-0.005060 0.843603 -0.919914 2
0.031402 0.838376 -0.935250 2
0.077788 0.844277 -0.963689 2
0.072667 0.796082 -0.927009 2
0.078021 0.757924 -0.902950 2
0.100093 0.737685 -0.900346 2
0.130824 0.727432 -0.909374 2
0.170467 0.728239 -0.930921 2
0.183902 0.698039 -0.916909 2
0.208603 0.681342 -0.918374 2
0.217291 0.644116 -0.897025 2
0.231228 0.612809 -0.882653 2
0.255637 0.595010 -0.883339 2
0.268683 0.561393 -0.866981 2
0.306894 0.562957 -0.888634 2
0.329520 0.542669 -0.886781 2
0.335096 0.496458 -0.857811 2
0.368429 0.491786 -0.872657 2
0.380751 0.454263 -0.853451 2
0.404425 0.434255 -0.852557 2
0.407420 0.379106 -0.816215 2
0.440859 0.374759 -0.831544 2
0.476739 0.375568 -0.851807 2
0.489726 0.335164 -0.831232 2
0.511858 0.310731 -0.826705 2
0.538549 0.294781 -0.830560 2
0.555697 0.259555 -0.815985 2
0.576953 0.231719 -0.808797 2
0.600172 0.207385 -0.805146 2
0.539208 -0.005262 -0.626051 6
0.574869 -0.008372 -0.643939 6
0.621514 0.015729 -0.686579 6
0.654738 0.009599 -0.701153 6
0.685690 -0.001578 -0.711070 6
0.724923 0.009626 -0.740925 6
0.772445 0.045756 -0.792449 6
0.799889 0.028461 -0.796386 6
0.836999 0.039792 -0.825279 6
0.876839 0.061769 -0.862991 6
0.903043 0.042818 -0.865255 6
0.880037 -0.142438 -0.726878 6
0.951749 -0.009365 -0.858157 6
0.949523 -0.135143 -0.772044 8
0.987609 -0.115864 -0.807190 8
1.012542 -0.146600 -0.801033 8
1.037254 -0.180023 -0.792992 8
1.069459 -0.181796 -0.810694 8
1.098039 -0.199454 -0.815636 8
1.125881 -0.221321 -0.817371 8
1.146929 -0.280721 -0.789931 8
1.172526 -0.320222 -0.778605 8
1.199195 -0.356854 -0.769899 8
1.219811 -0.436929 -0.728497 8
1.199316 -0.820743 -0.458896 7
1.240944 -0.787867 -0.505925 7
-0.694993 1.071588 -0.678644 2
-0.612347 1.084248 -0.730811 2
-0.516065 1.107685 -0.798110 2
-0.490348 1.087114 -0.796172 2
-0.445477 1.079649 -0.813951 2
-0.388626 1.081332 -0.844784 2
-0.327430 1.087393 -0.881165 2
-0.298553 1.071269 -0.884353 2
-0.265229 1.058771 -0.892583 2
-0.243927 1.037469 -0.888087 2
-0.231136 1.009429 -0.874223 2
-0.173873 1.017098 -0.909960 2
-0.152499 0.996387 -0.906071 2
-0.123699 0.982001 -0.910767 2
-0.078304 0.982452 -0.935103 2
-0.056293 0.962967 -0.932581 2
-0.017340 0.959100 -0.950449 2
-0.009716 0.926453 -0.930809 2
0.036746 0.930751 -0.958686 2
0.031558 0.884939 -0.922766 2
0.063005 0.875092 -0.932477 2
0.091150 0.862272 -0.938317 2
0.090507 0.818886 -0.906715 2
0.138972 0.828274 -0.939559 2
0.139589 0.785094 -0.908871 2
0.148063 0.749726 -0.888078 2
0.188536 0.751541 -0.911303 2
0.193707 0.711331 -0.885342 2
0.217507 0.693308 -0.885411 2
0.216681 0.643606 -0.849496 2
0.251817 0.639742 -0.865939 2
0.285580 0.634803 -0.880912 2
0.310582 0.618365 -0.882947 2
0.328171 0.591380 -0.873462 2
0.341141 0.557070 -0.856282 2
0.378221 0.558342 -0.877669 2
0.398085 0.533868 -0.871354 2
0.408915 0.494506 -0.849550 2
0.426675 0.465287 -0.838805 2
0.457002 0.456694 -0.849656 2
0.476224 0.429204 -0.841038 2
0.503674 0.415893 -0.847049 2
0.526165 0.393599 -0.844010 2
0.529321 0.333968 -0.803920 2
0.551996 0.310141 -0.800000 2
0.573036 0.282531 -0.792553 2
0.597050 0.260462 -0.790717 2
0.626272 0.249340 -0.799544 2
0.653697 0.234539 -0.804825 2
0.666071 0.184863 -0.777211 2
0.609275 -0.033555 -0.592349 6
0.657139 -0.005737 -0.639204 6
0.702466 0.018845 -0.682397 6
0.734517 0.010951 -0.695389 6
0.779516 0.039759 -0.741435 6
0.809623 0.029012 -0.751420 6
0.832243 -0.003894 -0.741720 6
0.880594 0.042489 -0.802065 6
0.915368 0.049744 -0.827405 6
0.939234 0.021652 -0.821918 6
0.942120 -0.082774 -0.751311 6
0.964279 -0.123562 -0.736129 8
0.997013 -0.125336 -0.754219 8
1.039266 -0.086409 -0.806121 8
1.060766 -0.132247 -0.787211 8
1.090572 -0.143441 -0.797208 8
1.116584 -0.172836 -0.792434 8
1.134541 -0.245908 -0.752767 8
1.160614 -0.282005 -0.743509 8
1.183468 -0.340217 -0.717126 8
1.209174 -0.386959 -0.700416 8
1.237714 -0.419603 -0.695180 8
1.224834 -0.762193 -0.451536 7
1.253971 -0.825419 -0.425724 7
-0.679421 1.169515 -0.707086 2
-0.642942 1.153436 -0.714199 2
-0.567870 1.161124 -0.759918 2
-0.518542 1.154605 -0.781211 2
-0.445435 1.164172 -0.827399 2
-0.382486 1.168869 -0.864531 2
-0.348906 1.155297 -0.872223 2
-0.307049 1.147889 -0.889032 2
-0.260436 1.144615 -0.911544 2
-0.229754 1.130718 -0.917565 2
-0.232631 1.092148 -0.887076 2
-0.211074 1.071362 -0.883106 2
-0.141750 1.088143 -0.933037 2
-0.145093 1.048265 -0.901440 2
-0.114416 1.035524 -0.908529 2
-0.072034 1.033123 -0.929702 2
-0.039627 1.022951 -0.939723 2
-0.026363 0.996164 -0.927037 2
-0.007896 0.973774 -0.920484 2
0.017761 0.958001 -0.922796 2
0.052001 0.950707 -0.936109 2
0.080148 0.938000 -0.942129 2
0.075594 0.892375 -0.905972 2
0.118216 0.894564 -0.930998 2
0.132999 0.868060 -0.919632 2
0.139929 0.832513 -0.897329 2
0.161216 0.812261 -0.894223 2
0.208246 0.821722 -0.927183 2
0.218851 0.789386 -0.909388 2
0.210992 0.733759 -0.864345 2
0.247728 0.731990 -0.883497 2
0.263639 0.704318 -0.872181 2
0.289207 0.688889 -0.875222 2
0.320089 0.680818 -0.886634 2
0.340931 0.659273 -0.882660 2
0.356973 0.630620 -0.870866 2
0.378226 0.609026 -0.867168 2
0.384981 0.565198 -0.839218 2
0.409872 0.548155 -0.840953 2
0.426704 0.518190 -0.828819 2
0.467128 0.526485 -0.857762 2
0.491665 0.509251 -0.859282 2
0.492039 0.449609 -0.816490 2
0.518607 0.434691 -0.820922 2
0.541200 0.412487 -0.817876 2
0.566585 0.395304 -0.820084 2
0.580961 0.356245 -0.800289 2
0.599898 0.325057 -0.788814 2
0.626055 0.308168 -0.791806 2
0.660784 0.309991 -0.813210 2
0.685365 0.290096 -0.813222 2
0.672746 0.182827 -0.729142 3
0.620559 -0.026935 -0.548785 6
0.659660 -0.021389 -0.575575 6
0.693723 -0.027268 -0.591310 6
0.735574 -0.011207 -0.627310 6
0.764975 -0.027603 -0.632903 6
0.806552 -0.008357 -0.671107 6
0.854915 0.034514 -0.730183 6
0.876865 -0.001584 -0.717491 6
0.916224 0.018261 -0.754948 6
0.949673 0.020775 -0.776620 6
0.945531 -0.111736 -0.680039 6
0.977439 -0.118354 -0.694400 8
1.002712 -0.150720 -0.686567 8
1.043078 -0.121289 -0.731661 8
1.082017 -0.093362 -0.774878 8
1.105373 -0.133971 -0.760190 8
1.126565 -0.188675 -0.734256 8
1.150350 -0.234858 -0.715973 8
1.177495 -0.266391 -0.710143 8
1.201375 -0.320370 -0.686495 8
1.222358 -0.399537 -0.643318 8
1.252782 -0.422623 -0.645606 8
1.242448 -0.761692 -0.399654 7
-0.683699 1.217360 -0.688026 2
-0.596949 1.229398 -0.744652 2
-0.532199 1.230721 -0.781016 2
-0.490894 1.219440 -0.794862 2
-0.432325 1.219445 -0.826909 2
-0.362196 1.228029 -0.871943 2
-0.332444 1.212108 -0.876001 2
-0.327569 1.179921 -0.853928 2
-0.274015 1.180509 -0.883828 2
-0.228809 1.176430 -0.905591 2
-0.200739 1.160894 -0.909170 2
-0.170471 1.147274 -0.915465 2
-0.151188 1.125666 -0.909623 2
-0.132164 1.103796 -0.903475 2
-0.085745 1.103829 -0.929233 2
-0.066299 1.082720 -0.923972 2
-0.018014 1.085924 -0.953251 2
-0.015691 1.050465 -0.927639 2
0.015659 1.040004 -0.937192 2
0.017934 1.003449 -0.910795 2
0.051815 0.995621 -0.923827 2
0.079691 0.982619 -0.929624 2
0.085975 0.948608 -0.907500 2
0.108331 0.930093 -0.906115 2
0.117436 0.897810 -0.886950 2
0.169050 0.910219 -0.925369 2
0.170634 0.869426 -0.895641 2
0.201199 0.860064 -0.905906 2
0.206285 0.821734 -0.880077 2
0.225742 0.799384 -0.874394 2
0.244166 0.775553 -0.867054 2
0.280742 0.774152 -0.886830 2
0.302150 0.754149 -0.884120 2
0.310736 0.717073 -0.861400 2
0.349496 0.719926 -0.885702 2
0.363189 0.688914 -0.870492 2
0.371964 0.650068 -0.846673 2
0.397336 0.634521 -0.849730 2
0.415839 0.608643 -0.841205 2
0.427888 0.572168 -0.821142 2
0.459114 0.565440 -0.834222 2
0.492728 0.563297 -0.852115 2
0.501642 0.519855 -0.825194 2
0.529824 0.508700 -0.833349 2
0.538853 0.463132 -0.805000 2
0.570721 0.458492 -0.820184 2
0.590267 0.430816 -0.811236 2
0.596657 0.376174 -0.774775 2
0.642038 0.399318 -0.818434 2
0.660103 0.366962 -0.805289 2
0.674025 0.324365 -0.782221 2
0.633808 0.156558 -0.635366 3
0.666203 0.149269 -0.649190 3
0.717583 0.189094 -0.708825 2
0.666051 -0.027880 -0.519360 6
0.697208 -0.042467 -0.527231 6
0.742679 -0.017697 -0.572461 6
0.771323 -0.037454 -0.575141 6
0.813575 -0.017177 -0.615249 6
0.848686 -0.015847 -0.637287 6
0.881165 -0.021497 -0.652691 6
0.923188 0.005885 -0.697974 6
0.950203 -0.015650 -0.698588 6
0.996384 0.032982 -0.761951 6
1.027971 0.031337 -0.779901 6
1.017767 -0.139631 -0.649275 8
1.055693 -0.120502 -0.686278 8
1.091337 -0.107933 -0.717161 8
1.122789 -0.112391 -0.733147 8
1.137683 -0.200517 -0.678236 8
1.167850 -0.215094 -0.686167 8
1.192702 -0.260862 -0.668222 8
1.221647 -0.285751 -0.668000 8
1.240757 -0.379176 -0.612009 8
1.266619 -0.436648 -0.586326 8
1.251753 -0.830094 -0.291730 7
1.293576 -0.798146 -0.340904 7
-0.692314 1.298903 -0.693312 2
-0.611366 1.305706 -0.744003 2
-0.541924 1.308102 -0.784802 2
-0.498154 1.297657 -0.801109 2
-0.449553 1.290742 -0.822944 2
-0.401185 1.284611 -0.845300 2
-0.357344 1.276655 -0.863711 2
-0.305107 1.274762 -0.891642 2
-0.287907 1.251423 -0.883040 2
-0.261387 1.234145 -0.884478 2
-0.242554 1.211867 -0.877694 2
-0.211988 1.197725 -0.883937 2
-0.166348 1.194778 -0.907485 2
-0.124847 1.189752 -0.927099 2
-0.075487 1.191508 -0.956486 2
-0.081194 1.151649 -0.922250 2
-0.058354 1.133488 -0.921143 2
-0.035416 1.115501 -0.920258 2
0.021770 1.126416 -0.961338 2
0.011834 1.080996 -0.920507 2
0.039107 1.067160 -0.925407 2
0.061003 1.048724 -0.923707 2
0.067696 1.016122 -0.902391 2
0.108457 1.015471 -0.925293 2
0.124956 0.991911 -0.916641 2
0.138596 0.965202 -0.903952 2
0.170261 0.956771 -0.915729 2
0.183467 0.929214 -0.902202 2
0.189635 0.893460 -0.878352 2
0.215117 0.878473 -0.881624 2
0.247220 0.871317 -0.894760 2
0.259517 0.841278 -0.878932 2
0.287931 0.830214 -0.887002 2
0.295828 0.793848 -0.863848 2
0.320635 0.778206 -0.866388 2
0.347046 0.764807 -0.871606 2
0.368992 0.745577 -0.869807 2
0.401589 0.741141 -0.885530 2
0.401027 0.689755 -0.846155 2
0.430383 0.680658 -0.856500 2
0.448324 0.654653 -0.847332 2
0.471644 0.636554 -0.847361 2
0.494400 0.617476 -0.846348 2
0.498495 0.567229 -0.810743 2
0.529423 0.560920 -0.824291 2
0.541838 0.522553 -0.802665 2
0.564363 0.501241 -0.799957 2
0.593903 0.492818 -0.811185 2
0.593339 0.426486 -0.760832 2
0.621687 0.414822 -0.768971 2
0.649447 0.402264 -0.776121 2
0.674089 0.383278 -0.776599 2
0.673602 0.308382 -0.719980 2
0.684898 0.256359 -0.687672 2
0.713774 0.243552 -0.695443 2
0.729637 0.198907 -0.671498 2
0.670723 -0.039288 -0.457177 6
0.709818 -0.034127 -0.484716 6
0.738459 -0.056072 -0.485640 6
0.780552 -0.039717 -0.523466 6
0.815866 -0.040895 -0.544078 6
0.867370 0.009881 -0.613480 6
0.895624 -0.009335 -0.616365 6
0.924147 -0.027975 -0.619882 6
0.956340 -0.033791 -0.635270 6
0.989496 -0.035065 -0.654681 6
1.008086 -0.092492 -0.623237 8
1.036889 -0.111997 -0.626431 8
1.077630 -0.079574 -0.675783 6
1.108811 -0.086144 -0.690174 6
1.131018 -0.136131 -0.666665 8
1.158749 -0.161768 -0.664775 8
1.181454 -0.217287 -0.637527 8
1.208046 -0.255488 -0.625643 8
1.230846 -0.322157 -0.590225 8
1.261080 -0.345378 -0.591851 8
1.287344 -0.400821 -0.567040 8
1.313326 -0.466900 -0.534175 8
1.307797 -0.838248 -0.254353 7
-0.646367 1.371147 -0.723429 2
-0.590650 1.364615 -0.750229 2
-0.531177 1.361121 -0.781668 2
-0.467503 1.361107 -0.818357 2
-0.432783 1.346425 -0.826599 2
-0.375912 1.344854 -0.858173 2
-0.328316 1.339053 -0.881030 2
-0.304852 1.319615 -0.879047 2
-0.254741 1.316851 -0.905847 2
-0.241601 1.291539 -0.893251 2
-0.225951 1.267638 -0.883264 2
-0.178075 1.265321 -0.909211 2
-0.147894 1.251770 -0.915962 2
-0.139006 1.223435 -0.898604 2
-0.099955 1.216743 -0.916025 2
-0.060982 1.210740 -0.933975 2
-0.037686 1.193392 -0.933815 2
0.002122 1.189275 -0.953803 2
0.007874 1.158243 -0.932615 2
0.020988 1.132736 -0.920131 2
0.048571 1.119331 -0.925706 2
0.074226 1.104541 -0.929087 2
0.081118 1.072977 -0.908257 2
0.117155 1.067857 -0.925409 2
0.135589 1.046659 -0.919580 2
0.142743 1.014253 -0.898325 2
0.148407 0.979599 -0.874453 2
0.175743 0.966512 -0.880328 2
0.211440 0.962620 -0.898383 2
0.239403 0.951074 -0.905892 2
0.253738 0.924602 -0.893671 2
0.265078 0.894210 -0.876635 2
0.299781 0.890809 -0.894596 2
0.291582 0.835987 -0.846919 2
0.348630 0.860735 -0.900204 2
0.342384 0.806460 -0.854173 2
0.378631 0.806302 -0.875695 2
0.383478 0.764421 -0.845998 2
0.402907 0.741534 -0.839831 2
0.426387 0.724159 -0.840404 2
0.455654 0.715353 -0.851133 2
0.467114 0.679873 -0.830488 2
0.503239 0.682034 -0.853907 2
0.511588 0.640392 -0.826668 2
0.543825 0.637062 -0.843545 2
0.552930 0.594782 -0.816324 2
0.566943 0.559583 -0.797579 2
0.593355 0.545880 -0.802994 2
0.599353 0.493794 -0.766396 2
0.628332 0.484190 -0.776594 2
0.653152 0.466656 -0.778171 2
0.681408 0.456192 -0.787325 2
0.666543 0.353121 -0.698806 2
0.670196 0.285242 -0.648748 2
0.700599 0.275514 -0.659870 2
0.711295 0.219032 -0.622962 2
0.728740 0.176316 -0.600818 3
0.690893 -0.011281 -0.433314 6
0.724496 -0.020508 -0.446920 6
0.765428 -0.008599 -0.481316 6
0.795642 -0.025474 -0.487025 6
0.832421 -0.022440 -0.512110 6
0.865966 -0.027935 -0.528681 6
0.902291 -0.023246 -0.554821 6
0.939537 -0.013430 -0.585497 6
0.972239 -0.017675 -0.602604 6
1.003564 -0.026079 -0.615700 6
1.027682 -0.062819 -0.602629 8
1.066430 -0.039849 -0.644451 6
1.093444 -0.065274 -0.641918 6
1.117830 -0.104581 -0.627150 6
1.148431 -0.115621 -0.637940 8
1.174106 -0.152907 -0.625594 8
1.198325 -0.201989 -0.603346 8
1.223165 -0.252579 -0.580371 8
1.249482 -0.299235 -0.561369 8
1.273087 -0.371528 -0.521100 8
1.305678 -0.382979 -0.533039 8
1.330904 -0.459130 -0.490923 8
-0.693389 1.431910 -0.691552 2
-0.599103 1.441934 -0.755525 2
-0.538030 1.438003 -0.788434 2
-0.495531 1.426003 -0.803763 2
-0.447025 1.417807 -0.825790 2
-0.397728 1.410934 -0.849394 2
-0.335403 1.412153 -0.887363 2
-0.317790 1.389520 -0.879348 2
-0.291496 1.371877 -0.880583 2
-0.257459 1.359096 -0.890408 2
-0.236698 1.338646 -0.886117 2
-0.192730 1.332929 -0.907647 2
-0.172101 1.312891 -0.903661 2
-0.139729 1.300751 -0.913111 2
-0.114315 1.284296 -0.914934 2
-0.117830 1.247595 -0.883098 2
-0.074989 1.243678 -0.905538 2
-0.001041 1.263912 -0.966145 2
-0.007737 1.224446 -0.930241 2
0.026167 1.215895 -0.943655 2
0.046057 1.196584 -0.940005 2
0.064832 1.176335 -0.934952 2
0.078462 1.151622 -0.923235 2
0.096932 1.130846 -0.917621 2
0.122721 1.116576 -0.921670 2
0.137965 1.092777 -0.911729 2
0.147640 1.063395 -0.893971 2
0.191756 1.067117 -0.923590 2
0.209819 1.045877 -0.917475 2
0.216458 1.012676 -0.894889 2
0.217430 0.972637 -0.863421 2
0.257826 0.974364 -0.889286 2
0.270516 0.946167 -0.874441 2
0.295840 0.931945 -0.878458 2
0.327204 0.925077 -0.892042 2
0.345006 0.902322 -0.884720 2
0.354195 0.868499 -0.863349 2
0.366864 0.838222 -0.846950 2
0.391079 0.822488 -0.849205 2
0.419529 0.812614 -0.858735 2
0.447750 0.802852 -0.868239 2
0.443275 0.746387 -0.820616 2
0.479080 0.747360 -0.843345 2
0.500426 0.727312 -0.840533 2
0.511517 0.690920 -0.818474 2
0.532823 0.669897 -0.814913 2
0.558770 0.656371 -0.820176 2
0.555908 0.593326 -0.768470 2
0.601293 0.613210 -0.812236 2
0.616728 0.580410 -0.795822 2
0.644204 0.569372 -0.804097 2
0.664536 0.544665 -0.797164 2
0.677047 0.503507 -0.772405 2
0.659769 0.398130 -0.678448 2
0.690707 0.391140 -0.692170 2
0.693711 0.322008 -0.639491 2
0.704923 0.268134 -0.603990 2
0.721301 0.223947 -0.579377 2
0.741320 0.186776 -0.562596 3
0.706558 0.005075 -0.397706 6
0.728040 -0.037287 -0.377809 6
0.776199 -0.006334 -0.432388 6
0.816716 0.006206 -0.467709 6
0.844823 -0.016841 -0.467260 6
0.880600 -0.015850 -0.490572 6
0.916263 -0.013637 -0.514803 6
0.951970 -0.009523 -0.540584 6
0.985931 -0.009905 -0.561758 6
1.014562 -0.029494 -0.564501 6
1.059977 0.019303 -0.631607 6
1.082541 -0.023815 -0.612086 6
1.115445 -0.022863 -0.633750 8
1.138788 -0.066692 -0.614224 8
1.151919 -0.167580 -0.543459 8
1.185264 -0.168139 -0.564304 8
1.214284 -0.192548 -0.563715 8
1.236394 -0.263170 -0.522505 8
1.265061 -0.297635 -0.513866 8
1.293647 -0.336540 -0.501726 8
1.324617 -0.360526 -0.502837 8
1.314095 -0.773111 -0.172839 7
-0.671491 1.523441 -0.726294 2
-0.639784 1.504183 -0.729466 2
-0.610811 1.484043 -0.730262 2
-0.528376 1.489042 -0.784580 2
-0.456973 1.490613 -0.829347 2
-0.421197 1.476119 -0.839056 2
-0.389953 1.459825 -0.844528 2
-0.344980 1.451139 -0.864717 2
-0.322512 1.431073 -0.861743 2
-0.264604 1.430917 -0.896952 2
-0.228572 1.419461 -0.909447 2
-0.218419 1.393251 -0.893914 2
-0.196233 1.374071 -0.891583 2
-0.182182 1.349888 -0.880153 2
-0.144483 1.340777 -0.895690 2
-0.104345 1.333953 -0.914631 2
-0.064925 1.327416 -0.933389 2
-0.064815 1.294041 -0.905899 2
-0.007691 1.301067 -0.946753 2
0.001358 1.273920 -0.929925 2
0.022864 1.255842 -0.928245 2
0.049347 1.241742 -0.932920 2
0.073570 1.226105 -0.934959 2
0.088997 1.203374 -0.925766 2
0.110641 1.185723 -0.924599 2
0.113914 1.152073 -0.898981 2
0.149714 1.146830 -0.916772 2
0.166813 1.125067 -0.909482 2
0.177655 1.097187 -0.893330 2
0.207779 1.087587 -0.904100 2
0.221010 1.061550 -0.890973 2
0.237729 1.038670 -0.882610 2
0.261397 1.022881 -0.884374 2
0.279405 1.001067 -0.877721 2
0.298515 0.980268 -0.872599 2
0.333174 0.977178 -0.891619 2
0.346725 0.949970 -0.877850 2
0.362327 0.924701 -0.866958 2
0.374470 0.894662 -0.850042 2
0.396591 0.876728 -0.849230 2
0.425487 0.867727 -0.859938 2
0.442910 0.843585 -0.851178 2
0.458809 0.816888 -0.839405 2
0.474554 0.789393 -0.826907 2
0.489695 0.760364 -0.812804 2
0.525290 0.761925 -0.836390 2
0.533186 0.720894 -0.808037 2
0.543940 0.682995 -0.784040 2
0.582062 0.689688 -0.813437 2
0.598354 0.660065 -0.799675 2
0.615447 0.631012 -0.786898 2
0.639874 0.614655 -0.789051 2
0.672292 0.613526 -0.808597 2
0.686167 0.576845 -0.787674 2
0.684720 0.507482 -0.730640 2
0.673915 0.414612 -0.648689 2
0.689273 0.373447 -0.625141 2
0.709370 0.341215 -0.611838 2
0.714958 0.273720 -0.560858 2
0.742965 0.257012 -0.565164 2
0.747119 0.179854 -0.505512 3
0.712747 -0.003664 -0.335504 6
0.746576 -0.013794 -0.348898 6
0.780492 -0.023047 -0.363080 6
0.815073 -0.029624 -0.379868 6
0.851924 -0.028197 -0.404586 6
0.885767 -0.034899 -0.420850 6
0.920380 -0.038048 -0.440496 6
0.955682 -0.037446 -0.463630 6
0.990181 -0.038183 -0.485194 6
1.047904 0.054790 -0.597164 6
1.073893 0.026902 -0.591442 6
1.097697 -0.012250 -0.575272 6
1.123786 -0.043706 -0.566790 6
1.153204 -0.060726 -0.572095 8
1.170852 -0.141077 -0.518875 8
1.197260 -0.180823 -0.504002 8
1.220074 -0.246708 -0.465807 8
1.252644 -0.256000 -0.479464 8
1.282099 -0.287131 -0.473567 8
1.309557 -0.337562 -0.450884 8
1.340352 -0.366381 -0.447768 8
1.328073 -0.822639 -0.073127 7
-0.703945 1.558312 -0.681062 2
-0.638272 1.552485 -0.717157 2
-0.567328 1.550231 -0.759602 2
-0.499362 1.548145 -0.800345 2
-0.449446 1.539213 -0.824000 2
-0.390966 1.535266 -0.857262 2
-0.350205 1.523864 -0.873125 2
-0.327685 1.503946 -0.870366 2
-0.297647 1.488063 -0.875749 2
-0.293078 1.458885 -0.853933 2
-0.236948 1.457740 -0.888174 2
-0.199916 1.446958 -0.902304 2
-0.170826 1.432137 -0.908054 2
-0.161142 1.405951 -0.892038 2
-0.114911 1.402160 -0.917894 2
-0.092078 1.384379 -0.917260 2
-0.067103 1.368148 -0.919296 2
-0.029449 1.360729 -0.936745 2
0.008911 1.354517 -0.955670 2
-0.008300 1.309229 -0.906738 2
0.036940 1.308504 -0.934642 2
0.047546 1.282590 -0.919557 2
0.087499 1.279168 -0.941891 2
0.103987 1.257827 -0.934388 2
0.123631 1.238945 -0.930956 2
0.123631 1.203421 -0.901171 2
0.159644 1.198298 -0.919650 2
0.152180 1.155039 -0.878693 2
0.202446 1.163484 -0.917583 2
0.203503 1.126929 -0.887663 2
0.223481 1.107731 -0.884268 2
0.244799 1.089823 -0.882815 2
0.266650 1.072477 -0.882185 2
0.285499 1.052003 -0.877052 2
0.317070 1.045193 -0.891425 2
0.325769 1.013483 -0.870492 2
0.335982 0.982706 -0.851316 2
0.352012 0.958045 -0.840958 2
0.389355 0.958861 -0.865423 2
0.409072 0.938718 -0.861209 2
0.419041 0.905872 -0.840214 2
0.452518 0.903214 -0.859367 2
0.460611 0.866830 -0.834260 2
0.492232 0.862292 -0.850694 2
0.488252 0.807052 -0.802217 2
0.528598 0.815467 -0.835032 2
0.539526 0.780291 -0.812803 2
0.556268 0.753154 -0.800994 2
0.586975 0.748140 -0.816524 2
0.599095 0.712559 -0.794771 2
0.619842 0.690723 -0.789977 2
0.638249 0.664320 -0.779907 2
0.665645 0.653902 -0.788891 2
0.671810 0.603172 -0.750807 2
0.668817 0.531898 -0.689817 2
0.680056 0.485961 -0.659006 2
0.699398 0.455126 -0.645948 2
0.712853 0.410280 -0.617504 2
0.719299 0.347318 -0.569553 2
0.749333 0.336707 -0.580194 2
0.757586 0.272955 -0.532793 2
0.768459 0.212140 -0.489537 2
0.791869 0.181086 -0.479032 2
0.762366 0.002087 -0.311917 6
0.785760 -0.037886 -0.294068 6
0.823735 -0.035828 -0.320442 6
0.862037 -0.030975 -0.349359 6
0.889228 -0.060811 -0.342411 6
0.936070 -0.023801 -0.403485 6
0.961155 -0.060647 -0.389415 6
0.995761 -0.063194 -0.409890 6
1.035926 -0.041810 -0.453767 6
1.087036 0.030604 -0.546927 6
1.113105 -0.000009 -0.538720 6
1.135760 -0.049144 -0.513015 6
1.159423 -0.097749 -0.488427 8
1.190109 -0.112571 -0.496326 8
1.218066 -0.143647 -0.489048 8
1.241349 -0.207333 -0.451831 8
1.266914 -0.263797 -0.422087 8
1.299143 -0.277681 -0.431850 8
1.331098 -0.293887 -0.439537 8
1.356473 -0.371818 -0.392033 8
-0.697059 1.641478 -0.701493 2
-0.655046 1.625415 -0.714608 2
-0.570556 1.626761 -0.770092 2
-0.531818 1.611242 -0.781595 2
-0.480852 1.601471 -0.805942 2
-0.442377 1.587174 -0.818355 2
-0.361521 1.592635 -0.875103 2
-0.330996 1.576449 -0.880795 2
-0.321257 1.550610 -0.864793 2
-0.284475 1.537980 -0.877603 2
-0.269425 1.514761 -0.867303 2
-0.211135 1.514358 -0.904522 2
-0.197362 1.490926 -0.893238 2
-0.159337 1.481003 -0.909224 2
-0.132943 1.464993 -0.912485 2
-0.119867 1.441289 -0.900550 2
-0.083721 1.431598 -0.915556 2
-0.046335 1.423325 -0.932591 2
-0.026606 1.404212 -0.928929 2
-0.009269 1.383528 -0.922383 2
0.031590 1.379050 -0.944950 2
0.030262 1.345420 -0.915259 2
0.040774 1.319625 -0.899950 2
0.085217 1.319012 -0.928181 2
0.078253 1.279648 -0.889962 2
0.115664 1.274467 -0.909752 2
0.133891 1.254361 -0.904351 2
0.155077 1.236673 -0.902949 2
0.177903 1.220462 -0.903884 2
0.190907 1.195636 -0.891095 2
0.214159 1.179832 -0.892675 2
0.237641 1.164390 -0.894724 2
0.257583 1.145679 -0.891694 2
0.289616 1.138968 -0.906774 2
0.308071 1.118995 -0.901723 2
0.294724 1.065407 -0.847324 2
0.341845 1.075248 -0.886368 2
0.347602 1.040603 -0.860575 2
0.374299 1.028965 -0.868036 2
0.387965 1.002302 -0.854217 2
0.414503 0.990713 -0.861638 2
0.421372 0.954896 -0.835614 2
0.447202 0.942353 -0.841783 2
0.470482 0.926706 -0.843655 2
0.476341 0.887393 -0.814030 2
0.505013 0.878758 -0.825413 2
0.516842 0.846255 -0.805501 2
0.542252 0.833034 -0.810873 2
0.570957 0.825094 -0.822902 2
0.601888 0.821223 -0.839855 2
0.609791 0.780458 -0.810397 2
0.626720 0.753344 -0.798458 2
0.642407 0.723344 -0.783266 2
0.664846 0.704583 -0.782054 2
0.677095 0.666656 -0.757900 2
0.679415 0.608094 -0.709727 2
0.690518 0.564070 -0.679670 2
0.705759 0.526606 -0.657909 2
0.710367 0.464866 -0.608579 2
0.718870 0.408402 -0.566298 2
0.730774 0.356741 -0.530339 2
0.756806 0.336127 -0.530013 2
0.777380 0.301640 -0.514347 2
0.784113 0.229936 -0.458034 2
0.808356 0.200747 -0.449301 2
0.837225 0.183458 -0.453715 2
0.863802 0.159379 -0.450878 2
0.831163 -0.046587 -0.254912 6
0.867177 -0.050416 -0.275486 6
0.903023 -0.053530 -0.296567 6
0.938511 -0.056538 -0.317516 6
0.968626 -0.078065 -0.319248 6
1.004896 -0.076125 -0.344931 6
1.048466 -0.042036 -0.402668 6
1.079618 -0.056364 -0.411221 6
1.123941 -0.009466 -0.480320 6
1.153078 -0.029593 -0.482658 6
1.175305 -0.087041 -0.448852 6
1.201420 -0.128781 -0.430930 8
1.238122 -0.110120 -0.471139 8
1.260681 -0.179671 -0.427362 8
1.289388 -0.214915 -0.416700 8
1.319368 -0.244297 -0.411856 8
1.346671 -0.300603 -0.382480 8
1.375820 -0.348995 -0.361042 8
-0.657440 1.703086 -0.725979 2
-0.601497 1.692120 -0.753333 2
-0.561704 1.676136 -0.765605 2
-0.503160 1.668025 -0.797203 2
-0.432516 1.665914 -0.842079 2
-0.408201 1.646015 -0.840698 2
-0.355443 1.638563 -0.869067 2
-0.321493 1.623757 -0.878545 2
-0.298850 1.604227 -0.876403 2
-0.259801 1.592655 -0.892106 2
-0.233605 1.575420 -0.894341 2
-0.222709 1.550679 -0.879874 2
-0.178329 1.543250 -0.902759 2
-0.159657 1.522788 -0.897204 2
-0.114496 1.517108 -0.922152 2
-0.103242 1.492866 -0.908385 2
-0.087315 1.471145 -0.899929 2
-0.030992 1.473984 -0.939751 2
-0.015385 1.452610 -0.931401 2
0.022182 1.445348 -0.949963 2
0.014950 1.408953 -0.913339 2
0.050242 1.400725 -0.929561 2
0.075332 1.385948 -0.933294 2
0.083705 1.359273 -0.915541 2
0.102021 1.339587 -0.910502 2
0.114363 1.315263 -0.897451 2
0.139047 1.300397 -0.900863 2
0.174685 1.294683 -0.919548 2
0.166557 1.253041 -0.877799 2
0.195964 1.242419 -0.888074 2
0.226167 1.232957 -0.899896 2
0.234310 1.203891 -0.879955 2
0.259061 1.189776 -0.884105 2
0.285093 1.177128 -0.890395 2
0.289715 1.143542 -0.864189 2
0.304215 1.119131 -0.852562 2
0.346420 1.123441 -0.884417 2
0.353297 1.090856 -0.860604 2
0.375507 1.074442 -0.861100 2
0.397840 1.058231 -0.861860 2
0.423731 1.046275 -0.868703 2
0.428667 1.009227 -0.839736 2
0.461608 1.005945 -0.858845 2
0.453533 0.950770 -0.805435 2
0.486903 0.948158 -0.825426 2
0.509542 0.931786 -0.826290 2
0.529485 0.911651 -0.822086 2
0.534797 0.870103 -0.789493 2
0.566270 0.866078 -0.807017 2
0.603597 0.871868 -0.836992 2
0.617549 0.841904 -0.820266 2
0.634537 0.816023 -0.809125 2
0.648823 0.784916 -0.791641 2
0.667286 0.760116 -0.782440 2
0.687038 0.737051 -0.775615 2
0.666216 0.637559 -0.675234 2
0.687848 0.614462 -0.669655 2
0.704147 0.580194 -0.650806 2
0.707531 0.517799 -0.598883 2
0.721381 0.474548 -0.570607 2
0.741643 0.443608 -0.557326 2
0.770615 0.431752 -0.566465 2
0.780130 0.373360 -0.522158 2
0.783341 0.295777 -0.456970 2
0.799110 0.245923 -0.424287 2
0.831438 0.238283 -0.439368 2
0.852068 0.198224 -0.418466 2
0.876021 0.165889 -0.406508 2
0.899921 0.131902 -0.393088 2
0.879117 -0.049029 -0.222135 6
0.910854 -0.067106 -0.227806 6
0.950634 -0.056477 -0.263797 6
0.986910 -0.056167 -0.288488 6
1.019220 -0.069818 -0.298409 6
1.052284 -0.080024 -0.311834 6
1.087399 -0.080394 -0.335179 6
1.127286 -0.056145 -0.383096 6
1.166207 -0.031494 -0.430720 6
1.186606 -0.101990 -0.383364 6
1.210875 -0.158391 -0.350849 8
1.245871 -0.153761 -0.378491 8
1.272073 -0.206338 -0.350613 8
1.308643 -0.188136 -0.391101 8
1.336774 -0.233459 -0.370831 8
1.364370 -0.291011 -0.339609 8
1.394797 -0.330266 -0.326168 8
-0.679573 1.773422 -0.718232 2
-0.635674 1.757200 -0.733606 2
-0.579145 1.745964 -0.762025 2
-0.551241 1.725645 -0.762867 2
-0.470890 1.724868 -0.816833 2
-0.425541 1.712482 -0.836628 2
-0.370322 1.704783 -0.867324 2
-0.344564 1.686098 -0.868173 2
-0.300778 1.675305 -0.888334 2
-0.290991 1.650364 -0.872739 2
-0.225784 1.650366 -0.917112 2
-0.228421 1.619969 -0.888200 2
-0.215139 1.596669 -0.876454 2
-0.156657 1.595885 -0.915556 2
-0.130277 1.579804 -0.919168 2
-0.101248 1.565424 -0.926103 2
-0.086565 1.543516 -0.916561 2
-0.057310 1.529781 -0.924229 2
-0.034325 1.512765 -0.924705 2
-0.011022 1.496117 -0.925728 2
0.014976 1.481334 -0.930251 2
0.012604 1.448637 -0.899491 2
0.053349 1.443637 -0.922778 2
0.076248 1.427356 -0.923863 2
0.102556 1.413635 -0.929551 2
0.114829 1.390098 -0.916937 2
0.142171 1.377478 -0.924315 2
0.154037 1.353385 -0.910933 2
0.165851 1.328930 -0.897194 2
0.208801 1.329346 -0.926825 2
0.215865 1.300958 -0.906350 2
0.240336 1.286902 -0.910505 2
0.236581 1.248182 -0.873461 2
0.263710 1.236300 -0.881367 2
0.282379 1.216881 -0.876797 2
0.307740 1.203810 -0.882445 2
0.309100 1.167281 -0.850846 2
0.344223 1.164020 -0.871886 2
0.359304 1.140615 -0.861330 2
0.377319 1.120029 -0.855287 2
0.408922 1.114336 -0.871768 2
0.408517 1.072769 -0.834492 2
0.447193 1.075716 -0.863492 2
0.452392 1.039321 -0.834645 2
0.475067 1.023556 -0.836083 2
0.490041 0.997969 -0.823528 2
0.515105 0.985209 -0.829272 2
0.530201 0.959092 -0.816333 2
0.553132 0.943408 -0.818026 2
0.563748 0.909914 -0.795470 2
0.591725 0.901321 -0.806919 2
0.605345 0.871059 -0.789294 2
0.629948 0.857395 -0.793933 2
0.653118 0.841536 -0.795644 2
0.665227 0.806880 -0.773085 2
0.701868 0.814077 -0.804507 2
0.673199 0.704142 -0.687148 2
0.682153 0.658417 -0.652596 2
0.699280 0.626520 -0.635927 2
0.721412 0.603598 -0.630662 2
0.734382 0.561035 -0.601672 2
0.733818 0.487157 -0.535591 2
0.756924 0.462160 -0.529153 2
0.770773 0.414853 -0.496554 2
0.802213 0.407851 -0.511817 2
0.799855 0.316080 -0.428610 2
0.811662 0.255322 -0.382663 2
0.842864 0.244094 -0.394015 3
0.859600 0.191795 -0.358964 3
0.889101 0.174553 -0.363811 2
0.912571 0.138264 -0.347603 2
0.890338 -0.050716 -0.164401 6
0.926345 -0.055381 -0.184887 6
0.966247 -0.044541 -0.221823 6
1.003998 -0.038961 -0.252616 6
1.036982 -0.050264 -0.265142 6
1.058428 -0.110714 -0.226091 6
1.100177 -0.083833 -0.278561 6
1.139321 -0.064040 -0.322951 6
1.174665 -0.059203 -0.351451 6
1.196633 -0.126472 -0.306706 6
1.230494 -0.130123 -0.326652 6
1.257561 -0.176546 -0.303933 8
1.289333 -0.195162 -0.309154 8
1.322777 -0.201495 -0.326438 8
1.351977 -0.243301 -0.309293 8
1.385663 -0.247967 -0.328230 8
1.414119 -0.308557 -0.293888 8
-0.702354 1.843822 -0.709922 2
-0.684753 1.818938 -0.699677 2
-0.635248 1.803847 -0.720634 2
-0.698934 1.753385 -0.630308 2
-0.523130 1.780547 -0.777956 2
-0.462887 1.771898 -0.812262 2
-0.398512 1.765913 -0.851873 2
-0.361028 1.751178 -0.864730 2
-0.327902 1.735328 -0.873525 2
-0.282058 1.725065 -0.896283 2
-0.290910 1.692811 -0.860821 2
-0.229983 1.689954 -0.900847 2
-0.204890 1.672381 -0.902448 2
-0.179754 1.655070 -0.904316 2
-0.166410 1.632360 -0.893033 2
-0.121347 1.625214 -0.918061 2
-0.119346 1.596952 -0.893800 2
-0.068811 1.593794 -0.926270 2
-0.062826 1.567471 -0.906552 2
-0.021939 1.560368 -0.928689 2
0.005903 1.546512 -0.935570 2
-0.013774 1.504588 -0.883734 2
0.042122 1.507885 -0.925804 2
0.092765 1.509260 -0.962454 2
0.097107 1.481557 -0.940320 2
0.098936 1.451613 -0.914391 2
0.110586 1.427830 -0.900922 2
0.139286 1.415967 -0.910199 2
0.164099 1.401656 -0.914532 2
0.187884 1.386823 -0.917670 2
0.191935 1.356776 -0.893190 2
0.238505 1.360265 -0.928898 2
0.234598 1.323214 -0.892487 2
0.278808 1.326086 -0.925980 2
0.283575 1.295556 -0.901552 2
0.274771 1.252012 -0.855810 2
0.308847 1.246846 -0.874911 2
0.325729 1.225970 -0.867715 2
0.360149 1.222196 -0.888317 2
0.374035 1.198404 -0.876374 2
0.394404 1.181004 -0.874769 2
0.397155 1.144651 -0.843622 2
0.421684 1.131275 -0.848577 2
0.456193 1.129515 -0.871063 2
0.453167 1.084588 -0.828077 2
0.471157 1.063393 -0.821348 2
0.487786 1.040247 -0.811891 2
0.533730 1.054384 -0.856811 2
0.545919 1.025725 -0.839236 2
0.552028 0.988002 -0.809168 2
0.573613 0.970733 -0.808509 2
0.581033 0.932834 -0.779192 2
0.617324 0.936837 -0.808145 2
0.637569 0.917324 -0.804501 2
0.652554 0.889179 -0.789330 2
0.666411 0.858359 -0.770936 2
0.694506 0.850834 -0.783671 2
0.682740 0.773534 -0.705098 2
0.681554 0.711283 -0.647597 2
0.716971 0.714961 -0.675627 2
0.708021 0.633217 -0.594963 2
0.714796 0.578583 -0.549938 2
0.737132 0.553849 -0.542977 2
0.752802 0.513933 -0.517545 2
0.771302 0.478613 -0.498267 2
0.786208 0.433321 -0.467403 2
0.805152 0.395590 -0.446234 2
0.824354 0.356742 -0.424224 2
0.837600 0.300102 -0.381860 2
0.845629 0.225407 -0.319418 3
0.876935 0.213132 -0.330029 3
0.906349 0.195507 -0.334448 3
0.936296 0.179463 -0.340674 3
0.908876 -0.028733 -0.131948 6
0.952925 -0.005040 -0.184178 6
0.977906 -0.047760 -0.162642 6
1.011002 -0.061596 -0.173059 6
1.044222 -0.074612 -0.184306 6
1.084041 -0.058152 -0.226992 6
1.113366 -0.086741 -0.221339 6
1.151642 -0.072251 -0.261152 6
1.185900 -0.075041 -0.282426 6
1.224853 -0.048775 -0.333432 6
1.242775 -0.147594 -0.255854 6
1.274519 -0.167122 -0.260122 8
1.305398 -0.194128 -0.256972 8
1.338540 -0.205130 -0.269974 8
1.370267 -0.228519 -0.270702 8
1.403328 -0.240513 -0.282737 8
1.434822 -0.270864 -0.276955 8
-0.678424 1.867796 -0.692248 2
-0.616931 1.855577 -0.725269 2
-0.567672 1.840837 -0.747154 2
-0.510258 1.829488 -0.778024 2
-0.444926 1.821793 -0.817952 2
-0.393826 1.810574 -0.844383 2
-0.351642 1.797148 -0.862357 2
-0.324599 1.778873 -0.864960 2
-0.280871 1.767254 -0.885696 2
-0.243306 1.753974 -0.900460 2
-0.230135 1.731290 -0.888996 2
-0.201658 1.715010 -0.894442 2
-0.171798 1.699690 -0.901762 2
-0.132182 1.689218 -0.920567 2
-0.117696 1.667595 -0.911000 2
-0.086948 1.653827 -0.920372 2
-0.077810 1.629595 -0.904537 2
-0.012307 1.634482 -0.956112 2
-0.020588 1.601272 -0.919449 2
0.037807 1.604246 -0.964136 2
0.050613 1.582511 -0.953218 2
0.065736 1.561981 -0.945074 2
0.072710 1.536383 -0.926382 2
0.084989 1.513714 -0.914203 2
0.121134 1.506320 -0.933288 2
0.118581 1.473739 -0.901273 2
0.138829 1.456038 -0.899393 2
0.168598 1.445175 -0.910670 2
0.195754 1.432874 -0.918735 2
0.201551 1.404835 -0.896892 2
0.219650 1.385769 -0.892179 2
0.241657 1.369788 -0.893121 2
0.264690 1.354786 -0.895700 2
0.296985 1.347827 -0.912370 2
0.300168 1.316087 -0.885188 2
0.308644 1.288273 -0.865432 2
0.334788 1.276226 -0.872956 2
0.339931 1.244491 -0.847160 2
0.380692 1.246896 -0.878551 2
0.403877 1.232720 -0.881960 2
0.403946 1.194650 -0.846632 2
0.428457 1.181545 -0.851970 2
0.458629 1.174945 -0.867396 2
0.479298 1.158159 -0.866555 2
0.500087 1.141515 -0.865924 2
0.487569 1.084611 -0.804058 2
0.515521 1.075650 -0.815674 2
0.524880 1.043297 -0.792252 2
0.543593 1.022355 -0.786114 2
0.585968 1.033473 -0.826687 2
0.586206 0.986955 -0.783553 2
0.607630 0.969311 -0.782400 2
0.646963 0.978478 -0.818967 2
0.657293 0.944323 -0.794518 2
0.668800 0.910836 -0.771522 2
0.677411 0.871365 -0.740884 2
0.675368 0.812037 -0.684154 2
0.688586 0.776750 -0.660679 2
0.701328 0.739246 -0.634791 2
0.718001 0.707688 -0.617236 2
0.731312 0.668397 -0.590073 2
0.748592 0.635496 -0.571681 2
0.766479 0.602623 -0.553740 2
0.770582 0.538132 -0.496516 2
0.790038 0.504946 -0.479381 2
0.798389 0.443979 -0.428444 2
0.815879 0.401965 -0.401664 2
0.840860 0.377131 -0.396217 2
0.842025 0.287382 -0.313308 3
0.862938 0.246658 -0.290135 2
0.888842 0.218417 -0.282138 3
0.919375 0.203351 -0.289708 3
0.885216 -0.021083 -0.056048 6
0.925719 -0.012646 -0.092596 6
0.968605 0.007090 -0.141369 6
0.994650 -0.032819 -0.122538 6
1.027654 -0.047578 -0.132099 6
1.064575 -0.045504 -0.160137 6
1.098164 -0.056145 -0.173938 6
1.136888 -0.041358 -0.215102 6
1.174397 -0.028540 -0.253561 6
1.196742 -0.095577 -0.206729 6
1.244548 -0.018530 -0.312422 6
1.258373 -0.146696 -0.202469 6
1.281578 -0.229437 -0.141550 8
1.319866 -0.207890 -0.188666 8
1.353859 -0.215699 -0.205323 8
1.385581 -0.244179 -0.201064 8
1.420179 -0.244669 -0.224966 8
1.452045 -0.276377 -0.217773 8
-0.693381 1.881312 -0.636323 2
-0.595327 1.878565 -0.706366 2
-0.538583 1.865839 -0.736476 2
-0.462730 1.859991 -0.787155 2
-0.377936 1.858565 -0.848579 2
-0.325294 1.848305 -0.877924 2
-0.318053 1.823339 -0.859884 2
-0.271919 1.812120 -0.883491 2
-0.237595 1.797326 -0.894999 2
-0.211802 1.779733 -0.897560 2
-0.176249 1.766353 -0.911281 2
-0.156222 1.747044 -0.907946 2
-0.125918 1.732298 -0.916481 2
-0.085392 1.722569 -0.937272 2
-0.081503 1.696546 -0.915670 2
-0.041741 1.687380 -0.936404 2
-0.009251 1.675343 -0.949056 2
-0.005074 1.649251 -0.927569 2
0.028037 1.638114 -0.941505 2
0.031007 1.610967 -0.918111 2
0.073410 1.605689 -0.944399 2
0.066076 1.572179 -0.907386 2
0.107397 1.567160 -0.933101 2
0.107964 1.537617 -0.905631 2
0.139467 1.527304 -0.919093 2
0.171990 1.518206 -0.934442 2
0.182827 1.494866 -0.920360 2
0.178955 1.460848 -0.885352 2
0.208656 1.450273 -0.897196 2
0.226850 1.431566 -0.892873 2
0.231172 1.402130 -0.868192 2
0.265424 1.395811 -0.887375 2
0.276854 1.371521 -0.872766 2
0.298295 1.355300 -0.873140 2
0.311687 1.332186 -0.861062 2
0.321999 1.305998 -0.843800 2
0.352271 1.297714 -0.858145 2
0.377432 1.285147 -0.864668 2
0.389759 1.260321 -0.850142 2
0.421084 1.254195 -0.867272 2
0.426719 1.222066 -0.840889 2
0.435990 1.192913 -0.819983 2
0.465248 1.185069 -0.833936 2
0.481564 1.163087 -0.824975 2
0.503700 1.147610 -0.826442 2
0.494354 1.094198 -0.768820 2
0.539224 1.106012 -0.812829 2
0.551708 1.078042 -0.795329 2
0.580752 1.071286 -0.810092 2
0.597970 1.048986 -0.801420 2
0.610608 1.019834 -0.782874 2
0.652221 1.032051 -0.824833 2
0.652187 0.983470 -0.778523 2
0.674414 0.967311 -0.779306 2
0.685034 0.932488 -0.753841 2
0.681941 0.873578 -0.695426 2
0.693530 0.836930 -0.668903 2
0.715187 0.816754 -0.665394 2
0.715573 0.757088 -0.608750 2
0.726528 0.714438 -0.576004 2
0.743930 0.682602 -0.558243 2
0.757390 0.641498 -0.528764 2
0.775559 0.608534 -0.510457 2
0.792519 0.571582 -0.487454 2
0.804163 0.520709 -0.447291 2
0.813913 0.462445 -0.398684 2
0.835586 0.430483 -0.383819 2
0.830314 0.326852 -0.280974 2
0.850491 0.284842 -0.255396 3
0.870336 0.239585 -0.226460 2
0.900727 0.223128 -0.232655 2
0.933788 0.215066 -0.248789 3
0.900910 -0.009017 -0.010790 6
0.937461 -0.014550 -0.031827 6
0.971422 -0.028228 -0.043192 6
1.007665 -0.032700 -0.064991 6
1.045117 -0.030749 -0.093790 6
1.085849 -0.012247 -0.140766 6
1.114778 -0.043797 -0.131351 6
1.145251 -0.069888 -0.128252 6
1.185824 -0.043891 -0.182243 6
1.198343 -0.172035 -0.068549 6
1.237914 -0.151286 -0.116766 8
1.269871 -0.175533 -0.116434 8
1.300601 -0.210740 -0.104715 8
1.331846 -0.246126 -0.093177 8
1.365452 -0.264735 -0.099376 8
1.401252 -0.261589 -0.127960 8
1.435344 -0.273725 -0.140675 8
-0.667391 1.905918 -0.620488 2
-0.593788 1.896036 -0.667163 2
-0.521356 1.887284 -0.714000 2
-0.434740 1.884215 -0.777021 2
-0.382644 1.872272 -0.805307 2
-0.300966 1.870904 -0.866153 2
-0.281923 1.850130 -0.860848 2
-0.232129 1.840283 -0.889329 2
-0.212752 1.820230 -0.884932 2
-0.164368 1.811338 -0.913219 2
-0.146256 1.791396 -0.907934 2
-0.126598 1.772144 -0.904467 2
-0.083792 1.762872 -0.928105 2
-0.058277 1.746771 -0.932066 2
-0.028016 1.733132 -0.941971 2
-0.010873 1.713712 -0.936371 2
0.030124 1.706028 -0.960093 2
0.051768 1.689328 -0.960482 2
0.044900 1.657818 -0.925038 2
0.080137 1.648341 -0.942628 2
0.107436 1.635059 -0.950537 2
0.112641 1.609346 -0.929757 2
0.137451 1.594913 -0.934645 2
0.141434 1.567898 -0.911657 2
0.143962 1.539420 -0.886147 2
0.198501 1.544524 -0.932275 2
0.193579 1.510801 -0.896050 2
0.208877 1.490254 -0.887782 2
0.231030 1.474520 -0.889316 2
0.249439 1.456164 -0.885479 2
0.268392 1.438217 -0.882431 2
0.287339 1.420276 -0.879370 2
0.287268 1.386854 -0.847002 2
0.314398 1.375307 -0.856255 2
0.357462 1.377932 -0.891195 2
0.347389 1.334458 -0.841527 2
0.382268 1.330667 -0.864069 2
0.401066 1.312506 -0.860589 2
0.428321 1.302542 -0.871391 2
0.446024 1.283423 -0.866129 2
0.451257 1.251261 -0.838843 2
0.472572 1.235327 -0.839351 2
0.484538 1.209171 -0.822911 2
0.499072 1.185354 -0.810651 2
0.529424 1.179604 -0.827771 2
0.541597 1.152615 -0.810629 2
0.570426 1.145694 -0.825441 2
0.589186 1.126454 -0.820727 2
0.606881 1.105613 -0.813645 2
0.633322 1.096433 -0.824427 2
0.635949 1.054067 -0.785114 2
0.656250 1.035740 -0.782375 2
0.686197 1.031801 -0.800829 2
0.697509 0.999627 -0.777869 2
0.671062 0.905475 -0.666361 2
0.682325 0.868762 -0.638903 2
0.707624 0.854837 -0.644094 2
0.715892 0.810646 -0.607078 2
0.725496 0.766895 -0.571467 2
0.745059 0.740239 -0.559917 2
0.760709 0.705013 -0.537078 2
0.779961 0.675783 -0.522748 2
0.784358 0.613613 -0.465209 2
0.806612 0.587677 -0.456281 2
0.815066 0.528863 -0.404985 2
0.833821 0.491451 -0.382210 2
0.854890 0.458087 -0.365084 2
0.841372 0.331958 -0.231649 2
0.847336 0.249610 -0.155403 2
0.892001 0.272894 -0.211054 3
0.909240 0.217082 -0.169047 2
0.939315 0.198155 -0.172585 3
0.916373 0.001797 0.036674 6
0.953988 -0.000596 0.011444 6
0.988924 -0.011254 -0.003697 6
1.027071 -0.008496 -0.034321 6
1.060477 -0.023133 -0.044396 6
1.095423 -0.030676 -0.062533 6
1.138047 -0.000569 -0.123185 6
1.169231 -0.022065 -0.124845 6
1.201373 -0.039239 -0.131420 6
1.216292 -0.158756 -0.025006 6
1.254366 -0.147398 -0.063856 8
1.289330 -0.152909 -0.083866 8
1.320280 -0.187720 -0.072179 8
1.351137 -0.227948 -0.055083 8
1.381853 -0.276116 -0.030068 8
1.415772 -0.298202 -0.032957 8
-0.652345 1.956987 -0.621983 2
-0.644527 1.929618 -0.601733 2
-0.559634 1.922361 -0.661226 2
-0.468018 1.918730 -0.729458 2
-0.422029 1.903833 -0.751066 2
-0.335659 1.901990 -0.816874 2
-0.292825 1.888240 -0.837076 2
-0.259719 1.872007 -0.847243 2
-0.221620 1.857977 -0.863428 2
-0.180794 1.845557 -0.883284 2
-0.135079 1.835685 -0.909412 2
-0.100208 1.822472 -0.923804 2
-0.082774 1.802778 -0.918260 2
-0.043528 1.792279 -0.938665 2
-0.004200 1.782538 -0.959853 2
0.002764 1.758928 -0.942267 2
0.022440 1.740964 -0.940075 2
0.036602 1.720437 -0.931066 2
0.040869 1.694868 -0.909405 2
0.058452 1.675775 -0.904420 2
0.101583 1.670406 -0.932718 2
0.101356 1.641932 -0.904659 2
0.118482 1.622763 -0.899184 2
0.158091 1.616894 -0.924194 2
0.172131 1.596247 -0.914833 2
0.178366 1.570538 -0.894424 2
0.209859 1.560822 -0.909299 2
0.216858 1.535203 -0.889530 2
0.226598 1.511019 -0.873278 2
0.264473 1.506598 -0.898247 2
0.268433 1.478020 -0.873153 2
0.279866 1.454467 -0.858772 2
0.303947 1.440499 -0.863601 2
0.324265 1.423738 -0.862747 2
0.360788 1.420565 -0.887800 2
0.359733 1.385974 -0.852798 2
0.387838 1.376173 -0.864767 2
0.395532 1.348196 -0.843010 2
0.423984 1.339119 -0.855923 2
0.443555 1.321926 -0.853944 2
0.469610 1.311222 -0.863361 2
0.481742 1.286533 -0.848195 2
0.489253 1.256432 -0.824091 2
0.516620 1.247296 -0.836011 2
0.524384 1.216446 -0.811316 2
0.545014 1.199724 -0.810497 2
0.561067 1.177480 -0.800662 2
0.574915 1.152128 -0.786030 2
0.607890 1.150755 -0.809859 2
0.617187 1.118975 -0.785310 2
0.644993 1.111504 -0.799079 2
0.656971 1.082224 -0.779025 2
0.674020 1.059462 -0.769311 2
0.683774 1.025214 -0.742568 2
0.673400 0.958266 -0.667863 2
0.692483 0.935390 -0.659519 2
0.694423 0.883369 -0.609030 2
0.714601 0.860392 -0.601372 2
0.737911 0.842560 -0.601208 2
0.747639 0.799333 -0.565345 2
0.754481 0.748502 -0.519669 2
0.774424 0.721289 -0.507505 2
0.787176 0.678256 -0.474052 2
0.807527 0.649548 -0.460653 2
0.823255 0.609416 -0.432303 2
0.835037 0.558036 -0.389685 2
0.852666 0.517967 -0.362780 2
0.846464 0.414958 -0.254836 2
0.861609 0.361122 -0.212208 2
0.880049 0.313059 -0.177819 2
0.904580 0.279841 -0.162862 3
0.921513 0.221683 -0.117158 2
0.951720 0.202138 -0.120119 3
0.930379 0.007108 0.091679 6
0.967734 0.002903 0.068030 6
1.006609 0.006017 0.035924 6
1.048658 0.024362 -0.013820 6
1.084438 0.020362 -0.036412 6
1.107380 -0.040509 0.007732 6
1.150925 -0.007131 -0.058148 6
1.186579 -0.007738 -0.083973 6
1.217664 -0.031821 -0.082775 6
1.231243 -0.164930 0.041073 6
1.261617 -0.207105 0.061055 8
1.307419 -0.140800 -0.039470 8
1.336163 -0.196226 -0.004891 8
1.363775 -0.271959 0.050984 8
1.399529 -0.279450 0.032218 8
-0.669251 1.971297 -0.562472 2
-0.654620 1.945229 -0.548743 2
-0.491896 1.957036 -0.691374 2
-0.431705 1.945036 -0.728066 2
-0.399918 1.926172 -0.735127 2
-0.324385 1.920672 -0.790494 2
-0.280716 1.906924 -0.812089 2
-0.227996 1.896871 -0.844572 2
-0.182014 1.885578 -0.870392 2
-0.181364 1.859183 -0.844864 2
-0.125447 1.852614 -0.883273 2
-0.087775 1.840263 -0.901295 2
-0.028527 1.837131 -0.945727 2
-0.031898 1.809511 -0.915656 2
0.006682 1.799247 -0.936398 2
0.016750 1.777036 -0.922413 2
0.043804 1.762450 -0.929581 2
0.062174 1.744076 -0.926007 2
0.095533 1.733179 -0.941840 2
0.088906 1.702399 -0.905873 2
0.100298 1.680338 -0.892972 2
0.146620 1.677210 -0.926836 2
0.140672 1.645557 -0.890466 2
0.182336 1.640906 -0.919041 2
0.186013 1.614219 -0.895264 2
0.209635 1.599451 -0.899286 2
0.246002 1.593153 -0.921918 2
0.237358 1.557648 -0.879421 2
0.267956 1.548004 -0.894057 2
0.285094 1.529358 -0.888933 2
0.305144 1.512803 -0.888197 2
0.330271 1.500169 -0.895412 2
0.332537 1.470039 -0.866858 2
0.359429 1.458920 -0.876948 2
0.362968 1.428847 -0.849411 2
0.385344 1.414092 -0.852209 2
0.405167 1.397263 -0.850870 2
0.435030 1.389601 -0.866701 2
0.451927 1.370377 -0.860581 2
0.477103 1.359024 -0.868929 2
0.475346 1.321145 -0.829172 2
0.493414 1.302340 -0.824323 2
0.515004 1.287155 -0.825892 2
0.531209 1.266171 -0.817321 2
0.543848 1.240884 -0.801554 2
0.574250 1.235757 -0.820179 2
0.587846 1.211132 -0.805785 2
0.603195 1.188146 -0.794407 2
0.629657 1.178984 -0.805767 2
0.642668 1.152453 -0.788901 2
0.663703 1.136211 -0.788758 2
0.660317 1.085381 -0.734276 2
0.707239 1.105803 -0.791658 2
0.674784 1.008582 -0.667144 2
0.690162 0.980604 -0.650516 2
0.696936 0.937855 -0.612084 2
0.709639 0.903168 -0.586466 2
0.738920 0.895991 -0.601809 2
0.749265 0.855340 -0.568208 2
0.752767 0.800052 -0.514302 2
0.776309 0.780703 -0.512661 2
0.787181 0.735562 -0.474782 2
0.800646 0.693572 -0.442105 2
0.814988 0.651416 -0.409903 2
0.824181 0.595425 -0.359516 2
0.850308 0.576186 -0.359829 2
0.844375 0.477478 -0.253918 2
0.860082 0.427286 -0.214390 2
0.888393 0.408064 -0.216300 2
0.894190 0.324947 -0.135291 2
0.915528 0.281440 -0.106842 2
0.940025 0.245097 -0.088137 2
0.959146 0.189086 -0.045067 3
0.946468 0.018835 0.139792 6
0.983994 0.014675 0.115570 6
1.028189 0.037943 0.058085 6
1.058905 0.010843 0.062724 6
1.099739 0.026725 0.015464 6
1.134241 0.017450 -0.001053 6
1.165203 -0.008588 0.002415 6
1.200842 -0.010890 -0.022074 6
1.236938 -0.008294 -0.051921 6
1.244282 -0.185957 0.125760 8
1.282078 -0.181954 0.093256 8
1.321902 -0.158103 0.038798 8
1.362468 -0.118705 -0.032218 8
1.381498 -0.275467 0.115289 8
-0.617807 2.001391 -0.573412 2
-0.546385 1.989146 -0.620406 2
-0.455706 1.983093 -0.689477 2
-0.450712 1.956585 -0.667187 2
-0.364713 1.952029 -0.733806 2
-0.337150 1.932509 -0.737098 2
-0.251064 1.930971 -0.806739 2
-0.224928 1.912443 -0.809780 2
-0.186051 1.898410 -0.827820 2
-0.131926 1.890290 -0.864358 2
-0.090897 1.878584 -0.886451 2
-0.065555 1.861760 -0.890422 2
-0.012538 1.856003 -0.928330 2
0.016027 1.841494 -0.937231 2
0.028092 1.820446 -0.925909 2
0.038584 1.798588 -0.912444 2
0.051032 1.777435 -0.901272 2
0.085867 1.766679 -0.919010 2
0.113387 1.752989 -0.927732 2
0.103710 1.720907 -0.887207 2
0.117567 1.700191 -0.877516 2
0.173588 1.702175 -0.925468 2
0.169540 1.671990 -0.891402 2
0.187851 1.653950 -0.887998 2
0.199786 1.632135 -0.875496 2
0.234839 1.624400 -0.896250 2
0.239773 1.598136 -0.873418 2
0.253154 1.576916 -0.862616 2
0.281140 1.565461 -0.873704 2
0.314174 1.558000 -0.892975 2
0.304508 1.520194 -0.846287 2
0.334699 1.510987 -0.861390 2
0.353225 1.493313 -0.858272 2
0.381544 1.483464 -0.871133 2
0.399959 1.465944 -0.868024 2
0.416764 1.447045 -0.862159 2
0.428384 1.423493 -0.847262 2
0.455581 1.413635 -0.859086 2
0.461963 1.384800 -0.834434 2
0.497076 1.382893 -0.860821 2
0.496058 1.346022 -0.821817 2
0.499673 1.312612 -0.790105 2
0.537724 1.314602 -0.822811 2
0.553767 1.293756 -0.814078 2
0.563020 1.264971 -0.791613 2
0.594373 1.261124 -0.812782 2
0.603084 1.230874 -0.788300 2
0.631190 1.223789 -0.803436 2
0.640587 1.193303 -0.779197 2
0.652001 1.164524 -0.758320 2
0.677121 1.153672 -0.767054 2
0.698280 1.137557 -0.767105 2
0.699657 1.092426 -0.721065 2
0.692197 1.031843 -0.651817 2
0.705574 1.000832 -0.630018 2
0.711865 0.957241 -0.589400 2
0.726242 0.925294 -0.567349 2
0.748116 0.905294 -0.563713 2
0.762833 0.872053 -0.540510 2
0.776531 0.835598 -0.513098 2
0.787048 0.791361 -0.474980 2
0.808791 0.767710 -0.467277 2
0.814491 0.709574 -0.410705 2
0.823578 0.655434 -0.360957 2
0.854036 0.647096 -0.376084 2
0.847302 0.550534 -0.269261 2
0.858662 0.492036 -0.216602 2
0.874134 0.440467 -0.174411 2
0.895973 0.403046 -0.152045 2
0.915101 0.355877 -0.117261 2
0.933408 0.303206 -0.076000 2
0.955039 0.257350 -0.044465 3
0.925689 0.038355 0.209221 6
0.969613 0.054812 0.157842 6
0.997288 0.014746 0.178714 6
1.040393 0.032968 0.126194 6
1.074960 0.019845 0.113396 6
1.105102 -0.012619 0.124471 6
1.143661 -0.006827 0.088711 6
1.188363 0.034148 0.011110 6
1.219766 0.009973 0.012591 6
1.252231 -0.009237 0.008053 6
1.279795 -0.061741 0.042500 6
1.304583 -0.142182 0.108644 8
1.339817 -0.152205 0.092412 8
1.376286 -0.149633 0.061963 8
1.400742 -0.267602 0.168184 8
-0.613306 2.020888 -0.535402 2
-0.519178 2.013205 -0.607823 2
-0.453614 2.000663 -0.650961 2
-0.392082 1.988390 -0.690899 2
-0.369531 1.966927 -0.688305 2
-0.274462 1.965962 -0.768173 2
-0.231800 1.951757 -0.789981 2
-0.194235 1.936732 -0.806584 2
-0.153099 1.923476 -0.827989 2
-0.095354 1.916546 -0.869916 2
-0.091729 1.891826 -0.847696 2
-0.030698 1.887788 -0.895299 2
-0.009066 1.870082 -0.895461 2
0.034612 1.861324 -0.923447 2
0.068107 1.849240 -0.939362 2
0.075493 1.826516 -0.922202 2
0.102159 1.812116 -0.929887 2
0.122722 1.795250 -0.929837 2
0.132236 1.773233 -0.915103 2
0.137211 1.748724 -0.893928 2
0.169967 1.738131 -0.910551 2
0.179143 1.715534 -0.894830 2
0.217788 1.708948 -0.920502 2
0.222113 1.683564 -0.897735 2
0.239599 1.665476 -0.893588 2
0.258294 1.648143 -0.891208 2
0.271593 1.627457 -0.880769 2
0.290259 1.610105 -0.878277 2
0.303104 1.588869 -0.866815 2
0.333074 1.579365 -0.881928 2
0.355192 1.564754 -0.885091 2
0.371789 1.546232 -0.879507 2
0.379862 1.521092 -0.859829 2
0.406740 1.510371 -0.870945 2
0.405022 1.476662 -0.834032 2
0.424883 1.460133 -0.833127 2
0.439056 1.438694 -0.822285 2
0.467302 1.429663 -0.836184 2
0.489664 1.415684 -0.839943 2
0.502787 1.393033 -0.826846 2
0.524017 1.378033 -0.828519 2
0.540306 1.358094 -0.820844 2
0.537294 1.317561 -0.775369 2
0.579455 1.324711 -0.817699 2
0.598086 1.306932 -0.814142 2
0.592770 1.261210 -0.761155 2
0.614792 1.246373 -0.763444 2
0.641783 1.237809 -0.776454 2
0.655542 1.212788 -0.761051 2
0.671660 1.190288 -0.750232 2
0.710345 1.198294 -0.790375 2
0.682417 1.113440 -0.676944 2
0.699499 1.089839 -0.665627 2
0.703415 1.045702 -0.621592 2
0.725652 1.028403 -0.621137 2
0.742944 1.002963 -0.607911 2
0.748665 0.957268 -0.563560 2
0.762337 0.923309 -0.538192 2
0.767346 0.872227 -0.487409 2
0.790918 0.853559 -0.486374 2
0.790469 0.787493 -0.415015 2
0.818740 0.776146 -0.425550 2
0.827493 0.723679 -0.376131 2
0.843110 0.683401 -0.345298 2
0.845253 0.609909 -0.267864 2
0.870295 0.586690 -0.262861 2
0.888118 0.544664 -0.231779 2
0.891549 0.462252 -0.145628 2
0.922805 0.450558 -0.157873 2
0.935832 0.386420 -0.098982 2
0.954533 0.334748 -0.058008 2
0.967626 0.261338 0.010938 2
0.931754 0.015507 0.304973 6
0.974308 0.024843 0.261308 6
1.017780 0.041016 0.209579 6
1.057603 0.046738 0.172077 6
1.093337 0.037909 0.153586 6
1.122848 0.001533 0.169842 6
1.169091 0.045127 0.086469 6
1.201464 0.024102 0.083967 6
1.239430 0.034629 0.042974 6
1.261418 -0.051024 0.118683 6
1.279771 -0.175758 0.239624 8
1.314447 -0.198537 0.237439 8
1.349820 -0.216983 0.230071 8
-0.617348 2.067648 -0.517049 2
-0.611607 2.040048 -0.493789 2
-0.608577 2.011579 -0.467212 2
-0.461776 2.016113 -0.600399 2
-0.377572 2.008714 -0.666463 2
-0.348025 1.988993 -0.671960 2
-0.272506 1.982152 -0.730913 2
-0.214887 1.971830 -0.770577 2
-0.160747 1.961635 -0.807290 2
-0.118284 1.948865 -0.831094 2
-0.096606 1.930038 -0.830425 2
-0.062829 1.915548 -0.844779 2
-0.025400 1.902911 -0.864208 2
0.019618 1.893779 -0.893864 2
0.049302 1.879584 -0.904841 2
0.079990 1.866243 -0.917546 2
0.088711 1.844120 -0.901907 2
0.108907 1.826796 -0.901237 2
0.126309 1.808343 -0.896914 2
0.169685 1.802216 -0.928060 2
0.173082 1.777438 -0.904853 2
0.179793 1.753887 -0.885772 2
0.207865 1.741234 -0.896657 2
0.221521 1.721142 -0.887164 2
0.244897 1.706425 -0.891727 2
0.237776 1.674124 -0.851266 2
0.263983 1.661019 -0.859904 2
0.300047 1.654448 -0.883949 2
0.329003 1.644070 -0.897782 2
0.340178 1.622298 -0.884132 2
0.353045 1.601419 -0.872849 2
0.369749 1.583064 -0.867520 2
0.399131 1.574018 -0.882988 2
0.411249 1.552360 -0.870114 2
0.417263 1.525602 -0.846505 2
0.435530 1.508187 -0.843366 2
0.478531 1.511546 -0.883645 2
0.476149 1.476864 -0.844229 2
0.495058 1.460085 -0.842206 2
0.496482 1.427133 -0.807818 2
0.526175 1.420136 -0.825444 2
0.550132 1.408125 -0.832743 2
0.566798 1.388986 -0.826108 2
0.579509 1.365505 -0.811380 2
0.614822 1.366132 -0.841868 2
0.606261 1.318590 -0.782980 2
0.642382 1.320814 -0.815807 2
0.648653 1.288463 -0.785852 2
0.672033 1.276220 -0.792135 2
0.689346 1.256449 -0.785081 2
0.706911 1.236738 -0.778264 2
0.674976 1.148808 -0.655490 2
0.694140 1.128404 -0.649170 2
0.705521 1.096264 -0.623476 2
0.716412 1.062238 -0.595266 2
0.731941 1.034243 -0.577478 2
0.739567 0.992453 -0.537960 2
0.759800 0.970159 -0.530239 2
0.774283 0.937284 -0.506096 2
0.782802 0.892212 -0.463577 2
0.800273 0.861903 -0.444630 2
0.813471 0.822025 -0.411589 2
0.835690 0.798798 -0.404252 2
0.840830 0.738363 -0.341853 2
0.850267 0.683762 -0.289358 2
0.871753 0.653955 -0.274022 2
0.874531 0.577323 -0.191674 2
0.905036 0.565905 -0.203898 2
0.912463 0.493303 -0.129686 2
0.932331 0.450101 -0.098029 2
0.944362 0.381132 -0.031464 2
0.963827 0.329746 0.009681 2
0.912375 0.042676 0.369092 6
0.946261 0.019924 0.367011 6
0.988717 0.028086 0.323841 6
1.035442 0.056158 0.255236 6
1.070200 0.040704 0.244547 6
1.111601 0.054917 0.195696 6
1.141906 0.021068 0.209094 6
1.183019 0.039787 0.155591 6
1.218693 0.034257 0.133395 6
1.248737 -0.003252 0.151244 6
1.246849 -0.255168 0.432631 8
1.278348 -0.313481 0.472568 8
1.310725 -0.374164 0.514512 8
1.345538 -0.423798 0.542321 8
-0.570387 2.067328 -0.495236 2
-0.596800 2.033080 -0.435711 2
-0.820257 1.953629 -0.151502 2
-0.853738 1.912833 -0.078649 2
-0.359188 2.002821 -0.617802 2
-0.229057 2.009547 -0.741831 2
-0.203747 1.990299 -0.744297 2
-0.150815 1.979389 -0.780308 2
-0.102066 1.968262 -0.812286 2
-0.093141 1.945322 -0.796003 2
-0.038686 1.937470 -0.836472 2
-0.018332 1.918822 -0.834889 2
0.037332 1.913252 -0.878773 2
0.060852 1.896655 -0.882114 2
0.110468 1.890698 -0.920086 2
0.115953 1.867565 -0.900246 2
0.135708 1.850247 -0.899319 2
0.147171 1.829349 -0.887117 2
0.172907 1.814937 -0.894552 2
0.182139 1.792894 -0.879045 2
0.217210 1.783548 -0.900150 2
0.232551 1.764639 -0.893364 2
0.251287 1.747519 -0.891479 2
0.262164 1.726097 -0.877928 2
0.271253 1.703411 -0.861378 2
0.304613 1.694930 -0.881681 2
0.321997 1.677231 -0.877798 2
0.341256 1.660746 -0.876848 2
0.356449 1.641655 -0.869427 2
0.378937 1.627466 -0.873741 2
0.388944 1.604662 -0.857610 2
0.403100 1.584534 -0.848010 2
0.426085 1.570908 -0.853246 2
0.428923 1.541771 -0.823748 2
0.442494 1.520514 -0.812265 2
0.485331 1.523433 -0.852937 2
0.494997 1.499071 -0.834532 2
0.501922 1.471764 -0.810445 2
0.530339 1.463552 -0.826126 2
0.552940 1.450380 -0.831217 2
0.561803 1.423933 -0.809635 2
0.598077 1.424658 -0.841901 2
0.604666 1.395375 -0.815115 2
0.621797 1.376642 -0.809122 2
0.647877 1.367769 -0.821776 2
0.641709 1.322005 -0.765514 2
0.668250 1.313403 -0.778778 2
0.680062 1.287060 -0.759547 2
0.708086 1.280781 -0.776588 2
0.689272 1.213022 -0.684738 2
0.689819 1.168187 -0.635050 2
0.711276 1.151054 -0.634192 2
0.724414 1.121604 -0.612388 2
0.735635 1.088261 -0.584540 2
0.742691 1.047060 -0.544281 2
0.759584 1.020146 -0.528371 2
0.772760 0.986093 -0.501236 2
0.779794 0.939794 -0.455076 2
0.799097 0.913715 -0.441991 2
0.823350 0.896335 -0.442827 2
0.839111 0.861963 -0.417308 2
0.840494 0.796253 -0.344302 2
0.861410 0.768567 -0.330548 2
0.861811 0.693610 -0.246167 2
0.883958 0.664684 -0.231930 2
0.893909 0.604566 -0.172185 2
0.922405 0.588226 -0.177361 2
0.923889 0.498800 -0.077281 2
0.954012 0.483486 -0.084851 2
0.963484 0.406580 -0.005452 2
0.876977 0.020678 0.503729 6
0.923193 0.035237 0.449190 6
0.964357 0.035990 0.414549 6
1.002396 0.027489 0.393054 6
1.045758 0.041445 0.341753 6
1.083091 0.034166 0.319586 6
1.121530 0.033402 0.289177 6
1.159621 0.033450 0.258197 6
1.199780 0.047150 0.210067 6
1.235544 0.040886 0.188293 6
1.227246 -0.239133 0.513931 8
1.263024 -0.268820 0.518965 8
1.296140 -0.321581 0.552507 8
-0.546395 2.090982 -0.478112 2
-0.558042 2.060179 -0.434649 2
-0.397147 2.065782 -0.589511 2
-0.364165 2.045972 -0.598918 2
-0.332117 2.026392 -0.607647 2
-0.211895 2.029788 -0.722365 2
-0.173155 2.014112 -0.741342 2
-0.130893 2.000090 -0.765289 2
-0.102410 1.982728 -0.772881 2
-0.071722 1.966433 -0.783600 2
-0.026910 1.955213 -0.812757 2
0.039495 1.952277 -0.870699 2
0.058425 1.933904 -0.868193 2
0.080316 1.916752 -0.869681 2
0.100038 1.898959 -0.868432 2
0.129744 1.885359 -0.880863 2
0.142580 1.865088 -0.870495 2
0.170735 1.851460 -0.881375 2
0.199699 1.838628 -0.893816 2
0.232664 1.828160 -0.912461 2
0.241507 1.806401 -0.896611 2
0.257014 1.787789 -0.890261 2
0.257247 1.761032 -0.860955 2
0.283368 1.747907 -0.870233 2
0.282628 1.719821 -0.838474 2
0.313871 1.709931 -0.855892 2
0.353541 1.705794 -0.887295 2
0.362916 1.683422 -0.870913 2
0.374914 1.662434 -0.858398 2
0.409802 1.656746 -0.883597 2
0.426921 1.639396 -0.879674 2
0.430506 1.612205 -0.852487 2
0.445229 1.592690 -0.843883 2
0.478727 1.587594 -0.868296 2
0.465250 1.545605 -0.809014 2
0.480834 1.526030 -0.800969 2
0.524311 1.530213 -0.844626 2
0.509248 1.483929 -0.778938 2
0.550991 1.487698 -0.820479 2
0.574559 1.475649 -0.827868 2
0.578775 1.444954 -0.796860 2
0.588786 1.419153 -0.776504 2
0.617071 1.411836 -0.793306 2
0.633859 1.392700 -0.786434 2
0.644255 1.366212 -0.765489 2
0.670927 1.357841 -0.779512 2
0.684215 1.333984 -0.764019 2
0.711462 1.326859 -0.779871 2
0.673934 1.237308 -0.644527 2
0.694590 1.219752 -0.642560 2
0.699812 1.180899 -0.602629 2
0.717553 1.158244 -0.592160 2
0.727371 1.123437 -0.560778 2
0.742933 1.096057 -0.542876 2
0.763454 1.075726 -0.537336 2
0.772333 1.035902 -0.499204 2
0.798109 1.023183 -0.506872 2
0.802136 0.972058 -0.451407 2
0.820798 0.945208 -0.436520 2
0.832849 0.904774 -0.400197 2
0.844034 0.860596 -0.358745 2
0.853225 0.809885 -0.307968 2
0.867938 0.768239 -0.272348 2
0.880359 0.719141 -0.226080 2
0.895699 0.674029 -0.186857 2
0.914488 0.634847 -0.157379 2
0.933819 0.594918 -0.127430 2
0.951194 0.547310 -0.086844 2
0.970584 0.502338 -0.050957 2
0.921008 0.244885 0.290158 3
0.903854 0.064753 0.514134 6
0.942418 0.054887 0.493276 6
0.976010 0.028316 0.496113 6
1.017176 0.029730 0.460103 6
1.064604 0.059313 0.386125 6
1.098766 0.037833 0.382791 6
1.142886 0.062350 0.317626 6
1.180534 0.060845 0.288255 6
1.213868 0.038383 0.286986 6
1.250677 0.035548 0.260013 6
1.248285 -0.220430 0.560983 8
-0.574767 2.076220 -0.369932 2
-0.401085 2.082782 -0.542295 2
-0.371909 2.061726 -0.547228 2
-0.325992 2.044930 -0.572633 2
-0.185015 2.052437 -0.714728 2
-0.179283 2.028116 -0.693642 2
-0.107858 2.021600 -0.754286 2
-0.076101 2.005201 -0.766433 2
-0.049318 1.987766 -0.772672 2
0.044297 1.992008 -0.865969 2
0.079770 1.979175 -0.885382 2
0.080534 1.954827 -0.859212 2
0.117642 1.943323 -0.881528 2
0.125874 1.921491 -0.865085 2
0.130951 1.898168 -0.843957 2
0.175754 1.890986 -0.878163 2
0.203892 1.877592 -0.889703 2
0.210660 1.855019 -0.870838 2
0.233461 1.839624 -0.875015 2
0.253555 1.823162 -0.875399 2
0.289720 1.814960 -0.900075 2
0.326988 1.808101 -0.927242 2
0.320621 1.778352 -0.887731 2
0.315283 1.748282 -0.848767 2
0.334250 1.731514 -0.847480 2
0.362469 1.720433 -0.861209 2
0.386054 1.706933 -0.867824 2
0.392596 1.682657 -0.846283 2
0.395051 1.655152 -0.817216 2
0.428976 1.648840 -0.841457 2
0.447189 1.632000 -0.839062 2
0.473046 1.620881 -0.850230 2
0.492354 1.605132 -0.849989 2
0.489870 1.572095 -0.809750 2
0.516833 1.562218 -0.823202 2
0.520521 1.532986 -0.792911 2
0.547030 1.523018 -0.805731 2
0.564946 1.505686 -0.802115 2
0.573049 1.479054 -0.778711 2
0.619277 1.488897 -0.832323 2
0.616638 1.451276 -0.786268 2
0.629650 1.428494 -0.771639 2
0.649173 1.412282 -0.770514 2
0.677055 1.405400 -0.787780 2
0.683051 1.373876 -0.756442 2
0.711236 1.367778 -0.774786 2
0.676528 1.284533 -0.646166 2
0.694075 1.263449 -0.637283 2
0.708772 1.238245 -0.620952 2
0.714423 1.199949 -0.581094 2
0.731893 1.176896 -0.569655 2
0.755473 1.162383 -0.573652 2
0.757455 1.114869 -0.519501 2
0.777583 1.093867 -0.512662 2
0.792231 1.063442 -0.489786 2
0.806401 1.031080 -0.464138 2
0.810666 0.979726 -0.407237 2
0.832163 0.957572 -0.399998 2
0.843573 0.915404 -0.360131 2
0.861687 0.884585 -0.339528 2
0.862876 0.816873 -0.260295 2
0.884646 0.789881 -0.247297 2
0.902316 0.752527 -0.218353 2
0.918315 0.709214 -0.180804 2
0.932479 0.658712 -0.133045 2
0.953347 0.622602 -0.108145 2
0.962527 0.552017 -0.032027 2
0.815189 0.017655 0.731635 6
0.864224 0.032899 0.671308 6
0.911129 0.045312 0.616281 6
0.962921 0.078491 0.532379 6
0.995319 0.047083 0.542247 6
1.031917 0.030492 0.530925 6
1.069752 0.019383 0.512091 6
1.116406 0.048803 0.437413 6
1.153427 0.039139 0.417717 6
1.194049 0.049529 0.371075 6
1.232763 0.053954 0.333264 6
-0.562302 2.098310 -0.338160 2
-0.415265 2.098162 -0.481859 2
-0.389814 2.075803 -0.482098 2
-0.212303 2.087856 -0.668901 2
-0.169926 2.072117 -0.692859 2
-0.157894 2.049474 -0.679462 2
-0.097034 2.039755 -0.728010 2
-0.065047 2.023228 -0.740753 2
-0.028365 2.008578 -0.760102 2
0.049857 2.007475 -0.834998 2
0.084047 1.993929 -0.853033 2
0.090110 1.971368 -0.833528 2
0.123228 1.958192 -0.850816 2
0.152326 1.944089 -0.863094 2
0.160937 1.922445 -0.846915 2
0.183074 1.906077 -0.849760 2
0.221871 1.897002 -0.876955 2
0.234817 1.877313 -0.867013 2
0.278300 1.871570 -0.902415 2
0.290923 1.852082 -0.892272 2
0.285820 1.823668 -0.854763 2
0.318041 1.813714 -0.874311 2
0.368485 1.814155 -0.923276 2
0.341061 1.772664 -0.849087 2
0.362931 1.757812 -0.852872 2
0.375906 1.737859 -0.842177 2
0.403641 1.726889 -0.855953 2
0.427487 1.713902 -0.863612 2
0.441979 1.695004 -0.855414 2
0.452461 1.673222 -0.839976 2
0.482720 1.665221 -0.859378 2
0.493615 1.643559 -0.844355 2
0.501188 1.619020 -0.822753 2
0.519158 1.602167 -0.819953 2
0.536952 1.585172 -0.816761 2
0.538523 1.554418 -0.781999 2
0.566190 1.545557 -0.797582 2
0.589664 1.533442 -0.805316 2
0.620116 1.528180 -0.827650 2
0.617176 1.491273 -0.781135 2
0.630735 1.469488 -0.767939 2
0.637523 1.440278 -0.739537 2
0.672405 1.440380 -0.772140 2
0.688124 1.420297 -0.762800 2
0.717325 1.415460 -0.784113 2
0.696856 1.352107 -0.689411 2
0.692478 1.305227 -0.629241 2
0.715088 1.290704 -0.632680 2
0.726526 1.261478 -0.608127 2
0.732235 1.223404 -0.567616 2
0.752329 1.204246 -0.562980 2
0.758706 1.164550 -0.520999 2
0.784031 1.152209 -0.529223 2
0.792480 1.113213 -0.489840 2
0.796643 1.065308 -0.435733 2
0.814934 1.039267 -0.420806 2
0.826654 1.000641 -0.384631 2
0.851189 0.984149 -0.386773 2
0.851026 0.919493 -0.308186 2
0.866293 0.882047 -0.276420 2
0.890365 0.861456 -0.272952 2
0.898587 0.805331 -0.212025 2
0.924263 0.786053 -0.211435 2
0.928385 0.714099 -0.127431 2
0.946537 0.672500 -0.092801 2
0.956273 0.605836 -0.020067 2
0.888101 0.314273 0.396081 2
0.819989 -0.006777 0.848288 6
0.877879 0.033818 0.747865 6
0.919947 0.029090 0.716843 6
0.964532 0.035170 0.670498 6
1.015652 0.069097 0.584459 6
1.056343 0.068485 0.549901 6
1.094329 0.058884 0.528804 6
1.136492 0.069839 0.478985 6
1.172814 0.056407 0.464219 6
1.069757 -0.707449 1.490424 1
1.113770 -0.742749 1.496132 1
1.156891 -0.786398 1.512982 1
1.207105 -0.783935 1.467257 1
1.249507 -0.838366 1.498225 1
-0.393754 2.093370 -0.432555 2
-0.337926 2.077460 -0.470762 2
-0.137356 2.095861 -0.692945 2
-0.121755 2.074366 -0.684301 2
-0.099516 2.054594 -0.684194 2
-0.062757 2.038976 -0.703288 2
0.066868 2.050651 -0.846397 2
0.070633 2.027725 -0.823984 2
0.080320 2.006344 -0.809193 2
0.119525 1.994630 -0.834913 2
0.151910 1.981299 -0.851901 2
0.158368 1.959057 -0.832696 2
0.208789 1.953312 -0.876279 2
0.197562 1.924168 -0.831350 2
0.244865 1.918459 -0.871743 2
0.262045 1.900802 -0.868255 2
0.287634 1.887002 -0.877542 2
0.297766 1.866300 -0.863384 2
0.321748 1.852160 -0.870553 2
0.326566 1.828586 -0.847644 2
0.370279 1.825116 -0.886706 2
0.378745 1.803422 -0.869480 2
0.389948 1.782966 -0.856347 2
0.409153 1.767015 -0.856348 2
0.419835 1.745957 -0.841861 2
0.440791 1.731153 -0.844812 2
0.453680 1.711222 -0.833699 2
0.459338 1.686160 -0.809336 2
0.481196 1.671980 -0.813717 2
0.490550 1.648863 -0.795153 2
0.519858 1.640442 -0.813555 2
0.526827 1.615098 -0.789871 2
0.540939 1.594955 -0.779303 2
0.571517 1.588436 -0.801027 2
0.588365 1.570680 -0.795856 2
0.609874 1.557038 -0.800087 2
0.621654 1.534509 -0.784123 2
0.638460 1.516393 -0.778277 2
0.650035 1.492911 -0.760828 2
0.671393 1.479041 -0.764375 2
0.680231 1.451904 -0.739724 2
0.708711 1.445788 -0.759393 2
0.697315 1.394496 -0.685831 2
0.686833 1.341726 -0.611262 2
0.718433 1.338285 -0.636964 2
0.736048 1.317887 -0.628556 2
0.741321 1.280782 -0.587903 2
0.751031 1.248219 -0.556944 2
0.755363 1.206728 -0.509861 2
0.770588 1.179479 -0.490481 2
0.779610 1.141824 -0.452376 2
0.802883 1.125340 -0.453671 2
0.818271 1.095712 -0.431280 2
0.829385 1.057589 -0.394314 2
0.850033 1.034884 -0.385231 2
0.874548 1.018922 -0.388018 2
0.875788 0.957296 -0.312507 2
0.883119 0.904150 -0.253066 2
0.905546 0.880025 -0.243536 2
0.914307 0.824592 -0.182391 2
0.926933 0.774538 -0.131401 2
0.952205 0.752339 -0.126617 2
0.958803 0.681359 -0.043832 2
0.977050 0.636398 -0.004046 2
0.793800 0.011788 0.943290 6
0.835180 -0.001725 0.923060 6
0.879708 -0.004200 0.886286 6
0.926776 0.004223 0.833683 6
0.975271 0.021496 0.768815 6
1.021332 0.034414 0.711696 6
0.991559 -0.259112 1.107065 1
1.035261 -0.269373 1.081411 1
1.076825 -0.288064 1.068371 1
1.113563 -0.331195 1.090457 1
1.103362 -0.640865 1.489425 1
1.148438 -0.667297 1.483450 1
1.191486 -0.708409 1.497877 1
1.237017 -0.735259 1.492309 1
1.282064 -0.767648 1.494281 1
1.328700 -0.787841 1.479639 1
-0.576542 2.076837 -0.157576 2
-0.352042 2.092728 -0.407772 2
-0.320221 2.071831 -0.416639 2
-0.083218 2.099497 -0.693094 2
-0.052771 2.082048 -0.704346 2
-0.011899 2.067792 -0.729961 2
0.062839 2.063720 -0.802193 2
0.093307 2.048459 -0.815776 2
0.127572 2.034850 -0.835118 2
0.160031 2.021264 -0.852559 2
0.154616 1.995349 -0.816604 2
0.174732 1.977878 -0.816677 2
0.221606 1.970559 -0.856046 2
0.234017 1.950858 -0.845457 2
0.233369 1.925736 -0.815032 2
0.266235 1.914299 -0.834992 2
0.288634 1.898840 -0.839422 2
0.309511 1.882924 -0.841686 2
0.330775 1.867385 -0.844722 2
0.363906 1.857991 -0.867106 2
0.375132 1.837878 -0.854325 2
0.406629 1.828533 -0.874971 2
0.414916 1.806790 -0.857110 2
0.426999 1.786921 -0.845281 2
0.459687 1.779333 -0.869044 2
0.458319 1.751084 -0.833355 2
0.475411 1.734023 -0.829770 2
0.487149 1.713353 -0.816340 2
0.504443 1.696306 -0.812835 2
0.520814 1.678588 -0.807512 2
0.556878 1.675618 -0.839878 2
0.557469 1.646016 -0.804079 2
0.579656 1.632895 -0.809992 2
0.598091 1.616887 -0.808549 2
0.619294 1.603305 -0.812776 2
0.626613 1.577469 -0.788024 2
0.640528 1.557066 -0.776453 2
0.670745 1.552040 -0.799983 2
0.677619 1.524555 -0.772531 2
0.689280 1.501174 -0.754824 2
0.709521 1.486426 -0.756228 2
0.684352 1.421446 -0.650360 2
0.708764 1.409819 -0.659595 2
0.705336 1.365393 -0.600523 2
0.733605 1.358009 -0.618684 2
0.750221 1.336377 -0.607554 2
0.751595 1.294080 -0.555584 2
0.755822 1.253725 -0.508738 2
0.776864 1.235600 -0.506068 2
0.802746 1.224546 -0.516905 2
0.792617 1.158216 -0.423191 2
0.807721 1.128448 -0.399847 2
0.833856 1.116065 -0.408997 2
0.848915 1.084719 -0.383441 2
0.853486 1.033060 -0.322017 2
0.870858 1.002610 -0.299620 2
0.891016 0.976444 -0.285226 2
0.900688 0.927753 -0.232137 2
0.916337 0.889007 -0.197268 2
0.925759 0.834089 -0.135806 2
0.953194 0.818170 -0.140965 2
0.964907 0.763202 -0.081387 2
0.968624 0.683368 0.017582 2
0.753386 -0.006395 1.101770 6
0.806400 0.009628 1.032404 6
0.852572 0.009067 0.990771 6
0.907534 0.039683 0.901115 6
0.867702 -0.250733 1.311371 1
0.913677 -0.260383 1.282023 1
0.963720 -0.252245 1.226200 1
1.010806 -0.252158 1.183572 1
1.058580 -0.245619 1.132136 1
1.101377 -0.258930 1.110933 1
1.137436 -0.306802 1.140540 1
1.136565 -0.574645 1.487503 1
1.176266 -0.632690 1.527299 1
1.223554 -0.644790 1.501099 1
1.267477 -0.681472 1.509825 1
1.314012 -0.698702 1.491226 1
1.360007 -0.720482 1.479140 1
-0.527494 2.076773 -0.134594 2
-0.313204 2.091637 -0.379579 2
-0.296780 2.067427 -0.368611 2
-0.263035 2.047358 -0.380791 2
-0.213770 2.031724 -0.414554 2
-0.159980 2.018263 -0.455584 2
0.083496 2.059849 -0.762534 2
0.114734 2.044798 -0.777645 2
0.138414 2.027872 -0.782455 2
0.170027 2.013852 -0.799032 2
0.189715 1.996220 -0.798628 2
0.184848 1.969787 -0.761702 2
0.214857 1.955974 -0.776600 2
0.233577 1.938154 -0.774713 2
0.306629 1.943087 -0.857341 2
0.302070 1.916336 -0.820046 2
0.313223 1.895970 -0.806898 2
0.352040 1.888504 -0.838347 2
0.351944 1.862770 -0.806730 2
0.384969 1.853364 -0.829604 2
0.401890 1.836063 -0.825925 2
0.443088 1.832239 -0.864025 2
0.465046 1.818414 -0.869717 2
0.469559 1.794417 -0.844654 2
0.484566 1.776394 -0.837792 2
0.493310 1.754264 -0.819274 2
0.520488 1.744064 -0.834567 2
0.535266 1.725774 -0.826910 2
0.548543 1.706292 -0.816141 2
0.573906 1.695608 -0.828736 2
0.578042 1.668961 -0.799446 2
0.596604 1.653119 -0.798438 2
0.605867 1.629605 -0.778183 2
0.625143 1.614185 -0.778283 2
0.656928 1.609984 -0.805233 2
0.656992 1.577360 -0.763857 2
0.686661 1.571861 -0.786862 2
0.684773 1.535827 -0.739017 2
0.709100 1.525272 -0.750030 2
0.697127 1.476422 -0.675507 2
0.687880 1.428151 -0.604382 2
0.714898 1.419068 -0.619739 2
0.734560 1.401797 -0.617149 2
0.736464 1.362547 -0.568502 2
0.737099 1.319924 -0.514164 2
0.759209 1.303836 -0.515280 2
0.780088 1.286085 -0.512942 2
0.787136 1.248390 -0.471057 2
0.798313 1.215155 -0.438931 2
0.808041 1.178322 -0.400623 2
0.841047 1.177397 -0.431679 2
0.850394 1.137999 -0.389483 2
0.856831 1.091549 -0.335177 2
0.874123 1.062336 -0.313801 2
0.894410 1.037714 -0.301229 2
0.896117 0.975356 -0.221285 2
0.912806 0.939987 -0.190994 2
0.935229 0.915361 -0.180185 2
0.948910 0.869992 -0.133704 2
0.959854 0.815206 -0.072146 2
0.969419 0.753057 0.000501 2
0.665633 -0.144826 1.469744 1
0.704303 -0.180945 1.480852 1
0.740397 -0.225921 1.506213 1
0.781464 -0.257712 1.509676 1
0.932169 0.073301 0.931828 6
0.882086 -0.258862 1.417364 1
0.934213 -0.247875 1.354473 1
0.983529 -0.243396 1.302946 1
1.027677 -0.257258 1.280616 1
1.074870 -0.255598 1.235082 1
1.118786 -0.266612 1.209495 1
1.161327 -0.283390 1.192953 1
1.197571 -0.337621 1.231964 1
1.216245 -0.517184 1.453357 1
1.258268 -0.558971 1.470932 1
1.301229 -0.598281 1.484533 1
1.345634 -0.629051 1.485655 1
-0.596739 2.084494 0.007954 2
-0.485135 2.075567 -0.103330 2
-0.280983 2.089256 -0.342563 2
-0.261974 2.065626 -0.334967 2
-0.204136 2.051571 -0.381107 2
-0.176004 2.031004 -0.386932 2
-0.075298 2.030740 -0.496197 2
-0.763038 1.803930 0.526792 2
0.157716 2.047710 -0.770035 2
0.170497 2.027559 -0.759300 2
0.184865 2.007870 -0.750763 2
0.206379 1.990691 -0.752961 2
0.217699 1.969918 -0.739623 2
0.247699 1.956285 -0.755191 2
0.287737 1.947255 -0.787205 2
0.306185 1.929903 -0.785535 2
0.332426 1.916121 -0.796613 2
0.370707 1.908324 -0.828015 2
0.382277 1.888479 -0.815593 2
0.388341 1.865687 -0.793489 2
0.405036 1.848061 -0.789177 2
0.457687 1.850075 -0.847960 2
0.473242 1.832607 -0.842464 2
0.486956 1.814025 -0.833516 2
0.498125 1.793763 -0.819647 2
0.512554 1.775324 -0.811476 2
0.543200 1.767490 -0.833939 2
0.542942 1.739145 -0.797404 2
0.570920 1.730014 -0.815223 2
0.584753 1.711009 -0.805371 2
0.598125 1.691464 -0.794259 2
0.618967 1.677622 -0.798261 2
0.642223 1.665959 -0.807527 2
0.642787 1.635248 -0.768317 2
0.655128 1.613887 -0.753444 2
0.674938 1.599005 -0.754689 2
0.687083 1.576916 -0.738499 2
0.670998 1.526498 -0.655988 2
0.689837 1.509300 -0.652949 2
0.698634 1.481379 -0.625413 2
0.710648 1.456136 -0.604616 2
0.724242 1.432037 -0.586855 2
0.739987 1.409906 -0.573800 2
0.747525 1.377222 -0.538350 2
0.771941 1.364879 -0.546886 2
0.774845 1.324250 -0.496031 2
0.776755 1.280331 -0.439714 2
0.812337 1.282595 -0.478654 2
0.817311 1.240638 -0.427848 2
0.823623 1.198659 -0.378265 2
0.844570 1.178261 -0.372030 2
0.868219 1.162097 -0.374050 2
0.874182 1.114820 -0.316751 2
0.888800 1.080726 -0.285600 2
0.902197 1.042711 -0.247885 2
0.921220 1.014017 -0.228131 2
0.937674 0.978786 -0.196961 2
0.939588 0.909757 -0.105964 2
0.956871 0.871039 -0.070703 2
0.967865 0.814848 -0.005653 2
0.650793 -0.082652 1.513380 1
0.699549 -0.091150 1.477685 1
0.737121 -0.129530 1.493347 1
0.783361 -0.143438 1.467731 1
0.823027 -0.176995 1.475193 1
0.863049 -0.210528 1.482448 1
0.898533 -0.261700 1.518111 1
0.951897 -0.247707 1.448555 1
0.999531 -0.251958 1.409357 1
1.047132 -0.253474 1.366642 1
1.094561 -0.252383 1.320708 1
1.142196 -0.246169 1.267779 1
1.183024 -0.273883 1.267528 1
1.223684 -0.304114 1.271021 1
1.244568 -0.476464 1.486551 1
1.288470 -0.503892 1.483568 1
1.332519 -0.531852 1.481346 1
-0.556726 2.082501 0.046089 2
-0.398279 2.083704 -0.133318 2
-0.254550 2.085675 -0.297020 2
-0.226638 2.064052 -0.301797 2
-0.201272 2.042110 -0.303216 2
-0.150782 2.027086 -0.341188 2
0.001177 2.041622 -0.529128 2
-0.732508 1.797323 0.594058 2
-0.712670 1.764816 0.612425 2
0.184093 2.021262 -0.707911 2
0.206252 2.004007 -0.710954 2
0.255748 1.996919 -0.757094 2
0.277143 1.980304 -0.759906 2
0.289758 1.960395 -0.748718 2
0.315122 1.945698 -0.758177 2
0.345159 1.933396 -0.775762 2
0.368895 1.918768 -0.783327 2
0.402087 1.908941 -0.807377 2
0.415163 1.889843 -0.797280 2
0.458522 1.886260 -0.840366 2
0.459302 1.860946 -0.808572 2
0.494734 1.854355 -0.838895 2
0.507774 1.835594 -0.828842 2
0.519339 1.815794 -0.815740 2
0.527600 1.793687 -0.795943 2
0.564596 1.789945 -0.831329 2
0.574342 1.768728 -0.814134 2
0.585076 1.747843 -0.798360 2
0.596313 1.726993 -0.783090 2
0.612371 1.709471 -0.777326 2
0.635043 1.697082 -0.785386 2
0.650889 1.679413 -0.779023 2
0.664596 1.659819 -0.767721 2
0.669905 1.632571 -0.737157 2
0.687742 1.615926 -0.734021 2
0.669341 1.564906 -0.646252 2
0.692059 1.551683 -0.652708 2
0.694148 1.517662 -0.609293 2
0.716988 1.504278 -0.615474 2
0.731370 1.481835 -0.600435 2
0.739373 1.451642 -0.568136 2
0.743637 1.415948 -0.524382 2
0.754065 1.386344 -0.495228 2
0.779540 1.374965 -0.506400 2
0.792965 1.347968 -0.483713 2
0.803146 1.315634 -0.450297 2
0.814863 1.284213 -0.419616 2
0.820494 1.242447 -0.368434 2
0.846084 1.229711 -0.377368 2
0.863752 1.204421 -0.360885 2
0.878792 1.173907 -0.334450 2
0.890649 1.136520 -0.295229 2
0.900840 1.094174 -0.247396 2
0.928363 1.082961 -0.259858 2
0.930073 1.020031 -0.174883 2
0.944614 0.979840 -0.134085 2
0.956471 0.931371 -0.079048 2
0.959670 0.859491 0.017127 2
0.655934 0.028349 1.470111 1
0.697248 0.002615 1.464732 1
0.732530 -0.039646 1.488420 1
0.776415 -0.059086 1.472129 1
0.810982 -0.106394 1.503888 1
0.854943 -0.126060 1.488195 1
0.895882 -0.155602 1.489377 1
0.938318 -0.180405 1.482684 1
0.978200 -0.215517 1.493011 1
1.022505 -0.233619 1.475534 1
1.067021 -0.249990 1.455619 1
1.115552 -0.245248 1.402565 1
1.159127 -0.262617 1.385303 1
1.205145 -0.264486 1.344239 1
1.251068 -0.262777 1.298437 1
1.290211 -0.306380 1.322583 1
1.320380 -0.432633 1.470982 1
1.363218 -0.467541 1.479857 1
-0.676543 2.082501 0.266872 2
-0.496356 2.084646 0.056005 2
-0.263388 2.102558 -0.235314 2
-0.236019 2.080335 -0.239087 2
-0.197191 2.061169 -0.259785 2
-0.169044 2.039917 -0.265431 2
-0.098818 2.030423 -0.334234 2
-0.646666 1.844884 0.530773 2
-0.727604 1.782846 0.702640 2
-0.692311 1.754580 0.698241 2
-0.663053 1.724633 0.703070 2
0.237907 2.003726 -0.686422 2
0.263161 1.987939 -0.694938 2
0.312683 1.981955 -0.743725 2
0.342333 1.969094 -0.760845 2
0.362717 1.952799 -0.762851 2
0.373976 1.932609 -0.749309 2
0.386442 1.912799 -0.737538 2
0.408030 1.897283 -0.741640 2
0.457301 1.896043 -0.795745 2
0.459975 1.871557 -0.766454 2
0.498341 1.866149 -0.802552 2
0.523373 1.854083 -0.814713 2
0.558229 1.848287 -0.846159 2
0.532656 1.805857 -0.760884 2
0.573199 1.804050 -0.803840 2
0.586726 1.785312 -0.793823 2
0.627018 1.785067 -0.838405 2
0.617555 1.750046 -0.780686 2
0.625355 1.726546 -0.757600 2
0.657570 1.721572 -0.786544 2
0.671875 1.702946 -0.777072 2
0.679692 1.678658 -0.752650 2
0.709511 1.672976 -0.777703 2
0.680431 1.614616 -0.666049 2
0.690385 1.589788 -0.642947 2
0.695644 1.559721 -0.607429 2
0.716619 1.544575 -0.609446 2
0.731544 1.523153 -0.596142 2
0.745905 1.500722 -0.580731 2
0.742503 1.457589 -0.517391 2
0.761991 1.439439 -0.513236 2
0.785136 1.425662 -0.518974 2
0.789038 1.387487 -0.470056 2
0.800792 1.357994 -0.441518 2
0.816629 1.333091 -0.423626 2
0.829893 1.303785 -0.396740 2
0.844417 1.275295 -0.372219 2
0.861011 1.249023 -0.352885 2
0.885886 1.235422 -0.359950 2
0.888696 1.184471 -0.291221 2
0.908233 1.160186 -0.277430 2
0.918139 1.117269 -0.227205 2
0.935269 1.085947 -0.200745 2
0.941939 1.031878 -0.131170 2
0.956643 0.991328 -0.088905 2
0.966221 0.936876 -0.021541 2
0.892532 0.681932 0.415798 2
0.686538 0.072770 1.491598 1
0.729354 0.051497 1.478343 1
0.765657 0.012595 1.496980 1
0.809771 -0.005066 1.477654 1
0.844691 -0.050532 1.507428 1
0.887597 -0.072278 1.495529 1
0.928935 -0.099283 1.492903 1
0.970369 -0.126415 1.490557 1
1.013094 -0.148884 1.480452 1
1.054990 -0.174930 1.476481 1
1.093766 -0.216415 1.497892 1
1.138270 -0.231672 1.476286 1
1.178561 -0.269610 1.491519 1
1.226118 -0.265270 1.439212 1
1.276557 -0.234661 1.346590 1
1.311619 -0.312925 1.425365 1
1.350287 -0.375457 1.478265 1
-0.613969 2.116849 0.238263 2
-0.623456 2.082595 0.292942 2
-0.438979 2.086508 0.068771 2
-0.238839 2.098646 -0.184338 2
-0.232758 2.071413 -0.156665 2
-0.185154 2.054049 -0.190758 2
-0.124944 2.040907 -0.245093 2
-0.018601 2.041923 -0.372195 2
-0.617759 1.838394 0.600233 2
-0.594720 1.807670 0.613102 2
-0.621138 1.760721 0.705671 2
-0.592630 1.730962 0.711171 2
0.260888 2.000403 -0.647400 2
0.302900 1.990954 -0.684252 2
0.331998 1.977311 -0.700289 2
0.342457 1.956373 -0.684691 2
0.377070 1.945788 -0.711041 2
0.404507 1.932653 -0.725494 2
0.441962 1.924765 -0.758563 2
0.456203 1.906189 -0.750123 2
0.499795 1.902805 -0.796193 2
0.513178 1.884242 -0.786571 2
0.543643 1.875213 -0.809570 2
0.585202 1.873379 -0.855085 2
0.566696 1.835963 -0.782636 2
0.585404 1.820560 -0.783067 2
0.606272 1.806696 -0.787992 2
0.630659 1.795475 -0.800487 2
0.640703 1.774383 -0.782853 2
0.653226 1.754753 -0.769971 2
0.684748 1.749568 -0.798662 2
0.684057 1.719322 -0.755802 2
0.697226 1.699540 -0.743139 2
0.672313 1.646394 -0.640696 2
0.706097 1.643315 -0.674473 2
0.706925 1.610398 -0.629184 2
0.717885 1.586045 -0.607208 2
0.732360 1.564626 -0.593192 2
0.750420 1.546584 -0.587841 2
0.750403 1.508654 -0.534103 2
0.765492 1.486168 -0.518933 2
0.779417 1.461827 -0.499726 2
0.793835 1.437455 -0.480905 2
0.812411 1.417753 -0.473212 2
0.818764 1.381511 -0.428351 2
0.834059 1.356009 -0.408533 2
0.846038 1.324955 -0.377020 2
0.871408 1.312809 -0.387114 2
0.882987 1.279378 -0.351513 2
0.899414 1.252379 -0.330299 2
0.910463 1.215213 -0.288500 2
0.913664 1.162096 -0.215097 2
0.929950 1.130066 -0.186090 2
0.930624 1.065941 -0.093787 2
0.960437 1.057134 -0.112604 2
0.962412 0.989022 -0.015627 2
0.897871 0.764642 0.379048 2
0.688006 0.171120 1.464429 1
0.719653 0.123621 1.500705 1
0.765559 0.111531 1.470605 1
0.797660 0.062039 1.509729 1
0.842828 0.048533 1.482876 1
0.882716 0.019613 1.484249 1
0.920616 -0.016713 1.498726 1
0.967974 -0.020568 1.456090 1
1.004957 -0.061901 1.479264 1
1.041012 -0.109996 1.513525 1
1.085881 -0.122356 1.486532 1
1.126527 -0.153765 1.492028 1
1.165727 -0.194768 1.513309 1
1.211668 -0.199612 1.474794 1
1.253188 -0.229997 1.478531 1
1.294497 -0.264308 1.488477 1
1.340896 -0.259192 1.435436 1
-0.615670 2.107449 0.342034 2
-0.612861 2.074822 0.380939 2
-0.376559 2.089711 0.072768 2
-0.196663 2.098640 -0.158567 2
-0.168710 2.076628 -0.163769 2
-0.152821 2.051895 -0.150543 2
-0.096268 2.037984 -0.200996 2
0.132909 2.074355 -0.528006 2
-0.567745 1.838161 0.637869 2
-0.554342 1.804449 0.666685 2
-0.548285 1.767907 0.708383 2
0.264969 2.015493 -0.609309 2
0.304035 2.004520 -0.641699 2
0.323420 1.986731 -0.640975 2
0.370367 1.980331 -0.688846 2
0.392511 1.964510 -0.693898 2
0.412396 1.947923 -0.695073 2
0.438042 1.934189 -0.706964 2
0.452070 1.915161 -0.697537 2
0.485702 1.906061 -0.725156 2
0.514686 1.895243 -0.744732 2
0.530039 1.877414 -0.738216 2
0.568752 1.873086 -0.778189 2
0.599575 1.865065 -0.803526 2
0.617243 1.849486 -0.802579 2
0.628876 1.830021 -0.788928 2
0.634968 1.806522 -0.762945 2
0.667842 1.801437 -0.794411 2
0.665693 1.771416 -0.749294 2
0.679813 1.752759 -0.739280 2
0.700004 1.738748 -0.742874 2
0.673721 1.686358 -0.637346 2
0.707819 1.683153 -0.672371 2
0.705792 1.648624 -0.620406 2
0.713705 1.621909 -0.591072 2
0.746770 1.618748 -0.624624 2
0.752619 1.589233 -0.588638 2
0.761895 1.562242 -0.560129 2
0.759882 1.522093 -0.499475 2
0.784173 1.509830 -0.509296 2
0.797842 1.485390 -0.489158 2
0.793986 1.438777 -0.416621 2
0.817641 1.424828 -0.422891 2
0.831118 1.397552 -0.398016 2
0.847602 1.373534 -0.381183 2
0.871078 1.358986 -0.385999 2
0.879179 1.321392 -0.339534 2
0.890502 1.286996 -0.301252 2
0.909654 1.263872 -0.288201 2
0.924473 1.232677 -0.258268 2
0.929209 1.181946 -0.188099 2
0.936932 1.133588 -0.124599 2
0.955264 1.103125 -0.099205 2
0.967881 1.059439 -0.047728 2
0.890240 0.816114 0.399907 2
0.676841 0.237360 1.495943 1
0.718304 0.214853 1.485115 1
0.767029 0.211192 1.438474 1
0.788492 0.136291 1.528061 1
0.837457 0.134097 1.479394 1
0.878535 0.110671 1.471229 1
0.916777 0.078104 1.480031 1
0.952130 0.034288 1.509035 1
0.992923 0.007715 1.506566 1
1.034114 -0.017799 1.502303 1
1.082372 -0.013245 1.445514 1
1.119074 -0.058234 1.475760 1
1.161676 -0.077284 1.460926 1
1.196295 -0.140781 1.521752 1
1.243144 -0.137064 1.468552 1
1.282727 -0.178200 1.490900 1
1.322932 -0.219891 1.513683 1
1.368026 -0.223312 1.473735 1
-0.601040 2.100803 0.425774 2
-0.594649 2.068420 0.460808 2
-0.339993 2.087835 0.114742 2
-0.188505 2.091143 -0.079961 2
-0.144911 2.072545 -0.109627 2
-0.106769 2.053354 -0.131500 2
-0.055056 2.038528 -0.176138 2
-0.536651 1.869870 0.655921 2
-0.523770 1.836264 0.685774 2
-0.529770 1.796138 0.748322 2
-0.500124 1.767154 0.751302 2
0.295859 2.015047 -0.581813 2
0.343679 2.007611 -0.630914 2
0.368076 1.992036 -0.639499 2
0.385469 1.973856 -0.635645 2
0.417791 1.962270 -0.659377 2
0.441321 1.947306 -0.667379 2
0.481564 1.940676 -0.707618 2
0.507043 1.927669 -0.720547 2
0.516342 1.906588 -0.702019 2
0.549472 1.898234 -0.730718 2
0.585371 1.892249 -0.766070 2
0.604158 1.877018 -0.767162 2
0.629846 1.866197 -0.782886 2
0.633179 1.841394 -0.751158 2
0.656917 1.829636 -0.762934 2
0.672194 1.812327 -0.756303 2
0.687283 1.794791 -0.749000 2
0.696809 1.772914 -0.728550 2
0.693911 1.740742 -0.678003 2
0.697060 1.712245 -0.639975 2
0.705000 1.686865 -0.612137 2
0.721281 1.668193 -0.604008 2
0.721566 1.634529 -0.554588 2
0.753793 1.630256 -0.586446 2
0.749940 1.590808 -0.523304 2
0.760003 1.563996 -0.495247 2
0.778992 1.546040 -0.490760 2
0.790458 1.519470 -0.464456 2
0.809935 1.501493 -0.460252 2
0.818005 1.469409 -0.421461 2
0.832185 1.443812 -0.399389 2
0.841825 1.411393 -0.361650 2
0.852647 1.379245 -0.325550 2
0.876401 1.364481 -0.330477 2
0.895424 1.342720 -0.319245 2
0.900496 1.298421 -0.257733 2
0.912700 1.263361 -0.218247 2
0.940624 1.253774 -0.235238 2
0.945049 1.202270 -0.161598 2
0.952020 1.152196 -0.092863 2
0.965568 1.111913 -0.046337 2
0.891221 0.885080 0.384376 2
0.675684 0.325044 1.483651 1
0.714518 0.297801 1.482607 1
0.747513 0.256002 1.510636 1
0.795097 0.250079 1.467594 1
0.831381 0.215345 1.481586 1
0.870976 0.188959 1.479311 1
0.914711 0.175108 1.453396 1
0.948408 0.129303 1.487999 1
0.985791 0.093372 1.503577 1
1.032287 0.090272 1.458733 1
1.069734 0.053049 1.476708 1
1.111042 0.030538 1.467973 1
1.148962 -0.008536 1.488787 1
1.188065 -0.044671 1.504019 1
1.230865 -0.062088 1.486491 1
1.269651 -0.105047 1.513144 1
1.313054 -0.119382 1.490656 1
1.354875 -0.145354 1.488169 1
-0.553813 2.100114 0.462287 2
-0.584462 2.060360 0.556205 2
-0.305931 2.085545 0.161419 2
-0.153263 2.089747 -0.041652 2
-0.106579 2.072047 -0.077465 2
-0.075775 2.051089 -0.088116 2
0.035646 2.053127 -0.234476 2
-0.474711 1.797772 0.779806 2
-0.459498 1.763906 0.808218 2
0.342512 2.020521 -0.582360 2
0.348182 1.997290 -0.556496 2
0.391180 1.988893 -0.599332 2
0.423694 1.977067 -0.623759 2
0.471421 1.972746 -0.678207 2
0.473279 1.948164 -0.645024 2
0.490333 1.930442 -0.640918 2
0.527619 1.923167 -0.677465 2
0.563598 1.916142 -0.712600 2
-0.183429 1.469817 0.882009 2
-0.167476 1.433669 0.915104 2
0.665593 1.897133 -0.812818 2
0.655540 1.864492 -0.751957 2
0.666370 1.844336 -0.735565 2
0.702426 1.841346 -0.776007 2
0.702101 1.813185 -0.733569 2
0.678657 1.766610 -0.634803 2
0.694057 1.747944 -0.625812 2
0.710668 1.730097 -0.619420 2
0.723399 1.708850 -0.602995 2
0.727721 1.679774 -0.564288 2
0.758038 1.673588 -0.591957 2
0.747860 1.629448 -0.512405 2
0.763642 1.608913 -0.500263 2
0.784061 1.592872 -0.500477 2
0.784449 1.555199 -0.443216 2
0.807803 1.541641 -0.450505 2
0.835823 1.533826 -0.472096 2
0.828730 1.483742 -0.386347 2
0.854507 1.472732 -0.400048 2
0.859354 1.434316 -0.346290 2
0.893616 1.434869 -0.387701 2
0.894739 1.388808 -0.317381 2
0.915847 1.370377 -0.313463 2
0.920707 1.325969 -0.249821 2
0.938322 1.300120 -0.229936 2
0.938750 1.243477 -0.141692 2
0.945164 1.193850 -0.071234 2
0.963931 1.164614 -0.046913 2
0.889460 0.946593 0.381809 2
0.673228 0.407665 1.478719 1
0.714001 0.386039 1.466439 1
0.742896 0.336862 1.511427 1
0.787095 0.322953 1.483550 1
0.821067 0.283395 1.508066 1
0.860939 0.258449 1.503037 1
0.901538 0.235560 1.494174 1
0.944491 0.220252 1.470890 1
0.978284 0.175014 1.505610 1
1.017344 0.145686 1.509434 1
1.059161 0.126175 1.494830 1
1.095278 0.082961 1.524514 1
1.140426 0.077786 1.483892 1
1.179362 0.044382 1.495342 1
1.220449 0.020541 1.489433 1
1.260526 -0.010136 1.495787 1
1.304459 -0.016351 1.459117 1
1.341948 -0.069725 1.505067 1
-0.267250 2.084375 0.201586 2
-0.100900 2.092519 -0.031153 2
-0.079569 2.068845 -0.025903 2
-0.055661 2.045960 -0.025021 2
0.238698 2.100763 -0.493569 2
-0.423909 1.798221 0.818828 2
-0.417379 1.761219 0.864020 2
0.374271 2.020728 -0.556641 2
0.390362 2.001575 -0.549720 2
0.415972 1.986394 -0.560986 2
0.450179 1.975366 -0.589500 2
0.472086 1.959420 -0.594507 2
-0.231910 1.593161 0.868565 2
-0.219084 1.556657 0.906339 2
-0.172566 1.537298 0.874881 2
-0.148379 1.506497 0.889801 2
-0.135498 1.468991 0.929681 2
-0.084863 1.453483 0.887769 2
0.690017 1.895109 -0.780540 2
0.689568 1.868175 -0.738958 2
0.713517 1.857012 -0.752609 2
0.699299 1.819011 -0.676214 2
0.709160 1.797066 -0.655070 2
0.711136 1.768528 -0.613604 2
0.724527 1.748195 -0.599162 2
0.724491 1.716230 -0.549572 2
0.747052 1.702801 -0.557158 2
0.750397 1.672071 -0.513475 2
0.766944 1.652726 -0.503993 2
0.778886 1.628582 -0.481096 2
0.795453 1.608583 -0.470329 2
0.799655 1.574958 -0.422607 2
0.816991 1.554641 -0.412003 2
0.841181 1.542046 -0.421926 2
0.847164 1.507524 -0.374547 2
0.863034 1.484037 -0.356669 2
0.898118 1.485542 -0.401901 2
0.895067 1.435553 -0.318416 2
0.903035 1.398523 -0.268859 2
0.922809 1.377567 -0.259159 2
0.923157 1.325244 -0.175586 2
0.943334 1.302599 -0.163339 2
0.951256 1.257933 -0.100831 2
0.958372 1.209010 -0.030333 2
0.925410 1.079497 0.218040 2
0.671888 0.490602 1.470310 1
0.710662 0.465791 1.465040 1
0.735889 0.410461 1.525419 1
0.778625 0.393403 1.503446 1
0.821267 0.377021 1.480741 1
0.862351 0.357449 1.465291 1
0.896671 0.319198 1.488355 1
0.937496 0.298749 1.475150 1
0.973548 0.263245 1.492262 1
1.011820 0.233661 1.497424 1
1.054890 0.221006 1.469688 1
1.088905 0.173345 1.509798 1
1.130655 0.155264 1.492964 1
1.171904 0.135512 1.479692 1
1.211230 0.105990 1.484870 1
1.252327 0.085039 1.474257 1
1.292853 0.060356 1.470673 1
1.331592 0.021326 1.492929 1
1.368009 -0.043207 1.559994 1
-0.472020 2.063089 0.605378 2
-0.214854 2.086445 0.219169 2
-0.097538 2.083765 0.062445 2
-0.049977 2.066339 0.022815 2
-0.024901 2.043696 0.021726 2
0.353391 2.124859 -0.613698 2
-0.417996 1.861065 0.826825 2
-0.375498 1.798039 0.862737 2
0.375720 2.034938 -0.510383 2
0.380780 2.011254 -0.481673 2
-0.294708 1.709264 0.886643 2
-0.257044 1.684361 0.873507 2
-0.242607 1.649474 0.907061 2
0.537579 1.976126 -0.639812 2
0.535179 1.949224 -0.595419 2
0.566693 1.939045 -0.621973 2
0.600297 1.930712 -0.654021 2
0.608281 1.908662 -0.630551 2
0.625834 1.891848 -0.627796 2
0.653646 1.881432 -0.648471 2
0.709510 1.889780 -0.735462 2
0.690097 1.849417 -0.646543 2
0.713639 1.837255 -0.658413 2
0.728002 1.818711 -0.648017 2
0.735454 1.794667 -0.619719 2
0.735399 1.763942 -0.570868 2
0.743427 1.738738 -0.541194 2
0.760306 1.720502 -0.533991 2
0.770644 1.696186 -0.508437 2
0.780349 1.670603 -0.479881 2
0.782559 1.636844 -0.428368 2
0.816922 1.634725 -0.469012 2
0.821211 1.601559 -0.420816 2
0.841490 1.584859 -0.419550 2
0.845613 1.549241 -0.366853 2
0.854811 1.518125 -0.327758 2
0.881143 1.507578 -0.343709 2
0.902869 1.491439 -0.344557 2
0.902409 1.444390 -0.266762 2
0.925652 1.429067 -0.270522 2
0.931611 1.387464 -0.209355 2
0.947886 1.359957 -0.184051 2
0.942732 1.295435 -0.070958 2
0.968781 1.281094 -0.079126 2
0.925056 1.137949 0.211939 2
0.659829 0.550680 1.511147 1
0.700098 0.528941 1.498624 1
0.737916 0.502304 1.497499 1
0.781396 0.488420 1.468542 1
0.812717 0.446422 1.501428 1
0.855985 0.432900 1.472664 1
0.889277 0.393559 1.499298 1
0.931155 0.377080 1.477686 1
0.967200 0.343507 1.491932 1
1.012072 0.337737 1.449343 1
1.044428 0.289903 1.492451 1
1.086428 0.275167 1.468853 1
1.122939 0.238793 1.488374 1
1.157895 0.192727 1.526325 1
1.200756 0.181422 1.496764 1
1.238641 0.144798 1.515964 1
1.282071 0.138762 1.477391 1
1.319531 0.095020 1.509678 1
1.362818 0.090925 1.468524 1
-0.422322 2.063510 0.640303 2
-0.140543 2.093858 0.197496 2
-0.050301 2.085632 0.082552 2
-0.034290 2.060213 0.098131 2
0.079716 2.062328 -0.065389 2
0.393410 2.127806 -0.605049 2
0.395869 2.105018 -0.573862 2
0.415084 2.087400 -0.573877 2
0.433545 2.069652 -0.572479 2
0.435004 2.045599 -0.537488 2
0.458303 2.029635 -0.545278 2
0.484632 2.015232 -0.559546 2
0.506732 1.999395 -0.565551 2
0.531779 1.985172 -0.578008 2
0.552265 1.969122 -0.581133 2
0.569216 1.951456 -0.576673 2
0.578048 1.929469 -0.554044 2
0.591516 1.909666 -0.541097 2
0.634218 1.906750 -0.594979 2
0.632823 1.878240 -0.547469 2
0.671542 1.874325 -0.593998 2
0.693753 1.860601 -0.602111 2
0.716097 1.847252 -0.610859 2
0.729609 1.827770 -0.597559 2
0.747319 1.811219 -0.594538 2
0.765823 1.795293 -0.593452 2
0.770881 1.768272 -0.556016 2
0.769645 1.734873 -0.499539 2
0.781003 1.711346 -0.475952 2
0.805334 1.699423 -0.488604 2
0.804567 1.663260 -0.427716 2
0.825991 1.648115 -0.430860 2
0.823501 1.607506 -0.359988 2
0.847040 1.593850 -0.368062 2
0.866287 1.575463 -0.362446 2
0.896623 1.570441 -0.393512 2
0.906450 1.540300 -0.355583 2
0.911041 1.501883 -0.296781 2
0.924858 1.474278 -0.267942 2
0.931571 1.435228 -0.210455 2
0.938226 1.393916 -0.148883 2
0.953218 1.363586 -0.116397 2
0.962867 1.322898 -0.059327 2
0.935063 1.213414 0.162503 2
0.660687 0.634721 1.495906 1
0.703749 0.619573 1.468042 1
0.735605 0.582345 1.492269 1
0.771719 0.553049 1.497886 1
0.812518 0.534069 1.480267 1
0.850605 0.509105 1.476574 1
0.882845 0.468815 1.506745 1
0.920536 0.441509 1.508152 1
0.962622 0.426723 1.482877 1
0.999970 0.398145 1.487474 1
1.039631 0.376604 1.477391 1
1.074435 0.337429 1.503983 1
1.117106 0.326714 1.472102 1
1.156839 0.305320 1.462540 1
1.190128 0.253479 1.513803 1
1.230787 0.233848 1.500665 1
1.272867 0.222840 1.471140 1
1.309803 0.180718 1.502099 1
1.349670 0.154365 1.502468 1
-0.361706 2.066567 0.655838 2
-0.091900 2.095761 0.218884 2
-0.024306 2.082393 0.141260 2
0.015994 2.063333 0.112233 2
0.273949 2.107876 -0.330515 2
-0.283438 1.910702 0.782984 2
0.400496 2.096784 -0.496110 2
0.446185 2.087864 -0.547972 2
0.460507 2.068651 -0.538251 2
0.465256 2.045671 -0.508632 2
0.491105 2.030810 -0.522046 2
0.492447 2.005833 -0.484022 2
0.528298 1.995764 -0.519086 2
0.543764 1.976887 -0.510707 2
0.551832 1.954255 -0.485555 2
0.575340 1.939258 -0.494562 2
0.592630 1.921161 -0.489538 2
0.632993 1.916307 -0.538636 2
0.640180 1.892730 -0.510021 2
0.667564 1.881291 -0.529665 2
0.685299 1.864058 -0.526014 2
0.685716 1.834905 -0.478176 2
0.718550 1.827981 -0.512438 2
0.759067 1.827767 -0.568437 2
0.766124 1.802773 -0.536292 2
0.775549 1.778957 -0.509241 2
0.800421 1.767725 -0.524562 2
0.808986 1.742372 -0.493397 2
0.807240 1.706575 -0.430209 2
0.828413 1.691424 -0.433300 2
0.831706 1.658166 -0.380969 2
0.842284 1.631165 -0.349058 2
0.863115 1.614654 -0.348832 2
0.891907 1.607433 -0.375136 2
0.907977 1.585569 -0.358932 2
0.910925 1.546456 -0.295183 2
0.927507 1.523386 -0.277216 2
0.931971 1.482743 -0.212466 2
0.938177 1.442310 -0.150195 2
0.952824 1.412516 -0.117405 2
0.961735 1.372166 -0.058449 2
0.943221 1.282910 0.122174 2
0.660201 0.714242 1.488218 1
0.695974 0.685999 1.491763 1
0.737893 0.669624 1.466786 1
0.769157 0.631936 1.493385 1
0.810515 0.615091 1.470562 1
0.845372 0.583923 1.481654 1
0.880758 0.553207 1.491580 1
0.919155 0.529595 1.485407 1
0.955885 0.501284 1.489979 1
0.993258 0.474227 1.491819 1
1.030752 0.446980 1.494153 1
1.072255 0.433051 1.468080 1
1.103710 0.382555 1.519967 1
1.143019 0.359380 1.513714 1
1.186029 0.352592 1.473940 1
1.225504 0.331340 1.464650 1
1.264505 0.307469 1.460928 1
1.303035 0.279984 1.464556 1
1.338284 0.227837 1.516676 1
-0.335911 2.096219 0.681320 2
-0.310377 2.067910 0.687390 2
-0.018390 2.103933 0.193096 2
0.014392 2.082464 0.178020 2
0.049141 2.062020 0.158605 2
0.370665 2.126911 -0.425005 2
-0.228801 1.913481 0.811137 2
0.450687 2.103492 -0.506479 2
0.472078 2.086609 -0.510894 2
0.489816 2.068576 -0.507843 2
0.519877 2.055495 -0.530951 2
0.515102 2.028445 -0.479474 2
0.542444 2.014600 -0.496956 2
0.566236 1.999595 -0.507112 2
0.576301 1.978227 -0.486357 2
0.594829 1.960858 -0.484497 2
0.614629 1.944240 -0.485577 2
0.641630 1.931812 -0.504030 2
0.649718 1.908719 -0.476779 2
0.668848 1.891935 -0.476070 2
0.685921 1.873893 -0.470062 2
0.713754 1.863101 -0.491785 2
0.733195 1.846957 -0.492080 2
0.769371 1.843333 -0.537740 2
0.777130 1.818848 -0.506577 2
0.771416 1.782690 -0.435815 2
0.781532 1.758195 -0.407637 2
0.818044 1.756447 -0.456312 2
0.835058 1.737980 -0.448048 2
0.854210 1.721408 -0.445936 2
0.851928 1.683066 -0.375311 2
0.865598 1.659629 -0.353074 2
0.892976 1.650779 -0.375524 2
0.898333 1.617054 -0.323151 2
0.913074 1.593107 -0.300934 2
0.916820 1.554437 -0.237162 2
0.927178 1.522459 -0.194215 2
0.940243 1.492783 -0.158888 2
0.952128 1.460094 -0.116351 2
0.959390 1.418675 -0.051655 2
0.945232 1.340013 0.109235 2
0.651866 0.778599 1.516805 1
0.695746 0.765286 1.482359 1
0.732461 0.739738 1.479939 1
0.773694 0.723185 1.455521 1
0.797746 0.671235 1.518455 1
0.840498 0.657930 1.486764 1
0.882293 0.643722 1.458289 1
0.911469 0.598831 1.502604 1
0.948481 0.572261 1.503576 1
0.989325 0.556322 1.480455 1
1.025814 0.527964 1.486016 1
1.058287 0.485402 1.523110 1
1.102543 0.481979 1.473605 1
1.135595 0.438086 1.513059 1
1.177566 0.428141 1.479080 1
1.212181 0.386140 1.513738 1
1.251677 0.364966 1.504205 1
1.292588 0.351945 1.478179 1
1.329962 0.317893 1.495708 1
1.366749 0.275507 1.529702 1
-0.275991 2.099497 0.696727 2
-0.235243 2.074977 0.673313 2
0.014756 2.102714 0.242015 2
0.041514 2.079643 0.238386 2
0.138436 2.076725 0.093831 2
0.406539 2.128572 -0.404125 2
0.462910 2.121949 -0.479750 2
0.481394 2.103963 -0.478166 2
0.500358 2.086254 -0.477588 2
0.524824 2.070778 -0.488983 2
0.528594 2.047243 -0.455022 2
0.544867 2.028503 -0.448031 2
0.577638 2.017203 -0.478575 2
0.583541 1.993857 -0.447614 2
0.609406 1.979972 -0.462890 2
0.626086 1.961684 -0.456530 2
0.641220 1.942507 -0.446114 2
0.670203 1.931243 -0.470049 2
0.688438 1.914068 -0.467390 2
0.702966 1.894558 -0.454916 2
0.709287 1.869352 -0.420021 2
0.744940 1.863957 -0.463438 2
0.756193 1.841790 -0.440846 2
0.788446 1.835272 -0.476861 2
0.797830 1.811344 -0.448005 2
0.814368 1.792757 -0.439002 2
0.825348 1.769100 -0.412590 2
0.860468 1.767032 -0.460010 2
0.852751 1.725007 -0.372916 2
0.854182 1.689803 -0.311215 2
0.561282 1.341817 0.742903 2
0.912863 1.675775 -0.370058 2
0.911091 1.634081 -0.291347 2
0.918382 1.600947 -0.241025 2
0.933233 1.575829 -0.215942 2
0.940363 1.539563 -0.159228 2
0.947455 1.501290 -0.098546 2
0.960816 1.470086 -0.059505 2
0.952466 1.403796 0.075071 2
0.661723 0.872146 1.466524 1
0.690349 0.833874 1.498294 1
0.731891 0.817580 1.471627 1
0.768949 0.793720 1.465579 1
0.806538 0.771048 1.456914 1
0.836373 0.731995 1.489829 1
0.874012 0.708859 1.482636 1
0.912346 0.687523 1.471458 1
0.944875 0.651564 1.495935 1
0.980911 0.623535 1.501117 1
1.021434 0.608049 1.476991 1
1.060133 0.587907 1.464412 1
1.092729 0.547278 1.498980 1
1.134867 0.538926 1.460226 1
1.169205 0.501533 1.487064 1
1.206173 0.472744 1.494493 1
1.243622 0.444777 1.500080 1
1.283615 0.429074 1.479409 1
1.320608 0.396337 1.495341 1
1.359647 0.374405 1.488425 1
-0.218543 2.102610 0.715827 2
-0.185449 2.076650 0.706293 2
0.034770 2.098298 0.319049 2
0.068489 2.076814 0.301576 2
0.296415 2.112226 -0.120598 2
0.519523 2.154339 -0.546267 2
0.507791 2.127197 -0.481270 2
0.523812 2.108669 -0.474769 2
0.535639 2.088579 -0.458751 2
0.565120 2.075263 -0.482099 2
0.561956 2.048913 -0.431206 2
0.593145 2.036788 -0.458915 2
0.604814 2.016275 -0.441112 2
0.631305 2.002762 -0.458625 2
0.650577 1.986007 -0.458938 2
0.687210 1.978779 -0.503004 2
0.686867 1.951541 -0.453757 2
0.713394 1.939384 -0.472943 2
0.709698 1.908767 -0.412043 2
0.733401 1.894891 -0.423373 2
0.742112 1.871005 -0.393331 2
0.770452 1.860702 -0.417857 2
0.791956 1.845882 -0.423496 2
0.805744 1.825136 -0.406330 2
0.832429 1.814767 -0.427610 2
0.849114 1.796282 -0.418592 2
0.841560 1.755447 -0.331471 2
0.862921 1.739991 -0.334694 2
0.561875 1.401072 0.747301 2
0.901955 1.705601 -0.328510 2
0.916941 1.683325 -0.308854 2
0.928362 1.656359 -0.274895 2
0.937140 1.625151 -0.228832 2
0.946050 1.592647 -0.180294 2
0.954579 1.558036 -0.126984 2
0.952011 1.506013 -0.024215 2
0.959060 1.464563 0.044722 2
0.650064 0.929141 1.512850 1
0.690938 0.911385 1.488459 1
0.720690 0.875281 1.515504 1
0.759671 0.854806 1.499739 1
0.799337 0.836192 1.479775 1
0.830945 0.801840 1.501882 1
0.873737 0.790527 1.464126 1
0.902588 0.748708 1.505245 1
0.938453 0.721749 1.508160 1
0.980596 0.710805 1.471646 1
1.014292 0.677904 1.489812 1
1.053331 0.659639 1.472508 1
1.084002 0.614854 1.518683 1
1.124992 0.602685 1.487542 1
1.162680 0.579639 1.482467 1
1.204206 0.572438 1.441582 1
1.235456 0.520715 1.501996 1
1.276750 0.513654 1.461845 1
1.313222 0.482273 1.476153 1
1.351031 0.456659 1.477732 1
-0.142937 2.110091 0.697272 2
-0.110456 2.084635 0.687600 2
0.103582 2.106445 0.297801 2
0.108858 2.077726 0.339107 2
0.370705 2.124702 -0.172463 2
-0.053075 1.963688 0.804440 2
0.547095 2.130919 -0.471976 2
0.563171 2.112603 -0.465677 2
0.591176 2.098850 -0.486735 2
0.591779 2.074532 -0.444113 2
0.616784 2.059938 -0.458370 2
0.625945 2.038571 -0.434522 2
0.636778 2.017625 -0.413928 2
0.653181 1.999162 -0.406627 2
0.682851 1.987694 -0.433253 2
0.695922 1.967627 -0.417231 2
0.718093 1.952652 -0.424957 2
0.729964 1.931583 -0.404737 2
0.751669 1.916521 -0.411134 2
0.776949 1.904126 -0.427971 2
0.786475 1.880950 -0.399455 2
0.803211 1.862569 -0.391123 2
0.825830 1.848682 -0.400312 2
0.845626 1.832762 -0.401009 2
0.855981 1.808755 -0.371365 2
0.861528 1.779665 -0.324315 2
0.574513 1.471068 0.712025 2
0.616492 1.462194 0.664438 2
0.915368 1.723600 -0.299289 2
0.927190 1.697770 -0.267303 2
0.934331 1.665613 -0.215671 2
0.945061 1.636232 -0.174669 2
0.948084 1.595757 -0.100118 2
0.960431 1.565315 -0.059008 2
0.949171 1.500255 0.085674 2
0.657201 1.014198 1.477848 1
0.690320 0.985297 1.485842 1
0.718861 0.948488 1.516606 1
0.761969 0.935735 1.478650 1
0.794563 0.905073 1.492017 1
0.828757 0.876826 1.498622 1
0.866965 0.856427 1.484133 1
0.904788 0.835669 1.471288 1
0.936648 0.801366 1.494469 1
0.975447 0.782948 1.476283 1
1.011615 0.758195 1.474917 1
1.044452 0.723621 1.498372 1
1.075351 0.681222 1.540676 1
1.116321 0.669263 1.507928 1
1.154600 0.649337 1.495368 1
1.191199 0.623120 1.498215 1
1.229041 0.601410 1.490611 1
1.266925 0.579815 1.483089 1
1.305729 0.563033 1.464932 1
1.342057 0.532163 1.479069 1
-0.108460 2.108821 0.761600 2
-0.066665 2.085541 0.731941 2
0.098876 2.095710 0.432577 2
0.158698 2.081526 0.356642 2
0.469482 2.145370 -0.285050 2
0.014392 1.972034 0.799356 2
0.575669 2.131195 -0.438540 2
0.589804 2.112121 -0.427306 2
0.615317 2.097417 -0.443036 2
0.633065 2.079909 -0.440322 2
0.646113 2.060392 -0.425773 2
0.654883 2.038697 -0.399783 2
0.689596 2.029339 -0.439987 2
0.690067 2.003155 -0.391278 2
0.718825 1.991510 -0.416818 2
0.737636 1.974783 -0.416006 2
0.757391 1.958704 -0.417766 2
0.775749 1.941861 -0.415536 2
0.777367 1.913830 -0.364064 2
0.805114 1.903088 -0.388543 2
0.821304 1.884453 -0.378626 2
0.465127 1.576294 0.801003 2
0.853881 1.846811 -0.357702 2
0.879838 1.835968 -0.378167 2
0.585376 1.537562 0.683551 2
0.609950 1.512241 0.694441 2
0.916338 1.728695 -0.223464 2
0.933724 1.708224 -0.209965 2
0.936348 1.670410 -0.138207 2
0.946764 1.639845 -0.092998 2
0.956884 1.607493 -0.043471 2
0.956946 1.560076 0.052407 2
0.650740 1.077659 1.504407 1
0.692897 1.062551 1.470343 1
0.723203 1.030034 1.490306 1
0.759609 1.006812 1.482372 1
0.790547 0.974226 1.502294 1
0.832564 0.961290 1.465561 1
0.861497 0.924009 1.498930 1
0.895715 0.896145 1.505392 1
0.930612 0.869302 1.509126 1
0.969913 0.852525 1.485928 1
1.006180 0.828974 1.481612 1
1.043662 0.808676 1.469160 1
1.077051 0.776733 1.487246 1
1.114779 0.757041 1.473957 1
1.148646 0.724478 1.493426 1
1.184933 0.699077 1.494888 1
1.223499 0.682346 1.475393 1
1.259020 0.652718 1.487556 1
1.294035 0.618547 1.510332 1
1.333193 0.604666 1.485215 1
1.369119 0.571593 1.505208 1
