ply
format ascii 1.0
element vertex 13809
property float x
property float y
property float z
property int scalar_Label
end_header
1.651973 0.016957 1.415246 6
1.762195 -0.002649 1.694167 6
1.893392 -0.011886 2.026853 6
2.036625 -0.011495 2.390607 6
2.033551 -0.046012 2.379404 6
2.028804 -0.081358 2.363577 6
2.026622 -0.116241 2.353997 6
2.038933 -0.146139 2.381392 6
1.989321 -0.199729 2.248924 8
2.002371 -0.230050 2.277518 8
2.050028 -0.244619 2.395345 8
2.051617 -0.278493 2.393931 8
2.048231 -0.314994 2.379285 8
2.047031 -0.350798 2.369944 8
2.040314 -0.389974 2.345876 8
2.005844 -0.445792 2.248971 8
2.003042 -0.484715 2.234117 8
2.008109 -0.519172 2.239470 8
1.988732 -0.569811 2.180290 8
1.971466 -0.620474 2.126024 8
1.937871 -0.684210 2.028011 7
1.964259 -0.705670 2.087857 7
1.826865 -0.852734 1.712971 7
1.984849 -0.771209 2.121716 7
2.041493 -0.765200 2.261941 7
2.062721 -0.786853 2.307800 7
2.051433 -0.836785 2.266216 7
2.075402 -0.855356 2.319004 7
1.645052 1.347210 1.445990 2
1.636338 1.306227 1.432754 2
1.644828 1.255964 1.462499 2
1.651274 1.207556 1.486599 2
1.648055 1.164497 1.485963 2
1.646719 1.120737 1.489665 2
1.629517 1.084057 1.453277 2
1.649269 1.031792 1.508928 2
1.663872 0.982760 1.551200 2
1.649162 0.945127 1.519959 2
1.648334 0.902404 1.522969 2
1.661761 0.855504 1.561036 2
1.663592 0.812721 1.569867 2
1.661765 0.771144 1.569243 2
1.655736 0.730611 1.557844 2
1.647248 0.690436 1.540014 2
1.642963 0.649213 1.532254 2
1.649130 0.606251 1.550005 2
1.662740 0.562697 1.585783 2
1.646991 0.523089 1.548609 2
1.653629 0.480889 1.566426 2
1.664730 0.438794 1.594904 2
1.667830 0.397565 1.603260 2
1.646811 0.356801 1.551698 2
1.670296 0.315565 1.609696 2
1.654307 0.274026 1.569859 2
1.643375 0.231996 1.542153 2
1.611612 0.017163 1.454649 6
1.700656 -0.007328 1.672308 6
1.867408 -0.009632 2.082555 6
1.955001 -0.024101 2.296754 6
1.999787 -0.046383 2.404731 6
1.994285 -0.081938 2.387620 6
2.008801 -0.111315 2.419999 6
2.002755 -0.147441 2.400928 6
1.954273 -0.200200 2.275652 8
1.991815 -0.220709 2.364631 8
2.010066 -0.247843 2.405299 8
2.028900 -0.274003 2.447250 8
2.025149 -0.310337 2.432352 8
2.005930 -0.354991 2.378214 8
2.001551 -0.392982 2.360951 8
1.999011 -0.430462 2.347948 8
1.991199 -0.471487 2.321243 8
1.991105 -0.508510 2.313661 8
1.952159 -0.570843 2.207051 8
1.978298 -0.592077 2.265286 8
1.923851 -0.668473 2.117833 8
1.950220 -0.689684 2.176021 7
1.799029 -0.843712 1.778763 7
1.968523 -0.755899 2.203682 7
1.995620 -0.774353 2.263366 7
2.015661 -0.797646 2.304783 7
2.027841 -0.827101 2.325692 7
1.647684 1.792904 1.488095 2
1.651093 1.740577 1.509106 2
1.653226 1.690056 1.526397 2
1.663784 1.633799 1.564131 2
1.662756 1.587197 1.572523 2
1.658959 1.543018 1.573623 2
1.660896 1.495222 1.588479 2
1.659339 1.450287 1.594272 2
1.645535 1.413396 1.569561 2
1.656370 1.361404 1.604995 2
1.659667 1.314718 1.621459 2
1.654808 1.273061 1.617570 2
1.658395 1.227104 1.633922 2
1.668228 1.178572 1.665057 2
1.670676 1.134348 1.677785 2
1.678252 1.088264 1.702564 2
1.666667 1.050917 1.680501 2
1.693577 0.998004 1.751285 2
1.676310 0.963091 1.714804 2
1.672583 0.922861 1.710750 2
1.658291 0.886073 1.680904 2
1.673564 0.839976 1.721973 2
1.688408 0.794924 1.761599 2
1.687414 0.754714 1.762756 2
1.667457 0.718889 1.718044 2
1.679121 0.675866 1.748959 2
1.683638 0.634796 1.762365 2
1.675212 0.596042 1.744410 2
1.684986 0.554611 1.769753 2
1.679654 0.515332 1.758578 2
1.682602 0.475179 1.766915 2
1.676646 0.435741 1.753614 2
1.664143 0.396290 1.724331 2
1.674171 0.356003 1.748651 2
1.687336 0.316234 1.780153 2
1.664760 0.275814 1.725808 2
1.681827 0.236647 1.766016 2
1.563596 0.015942 1.474465 6
1.648685 -0.009923 1.675917 6
1.815189 -0.013466 2.072835 6
1.901935 -0.029057 2.278358 6
1.976181 -0.044024 2.453870 6
1.966632 -0.080519 2.427661 6
1.989267 -0.107252 2.478705 6
1.900881 -0.171566 2.261672 8
1.903187 -0.206706 2.262961 8
1.946050 -0.225861 2.362076 8
1.986707 -0.244029 2.455825 8
1.997004 -0.273933 2.475903 8
2.006105 -0.304115 2.492851 8
1.988015 -0.347591 2.443394 8
1.980417 -0.386771 2.419057 8
1.983858 -0.420568 2.421306 8
1.972965 -0.462714 2.388187 8
1.971681 -0.499972 2.378198 8
1.966224 -0.540245 2.357606 8
1.945409 -0.591198 2.298793 8
1.940262 -0.632977 2.278070 8
1.687213 -0.850933 1.643532 7
1.764629 -0.840186 1.825220 7
1.824949 -0.838689 1.964936 7
1.981432 -0.758186 2.344822 7
1.975980 -0.802071 2.321527 7
1.996996 -0.824286 2.364135 7
1.666004 1.790782 1.661226 2
1.665867 1.742660 1.672689 2
1.676719 1.686326 1.710283 2
1.669942 1.644776 1.704756 2
1.676253 1.593635 1.730382 2
1.684371 1.542051 1.759850 2
1.678760 1.500879 1.755930 2
1.685143 1.451898 1.780333 2
1.694834 1.401582 1.812164 2
1.696259 1.357251 1.823844 2
1.689121 1.318412 1.814801 2
1.678736 1.281406 1.797759 2
1.679500 1.238258 1.806822 2
1.683321 1.193929 1.822744 2
1.690676 1.148398 1.846617 2
1.684634 1.109709 1.838548 2
1.679144 1.070767 1.831481 2
1.678975 1.029635 1.836607 2
1.667051 0.993302 1.813843 2
1.665780 0.952762 1.815766 2
1.662913 0.912925 1.813636 2
1.661672 0.872646 1.815000 2
1.678738 0.827165 1.858782 2
1.655670 0.793415 1.808582 2
1.665449 0.750718 1.834698 2
1.664444 0.711008 1.835360 2
1.657999 0.672456 1.823061 2
1.648934 0.634177 1.804383 2
1.666542 0.591564 1.847412 2
1.667125 0.552027 1.850552 2
1.669044 0.512455 1.856492 2
1.662498 0.473717 1.842481 2
1.669397 0.433948 1.859385 2
1.661294 0.395053 1.841171 2
1.653131 0.355804 1.822528 2
1.659288 0.316350 1.836815 2
1.650372 0.276651 1.815827 2
1.665517 0.237909 1.850380 2
1.663491 0.198445 1.844787 2
1.016578 -0.017332 0.336854 6
1.517846 0.015115 1.499564 6
1.596720 -0.012459 1.680483 6
1.881238 0.008909 2.340119 6
1.838869 -0.036294 2.238776 6
1.855000 -0.067961 2.273422 8
1.953808 -0.074913 2.500834 6
1.963317 -0.105471 2.519780 6
1.866115 -0.171925 2.288919 8
1.888377 -0.199834 2.337013 8
1.904109 -0.229394 2.369636 8
1.933736 -0.252677 2.434691 8
1.958081 -0.277035 2.487236 8
1.979145 -0.301935 2.531941 8
1.959603 -0.345746 2.480765 8
1.959387 -0.380918 2.474798 8
1.949035 -0.421799 2.444555 8
1.948803 -0.457812 2.437913 8
1.956956 -0.489220 2.450876 8
1.955020 -0.526706 2.439595 8
1.950587 -0.566219 2.422027 8
1.896717 -0.639179 2.285948 8
1.870412 -0.696314 2.214976 8
1.736891 -0.832255 1.885943 7
1.784525 -0.840868 1.990970 7
1.943643 -0.761227 2.365181 7
1.970413 -0.779184 2.420837 7
1.971526 -0.817366 2.414230 7
1.695790 1.778298 1.852779 2
1.675557 1.748551 1.816185 2
1.662492 1.712458 1.796266 2
1.667012 1.662460 1.817285 2
1.669207 1.614993 1.832415 2
1.662653 1.574522 1.826728 2
1.676109 1.520149 1.867262 2
1.671050 1.479451 1.864313 2
1.662416 1.441252 1.852773 2
1.655335 1.402063 1.844538 2
1.665860 1.352377 1.876611 2
1.663426 1.311036 1.878416 2
1.643107 1.279745 1.838809 2
1.646423 1.235415 1.853231 2
1.668120 1.182405 1.909379 2
1.656255 1.146699 1.888316 2
1.639056 1.113112 1.854840 2
1.646432 1.068494 1.877175 2
1.653994 1.024417 1.899572 2
1.649233 0.985614 1.893599 2
1.644126 0.946938 1.886559 2
1.628705 0.911657 1.855845 2
1.637777 0.868303 1.880410 2
1.630677 0.830168 1.868022 2
1.649069 0.785199 1.913031 2
1.662497 0.742420 1.946463 2
1.637110 0.708779 1.891892 2
1.650339 0.666650 1.924278 2
1.639041 0.629412 1.901012 2
1.648860 0.588648 1.925106 2
1.647745 0.549779 1.924254 2
1.637855 0.511826 1.903354 2
1.636900 0.472776 1.902315 2
1.635657 0.433746 1.900352 2
1.641399 0.394456 1.913835 2
1.625639 0.355689 1.878631 2
1.624737 0.316383 1.876599 2
1.648207 0.277857 1.929163 2
1.632614 0.238164 1.893498 2
1.642163 0.199723 1.914171 2
1.407163 0.047833 1.380126 6
1.477110 0.015127 1.535706 6
1.570331 -0.010005 1.743680 6
1.855597 0.010466 2.385387 6
1.789716 -0.039951 2.234018 6
1.812341 -0.070350 2.282372 8
1.912738 -0.077670 2.506630 6
1.913484 -0.111202 2.505221 6
1.844169 -0.168097 2.344630 8
1.874050 -0.193179 2.408719 8
1.889357 -0.222561 2.439560 8
1.889805 -0.257398 2.436397 8
1.899031 -0.288681 2.452980 8
1.939487 -0.305675 2.540642 8
1.926983 -0.346091 2.507231 8
1.941516 -0.373866 2.535369 8
1.923158 -0.418412 2.487910 8
1.926095 -0.452463 2.488948 8
1.939870 -0.480444 2.514672 8
1.925726 -0.524750 2.475845 8
1.920442 -0.564567 2.457068 8
1.910737 -0.607866 2.427703 8
1.872889 -0.671034 2.332635 8
1.685738 -0.841311 1.889653 7
1.742924 -0.844001 2.013832 7
1.922410 -0.751816 2.424041 7
1.925225 -0.788530 2.422141 7
1.938511 -0.817071 2.444523 7
1.503569 2.010834 1.513411 2
1.648494 1.832445 1.857989 2
1.636119 1.795594 1.840522 2
1.647884 1.738915 1.877868 2
1.632374 1.704996 1.852625 2
1.635884 1.656253 1.870339 2
1.630934 1.614449 1.868487 2
1.629138 1.570634 1.873440 2
1.641827 1.517261 1.910698 2
1.645466 1.470961 1.927128 2
1.620078 1.443708 1.878026 2
1.636046 1.390354 1.921455 2
1.627895 1.352303 1.910487 2
1.632949 1.306814 1.928733 2
1.640880 1.260381 1.953026 2
1.629159 1.224732 1.933234 2
1.643210 1.176251 1.970454 2
1.618891 1.146561 1.922184 2
1.641505 1.095313 1.977705 2
1.623832 1.062210 1.943693 2
1.615260 1.024945 1.929592 2
1.608160 0.986973 1.918496 2
1.620069 0.942288 1.949039 2
1.613439 0.904379 1.938428 2
1.608725 0.865781 1.931783 2
1.628445 0.820329 1.978568 2
1.623111 0.782360 1.969999 2
1.612450 0.745545 1.949489 2
1.615762 0.705435 1.959378 2
1.606850 0.667906 1.942204 2
1.618893 0.626599 1.970677 2
1.635529 0.585264 2.008912 2
1.611493 0.549714 1.957866 2
1.621611 0.509759 1.981298 2
1.616019 0.471529 1.970104 2
1.635604 0.431702 2.013699 2
1.625132 0.393773 1.991321 2
1.623249 0.355304 1.987464 2
1.616476 0.316703 1.972658 2
1.625656 0.278327 1.992467 2
1.622870 0.239675 1.985860 2
1.638801 0.202319 2.019922 2
1.398994 0.052709 1.491157 6
1.431868 0.014341 1.561101 6
1.863024 0.052563 2.503523 6
1.802165 0.006037 2.368068 6
1.732944 -0.045289 2.213854 6
1.659384 -0.100977 2.049642 6
1.810507 -0.097439 2.378645 6
1.870076 -0.114816 2.506606 6
1.831681 -0.161436 2.418902 8
1.841483 -0.193228 2.437001 8
1.825702 -0.234236 2.398456 8
1.858969 -0.256846 2.467921 8
1.879936 -0.283246 2.510114 8
1.902411 -0.308213 2.555516 8
1.927482 -0.331140 2.606560 8
1.923001 -0.367542 2.591883 8
1.905339 -0.411160 2.547597 8
1.914386 -0.441567 2.562440 8
1.922683 -0.472234 2.575412 8
1.904329 -0.518390 2.528590 8
1.883567 -0.567232 2.475950 8
1.880141 -0.606429 2.461759 8
1.843971 -0.667773 2.373600 8
1.830592 -0.715694 2.336167 8
1.710106 -0.840927 2.056343 7
1.741679 -0.860667 2.119230 7
1.895216 -0.786032 2.458910 7
1.898227 -0.822720 2.457492 7
1.478812 2.046793 1.579903 2
1.554907 1.927905 1.761231 2
1.625673 1.818363 1.929374 2
1.623248 1.773681 1.934076 2
1.609174 1.738742 1.912679 2
1.610073 1.692023 1.924093 2
1.600877 1.653413 1.912927 2
1.612169 1.600041 1.946482 2
1.615819 1.553037 1.962847 2
1.607197 1.514903 1.952016 2
1.619347 1.463348 1.986251 2
1.620518 1.419628 1.996158 2
1.600048 1.389278 1.958709 2
1.595564 1.349151 1.955792 2
1.608172 1.299783 1.989623 2
1.598791 1.262904 1.975520 2
1.605413 1.217878 1.995734 2
1.592503 1.182807 1.973513 2
1.599151 1.138530 1.993187 2
1.599839 1.097409 1.999728 2
1.603257 1.055463 2.011852 2
1.595661 1.018165 2.000064 2
1.605949 0.974258 2.026355 2
1.601462 0.936062 2.020715 2
1.604764 0.895386 2.031484 2
1.606170 0.855604 2.037931 2
1.577001 0.824413 1.978868 2
1.590394 0.781397 2.010407 2
1.597811 0.740489 2.028913 2
1.594104 0.702343 2.023461 2
1.601047 0.662183 2.040432 2
1.606822 0.622624 2.054657 2
1.605221 0.584452 2.052942 2
1.586030 0.548392 2.013602 2
1.584535 0.509835 2.011643 2
1.605950 0.469530 2.058104 2
1.586329 0.432424 2.017154 2
1.587853 0.393809 2.020877 2
1.594041 0.355228 2.034258 2
1.595410 0.316869 2.037165 2
1.604086 0.278801 2.055345 2
1.610875 0.240989 2.069283 2
1.606851 0.202620 2.060016 2
1.599001 0.163660 2.042377 2
1.356562 0.052506 1.524254 6
1.391139 0.014279 1.595874 6
1.808445 0.048271 2.481821 6
1.729268 -0.002285 2.311287 6
1.676821 -0.050313 2.197271 6
1.746285 -0.070167 2.342822 6
1.796700 -0.092283 2.447714 6
1.848382 -0.111924 2.555259 6
1.789239 -0.164645 2.425856 8
1.805823 -0.194402 2.458029 8
1.817338 -0.225430 2.479183 8
1.828389 -0.256302 2.499164 8
1.850074 -0.282524 2.541799 8
1.867862 -0.309644 2.575934 8
1.892151 -0.333206 2.623929 8
1.887967 -0.369481 2.610454 8
1.883044 -0.406566 2.595117 8
1.892154 -0.436770 2.609851 8
1.883718 -0.476444 2.586401 8
1.882929 -0.512426 2.579226 8
1.875750 -0.552562 2.557904 8
1.830822 -0.616827 2.454072 8
1.836790 -0.650752 2.460626 8
1.820083 -0.699956 2.417384 8
1.660037 -0.850170 2.059709 7
1.704342 -0.861447 2.148836 7
1.866393 -0.782923 2.497153 7
1.872831 -0.816781 2.503608 7
1.416310 2.117513 1.562380 2
1.427279 2.054848 1.597693 2
1.535180 1.910014 1.841861 2
1.605601 1.802811 2.003684 2
1.574619 1.781815 1.946447 2
1.585340 1.727135 1.978603 2
1.567835 1.694882 1.949929 2
1.572231 1.646225 1.967839 2
1.579966 1.595911 1.992494 2
1.570267 1.558320 1.979706 2
1.565622 1.517369 1.977410 2
1.586098 1.460720 2.028035 2
1.560560 1.433461 1.980950 2
1.564005 1.388415 1.994911 2
1.583111 1.335112 2.041543 2
1.573115 1.298698 2.026564 2
1.558640 1.264449 2.001971 2
1.574119 1.215132 2.039988 2
1.586122 1.168451 2.070366 2
1.578250 1.131451 2.058860 2
1.577132 1.091503 2.061238 2
1.577310 1.051236 2.066068 2
1.568390 1.014650 2.051692 2
1.565571 0.975719 2.049797 2
1.572779 0.933526 2.068515 2
1.580697 0.891624 2.088430 2
1.569612 0.855754 2.068641 2
1.578119 0.814318 2.089273 2
1.574522 0.776385 2.084562 2
1.568275 0.739032 2.074137 2
1.578943 0.698105 2.098497 2
1.581900 0.659151 2.106652 2
1.581029 0.621038 2.106659 2
1.582165 0.582700 2.110583 2
1.564471 0.546693 2.075386 2
1.582299 0.506596 2.113333 2
1.576918 0.469040 2.103122 2
1.575509 0.431085 2.100891 2
1.566260 0.393351 2.082252 2
1.575977 0.355039 2.102531 2
1.579163 0.317077 2.109105 2
1.569524 0.278836 2.088987 2
1.563034 0.240334 2.075141 2
1.581125 0.203355 2.111809 2
1.568013 0.164118 2.083834 2
1.317995 0.052809 1.564732 6
1.373333 0.017842 1.677314 6
1.752859 0.043931 2.460229 6
1.705601 -0.000330 2.360594 6
1.629725 -0.053158 2.201376 6
1.819469 -0.044022 2.592094 6
1.767975 -0.091386 2.482947 6
1.827878 -0.108863 2.604597 6
1.778008 -0.158065 2.498249 8
1.796532 -0.186802 2.533685 8
1.799701 -0.220352 2.537029 8
1.835516 -0.241605 2.608178 8
1.840118 -0.273944 2.614179 8
1.830969 -0.312092 2.591273 8
1.840761 -0.342430 2.607700 8
1.875332 -0.360947 2.675831 8
1.870497 -0.397471 2.661328 8
1.861640 -0.436535 2.638128 8
1.842209 -0.481956 2.592406 8
1.858562 -0.508489 2.621685 8
1.839332 -0.555347 2.575772 8
1.822944 -0.601699 2.535479 8
1.804087 -0.650727 2.489582 8
1.770909 -0.710424 2.412894 8
1.619546 -0.852655 2.084451 7
1.663780 -0.864634 2.171015 7
1.713922 -0.870525 2.270280 7
1.844604 -0.813398 2.542008 7
1.378526 2.112952 1.610930 2
1.461330 1.988450 1.795665 2
1.529202 1.881513 1.947864 2
1.258463 2.055178 1.391229 2
1.560355 1.762612 2.031064 2
1.550097 1.724934 2.018198 2
1.546477 1.682328 2.018895 2
1.558894 1.628542 2.052538 2
1.545856 1.593433 2.033145 2
1.558814 1.540780 2.067210 2
1.552510 1.501568 2.061209 2
1.544112 1.463756 2.050668 2
1.538221 1.424439 2.045056 2
1.541417 1.380011 2.057830 2
1.555137 1.330300 2.091843 2
1.542097 1.295649 2.070845 2
1.532570 1.258951 2.056834 2
1.529326 1.219102 2.055418 2
1.558899 1.164336 2.120520 2
1.550078 1.127927 2.107222 2
1.548647 1.088319 2.108722 2
1.549439 1.048019 2.114492 2
1.549300 1.008326 2.118139 2
1.544784 0.970369 2.112698 2
1.550589 0.929040 2.127901 2
1.544333 0.891835 2.118503 2
1.541792 0.853480 2.116394 2
1.538633 0.815340 2.112823 2
1.553135 0.772953 2.144615 2
1.545843 0.736116 2.132274 2
1.547228 0.697368 2.137189 2
1.543280 0.659738 2.131161 2
1.551423 0.620146 2.149224 2
1.541026 0.583501 2.129813 2
1.561015 0.543007 2.171231 2
1.563752 0.505034 2.177774 2
1.554575 0.468096 2.160185 2
1.551173 0.430515 2.153986 2
1.545686 0.392885 2.143395 2
1.552728 0.354914 2.157737 2
1.553542 0.317177 2.159370 2
1.556095 0.279522 2.164284 2
1.544363 0.241213 2.140319 2
1.564798 0.204732 2.180707 2
1.554846 0.166212 2.159890 2
1.123526 0.078850 1.292573 3
1.277306 0.052779 1.599971 6
1.776023 0.087143 2.600653 6
1.711269 0.042213 2.468961 6
1.631299 -0.008564 2.306332 6
1.611687 -0.049544 2.264821 6
1.769128 -0.048754 2.579703 6
1.723027 -0.094836 2.484521 6
1.802698 -0.107303 2.642724 6
1.726921 -0.163978 2.487143 8
1.749935 -0.191765 2.530730 8
1.763725 -0.221938 2.555544 8
1.801025 -0.242980 2.627807 8
1.818047 -0.270534 2.658926 8
1.804541 -0.310186 2.627972 8
1.808892 -0.342846 2.633027 8
1.836279 -0.364962 2.684754 8
1.818662 -0.407745 2.644750 8
1.831524 -0.436204 2.666604 8
1.824033 -0.475056 2.646744 8
1.832048 -0.505997 2.658341 8
1.821697 -0.547371 2.632134 8
1.806221 -0.592580 2.595110 8
1.783815 -0.643125 2.543500 8
1.738334 -0.709914 2.443954 8
1.587737 -0.849394 2.126894 7
1.634179 -0.860262 2.215764 7
1.681294 -0.868811 2.306127 7
1.813418 -0.812498 2.573108 7
1.374165 2.131558 1.716132 2
1.346065 2.104137 1.668982 2
1.450203 1.963455 1.891308 2
1.501054 1.872677 2.003919 2
1.237812 2.036218 1.478456 2
1.192149 2.018597 1.395519 2
1.051674 2.070431 1.121098 2
1.050713 2.014739 1.128760 2
1.554211 1.605661 2.151048 2
1.539898 1.572126 2.129262 2
1.538366 1.529974 2.132933 2
1.544397 1.483386 2.151482 2
1.547237 1.439404 2.163357 2
1.534338 1.405120 2.143569 2
1.521076 1.370801 2.122891 2
1.554023 1.311319 2.193915 2
1.530548 1.282778 2.152492 2
1.524669 1.244799 2.145847 2
1.523093 1.204820 2.147516 2
1.518521 1.166397 2.143036 2
1.530092 1.121126 2.170232 2
1.532953 1.080147 2.179967 2
1.530226 1.041676 2.178453 2
1.515017 1.007844 2.152159 2
1.489794 0.976994 2.106008 2
1.520330 0.927382 2.169304 2
1.502128 0.893850 2.136586 2
1.511729 0.851976 2.158261 2
1.516376 0.811938 2.169986 2
1.503985 0.776274 2.148109 2
1.492764 0.739973 2.128346 2
1.514871 0.696825 2.173624 2
1.497210 0.661638 2.140867 2
1.512432 0.620763 2.172229 2
1.509321 0.583042 2.167538 2
1.515005 0.544277 2.179832 2
1.508731 0.506909 2.168565 2
1.511253 0.468705 2.174281 2
1.502734 0.431209 2.158240 2
1.496715 0.393315 2.146886 2
1.489176 0.355207 2.132366 2
1.506086 0.317047 2.165379 2
1.491082 0.278594 2.135888 2
1.475503 0.239481 2.105071 2
1.473056 0.200641 2.099689 2
1.468861 0.161500 2.090688 2
1.218353 0.094392 1.600241 3
1.217854 0.050219 1.597889 3
1.705563 0.081020 2.549833 6
1.661332 0.039072 2.461894 6
1.582064 -0.011632 2.305119 6
1.603770 -0.043927 2.345703 6
1.753742 -0.045073 2.637446 6
1.706229 -0.090951 2.542204 6
1.706873 -0.125533 2.541128 6
1.686423 -0.166549 2.498448 8
1.711898 -0.193851 2.545760 8
1.731397 -0.222280 2.581213 8
1.745494 -0.252013 2.605912 8
1.774280 -0.275674 2.659423 8
1.784336 -0.305898 2.675908 8
1.781132 -0.341565 2.666058 8
1.776081 -0.378418 2.652345 8
1.806000 -0.399213 2.707648 8
1.790611 -0.441311 2.673081 8
1.771768 -0.486126 2.631376 8
1.783889 -0.515366 2.650914 8
1.792437 -0.546343 2.663201 8
1.780390 -0.589255 2.634256 8
1.767772 -0.633374 2.603878 8
1.732724 -0.692544 2.528310 8
1.535585 -0.859711 2.127359 7
1.591473 -0.865092 2.232833 7
1.663778 -0.856707 2.371498 7
1.757977 -0.829375 2.554609 7
1.471315 -1.083569 1.968839 5
1.339249 2.125545 1.766452 2
1.365405 2.051425 1.827898 2
1.530159 1.863779 2.163071 2
1.519645 1.826597 2.150381 2
1.523210 1.778389 2.165238 2
1.527644 1.730201 2.181496 2
1.521456 1.690520 2.176602 2
1.509087 1.655403 2.159385 2
1.523017 1.602061 2.193410 2
1.509389 1.568107 2.173305 2
1.499947 1.531247 2.161196 2
1.510120 1.482219 2.187048 2
1.498903 1.446771 2.171061 2
1.499449 1.404435 2.177710 2
1.506448 1.358914 2.196612 2
1.482287 1.330502 2.155014 2
1.504816 1.277688 2.203447 2
1.487415 1.245513 2.174562 2
1.505052 1.196643 2.213007 2
1.493595 1.161647 2.195201 2
1.488587 1.123706 2.189619 2
1.515283 1.073151 2.244690 2
1.496727 1.041042 2.212696 2
1.487656 1.004983 2.198734 2
1.486280 0.966163 2.199326 2
1.478208 0.929583 2.186918 2
1.484540 0.888611 2.201853 2
1.487631 0.848952 2.210386 2
1.478346 0.812702 2.195105 2
1.474472 0.774955 2.189970 2
1.469893 0.737328 2.183306 2
1.469056 0.698917 2.183586 2
1.457139 0.662475 2.162587 2
1.467937 0.622218 2.184635 2
1.470951 0.583498 2.191673 2
1.482491 0.544030 2.214733 2
1.476348 0.506687 2.203977 2
1.474696 0.468830 2.201578 2
1.472096 0.430993 2.197191 2
1.484757 0.392620 2.221620 2
1.468639 0.355061 2.191179 2
1.468832 0.317023 2.191546 2
1.462834 0.278802 2.179964 2
1.393543 0.237146 2.047918 2
1.431074 0.200186 2.118671 2
1.463571 0.164240 2.179688 2
1.234417 0.100627 1.743030 3
1.240721 0.058486 1.753764 3
1.662082 0.079170 2.554042 6
1.604699 0.034869 2.443470 6
1.538607 -0.013515 2.316040 6
1.631588 -0.030987 2.491400 6
1.724549 -0.044778 2.666741 6
1.667041 -0.092916 2.555077 6
1.676667 -0.125191 2.571253 6
1.661509 -0.164494 2.539932 8
1.689952 -0.190850 2.591750 8
1.686945 -0.226736 2.583298 8
1.704189 -0.255697 2.613442 8
1.741963 -0.276361 2.682825 8
1.762874 -0.302342 2.719813 8
1.769024 -0.333831 2.728347 8
1.750601 -0.376111 2.689472 8
1.765252 -0.404090 2.714013 8
1.744865 -0.448649 2.670888 8
1.744837 -0.484028 2.666774 8
1.752931 -0.515375 2.678167 8
1.752548 -0.551303 2.672998 8
1.749908 -0.588826 2.663253 8
1.757359 -0.620755 2.672882 8
1.724677 -0.677474 2.604303 8
1.696055 -0.733412 2.543211 8
1.557167 -0.864283 2.266537 7
1.743004 -0.778683 2.623463 7
1.735728 -0.822101 2.603277 7
1.423417 -1.090514 1.984214 5
1.462085 -1.107896 2.052586 5
1.330592 2.148508 1.856978 2
1.315422 2.110360 1.836775 2
1.392645 1.994356 1.994394 2
1.496775 1.860785 2.202794 2
1.481497 1.827453 2.181001 2
1.486080 1.778635 2.197088 2
1.486138 1.733897 2.204236 2
1.511569 1.671341 2.259521 2
1.468796 1.658001 2.184546 2
1.470260 1.613275 2.193681 2
1.471565 1.569138 2.202267 2
1.470805 1.526760 2.206698 2
1.481874 1.477556 2.233275 2
1.481832 1.435704 2.238583 2
1.475727 1.397606 2.232241 2
1.480817 1.353525 2.246792 2
1.476950 1.314628 2.244264 2
1.468301 1.278243 2.232566 2
1.463176 1.240101 2.227312 2
1.452173 1.204687 2.210865 2
1.472733 1.155395 2.253324 2
1.456524 1.122376 2.226769 2
1.459099 1.081562 2.235160 2
1.454549 1.043718 2.230055 2
1.477187 0.996381 2.275449 2
1.447225 0.967501 2.222623 2
1.457105 0.925266 2.243843 2
1.457541 0.886334 2.247287 2
1.446401 0.850687 2.229035 2
1.451720 0.810653 2.241194 2
1.446292 0.773422 2.233214 2
1.442377 0.735785 2.227871 2
1.445894 0.696709 2.236136 2
1.453242 0.657233 2.251317 2
1.432276 0.622338 2.213861 2
1.427007 0.584677 2.205325 2
1.439330 0.544968 2.229185 2
1.452174 0.505760 2.253824 2
1.429238 0.469578 2.212070 2
1.442696 0.430734 2.237492 2
1.445086 0.392775 2.242259 2
1.427170 0.355127 2.209288 2
1.451038 0.317190 2.253443 2
1.451269 0.279489 2.253698 2
1.362845 0.237412 2.089749 2
1.424017 0.202144 2.202408 3
1.436319 0.164914 2.224479 2
1.240315 0.105509 1.860749 3
1.590670 0.108415 2.508404 6
1.572956 0.070596 2.474468 6
1.544854 0.030250 2.421094 6
1.472775 -0.019572 2.285975 6
1.386671 -0.075293 2.124541 6
1.704735 -0.042391 2.712865 6
1.639551 -0.091949 2.590000 6
1.660594 -0.121114 2.627050 8
1.652897 -0.157858 2.610550 8
1.673076 -0.186444 2.645737 8
1.658945 -0.225664 2.616922 8
1.670116 -0.256772 2.635056 8
1.728650 -0.270041 2.741419 8
1.746600 -0.296951 2.772034 8
1.727973 -0.338383 2.734178 8
1.720078 -0.376147 2.716165 8
1.718383 -0.411641 2.709563 8
1.729113 -0.441524 2.726082 8
1.718057 -0.482017 2.701561 8
1.713447 -0.519892 2.688933 8
1.737089 -0.542966 2.729287 8
1.723945 -0.585966 2.700225 8
1.727111 -0.620303 2.701700 8
1.726544 -0.657068 2.695941 8
1.694761 -0.713809 2.630864 8
1.528115 -0.860205 2.309546 7
1.698226 -0.787427 2.626883 7
1.721850 -0.809391 2.666270 7
1.396117 -1.082488 2.039339 5
1.439637 -1.096433 2.115384 5
1.295934 2.143209 1.904291 2
1.355600 2.041591 2.024658 2
1.198840 2.122022 1.739117 2
1.469575 1.853106 2.253151 2
1.458718 1.816479 2.239873 2
1.465107 1.766838 2.258526 2
1.471111 1.718251 2.276179 2
1.456213 1.685178 2.254805 2
1.452774 1.644018 2.254509 2
1.453527 1.600348 2.261758 2
1.449831 1.559960 2.260574 2
1.454603 1.514567 2.274797 2
1.434241 1.484716 2.242550 2
1.451140 1.432963 2.278643 2
1.441728 1.396802 2.266184 2
1.466299 1.342535 2.315825 2
1.431268 1.319969 2.256103 2
1.448476 1.270722 2.291808 2
1.416564 1.245419 2.237588 2
1.449547 1.190099 2.301634 2
1.421631 1.162312 2.254441 2
1.432131 1.118062 2.277070 2
1.424527 1.081431 2.266568 2
1.415857 1.045095 2.253976 2
1.414476 1.006106 2.254459 2
1.426983 0.962761 2.279953 2
1.411682 0.928539 2.254851 2
1.408480 0.890444 2.251523 2
1.418576 0.848873 2.272092 2
1.420519 0.809836 2.277726 2
1.416895 0.772257 2.273127 2
1.404895 0.736370 2.253234 2
1.416152 0.695828 2.275190 2
1.411265 0.658494 2.267825 2
1.412403 0.620181 2.271173 2
1.417311 0.581517 2.281156 2
1.419103 0.543445 2.285352 2
1.413462 0.506149 2.275985 2
1.413756 0.468278 2.277159 2
1.407620 0.430767 2.266582 2
1.406148 0.392909 2.264251 2
1.425605 0.354807 2.299474 2
1.401588 0.317043 2.256196 2
1.412572 0.279360 2.275828 2
1.463930 0.244041 2.368064 3
1.330555 0.198162 2.127196 2
1.272387 0.153629 2.021662 2
1.150345 0.099974 1.800736 3
1.536889 0.105645 2.496834 6
1.647060 0.086068 2.694551 6
1.485401 0.025831 2.401634 6
1.433701 -0.020504 2.306877 6
1.316800 -0.082291 2.094092 6
1.675158 -0.042311 2.739911 6
1.645631 -0.082870 2.684820 6
1.653844 -0.114766 2.697809 8
1.639656 -0.152816 2.670107 8
1.653038 -0.183203 2.692173 8
1.640457 -0.221604 2.667043 8
1.656808 -0.250726 2.694228 8
1.701714 -0.268962 2.773170 8
1.723023 -0.294620 2.809203 8
1.699254 -0.337839 2.763131 8
1.702627 -0.370686 2.766255 8
1.701057 -0.405806 2.760223 8
1.687513 -0.446803 2.732164 8
1.678871 -0.486209 2.712843 8
1.690640 -0.515833 2.730665 8
1.680616 -0.556774 2.708444 8
1.690154 -0.587619 2.721888 8
1.710896 -0.611912 2.755783 8
1.709897 -0.648538 2.749617 8
1.674781 -0.706574 2.680415 8
1.499552 -0.856084 2.352313 7
1.651887 -0.796985 2.628330 7
1.324274 -1.059885 2.016646 5
1.360882 -1.080518 2.078036 5
1.271758 2.180278 1.961534 2
1.304086 2.101587 2.028645 2
1.208896 2.131297 1.862734 2
1.369449 1.950082 2.162651 2
1.445623 1.843305 2.307932 2
1.440473 1.802598 2.305026 2
1.439258 1.759220 2.309053 2
1.430682 1.721520 2.299573 2
1.439502 1.671800 2.321304 2
1.434830 1.631961 2.318479 2
1.442804 1.584106 2.338212 2
1.420846 1.555779 2.303966 2
1.430163 1.507917 2.325702 2
1.423646 1.470070 2.318851 2
1.400781 1.441494 2.282614 2
1.418476 1.390296 2.318713 2
1.399889 1.359059 2.289847 2
1.391955 1.322020 2.279851 2
1.413321 1.270899 2.321833 2
1.402024 1.235916 2.305505 2
1.410763 1.191950 2.324617 2
1.396033 1.158396 2.301898 2
1.389710 1.121138 2.293958 2
1.395155 1.079406 2.306700 2
1.383447 1.044237 2.288917 2
1.385535 1.004143 2.295386 2
1.387949 0.964216 2.302262 2
1.406703 0.919687 2.337809 2
1.379019 0.888997 2.291243 2
1.379630 0.850046 2.294458 2
1.400571 0.806391 2.333326 2
1.393364 0.769878 2.322438 2
1.387340 0.732967 2.313490 2
1.374054 0.697250 2.291621 2
1.367225 0.660073 2.280973 2
1.364214 0.622175 2.276890 2
1.388629 0.580841 2.320858 2
1.375721 0.544420 2.299075 2
1.389222 0.505299 2.323540 2
1.402291 0.466767 2.347088 2
1.385206 0.430205 2.317530 2
1.378017 0.392734 2.305205 2
1.398251 0.354745 2.340882 2
1.390738 0.317266 2.327690 2
1.384867 0.279543 2.317233 2
1.376492 0.241463 2.302229 3
1.287763 0.197682 2.145949 2
1.456347 0.172537 2.441448 3
1.143226 0.103294 1.890600 3
1.478661 0.102399 2.479076 6
1.574560 0.080006 2.646660 6
1.384181 0.014761 2.310791 6
1.324760 -0.034117 2.204904 6
1.581935 -0.021805 2.655969 6
1.637914 -0.043953 2.753041 6
1.620235 -0.081683 2.720312 6
1.619842 -0.115738 2.717881 8
1.615888 -0.150925 2.709030 8
1.609135 -0.187237 2.695088 8
1.617820 -0.219053 2.708256 8
1.618072 -0.253529 2.706396 8
1.606938 -0.292233 2.684251 8
1.695996 -0.293727 2.839306 8
1.680449 -0.333431 2.809136 8
1.685867 -0.365191 2.815955 8
1.672369 -0.405222 2.789063 8
1.672899 -0.439584 2.786904 8
1.656114 -0.482448 2.753791 8
1.645934 -0.522943 2.732221 8
1.651182 -0.556078 2.737962 8
1.657101 -0.588895 2.744762 8
1.646218 -0.631199 2.721390 8
1.658057 -0.660976 2.738477 8
1.648421 -0.703562 2.716955 8
1.635312 -0.749063 2.688977 7
1.616089 -0.799442 2.649762 7
1.303159 -1.048337 2.081381 5
1.337771 -1.070333 2.137822 5
1.254040 2.160892 2.036819 2
1.182050 2.171184 1.916313 2
1.144465 2.150545 1.857052 2
1.378439 1.913041 2.278382 2
1.398650 1.851750 2.320359 2
1.394608 1.810024 2.319228 2
1.403411 1.759257 2.340530 2
1.400510 1.717568 2.341006 2
1.406335 1.670233 2.356614 2
1.398820 1.632366 2.348622 2
1.395861 1.591660 2.348452 2
1.392874 1.551224 2.348061 2
1.396379 1.507162 2.358828 2
1.402314 1.462201 2.373637 2
1.381125 1.432828 2.341031 2
1.378401 1.393061 2.340444 2
1.380895 1.350820 2.348755 2
1.369524 1.315786 2.332838 2
1.368949 1.275485 2.335503 2
1.389788 1.225777 2.375071 2
1.389874 1.186099 2.378519 2
1.359395 1.159216 2.329003 2
1.373442 1.113948 2.356282 2
1.371952 1.075220 2.356566 2
1.383211 1.032157 2.378672 2
1.347338 1.005372 2.319431 2
1.342424 0.967698 2.313404 2
1.382221 0.916901 2.384128 2
1.351418 0.887134 2.333280 2
1.345419 0.850015 2.324952 2
1.375001 0.804425 2.377576 2
1.373800 0.766754 2.377180 2
1.351351 0.733349 2.340200 2
1.372707 0.691380 2.378212 2
1.366528 0.654708 2.368865 2
1.348324 0.619580 2.338781 2
1.329849 0.583874 2.308112 2
1.342688 0.544311 2.330940 2
1.349537 0.505792 2.343362 2
1.343705 0.468405 2.333933 2
1.358380 0.429875 2.359469 2
1.344753 0.392714 2.336422 2
1.350659 0.354875 2.346668 2
1.347975 0.317182 2.342076 2
1.349931 0.279513 2.345285 2
1.351736 0.241896 2.348097 3
1.245103 0.197217 2.165146 2
1.283178 0.160698 2.229749 2
1.271611 0.120446 2.209225 6
1.414294 0.098497 2.452753 6
1.544362 0.080080 2.674661 6
1.266009 0.001336 2.196587 6
1.267241 -0.038120 2.197389 6
1.540242 -0.023976 2.664187 6
1.603848 -0.044882 2.771936 6
1.607593 -0.077566 2.776893 6
1.577959 -0.118718 2.724391 8
1.579215 -0.152670 2.724796 8
1.578709 -0.187224 2.722041 8
1.565958 -0.225766 2.698081 8
1.554381 -0.264566 2.675978 8
1.588123 -0.288056 2.731811 8
1.674979 -0.290686 2.879206 8
1.657040 -0.331027 2.845820 8
1.635383 -0.373792 2.805821 8
1.641350 -0.405722 2.813389 8
1.630501 -0.445202 2.791731 8
1.634206 -0.478486 2.795112 8
1.610633 -0.525254 2.751048 8
1.593147 -0.570116 2.717320 8
1.617456 -0.593709 2.756029 8
1.605889 -0.636412 2.732243 8
1.617505 -0.666572 2.748655 8
1.601136 -0.713198 2.716129 8
1.589558 -0.757878 2.691737 7
1.562164 -0.813472 2.639450 7
1.252161 -1.057035 2.091622 5
1.299751 -1.070797 2.169558 5
1.221525 2.154930 2.083842 2
1.149844 2.164200 1.966790 2
1.292831 1.998424 2.220192 2
1.078360 2.118515 1.857078 2
1.380454 1.838214 2.382888 2
1.365253 1.805163 2.362297 2
1.389325 1.743890 2.408890 2
1.381957 1.705834 2.401386 2
1.380709 1.663777 2.404192 2
1.374320 1.625396 2.398059 2
1.365934 1.588379 2.388380 2
1.360730 1.549449 2.383980 2
1.372171 1.500921 2.407719 2
1.364413 1.464039 2.398660 2
1.335131 1.438863 2.352985 2
1.362273 1.383282 2.402801 2
1.346212 1.350831 2.379283 2
1.367708 1.299884 2.419130 2
1.345126 1.270472 2.384342 2
1.361156 1.223315 2.414596 2
1.341502 1.192143 2.384527 2
1.356183 1.146573 2.412170 2
1.333312 1.116228 2.376462 2
1.347074 1.071841 2.402242 2
1.331226 1.038417 2.378113 2
1.345148 0.994858 2.403849 2
1.334026 0.959703 2.387407 2
1.357301 0.914377 2.428510 2
1.340099 0.880989 2.401620 2
1.331120 0.845035 2.388395 2
1.339179 0.804933 2.403566 2
1.327364 0.769486 2.385347 2
1.317295 0.733372 2.369930 2
1.336146 0.691911 2.402734 2
1.334011 0.654538 2.400319 2
1.337219 0.616429 2.406700 2
1.307715 0.582433 2.358322 2
1.312414 0.543942 2.366944 2
1.294878 0.507522 2.338314 2
1.341875 0.466340 2.417274 2
1.316712 0.430246 2.375660 2
1.320870 0.392439 2.382856 2
1.312507 0.354916 2.369028 2
1.340144 0.317421 2.415145 2
1.323496 0.279715 2.387237 2
1.355023 0.243599 2.439596 3
1.354333 0.206545 2.438066 2
1.123895 0.150389 2.052892 3
1.216836 0.118454 2.207364 6
1.354532 0.095260 2.436507 6
1.485605 0.076182 2.654570 6
1.152887 -0.010876 2.097672 6
1.189765 -0.045520 2.158058 6
1.148391 -0.094083 2.087499 3
1.595160 -0.040406 2.833325 6
1.567985 -0.079861 2.786496 6
1.544397 -0.119548 2.745512 8
1.534172 -0.156647 2.726755 8
1.518979 -0.195695 2.699528 8
1.529280 -0.227629 2.714910 8
1.516040 -0.267003 2.690675 8
1.555296 -0.288907 2.754455 8
1.578380 -0.315368 2.791023 8
1.630932 -0.329792 2.877091 8
1.646651 -0.357223 2.901170 8
1.611785 -0.405644 2.839936 8
1.603056 -0.444060 2.822551 8
1.563865 -0.497139 2.753586 8
1.573135 -0.528610 2.766243 8
1.590072 -0.556096 2.791765 8
1.559879 -0.607810 2.737406 8
1.594379 -0.625851 2.792459 8
1.560970 -0.681067 2.732252 8
1.306433 -0.867288 2.296014 7
1.559547 -0.756931 2.722244 7
1.532985 -0.811585 2.672969 7
1.221700 -1.052224 2.137699 5
1.179971 2.156854 2.114567 2
1.113712 2.160784 2.009452 2
1.272057 1.985202 2.281447 2
1.359689 1.871409 2.433899 2
1.359285 1.827476 2.438428 2
1.358939 1.783939 2.442878 2
1.352030 1.745420 2.436212 2
1.344384 1.707524 2.428182 2
1.344987 1.664281 2.433744 2
0.601994 2.095048 1.203813 2
0.553483 2.067380 1.129119 2
0.454490 2.008638 0.976408 2
0.425654 1.965489 0.934172 2
0.379522 1.930874 0.863260 2
0.380633 1.811244 0.875171 2
0.370888 1.756972 0.863850 2
0.380017 1.694115 0.883401 2
0.373811 1.638666 0.877517 2
0.383343 1.576777 0.897296 2
0.367430 1.525693 0.875099 2
0.373162 1.466136 0.888239 2
0.356930 1.414981 0.865183 2
0.365136 1.355189 0.881989 2
0.387788 1.291340 0.922226 2
0.374213 1.239542 0.902988 2
0.366344 1.185854 0.892917 2
0.358025 1.132213 0.881943 2
0.349692 1.078473 0.870779 2
0.367242 1.018719 0.901686 2
0.363184 0.964314 0.897141 2
0.359802 0.909792 0.893526 2
0.377424 0.851666 0.923976 2
0.365136 0.798935 0.905493 2
0.359910 0.744912 0.898352 2
0.369837 0.689015 0.915723 2
0.370434 0.634501 0.917720 2
0.364504 0.580616 0.908919 2
0.356072 0.526736 0.895875 2
0.372737 0.471463 0.923515 2
0.365934 0.417465 0.912783 2
0.365231 0.363186 0.911808 2
0.360126 0.308849 0.903500 2
0.546216 0.259513 1.206201 2
0.526771 0.207593 1.174231 3
1.313234 0.206031 2.453981 2
1.078263 0.149668 2.070966 3
1.150587 0.115367 2.188083 6
1.305591 0.093387 2.439780 6
1.421018 0.071600 2.626997 6
1.532066 0.053280 2.807066 6
1.116128 -0.052041 2.128114 3
1.141937 -0.088327 2.168909 6
1.561342 -0.041363 2.851667 6
1.554356 -0.076191 2.839019 6
1.510427 -0.120483 2.765934 8
1.500277 -0.157574 2.747848 8
1.493202 -0.194298 2.734659 8
1.471468 -0.235856 2.697370 8
1.505715 -0.260407 2.751526 8
1.524616 -0.289042 2.780510 8
1.556626 -0.312423 2.830899 8
1.612009 -0.325927 2.919569 8
1.619464 -0.356520 2.929615 8
1.609681 -0.394187 2.911259 8
1.588392 -0.437443 2.873846 8
1.573227 -0.478947 2.846330 8
1.534946 -0.532241 2.780585 8
1.550536 -0.560640 2.803384 8
1.520882 -0.611942 2.751461 8
1.555698 -0.630236 2.805784 8
1.512041 -0.690921 2.730356 8
1.224025 -0.894146 2.250160 7
1.519570 -0.762026 2.735769 7
1.502884 -0.810411 2.704356 7
1.195808 -1.044767 2.190310 5
1.533204 -0.946415 2.738421 7
1.144573 2.153792 2.155210 2
1.063316 2.168976 2.028006 2
1.285545 1.946012 2.396815 2
0.990171 2.122957 1.920024 2
0.922453 2.121136 1.815280 2
0.876298 2.101625 1.745730 2
0.842565 2.072113 1.696374 2
0.759825 2.074398 1.567466 2
0.637923 2.099054 1.375257 2
0.553845 2.095480 1.244550 2
0.521599 2.057558 1.197750 2
0.441676 2.046718 1.073893 2
0.401198 2.010828 1.013743 2
0.380598 1.962941 0.985557 2
0.346540 1.921754 0.935583 2
0.318239 1.758210 0.903685 2
0.325219 1.696399 0.919048 2
0.319291 1.640749 0.913523 2
0.311954 1.585795 0.905574 2
0.320915 1.524526 0.923537 2
0.321568 1.466994 0.928015 2
0.342173 1.402738 0.964194 2
0.328738 1.350911 0.945805 2
0.305522 1.301934 0.911660 2
0.314747 1.242700 0.929125 2
0.313693 1.186906 0.930020 2
0.299048 1.134831 0.909095 2
0.295943 1.079627 0.906401 2
0.305940 1.021560 0.924401 2
0.313776 0.964475 0.938785 2
0.325130 0.907170 0.958592 2
0.308923 0.855102 0.934400 2
1.303937 0.648963 2.517538 2
1.279877 0.615189 2.480155 2
1.299962 0.575499 2.512822 2
1.290429 0.539494 2.498317 2
1.294622 0.502097 2.505511 2
1.299449 0.464852 2.513605 2
1.291524 0.428379 2.501339 2
1.282877 0.391666 2.487822 2
1.290167 0.354516 2.499504 2
1.317755 0.317812 2.543308 2
1.294709 0.280732 2.506609 3
1.326631 0.245267 2.557086 3
1.332845 0.209314 2.566640 3
1.312694 0.171435 2.534216 3
1.328551 0.136329 2.558877 3
1.227264 0.088149 2.397314 6
1.358656 0.067446 2.605352 6
1.482710 0.050277 2.801723 6
1.123722 -0.044577 2.230016 6
1.192065 -0.072146 2.337559 6
1.527724 -0.042271 2.870415 6
1.521292 -0.077020 2.859027 6
1.510131 -0.113253 2.839999 6
1.448022 -0.163286 2.739683 8
1.451599 -0.197394 2.743873 8
1.434088 -0.237777 2.714330 8
1.466281 -0.263255 2.763967 8
1.499570 -0.287328 2.815305 8
1.523814 -0.313517 2.852152 8
1.542820 -0.340915 2.880569 8
1.557706 -0.369385 2.902329 8
1.558348 -0.403310 2.901212 8
1.555888 -0.438735 2.895018 8
1.549136 -0.476381 2.881825 8
1.522494 -0.523789 2.836579 8
1.513174 -0.564034 2.818972 8
1.502307 -0.605666 2.798732 8
1.524343 -0.630687 2.831300 8
1.354165 -0.759926 2.554129 7
1.310691 -0.824606 2.480618 7
1.067357 -1.008351 2.084123 5
1.463484 -0.814984 2.720242 7
1.491905 -0.836043 2.762637 7
1.485621 -0.878713 2.748775 7
1.492058 -0.913499 2.755391 7
1.105955 2.153539 2.190046 2
1.048590 2.149067 2.103915 2
1.181726 1.997583 2.320906 2
1.217235 1.924569 2.382064 2
0.899176 2.107684 1.882003 2
0.814789 2.114828 1.753314 2
0.785235 2.081832 1.711559 2
0.714819 2.074931 1.605161 2
0.599367 2.094275 1.427751 2
0.512104 2.092057 1.295031 2
0.479075 2.054501 1.247862 2
0.400376 2.042393 1.128759 2
0.335220 2.020099 1.031017 2
0.319448 1.969204 1.010851 2
0.268193 1.936477 0.934877 2
1.279276 1.293765 2.529708 2
1.278597 1.254586 2.531216 2
1.265231 1.220970 2.512785 2
1.266172 1.181316 2.516612 2
1.255916 1.146219 2.502851 2
1.250361 1.109227 2.496333 2
1.262298 1.066151 2.516974 2
1.267464 1.025926 2.526937 2
1.257347 0.990815 2.512995 2
1.258658 0.952155 2.516744 2
1.266197 0.911987 2.530068 2
1.262023 0.875240 2.525072 2
1.251044 0.840100 2.509404 2
1.237757 0.805200 2.490064 2
1.238058 0.767185 2.491732 2
1.247607 0.727575 2.507649 2
1.257965 0.688266 2.524710 2
1.228839 0.655315 2.480419 2
1.261524 0.613261 2.531902 2
1.247394 0.577776 2.510680 2
1.247580 0.540469 2.511560 2
1.243662 0.503542 2.505979 2
1.239917 0.466508 2.500569 2
1.256099 0.428499 2.525941 2
1.254654 0.391545 2.523897 2
1.258914 0.354503 2.530595 2
1.240889 0.317420 2.502668 2
1.287224 0.281394 2.574364 3
1.272257 0.244292 2.550978 3
1.278478 0.207943 2.560327 3
1.278161 0.171265 2.559449 3
1.274553 0.134219 2.553372 3
1.152678 0.083488 2.363832 6
1.291820 0.062816 2.578883 6
1.444151 0.048965 2.814392 6
1.004128 -0.058641 2.130876 3
1.209170 -0.062605 2.447994 6
1.260491 -0.090553 2.526559 6
1.466082 -0.082733 2.844670 6
1.479057 -0.113619 2.863667 6
1.419235 -0.162826 2.769436 8
1.415405 -0.198937 2.762096 8
1.422370 -0.232160 2.771450 8
1.436270 -0.263117 2.791514 8
1.478087 -0.284531 2.854982 8
1.478782 -0.318858 2.854345 8
1.547826 -0.328322 2.960192 8
1.515625 -0.374317 2.908099 8
1.528088 -0.403693 2.925583 8
1.544150 -0.431275 2.948620 8
1.533652 -0.470152 2.930061 8
1.492116 -0.523896 2.862802 8
1.467212 -0.571485 2.821384 8
1.465583 -0.608681 2.816278 8
1.453393 -0.651650 2.794490 8
1.433022 -0.699744 2.759707 8
1.443183 -0.731935 2.772745 7
1.441317 -0.770939 2.766773 7
1.456889 -0.799931 2.788147 7
1.449920 -0.842493 2.773906 7
1.448359 -0.882223 2.768059 7
1.455408 -0.916704 2.775689 7
1.096564 2.130269 2.269939 2
1.013704 2.145452 2.146105 2
1.110753 2.022928 2.301198 2
1.174578 1.929163 2.404348 2
0.841760 2.118910 1.894090 2
0.777697 2.110934 1.799787 2
1.236041 1.752954 2.511080 2
1.251051 1.700241 2.537815 2
1.241255 1.664028 2.526208 2
1.234064 1.626207 2.518514 2
1.242601 1.579233 2.534872 2
1.213147 1.554450 2.492807 2
1.226001 1.505697 2.515551 2
1.235239 1.459659 2.532607 2
1.234907 1.419138 2.534884 2
1.230751 1.380760 2.531205 2
1.223496 1.343954 2.522693 2
1.219756 1.305546 2.519454 2
1.233563 1.259638 2.542882 2
1.219522 1.226037 2.523727 2
1.212904 1.189197 2.515806 2
1.222201 1.146308 2.532019 2
1.222595 1.107167 2.534571 2
1.207868 1.073404 2.514029 2
1.179008 1.043870 2.471937 2
1.216396 0.993199 2.530411 2
1.210850 0.956400 2.523553 2
1.229157 0.913106 2.552802 2
1.197556 0.883211 2.506229 2
1.191609 0.846302 2.498499 2
1.199190 0.806368 2.511183 2
1.201029 0.767961 2.515064 2
1.224342 0.725811 2.551377 2
1.207678 0.691154 2.527043 2
1.214449 0.652550 2.538107 2
1.188467 0.618510 2.499502 2
1.194052 0.580084 2.508589 2
1.198754 0.541993 2.516247 2
1.192846 0.504940 2.507761 2
1.199966 0.466935 2.518892 2
1.191478 0.429881 2.506324 2
1.208165 0.391904 2.531744 2
1.222571 0.354536 2.553621 2
1.198917 0.317342 2.517846 2
1.243598 0.281097 2.585332 3
1.231595 0.243934 2.567002 3
1.244391 0.207834 2.586090 3
1.262559 0.172565 2.613222 3
1.252233 0.135176 2.597161 3
1.057333 0.076621 2.301699 6
1.223816 0.058162 2.553004 6
1.361516 0.041189 2.760749 6
0.989153 -0.055063 2.196138 3
1.246245 -0.049739 2.584553 6
1.425371 -0.051077 2.854975 6
1.420562 -0.086187 2.846706 6
1.445501 -0.114580 2.883449 6
1.431284 -0.152092 2.860747 8
1.420741 -0.189234 2.843516 8
1.399446 -0.229976 2.809864 8
1.403967 -0.263716 2.815302 8
1.442249 -0.286504 2.871963 8
1.478280 -0.308838 2.925173 8
1.516551 -0.329222 2.981764 8
1.502854 -0.368043 2.959231 8
1.522156 -0.394451 2.986848 8
1.498454 -0.438184 2.948868 8
1.498175 -0.472832 2.946474 8
1.467249 -0.521553 2.897210 8
1.442901 -0.568552 2.857830 8
1.418682 -0.616635 2.818493 8
1.421273 -0.652242 2.820013 8
1.408092 -0.696333 2.797289 8
1.409786 -0.733062 2.797222 7
1.416446 -0.767195 2.804673 7
1.433810 -0.795089 2.828474 7
1.429622 -0.835660 2.819093 7
1.427430 -0.875466 2.812659 7
1.427355 -0.914322 2.809367 7
0.975395 2.144640 2.182456 2
1.070107 2.025191 2.329694 2
1.146355 1.923355 2.448628 2
0.790132 2.125834 1.915843 2
0.735277 2.110853 1.837484 2
1.215354 1.743674 2.563101 2
1.200718 1.710326 2.544374 2
1.193881 1.671966 2.537277 2
1.178629 1.638710 2.517478 2
1.183447 1.593629 2.527659 2
1.184054 1.551412 2.531420 2
1.214188 1.493634 2.579204 2
1.184491 1.468387 2.537461 2
1.197604 1.420871 2.559568 2
1.164498 1.396405 2.512628 2
1.183552 1.346797 2.543377 2
1.176533 1.309753 2.535168 2
1.175985 1.269933 2.536505 2
1.179960 1.228477 2.544472 2
1.158624 1.197271 2.514722 2
1.159528 1.157220 2.517949 2
1.164426 1.115988 2.527009 2
1.191077 1.067793 2.568247 2
1.147446 1.043148 2.505125 2
1.160355 1.000088 2.525788 2
1.146122 0.965345 2.506126 2
1.151799 0.924952 2.515882 2
1.157491 0.884895 2.525567 2
1.143113 0.849810 2.505455 2
1.165114 0.806562 2.539092 2
1.138448 0.773761 2.500646 2
1.144391 0.734289 2.510352 2
1.140047 0.696785 2.504760 2
1.147688 0.657478 2.516802 2
1.156000 0.618423 2.529745 2
1.153451 0.580921 2.526556 2
1.156133 0.542900 2.531010 2
1.160866 0.504861 2.538412 2
1.130719 0.469101 2.494218 2
1.157561 0.429919 2.534104 2
1.152148 0.392498 2.526276 2
1.146097 0.354910 2.517423 2
1.159855 0.317289 2.537737 2
1.198731 0.280774 2.595059 3
1.204637 0.244166 2.603619 3
1.211717 0.207807 2.613835 3
1.209070 0.170915 2.609606 3
1.195989 0.132917 2.589882 3
0.959287 0.069650 2.239711 3
1.145689 0.052341 2.514510 6
1.277875 0.033487 2.709204 6
1.412786 0.019541 2.907932 6
1.249684 -0.043314 2.666038 6
1.413534 -0.047571 2.907502 6
1.403703 -0.083423 2.892077 6
1.395822 -0.119263 2.879454 6
1.388970 -0.155230 2.868268 8
1.376538 -0.193038 2.848733 8
1.406706 -0.219319 2.892224 8
1.386302 -0.259914 2.860710 8
1.429348 -0.281129 2.923186 8
1.469448 -0.301960 2.981273 8
1.489639 -0.328579 3.009788 8
1.504493 -0.356627 3.030329 8
1.495207 -0.393738 3.014939 8
1.452593 -0.444984 2.949894 8
1.476095 -0.469748 2.983068 8
1.439246 -0.520720 2.926343 8
1.414136 -0.567818 2.886951 8
1.404267 -0.608724 2.870144 8
1.399363 -0.647749 2.860634 8
1.366905 -0.701526 2.809873 8
1.348512 -0.749218 2.779962 7
1.375721 -0.772463 2.818124 7
1.376707 -0.810080 2.816998 7
1.369638 -0.852761 2.803707 7
1.385114 -0.882151 2.824112 7
0.971134 2.118573 2.268598 2
1.031886 2.025702 2.361743 2
1.110773 1.922989 2.481231 2
0.752347 2.123146 1.958399 2
1.163080 1.798400 2.564498 2
1.155977 1.759700 2.557134 2
1.167577 1.709403 2.577064 2
1.147613 1.679044 2.550698 2
1.128397 1.647826 2.525376 2
1.160001 1.587358 2.574205 2
1.146302 1.553275 2.556769 2
1.150036 1.509745 2.564683 2
1.143513 1.471897 2.557553 2
1.120749 1.442100 2.526703 2
1.142765 1.390482 2.560950 2
1.142803 1.349963 2.563114 2
1.112556 1.322972 2.521188 2
1.111154 1.283004 2.521112 2
1.138475 1.231655 2.562633 2
1.106887 1.204158 2.518584 2
1.123122 1.158201 2.543825 2
1.111098 1.122885 2.528012 2
1.097965 1.087701 2.510529 2
1.122427 1.040421 2.547403 2
1.127990 0.999771 2.556817 2
1.124026 0.962133 2.552367 2
1.096989 0.930557 2.514480 2
1.081164 0.895439 2.492747 2
1.092457 0.853728 2.510133 2
1.104770 0.812309 2.528904 2
1.112831 0.772244 2.541448 2
1.112665 0.734008 2.542031 2
1.102199 0.697505 2.527671 2
1.110399 0.658063 2.540178 2
1.096987 0.621695 2.521423 2
1.104218 0.582687 2.532378 2
1.114551 0.543692 2.547729 2
1.092979 0.507502 2.516988 2
1.099543 0.468974 2.526752 2
1.083526 0.431643 2.503879 2
1.066424 0.393823 2.479370 2
1.083069 0.355161 2.503445 2
1.120659 0.317236 2.557645 2
1.173890 0.280961 2.634325 3
1.174508 0.244254 2.635073 3
1.187887 0.208295 2.654151 3
1.172320 0.170571 2.631413 3
0.319484 0.054990 1.400947 3
0.325933 0.004442 1.409649 3
1.030092 0.041957 2.424906 6
1.196645 0.026344 2.664636 6
1.356375 0.015201 2.894539 6
0.897276 -0.100003 2.231075 6
1.369428 -0.050438 2.911988 6
1.367180 -0.084904 2.907945 6
1.361118 -0.120413 2.898320 6
1.340790 -0.159733 2.868000 8
1.342590 -0.194062 2.869585 8
1.356884 -0.224960 2.889173 8
1.374905 -0.254390 2.914097 8
1.406440 -0.279086 2.958535 8
1.435763 -0.303561 2.999738 8
1.450006 -0.332428 3.019060 8
1.452892 -0.365120 3.021868 8
1.444800 -0.402101 3.008688 8
1.447042 -0.435387 3.010419 8
1.435814 -0.474444 2.992521 8
1.405569 -0.522437 2.946900 8
1.405547 -0.557936 2.945087 8
1.364865 -0.612959 2.884047 8
1.358229 -0.652917 2.872409 8
1.334373 -0.702176 2.835590 8
1.320404 -0.747338 2.813050 7
1.366984 -0.760058 2.878732 7
1.331030 -0.818167 2.823925 7
1.333493 -0.855391 2.825084 7
1.343602 -0.888195 2.837342 7
0.847594 2.130433 2.184179 2
1.055393 1.936424 2.485218 2
0.711924 2.122391 1.996639 2
1.110266 1.810145 2.569567 2
1.106611 1.768930 2.567075 2
1.089227 1.736397 2.544901 2
1.105798 1.683300 2.571109 2
1.117552 1.633956 2.590325 2
1.117527 1.591967 2.592654 2
1.109804 1.554452 2.583940 2
1.100379 1.517843 2.572736 2
1.102545 1.475340 2.577943 2
1.095506 1.437666 2.569987 2
1.088059 1.400196 2.561383 2
1.083998 1.361193 2.557516 2
1.079612 1.322432 2.553116 2
1.093773 1.276071 2.574929 2
1.077110 1.242656 2.552981 2
1.078537 1.202013 2.556594 2
1.073347 1.164017 2.550766 2
1.066692 1.126538 2.542797 2
1.072157 1.085052 2.551898 2
1.065808 1.047586 2.544222 2
1.080231 1.003991 2.565828 2
1.058995 0.970865 2.536986 2
1.071982 0.928317 2.556411 2
1.074960 0.888763 2.561625 2
1.058350 0.853834 2.539131 2
1.057527 0.815183 2.538847 2
1.066756 0.774694 2.552672 2
1.076100 0.734593 2.566582 2
1.071463 0.697097 2.560712 2
1.050235 0.661864 2.531395 2
1.057714 0.622432 2.542470 2
1.048495 0.585108 2.529950 2
1.074153 0.544362 2.566496 2
1.066404 0.506999 2.555912 2
1.074188 0.468518 2.567141 2
1.099583 0.429597 2.603105 2
1.078362 0.392692 2.573350 2
1.056097 0.355107 2.542061 2
1.098955 0.317329 2.602417 2
1.080630 0.279446 2.576545 2
1.163081 0.245109 2.692534 3
1.134469 0.207052 2.652044 3
1.142283 0.170730 2.662794 3
0.861306 0.108355 2.266653 3
0.866617 0.067408 2.273702 3
0.861932 0.025337 2.266594 3
1.116216 0.019510 2.624383 6
1.275956 0.007193 2.848964 6
0.860395 -0.100090 2.262463 3
1.306697 -0.056792 2.891037 6
1.324975 -0.087538 2.916099 6
1.337691 -0.119014 2.933264 6
1.286935 -0.165492 2.860796 8
1.308396 -0.195139 2.890178 8
1.313228 -0.228759 2.896031 8
1.331051 -0.258545 2.920178 8
1.365364 -0.282751 2.967586 8
1.387269 -0.309979 2.997425 8
1.399144 -0.340052 3.013039 8
1.420302 -0.366516 3.041741 8
1.404332 -0.406477 3.017842 8
1.392238 -0.445635 2.999348 8
1.383530 -0.484001 2.985568 8
1.378505 -0.521280 2.976930 8
1.360839 -0.564627 2.950283 8
1.336837 -0.611785 2.914543 8
1.339751 -0.646965 2.916924 8
1.263118 -0.722357 2.806172 8
1.154185 -0.817668 2.649264 7
1.312953 -0.772558 2.873075 7
1.304098 -0.815572 2.858383 7
1.334722 -0.836392 2.899865 7
1.320864 -0.882899 2.877884 7
0.885055 2.076291 2.326957 2
0.707692 2.149031 2.082104 2
1.061701 1.862925 2.579145 2
1.066253 1.815913 2.587995 2
1.067641 1.771430 2.592342 2
1.052857 1.737167 2.574087 2
1.048086 1.696817 2.569713 2
1.080158 1.635660 2.616501 2
1.065253 1.601878 2.597873 2
1.063332 1.560947 2.597228 2
1.038216 1.532173 2.564319 2
1.058447 1.480274 2.594276 2
1.024453 1.455320 2.548958 2
1.043619 1.404930 2.577274 2
1.057667 1.357741 2.598405 2
1.037332 1.325915 2.571855 2
1.035600 1.286019 2.571001 2
1.019948 1.251722 2.550832 2
1.030851 1.207180 2.567318 2
1.019446 1.171161 2.552904 2
1.011354 1.133819 2.543011 2
1.031893 1.087161 2.572590 2
1.032737 1.047382 2.574901 2
1.061429 0.999765 2.615568 2
1.025940 0.970686 2.567628 2
0.993764 0.939715 2.524225 2
1.020047 0.893890 2.561362 2
1.029624 0.852763 2.575396 2
1.028386 0.814285 2.574463 2
1.036447 0.774121 2.586277 2
1.017253 0.739001 2.560494 2
1.018692 0.700134 2.563068 2
1.033446 0.659546 2.583913 2
1.043333 0.620109 2.597990 2
1.024669 0.584087 2.572714 2
1.025807 0.545732 2.574632 2
1.007132 0.508914 2.549229 2
1.007468 0.470439 2.549928 2
1.004504 0.432140 2.546028 2
1.047142 0.392650 2.604805 2
1.042877 0.354944 2.598996 2
1.017539 0.316932 2.564137 2
1.001758 0.278323 2.542368 2
0.995451 0.239574 2.533572 2
0.983676 0.200286 2.517193 3
1.094286 0.169561 2.669152 3
0.759609 0.102475 2.208313 3
0.781381 0.062196 2.237884 3
0.774500 0.019063 2.227959 3
0.810830 -0.018368 2.277449 6
1.169109 -0.004699 2.770174 6
1.325693 -0.013953 2.985254 6
1.280581 -0.056086 2.922548 6
1.295523 -0.087499 2.942499 6
1.285125 -0.124121 2.927486 6
1.268352 -0.162708 2.903624 8
1.281203 -0.194421 2.920539 8
1.287745 -0.227534 2.928708 8
1.299117 -0.259163 2.943489 8
1.305395 -0.292098 2.951194 8
1.332198 -0.318351 2.987186 8
1.380781 -0.336456 3.053229 8
1.401598 -0.362948 3.080905 8
1.367679 -0.409326 3.032892 8
1.350664 -0.450440 3.008155 8
1.348964 -0.486076 3.004529 8
1.337251 -0.526224 2.986981 8
1.319495 -0.569661 2.960990 8
1.317018 -0.606897 2.956080 8
1.318424 -0.642587 2.956489 8
1.105351 -0.784912 2.659337 7
1.063343 -0.847168 2.599192 7
1.268093 -0.779839 2.881587 7
1.284702 -0.808945 2.902823 7
1.269479 -0.855837 2.879759 7
0.907427 1.987244 2.446056 2
1.022682 1.865330 2.605298 2
1.021776 1.821849 2.606241 2
1.021924 1.778055 2.608547 2
1.017157 1.737558 2.604104 2
1.019941 1.692857 2.609853 2
0.981637 1.671624 2.559779 2
1.028344 1.603199 2.624976 2
0.159765 2.016929 1.449549 2
0.996997 1.493585 2.587619 2
0.986692 1.456796 2.575263 2
0.980979 1.417821 2.569069 2
0.992848 1.371223 2.586589 2
0.977911 1.336514 2.567809 2
0.973938 1.297111 2.563797 2
0.975659 1.255599 2.567417 2
0.980756 1.213111 2.575534 2
0.982026 1.172339 2.578423 2
0.964927 1.137937 2.556477 2
0.964087 1.097978 2.556412 2
0.983226 1.052150 2.583220 2
0.999061 1.008059 2.605505 2
0.980003 0.973979 2.580718 2
0.977580 0.935232 2.578293 2
0.974161 0.896771 2.574473 2
0.942635 0.864454 2.532767 2
0.989945 0.815303 2.597125 2
0.980282 0.778376 2.584743 2
0.981355 0.739411 2.586756 2
0.973717 0.701903 2.576998 2
0.978956 0.662463 2.584510 2
0.981217 0.623623 2.587962 2
0.971547 0.586165 2.575320 2
0.963776 0.548281 2.565181 2
0.972051 0.509031 2.576565 2
0.952073 0.471674 2.549914 2
0.982501 0.431679 2.590973 2
0.965646 0.393822 2.568419 2
0.982182 0.355167 2.590697 2
0.966276 0.316787 2.569316 2
0.979298 0.278589 2.586769 2
0.958945 0.239457 2.559308 2
1.038828 0.205287 2.666538 3
0.957344 0.161987 2.556793 3
0.704096 0.100838 2.216045 3
0.701011 0.057632 2.211553 3
0.727266 0.017808 2.246457 6
0.809809 -0.013532 2.357017 6
1.088897 -0.012190 2.731931 6
1.228387 -0.025505 2.919100 6
1.230916 -0.059781 2.921993 6
1.261341 -0.088429 2.962385 6
1.253609 -0.124503 2.951379 6
1.233261 -0.163891 2.923336 8
1.235508 -0.198384 2.925662 8
1.251721 -0.229182 2.946755 8
1.270613 -0.258807 2.971420 8
1.287239 -0.288618 2.992997 8
1.318595 -0.313337 3.034400 8
1.323252 -0.346076 3.039771 8
1.332772 -0.377103 3.051659 8
1.322785 -0.415149 3.037177 8
1.301990 -0.457864 3.008042 8
1.310309 -0.489761 3.018161 8
1.268617 -0.542532 2.960656 8
1.244226 -0.589388 2.926438 8
1.246268 -0.625302 2.927888 8
1.259103 -0.656280 2.943891 8
1.096953 -0.772618 2.722948 7
1.030499 -0.846445 2.631348 7
1.216831 -0.790299 2.882191 7
1.234156 -0.819450 2.904068 7
1.251080 -0.848478 2.925368 7
0.690745 2.106077 2.240447 2
0.771016 2.004546 2.349192 2
0.520472 2.113171 2.018732 2
0.945521 1.803140 2.584621 2
0.971228 1.743995 2.620464 2
0.947399 1.714375 2.590582 2
0.941004 1.674593 2.583759 2
0.962516 1.619978 2.613822 2
0.954948 1.581461 2.605331 2
0.936394 1.548454 2.582268 2
0.953332 1.497970 2.606081 2
0.934984 1.464740 2.583202 2
0.921393 1.429005 2.566572 2
0.919365 1.388076 2.565166 2
0.952684 1.332704 2.610353 2
0.927690 1.301803 2.578535 2
0.951671 1.251684 2.611270 2
0.943445 1.214260 2.601478 2
0.924848 1.180345 2.577975 2
0.936318 1.136088 2.594049 2
0.951518 1.091218 2.614978 2
0.928817 1.058256 2.585945 2
0.936860 1.016091 2.597347 2
0.923149 0.980076 2.580070 2
0.941331 0.935857 2.604715 2
0.930554 0.899058 2.591209 2
0.928316 0.860193 2.588893 2
0.940252 0.818546 2.605169 2
0.925656 0.782242 2.586512 2
0.937935 0.741076 2.603144 2
0.931009 0.703290 2.594484 2
0.911758 0.667023 2.569584 2
0.891380 0.630346 2.543164 2
0.928294 0.587174 2.591979 2
0.919633 0.549204 2.580866 2
0.918937 0.510435 2.580174 2
0.921971 0.471475 2.584337 2
0.927648 0.432534 2.591927 2
0.912838 0.394281 2.572562 2
0.930387 0.355314 2.595657 2
0.912552 0.316627 2.572231 2
0.917933 0.277922 2.579255 2
0.924295 0.239415 2.587523 2
1.009439 0.205458 2.699236 3
0.980834 0.166062 2.661488 3
1.021768 0.131786 2.715050 3
0.651369 0.056354 2.228129 6
0.722551 0.021640 2.321318 6
0.796162 -0.010544 2.417672 6
0.893843 -0.036818 2.545636 6
1.194273 -0.026195 2.940104 6
1.195189 -0.060834 2.940872 6
1.207845 -0.093189 2.957037 6
1.227084 -0.123812 2.981825 6
1.210257 -0.162258 2.959140 8
1.204392 -0.198640 2.950826 8
1.206396 -0.233252 2.952824 8
1.211481 -0.267059 2.958837 8
1.237742 -0.294548 2.992693 8
1.248512 -0.326162 3.006122 8
1.293427 -0.346312 3.064500 8
1.278768 -0.385746 3.044366 8
1.288561 -0.416955 3.056408 8
1.308790 -0.444042 3.082178 8
1.239200 -0.506229 2.989445 8
1.188597 -0.563106 2.921655 8
1.198572 -0.595830 2.933738 8
1.183460 -0.639651 2.912654 8
1.002593 -0.761240 2.672522 7
1.091437 -0.759318 2.788614 7
1.040041 -0.824604 2.719318 7
1.163613 -0.801497 2.881372 7
1.209243 -0.815976 2.940371 7
1.212189 -0.852688 2.942857 7
0.644651 2.060273 2.269275 2
0.473904 2.115966 2.049923 2
0.892940 1.813288 2.594056 2
0.905632 1.761684 2.611957 2
0.889278 1.727196 2.592235 2
0.878167 1.689598 2.579258 2
0.881430 1.644347 2.584816 2
0.872629 1.605658 2.574741 2
0.901625 1.548342 2.613423 2
0.869353 1.521415 2.572966 2
0.877394 1.475181 2.584497 2
0.886833 1.428858 2.597778 2
0.872892 1.393018 2.580866 2
0.873339 1.351079 2.582464 2
0.892593 1.302026 2.608249 2
0.863944 1.271756 2.572277 2
0.881477 1.224217 2.595749 2
0.881367 1.183471 2.596456 2
0.873380 1.145464 2.586983 2
0.890480 1.099626 2.609752 2
0.878178 1.063107 2.594649 2
0.865107 1.026556 2.578525 2
0.888263 0.980303 2.608946 2
0.849825 0.949972 2.560136 2
0.866127 0.906046 2.581661 2
0.864386 0.866591 2.579954 2
0.867569 0.826225 2.584534 2
0.894197 0.781830 2.619197 2
0.869530 0.746820 2.587919 2
0.877600 0.706240 2.598659 2
0.864997 0.668745 2.582809 2
0.860135 0.630012 2.576865 2
0.874178 0.589265 2.595158 2
0.858226 0.551592 2.574900 2
0.873251 0.511283 2.594377 2
0.874867 0.472215 2.596601 2
0.882222 0.433000 2.606154 2
0.876277 0.394348 2.598597 2
0.880222 0.355445 2.603698 2
0.861970 0.316495 2.580267 2
0.866561 0.277506 2.586123 2
0.873596 0.238745 2.595081 2
0.971432 0.205151 2.720575 3
0.941863 0.165627 2.682469 3
0.590653 0.097472 2.231345 3
0.663888 0.061428 2.325134 6
0.712569 0.024743 2.387365 6
0.783712 -0.007485 2.478416 6
0.845494 -0.038939 2.557422 6
1.172560 -0.024832 2.977182 6
1.220180 -0.050905 3.037999 6
1.123565 -0.103874 2.913469 6
1.158450 -0.132089 2.957859 8
1.174563 -0.163576 2.978103 8
1.171174 -0.199415 2.973247 8
1.155768 -0.238603 2.952903 8
1.188420 -0.265128 2.994323 8
1.178623 -0.303143 2.981121 8
1.238727 -0.320031 3.057815 8
1.233345 -0.356390 3.050233 8
1.247754 -0.386317 3.068089 8
1.255438 -0.418333 3.077261 8
1.241941 -0.458189 3.059121 8
1.219956 -0.501981 3.030000 8
1.124461 -0.576648 2.906091 8
1.118092 -0.616890 2.896962 8
1.140625 -0.644806 2.925059 8
0.960876 -0.764852 2.692189 7
1.060455 -0.758522 2.819577 7
0.990275 -0.832612 2.727867 7
1.133111 -0.800823 2.911143 7
1.146206 -0.832719 2.926901 7
1.165174 -0.861228 2.950219 7
0.603752 2.011618 2.304206 2
0.368684 2.101141 2.008636 2
0.817165 1.791972 2.576358 2
0.837683 1.736064 2.603430 2
0.829075 1.696826 2.593691 2
0.852190 1.641115 2.623935 2
0.825436 1.611548 2.591240 2
0.824029 1.569048 2.590479 2
0.821145 1.527466 2.587819 2
0.823538 1.483665 2.591773 2
0.845709 1.431590 2.620597 2
0.824600 1.398604 2.594876 2
0.821485 1.357916 2.591783 2
0.821939 1.315969 2.593149 2
0.816392 1.276463 2.586929 2
0.823684 1.232445 2.596827 2
0.813946 1.194588 2.585272 2
0.845543 1.143348 2.625659 2
0.807574 1.114478 2.578546 2
0.810932 1.072630 2.583360 2
0.819923 1.029508 2.595218 2
0.847106 0.982145 2.629897 2
0.821192 0.948570 2.597832 2
0.806804 0.911707 2.580220 2
0.824392 0.867814 2.602740 2
0.816703 0.829479 2.593482 2
0.813682 0.790174 2.590055 2
0.827401 0.748147 2.607616 2
0.799605 0.712730 2.573025 2
0.832578 0.668543 2.614689 2
0.830156 0.629547 2.611891 2
0.821155 0.591196 2.600806 2
0.813712 0.552486 2.591647 2
0.814004 0.513052 2.592164 2
0.798090 0.474539 2.572316 2
0.817442 0.434202 2.596690 2
0.823256 0.394795 2.604046 2
0.825624 0.355606 2.607048 2
0.829019 0.316502 2.611308 2
0.794817 0.276629 2.568361 2
0.819921 0.237976 2.599802 2
0.891924 0.202609 2.690065 3
0.816055 0.159172 2.594738 2
0.510466 0.093858 2.211076 3
0.671564 0.065875 2.413060 6
0.712063 0.028855 2.463667 6
0.744971 -0.007968 2.504722 6
0.837145 -0.035133 2.620151 6
1.149152 -0.023788 3.011564 6
1.132321 -0.061348 2.990138 6
1.138367 -0.095084 2.997409 6
1.098149 -0.138406 2.946552 8
1.138763 -0.164891 2.997184 8
1.138613 -0.200020 2.996591 8
1.115376 -0.241192 2.966964 8
1.132028 -0.272346 2.987426 8
1.154956 -0.301287 3.015753 8
1.161864 -0.334507 3.023924 8
1.229116 -0.348301 3.107943 8
1.230346 -0.382305 3.108939 8
1.204863 -0.425847 3.076305 8
1.165990 -0.475322 3.026780 8
1.166696 -0.510979 3.027013 8
1.113877 -0.568309 2.959838 8
1.065638 -0.625658 2.898366 8
1.118234 -0.640942 2.963825 8
0.927829 -0.764467 2.723158 7
1.044943 -0.750519 2.869842 7
0.984966 -0.818836 2.793347 7
1.057735 -0.822739 2.884157 7
1.119975 -0.829889 2.961709 7
0.563999 2.011751 2.338795 2
0.324044 2.102248 2.043976 2
0.790615 1.786532 2.620182 2
0.761207 1.758302 2.584840 2
0.773281 1.707422 2.600589 2
0.778223 1.660910 2.607516 2
0.779061 1.616891 2.609357 2
0.776619 1.574750 2.607130 2
0.766842 1.536185 2.595849 2
0.782791 1.486093 2.616198 2
0.791969 1.439679 2.628181 2
0.775798 1.404264 2.608954 2
0.767818 1.365301 2.599781 2
0.774483 1.320726 2.608588 2
0.774089 1.279145 2.608689 2
0.766967 1.240090 2.600495 2
0.764446 1.199466 2.597932 2
0.773270 1.155354 2.609281 2
0.751609 1.120848 2.583153 2
0.738472 1.083394 2.567477 2
0.767935 1.034221 2.604095 2
0.770779 0.992857 2.607993 2
0.771170 0.952298 2.608854 2
0.785191 0.908849 2.626422 2
0.778957 0.870137 2.619100 2
0.766522 0.832524 2.604143 2
0.745497 0.796136 2.578623 2
0.762459 0.753102 2.599699 2
0.763242 0.713019 2.600896 2
0.760393 0.673505 2.597611 2
0.753383 0.634447 2.589200 2
0.765469 0.593343 2.604192 2
0.771254 0.553187 2.611429 2
0.762322 0.514260 2.600588 2
0.766604 0.474391 2.605935 2
0.769894 0.434718 2.610041 2
0.745936 0.395786 2.580698 2
0.767444 0.355791 2.607105 2
0.757234 0.316213 2.594581 2
0.717798 0.275654 2.546182 2
0.753094 0.236725 2.589432 2
0.845881 0.201914 2.703186 3
0.748840 0.156899 2.584049 2
0.446734 0.091714 2.213305 3
0.621169 0.064449 2.427155 6
0.688119 0.030174 2.509125 6
0.759193 -0.001579 2.596139 6
0.803580 -0.035089 2.650394 6
0.961103 -0.049173 2.843470 6
1.048755 -0.070765 2.950802 6
1.086041 -0.099365 2.996314 6
1.092141 -0.133343 3.003532 8
1.118972 -0.162622 3.036180 8
1.080058 -0.206796 2.988095 8
1.103206 -0.236571 3.016184 8
1.077530 -0.278871 2.984298 8
1.132371 -0.299182 3.051275 8
1.118026 -0.338681 3.033263 8
1.137372 -0.368117 3.056614 8
1.175707 -0.390778 3.103284 8
1.163513 -0.429958 3.087847 8
1.169065 -0.463225 3.094197 8
1.134291 -0.511815 3.050949 8
1.113109 -0.556319 3.024375 8
1.010967 -0.635115 2.898193 8
1.065381 -0.650270 2.964525 8
0.918568 -0.753512 2.783264 7
1.015515 -0.749184 2.901896 7
0.921865 -0.833126 2.785930 7
1.037988 -0.816500 2.928178 7
0.496648 2.028187 2.340101 2
0.261043 2.113866 2.057249 2
0.197968 2.095953 1.982119 2
0.706688 1.768111 2.594972 2
0.728507 1.711988 2.621840 2
0.726394 1.668991 2.619892 2
0.711737 1.632341 2.602841 2
0.723365 1.583070 2.617376 2
0.702607 1.549210 2.592955 2
0.709097 1.502950 2.601272 2
0.716304 1.456843 2.610428 2
0.718270 1.413338 2.613264 2
0.727361 1.367332 2.624640 2
0.716687 1.329247 2.612251 2
0.691200 1.296349 2.582057 2
0.711274 1.247189 2.606564 2
0.706613 1.206955 2.601346 2
0.703408 1.166298 2.597860 2
0.729878 1.116910 2.629980 2
0.707605 1.082197 2.603566 2
0.718158 1.038230 2.616539 2
0.729354 0.994569 2.630264 2
0.723700 0.955337 2.623747 2
0.713853 0.916974 2.612183 2
0.721634 0.874829 2.621755 2
0.705893 0.837465 2.603087 2
0.712784 0.795796 2.611556 2
0.731810 0.752506 2.634564 2
0.710153 0.715697 2.608751 2
0.711899 0.675311 2.610995 2
0.732363 0.632933 2.635674 2
0.700388 0.596356 2.597439 2
0.712364 0.555232 2.611902 2
0.704135 0.515877 2.602116 2
0.712978 0.475412 2.612788 2
0.705827 0.435841 2.604262 2
0.716465 0.395674 2.617053 2
0.705476 0.356000 2.603890 2
0.693888 0.315995 2.589993 2
0.715035 0.276376 2.615338 2
0.772264 0.238735 2.683939 3
0.720658 0.197073 2.621998 2
0.726857 0.157741 2.629367 2
0.719067 0.117405 2.619942 2
0.556202 0.061634 2.424499 6
0.718152 0.037546 2.618628 6
0.771588 0.004407 2.682593 6
0.824946 -0.027192 2.746452 6
0.931185 -0.048877 2.873740 6
1.033992 -0.068009 2.996909 6
1.034783 -0.103338 2.997682 6
1.048901 -0.136011 3.014430 8
1.097377 -0.160815 3.072393 8
1.080870 -0.199474 3.052367 8
1.063244 -0.239026 3.030980 8
1.078886 -0.270407 3.049505 8
1.090055 -0.302682 3.062648 8
1.120592 -0.328996 3.099029 8
1.136532 -0.359048 3.117878 8
1.156319 -0.387480 3.141335 8
1.128925 -0.431645 3.108122 8
1.142357 -0.462161 3.123919 8
1.104848 -0.511528 3.078513 8
1.074870 -0.559317 3.042128 8
1.047762 -0.607084 3.009163 8
0.995909 -0.666394 2.946435 8
0.876984 -0.757072 2.803057 7
0.823711 -0.821921 2.738535 7
0.964300 -0.797200 2.907054 7
0.981565 -0.828372 2.927312 7
0.446000 2.034465 2.362581 2
0.175829 2.084133 2.045985 2
0.155782 2.041565 2.022882 2
0.618978 1.749796 2.567466 2
0.587693 1.720179 2.531078 2
0.576833 1.679976 2.518676 2
0.613840 1.617397 2.562478 2
0.601385 1.578533 2.548176 2
0.603316 1.533285 2.550756 2
0.620071 1.482153 2.570728 2
0.594775 1.448686 2.541318 2
0.578174 1.411288 2.522109 2
0.595361 1.361074 2.542549 2
0.606250 1.313839 2.555584 2
0.612473 1.268723 2.563128 2
0.618126 1.224171 2.569992 2
0.578853 1.193808 2.524127 2
0.611496 1.141361 2.562638 2
0.613160 1.098665 2.564787 2
0.639809 1.049626 2.596236 2
0.629747 1.010597 2.584606 2
0.657935 0.962538 2.617835 2
0.648283 0.923644 2.606664 2
0.659297 0.880412 2.619724 2
0.671426 0.837411 2.634080 2
0.661828 0.798591 2.622943 2
0.657129 0.758807 2.617542 2
0.648511 0.719517 2.607534 2
0.652319 0.678473 2.612090 2
0.670333 0.636027 2.633295 2
0.657802 0.597122 2.618669 2
0.653735 0.557204 2.613959 2
0.672511 0.515681 2.636026 2
0.662683 0.476236 2.624541 2
0.649650 0.436644 2.609288 2
0.672687 0.395883 2.636322 2
0.646475 0.356181 2.605594 2
0.657185 0.315980 2.618153 2
0.666393 0.276059 2.628941 2
0.635273 0.234905 2.592428 2
0.660181 0.195716 2.621607 2
0.653038 0.155101 2.613191 2
0.627475 0.112735 2.583164 2
0.077225 0.018945 1.937828 6
0.658025 0.034684 2.618861 6
0.753440 0.006379 2.730679 6
0.797653 -0.026372 2.782445 6
0.897703 -0.049149 2.899692 6
1.027463 -0.063917 3.051782 6
0.983461 -0.107223 3.000069 6
1.001237 -0.139504 3.020805 8
1.018823 -0.171383 3.041311 8
0.972717 -0.217574 2.987095 8
1.023495 -0.241369 3.046521 8
1.055775 -0.268577 3.084242 8
1.063855 -0.301628 3.093566 8
1.068833 -0.335464 3.099243 8
1.085393 -0.365713 3.118501 8
1.076555 -0.403805 3.107949 8
1.102841 -0.430411 3.138606 8
1.089003 -0.470580 3.122168 8
1.085236 -0.507614 3.117538 8
1.064220 -0.551595 3.092649 8
1.065610 -0.587416 3.094050 8
0.952153 -0.671355 2.960606 8
0.882020 -0.740328 2.877996 7
0.815360 -0.810209 2.799439 7
0.907719 -0.808382 2.907604 7
0.956594 -0.824767 2.964708 7
0.168050 2.064870 2.125105 2
0.113334 2.041007 2.062472 2
0.520155 1.781161 2.529376 2
0.536357 1.727031 2.548086 2
0.521893 1.688305 2.531608 2
0.528516 1.639696 2.539318 2
0.534384 1.591899 2.546159 2
0.543681 1.543077 2.556927 2
0.532540 1.503216 2.544248 2
0.529392 1.460071 2.540732 2
0.519050 1.419792 2.528962 2
0.540636 1.367738 2.553810 2
0.526385 1.329100 2.537549 2
0.550135 1.277502 2.564869 2
0.533660 1.239661 2.546050 2
0.540770 1.194323 2.554278 2
0.514759 1.158934 2.524516 2
0.521554 1.113937 2.532375 2
0.536058 1.067301 2.549070 2
0.545476 1.022482 2.559929 2
0.544845 0.980374 2.559260 2
0.563883 0.934169 2.581144 2
0.555886 0.894019 2.572020 2
0.574824 0.848784 2.593781 2
0.562246 0.809536 2.579397 2
0.570358 0.766814 2.588737 2
0.557450 0.727344 2.573969 2
0.590542 0.681831 2.611944 2
0.569781 0.643280 2.588165 2
0.572448 0.601945 2.591247 2
0.588720 0.559641 2.609925 2
0.605477 0.517825 2.629156 2
0.594318 0.477965 2.616373 2
0.588027 0.437627 2.609170 2
0.605958 0.396591 2.629736 2
0.613781 0.356166 2.638710 2
0.599866 0.315814 2.622754 2
0.604932 0.275468 2.628560 2
0.589522 0.234510 2.610885 2
0.423050 0.185340 2.419990 3
0.455587 0.144378 2.457284 2
0.411391 0.098153 2.406589 2
0.012707 0.016817 1.949412 6
0.617114 0.034006 2.642441 6
0.732997 0.008013 2.775295 6
0.777757 -0.024544 2.826593 6
0.885812 -0.046087 2.950469 6
1.001734 -0.063176 3.083366 6
0.954310 -0.106936 3.028950 6
0.972797 -0.139091 3.050111 6
0.978059 -0.173610 3.056106 8
0.962235 -0.212890 3.037916 8
0.986770 -0.242918 3.066006 8
1.003854 -0.274248 3.085549 8
1.042681 -0.299229 3.130026 8
1.045948 -0.333429 3.133719 8
1.034130 -0.372247 3.120108 8
1.066634 -0.397411 3.157327 8
1.049825 -0.438224 3.137986 8
1.042533 -0.476375 3.129557 8
1.044416 -0.511557 3.131647 8
1.033421 -0.551754 3.118963 8
1.011492 -0.596806 3.093734 8
0.961124 -0.654454 3.035877 8
0.871286 -0.730778 2.932735 7
0.867634 -0.771903 2.928454 7
0.879973 -0.806017 2.942514 7
0.915517 -0.828927 2.983193 7
0.308944 2.016603 2.369036 2
0.162538 2.044911 2.204841 2
0.098679 2.026083 2.133138 2
0.066259 1.989772 2.096667 2
0.454021 1.748757 2.531084 2
0.471142 1.694452 2.550155 2
0.437719 1.663898 2.512584 2
0.457761 1.609135 2.534938 2
0.470498 1.558340 2.549109 2
0.490815 1.505099 2.571782 2
0.469038 1.469195 2.547277 2
0.471667 1.423663 2.550133 2
0.448247 1.387820 2.523793 2
0.493211 1.327840 2.574111 2
0.475723 1.290047 2.554427 2
0.458666 1.251773 2.535230 2
0.470651 1.204442 2.548592 2
0.466778 1.162158 2.544182 2
0.459019 1.120966 2.535417 2
0.482005 1.071841 2.561125 2
0.491226 1.026848 2.571405 2
0.470670 0.988979 2.548305 2
0.469235 0.946591 2.546645 2
0.475768 0.902712 2.553922 2
0.493183 0.857156 2.573404 2
0.477175 0.817784 2.555415 2
0.463266 0.777714 2.539782 2
0.488478 0.731934 2.568018 2
0.516088 0.686666 2.598946 2
0.479761 0.649209 2.558186 2
0.507599 0.604718 2.589378 2
0.514883 0.562720 2.597525 2
0.549202 0.519216 2.635990 2
0.525158 0.479692 2.609016 2
0.526681 0.438575 2.610714 2
0.518109 0.397740 2.601096 2
0.507966 0.356679 2.589720 2
0.537944 0.315619 2.623334 2
0.539338 0.274803 2.624901 2
0.542088 0.234064 2.627990 2
0.532850 0.192779 2.617641 2
0.541305 0.152352 2.627135 3
-0.071615 0.012879 1.939914 6
0.583531 0.034141 2.674541 6
0.692033 0.007079 2.796227 6
0.775660 -0.020311 2.890023 6
0.841623 -0.048019 2.964013 6
0.920537 -0.071711 3.052526 6
0.922611 -0.107119 3.054886 6
0.931344 -0.141241 3.064714 6
0.918988 -0.179644 3.050901 8
0.939812 -0.211019 3.074292 8
0.955190 -0.243192 3.091578 8
0.959340 -0.277884 3.096280 8
1.015949 -0.298393 3.159795 8
0.985595 -0.342132 3.125819 8
1.028456 -0.364932 3.173925 8
1.029667 -0.399706 3.175342 8
1.024809 -0.436590 3.169958 8
1.024260 -0.472280 3.169407 8
1.010097 -0.513054 3.153599 8
0.992635 -0.555667 3.134097 8
0.990059 -0.593161 3.131285 8
0.990524 -0.629680 3.131885 8
0.865085 -0.719563 2.991372 7
0.823734 -0.776728 2.945115 7
0.868940 -0.796130 2.995875 7
0.860770 -0.839400 2.986815 7
0.313758 1.942899 2.454150 2
0.136871 1.984547 2.260151 2
0.321290 1.842052 2.461613 2
0.374740 1.768454 2.519757 2
0.348733 1.733653 2.490932 2
0.375836 1.674524 2.520268 2
0.368928 1.631208 2.512378 2
0.397558 1.573109 2.543420 2
0.387650 1.531612 2.532269 2
0.369048 1.493402 2.511605 2
0.395571 1.438094 2.540382 2
0.388042 1.395929 2.531870 2
0.397025 1.348105 2.541459 2
0.405733 1.300832 2.550760 2
0.390422 1.261476 2.533753 2
0.396820 1.215405 2.540546 2
0.405438 1.169062 2.549784 2
0.412478 1.123551 2.557304 2
0.392403 1.085229 2.535116 2
0.397489 1.040482 2.540516 2
0.396700 0.997322 2.539488 2
0.408193 0.951703 2.551933 2
0.380907 0.914046 2.521877 2
0.395063 0.868273 2.537264 2
0.398380 0.824793 2.540779 2
0.411452 0.780031 2.555000 2
0.423412 0.735878 2.568013 2
0.423158 0.693627 2.567643 2
0.422571 0.651469 2.566920 2
0.406915 0.610752 2.549683 2
0.425663 0.566932 2.570180 2
0.423618 0.525026 2.567889 2
0.434771 0.482437 2.580079 2
0.445361 0.440213 2.591661 2
0.439517 0.398662 2.585233 2
0.421730 0.357040 2.565718 2
0.437045 0.315151 2.582513 2
0.441026 0.273453 2.586889 2
0.447282 0.231938 2.593768 2
0.448634 0.190338 2.595280 2
-1.086419 0.049997 0.912035 0
-1.078240 -0.013031 0.921078 0
-0.117044 0.012652 1.975147 6
0.533242 0.032481 2.688272 6
0.637390 0.004505 2.802545 6
0.773048 -0.016253 2.951369 6
0.849043 -0.042143 3.034779 6
0.861907 -0.076315 3.048978 6
0.873616 -0.110397 3.061918 6
0.881774 -0.144910 3.070972 6
0.787975 -0.200513 2.968265 8
0.869492 -0.219870 3.057756 8
0.872145 -0.255679 3.060802 8
0.827330 -0.303489 3.011829 8
0.857799 -0.332644 3.045382 8
0.969219 -0.338231 3.167658 8
0.973246 -0.372481 3.172238 8
0.984186 -0.404593 3.184402 8
0.973564 -0.443550 3.172947 8
0.953292 -0.486264 3.150930 8
0.930924 -0.530488 3.126630 8
0.927402 -0.568555 3.122987 8
0.893974 -0.618458 3.086597 8
0.901876 -0.652959 3.095491 8
0.865684 -0.705798 3.056102 8
0.766731 -0.787093 2.948002 7
0.774351 -0.823926 2.956629 7
0.789291 -0.857356 2.973278 7
0.176559 1.893452 2.384007 2
0.292710 1.788942 2.507595 2
0.310830 1.733177 2.526392 2
0.322100 1.681270 2.537888 2
0.296515 1.645703 2.509974 2
0.298029 1.598448 2.511073 2
0.311743 1.546639 2.525249 2
0.303331 1.503917 2.515765 2
0.317874 1.452746 2.530874 2
0.336510 1.400779 2.550389 2
0.312155 1.364047 2.523889 2
0.328614 1.313639 2.541115 2
0.330630 1.268337 2.542893 2
0.328235 1.224556 2.539964 2
0.325047 1.181089 2.536204 2
0.304391 1.142287 2.513744 2
0.340129 1.088988 2.551731 2
0.325101 1.048768 2.535336 2
0.327882 1.004323 2.538044 2
0.350841 0.955928 2.562397 2
0.346186 0.913588 2.557171 2
0.330759 0.873127 2.540414 2
0.328217 0.830223 2.537486 2
0.319162 0.788302 2.527592 2
0.324830 0.744226 2.533501 2
0.346397 0.698475 2.556474 2
0.347032 0.655617 2.557022 2
0.323173 0.615082 2.531319 2
0.341678 0.570633 2.551064 2
0.354048 0.527138 2.564246 2
0.343188 0.485173 2.552533 2
0.336070 0.442796 2.544850 2
0.323318 0.400356 2.531140 2
0.371494 0.357138 2.582791 2
0.367169 0.314913 2.578152 2
0.334903 0.271971 2.543565 2
0.371841 0.230547 2.583213 2
0.361753 0.187826 2.572443 3
0.389245 0.147179 2.601992 2
-1.010005 -0.003474 1.101518 0
-0.202152 0.008791 1.967978 6
0.507221 0.033434 2.728798 6
0.636009 0.008394 2.867021 6
0.756159 -0.014210 2.995987 6
0.815693 -0.042464 3.059962 6
0.822669 -0.077646 3.067597 6
0.855954 -0.108045 3.103450 6
0.860923 -0.142991 3.108959 6
0.721695 -0.207547 2.959917 8
0.828114 -0.222129 3.074200 8
0.814161 -0.261978 3.059474 8
0.812518 -0.299274 3.057958 8
0.797802 -0.340177 3.042448 8
0.916092 -0.344645 3.169462 8
0.935033 -0.374865 3.190032 8
0.933732 -0.410883 3.188929 8
0.918320 -0.451622 3.172727 8
0.870907 -0.503741 3.122273 8
0.844099 -0.550173 3.093912 8
0.813724 -0.598876 3.061755 8
0.828611 -0.631390 3.078076 8
0.801443 -0.680320 3.049395 8
0.803369 -0.718282 3.051876 8
0.614169 -0.837991 2.849866 7
0.725785 -0.830655 2.969763 7
0.740734 -0.864359 2.986238 7
0.033238 1.841007 2.311359 2
0.061050 1.778370 2.339595 2
0.076259 1.722159 2.354699 2
0.056436 1.680910 2.333204 2
0.056191 1.631650 2.332208 2
0.041409 1.588101 2.316034 2
0.059032 1.532612 2.333791 2
0.049950 1.487139 2.323634 2
0.085343 1.426813 2.360058 2
0.094800 1.375970 2.369370 2
0.063596 1.337936 2.336133 2
0.091115 1.282201 2.364414 2
0.088887 1.235601 2.361573 2
0.045018 1.199938 2.315134 2
0.051500 1.150786 2.321464 2
0.072989 1.098487 2.343550 2
0.063363 1.053702 2.333057 2
0.070039 1.005457 2.339675 2
0.043840 0.963736 2.311860 2
0.065062 0.913088 2.333779 2
0.080165 0.864125 2.349312 2
0.081955 0.817634 2.350914 2
0.062339 0.774118 2.330097 2
0.062488 0.727783 2.330028 2
0.079844 0.679719 2.348029 2
0.067972 0.634851 2.335405 2
0.070933 0.588565 2.338361 2
0.077919 0.542154 2.345564 2
0.062045 0.497088 2.328815 2
0.073771 0.450646 2.341040 2
0.084817 0.404565 2.352577 2
0.081677 0.358903 2.349259 2
0.058115 0.313015 2.324543 2
0.081347 0.267444 2.348936 2
0.295139 0.229147 2.573235 3
-0.985655 0.123892 1.229894 0
-0.981376 0.063483 1.234512 0
-0.959274 0.004513 1.257858 0
-0.231808 0.010053 2.021003 6
0.314684 0.016940 2.594312 6
0.572836 0.004858 2.865211 6
0.831602 0.000038 3.136741 6
0.782665 -0.042728 3.085622 6
0.669039 -0.097340 2.966708 6
0.809043 -0.110863 3.113727 6
0.792387 -0.150130 3.096520 6
0.716947 -0.201900 3.017725 8
0.778257 -0.226172 3.082283 8
0.753270 -0.268792 3.056416 8
0.755226 -0.305606 3.058807 8
0.757859 -0.342302 3.061927 8
0.738335 -0.385129 3.041859 8
0.918255 -0.370988 3.230701 8
0.909612 -0.409018 3.222050 8
0.817954 -0.473842 3.126507 8
0.791702 -0.519721 3.099485 8
0.771640 -0.564373 3.078972 8
0.763351 -0.605517 3.070810 8
0.757434 -0.646184 3.065154 8
0.744422 -0.689987 3.052103 8
0.685635 -0.752981 2.991210 7
0.528755 -0.859294 2.827807 7
-0.907776 1.495147 1.417448 0
-0.907739 1.434494 1.416699 0
-0.883437 1.368138 1.440851 0
-0.909821 1.314251 1.413119 0
-0.907795 1.253688 1.414537 0
-0.915709 1.195337 1.405810 0
-0.935939 1.139214 1.384498 0
-0.897680 1.072555 1.423186 0
-0.917942 1.016389 1.401923 0
-0.917009 0.956704 1.402430 0
-0.937347 0.899940 1.381166 0
-0.909148 0.837017 1.409718 0
-0.921006 0.779104 1.397231 0
-0.906440 0.718571 1.411887 0
-0.884967 0.657983 1.433670 0
-0.921319 0.601626 1.396178 0
-0.920699 0.542531 1.396652 0
-0.914112 0.483282 1.403288 0
-0.951245 0.425142 1.365112 0
-0.914097 0.365484 1.403182 0
-0.907901 0.306641 1.409538 0
-0.891146 0.248181 1.426768 0
-0.939467 0.187928 1.377276 0
-0.932115 0.129001 1.384941 0
-0.937244 0.069469 1.379842 0
-0.915544 0.011782 1.402305 0
-0.294574 0.008322 2.039495 6
0.290210 0.018221 2.639528 6
0.573635 0.008910 2.930438 6
0.746482 -0.007102 3.107931 6
0.784098 -0.037985 3.146752 6
0.746890 -0.079775 3.108874 6
0.762702 -0.113510 3.125384 6
0.786830 -0.145328 3.150441 6
0.674885 -0.203877 3.036052 8
0.742015 -0.227187 3.105233 8
0.723798 -0.268245 3.086971 8
0.701401 -0.310936 3.064460 8
0.706307 -0.347353 3.069948 8
0.684074 -0.391115 3.047670 8
0.737166 -0.414124 3.102553 8
0.813581 -0.428756 3.181318 8
0.750872 -0.485054 3.117686 8
0.700296 -0.539312 3.066524 8
0.698263 -0.578532 3.065074 8
0.742141 -0.601556 3.110612 8
0.723455 -0.646758 3.092182 8
0.639413 -0.717970 3.006981 8
0.567858 -0.786828 2.934618 7
-0.868072 1.470611 1.554781 0
-0.892192 1.417401 1.529694 0
-0.879608 1.354889 1.541414 0
-0.875668 1.294858 1.544530 0
-0.876160 1.236042 1.543256 0
-0.842051 1.170500 1.576713 0
-0.868156 1.117159 1.549870 0
-0.874411 1.059840 1.542971 0
-0.897926 1.005180 1.518812 0
-0.870657 0.942711 1.545624 0
-0.858758 0.883085 1.557076 0
-0.871192 0.826696 1.544173 0
-0.864311 0.768075 1.550691 0
-0.890362 0.712630 1.524222 0
-0.852410 0.651745 1.562008 0
-0.873320 0.595553 1.540791 0
-0.883596 0.538328 1.530289 0
-0.874629 0.480203 1.539142 0
-0.841389 0.421850 1.572400 0
-0.845173 0.364668 1.568555 0
-0.888755 0.307117 1.524824 0
-0.885857 0.249325 1.527780 0
-0.855991 0.192513 1.557844 0
-0.888892 0.133502 1.524975 0
-0.895691 0.075159 1.518345 0
-0.855246 0.020124 1.559163 0
-0.350483 0.007243 2.065828 6
0.303427 0.023327 2.722072 6
0.649238 0.021538 3.069208 6
0.657401 -0.014582 3.077673 6
0.668985 -0.050047 3.089597 6
0.670190 -0.086888 3.091143 6
0.653391 -0.126843 3.074669 6
0.579916 -0.177800 3.001420 8
0.599278 -0.212454 3.021273 8
0.668341 -0.236117 3.090954 8
0.666611 -0.273970 3.089717 8
0.633265 -0.319567 3.056843 8
0.652337 -0.352889 3.076511 8
0.655453 -0.390073 3.080228 8
0.737090 -0.405139 3.162579 8
0.710384 -0.450133 3.136495 8
0.701896 -0.490363 3.128685 8
0.644471 -0.546867 3.071963 8
0.651065 -0.583463 3.079325 8
0.638722 -0.626722 3.067787 8
0.642653 -0.664522 3.072555 8
0.510816 -0.754272 2.941717 7
0.525660 -0.789852 2.957497 7
-0.835381 1.448496 1.681291 0
-0.854662 1.395176 1.661345 0
-0.815391 1.327609 1.698795 0
-0.819033 1.270883 1.694281 0
-0.809847 1.211523 1.702393 0
-0.829800 1.158275 1.682009 0
-0.838980 1.102653 1.672234 0
-0.830478 1.043924 1.679848 0
-0.830657 0.986891 1.679009 0
-0.815682 0.927816 1.693089 0
-0.843203 0.874686 1.665546 0
-0.807962 0.813714 1.699620 0
-0.810410 0.757579 1.696781 0
-0.851690 0.704846 1.655896 0
-0.815965 0.645360 1.690620 0
-0.825791 0.589646 1.680704 0
-0.833118 0.533591 1.673296 0
-0.838694 0.477312 1.667659 0
-0.833730 0.420694 1.672421 0
-0.807591 0.364082 1.698021 0
-0.824649 0.307886 1.681278 0
-0.845128 0.251158 1.661234 0
-0.835821 0.194866 1.670478 0
-0.819434 0.139135 1.686725 0
-0.829879 0.082189 1.676694 0
-0.805385 0.027505 1.701002 0
-0.455348 0.001911 2.044773 6
0.284041 0.025026 2.770519 6
0.558871 0.014871 3.040442 6
0.605415 -0.017131 3.086426 6
0.578584 -0.058321 3.060474 6
0.596437 -0.093370 3.078383 6
0.574710 -0.134685 3.057520 6
0.496486 -0.186976 2.981319 8
0.548821 -0.215890 3.033141 8
0.552803 -0.253608 3.037602 8
0.611137 -0.279168 3.095347 8
0.627241 -0.313246 3.111742 8
0.633033 -0.349579 3.118071 8
0.589780 -0.398860 3.076424 8
0.616159 -0.430052 3.102984 8
0.576869 -0.479864 3.065320 8
0.540491 -0.530020 3.030566 8
0.559903 -0.563447 3.050426 8
0.562439 -0.602135 3.053819 8
0.528099 -0.653784 3.021220 8
0.480957 -0.711229 2.976183 7
0.450668 -0.763838 2.947679 7
0.498046 -0.787069 2.995043 7
-0.888784 1.275367 1.718450 0
-0.908147 1.221686 1.698878 0
-0.887592 1.159892 1.717620 0
-0.891980 1.103285 1.712526 0
-0.901383 1.047521 1.702687 0
-0.901547 0.990204 1.701770 0
-0.933757 0.937473 1.670181 0
-0.888277 0.874145 1.713171 0
-0.919093 0.820757 1.683041 0
-0.913214 0.762961 1.688175 0
-0.883798 0.703355 1.715961 0
-0.882215 0.646629 1.717104 0
-0.888088 0.590441 1.711155 0
-0.906083 0.534703 1.693633 0
-0.911943 0.478114 1.687819 0
-0.907826 0.421194 1.691645 0
-0.909171 0.364433 1.690291 0
-0.911768 0.307632 1.687798 0
-0.900491 0.251035 1.698685 0
-0.917474 0.193784 1.682510 0
-0.882924 0.138457 1.715861 0
-0.900875 0.080875 1.698882 0
-0.886738 0.025122 1.712764 0
0.138086 0.057095 2.696570 6
0.268418 0.027068 2.821958 6
0.477400 0.009372 3.022818 6
0.466439 -0.030624 3.012688 6
0.467225 -0.069329 3.013871 6
0.447104 -0.111285 2.995049 6
0.429596 -0.153419 2.978783 8
0.473552 -0.185023 3.021485 8
0.493728 -0.220134 3.041425 8
0.529287 -0.251603 3.076139 8
0.502532 -0.295968 3.051189 8
0.547461 -0.324356 3.094945 8
0.540555 -0.364490 3.089097 8
0.561319 -0.397685 3.109778 8
0.521007 -0.447261 3.072056 8
0.507422 -0.490345 3.059968 8
0.488391 -0.535592 3.042728 8
0.454902 -0.586096 3.011729 8
0.458296 -0.625481 3.016042 8
0.348743 -0.703891 2.912531 8
0.407408 -0.725166 2.969743 7
0.406751 -0.767101 2.970352 7
0.456866 -0.789584 3.019438 7
0.126324 0.059286 2.753604 6
0.289490 0.032690 2.907088 6
0.415056 0.006145 3.025304 6
-0.237506 -0.114475 2.413562 6
0.372747 -0.077740 2.986540 6
0.298548 -0.128661 2.917499 6
0.315423 -0.166609 2.933927 8
0.407787 -0.190736 3.021158 8
0.422344 -0.227389 3.035484 8
0.455652 -0.259902 3.067420 8
0.502520 -0.288658 3.112089 8
0.523528 -0.322251 3.132567 8
0.483870 -0.370262 3.096299 8
0.519964 -0.399858 3.130987 8
0.432696 -0.462191 3.050312 8
0.427196 -0.503645 3.046204 8
0.380095 -0.557851 3.003269 8
0.352856 -0.607270 2.978982 8
0.232226 -0.688136 2.867556 8
0.157268 -0.756929 2.798921 7
0.320483 -0.743495 2.952622 7
0.331987 -0.781633 2.964759 7
0.408713 -0.794683 3.037731 7
0.102676 0.060429 2.798809 6
0.242445 0.031546 2.927486 6
0.427058 0.011223 3.097328 6
0.395529 -0.031060 3.068877 6
0.346075 -0.076677 3.024049 6
0.346437 -0.116188 3.024977 6
0.269154 -0.168417 2.954775 8
0.297405 -0.204166 2.981394 8
0.349738 -0.234696 3.030124 8
0.416966 -0.260917 3.092527 8
0.435358 -0.295993 3.110224 8
0.441009 -0.333600 3.116303 8
0.476596 -0.363907 3.149828 8
0.443797 -0.410868 3.120826 8
0.365770 -0.471001 3.050546 8
0.329120 -0.521664 3.018203 8
0.277848 -0.577782 2.972589 8
0.136644 -0.663282 2.844953 8
0.156154 -0.700824 2.864197 8
0.246261 -0.714222 2.947891 7
0.213424 -0.768430 2.919464 7
0.283062 -0.786385 2.984518 7
0.092340 0.062667 2.855572 6
-0.110033 0.000977 2.674394 6
0.305397 0.001577 3.047696 6
0.278653 -0.041213 3.024237 6
0.249822 -0.085036 2.998976 6
0.201657 -0.132535 2.956452 6
0.186437 -0.176046 2.943546 8
0.176931 -0.219037 2.935831 8
0.227567 -0.251102 2.982070 8
0.315755 -0.274416 3.061978 8
0.395214 -0.297380 3.134077 8
0.399237 -0.335445 3.138670 8
0.378061 -0.379549 3.120775 8
0.353244 -0.425244 3.099702 8
0.314490 -0.475424 3.066252 8
0.230479 -0.539405 2.992462 8
0.118108 -0.614062 2.893484 8
0.043603 -0.680279 2.828473 8
0.081553 -0.712724 2.863924 7
0.063930 -0.762820 2.849861 7
0.122634 -0.787121 2.903901 7
0.003990 0.058416 2.842964 6
-0.136756 0.002168 2.719933 6
0.155361 -0.010912 2.976825 6
0.160187 -0.051321 2.981659 6
-0.039552 -0.119017 2.807148 6
0.042504 -0.193244 2.880706 8
-0.025652 -0.247699 2.821884 8
0.125039 -0.263486 2.954881 8
0.182435 -0.293952 3.006160 8
0.241131 -0.322755 3.058608 8
0.321292 -0.345329 3.129866 8
0.267286 -0.397718 3.083788 8
0.200319 -0.454867 3.026490 8
0.240321 -0.485746 3.062785 8
0.094455 -0.567044 2.936792 8
-0.010977 -0.640618 2.846299 8
-0.135588 -0.722930 2.739254 7
-0.103676 -0.759265 2.768879 7
-0.125836 -0.812724 2.751437 7
0.030894 0.021677 2.931975 6
0.005151 -0.023132 2.910478 6
-0.074411 -0.075079 2.842902 6
0.193250 -0.447746 3.082750 8
0.106486 -0.511331 3.010081 8
-0.010673 -0.585596 2.911624 8
0.095243 -0.462985 3.062137 8
-1.366494 -0.188302 2.335125 1
-1.267217 -0.231580 2.409063 1
-1.227755 -0.280636 2.439404 1
-1.221702 -0.333726 2.445475 1
-1.213677 -0.386449 2.453121 1
-1.216767 -0.440964 2.452799 1
-1.248131 -0.500785 2.432021 1
-1.969832 1.481440 2.005381 1
-1.990460 1.422877 1.987722 1
-1.983817 1.358755 1.989604 1
-1.650233 -0.097825 2.210015 1
-1.548412 -0.145853 2.283966 1
-1.422125 -0.188901 2.375481 1
-1.363324 -0.237274 2.418918 1
-1.312931 -0.285473 2.456466 1
-1.282865 -0.335518 2.479635 1
-1.230077 -0.381402 2.519117 1
-1.183905 -0.427257 2.553989 1
-1.194130 -0.482258 2.548834 1
-1.217098 -0.540041 2.534775 1
-1.482369 -0.647660 2.348727 1
-1.803440 -0.773625 2.123512 1
-1.942559 1.463577 2.113743 1
-1.991917 1.411733 2.076427 1
-1.964032 1.344263 2.092864 1
-1.969214 1.283442 2.086532 1
-1.954697 1.219350 2.094066 1
-1.988406 1.163158 2.068235 1
-1.976315 1.099744 2.074433 1
-1.974890 1.038107 2.073385 1
-2.003131 0.980152 2.051837 1
-1.967014 0.914644 2.075313 1
-1.953166 0.852199 2.083450 1
-1.945976 0.790707 2.087118 1
-1.960819 0.731071 2.075581 1
-1.955542 0.669882 2.078254 1
-1.972346 0.609989 2.065678 1
-1.983522 0.549523 2.057198 1
-1.976426 0.488306 2.061647 1
-1.955575 0.427036 2.075877 1
-1.940608 0.366286 2.086165 1
-1.936317 0.305820 2.089163 1
-1.990792 0.244444 2.051274 1
-1.955663 0.184368 2.076151 1
-1.976790 0.122828 2.061900 1
-1.952058 0.063134 2.079846 1
-1.957203 0.002096 2.077094 1
-1.819918 -0.048535 2.173925 1
-1.753205 -0.102118 2.221624 1
-1.698416 -0.155387 2.261136 1
-1.496800 -0.191526 2.403150 1
-1.533814 -0.251745 2.378899 1
-1.583465 -0.314551 2.346029 1
-1.605847 -0.374681 2.332338 1
-1.611408 -0.432816 2.330529 1
-1.675862 -0.500959 2.287939 1
-1.673259 -0.558784 2.292166 1
-1.715815 -0.625209 2.265203 1
-1.760989 -0.693270 2.236635 1
-1.821805 -0.765836 2.197447 1
-2.055838 1.475576 2.124700 1
-2.032912 1.408620 2.137004 1
-2.060281 1.351745 2.115428 1
-2.049544 1.287669 2.119856 1
-2.062031 1.227775 2.108712 1
-2.070266 1.167057 2.100627 1
-2.039782 1.100774 2.119035 1
-2.035147 1.038645 2.120067 1
-2.025314 0.976091 2.124819 1
-2.044942 0.917004 2.109699 1
-2.035166 0.854719 2.114771 1
-2.032309 0.793306 2.115312 1
-2.012719 0.730785 2.127436 1
-2.028729 0.670967 2.115472 1
-2.015839 0.609361 2.123386 1
-2.010338 0.548371 2.126440 1
-2.048554 0.488765 2.099847 1
-2.018120 0.427153 2.120259 1
-2.005993 0.366342 2.128359 1
-2.008487 0.305726 2.126657 1
-2.032843 0.244680 2.110215 1
-2.010079 0.184403 2.126094 1
-2.038423 0.122602 2.107284 1
-2.034737 0.061761 2.110499 1
-2.053769 -0.000441 2.098401 1
-2.030398 -0.060001 2.115386 1
-2.057260 -0.123338 2.098311 1
-2.006495 -0.179883 2.134299 1
-1.491582 -0.185485 2.486429 1
-1.486406 -0.240005 2.491535 1
-1.529325 -0.300737 2.464087 1
-2.043202 -0.429176 2.116710 1
-2.050147 -0.491898 2.114294 1
-2.039874 -0.552052 2.123753 1
-2.080778 -0.621078 2.098669 1
-2.064516 -0.680456 2.112557 1
-2.051397 -0.740212 2.124485 1
-2.060255 -0.804423 2.121711 1
-2.125970 1.478281 2.166497 1
-2.082907 1.407279 2.191618 1
-2.095417 1.347687 2.180213 1
-2.094422 1.285586 2.177926 1
-2.074035 1.220470 2.188680 1
-2.123896 1.166554 2.153057 1
-2.088333 1.099650 2.174261 1
-2.087644 1.038132 2.172526 1
-2.107524 0.979132 2.157313 1
-2.085724 0.915334 2.169973 1
-2.099664 0.855493 2.159066 1
-2.058192 0.790755 2.185195 1
-2.102494 0.733234 2.154449 1
-2.102740 0.672062 2.153193 1
-2.109764 0.611265 2.147607 1
-2.086748 0.549170 2.162206 1
-2.064304 0.487631 2.176611 1
-2.102899 0.427634 2.150541 1
-2.109644 0.366608 2.145866 1
-2.091102 0.305577 2.158218 1
-2.108926 0.244347 2.146526 1
-2.089938 0.183736 2.159537 1
-2.085359 0.122967 2.163131 1
-2.064782 0.063079 2.177557 1
-2.096045 0.000432 2.157650 1
-2.102506 -0.061153 2.154441 1
-2.108426 -0.122886 2.151779 1
-2.087646 -0.182268 2.167057 1
-1.553303 -0.186655 2.523847 1
-1.465949 -0.231641 2.583521 1
-1.473623 -0.286971 2.580204 1
-2.095386 -0.428556 2.169581 1
-2.108088 -0.492080 2.163540 1
-2.115623 -0.555152 2.161121 1
-2.113606 -0.616841 2.165224 1
-2.099443 -0.676351 2.177549 1
-2.104368 -0.739418 2.177432 1
-2.115945 -0.804113 2.173118 1
-2.186995 1.478985 2.215096 1
-2.160381 1.411249 2.228802 1
-2.169183 1.350736 2.219873 1
-2.201676 1.294227 2.195823 1
-2.168951 1.226606 2.214111 1
-2.183675 1.166932 2.201918 1
-2.153821 1.100850 2.218776 1
-2.171685 1.041607 2.204929 1
-2.179697 0.980905 2.197649 1
-2.160328 0.917220 2.208318 1
-2.159186 0.855751 2.207360 1
-2.137409 0.792656 2.219992 1
-2.159416 0.733247 2.204384 1
-2.152261 0.671623 2.207903 1
-2.131685 0.609530 2.220337 1
-2.163721 0.549961 2.198763 1
-2.124793 0.487747 2.223508 1
-2.155518 0.427567 2.203156 1
-2.152816 0.366533 2.204725 1
-2.181789 0.305388 2.185885 1
-2.140845 0.244758 2.212696 1
-2.136011 0.184025 2.216215 1
-2.160580 0.122243 2.200805 1
-2.159856 0.061150 2.202027 1
-2.150406 0.000572 2.209108 1
-2.184808 -0.062991 2.187890 1
-2.146479 -0.121327 2.214103 1
-2.147741 -0.182592 2.214788 1
-1.646505 -0.191081 2.541652 1
-1.463550 -0.225515 2.661992 1
-1.456574 -0.278376 2.668331 1
-1.459356 -0.332507 2.668513 1
-2.169879 -0.492784 2.210846 1
-2.151319 -0.551686 2.225513 1
-2.193904 -0.620807 2.200845 1
-2.195354 -0.683453 2.202978 1
-2.160385 -0.739167 2.228800 1
-2.185139 -0.806521 2.216292 1
-2.239048 1.477774 2.269981 1
-2.230491 1.413650 2.271797 1
-2.233213 1.351891 2.266725 1
-2.209909 1.285757 2.278259 1
-2.246682 1.229823 2.252116 1
-2.213174 1.162761 2.270515 1
-2.210643 1.100788 2.269570 1
-2.236190 1.042502 2.251073 1
-2.217968 0.978697 2.260447 1
-2.216136 0.917075 2.259656 1
-2.264568 0.860242 2.227227 1
-2.234026 0.795919 2.245009 1
-2.229812 0.734193 2.246315 1
-2.213297 0.671866 2.255618 1
-2.224647 0.611313 2.247448 1
-2.245163 0.550894 2.233655 1
-2.204103 0.488366 2.259123 1
-2.236815 0.427966 2.237977 1
-2.199667 0.366478 2.261357 1
-2.198322 0.305611 2.262211 1
-2.233311 0.244174 2.240201 1
-2.222897 0.183202 2.247198 1
-2.191238 0.123254 2.267866 1
-2.214380 0.061275 2.253960 1
-2.258821 -0.002525 2.226752 1
-2.215994 -0.061128 2.255074 1
-2.207079 -0.121623 2.262084 1
-2.238008 -0.185686 2.244049 1
-1.789376 -0.200555 2.529814 1
-1.413366 -0.213978 2.769514 1
-1.434325 -0.269262 2.758101 1
-1.443671 -0.323487 2.754212 1
-2.241390 -0.494862 2.252698 1
-2.221340 -0.553704 2.268105 1
-2.222561 -0.615830 2.270284 1
-2.237159 -0.680525 2.264240 1
-2.220481 -0.739639 2.278096 1
-2.220350 -0.801882 2.281735 1
-2.291349 1.476562 2.325090 1
-2.329633 1.421465 2.297920 1
-2.290129 1.351677 2.318702 1
-2.330050 1.296270 2.290901 1
-2.312406 1.231022 2.298694 1
-2.277952 1.163797 2.317066 1
-2.271312 1.101199 2.318534 1
-2.273791 1.039973 2.314587 1
-2.284726 0.979738 2.305624 1
-2.269133 0.916604 2.313240 1
-2.262059 0.854662 2.315805 1
-2.266895 0.793901 2.311213 1
-2.270925 0.733031 2.307319 1
-2.306953 0.674026 2.283829 1
-2.299839 0.612175 2.287225 1
-2.317184 0.551437 2.275684 1
-2.290636 0.489159 2.291515 1
-2.310522 0.428228 2.278801 1
-2.284300 0.366627 2.294836 1
-2.290011 0.305424 2.291299 1
-2.287300 0.244232 2.293178 1
-2.295457 0.182793 2.288530 1
-2.311601 0.120857 2.279140 1
-2.260461 0.061827 2.311592 1
-2.268058 0.000374 2.307891 1
-2.273736 -0.061147 2.305581 1
-2.293449 -0.123978 2.294798 1
-2.304354 -0.186479 2.289671 1
-1.915500 -0.208075 2.531635 1
-1.533367 -0.222033 2.769377 1
-1.423125 -0.261674 2.839301 1
-1.405668 -0.311577 2.852115 1
-2.292735 -0.493884 2.307961 1
-2.295446 -0.556266 2.309131 1
-2.323694 -0.623116 2.294809 1
-2.312018 -0.683527 2.305255 1
-2.251315 -0.734452 2.345984 1
-2.317731 -0.809801 2.308916 1
-2.385812 1.483713 2.355392 1
-2.353112 1.414770 2.371153 1
-2.375145 1.356394 2.354388 1
-2.361906 1.291767 2.358961 1
-2.354955 1.228518 2.359991 1
-2.398101 1.172797 2.331151 1
-2.365433 1.106046 2.348057 1
-2.352442 1.042521 2.353367 1
-2.339671 0.979382 2.358767 1
-2.368367 0.920821 2.339410 1
-2.363068 0.858605 2.340730 1
-2.378263 0.798212 2.329907 1
-2.365198 0.735573 2.336331 1
-2.347673 0.672997 2.345661 1
-2.376062 0.613051 2.327491 1
-2.361552 0.550916 2.335421 1
-2.363879 0.489568 2.333394 1
-2.341778 0.427795 2.346328 1
-2.341994 0.366626 2.345991 1
-2.340713 0.305463 2.346764 1
-2.355752 0.244062 2.337888 1
-2.343109 0.183070 2.345936 1
-2.345662 0.121762 2.345015 1
-2.319812 0.061746 2.361443 1
-2.335795 -0.000214 2.352828 1
-2.322484 -0.060512 2.362096 1
-2.354743 -0.124237 2.344088 1
-2.352346 -0.185545 2.347192 1
-2.043774 -0.215625 2.534918 1
-1.676845 -0.232535 2.757759 1
-1.402979 -0.253094 2.924522 1
-1.391171 -0.303025 2.933703 1
-2.356177 -0.494627 2.356332 1
-2.344188 -0.554756 2.366452 1
-2.366887 -0.620517 2.355975 1
-2.380586 -0.685279 2.351129 1
-2.372020 -0.746255 2.359840 1
-2.386915 -0.811851 2.354733 1
-2.439352 1.482551 2.411222 1
-2.419349 1.416119 2.418979 1
-2.429485 1.355544 2.409388 1
-2.421859 1.291930 2.410388 1
-2.440029 1.232572 2.396527 1
-2.429052 1.168733 2.399934 1
-2.438457 1.107934 2.391626 1
-2.392951 1.040302 2.415733 1
-2.415756 0.981348 2.400004 1
-2.410185 0.919113 2.401138 1
-2.420654 0.858510 2.393066 1
-2.412330 0.796244 2.396251 1
-2.414555 0.734935 2.393450 1
-2.417631 0.673672 2.390363 1
-2.447867 0.613678 2.371502 1
-2.403275 0.550293 2.396897 1
-2.421789 0.489552 2.385359 1
-2.428642 0.428250 2.380897 1
-2.412887 0.366693 2.389963 1
-2.381146 0.305558 2.408655 1
-2.439135 0.243665 2.374718 1
-2.416529 0.182669 2.388456 1
-2.379756 0.122663 2.410743 1
-2.423001 0.059592 2.386136 1
-2.395584 -0.000302 2.403334 1
-2.429540 -0.063887 2.384637 1
-2.398657 -0.123073 2.404289 1
-2.405787 -0.185085 2.401802 1
-2.227149 -0.228547 2.508628 1
-1.797009 -0.240181 2.763144 1
-1.449364 -0.252785 2.969137 1
-1.393602 -0.296852 3.003957 1
-2.413496 -0.494415 2.409043 1
-2.450859 -0.562163 2.390191 1
-2.423915 -0.620188 2.409187 1
-2.409601 -0.679963 2.420998 1
-2.449018 -0.749578 2.401674 1
-2.438786 -0.810357 2.411551 1
-2.502713 1.483249 2.461926 1
-2.495329 1.419163 2.462105 1
-2.500087 1.357470 2.455615 1
-2.493959 1.294006 2.455548 1
-2.543143 1.239236 2.424180 1
-2.513779 1.172342 2.437811 1
-2.473242 1.104692 2.458080 1
-2.530268 1.049799 2.422842 1
-2.504933 0.984674 2.434894 1
-2.469691 0.919165 2.452859 1
-2.499091 0.860243 2.434048 1
-2.481313 0.797036 2.442475 1
-2.457144 0.733818 2.454796 1
-2.443431 0.671756 2.461351 1
-2.503920 0.613528 2.425559 1
-2.490898 0.551354 2.432153 1
-2.479732 0.489526 2.437905 1
-2.468714 0.427952 2.443793 1
-2.505080 0.366868 2.422697 1
-2.494454 0.305270 2.428797 1
-2.471675 0.244083 2.442093 1
-2.489246 0.182306 2.432444 1
-2.474444 0.121333 2.441596 1
-2.476284 0.059861 2.441415 1
-2.466818 -0.001026 2.447938 1
-2.481995 -0.063434 2.440549 1
-2.455058 -0.122884 2.457520 1
-2.469324 -0.185499 2.451097 1
-2.330809 -0.233200 2.532357 1
-1.926510 -0.248663 2.765771 1
-1.680149 -0.274770 2.908787 1
-1.730092 -0.334749 2.882543 1
-2.487660 -0.496544 2.452716 1
-2.508159 -0.561805 2.444125 1
-2.491528 -0.621527 2.456933 1
-2.488196 -0.683316 2.462381 1
-2.523384 -0.752268 2.446160 1
-2.524376 -0.815403 2.449629 1
-2.585430 1.487592 2.502682 1
-2.551070 1.418360 2.517565 1
-2.561979 1.357777 2.507640 1
-2.559599 1.294922 2.505309 1
-2.588467 1.236950 2.485859 1
-2.545814 1.168394 2.506374 1
-2.563696 1.108713 2.493477 1
-2.554452 1.045489 2.495901 1
-2.549011 0.982950 2.496445 1
-2.582620 0.924458 2.475440 1
-2.511015 0.856014 2.513359 1
-2.542173 0.797144 2.494168 1
-2.549083 0.736032 2.488733 1
-2.568751 0.675548 2.476390 1
-2.528265 0.611875 2.497896 1
-2.558403 0.551646 2.480145 1
-2.553374 0.489897 2.482282 1
-2.547909 0.428263 2.484889 1
-2.532892 0.366703 2.493066 1
-2.560367 0.305237 2.477695 1
-2.573096 0.243426 2.470800 1
-2.518683 0.183087 2.501686 1
-2.530594 0.121449 2.495696 1
-2.520294 0.060580 2.502352 1
-2.543479 -0.002020 2.490514 1
-2.567912 -0.065223 2.478214 1
-2.566356 -0.126950 2.480665 1
-2.564425 -0.188659 2.483552 1
-2.555876 -0.249730 2.490357 1
-2.088349 -0.260468 2.753199 1
-2.060008 -0.314136 2.771277 1
-2.548401 -0.434638 2.501989 1
-2.551025 -0.497046 2.503476 1
-2.559654 -0.560507 2.501863 1
-2.568568 -0.624292 2.500332 1
-2.545696 -0.682887 2.516665 1
-2.603762 -0.755920 2.488395 1
-2.580743 -0.814603 2.505273 1
-2.617847 1.232251 2.556396 1
-2.641067 1.173274 2.540561 1
-2.676163 1.115434 2.518502 1
-2.624522 1.046655 2.543698 1
-2.617234 0.983825 2.545097 1
-2.626888 0.922874 2.537534 1
-2.592394 0.857915 2.554197 1
-2.606743 0.797500 2.544548 1
-2.603771 0.735676 2.544549 1
-2.593997 0.673569 2.548486 1
-2.612783 0.613023 2.537104 1
-2.613334 0.551462 2.535881 1
-2.600623 0.489570 2.542115 1
-2.586927 0.427940 2.549119 1
-2.625423 0.366871 2.527909 1
-2.620648 0.305235 2.530511 1
-2.626003 0.243538 2.527824 1
-2.632595 0.181689 2.524694 1
-2.612416 0.120654 2.536382 1
-2.613343 0.059033 2.536800 1
-2.621198 -0.003028 2.533678 1
-2.613666 -0.064256 2.539164 1
-2.622822 -0.126660 2.535802 1
-2.604509 -0.186895 2.547611 1
-2.595522 -0.247719 2.554574 1
-2.563500 -0.305924 2.574268 1
-2.667245 -0.379643 2.520523 1
-2.630821 -0.437501 2.543076 1
-2.630907 -0.499775 2.546062 1
-2.608578 -0.558780 2.561410 1
-1.196251 1.525012 0.924607 0
-1.155527 1.388385 0.901266 0
-1.127032 1.414884 0.899004 0
-1.168200 1.500611 0.955001 0
-1.110492 1.501812 0.927782 0
-1.135592 1.210010 0.872240 0
-1.176848 1.302760 0.930395 0
-1.159011 1.339239 0.937557 0
-1.132059 1.367309 0.936856 0
-1.139144 1.424952 0.964124 0
-1.131662 1.469003 0.978847 0
-1.117640 1.506979 0.987879 0
-1.148602 1.111032 0.893316 0
-1.162714 1.181041 0.928802 0
-1.151405 1.225254 0.942153 0
-1.156101 1.283638 0.968369 0
-1.135113 1.317493 0.972865 0
-1.145310 1.378796 1.002492 0
-1.109293 1.398617 0.994231 0
-1.124285 1.462144 1.026680 0
-1.146718 1.530376 1.064289 0
-1.055156 1.504283 1.011859 0
-1.161655 1.009186 0.913759 0
-1.160718 1.066568 0.936988 0
-1.133687 1.096970 0.937854 0
-1.141969 1.161453 0.967690 0
-1.126495 1.201960 0.977400 0
-1.128061 1.257763 1.000562 0
-1.116463 1.300503 1.012611 0
-1.120847 1.356839 1.036973 0
-1.110668 1.399379 1.049323 0
-1.115636 1.454210 1.073105 0
-1.114611 1.502960 1.091720 0
-1.067208 1.513164 1.074475 0
-1.172599 0.839998 0.906555 0
-1.140425 0.867280 0.904496 0
-1.144338 0.932630 0.932597 0
-1.150264 0.998525 0.961625 0
-1.125821 1.032227 0.964980 0
-1.139819 1.103691 0.999355 0
-1.121131 1.141776 1.006624 0
-1.115076 1.191432 1.023675 0
-1.144548 1.273119 1.068258 0
-1.093242 1.279370 1.048828 0
-1.107811 1.345018 1.080559 0
-1.107656 1.396339 1.100306 0
-1.085091 1.427681 1.102583 0
-1.088423 1.480456 1.124167 0
-1.061886 1.507935 1.123017 0
-1.166633 0.707192 0.908955 0
-1.147639 0.750637 0.918849 0
-1.137333 0.803013 0.935632 0
-1.141689 0.870170 0.964011 0
-1.149635 0.939501 0.994570 0
-1.137708 0.986659 1.008281 0
-1.095856 1.002872 0.997643 0
-1.139997 1.104522 1.055157 0
-1.098771 1.120629 1.044501 0
-1.107884 1.184900 1.072980 0
-1.103642 1.235330 1.090524 0
-1.069545 1.257805 1.084912 0
-1.070020 1.311237 1.105334 0
-1.088866 1.379605 1.138966 0
-1.078439 1.421446 1.150233 0
-1.051890 1.449347 1.149384 0
-1.064512 1.509181 1.176875 0
-1.167358 0.576505 0.916531 0
-1.135903 0.607386 0.916681 0
-1.156821 0.698194 0.960256 0
-1.138574 0.742469 0.970478 0
-1.136223 0.803548 0.993263 0
-1.130168 0.859300 1.012432 0
-1.124799 0.914650 1.031600 0
-1.128942 0.978693 1.057721 0
-1.101991 1.009920 1.058949 0
-1.118266 1.083721 1.093357 0
-1.097984 1.120329 1.099051 0
-1.100395 1.178086 1.121662 0
-1.083766 1.217014 1.129474 0
-1.086327 1.272927 1.151242 0
-1.073567 1.314127 1.161248 0
-1.102399 1.390938 1.201194 0
-1.066036 1.410327 1.193351 0
-1.073005 1.466172 1.216474 0
-1.072600 1.514884 1.233870 0
-0.996872 1.502780 1.198078 0
-1.160037 0.430087 0.916727 0
-1.148543 0.487167 0.934518 0
-1.129806 0.534394 0.945729 0
-1.155555 0.632888 0.992980 0
-1.114992 0.652525 0.985292 0
-1.144098 0.750640 1.033430 0
-1.123158 0.790946 1.040733 0
-1.109897 0.839023 1.053760 0
-1.107627 0.897865 1.074897 0
-1.122940 0.973566 1.108941 0
-1.093774 1.002489 1.108417 0
-1.084152 1.050703 1.122462 0
-1.089867 1.112941 1.147508 0
-1.090684 1.169169 1.168343 0
-1.077958 1.211725 1.178797 0
-1.065589 1.254045 1.189203 0
-1.086771 1.325588 1.223288 0
-1.062089 1.355518 1.224167 0
-1.045719 1.392484 1.230766 0
-1.050870 1.447035 1.252108 0
-1.045275 1.491770 1.265574 0
-1.024663 1.523887 1.268464 0
-1.172312 0.225784 0.904059 0
-1.170964 0.300353 0.931882 0
-1.158034 0.358204 0.949158 0
-1.151039 0.422211 0.970759 0
-1.139809 0.479557 0.988231 0
-1.135814 0.544340 1.010981 0
-1.110690 0.582914 1.016214 0
-1.110147 0.649213 1.040563 0
-1.093168 0.695545 1.051423 0
-1.121841 0.791221 1.097095 0
-1.101605 0.831612 1.104366 0
-1.079667 0.869741 1.110079 0
-1.076041 0.926343 1.129216 0
-1.088752 0.998272 1.159903 0
-1.074638 1.041962 1.170250 0
-1.066460 1.090782 1.184575 0
-1.062939 1.143196 1.201848 0
-1.076386 1.210356 1.230716 0
-1.052271 1.241888 1.232547 0
-1.055213 1.297335 1.253072 0
-1.027414 1.324986 1.251934 0
-1.033876 1.381844 1.274121 0
-1.017139 1.418244 1.280120 0
-1.048642 1.493647 1.318273 0
-1.011099 1.512063 1.309777 0
-1.167783 0.065359 0.904670 0
-1.161742 0.137615 0.929440 0
-1.141155 0.188662 0.941272 0
-1.143739 0.268889 0.971729 0
-1.141896 0.341289 0.997671 0
-1.119869 0.386704 1.006613 0
-1.144314 0.488068 1.052088 0
-1.116445 0.523962 1.055309 0
-1.097896 0.570448 1.065549 0
-1.105465 0.646068 1.095445 0
-1.092213 0.696440 1.108763 0
-1.098394 0.767225 1.136231 0
-1.078092 0.807860 1.143347 0
-1.085249 0.876868 1.170340 0
-1.089277 0.941006 1.194383 0
-1.056973 0.967097 1.191721 0
-1.052422 1.020689 1.208742 0
-1.051642 1.076921 1.227974 0
-1.061914 1.142490 1.254429 0
-1.073640 1.207899 1.281275 0
-1.025111 1.217184 1.266330 0
-1.021888 1.267511 1.282251 0
-1.037728 1.333534 1.310573 0
-1.016434 1.366444 1.313610 0
-1.026866 1.425622 1.337402 0
-1.020604 1.469947 1.349792 0
-1.011818 1.511631 1.360253 0
-0.928368 1.494533 1.322578 0
0.407210 1.696004 0.852419 2
0.185982 1.956709 1.017951 2
0.327613 1.945004 0.956230 2
0.464872 1.938167 0.897575 2
-1.163533 -0.103070 0.904970 0
-1.149434 -0.038074 0.923919 0
-1.144674 0.038300 0.949963 0
-1.136390 0.107837 0.972266 0
-1.154058 0.210075 1.014876 0
-1.131627 0.257085 1.024159 0
-1.129069 0.328583 1.048777 0
-1.102179 0.368005 1.053650 0
-1.099548 0.436529 1.076988 0
-1.091686 0.497165 1.095655 0
-1.096436 0.571201 1.123269 0
-1.093123 0.634151 1.144121 0
-1.087624 0.693248 1.162777 0
-1.060255 0.727144 1.164965 0
-1.072069 0.802872 1.195243 0
-1.052997 0.844243 1.202736 0
-1.042249 0.893675 1.215842 0
-1.064356 0.975365 1.251526 0
-1.053351 1.022243 1.263488 0
-1.047147 1.073027 1.278402 0
-1.040560 1.122562 1.292669 0
-1.020678 1.158954 1.297644 0
-1.023296 1.215454 1.317394 0
-1.029385 1.273915 1.338972 0
-1.027553 1.324285 1.354897 0
-1.015599 1.365170 1.363906 0
-0.994697 1.398124 1.366943 0
-1.000045 1.452335 1.386514 0
-0.988208 1.491801 1.394854 0
-0.950292 1.510489 1.386708 0
-0.052154 1.766872 1.119070 2
-0.008284 1.794353 1.109685 2
0.048344 1.816042 1.093501 2
0.110559 1.835932 1.074493 2
0.540858 1.846782 0.905928 2
0.279558 2.011540 1.055897 2
0.382162 2.019330 1.016790 2
-1.166198 -0.270203 0.910625 0
-1.151203 -0.202680 0.929782 0
-1.147235 -0.120901 0.957388 0
-1.150977 -0.030520 0.990390 0
-1.147867 0.047697 1.016816 0
-1.124201 0.095924 1.026002 0
-1.114553 0.161907 1.045838 0
-1.107973 0.230294 1.067415 0
-1.094969 0.288854 1.083386 0
-1.109104 0.379902 1.119423 0
-1.077419 0.412597 1.120119 0
-1.077213 0.482637 1.143997 0
-1.078531 0.552751 1.168318 0
-1.083196 0.624987 1.194394 0
-1.070849 0.676416 1.207593 0
-1.061950 0.730698 1.222833 0
-1.051394 0.782168 1.236477 0
-1.037882 0.829622 1.247679 0
-1.029401 0.881504 1.261998 0
-1.031664 0.943278 1.283220 0
-1.010650 0.980777 1.288272 0
-1.017703 1.045043 1.311809 0
-1.024836 1.107957 1.334848 0
-1.018306 1.156843 1.348439 0
-1.024492 1.216455 1.369906 0
-1.037538 1.280905 1.395281 0
-1.007221 1.306211 1.392601 0
-1.015143 1.364224 1.413929 0
-1.006245 1.407034 1.424322 0
-1.000373 1.451752 1.436328 0
-0.995172 1.496366 1.448464 0
-0.956105 1.513888 1.439781 0
-0.001723 1.474417 1.074106 2
-0.029198 1.544112 1.104724 2
-0.029746 1.597066 1.120219 2
0.153032 1.547657 1.036665 2
0.179645 1.587105 1.037784 2
0.069877 1.851488 1.154014 2
0.108968 1.882747 1.147580 2
0.171051 1.903833 1.129386 2
0.211322 1.935801 1.122504 2
0.628604 1.803083 0.924769 2
0.697262 1.828617 0.904937 2
0.652981 1.902031 0.941757 2
0.343339 2.080442 1.109832 2
0.540545 2.053475 1.025627 2
-1.156648 -0.465805 0.905303 0
-1.149916 -0.380851 0.932573 0
-1.168386 -0.260300 0.979757 0
-1.140281 -0.212663 0.987405 0
-1.137369 -0.129435 1.014969 0
-1.135837 -0.046628 1.042726 0
-1.127359 0.024236 1.064146 0
-1.114185 0.086939 1.081224 0
-1.103145 0.151022 1.099354 0
-1.096890 0.219816 1.120503 0
-1.114401 0.317080 1.158722 0
-1.071845 0.336881 1.151634 0
-1.068272 0.404458 1.172971 0
-1.064424 0.470110 1.193492 0
-1.080727 0.557729 1.227761 0
-1.076858 0.619909 1.246957 0
-1.053624 0.659083 1.252147 0
-1.022634 0.689361 1.251783 0
-1.055053 0.787542 1.294488 0
-1.048049 0.841529 1.309639 0
-1.022736 0.875683 1.312177 0
-1.004883 0.917150 1.319493 0
-1.016625 0.987298 1.345900 0
-1.000920 1.029286 1.353948 0
-0.990162 1.075440 1.364922 0
-1.019589 1.158116 1.401085 0
-1.006294 1.199874 1.409649 0
-0.994659 1.242597 1.419009 0
-0.991455 1.292104 1.433321 0
-0.984037 1.337198 1.444726 0
-0.976645 1.381671 1.455873 0
-0.977808 1.432504 1.471887 0
-0.977453 1.481238 1.486653 0
-0.943193 1.502670 1.481114 0
0.015876 1.238203 1.059920 2
0.010791 1.298197 1.079155 2
-0.006894 1.365159 1.104880 2
-0.037400 1.438712 1.137071 2
-0.051295 1.500765 1.159829 2
0.566692 1.489932 0.929068 2
0.637645 1.511595 0.908619 2
0.012265 1.875464 1.240347 2
0.063141 1.900219 1.228031 2
0.133136 1.916878 1.206306 2
0.154979 1.956547 1.208678 2
0.234976 1.970720 1.182366 2
0.274651 2.003605 1.176067 2
0.339944 2.026359 1.157369 2
0.627396 1.960733 1.031691 2
0.298778 2.142364 1.202909 2
0.617262 2.070448 1.063673 2
0.705675 2.090116 1.035054 2
0.757018 2.124601 1.024190 2
-1.159319 -0.653034 0.909850 0
-1.148822 -0.568863 0.935038 0
-1.142503 -0.480603 0.962744 0
-1.133391 -0.399319 0.987188 0
-1.146961 -0.286129 1.028983 0
-1.128664 -0.223696 1.044204 0
-1.124104 -0.142904 1.069582 0
-1.096867 -0.096388 1.076640 0
-1.092107 -0.019575 1.100466 0
-1.092567 0.062250 1.127455 0
-1.067226 0.107700 1.134483 0
-1.079386 0.201014 1.168675 0
-1.074266 0.269728 1.189398 0
-1.083319 0.354366 1.219635 0
-1.056412 0.393011 1.223629 0
-1.059047 0.466391 1.248050 0
-1.045886 0.519550 1.260895 0
-1.047988 0.589126 1.283767 0
-1.010294 0.612606 1.279156 0
-1.033705 0.703150 1.315363 0
-1.033001 0.765363 1.334764 0
-1.017803 0.811026 1.344184 0
-1.027460 0.881557 1.369406 0
-1.041315 0.954627 1.396716 0
-1.002315 0.973821 1.389874 0
-1.022468 1.050521 1.420230 0
-0.984942 1.070765 1.414051 0
-1.012397 1.151542 1.447931 0
-0.991035 1.185958 1.451319 0
-0.983937 1.232833 1.463192 0
-0.997857 1.297268 1.487360 0
-0.961845 1.317755 1.481402 0
-0.974107 1.378856 1.503867 0
-0.953079 1.411484 1.506473 0
-0.977516 1.480312 1.535235 0
-0.952021 1.508452 1.534850 0
-0.894842 1.512409 1.516429 0
0.052440 0.974640 1.033199 2
0.031241 1.050025 1.062294 2
0.013285 1.121644 1.089092 2
-0.016808 1.200008 1.121960 2
-0.010123 1.252529 1.134535 2
-0.048932 1.333632 1.171060 2
0.493153 1.232303 0.951300 2
0.579439 1.242716 0.923479 2
0.648579 1.264305 0.904730 2
0.722567 1.284414 0.883752 2
-0.114677 1.788630 1.319821 2
-0.092290 1.825930 1.321795 2
-0.106870 1.881892 1.341974 2
0.037511 1.858938 1.283807 2
0.029916 1.911808 1.300489 2
0.074942 1.939489 1.291428 2
0.119127 1.968185 1.282857 2
0.163565 1.997386 1.274244 2
0.193769 2.033304 1.272466 2
0.277749 2.047121 1.245323 2
1.022126 1.795635 0.909137 2
0.533220 2.045151 1.151253 2
0.599958 2.071256 1.133278 2
0.711084 2.082129 1.095098 2
0.846760 2.086396 1.046151 2
-1.130097 -0.797851 0.922247 0
-1.144471 -0.668989 0.968375 0
-1.132043 -0.587914 0.991144 0
-1.146937 -0.466121 1.034946 0
-1.108933 -0.430012 1.035547 0
-1.118045 -0.323221 1.072640 0
-1.097091 -0.264158 1.085461 0
-1.094809 -0.179490 1.111922 0
-1.092464 -0.097315 1.137483 0
-1.040869 -0.085372 1.125896 0
-1.065067 0.029640 1.169673 0
-1.072612 0.119014 1.200237 0
-1.058966 0.178444 1.214865 0
-1.057322 0.251799 1.237438 0
-1.044638 0.309628 1.251698 0
-1.061146 0.401692 1.285519 0
-1.034316 0.439659 1.289086 0
-1.029367 0.502724 1.307125 0
-1.029099 0.569736 1.327761 0
-1.010234 0.614452 1.335662 0
-1.015287 0.684681 1.358799 0
-1.028074 0.761521 1.386313 0
-1.025636 0.820461 1.403502 0
-0.992682 0.846853 1.401085 0
-1.002090 0.915979 1.424973 0
-0.990659 0.962960 1.435477 0
-1.001873 1.031080 1.459499 0
-0.990084 1.075882 1.469097 0
-0.978457 1.120209 1.478539 0
-0.959072 1.156898 1.483140 0
-0.966909 1.217472 1.503555 0
-0.950412 1.255620 1.509390 0
-0.959093 1.314860 1.529556 0
-0.964277 1.369966 1.547305 0
-0.915059 1.379609 1.533911 0
-0.956477 1.462531 1.571515 0
-0.927257 1.487972 1.569152 0
-0.894215 1.510670 1.564670 0
0.050444 0.850475 1.062042 2
0.042082 0.918806 1.084197 2
0.024326 0.992666 1.110974 2
-0.062131 1.113285 1.173880 2
-0.030743 1.149455 1.173400 2
-0.069874 1.233101 1.209868 2
0.499954 0.978504 0.946247 2
0.608631 0.973051 0.907719 2
0.675633 0.995432 0.890918 2
0.751560 1.013541 0.869812 2
-0.071876 1.559098 1.299538 2
-0.056149 1.601819 1.305568 2
-0.080936 1.666934 1.331470 2
-0.096702 1.725867 1.352538 2
-0.096494 1.775317 1.365495 2
-0.142088 1.847925 1.400363 2
0.993181 1.322815 0.868167 2
0.996387 1.383192 0.882686 2
1.035942 1.425582 0.879765 2
1.015602 1.496279 0.904990 2
1.062737 1.535216 0.898342 2
1.075840 1.589758 0.907525 2
0.134749 2.053851 1.356021 2
0.482193 2.059712 1.234504 2
0.574112 2.075418 1.205707 2
0.660280 2.094977 1.179815 2
0.828904 2.086565 1.117690 2
0.983363 2.086535 1.062553 2
-1.140640 -0.770918 1.002830 0
-1.132187 -0.680730 1.028865 0
-1.119076 -0.600826 1.050274 0
-1.101382 -0.530428 1.067326 0
-1.109494 -0.422167 1.103456 0
-1.081497 -0.371733 1.111182 0
-1.083317 -0.278359 1.140718 0
-1.073884 -0.203971 1.161052 0
-1.049166 -0.153057 1.169634 0
-1.068794 -0.041965 1.209559 0
-1.083325 0.058771 1.244739 0
-1.048082 0.090786 1.244217 0
-1.041572 0.159799 1.263370 0
-1.037094 0.229721 1.283326 0
-1.026780 0.290728 1.298773 0
-1.034140 0.371850 1.325495 0
-1.031837 0.439362 1.345153 0
-1.008703 0.481082 1.350738 0
-1.015317 0.556169 1.375211 0
-1.001845 0.606989 1.386295 0
-1.017619 0.688881 1.415433 0
-1.009226 0.742777 1.428840 0
-1.007042 0.802181 1.445707 0
-1.002860 0.858311 1.460930 0
-0.992872 0.907517 1.472268 0
-0.984271 0.957286 1.484136 0
-0.948693 0.980204 1.479752 0
-0.967166 1.054479 1.507026 0
-0.977123 1.119058 1.528773 0
-0.964822 1.162029 1.537264 0
-0.949628 1.201885 1.543891 0
-0.933005 1.240082 1.549530 0
-0.968710 1.322503 1.584244 0
-0.945864 1.353921 1.585865 0
-0.920935 1.383565 1.586262 0
-0.954641 1.460098 1.618496 0
-0.947222 1.502492 1.627949 0
-0.895845 1.510672 1.613690 0
-0.002188 0.888130 1.153068 2
-0.022869 0.964505 1.180795 2
-0.060157 1.051222 1.216670 2
-0.079229 1.123087 1.242488 2
0.618996 0.700525 0.899833 2
0.733101 0.690857 0.859877 2
0.799447 0.715037 0.844612 2
0.887438 0.726324 0.818686 2
-0.066884 1.393999 1.311326 2
-0.073238 1.451565 1.328687 2
-0.075853 1.506017 1.343916 2
-0.070343 1.554970 1.354931 2
-0.108871 1.628624 1.386993 2
-0.123738 1.687394 1.407220 2
-0.101169 1.724761 1.409323 2
-0.128246 1.788558 1.434799 2
-0.156129 1.851505 1.460260 2
1.059976 1.284059 0.906415 2
1.069815 1.341892 0.917717 2
1.187316 1.595855 0.940963 2
1.238490 1.635020 0.933060 2
0.313507 2.071762 1.355514 2
0.339684 2.110557 1.355913 2
0.550574 2.078811 1.275919 2
0.641438 2.096140 1.248819 2
0.790280 2.094303 1.197139 2
0.926409 2.099902 1.151518 2
-1.107216 -0.818169 1.047487 0
-1.126023 -0.682429 1.093886 0
-1.110869 -0.606104 1.112874 0
-1.090032 -0.540833 1.126876 0
-1.086929 -0.449928 1.153444 0
-1.076116 -0.373326 1.173491 0
-1.081720 -0.274675 1.204663 0
-1.052621 -0.228916 1.210202 0
-1.060538 -0.131811 1.241416 0
-1.033774 -0.085331 1.247685 0
-1.032711 -0.004963 1.271238 0
-1.021508 0.059890 1.287240 0
-1.040056 0.161651 1.322576 0
-1.017311 0.208220 1.329743 0
-1.026083 0.293064 1.357159 0
-1.011198 0.346959 1.368610 0
-0.998217 0.402102 1.380911 0
-1.002518 0.476272 1.403718 0
-0.987497 0.526628 1.413905 0
-0.982340 0.587128 1.429854 0
-0.983759 0.653550 1.449384 0
-0.987213 0.720652 1.469649 0
-0.954895 0.748756 1.468080 0
-0.969511 0.825087 1.494175 0
-0.993539 0.908989 1.525172 0
-0.943473 0.917725 1.512615 0
-0.975852 1.006836 1.547473 0
-0.952956 1.041305 1.550230 0
-0.961836 1.104991 1.570733 0
-0.957455 1.155268 1.583408 0
-0.937980 1.191299 1.587467 0
-0.945734 1.250756 1.606278 0
-0.940803 1.298191 1.617828 0
-0.944691 1.352255 1.633854 0
-0.962046 1.416314 1.656715 0
-0.935997 1.444229 1.656241 0
-0.914700 1.475936 1.658216 0
-0.899223 1.512025 1.663132 0
-0.059474 0.929343 1.244224 2
0.713517 0.421781 0.866272 2
0.790013 0.438177 0.846610 2
-0.042499 1.152818 1.298286 2
-0.088967 1.241000 1.336177 2
-0.044342 1.267066 1.328833 2
-0.080798 1.345844 1.360952 2
-0.111336 1.419105 1.389685 2
-0.064156 1.443015 1.380769 2
-0.111646 1.524431 1.416898 2
-0.121899 1.582014 1.434908 2
-0.094716 1.617230 1.435113 2
-0.103763 1.672840 1.452106 2
-0.145066 1.745225 1.483692 2
-0.144544 1.793657 1.495658 2
-0.145146 1.842139 1.507940 2
-0.005630 1.819068 1.456818 2
-0.013878 1.872047 1.472579 2
0.029506 1.899454 1.465133 2
0.064623 1.931328 1.461421 2
0.075798 1.974517 1.468245 2
0.094481 2.014173 1.471685 2
0.110546 2.054959 1.476196 2
0.190950 2.068681 1.452966 2
0.222473 2.103830 1.450907 2
0.332836 2.108084 1.415405 2
0.526851 2.082379 1.345087 2
0.630942 2.094289 1.313328 2
0.771953 2.094864 1.266599 2
0.982199 2.074064 1.191822 2
1.119291 2.082381 1.148039 2
-1.102337 -0.817352 1.114714 0
-1.083565 -0.743763 1.131290 0
-1.080126 -0.647580 1.158502 0
-1.073476 -0.559425 1.182439 0
-1.072007 -0.465933 1.209255 0
-1.061610 -0.388653 1.228879 0
-1.065050 -0.293165 1.257469 0
-1.034524 -0.249291 1.261815 0
-1.040332 -0.155013 1.290569 0
-1.031614 -0.083464 1.308733 0
-1.035538 0.003309 1.334683 0
-1.038478 0.086368 1.359236 0
-2.077015 1.502219 2.051603 1
-2.039572 1.502012 2.041091 1
-2.006238 1.507658 2.033350 1
-1.952513 1.489170 2.013017 1
-1.000516 0.407454 1.439595 0
-0.993718 0.468413 1.454790 0
-1.003516 0.546959 1.479568 0
-0.960489 0.564663 1.472236 0
-0.981821 0.653075 1.502942 0
-0.958509 0.691384 1.506873 0
-0.962050 0.757461 1.526161 0
-0.990152 0.847260 1.559029 0
-0.962350 0.878441 1.559528 0
-0.960063 0.934673 1.574254 0
-0.943066 0.975642 1.580467 0
-0.947640 1.036536 1.598358 0
-0.931423 1.076923 1.604534 0
-0.930689 1.130919 1.618891 0
-0.912182 1.168147 1.623433 0
-0.919646 1.227670 1.641593 0
-0.936221 1.293747 1.664159 0
-0.919756 1.330766 1.669096 0
-0.900597 1.365287 1.672514 0
-0.913376 1.425174 1.692149 0
-0.890221 1.455666 1.693204 0
-0.848355 1.471786 1.684807 0
0.896906 0.209524 0.828186 3
-0.040222 0.973437 1.310554 2
-0.054231 1.042879 1.332772 2
-0.036768 1.088859 1.339299 2
-0.032875 1.143867 1.352222 2
-0.066696 1.223571 1.382934 2
-0.079159 1.287409 1.402995 2
-0.101113 1.356236 1.427177 2
-0.096626 1.407050 1.438607 2
-0.132562 1.482166 1.468565 2
-0.110523 1.520726 1.471379 2
-0.128061 1.582500 1.492189 2
-0.139664 1.639756 1.509977 2
-0.146631 1.693491 1.525394 2
-0.140337 1.739202 1.534644 2
-0.170117 1.803768 1.559729 2
-0.089479 1.809513 1.535844 2
-0.095924 1.861038 1.550331 2
-0.060488 1.891148 1.546426 2
-0.034009 1.925975 1.546418 2
0.029271 1.943687 1.530651 2
0.072672 1.971587 1.523533 2
0.065686 2.022517 1.537764 2
0.114273 2.048758 1.528496 2
0.113555 2.096485 1.539869 2
0.280427 2.075218 1.481770 2
0.321416 2.107485 1.476148 2
0.519129 2.079883 1.406626 2
0.606181 2.097843 1.382873 2
0.751743 2.096202 1.335850 2
0.986745 2.066108 1.253624 2
1.168875 2.058898 1.193472 2
-1.080805 -0.739891 1.198730 0
-1.063508 -0.666346 1.214952 0
-1.057369 -0.577307 1.238382 0
-1.041061 -0.506472 1.253974 0
-1.038675 -0.416605 1.278496 0
-1.045213 -0.316287 1.308232 0
-1.020097 -0.264392 1.316022 0
-1.016977 -0.182610 1.337913 0
-2.065789 1.340916 2.040499 1
-2.132690 1.481882 2.097415 1
-2.099615 1.486194 2.089699 1
-2.050856 1.470874 2.072311 1
-2.051214 1.518884 2.085575 1
-2.001151 1.503414 2.067723 1
-1.950296 1.488394 2.049742 1
-0.974561 0.379313 1.480791 0
-0.985550 0.461280 1.506042 0
-0.968107 0.508802 1.514084 0
-0.962545 0.568822 1.528730 0
-0.941089 0.610280 1.533921 0
-0.956734 0.690902 1.559887 0
-0.932879 0.728126 1.563171 0
-0.926743 0.783220 1.576129 0
-0.930329 0.847066 1.594091 0
-0.930414 0.906097 1.609742 0
-0.945459 0.978377 1.633067 0
-0.925323 1.015703 1.637174 0
-0.929630 1.075346 1.654033 0
-0.898298 1.101469 1.651922 0
-0.905540 1.162007 1.669755 0
-0.900588 1.210696 1.680968 0
-0.890271 1.254051 1.689211 0
-0.897100 1.311174 1.705899 0
-0.048508 0.667925 1.295418 2
-0.018370 0.707765 1.296873 2
-0.027782 0.778564 1.317653 2
-0.043868 0.853159 1.341282 2
-0.059369 0.925816 1.364190 2
-0.050864 0.979386 1.375200 2
-0.056562 1.042540 1.392728 2
-0.064604 1.106295 1.411038 2
-0.098424 1.186728 1.441048 2
-0.069828 1.223257 1.441659 2
-0.083372 1.287640 1.461582 2
-0.121285 1.366587 1.492270 2
-0.132634 1.426968 1.510447 2
-0.124589 1.474379 1.519622 2
-0.132830 1.531154 1.535885 2
-0.131434 1.581381 1.547625 2
-0.171623 1.654921 1.577409 2
-0.153556 1.694074 1.581373 2
-0.179561 1.757278 1.604309 2
-0.154057 1.791692 1.604799 2
-0.159863 1.842566 1.618603 2
-0.163264 1.891541 1.631180 2
-0.080420 1.897143 1.607353 2
-0.080985 1.944667 1.618628 2
-0.051468 1.977529 1.617281 2
0.004188 1.998668 1.605197 2
0.019800 2.038587 1.609622 2
0.043184 2.075065 1.610830 2
0.070640 2.109954 1.610375 2
0.230385 2.090807 1.556989 2
0.332513 2.097980 1.527213 2
0.518920 2.074542 1.464552 2
0.569805 2.105860 1.455871 2
0.724476 2.100204 1.406860 2
1.015810 2.049552 1.305578 2
1.277345 2.015262 1.217067 2
-1.060076 -0.765480 1.253023 0
-1.061062 -0.662448 1.281217 0
-1.040933 -0.595696 1.294162 0
-1.035555 -0.508043 1.316460 0
-1.020691 -0.437114 1.331765 0
-2.005233 1.093937 1.996503 1
-2.196053 1.424306 2.134349 1
-2.201871 1.482240 2.151361 1
-2.190495 1.514871 2.157119 1
-2.132912 1.484834 2.134112 1
-2.094816 1.482381 2.123499 1
-2.090060 1.523664 2.133194 1
-2.018688 1.480066 2.102884 1
-0.962545 0.224087 1.492791 0
-0.962770 0.297038 1.512041 0
-0.968556 0.374806 1.533983 0
-0.949603 0.421933 1.541263 0
-0.968260 0.511066 1.569512 0
-0.946244 0.552538 1.574401 0
-0.926147 0.595626 1.580179 0
-0.922506 0.655753 1.594758 0
-0.921916 0.717855 1.610625 0
-0.914218 0.771376 1.622308 0
-0.950002 0.867623 1.656738 0
-0.925090 0.901466 1.658598 0
-0.917314 0.951664 1.669272 0
-0.902917 0.994788 1.676287 0
-0.913992 1.060956 1.696106 0
-0.923382 1.124132 1.714659 0
-0.836477 1.100420 1.684653 0
-0.085676 0.501183 1.326025 2
-0.009897 0.503087 1.305437 2
-0.024961 0.582334 1.329402 2
-0.048840 0.667140 1.357157 2
-0.045737 0.728445 1.371478 2
-0.050645 0.795093 1.389313 2
-0.070994 0.872433 1.414072 2
-0.052473 0.918929 1.420250 2
-0.063386 0.986742 1.439906 2
-0.087729 1.062989 1.465369 2
-0.104066 1.131975 1.486745 2
-0.117906 1.197912 1.506623 2
-0.132617 1.263223 1.526549 2
-0.115942 1.306615 1.532195 2
-0.137767 1.374605 1.554699 2
-0.147802 1.433808 1.571678 2
-0.193491 1.514036 1.603849 2
-0.164033 1.547006 1.603152 2
-0.160742 1.595573 1.613634 2
-0.170201 1.650950 1.629354 2
-0.197111 1.715285 1.652175 2
-0.195330 1.762581 1.662658 2
-0.180197 1.802218 1.667438 2
-0.151570 1.834661 1.666582 2
-0.165075 1.888801 1.682960 2
-0.086182 1.896164 1.661582 2
-0.069899 1.935360 1.665743 2
-0.014524 1.956030 1.654190 2
0.004925 1.994114 1.657078 2
0.048761 2.021305 1.650296 2
1.457753 1.454843 1.108342 2
1.483839 1.507160 1.112305 2
0.174260 2.109055 1.632822 2
0.318189 2.098646 1.587934 2
0.440955 2.099407 1.551725 2
0.578461 2.097060 1.510415 2
0.747715 2.085889 1.457699 2
0.999335 2.049063 1.374871 2
1.327077 1.991484 1.264840 2
1.252065 2.074146 1.304961 2
-1.035601 -0.797146 1.305094 0
-1.033573 -0.698584 1.330289 0
-1.024848 -0.613529 1.350262 0
-2.116431 1.148361 2.078747 1
-2.298310 1.476650 2.209117 1
-2.284566 1.505787 2.213218 1
-2.227905 1.473022 2.190562 1
-2.220931 1.511850 2.198807 1
-2.172498 1.492974 2.181742 1
-2.149369 1.509522 2.180134 1
-2.111265 1.506445 2.169678 1
-0.962278 0.076560 1.512292 0
-0.982616 0.178283 1.543387 0
-0.963331 0.228204 1.551131 0
-0.935063 0.266448 1.553565 0
-0.951565 0.357292 1.580782 0
-0.932757 0.404751 1.587894 0
-0.950819 0.493341 1.614858 0
-0.929658 0.535942 1.620053 0
-0.933629 0.605404 1.638473 0
-0.920239 0.654739 1.647292 0
-0.907394 0.703861 1.656159 0
-0.895974 0.753672 1.665530 0
-0.926188 0.844497 1.695975 0
-0.894441 0.871915 1.694369 0
-0.856775 0.893726 1.689775 0
-0.029781 0.170293 1.292759 3
-0.057006 0.267904 1.323902 2
-0.085175 0.363999 1.354875 2
-0.014603 0.370048 1.337491 2
-0.031722 0.453729 1.362390 2
-0.036462 0.525038 1.380921 2
-0.053295 0.605120 1.404774 2
-0.082876 0.693935 1.434117 2
-0.077792 0.752907 1.446885 2
-0.069249 0.808308 1.457815 2
-0.092670 0.887554 1.483058 2
-0.115710 0.964802 1.507677 2
-0.099281 1.011338 1.514215 2
-0.123272 1.086640 1.538541 2
-0.141603 1.156358 1.559960 2
-0.157383 1.222940 1.579898 2
-0.155664 1.276445 1.591926 2
-0.187504 1.351416 1.618152 2
-0.172927 1.394735 1.624181 2
-0.185242 1.454764 1.641466 2
-0.176328 1.500650 1.649570 2
-0.202175 1.567119 1.672003 2
-0.198229 1.614662 1.681783 2
-0.151901 1.637271 1.674034 2
-0.185955 1.705794 1.699096 2
-0.229006 1.777780 1.727416 2
-0.183772 1.800710 1.719922 2
-0.169493 1.840495 1.724853 2
-0.121736 1.863030 1.716483 2
-0.106900 1.902674 1.721145 2
-0.034567 1.914286 1.703347 2
-0.054248 1.970750 1.721385 2
0.002167 1.991199 1.709951 2
0.034580 2.023340 1.707831 2
0.097764 2.042391 1.694092 2
0.155139 2.064991 1.682732 2
0.209161 2.089912 1.672786 2
0.166375 2.154495 1.698896 2
0.436982 2.095704 1.609185 2
0.577665 2.091847 1.568241 2
0.737737 2.083718 1.520806 2
1.029360 2.032163 1.426505 2
1.229276 2.018297 1.366366 2
1.324454 2.043306 1.344362 2
-2.043328 0.853084 2.026137 1
-2.249014 1.245409 2.173658 1
-2.376832 1.499929 2.267991 1
-2.347809 1.505043 2.262265 1
-2.317129 1.508128 2.255610 1
-2.300768 1.532633 2.257728 1
-2.267025 1.531958 2.249349 1
-2.216706 1.508830 2.231345 1
-2.180797 1.507075 2.222124 1
-0.955774 -0.086078 1.528787 0
-0.952905 -0.009791 1.546846 0
-0.941555 0.053685 1.559627 0
-0.934079 0.120647 1.574179 0
-0.930049 0.190335 1.590213 0
-0.929115 0.262135 1.607492 0
-0.935458 0.340832 1.628224 0
-0.920226 0.392573 1.636978 0
-0.924247 0.465267 1.655596 0
-0.905777 0.511243 1.662066 0
-0.920169 0.592357 1.685251 0
-0.885845 0.619439 1.683096 0
-0.892352 0.689325 1.701515 0
-0.166658 0.007521 1.354111 6
-0.108812 0.024759 1.343511 6
0.050221 -0.056717 1.283548 6
-0.155144 0.217860 1.401279 3
-0.099242 0.236222 1.391309 2
0.015507 0.200901 1.353495 3
-0.067871 0.348206 1.409680 2
-0.055496 0.406072 1.420094 2
-0.082818 0.497706 1.448644 2
-0.083407 0.564383 1.464389 2
-0.112860 0.654015 1.492938 2
-0.110429 0.715450 1.506593 2
-0.123863 0.788633 1.527066 2
-0.131267 0.855625 1.544492 2
-0.143599 0.925190 1.563760 2
-0.147028 0.986721 1.578806 2
-0.175988 1.066055 1.604601 2
-0.180083 1.125684 1.619308 2
-0.193688 1.191069 1.637795 2
-0.172893 1.231472 1.641479 2
-0.159199 1.276521 1.648057 2
-0.150369 1.324438 1.656534 2
-0.192742 1.405007 1.685924 2
-0.200881 1.462002 1.700878 2
-0.204749 1.515453 1.713863 2
-0.182644 1.552442 1.716207 2
-0.185268 1.604025 1.728371 2
-0.189236 1.655702 1.740879 2
-0.142315 1.677988 1.733209 2
-0.192714 1.754537 1.763593 2
-0.188026 1.799597 1.772211 2
-0.159891 1.831948 1.771698 2
-0.153166 1.875463 1.779359 2
-0.091033 1.890994 1.765935 2
-0.086444 1.935597 1.774338 2
-0.062356 1.970592 1.775350 2
-0.067842 2.019377 1.787315 2
0.013842 2.028384 1.767043 2
0.012695 2.075174 1.777330 2
0.076934 2.093679 1.763759 2
0.192138 2.092204 1.732021 2
0.208926 2.132596 1.735952 2
0.387944 2.109640 1.682182 2
0.520238 2.108129 1.645652 2
0.744082 2.075614 1.577533 2
1.014328 2.031272 1.494188 2
1.120363 2.049243 1.468788 2
1.241669 2.064086 1.438501 2
-2.182271 0.959748 2.126034 1
-2.349558 1.301374 2.247048 1
-2.432905 1.491933 2.312220 1
-2.411326 1.507854 2.311010 1
-2.374885 1.500605 2.300758 1
-2.343833 1.502517 2.293939 1
-2.324429 1.522344 2.294115 1
-2.300198 1.534955 2.291413 1
-0.969115 -0.315198 1.536875 0
-0.933284 -0.279085 1.536971 0
-0.960158 -0.157582 1.572156 0
-0.944608 -0.096637 1.582880 0
-0.950674 -0.008677 1.605105 0
-0.937958 0.052796 1.616559 0
-0.908684 0.092169 1.618809 0
-0.933252 0.197404 1.649428 0
-0.934543 0.271522 1.667113 0
-0.937254 0.345519 1.685079 0
-0.903222 0.375220 1.683781 0
-0.899075 0.438802 1.697590 0
-0.867088 0.470114 1.697097 0
-0.393811 0.021110 1.477644 6
-0.301915 -0.001899 1.449885 6
-0.242766 0.011654 1.438547 6
-0.154245 -0.003965 1.413244 6
-0.101223 0.018143 1.405303 6
-0.018983 0.012138 1.383677 6
-0.083420 0.149263 1.430973 3
-0.032346 0.173360 1.423852 3
-0.103288 0.310945 1.472785 2
-0.090713 0.368817 1.482823 2
-0.121388 0.464318 1.512116 2
-0.152900 0.558227 1.541220 2
-0.139962 0.611948 1.550117 2
-0.143512 0.678783 1.566056 2
-0.132412 0.732430 1.575325 2
-0.181040 0.833302 1.610137 2
-0.169541 0.884350 1.618653 2
-0.193962 0.962442 1.642216 2
-0.182114 1.011517 1.650136 2
-0.184383 1.070489 1.663788 2
-0.161962 1.110712 1.667004 2
-0.203579 1.196040 1.696386 2
-0.195701 1.245084 1.705172 2
-0.165890 1.278754 1.704970 2
-0.184162 1.344386 1.723988 2
-0.167314 1.386023 1.728769 2
-0.189862 1.452398 1.748976 2
-0.188485 1.502645 1.759524 2
-0.163876 1.538217 1.760905 2
-0.141376 1.575085 1.763076 2
-0.179638 1.647082 1.788404 2
-0.146420 1.677092 1.786280 2
-0.181775 1.745234 1.809971 2
-0.179261 1.791505 1.819184 2
-0.128707 1.812064 1.810473 2
-0.122277 1.856027 1.818121 2
-0.100929 1.892190 1.820221 2
-0.079237 1.928233 1.822175 2
-0.049597 1.960563 1.821254 2
-0.023628 1.994859 1.821668 2
0.000510 2.030163 1.822739 2
-0.009513 2.080600 1.835841 2
0.073573 2.090634 1.816212 2
0.189898 2.088432 1.785331 2
0.167759 2.144387 1.802648 2
0.399640 2.099944 1.732749 2
0.555697 2.089280 1.689622 2
0.776612 2.057878 1.625199 2
0.957752 2.045304 1.575024 2
1.057760 2.064486 1.552592 2
1.157038 2.085747 1.530733 2
1.320702 2.087964 1.488035 2
1.373993 2.127927 1.481982 2
-2.120755 0.650800 2.080553 1
-2.300632 1.043357 2.211574 1
-2.454133 1.372773 2.322077 1
-2.494498 1.495677 2.359497 1
-2.467757 1.502245 2.354984 1
-2.444029 1.514038 2.352338 1
-2.399377 1.492720 2.337333 1
-2.364147 1.487603 2.328165 1
-2.334596 1.491986 2.322448 1
-0.952057 -0.514067 1.548559 0
-0.950223 -0.425419 1.568382 0
-0.974159 -0.302580 1.601868 0
-0.931951 -0.275834 1.598271 0
-0.942164 -0.177447 1.622980 0
-0.931307 -0.110053 1.635770 0
-0.934682 -0.025595 1.655683 0
-0.918667 0.031776 1.664951 0
-0.915316 0.103913 1.680461 0
-0.913120 0.175752 1.696143 0
-0.890280 0.221026 1.701011 0
-0.627485 -0.017452 1.586116 6
-0.558504 -0.021001 1.569190 6
-0.513083 0.003609 1.564055 6
-0.460024 0.020102 1.555283 6
-0.378915 0.006786 1.533235 6
-0.323661 0.022948 1.523809 6
-0.230659 0.000444 1.496850 6
-0.153554 -0.003452 1.477745 6
-0.068059 -0.014139 1.455116 6
-0.010555 0.004624 1.445605 6
-0.171422 0.234596 1.534565 3
-0.118364 0.254907 1.526389 2
-0.124827 0.330979 1.544632 2
-0.150391 0.422835 1.570871 2
-0.169321 0.506618 1.593723 2
-0.193832 0.593391 1.618536 2
-0.196906 0.659870 1.633747 2
-0.162373 0.693717 1.632785 2
-0.185941 0.775259 1.656145 2
-0.176720 0.828687 1.665473 2
-0.196621 0.904317 1.686609 2
-0.200732 0.966202 1.700931 2
-0.156399 0.990541 1.695399 2
-0.181762 1.066816 1.717913 2
-0.168433 1.113498 1.724651 2
-0.181333 1.178310 1.741623 2
-0.202654 1.247765 1.761612 2
-0.172126 1.280702 1.761141 2
-0.174896 1.335860 1.773503 2
-0.188187 1.397039 1.789690 2
-0.206638 1.460419 1.807580 2
-0.168222 1.487352 1.803798 2
-0.143594 1.523065 1.805226 2
-0.163264 1.585070 1.823048 2
-0.150811 1.627334 1.828794 2
-0.176192 1.690743 1.848265 2
-0.153010 1.726084 1.849867 2
-0.162224 1.778957 1.863098 2
-0.190675 1.841187 1.883008 2
-0.131252 1.857034 1.871517 2
-0.128602 1.902338 1.880165 2
-0.065991 1.917928 1.867777 2
-0.039858 1.951970 1.868222 2
-0.035593 1.996338 1.876200 2
-0.019944 2.035217 1.880194 2
0.016745 2.064785 1.877017 2
1.625633 1.422022 1.344623 2
0.147740 2.101306 1.851599 2
0.190246 2.130561 1.846824 2
0.391298 2.098123 1.789884 2
0.514398 2.099649 1.759277 2
0.762736 2.057262 1.688418 2
0.873606 2.069405 1.662941 2
0.987492 2.082593 1.636882 2
1.130876 2.088010 1.601826 2
1.241461 2.106880 1.577657 2
-2.025829 0.239649 2.012008 1
-2.230338 0.714624 2.161431 1
-2.401517 1.105807 2.285073 1
-2.524429 1.391608 2.374927 1
-2.555925 1.502471 2.406255 1
-2.520766 1.493210 2.396547 1
-2.500591 1.510386 2.395923 1
-2.465195 1.502176 2.386369 1
-2.445149 1.519826 2.385851 1
-2.406267 1.507473 2.374595 1
-0.941833 -0.713695 1.565242 0
-0.933686 -0.629256 1.581932 0
-0.936395 -0.531042 1.604007 0
-0.909256 -0.479084 1.609345 0
-0.931205 -0.358268 1.640565 0
-0.911482 -0.299258 1.649034 0
-0.902768 -0.226458 1.662929 0
-0.920326 -0.120371 1.689891 0
-0.902651 -0.063462 1.698285 0
-0.836125 -0.070188 1.681935 0
-0.808293 -0.026891 1.685058 0
-0.748547 -0.023302 1.672411 0
-0.676579 -0.033307 1.654056 0
-0.608212 -0.037384 1.637766 6
-0.571559 -0.003352 1.636806 6
-0.519775 0.013508 1.628712 6
-0.434920 -0.005661 1.605377 6
-0.401715 0.033447 1.606211 6
-0.333568 0.035147 1.591083 6
-0.247731 0.019704 1.568244 6
-0.180561 0.025402 1.554139 6
-0.085566 0.004417 1.527979 6
-0.005023 -0.000043 1.508606 6
-0.173429 0.237046 1.597439 2
-0.174510 0.308231 1.612748 2
-0.178946 0.381161 1.629171 2
-0.215547 0.481825 1.658819 2
-0.191630 0.526156 1.662637 2
-0.157585 0.561357 1.662174 2
-0.184508 0.648647 1.686703 2
-0.192966 0.718473 1.703278 2
-0.199445 0.785339 1.718751 2
-0.208612 0.853135 1.735018 2
-0.165275 0.878389 1.730202 2
-0.173858 0.944076 1.745848 2
-0.187340 1.012269 1.763131 2
-0.183616 1.066455 1.773477 2
-0.156565 1.103047 1.774715 2
-0.154619 1.157408 1.785467 2
-0.150679 1.209648 1.795293 2
-0.149480 1.263093 1.805986 2
-0.181827 1.338081 1.828948 2
-0.152700 1.371524 1.828939 2
-0.158393 1.427206 1.841643 2
-0.136862 1.465157 1.844298 2
-0.152945 1.525884 1.860434 2
-0.154804 1.577103 1.871260 2
-0.155282 1.626863 1.881443 2
-0.145061 1.669964 1.887727 2
-0.132972 1.711732 1.893279 2
-0.151184 1.769638 1.909240 2
-0.142271 1.812235 1.915670 2
-0.129846 1.852738 1.920825 2
-0.104177 1.886406 1.921443 2
-0.070708 1.916414 1.919455 2
-0.058642 1.956994 1.924647 2
1.609071 1.227465 1.382148 2
1.640389 1.279054 1.384881 2
1.630497 1.348945 1.401045 2
1.631349 1.413389 1.413535 2
0.161080 2.091147 1.898632 2
0.207294 2.118917 1.893007 2
0.364473 2.103636 1.852338 2
0.554101 2.079163 1.802068 2
0.690903 2.078227 1.769041 2
0.793709 2.092225 1.747058 2
0.913845 2.102096 1.720084 2
1.054005 2.107497 1.687405 2
1.193524 2.115824 1.655418 2
1.342608 2.123817 1.621037 2
-2.174437 0.374135 2.119198 1
-2.354356 0.817326 2.250564 1
-2.489551 1.152550 2.349729 1
-2.627454 1.477548 2.447295 1
-2.614812 1.508103 2.451069 1
-2.590437 1.516530 2.447697 1
-2.544755 1.487394 2.431908 1
-2.531748 1.516769 2.435326 1
-2.495023 1.505279 2.425122 1
-2.462583 1.502001 2.417541 1
-0.937260 -0.813064 1.607740 0
-0.900314 -0.770782 1.608696 0
-0.920060 -0.643179 1.639580 0
-0.920487 -0.548367 1.659461 0
-0.920592 -0.456773 1.678582 0
-0.917296 -0.372601 1.695405 0
-0.902452 -0.306752 1.705913 0
-0.826760 -0.325215 1.685771 0
-0.835314 -0.229371 1.707514 0
-0.793214 -0.202328 1.704026 0
-0.769645 -0.151435 1.709469 0
-0.729693 -0.121868 1.706930 0
-0.692351 -0.089025 1.705615 0
-0.675256 -0.031880 1.713696 0
-0.599028 -0.045415 1.694321 6
-0.564126 -0.009398 1.694133 6
-0.485848 -0.022577 1.674346 6
-0.479111 0.045427 1.686842 6
-0.376361 0.007742 1.656637 6
-0.308408 0.009978 1.642211 6
-0.242315 0.015465 1.628839 6
-0.177727 0.023696 1.616338 6
-0.093432 0.013287 1.595680 6
-0.040810 0.035896 1.588703 6
-0.184312 0.248042 1.663506 2
-0.170530 0.304775 1.671994 2
-0.197823 0.398727 1.697091 2
-0.157222 0.428834 1.694211 2
-0.204085 0.536942 1.726467 2
-0.165586 0.567856 1.724177 2
-0.193994 0.656101 1.748290 2
-0.159458 0.689642 1.747372 2
-0.197583 0.782843 1.774606 2
-0.192583 0.839144 1.784802 2
-0.184827 0.892471 1.793769 2
-0.172804 0.941826 1.800969 2
-0.170159 0.997731 1.811557 2
-0.161826 1.048640 1.819858 2
-0.163183 1.105968 1.831589 2
-0.178659 1.172434 1.848287 2
-0.164188 1.216883 1.853872 2
-0.162336 1.269560 1.863907 2
-0.165947 1.325180 1.875735 2
-0.149442 1.366913 1.880273 2
-0.116676 1.398089 1.879047 2
-0.144980 1.467468 1.899102 2
-0.133478 1.511222 1.905115 2
-0.152993 1.573090 1.921675 2
-0.161979 1.627711 1.934417 2
-0.132061 1.659436 1.933858 2
-0.173052 1.730683 1.957062 2
-0.102119 1.739740 1.942752 2
-0.139252 1.807192 1.964310 2
-0.119730 1.843968 1.967027 2
-0.107061 1.884186 1.971952 2
1.623173 1.081558 1.423092 2
1.617781 1.151258 1.437795 2
1.662411 1.196849 1.436430 2
1.650937 1.268351 1.452818 2
0.105479 2.017047 1.949193 2
0.169532 2.036093 1.938231 2
0.197828 2.071188 1.938493 2
0.204788 2.115213 1.945320 2
0.286954 2.129276 1.929217 2
0.540896 2.078914 1.861525 2
0.632209 2.094508 1.843585 2
0.769686 2.095101 1.812206 2
0.868253 2.112003 1.792815 2
1.001919 2.118821 1.763450 2
1.180459 2.113501 1.721480 2
1.292947 2.132648 1.699260 2
-2.060166 -0.139566 2.037755 1
-2.280877 0.435594 2.198268 1
-2.447724 0.869590 2.319438 1
-2.577342 1.206616 2.413538 1
-2.667921 1.449933 2.480855 1
-2.669680 1.509307 2.493121 1
-2.642970 1.512373 2.488268 1
-2.607065 1.498824 2.478197 1
-2.579005 1.500690 2.472814 1
-2.552615 1.506011 2.468458 1
-2.531065 1.520049 2.466832 1
-0.908436 -0.751017 1.679003 0
-0.894574 -0.675029 1.691255 0
-0.857774 -0.634939 1.691598 0
-0.827408 -0.585944 1.695031 0
-0.795342 -0.540133 1.697464 0
-0.767502 -0.489077 1.701802 0
-0.750780 -0.423729 1.711273 0
-0.724657 -0.372298 1.716014 0
-0.686809 -0.336972 1.715107 0
-0.677429 -0.265422 1.727294 0
-0.640220 -0.230301 1.726451 0
-0.619020 -0.175668 1.732797 0
-0.632743 -0.079963 1.754544 6
-0.625024 -0.012033 1.766308 6
-0.578275 0.009451 1.760722 6
-0.512738 0.010135 1.747084 6
-0.433737 -0.002810 1.727921 6
-0.384947 0.018915 1.721911 6
-0.284043 -0.014335 1.694123 6
-0.219823 -0.006599 1.682089 6
-0.154252 0.000873 1.669704 6
-0.110239 0.031111 1.666313 6
-0.032999 0.028974 1.649553 6
-0.167238 0.232105 1.717617 2
-0.208226 0.340663 1.747466 2
-0.165446 0.368865 1.743882 2
-0.159111 0.430451 1.754516 2
-0.182347 0.517339 1.776338 2
-0.154581 0.557804 1.778287 2
-0.153104 0.620560 1.790141 2
-0.157798 0.687442 1.804095 2
-0.153914 0.746086 1.814613 2
-0.153606 0.806721 1.826266 2
-0.173904 0.882601 1.845250 2
-0.147304 0.920745 1.846919 2
-0.171714 0.997331 1.866892 2
-0.170542 1.053367 1.877422 2
-0.164688 1.105206 1.886129 2
-0.180066 1.171456 1.902142 2
-0.160152 1.211973 1.905636 2
-0.135483 1.249088 1.907445 2
-0.146813 1.310109 1.921551 2
-0.158497 1.370320 1.935565 2
-0.148166 1.415503 1.941963 2
-0.150185 1.467995 1.952400 2
-0.150776 1.518918 1.962219 2
-0.161967 1.575507 1.975389 2
-0.130731 1.606523 1.974537 2
-0.156187 1.670001 1.992070 2
-0.151060 1.715268 1.999534 2
-0.133152 1.753195 2.002834 2
-0.149143 1.808996 2.016834 2
-0.105307 1.832974 2.011867 2
-0.114101 1.884087 2.023401 2
-0.066894 1.906969 2.017475 2
-0.046520 1.943407 2.019903 2
0.035458 1.951108 2.003562 2
0.072114 1.980970 2.001200 2
0.115088 2.008470 1.997012 2
0.173462 2.029919 1.988335 2
0.178814 2.074568 1.995504 2
0.221886 2.103544 1.991535 2
0.307032 2.116439 1.975404 2
0.522150 2.080859 1.921952 2
0.582070 2.107767 1.913893 2
0.719029 2.107720 1.884036 2
0.856106 2.110313 1.854629 2
0.952902 2.129269 1.837019 2
1.145421 2.118478 1.793018 2
1.284578 2.128508 1.764488 2
-2.216385 0.021917 2.150270 1
-2.419772 0.580767 2.296958 1
-2.541855 0.932357 2.388076 1
-2.672784 1.285625 2.481261 1
-2.676576 1.355943 2.495392 1
-2.656069 1.373833 2.494724 1
-2.651248 1.422631 2.503043 1
-2.641561 1.460219 2.508261 1
-2.650102 1.531128 2.523430 1
-2.598546 1.488135 2.505003 1
-2.575139 1.498561 2.502318 1
-0.745762 -0.794140 1.702286 0
-0.731101 -0.719310 1.713482 0
-0.690831 -0.682556 1.712338 0
-0.646932 -0.651039 1.709466 0
-0.664235 -0.536386 1.734574 0
-0.616352 -0.511808 1.729575 0
-0.616689 -0.424090 1.746174 8
-0.615888 -0.340060 1.761839 8
-0.607973 -0.267002 1.773997 8
-0.577401 -0.223328 1.776047 8
-0.636978 -0.071864 1.816553 6
-0.634109 0.001390 1.829740 6
-0.541424 -0.030543 1.805012 6
-0.506924 0.005838 1.804864 6
-0.458052 0.026181 1.798792 6
-0.385020 0.020823 1.783001 6
-0.320555 0.026146 1.770939 6
-0.246789 0.022935 1.755385 6
-0.177944 0.026286 1.742049 6
-0.114101 0.035945 1.730899 6
-0.034632 0.031328 1.713898 6
-0.186314 0.250983 1.785749 2
-0.172624 0.307350 1.793489 2
-0.171304 0.374383 1.805726 2
-0.163468 0.434306 1.815303 2
-0.164634 0.501311 1.828025 2
-0.173405 0.573740 1.843298 2
-0.143297 0.611548 1.844195 2
-0.138734 0.670685 1.854260 2
-0.141374 0.734835 1.866719 2
-0.148204 0.801253 1.880447 2
-0.178847 0.885218 1.902286 2
-0.164579 0.932634 1.908163 2
-0.165528 0.991095 1.919189 2
-0.147933 1.034939 1.923708 2
-0.160214 1.100125 1.938283 2
-0.158949 1.154516 1.948081 2
-0.165570 1.213636 1.960360 2
-0.163723 1.266046 1.969658 2
-0.147888 1.308472 1.974238 2
-0.136016 1.353223 1.980052 2
-0.141208 1.408489 1.991298 2
-0.172093 1.478952 2.010610 2
-0.135095 1.506563 2.008088 2
-0.117789 1.546293 2.011834 2
-0.147450 1.613232 2.030225 2
-0.129294 1.651590 2.033529 2
-0.125353 1.697765 2.041185 2
-0.127970 1.747057 2.050754 2
-0.129625 1.795244 2.059916 2
-0.106133 1.829864 2.061410 2
-0.097949 1.872309 2.067481 2
-0.050987 1.895374 2.062012 2
-0.038144 1.935515 2.066688 2
0.044963 1.942615 2.050839 2
0.055061 1.984578 2.056399 2
0.119787 2.002076 2.046223 2
0.135521 2.041866 2.050211 2
0.199042 2.061504 2.040658 2
0.224613 2.097739 2.041954 2
0.345641 2.096212 2.016662 2
0.396064 2.124330 2.011333 2
0.560101 2.110617 1.974925 2
0.667632 2.120763 1.954516 2
0.824288 2.115616 1.921169 2
0.987879 2.111198 1.886511 2
1.125829 2.118477 1.859264 2
1.277925 2.123877 1.828741 2
-2.104083 -0.572390 2.069805 1
-2.341031 0.128027 2.241414 1
-2.507029 0.622284 2.362277 1
-2.641991 1.018948 2.459610 1
-2.681206 1.179631 2.496056 1
-2.661415 1.203111 2.496458 1
-2.648191 1.240051 2.500544 1
-2.663002 1.334197 2.520319 1
-2.658663 1.385355 2.528672 1
-2.646783 1.419652 2.532538 1
-2.632180 1.447614 2.534740 1
-2.624533 1.487978 2.540510 1
-0.630721 -0.761844 1.750952 7
-0.589827 -0.724737 1.749672 7
-0.552376 -0.683142 1.749861 0
-0.620280 -0.501930 1.795489 8
-0.631677 -0.400288 1.815902 8
-0.609726 -0.343964 1.821726 8
-0.571365 -0.309103 1.820521 8
-0.563591 -0.236885 1.831937 8
-0.601064 -0.111957 1.861569 6
-0.597891 -0.038481 1.874097 6
-0.579452 0.015780 1.880221 6
-0.496055 -0.004175 1.860447 6
-0.455634 0.025535 1.857902 6
-0.371252 0.007702 1.838311 6
-0.323348 0.030717 1.833109 6
-0.267136 0.045538 1.824825 6
-0.190906 0.040706 1.809134 6
-0.128001 0.050830 1.798703 6
-0.081847 0.078451 1.794654 6
-0.173525 0.239169 1.841191 2
-0.182066 0.316558 1.856667 2
-0.160164 0.364172 1.860899 2
-0.143879 0.416444 1.867053 2
-0.163521 0.500041 1.885790 2
-0.153276 0.555741 1.893727 2
-0.142866 0.610543 1.901469 2
-0.165820 0.692549 1.920559 2
-0.153393 0.743724 1.927256 2
-0.164095 0.812901 1.941667 2
-0.146198 0.858245 1.946254 2
-0.149139 0.919307 1.957701 2
-0.154532 0.981228 1.969777 2
-0.157136 1.040048 1.980754 2
-0.146006 1.087993 1.987113 2
-0.141180 1.139940 1.995413 2
-0.143980 1.196545 2.006026 2
-0.126035 1.238195 2.009928 2
-0.123978 1.290212 2.018773 2
-0.122685 1.342072 2.027737 2
-0.166579 1.422092 2.050527 2
-0.116099 1.441364 2.044089 2
-0.154551 1.515634 2.064791 2
-0.097464 1.531251 2.056407 2
-0.094883 1.579582 2.064481 2
-0.124332 1.645649 2.081959 2
-0.088106 1.673809 2.079873 2
-0.108186 1.732987 2.094293 2
-0.075585 1.763138 2.093263 2
-0.106082 1.826318 2.110426 2
-0.073307 1.856222 2.109314 2
-0.037466 1.884944 2.107390 2
-0.005699 1.916039 2.106682 2
0.017967 1.951250 2.108284 2
0.054676 1.980621 2.106299 2
0.087130 2.012329 2.105558 2
0.146340 2.032780 2.097585 2
0.161706 2.072700 2.101637 2
1.669589 1.500254 1.705213 2
0.276555 2.118864 2.087310 2
0.414787 2.112031 2.059033 2
0.481573 2.134817 2.049978 2
0.633388 2.127703 2.018986 2
0.795544 2.119941 1.985852 2
0.870459 2.145292 1.975650 2
1.010636 2.150270 1.949064 2
1.143427 2.160312 1.924816 2
1.290549 2.168427 1.897418 2
-2.275186 -0.360461 2.192512 1
-2.473557 0.270541 2.336466 1
-2.611877 0.716130 2.437791 1
-2.689421 0.989614 2.498599 1
-2.657334 0.988982 2.492460 1
-2.677058 1.108561 2.516384 1
-2.660441 1.140861 2.518723 1
-2.646771 1.178563 2.522531 1
-2.639244 1.228070 2.529491 1
-2.634579 1.281667 2.537681 1
-2.649524 1.372995 2.555937 1
-1.879089 -0.093358 2.163247 1
-1.861850 -0.034345 2.170000 1
-1.799011 -0.063133 2.153342 1
-1.754490 -0.055896 2.146219 1
-0.619301 -0.772182 1.812345 7
-0.595673 -0.711204 1.818274 7
-0.515542 -0.727941 1.800461 7
-0.605704 -0.516653 1.853165 8
-0.634147 -0.392829 1.879498 8
-0.626660 -0.318460 1.890727 8
-0.572831 -0.303624 1.883198 8
-0.545106 -0.256154 1.886086 8
-0.540119 -0.182007 1.897753 8
-0.572908 -0.065112 1.923734 6
-0.562696 -0.001053 1.932717 6
-0.515840 0.020409 1.927628 6
-0.465468 0.038435 1.921302 6
-0.365941 0.003755 1.896854 6
-0.320543 0.029323 1.892744 6
-0.260560 0.040054 1.883394 6
-0.212123 0.063546 1.878370 6
-0.110078 0.033823 1.854307 6
-0.044387 0.042394 1.843536 6
-0.147327 0.214446 1.891999 2
-0.155534 0.291810 1.906705 2
-0.159735 0.363872 1.919765 2
-0.165581 0.436033 1.933151 2
-0.177299 0.512011 1.948282 2
-0.174777 0.574020 1.958386 2
-0.176620 0.638741 1.969766 2
-0.159829 0.686737 1.974832 2
-0.158770 0.747177 1.984949 2
-0.165549 0.812957 1.997435 2
-0.145606 0.856510 2.001165 2
-0.121651 0.896678 2.003575 2
-0.129821 0.960990 2.016077 2
-0.142381 1.027429 2.029760 2
-0.106103 1.057219 2.028116 2
-0.105639 1.112731 2.037518 2
-0.112326 1.172441 2.048969 2
-0.098803 1.217431 2.054154 2
-0.129917 1.291828 2.072654 2
-0.106575 1.329103 2.074702 2
-0.133774 1.398610 2.091644 2
-0.097621 1.427135 2.089823 2
-0.091904 1.474601 2.096892 2
-0.079181 1.517413 2.101868 2
-0.090968 1.574271 2.113795 2
-0.099492 1.628370 2.124647 2
-0.056928 1.653189 2.121015 2
-0.051351 1.698710 2.127789 2
-0.078626 1.761319 2.143581 2
-0.053663 1.795588 2.144838 2
-0.043125 1.837296 2.150045 2
-0.017772 1.871453 2.151215 2
0.005751 1.906643 2.152903 2
0.063705 1.925754 2.145458 2
0.077872 1.965878 2.149731 2
0.070515 2.015512 2.159624 2
0.120581 2.039590 2.154499 2
0.189433 2.056482 2.144665 2
1.674951 1.491740 1.772679 2
0.172001 2.155885 2.164994 2
0.406438 2.110231 2.113773 2
0.461074 2.137338 2.108336 2
0.615945 2.128601 2.078191 2
0.747546 2.131200 2.054306 2
0.882097 2.135321 2.030139 2
1.004562 2.146052 2.009349 2
1.130526 2.157959 1.988118 2
1.268344 2.168539 1.964470 2
-2.402116 -0.243016 2.285801 1
-2.578564 0.358476 2.413340 1
-2.669094 0.698047 2.483675 1
-2.683102 0.822116 2.505873 1
-2.672147 0.877517 2.512628 1
-2.650299 0.904065 2.512823 1
-2.646282 0.971967 2.522839 1
-2.643881 1.040624 2.533276 1
-2.638571 1.099818 2.541685 1
-2.628848 1.146975 2.547385 1
-1.947107 -0.236726 2.203381 1
-1.906194 -0.221985 2.198254 1
-1.868721 -0.200048 2.194903 1
-1.825833 -0.188892 2.188860 1
-1.825299 -0.095706 2.203571 1
-1.797045 -0.058077 2.204414 1
-1.747928 -0.059564 2.195250 1
-1.670019 -0.111696 2.172803 1
-0.610917 -0.778237 1.874968 7
-0.579028 -0.728804 1.877148 7
-0.517387 -0.720320 1.867424 7
-0.595548 -0.525505 1.912715 8
-0.619114 -0.408139 1.935782 8
-0.610482 -0.335163 1.945953 8
-0.585425 -0.284295 1.949634 8
-0.551967 -0.244431 1.950050 8
-0.544927 -0.173208 1.960249 8
-0.583634 -0.049796 1.987044 6
-0.557683 -0.004364 1.989724 6
-0.486087 -0.010926 1.975875 6
-0.444502 0.017253 1.972996 6
-0.387002 0.028390 1.964535 6
-0.322101 0.032559 1.953637 6
-0.248175 0.028514 1.939812 6
-0.193131 0.045293 1.932725 6
-0.123736 0.048447 1.920888 6
-0.067817 0.066134 1.913809 6
-0.153372 0.220766 1.954083 2
-0.146538 0.283614 1.963066 2
-0.163013 0.367001 1.979529 2
-0.141624 0.414209 1.983406 2
-0.130802 0.470391 1.990623 2
-0.147338 0.549650 2.006450 2
-0.144905 0.611022 2.016014 2
-0.143867 0.672579 2.025863 2
-0.110836 0.706885 2.025617 2
-0.116351 0.772284 2.037267 2
-0.155641 0.863156 2.059051 2
-0.105262 0.882605 2.053338 2
-0.107984 0.942913 2.063686 2
-0.102894 0.996477 2.071560 2
-0.092832 1.045746 2.077861 2
-0.079436 1.092132 2.083109 2
-0.081716 1.149039 2.092852 2
-0.092107 1.210642 2.104801 2
-0.077542 1.254558 2.109460 2
-0.065049 1.299528 2.114664 2
-0.080647 1.362107 2.127711 2
-0.099129 1.425388 2.141387 2
-0.073484 1.460534 2.142684 2
-0.040699 1.491479 2.142043 2
-0.072452 1.560430 2.159005 2
-0.031665 1.586494 2.156169 2
-0.037573 1.639134 2.165917 2
-0.045169 1.691990 2.176005 2
-0.061091 1.748556 2.188171 2
-0.039182 1.784518 2.190308 2
-0.056835 1.840622 2.202714 2
0.004681 1.856572 2.194615 2
0.040045 1.886199 2.193368 2
0.063013 1.922066 2.195332 2
0.119702 1.942546 2.188851 2
0.117130 1.990454 2.197294 2
0.129815 2.031228 2.201891 2
0.158432 2.065128 2.202569 2
0.195989 2.095602 2.201122 2
0.231472 2.127379 2.200262 2
0.422793 2.098844 2.162159 2
0.482155 2.124194 2.156078 2
0.592220 2.131873 2.138212 2
0.700018 2.142435 2.121232 2
0.851122 2.140058 2.094552 2
0.962703 2.153839 2.077472 2
1.137207 2.149333 2.046380 2
1.263336 2.163362 2.026830 2
-2.525412 -0.117412 2.375814 1
-2.680848 0.452995 2.487711 1
-2.671480 0.527874 2.497041 1
-2.659925 0.593060 2.504559 1
-2.654825 0.672170 2.515297 1
-2.649054 0.745732 2.525105 1
-2.643670 0.816823 2.534628 1
-2.640046 0.888942 2.544625 1
-2.132504 -0.228942 2.288886 1
-2.069286 -0.268172 2.271817 1
-2.050066 -0.206193 2.277563 1
-1.986570 -0.242774 2.260860 1
-1.964798 -0.188091 2.265096 1
-1.916905 -0.189191 2.256443 1
-1.869294 -0.188721 2.248084 1
-1.806068 -0.218060 2.232549 1
-1.772246 -0.188528 2.230968 1
-1.753330 -0.131429 2.236127 1
-1.715967 -0.109811 2.232768 1
-1.669224 -0.105007 2.225266 1
-1.618758 -0.105952 2.216264 1
-0.594220 -0.796015 1.934276 7
-0.599667 -0.694936 1.950459 7
-0.502910 -0.734800 1.927721 7
-0.594715 -0.522014 1.975719 8
-0.568602 -0.469471 1.979166 8
-0.562433 -0.392370 1.989780 8
-0.579577 -0.287995 2.008552 8
-0.546573 -0.247707 2.008999 8
-0.504007 -0.219165 2.006035 8
-0.553787 -0.082112 2.035412 6
-0.574627 0.017568 2.054159 6
-0.485942 -0.008856 2.034974 6
-0.451819 0.027341 2.034676 6
-0.377765 0.020165 2.020954 6
-0.315739 0.027371 2.011494 6
-0.242336 0.023794 1.998461 6
-0.161736 0.014379 1.983324 6
-0.047432 -0.027015 1.957569 6
0.015052 -0.014492 1.948904 6
-0.150528 0.218526 2.012821 2
-0.149542 0.286742 2.023172 2
-0.152950 0.357787 2.034716 2
-0.132884 0.406187 2.038812 2
-0.109377 0.451061 2.041795 2
-0.097432 0.505692 2.048251 2
-0.121106 0.590060 2.065327 2
-0.076686 0.615517 2.061820 2
-0.075834 0.677191 2.071274 2
-0.124027 0.777345 2.094962 2
-0.090707 0.810707 2.094586 2
-0.078591 0.860582 2.100352 2
-0.073895 0.915552 2.108168 2
-0.072138 0.971972 2.116716 2
-0.092018 1.043317 2.131227 2
-0.059079 1.075675 2.130821 2
-0.054617 1.128058 2.138321 2
-0.056642 1.184231 2.147509 2
-0.085483 1.257513 2.163867 2
-0.033919 1.276706 2.158338 2
-0.052902 1.341781 2.171786 2
-0.065859 1.401888 2.183460 2
-0.049717 1.443178 2.187340 2
-0.073972 1.508469 2.201732 2
-0.014576 1.523527 2.194309 2
-0.025230 1.579660 2.205019 2
-0.016091 1.623871 2.210569 2
0.005891 1.660744 2.212840 2
-0.017247 1.721730 2.226419 2
-0.041527 1.782207 2.240117 2
-0.020458 1.818502 2.242481 2
-0.001114 1.855691 2.245283 2
0.049664 1.877655 2.240479 2
0.086396 1.907024 2.239188 2
0.086159 1.953844 2.246794 2
0.132223 1.979454 2.243387 2
0.165062 2.011500 2.243203 2
0.180292 2.051385 2.247185 2
0.242650 2.071723 2.240290 2
0.294810 2.097199 2.235911 2
0.479706 2.071584 2.201520 2
0.537206 2.098122 2.196466 2
0.607094 2.121001 2.188804 2
0.725431 2.127737 2.170606 2
0.868797 2.128041 2.147284 2
0.956788 2.149696 2.136509 2
1.116028 2.149763 2.110589 2
-2.480600 -0.652740 2.342368 1
-2.649760 0.032032 2.465380 1
-2.667513 0.208541 2.492515 1
-2.659865 0.299171 2.503493 1
-2.641982 0.355488 2.508008 1
-2.649600 0.480234 2.526350 1
-2.643959 0.562433 2.536573 1
-2.642514 0.651590 2.548494 1
-2.256579 -0.244698 2.358481 1
-2.218202 -0.228144 2.354047 1
-2.170777 -0.233415 2.345064 1
-2.111758 -0.264716 2.330513 1
-2.082364 -0.225741 2.330764 1
-2.033287 -0.231677 2.321452 1
-1.964977 -0.278104 2.303262 1
-1.934746 -0.240732 2.303197 1
-1.900977 -0.211552 2.301410 1
-1.854318 -0.208777 2.293780 1
-1.806347 -0.207757 2.285699 1
-1.760660 -0.201441 2.278759 1
-1.705913 -0.211411 2.268031 1
-1.679617 -0.167898 2.269590 1
-1.651203 -0.129163 2.270141 1
-1.606640 -0.119397 2.263938 1
-1.569300 -0.096737 2.260771 1
-0.582319 -0.807022 1.995581 7
-0.589515 -0.703608 2.011401 7
-0.510742 -0.719148 1.996135 7
-0.527534 -0.606318 2.014922 8
-0.570579 -0.462661 2.042447 8
-0.590344 -0.353004 2.061315 8
-0.540660 -0.332870 2.056006 8
-0.539097 -0.253533 2.067078 8
-0.504324 -0.215749 2.066779 8
-0.559006 -0.073287 2.096147 6
-0.544489 -0.014647 2.102191 6
-0.483462 -0.009430 2.092984 6
-0.450408 0.027769 2.092958 6
-0.363331 0.006312 2.075703 6
-0.252509 -0.038207 2.051279 6
-0.187130 -0.032329 2.041536 6
-0.109069 -0.038237 2.028051 6
-0.038091 -0.035414 2.016999 6
0.053501 -0.051492 1.999891 6
0.146235 -0.066574 1.982765 6
-0.109261 0.249025 2.069952 2
-0.108596 0.316847 2.079778 2
-0.111316 0.386528 2.090438 2
-0.084687 0.428825 2.092397 2
-0.079357 0.489475 2.100480 2
-0.076998 0.551734 2.109292 2
-0.095863 0.630782 2.123984 2
-0.096816 0.693456 2.133422 2
-0.050360 0.716946 2.129538 2
-0.062075 0.786854 2.141793 2
-0.068341 0.851239 2.152382 2
-0.067218 0.908930 2.160821 2
-0.037925 0.944881 2.161581 2
-0.007809 0.980278 2.162146 2
-0.060834 1.074947 2.184713 2
-0.020410 1.102100 2.182453 2
-0.017201 1.155073 2.189944 2
-0.027045 1.216118 2.200717 2
-0.083444 1.306627 2.223254 2
-0.012567 1.313366 2.213206 2
-0.005249 1.361220 2.219347 2
-0.024897 1.425153 2.232158 2
0.008059 1.456385 2.231803 2
0.012581 1.504555 2.238478 2
0.010035 1.556302 2.246816 2
0.018963 1.600980 2.252304 2
0.024947 1.646944 2.258463 2
0.016441 1.700269 2.268017 2
0.035833 1.738290 2.270908 2
0.031821 1.788220 2.279274 2
0.005736 1.848545 2.292675 2
0.055341 1.871021 2.288542 2
0.123166 1.885613 2.280391 2
0.091779 1.947158 2.294847 2
0.170241 1.958130 2.284528 2
0.224272 1.981219 2.279876 2
0.213824 2.032635 2.289578 2
0.290090 2.047433 2.280248 2
0.311976 2.085518 2.282931 2
0.337400 2.122324 2.284888 2
0.622990 2.060232 2.231446 2
0.662823 2.095006 2.230916 2
0.707256 2.128634 2.229520 2
0.860345 2.125087 2.205659 2
0.971566 2.138621 2.190920 2
1.079987 2.155118 2.177103 2
-2.602602 -0.525607 2.432569 1
-2.675631 -0.127161 2.494974 1
-2.664525 -0.029868 2.505174 1
-2.666423 0.102770 2.522068 1
-2.643922 0.153105 2.524462 1
-2.641657 0.260825 2.537555 1
-2.639030 0.361612 2.549735 1
-2.378258 -0.259777 2.426919 1
-2.337291 -0.251332 2.420957 1
-2.299492 -0.234202 2.416650 1
-2.250819 -0.244800 2.407014 1
-2.202569 -0.252872 2.397790 1
-2.169537 -0.223017 2.395961 1
-2.128065 -0.213602 2.390138 1
-2.077930 -0.223511 2.380424 1
-2.039591 -0.205814 2.376221 1
-1.988178 -0.216375 2.366251 1
-1.952904 -0.191449 2.363523 1
-1.898730 -0.205689 2.352664 1
-1.867692 -0.171867 2.351820 1
-1.804595 -0.201516 2.337549 1
-1.769119 -0.175983 2.334949 1
-1.720215 -0.175760 2.326901 1
-1.673141 -0.171237 2.319730 1
-1.637337 -0.145838 2.317123 1
-1.588864 -0.142681 2.309588 1
-1.524007 -0.166605 2.295892 1
-1.499070 -0.121914 2.297622 1
-0.553197 -0.842225 2.051010 7
-0.540985 -0.765113 2.059250 7
-0.512868 -0.711245 2.061913 7
-0.495626 -0.643849 2.068121 8
-0.564702 -0.466052 2.102685 8
-0.559448 -0.388352 2.112211 8
-0.531992 -0.340058 2.114341 8
-0.531021 -0.260094 2.124894 8
-0.499545 -0.218440 2.125554 8
-0.558383 -0.071328 2.154533 6
-0.549810 -0.006108 2.161990 6
-0.510976 0.023762 2.159988 6
-0.398768 -0.027266 2.135671 6
-0.363221 0.007969 2.134955 6
-0.282359 -0.004939 2.120714 6
-0.199427 -0.018160 2.106135 6
-0.106021 -0.040188 2.088767 6
-0.048628 -0.023920 2.082198 6
0.031979 -0.029630 2.069081 6
0.085778 -0.007867 2.063869 6
-0.070933 0.213155 2.118280 2
-0.072107 0.283185 2.128161 2
-0.072261 0.351007 2.137606 2
-0.046040 0.394173 2.139650 2
-0.080492 0.490006 2.158233 2
-0.069175 0.544416 2.164146 2
-0.060776 0.600584 2.170768 2
-0.043853 0.648994 2.175043 2
-0.058451 0.722336 2.187580 2
-0.046093 0.772969 2.192898 2
-0.029117 0.819488 2.196968 2
-0.019113 0.870916 2.202797 2
-0.025760 0.934137 2.212804 2
0.017141 0.960269 2.210184 2
0.005074 1.026021 2.221402 2
0.011816 1.077496 2.227812 2
-0.012598 1.149683 2.241824 2
0.010007 1.188968 2.244182 2
0.013793 1.240499 2.251102 2
0.005102 1.299436 2.260951 2
0.007569 1.350458 2.268034 2
-0.018695 1.418530 2.281829 2
-0.012729 1.465916 2.287912 2
0.002909 1.507176 2.291708 2
0.019467 1.547728 2.295287 2
0.007031 1.604408 2.305479 2
0.043539 1.633377 2.304493 2
0.023468 1.693044 2.316277 2
0.027002 1.739336 2.322678 2
0.034048 1.783418 2.328263 2
0.053379 1.821063 2.331134 2
0.078112 1.856076 2.332855 2
0.122509 1.881897 2.330387 2
0.153787 1.914396 2.330831 2
0.174373 1.952014 2.333602 2
0.178761 1.996799 2.339800 2
0.258160 2.009208 2.330373 2
0.319241 2.030660 2.324963 2
0.322647 2.076442 2.331516 2
0.595184 2.016069 2.283495 2
0.651040 2.044216 2.279924 2
0.721974 2.067626 2.273504 2
0.758972 2.104438 2.273996 2
0.862746 2.118387 2.261503 2
0.972171 2.132322 2.248235 2
1.076992 2.149772 2.236191 2
-2.675484 -0.559597 2.492317 1
-2.662598 -0.444940 2.503088 1
-2.654596 -0.320664 2.515816 1
-2.645770 -0.207023 2.527219 1
-2.640292 -0.089415 2.539670 1
-2.631023 0.009308 2.549348 1
-2.495057 -0.282456 2.492979 1
-2.470167 -0.228191 2.494980 1
-2.420313 -0.247586 2.484361 1
-2.373259 -0.257206 2.475359 1
-2.338490 -0.232414 2.472393 1
-2.292196 -0.238214 2.464007 1
-2.261989 -0.202055 2.463161 1
-2.209179 -0.222686 2.452030 1
-2.154982 -0.244633 2.440543 1
-2.104594 -0.255631 2.430979 1
-2.084547 -0.196232 2.434601 1
-2.027917 -0.219926 2.422587 1
-1.982466 -0.217399 2.415481 1
-1.930361 -0.228068 2.405776 1
-1.909653 -0.172869 2.408902 1
-1.864311 -0.168715 2.402081 1
-1.789435 -0.221540 2.383825 1
-1.749135 -0.204953 2.379331 1
-1.698213 -0.207969 2.370846 1
-1.656124 -0.193786 2.365834 1
-1.623210 -0.162932 2.364285 1
-1.574447 -0.160053 2.356923 1
-1.516656 -0.171669 2.346431 1
-1.480486 -0.145792 2.343854 1
-1.409518 -0.176677 2.329037 1
-0.558582 -0.828929 2.118421 7
-0.540326 -0.760669 2.124020 7
-0.515640 -0.702509 2.127430 7
-0.416222 -0.744013 2.107239 7
-0.541883 -0.491369 2.157517 8
-0.519455 -0.435183 2.161121 8
-0.511672 -0.361726 2.169106 8
-0.533405 -0.253916 2.185833 8
-0.483137 -0.235026 2.180702 8
-0.535719 -0.095186 2.206107 6
-0.519035 -0.039017 2.210718 6
-0.489624 0.001914 2.211549 6
-0.374004 -0.052595 2.187591 6
-0.356075 0.002004 2.191909 6
-0.289399 0.004094 2.182408 6
-0.189493 -0.027136 2.163814 6
-0.095758 -0.049502 2.147288 6
-0.026459 -0.045158 2.137786 6
-0.006666 0.009019 2.141930 6
0.071003 0.006869 2.130438 6
0.146604 0.008218 2.119731 6
-0.046280 0.259389 2.180242 2
-0.062206 0.341792 2.193327 2
-0.036736 0.385617 2.195457 2
-0.047053 0.460388 2.206796 2
-0.004116 0.488160 2.204381 2
-0.012845 0.559608 2.215113 2
-0.011528 0.621469 2.223177 2
-0.020723 0.690831 2.233755 2
-0.023606 0.753944 2.242636 2
-0.012459 0.805174 2.247979 2
0.014690 0.843713 2.249398 2
-0.002483 0.915133 2.261484 2
-0.016551 0.982923 2.272671 2
0.030011 1.006247 2.269405 2
0.036271 1.058291 2.275678 2
0.040773 1.110943 2.282305 2
0.013000 1.184591 2.296300 2
0.029746 1.227545 2.299957 2
0.067144 1.257016 2.298937 2
0.024892 1.336859 2.315859 2
0.016121 1.394324 2.325108 2
0.063752 1.417018 2.321823 2
0.027651 1.489590 2.336966 2
0.072618 1.514017 2.334340 2
0.084862 1.557423 2.338859 2
0.089121 1.604967 2.345071 2
0.073450 1.662768 2.355459 2
0.128731 1.682466 2.350872 2
0.128139 1.731615 2.358044 2
0.133610 1.777223 2.363919 2
0.148418 1.817931 2.367862 2
0.145914 1.866758 2.375320 2
0.156788 1.908871 2.380043 2
0.230259 1.922523 2.372306 2
0.266037 1.954053 2.372222 2
0.281042 1.994893 2.376288 2
0.317187 2.026853 2.376272 2
0.346736 2.061913 2.377612 2
0.484076 2.054737 2.358486 2
0.698248 2.020808 2.325284 2
0.814511 2.027695 2.311093 2
0.839758 2.069635 2.314142 2
0.906137 2.097345 2.309686 2
1.018796 2.110423 2.296992 2
-2.655215 -0.783109 2.517057 1
-2.650648 -0.626272 2.532305 1
-2.638468 -0.507508 2.542399 1
-2.611405 -0.301162 2.559026 1
-2.579813 -0.265540 2.557412 1
-2.542622 -0.248910 2.552935 1
-2.494833 -0.264550 2.543394 1
-2.454480 -0.256573 2.537556 1
-2.409078 -0.262562 2.529467 1
-2.371596 -0.245511 2.525101 1
-2.331913 -0.234478 2.519778 1
-2.287365 -0.235836 2.512399 1
-2.236721 -0.251630 2.502549 1
-2.212446 -0.200950 2.503962 1
-2.155056 -0.231205 2.491564 1
-2.118950 -0.209481 2.488087 1
-2.080714 -0.192816 2.483765 1
-2.029868 -0.203926 2.474524 1
-1.969191 -0.234715 2.461666 1
-1.943984 -0.188664 2.462618 1
-1.895019 -0.192548 2.454534 1
-1.845696 -0.196031 2.446466 1
-1.791642 -0.207636 2.436819 1
-1.755114 -0.184383 2.433680 1
-1.709508 -0.178132 2.427329 1
-1.659229 -0.179695 2.419443 1
-1.608881 -0.180341 2.411677 1
-1.556540 -0.183440 2.403370 1
-1.510133 -0.175333 2.397224 1
-1.435874 -0.212845 2.381880 1
-1.402766 -0.180839 2.380435 1
-1.337230 -0.200748 2.368411 1
-0.507060 -0.801034 2.178608 7
-0.512397 -0.701903 2.190681 7
-0.428821 -0.722665 2.176223 7
-0.511362 -0.526601 2.210623 8
-0.533021 -0.414100 2.226696 8
-0.503386 -0.368429 2.227745 8
-0.504271 -0.286120 2.237430 8
-0.484071 -0.230904 2.241003 8
-0.457654 -0.183832 2.242780 8
-0.496619 -0.062305 2.262542 6
-0.469508 -0.018527 2.263905 6
-0.430941 0.012200 2.262157 6
-0.350732 -0.002011 2.249306 6
-0.256130 -0.029636 2.232893 6
-0.179564 -0.036107 2.221542 6
-0.122087 -0.021494 2.215391 6
-0.080219 0.009558 2.213402 6
0.002840 0.000417 2.200946 6
0.055992 0.021826 2.196319 6
0.124772 0.029124 2.187883 6
-0.009364 0.225334 2.230118 2
-0.022824 0.305972 2.241879 2
0.010065 0.343705 2.242140 2
-0.002900 0.421419 2.253543 2
-0.005952 0.489091 2.262405 2
0.024946 0.527117 2.263073 2
0.025593 0.589988 2.270911 2
0.031994 0.647230 2.277311 2
0.008072 0.727649 2.290679 2
-0.012144 0.803502 2.303012 2
-0.008247 0.859530 2.309687 2
0.038759 0.882761 2.306560 2
0.054945 0.929007 2.310442 2
0.061552 0.981743 2.316438 2
0.024229 1.064574 2.332060 2
0.042327 1.107619 2.335376 2
0.059829 1.150835 2.338822 2
0.068483 1.199628 2.344169 2
0.096982 1.235209 2.345266 2
0.107303 1.282321 2.350241 2
0.118096 1.328758 2.355098 2
0.132533 1.372648 2.359183 2
0.098473 1.444847 2.373233 2
0.141477 1.471188 2.371413 2
0.129413 1.529049 2.380818 2
0.122135 1.583403 2.389176 2
0.161268 1.612080 2.388253 2
0.153389 1.665885 2.396672 2
0.203824 1.689083 2.393650 2
0.189658 1.745344 2.403250 2
0.217260 1.780374 2.404761 2
0.230351 1.822507 2.409085 2
0.197382 1.885889 2.422091 2
0.236841 1.915253 2.421439 2
0.285849 1.940896 2.419122 2
0.318020 1.974486 2.420023 2
0.334755 2.014858 2.423806 2
0.444297 2.017452 2.410912 2
0.561610 2.019050 2.396965 2
0.571377 2.064230 2.402383 2
0.845374 2.010587 2.361541 2
0.923246 2.033672 2.355589 2
1.154375 2.004211 2.323525 2
-2.531735 -0.263659 2.597705 1
-2.491911 -0.254974 2.592053 1
-2.451585 -0.247442 2.586248 1
-2.408542 -0.247199 2.579360 1
-2.361034 -0.258364 2.570726 1
-2.324052 -0.239981 2.566568 1
-2.278321 -0.244411 2.558915 1
-2.233728 -0.244865 2.551850 1
-2.184933 -0.254690 2.543274 1
-2.145302 -0.241290 2.538364 1
-2.095606 -0.251031 2.529724 1
-2.053359 -0.242554 2.524008 1
-2.011458 -0.232842 2.518498 1
-1.980332 -0.199594 2.516934 1
-1.931551 -0.204003 2.509082 1
-1.881859 -0.209140 2.501056 1
-1.845104 -0.187335 2.497635 1
-1.777773 -0.225091 2.483848 1
-1.745002 -0.194499 2.481952 1
-1.695763 -0.194918 2.474594 1
-1.644555 -0.197931 2.466724 1
-1.618186 -0.155805 2.467019 1
-1.552179 -0.183278 2.454617 1
-1.525198 -0.142405 2.454769 1
-1.387377 -0.286118 2.420358 1
-1.371116 -0.225402 2.424128 1
-1.322186 -0.218107 2.417837 1
-1.267990 -0.218261 2.410073 1
-0.526215 -0.769413 2.248933 7
-0.482093 -0.737689 2.246157 7
-0.431259 -0.714760 2.241575 7
-0.463569 -0.584078 2.259829 8
-0.504893 -0.445832 2.280160 8
-0.490761 -0.380514 2.285218 8
-0.462610 -0.333518 2.286459 8
-0.450813 -0.267567 2.291985 8
-0.430931 -0.212342 2.295308 8
-0.473709 -0.086139 2.314748 6
-0.458195 -0.029056 2.318936 6
-0.419257 0.001280 2.317132 6
-0.337609 -0.014440 2.304666 6
-0.288389 0.006121 2.300511 6
-0.229134 0.016783 2.293985 6
-0.140193 -0.001892 2.280360 6
-0.056399 -0.013336 2.268256 6
0.010419 -0.006294 2.260469 6
0.039586 0.038120 2.261796 6
0.157693 -0.001622 2.242206 6
0.325068 -0.083940 2.211512 6
0.006668 0.279122 2.293698 2
0.024223 0.330827 2.297502 2
0.025979 0.395764 2.304871 2
0.023344 0.463397 2.313144 2
0.040441 0.513313 2.316916 2
0.021959 0.592001 2.328541 2
0.042784 0.637398 2.331395 2
0.061239 0.684359 2.334767 2
0.084733 0.727053 2.337048 2
0.086920 0.785731 2.343896 2
0.096385 0.838171 2.349142 2
0.090664 0.901103 2.357543 2
0.129564 0.931172 2.356575 2
0.114790 0.999112 2.366757 2
0.139447 1.038829 2.368764 2
0.130630 1.100947 2.377587 2
0.121233 1.162463 2.386440 2
0.168074 1.186842 2.384006 2
0.188004 1.228752 2.386998 2
0.186745 1.283580 2.394158 2
0.183512 1.338912 2.401650 2
0.204155 1.379452 2.404495 2
0.192376 1.438610 2.413548 2
0.223377 1.472758 2.414437 2
0.260705 1.503636 2.414205 2
0.224552 1.574453 2.427700 2
0.263336 1.604414 2.427254 2
0.250599 1.661269 2.436295 2
0.272472 1.699947 2.439009 2
0.281817 1.744790 2.444007 2
0.291909 1.789021 2.448873 2
0.297530 1.835107 2.454531 2
0.226972 1.915449 2.473452 2
0.302242 1.929222 2.466951 2
0.357516 1.952925 2.464087 2
0.473435 1.952053 2.451103 2
0.523631 1.980219 2.449498 2
0.589234 2.003001 2.445470 2
0.661817 2.024164 2.440482 2
0.721928 2.051222 2.437740 2
0.935546 2.023407 2.410374 2
1.319388 1.939834 2.356434 2
-2.427910 -0.298766 2.626376 1
-2.391478 -0.278539 2.622337 1
-2.352280 -0.266208 2.617253 1
-2.319890 -0.235662 2.614773 1
-2.282083 -0.219948 2.610261 1
-2.234770 -0.228064 2.602335 1
-2.193569 -0.219970 2.596740 1
-2.141286 -0.237729 2.587323 1
-2.093749 -0.242706 2.579742 1
-2.054292 -0.228350 2.575056 1
-2.012167 -0.219679 2.569525 1
-1.985390 -0.177708 2.569166 1
-1.920055 -0.217331 2.556127 1
-1.885153 -0.192178 2.553198 1
-1.824356 -0.218757 2.542032 1
-1.782885 -0.205658 2.537176 1
-1.734169 -0.205956 2.530138 1
-1.684828 -0.206450 2.523033 1
-1.634522 -0.207711 2.515762 1
-1.607756 -0.166301 2.515670 1
-1.564149 -0.154885 2.510559 1
-1.501958 -0.174434 2.500096 1
-1.330398 -0.373188 2.458215 1
-1.305682 -0.324552 2.459227 1
-1.287633 -0.266352 2.462076 1
-1.247660 -0.243567 2.458707 1
-0.448833 -0.777379 2.301703 7
-0.408236 -0.740390 2.299957 7
-0.371031 -0.699164 2.299112 7
-0.476030 -0.478444 2.334181 8
-0.443367 -0.435681 2.334171 8
-0.457949 -0.335888 2.345868 8
-0.452431 -0.262632 2.352428 8
-0.424149 -0.217526 2.353349 8
-0.365189 -0.208023 2.346889 8
-0.430670 -0.057793 2.370236 6
-0.416441 0.000136 2.374347 6
-0.338335 -0.011899 2.363458 6
-0.292825 0.012363 2.360353 6
-0.213988 0.002372 2.349675 6
-0.127977 -0.013213 2.337588 6
-0.091939 0.023123 2.337029 6
-0.039859 0.043726 2.332930 6
0.066092 0.013138 2.317002 6
0.184396 -0.026499 2.298686 6
0.309849 -0.069756 2.279182 6
0.079355 0.213085 2.336882 2
0.069197 0.290532 2.346487 2
0.086899 0.342151 2.350065 2
0.095834 0.400743 2.355475 2
0.148397 0.421943 2.351754 2
0.129113 0.502901 2.362989 2
0.127788 0.567722 2.370408 2
0.160527 0.604582 2.370845 2
0.149412 0.675485 2.380154 2
0.177939 0.715008 2.381460 2
0.164587 0.785664 2.391081 2
0.191653 0.825569 2.392683 2
0.169454 0.900631 2.403889 2
0.228778 0.917158 2.399278 2
0.235623 0.970581 2.404829 2
0.231323 1.030907 2.412463 2
0.270729 1.061622 2.411845 2
0.231494 1.143325 2.425921 2
0.247753 1.188281 2.429609 2
0.271839 1.228169 2.431883 2
0.231338 1.307010 2.445876 2
0.286827 1.327483 2.442499 2
0.294061 1.376639 2.447837 2
0.309799 1.420577 2.451668 2
0.303787 1.476330 2.459311 2
0.305330 1.527291 2.465600 2
0.333450 1.563738 2.467314 2
0.329595 1.616798 2.474516 2
0.357133 1.653473 2.476403 2
0.364814 1.700048 2.481660 2
0.375147 1.745049 2.486481 2
0.355845 1.803650 2.496156 2
0.385761 1.838950 2.497785 2
0.333699 1.910845 2.512632 2
0.357119 1.948518 2.515317 2
0.525707 1.925279 2.495232 2
0.582153 1.951333 2.493112 2
0.634621 1.979833 2.491765 2
0.681393 2.011310 2.491436 2
0.889890 1.982662 2.466798 2
1.356736 1.863950 2.404137 2
-2.339200 -0.285791 2.662370 1
-2.295553 -0.284727 2.655866 1
-2.267533 -0.242723 2.654730 1
-2.231501 -0.222177 2.650871 1
-2.180511 -0.238222 2.642148 1
-2.134454 -0.240875 2.635184 1
-2.107191 -0.199225 2.634304 1
-2.062092 -0.198849 2.627790 1
-2.013026 -0.206286 2.620159 1
-1.951883 -0.238218 2.608988 1
-1.906803 -0.234266 2.602877 1
-1.878498 -0.195527 2.601843 1
-1.830612 -0.196518 2.595043 1
-1.791714 -0.179143 2.590964 1
-1.732154 -0.200708 2.581030 1
-1.688070 -0.191756 2.575664 1
-1.641582 -0.186601 2.569713 1
-1.587863 -0.193482 2.561869 1
-1.542045 -0.185450 2.556327 1
-1.489611 -0.187964 2.549095 1
-1.292908 -0.427761 2.503480 1
-1.244321 -0.416792 2.497945 1
-1.234396 -0.344027 2.502610 1
-1.221607 -0.277676 2.506420 1
-0.444075 -0.778767 2.365074 7
-0.432395 -0.703956 2.370156 7
-0.343276 -0.730564 2.356853 7
-0.443004 -0.516267 2.388008 8
-0.438937 -0.437561 2.394530 8
-0.434407 -0.361189 2.400840 8
-0.437298 -0.277655 2.408741 8
-0.401014 -0.241803 2.407687 8
-0.369333 -0.200777 2.407704 8
-0.416534 -0.071471 2.425202 6
-0.422368 0.008613 2.433339 6
-0.356399 0.009359 2.425758 6
-0.271472 -0.008724 2.414262 6
-0.239150 0.029844 2.414233 6
-0.157205 0.017701 2.403747 6
-0.082515 0.014619 2.395007 6
0.001465 0.003923 2.384534 6
0.076281 0.003851 2.376179 6
0.185419 -0.027155 2.361014 6
0.254721 -0.018658 2.354224 6
0.310029 0.003714 2.350412 6
0.149965 0.218383 2.389521 2
0.164871 0.273645 2.393536 2
0.172750 0.334280 2.398909 2
0.221179 0.360043 2.396401 2
0.213938 0.432120 2.404676 2
0.194718 0.512579 2.415147 2
0.238396 0.541680 2.413645 2
0.232839 0.609340 2.421432 2
0.227623 0.675623 2.429087 2
0.276873 0.700274 2.426683 2
0.237371 0.790280 2.440534 2
0.278984 0.820258 2.439592 2
0.277750 0.880634 2.446396 2
0.296858 0.926206 2.449555 2
0.294421 0.986019 2.456516 2
0.305834 1.035888 2.461025 2
0.308627 1.090893 2.467021 2
0.290793 1.158275 2.476514 2
0.330893 1.188719 2.476118 2
0.355280 1.229056 2.478452 2
0.363117 1.279164 2.483581 2
0.346831 1.342791 2.492679 2
0.369271 1.383495 2.495387 2
0.379897 1.430706 2.500049 2
0.383956 1.481156 2.505771 2
0.307663 1.573557 2.524224 2
0.335939 1.609640 2.526008 2
0.384312 1.635781 2.524734 2
0.411341 1.673072 2.526876 2
0.447809 1.705991 2.527645 2
0.441053 1.759508 2.535037 2
0.380239 1.837050 2.550480 2
0.449507 1.854927 2.546472 2
0.507636 1.878788 2.544293 2
0.588872 1.893810 2.538925 2
0.598819 1.939499 2.544027 2
0.653703 1.967070 2.542766 2
0.890854 1.924750 2.516025 2
0.959017 1.950971 2.513499 2
-2.245036 -0.285691 2.697250 1
-2.206812 -0.269661 2.692731 1
-2.173332 -0.242136 2.689667 1
-2.122321 -0.256519 2.681484 1
-2.079647 -0.250136 2.675859 1
-2.036484 -0.244286 2.670178 1
-1.994155 -0.236022 2.664817 1
-1.951384 -0.228209 2.659414 1
-1.897432 -0.243073 2.651027 1
-1.861180 -0.220470 2.647590 1
-1.817491 -0.212721 2.642201 1
-1.754765 -0.241171 2.631862 1
-1.735853 -0.184723 2.633181 1
-1.674477 -0.208182 2.623458 1
-1.614802 -0.226576 2.614358 1
-1.577094 -0.204492 2.610984 1
-1.525824 -0.205774 2.604268 1
-1.474371 -0.206334 2.597629 1
-1.234227 -0.517108 2.544895 1
-1.217100 -0.453624 2.547297 1
-0.408607 -0.821307 2.421518 7
-0.418083 -0.718128 2.430702 7
-0.334173 -0.737904 2.419400 7
-0.340241 -0.642035 2.427735 8
-0.398481 -0.484019 2.447088 8
-0.400196 -0.399401 2.454142 8
-0.400566 -0.318359 2.460810 8
-0.368450 -0.277052 2.460631 8
-0.348775 -0.221809 2.463048 8
-0.379249 -0.111114 2.475696 6
-0.382661 -0.033147 2.482674 6
-0.351579 0.005890 2.482644 6
-0.251260 -0.028589 2.468887 6
-0.245159 0.037401 2.473979 6
-0.162632 0.024347 2.464097 6
-0.091390 0.024403 2.456617 6
-0.004364 0.010350 2.446288 6
0.130407 -0.047678 2.427109 6
0.196234 -0.037045 2.421318 6
0.257011 -0.020673 2.416627 6
0.289733 0.022025 2.417274 6
0.164325 0.205315 2.447000 3
0.269134 0.182178 2.434374 3
0.266875 0.253065 2.441345 2
0.259162 0.327323 2.449234 2
0.289657 0.368794 2.450281 2
0.290191 0.434368 2.456641 2
0.308864 0.484586 2.459803 2
0.293787 0.560572 2.468803 2
0.326320 0.598942 2.469578 2
0.322414 0.664523 2.476590 2
0.321459 0.726933 2.483060 2
0.372344 0.751350 2.480866 2
0.354533 0.824563 2.490122 2
0.389545 0.860165 2.490663 2
0.380121 0.925855 2.498475 2
0.361661 0.996465 2.507682 2
0.399813 1.029300 2.507810 2
0.430830 1.066958 2.509151 2
0.279582 1.217415 2.538995 2
0.325124 1.244142 2.537962 2
0.365508 1.274473 2.537834 2
0.402407 1.307242 2.538334 2
0.434020 1.343335 2.539718 2
0.450272 1.388135 2.543464 2
0.489934 1.420093 2.543794 2
0.546876 1.443333 2.541706 2
0.576726 1.481406 2.543682 2
0.596817 1.524583 2.547129 2
0.607130 1.572529 2.552008 2
0.682918 1.588751 2.547736 2
0.720932 1.623962 2.548912 2
0.492800 1.880506 2.599047 2
0.633121 1.870205 2.586551 2
0.738870 1.876876 2.579002 2
0.859059 1.879721 2.569876 2
0.901836 1.914949 2.571056 2
1.041101 1.914228 2.560083 2
-2.141600 -0.305298 2.730661 1
-2.116360 -0.257579 2.729722 1
-2.085551 -0.224194 2.727302 1
-2.031334 -0.243838 2.718879 1
-1.992426 -0.228326 2.714493 1
-1.949446 -0.221324 2.709145 1
-1.907608 -0.211401 2.704164 1
-1.857363 -0.218032 2.697198 1
-1.792340 -0.252588 2.686772 1
-1.745741 -0.249124 2.680961 1
-1.690086 -0.261928 2.673100 1
-1.661353 -0.223686 2.671700 1
-1.626286 -0.197591 2.668838 1
-1.575494 -0.199348 2.662404 1
-1.515289 -0.216256 2.653944 1
-1.487683 -0.176609 2.652984 1
-0.366331 -0.781395 2.483986 7
-0.348000 -0.715751 2.486583 7
-0.265962 -0.731669 2.476581 7
-0.380737 -0.502330 2.505304 8
-0.382577 -0.417447 2.511641 8
-0.362739 -0.360312 2.513731 8
-0.346446 -0.299949 2.516493 8
-0.322534 -0.249319 2.517804 8
-0.267187 -0.234578 2.513244 8
-0.343321 -0.074465 2.533206 6
-0.331697 -0.013833 2.536717 6
-0.283229 0.006785 2.533490 6
-0.187650 -0.020995 2.521849 6
-0.127753 -0.010063 2.516852 6
-0.066292 0.000239 2.511714 6
0.053103 -0.045256 2.496517 6
0.081393 -0.000044 2.497543 6
0.143049 0.013416 2.492836 6
0.220298 0.013388 2.485597 6
0.300947 0.011750 2.477971 6
0.422692 -0.024895 2.463619 6
0.233184 0.213068 2.501574 3
0.386157 0.150287 2.482236 3
0.355217 0.245838 2.493487 2
0.348745 0.319123 2.500634 2
0.401666 0.343189 2.498159 2
0.378518 0.428094 2.507955 2
0.387910 0.486021 2.512505 2
0.390266 0.548618 2.518158 2
0.414580 0.593974 2.520379 2
0.431750 0.644362 2.523745 2
0.263229 0.827341 2.555474 2
0.327251 0.841431 2.551548 2
0.385010 0.860854 2.548722 2
0.358465 0.937882 2.558548 2
0.458082 0.930205 2.549739 2
0.488169 0.969419 2.551316 2
0.478336 1.033955 2.558718 2
0.536553 1.055400 2.556361 2
0.579995 1.086641 2.556243 2
0.586591 1.140178 2.561395 2
0.603222 1.187407 2.565164 2
0.640450 1.222741 2.566143 2
0.639790 1.279397 2.572367 2
0.719216 1.292030 2.567806 2
1.155017 1.238317 2.529638 2
1.149437 1.300673 2.537179 2
1.122340 1.372682 2.547452 2
1.129122 1.427585 2.553372 2
0.777917 1.646092 2.604052 2
1.098537 1.555989 2.570732 2
1.089658 1.616115 2.578571 2
1.068726 1.680666 2.587847 2
1.021607 1.755084 2.600202 2
1.040178 1.801637 2.604676 2
1.060116 1.847638 2.609051 2
-2.068454 -0.250912 2.772711 1
-2.021097 -0.254723 2.766338 1
-1.970834 -0.263763 2.759410 1
-1.924288 -0.263606 2.753432 1
-1.877248 -0.263577 2.747442 1
-1.825720 -0.271685 2.740566 1
-1.791160 -0.245110 2.737495 1
-1.765411 -0.201906 2.736362 1
-1.698678 -0.236716 2.726507 1
-1.659464 -0.218514 2.722636 1
-1.625712 -0.190377 2.719970 1
-1.572043 -0.197486 2.713227 1
-1.521085 -0.198675 2.707161 1
-1.444404 -0.242050 2.695983 1
-0.333884 -0.819243 2.542464 7
-0.311832 -0.757880 2.543964 7
-0.257240 -0.738568 2.539637 7
-0.221028 -0.695968 2.538687 7
-0.316424 -0.494258 2.560987 8
-0.319157 -0.409046 2.566754 8
-0.315361 -0.333402 2.571333 8
-0.276824 -0.299047 2.569908 8
-0.266885 -0.232644 2.573422 8
-0.214973 -0.213603 2.569836 8
-0.274483 -0.073803 2.585011 6
-0.275072 -0.000324 2.590198 6
-0.209512 0.003021 2.584462 6
-0.181608 0.045886 2.585021 6
-0.038992 -0.026115 2.567073 6
0.004923 0.002669 2.565316 6
0.090783 -0.008562 2.556983 6
0.150612 0.006589 2.552960 6
0.196143 0.035832 2.551305 6
0.304255 0.008646 2.540059 6
0.396987 -0.002327 2.531442 6
0.452131 0.021459 2.528767 6
0.385950 0.149773 2.544509 3
0.407255 0.201276 2.546978 3
0.321150 0.340807 2.565389 2
0.349073 0.384432 2.566819 2
0.406613 0.404464 2.563998 2
0.399539 0.475445 2.570624 2
0.423309 0.521764 2.572812 2
0.467583 0.552564 2.572149 2
0.525538 0.573759 2.569673 2
0.496440 0.658139 2.579422 2
0.502675 0.715997 2.584227 2
0.550657 0.744471 2.583352 2
0.587837 0.780759 2.584052 2
0.602049 0.832442 2.587910 2
0.614837 0.884659 2.591989 2
0.680699 0.902875 2.589143 2
0.686117 0.959568 2.594305 2
1.030906 0.809876 2.555910 2
1.000557 0.891082 2.566082 2
0.703505 1.125620 2.609719 2
0.986698 1.022417 2.580358 2
-1.943381 -0.311682 2.803986 1
-1.914756 -0.272708 2.801810 1
-1.873017 -0.261701 2.797093 1
-1.826465 -0.259985 2.791516 1
-1.787974 -0.241617 2.787583 1
-1.736691 -0.247705 2.781275 1
-1.698792 -0.227515 2.777605 1
-1.655318 -0.217510 2.772953 1
-1.606821 -0.216006 2.767450 1
-1.555426 -0.218699 2.761512 1
-1.492706 -0.239724 2.753613 1
-1.443573 -0.236099 2.748314 1
-0.284421 -0.788695 2.603859 7
-0.291764 -0.691037 2.609749 7
-0.217217 -0.696887 2.602492 7
-0.212736 -0.616382 2.606510 8
-0.241943 -0.497636 2.615807 8
-0.244493 -0.413131 2.620843 8
-0.240176 -0.338368 2.624782 8
-0.221162 -0.281595 2.626453 8
-0.204030 -0.223590 2.628436 8
-0.262781 -0.084661 2.641888 6
-0.260914 -0.013777 2.646103 6
-0.198015 -0.007593 2.641249 6
-0.124127 -0.011519 2.634918 6
-0.079617 0.015367 2.633039 6
0.018428 -0.009853 2.623514 6
0.071297 0.010672 2.620694 6
0.134748 0.021850 2.616487 6
0.177408 0.053260 2.615353 6
0.275694 0.034459 2.606542 6
0.395051 -0.000910 2.595044 6
0.489808 -0.011942 2.587204 6
0.507689 0.044836 2.590043 6
0.457487 0.158212 2.602093 3
0.475768 0.212414 2.604867 2
0.456556 0.296400 2.612642 2
0.514022 0.317994 2.610310 2
0.548947 0.357855 2.611042 2
0.581497 0.399596 2.612162 2
0.568211 0.475561 2.619203 2
0.615865 0.505603 2.618515 2
0.648789 0.546690 2.619785 2
0.672143 0.594561 2.622321 2
1.223065 0.278971 2.560217 3
1.591962 0.100745 2.521555 6
1.794944 0.041424 2.503739 6
-1.861474 -0.274857 2.845408 1
-1.815947 -0.270933 2.840226 1
-1.789564 -0.228798 2.838336 1
-1.730897 -0.249442 2.831116 1
-1.698082 -0.219901 2.828282 1
-1.649497 -0.219578 2.822919 1
-1.592307 -0.233714 2.816251 1
-1.534393 -0.247555 2.809580 1
-1.481981 -0.250434 2.803908 1
-1.445585 -0.225420 2.800886 1
-0.209928 -0.789904 2.661741 7
-0.193113 -0.722833 2.663340 7
-0.124612 -0.719496 2.657682 7
-0.181417 -0.566305 2.669693 8
-0.201707 -0.460084 2.676505 8
-0.189529 -0.393622 2.678797 8
-0.183912 -0.321009 2.682007 8
-0.185871 -0.241496 2.686252 8
-0.165241 -0.188001 2.687453 8
-0.185059 -0.092443 2.694088 6
-0.213887 0.010184 2.701870 6
-0.129826 -0.004606 2.694786 6
-0.081669 0.018320 2.692553 6
-0.013602 0.022228 2.687858 6
0.060421 0.021627 2.682552 6
0.108844 0.046572 2.680653 6
0.188814 0.042811 2.674899 6
0.309220 0.003938 2.664286 6
0.391454 0.001987 2.658653 6
0.472284 0.002848 2.653377 6
0.501609 0.049337 2.654531 6
0.591145 0.045041 2.648518 6
0.563527 0.139037 2.656661 3
0.629421 0.155476 2.653718 3
0.972371 -0.046643 2.618545 6
0.675471 0.257940 2.658221 2
0.767337 0.256237 2.652669 2
0.871435 0.247155 2.645943 2
1.253846 0.036399 2.608163 6
1.171063 0.169627 2.623040 3
1.219538 0.207160 2.623280 3
1.494891 0.088756 2.598891 6
1.577359 0.107331 2.595963 6
1.670827 0.119945 2.592062 6
-1.759332 -0.278204 2.884186 1
-1.723605 -0.254036 2.880753 1
-1.670598 -0.262272 2.874946 1
-1.618555 -0.267456 2.869372 1
-1.592137 -0.225776 2.867471 1
-1.521929 -0.261356 2.859544 1
-1.487311 -0.233707 2.856655 1
-1.417146 -0.265647 2.848956 1
-0.160539 -0.847838 2.720542 7
-0.178101 -0.737537 2.725983 7
-0.110024 -0.733592 2.720838 7
-0.107195 -0.651111 2.723824 8
-0.132117 -0.538142 2.730206 8
-0.177835 -0.404382 2.739068 8
-0.177546 -0.325824 2.742351 8
-0.157147 -0.270983 2.743260 8
-0.133741 -0.220124 2.743866 8
-0.080563 -0.201310 2.741047 8
-0.107168 -0.099150 2.747606 6
-0.029577 -0.105471 2.742131 6
-0.084936 0.022483 2.752005 6
-0.013808 0.023130 2.747461 6
0.025127 0.056038 2.746685 6
0.081864 0.072304 2.744016 6
0.178998 0.051990 2.737011 6
0.293568 0.018040 2.728300 6
0.378337 0.013359 2.723063 6
0.479016 -0.003539 2.716298 6
0.508983 0.042315 2.717286 6
0.617994 0.021571 2.710005 6
0.717198 0.011292 2.703984 6
0.865568 -0.036701 2.693085 6
0.983817 -0.057288 2.685594 6
1.050370 -0.035150 2.683618 6
1.120452 -0.014776 2.681444 6
0.975297 0.167477 2.700886 3
1.215455 0.062122 2.682051 6
1.331462 0.051907 2.675850 6
1.415392 0.066591 2.673011 6
1.497169 0.084141 2.670579 6
1.562475 0.114129 2.669901 6
1.721095 0.083184 2.660663 6
-1.633744 -0.321898 2.921560 1
-1.623066 -0.250619 2.921176 1
-1.571267 -0.254714 2.916043 1
-1.515000 -0.265469 2.910479 1
-1.475714 -0.245884 2.906976 1
-1.441208 -0.218202 2.904105 1
-0.112217 -0.814844 2.783557 7
-0.095165 -0.747997 2.784303 7
-0.030892 -0.738263 2.780142 7
-0.085770 -0.589092 2.788561 8
-0.097924 -0.492891 2.792504 8
-0.094388 -0.416514 2.794849 8
-0.097956 -0.333872 2.797962 8
-0.107497 -0.246563 2.801710 8
-0.068488 -0.212474 2.800584 8
-0.036674 -0.170867 2.800271 8
-0.066155 -0.067137 2.806125 6
0.036186 -0.097473 2.798984 6
-0.053998 0.063179 2.810846 6
0.014118 0.067111 2.807257 6
0.084594 0.070028 2.803584 6
0.187902 0.043854 2.796930 6
0.290742 0.020504 2.790522 6
0.406448 -0.011970 2.783114 6
0.461248 0.011472 2.781585 6
0.531522 0.022299 2.778760 6
0.635309 0.006103 2.773038 6
0.717341 0.010051 2.769493 6
0.844912 -0.021348 2.762058 6
0.970488 -0.048289 2.755060 6
1.047859 -0.034977 2.752543 6
1.113051 -0.011120 2.751257 6
1.181292 0.011338 2.749867 6
1.233352 0.046620 2.750012 6
1.321467 0.056478 2.747266 6
1.447396 0.041222 2.741584 6
1.530630 0.058002 2.739682 6
1.655551 0.047928 2.734596 6
-1.547429 -0.288805 2.965062 1
-1.514986 -0.257554 2.962154 1
-1.471236 -0.245914 2.958265 1
-1.425554 -0.237027 2.954278 1
-0.056459 -0.791154 2.846020 7
-0.011045 -0.758471 2.843908 7
-0.047150 -0.631004 2.849029 8
-0.061442 -0.531819 2.852276 8
-0.020033 -0.497264 2.850755 8
-0.024408 -0.412443 2.853263 8
-0.022624 -0.336066 2.855296 8
-0.103583 -0.173828 2.864384 8
-0.003252 -0.204128 2.858198 8
0.049303 -0.183389 2.856169 8
-0.030578 -0.029944 2.865217 6
0.074276 -0.061695 2.859041 6
0.025778 0.056404 2.865544 6
0.076864 0.077609 2.863984 6
0.175554 0.055374 2.858726 6
0.307702 0.005013 2.850993 6
0.409683 -0.015154 2.845868 6
0.459930 0.012117 2.844972 6
0.500303 0.048345 2.844961 6
0.644238 -0.002320 2.837130 6
0.743579 -0.012710 2.832943 6
0.855656 -0.031381 2.828000 6
0.958535 -0.040371 2.823962 6
1.056172 -0.043222 2.820520 6
1.137389 -0.031673 2.818478 6
1.189923 0.002691 2.818679 6
1.283894 0.007156 2.816072 6
1.351798 0.032063 2.815503 6
1.451983 0.035148 2.812859 6
1.529341 0.055836 2.812003 6
-1.443828 -0.284857 3.007900 1
-1.409239 -0.256882 3.004886 1
-0.002578 -0.765194 2.909025 7
0.098500 -0.797051 2.903154 7
-0.007223 -0.590895 2.911913 8
-0.023931 -0.490515 2.914474 8
0.062197 -0.505247 2.909975 8
0.027239 -0.387834 2.913958 8
0.034378 -0.317855 2.915102 8
0.068025 -0.276572 2.914521 8
0.105725 -0.239574 2.913766 8
-0.019019 -0.040563 2.924008 6
0.064382 -0.051298 2.920338 6
0.125796 -0.039159 2.918269 6
0.244553 -0.080132 2.912571 6
0.199280 0.033531 2.917723 6
0.282248 0.028010 2.914626 6
0.388380 0.003510 2.910207 6
0.451335 0.019122 2.908707 6
0.542182 0.011748 2.905596 6
0.638545 0.001551 2.902318 6
0.748314 -0.017743 2.898400 6
0.853091 -0.030650 2.894990 6
0.957469 -0.041086 2.891805 6
1.081929 -0.065052 2.887631 6
1.135972 -0.032582 2.887829 6
1.223899 -0.024937 2.886200 6
1.311770 -0.015716 2.884765 6
1.359998 0.023545 2.885767 6
1.429406 0.048233 2.885722 6
-0.001448 -0.513225 2.976560 8
0.011111 -0.447115 2.976711 8
0.089724 -0.453126 2.973488 8
0.137202 -0.424701 2.972025 8
0.127871 -0.337133 2.973632 8
0.148747 -0.282113 2.973760 8
0.201372 -0.259400 2.972356 8
0.243831 -0.226179 2.971591 8
0.287145 -0.193592 2.970897 8
0.219859 -0.056553 2.975877 6
0.339749 -0.096271 2.971551 6
0.281288 0.028781 2.976222 6
0.427705 -0.031811 2.970882 6
0.457916 0.012868 2.971392 6
0.544168 0.009337 2.969315 6
0.636737 0.002157 2.967100 6
0.740941 -0.012787 2.964509 6
0.870006 -0.045685 2.960950 6
0.954758 -0.040493 2.959644 6
1.068168 -0.056120 2.957212 6
1.153549 -0.047997 2.956245 6
1.240422 -0.039518 2.955391 6
1.343294 -0.041292 2.954026 6
0.081470 -0.442346 3.037539 8
0.159752 -0.446808 3.035091 8
0.181456 -0.391172 3.034808 8
0.183913 -0.316648 3.035328 8
0.226366 -0.283353 3.034524 8
0.317156 -0.297172 3.032122 8
0.351377 -0.254737 3.031856 8
0.397043 -0.223207 3.031306 8
0.476349 -0.222487 3.029708 8
0.544023 -0.209749 3.028655 8
0.389842 0.001603 3.035312 6
0.499896 -0.024320 3.033031 6
0.570156 -0.013654 3.032248 6
0.661892 -0.019921 3.030900 6
0.753666 -0.024416 3.029713 6
0.886165 -0.060117 3.027382 6
0.970858 -0.054841 3.026777 6
1.090670 -0.075434 3.025240 6
1.176291 -0.067372 3.024964 6
0.296593 -0.429872 3.096397 8
0.263955 -0.319846 3.097172 8
0.346901 -0.325511 3.095753 8
0.369093 -0.271209 3.095673 8
0.478683 -0.299810 3.093984 8
0.582179 -0.320243 3.092558 8
0.758521 -0.404517 3.089861 8
0.798220 -0.362406 3.089980 8
0.869194 -0.347590 3.089635 8
0.560684 -0.006242 3.096582 6
0.678304 -0.034651 3.095567 6
0.725842 -0.002571 3.096004 6
0.864229 -0.043698 3.094941 6
0.965520 -0.052160 3.094727 6
0.775227 -0.419790 3.158361 8
0.818482 -0.380785 3.158480 8
0.889958 -0.366292 3.158614 8
0.942265 -0.334269 3.158976 8
0.875152 -0.353902 3.227840 8
0.803297 -0.573967 0.282342 8
0.763583 -0.588745 0.285540 8
0.728565 -0.555830 0.285377 8
0.691074 -0.546369 0.286706 8
0.650132 -0.582626 0.290978 8
0.611079 -0.600438 0.293880 8
0.579285 -0.491852 0.288313 8
0.545611 -0.381526 0.282596 8
0.505101 -0.405097 0.285577 8
0.976475 -0.461493 0.311994 8
0.932170 -0.494549 0.316640 8
0.889875 -0.517561 0.320537 8
0.843740 -0.576980 0.326403 8
0.802696 -0.601041 0.330053 8
0.764279 -0.604263 0.332373 8
0.728319 -0.582128 0.333144 8
0.694739 -0.526953 0.331969 8
0.653137 -0.567975 0.336083 8
0.615140 -0.565354 0.337638 8
0.576781 -0.569204 0.339439 8
0.540072 -0.539321 0.339287 8
0.500648 -0.569512 0.342298 8
0.460496 -0.647528 0.347754 8
0.427352 -0.419013 0.336633 8
0.388143 -0.400359 0.336709 8
1.163054 -0.549915 0.349237 8
1.116878 -0.585216 0.354214 8
1.086000 -0.538494 0.354859 8
1.041698 -0.567459 0.359240 8
0.998651 -0.592680 0.363279 8
0.962253 -0.577030 0.365179 8
0.915527 -0.634285 0.370491 8
0.879069 -0.621347 0.372288 8
0.841937 -0.612731 0.374191 8
0.802982 -0.619808 0.376721 8
0.766936 -0.600308 0.377914 8
0.729356 -0.594216 0.379625 8
0.689971 -0.609222 0.382181 8
0.650687 -0.627375 0.384756 8
0.615525 -0.587642 0.384655 8
0.576045 -0.613436 0.387342 8
0.540899 -0.556328 0.386308 8
0.494540 -0.775517 0.397100 7
0.457766 -0.795154 0.399121 7
0.422355 -0.761362 0.398761 7
0.387850 -0.562853 0.391362 8
0.349690 -0.627201 0.394990 8
0.311849 -0.597646 0.394561 8
0.273084 -0.547905 0.393197 8
0.233847 -0.514828 0.392434 8
0.195056 -0.510941 0.392780 8
1.199128 -0.585091 0.394363 8
1.124271 -0.764784 0.404897 7
1.082364 -0.787439 0.408734 7
1.038650 -0.823403 0.412955 7
1.012286 -0.760871 0.413197 7
0.977618 -0.743937 0.415155 7
0.938828 -0.753203 0.418011 7
0.901424 -0.754491 0.420455 7
0.865896 -0.742273 0.422302 7
0.824852 -0.774490 0.425648 7
0.784234 -0.808988 0.428937 7
0.745364 -0.833391 0.431738 7
0.723350 -0.681957 0.428389 7
0.678080 -0.775695 0.433369 7
0.640543 -0.789543 0.435499 7
0.603821 -0.795532 0.437258 7
0.568869 -0.772484 0.437967 7
0.531051 -0.802660 0.440310 7
0.495612 -0.784690 0.440998 7
0.458600 -0.811867 0.443027 7
0.422644 -0.810381 0.444044 7
0.386682 -0.807797 0.444931 7
0.350680 -0.788504 0.445206 7
0.314520 -0.791420 0.446074 7
0.278218 -0.784018 0.446529 7
0.236463 -0.583604 0.441024 8
0.199792 -0.623138 0.442733 8
0.159121 -0.560332 0.441246 8
0.118523 -0.520533 0.440359 8
0.081315 -0.545314 0.441314 8
1.216993 -0.874057 0.443600 7
1.183779 -0.855916 0.446123 7
1.148726 -0.845655 0.448809 7
1.111452 -0.846337 0.451729 7
1.076146 -0.837300 0.454263 7
1.041172 -0.826120 0.456646 7
1.006561 -0.812222 0.458866 7
0.970791 -0.804631 0.461172 7
0.935037 -0.796671 0.463376 7
0.894800 -0.820268 0.466301 7
0.857260 -0.827371 0.468684 7
0.823455 -0.805525 0.470248 7
0.783349 -0.836904 0.473019 7
0.749965 -0.809306 0.474269 7
0.713785 -0.806796 0.476029 7
0.679660 -0.780002 0.477143 7
0.643644 -0.772535 0.478615 7
0.603318 -0.829500 0.481406 7
0.569838 -0.784154 0.481857 7
0.533734 -0.777586 0.483067 7
0.496367 -0.802107 0.484834 7
0.460569 -0.788085 0.485700 7
0.424591 -0.770786 0.486412 7
0.387876 -0.797062 0.487913 7
0.351648 -0.834188 0.489523 7
0.315380 -0.788445 0.489398 7
0.279636 -0.819221 0.490685 7
0.241702 -0.749328 0.489927 7
0.206054 -0.777944 0.490982 7
0.161925 -0.610612 0.488201 8
0.123596 -0.605403 0.488432 8
0.084643 -0.592635 0.488422 8
0.044357 -0.565643 0.488046 8
0.002158 -0.522325 0.487263 8
-0.037068 -0.520565 0.487166 8
1.442276 -0.892388 0.467212 7
1.403862 -0.893536 0.470870 7
1.375085 -0.859339 0.473564 7
1.325651 -0.903648 0.478034 7
1.293606 -0.881777 0.480842 7
1.263864 -0.849080 0.483348 7
1.224466 -0.856740 0.486639 7
1.192913 -0.829737 0.489123 7
1.152138 -0.845260 0.492361 7
1.117912 -0.829964 0.494906 7
1.078913 -0.839104 0.497805 7
1.043293 -0.831049 0.500298 7
1.006135 -0.831849 0.502848 7
0.968458 -0.836684 0.505363 7
0.932721 -0.829934 0.507599 7
0.896288 -0.827899 0.509815 7
0.862246 -0.808094 0.511689 7
0.825709 -0.806355 0.513732 7
0.791231 -0.786751 0.515450 7
0.753051 -0.800121 0.517505 7
0.712608 -0.840955 0.519784 7
0.680544 -0.792477 0.520898 7
0.642828 -0.807781 0.522674 7
0.606798 -0.802562 0.524124 7
0.570983 -0.792544 0.525436 7
0.535668 -0.768741 0.526525 7
0.498123 -0.792797 0.528005 7
0.462076 -0.780971 0.529039 7
0.425028 -0.810420 0.530369 7
0.389274 -0.766623 0.530937 7
0.352652 -0.800151 0.532111 7
0.316441 -0.808922 0.532969 7
0.279527 -0.769545 0.533332 7
0.243055 -0.773971 0.533977 7
0.207522 -0.802448 0.534725 7
0.169541 -0.766370 0.534862 7
0.123114 -0.589693 0.533807 8
0.085392 -0.599996 0.534146 8
0.045426 -0.577886 0.534138 8
0.005873 -0.566361 0.534117 8
-0.034369 -0.550371 0.533967 8
-0.078628 -0.498526 0.533440 8
1.482850 -0.899390 0.507444 7
1.438648 -0.919737 0.511364 7
1.400457 -0.920621 0.514875 7
1.375231 -0.873844 0.517676 7
1.337924 -0.871025 0.520974 7
1.305245 -0.850016 0.523975 7
1.269932 -0.839041 0.527010 7
1.226874 -0.861752 0.530277 7
1.189825 -0.859696 0.533196 7
1.158418 -0.831129 0.535811 7
1.125312 -0.809008 0.538415 7
1.081862 -0.839931 0.541295 7
1.040495 -0.863279 0.543993 7
1.005081 -0.854993 0.546403 7
0.974996 -0.813247 0.548578 7
0.936091 -0.825278 0.550921 7
0.903606 -0.794301 0.553012 7
0.864533 -0.809414 0.555176 7
0.829279 -0.796441 0.557166 7
0.791532 -0.804019 0.559115 7
0.752751 -0.823633 0.560983 7
0.718622 -0.798608 0.562702 7
0.679202 -0.830965 0.564381 7
0.644108 -0.814905 0.565941 7
0.607424 -0.818987 0.567419 7
0.570290 -0.833034 0.568800 7
0.535596 -0.802149 0.570128 7
0.499591 -0.791149 0.571363 7
0.462749 -0.802771 0.572481 7
0.426247 -0.808990 0.573515 7
0.390019 -0.801025 0.574490 7
0.353611 -0.828063 0.575300 7
0.317354 -0.812765 0.576121 7
0.281039 -0.810710 0.576825 7
0.244472 -0.801259 0.577465 7
0.209461 -0.840115 0.577877 7
0.172395 -0.818565 0.578382 7
0.134085 -0.782286 0.578853 7
0.097802 -0.788660 0.579104 7
0.046580 -0.591300 0.579945 8
0.010931 -0.626586 0.579930 8
-0.030903 -0.588463 0.580069 8
-0.072586 -0.559501 0.580085 8
1.550180 -0.820811 0.547236 7
1.486901 -0.900426 0.551244 7
1.453329 -0.883496 0.554708 7
1.417850 -0.872896 0.558113 7
1.380178 -0.870378 0.561445 7
1.336048 -0.893329 0.564691 7
1.295132 -0.905904 0.567805 7
1.257525 -0.906372 0.570817 7
1.235132 -0.841203 0.573861 7
1.195136 -0.851141 0.576703 7
1.153714 -0.869506 0.579407 7
1.122791 -0.837847 0.582198 7
1.086796 -0.830321 0.584823 7
1.049838 -0.828023 0.587337 7
1.007517 -0.857530 0.589570 7
0.976709 -0.819915 0.592123 7
0.938643 -0.826051 0.594314 7
0.902710 -0.818729 0.596513 7
0.865546 -0.820315 0.598558 7
0.834932 -0.769744 0.600973 7
0.790227 -0.835221 0.602269 7
0.752137 -0.849904 0.603913 7
0.717543 -0.831408 0.605798 7
0.680190 -0.841780 0.607306 7
0.647561 -0.793402 0.609368 7
0.611203 -0.787998 0.610893 7
0.574088 -0.794727 0.612194 7
0.535919 -0.826774 0.613099 7
0.499872 -0.820247 0.614379 7
0.465001 -0.770217 0.616132 7
0.426867 -0.837655 0.616306 7
0.390666 -0.842754 0.617187 7
0.354584 -0.833605 0.618174 7
0.318352 -0.827242 0.619045 7
0.281980 -0.820069 0.619847 7
0.244557 -0.779201 0.621040 7
0.210065 -0.841127 0.620712 7
0.173132 -0.824505 0.621404 7
0.134183 -0.777389 0.622454 7
0.099821 -0.816008 0.622195 7
0.062736 -0.808428 0.622516 7
0.017900 -0.709831 0.624072 8
-0.033366 -0.562424 0.626256 8
-0.077914 -0.508864 0.626992 8
-0.115020 -0.531901 0.626530 8
2.143588 -0.500890 0.543838 4
2.103125 -0.487434 0.548987 4
2.084244 -0.420810 0.553883 4
2.058174 -0.369619 0.558833 4
1.545492 -0.850690 0.591879 7
1.491035 -0.901187 0.595047 7
1.445792 -0.924165 0.598256 7
1.423753 -0.866606 0.602080 7
1.383417 -0.873279 0.605250 7
1.342662 -0.882791 0.608282 7
1.312551 -0.851179 0.611688 7
1.263351 -0.897203 0.614074 7
1.225898 -0.896835 0.616916 7
1.200107 -0.844199 0.620400 7
1.151549 -0.895515 0.622337 7
1.122810 -0.853803 0.625548 7
1.091534 -0.821824 0.628568 7
1.055862 -0.811369 0.631181 7
1.019026 -0.807222 0.633609 7
0.976748 -0.836849 0.635352 7
0.939317 -0.839137 0.637478 7
0.904160 -0.826528 0.639799 7
0.867523 -0.823898 0.641854 7
0.838790 -0.757800 0.645096 7
0.789166 -0.863983 0.644792 7
0.755014 -0.842654 0.646974 7
0.719207 -0.835131 0.648798 7
0.685503 -0.802225 0.651099 7
0.651212 -0.769595 0.653338 7
0.612852 -0.789089 0.654346 7
0.573361 -0.835236 0.654650 7
0.537570 -0.823616 0.656182 7
0.501764 -0.807547 0.657745 7
0.464973 -0.815313 0.658671 7
0.428584 -0.811320 0.659797 7
0.392032 -0.816516 0.660621 7
0.355572 -0.827609 0.661220 7
0.319229 -0.827140 0.662020 7
0.282888 -0.827741 0.662716 7
0.246393 -0.822646 0.663475 7
0.209015 -0.796213 0.664695 7
0.173259 -0.817012 0.664648 7
0.136398 -0.811115 0.665195 7
0.101159 -0.832797 0.664961 7
0.063872 -0.821722 0.665483 7
0.028342 -0.834938 0.665306 7
-0.019639 -0.711439 0.668552 8
-0.058342 -0.702498 0.668784 8
-0.096949 -0.696592 0.668856 8
-0.161861 -0.474747 0.674365 8
2.150202 -0.607011 0.588403 4
2.092238 -0.636326 0.593230 4
2.059904 -0.606612 0.598323 4
2.028404 -0.574074 0.603389 4
2.002941 -0.525320 0.608572 4
1.992471 -0.435707 0.614202 4
2.002023 -0.288296 0.620618 4
2.005777 -0.149071 0.627115 4
1.587574 -0.857290 0.632765 7
1.547552 -0.858690 0.636266 7
1.503608 -0.873936 0.639401 7
1.456970 -0.900235 0.642193 7
1.423218 -0.883285 0.645746 7
1.377965 -0.908249 0.648328 7
1.347882 -0.877690 0.652022 7
1.304260 -0.899373 0.654463 7
1.269434 -0.887050 0.657594 7
1.235672 -0.869766 0.660778 7
1.196776 -0.874859 0.663331 7
1.157513 -0.882864 0.665715 7
1.124483 -0.861436 0.668788 7
1.091973 -0.835816 0.671917 7
1.053314 -0.841927 0.674108 7
1.014990 -0.847480 0.676223 7
0.981362 -0.825561 0.679048 7
0.948098 -0.799211 0.681946 7
0.911071 -0.796246 0.684085 7
0.870445 -0.820415 0.685313 7
0.838943 -0.775730 0.688581 7
0.797395 -0.811701 0.689261 7
0.757326 -0.840840 0.690047 7
0.721451 -0.832783 0.691938 7
0.688886 -0.785434 0.695048 7
0.650184 -0.806779 0.695833 7
0.613281 -0.808233 0.697193 7
0.577106 -0.798377 0.698858 7
0.540616 -0.791932 0.700335 7
0.504572 -0.771836 0.702212 7
0.466156 -0.819069 0.701676 7
0.429769 -0.811697 0.702956 7
0.392981 -0.828824 0.703298 7
0.356567 -0.819859 0.704484 7
0.320130 -0.830195 0.704909 7
0.283933 -0.843579 0.705145 7
0.246767 -0.811335 0.706950 7
0.211210 -0.841426 0.706428 7
0.174452 -0.833043 0.707224 7
0.135428 -0.786704 0.709334 7
0.102095 -0.843361 0.707606 7
0.063269 -0.811412 0.709045 7
0.025583 -0.801081 0.709618 7
-0.009618 -0.820362 0.709028 7
-0.052623 -0.760164 0.711284 7
-0.099520 -0.675962 0.714345 7
-0.140482 -0.654699 0.715013 8
-0.175282 -0.684396 0.713730 8
-0.249254 -0.431228 0.722729 8
2.140616 -0.744530 0.630480 4
2.102863 -0.729468 0.635536 4
2.067577 -0.708707 0.640615 4
2.039561 -0.670312 0.645974 4
2.010145 -0.634104 0.651259 4
2.009120 -0.525226 0.658106 4
2.004344 -0.420794 0.664970 4
2.026134 -0.240494 0.673765 4
2.012471 -0.147676 0.680615 4
1.631198 -0.860301 0.673805 7
1.600728 -0.831051 0.678147 7
1.555012 -0.849374 0.681030 7
1.509376 -0.869413 0.683734 7
1.466238 -0.883040 0.686514 7
1.424812 -0.892308 0.689322 7
1.382986 -0.904452 0.691931 7
1.339524 -0.924494 0.694166 7
1.315682 -0.868938 0.698900 7
1.276094 -0.874606 0.701467 7
1.242921 -0.853816 0.704895 7
1.202857 -0.862910 0.707170 7
1.161113 -0.881472 0.708997 7
1.129183 -0.854065 0.712464 7
1.096346 -0.829289 0.715782 7
1.055611 -0.845753 0.717433 7
1.023220 -0.816603 0.720798 7
0.983296 -0.830764 0.722371 7
0.948465 -0.814319 0.725099 7
0.909614 -0.824253 0.726675 7
0.879109 -0.774350 0.730668 7
0.838126 -0.801251 0.731380 7
0.797004 -0.834520 0.731719 7
0.761017 -0.826061 0.733756 7
0.722766 -0.840106 0.734743 7
0.689673 -0.798675 0.738085 7
0.650229 -0.829702 0.738169 7
0.615081 -0.807004 0.740560 7
0.577462 -0.819859 0.741290 7
0.541937 -0.795829 0.743612 7
0.505242 -0.790583 0.745018 7
0.468128 -0.796699 0.745832 7
0.430422 -0.837537 0.744964 7
0.394367 -0.802549 0.747528 7
0.357511 -0.839547 0.746674 7
0.321034 -0.833674 0.747744 7
0.284015 -0.802547 0.749933 7
0.246711 -0.783456 0.751493 7
0.211906 -0.845029 0.749163 7
0.174492 -0.823625 0.750689 7
0.136745 -0.804108 0.752059 7
0.100743 -0.818213 0.751756 7
0.063466 -0.811959 0.752352 7
0.026784 -0.814920 0.752437 7
-0.012294 -0.791996 0.753689 7
-0.043694 -0.849236 0.751028 7
-0.090771 -0.756816 0.755468 8
-0.130140 -0.743252 0.756055 7
-0.166290 -0.756953 0.755261 7
-0.213241 -0.692458 0.758135 8
-0.290574 -0.434266 0.770175 8
-0.331342 -0.437108 0.769650 8
2.174117 -0.783322 0.672577 4
2.136122 -0.769018 0.677659 4
2.097944 -0.755221 0.682646 4
2.048757 -0.767041 0.686768 4
2.023627 -0.723080 0.692523 4
2.026090 -0.610179 0.700525 4
2.044859 -0.450989 0.710225 4
2.038138 -0.349472 0.718132 4
2.035607 -0.231901 0.726707 4
2.040378 -0.088401 0.736356 4
2.025198 0.006686 0.744335 4
1.648053 -0.824321 0.720005 7
1.611349 -0.812846 0.723872 7
1.545714 -0.893541 0.723856 7
1.515875 -0.862538 0.728327 7
1.485668 -0.831351 0.732769 7
1.432016 -0.881462 0.733614 7
1.394220 -0.877940 0.736686 7
1.349401 -0.901587 0.738449 7
1.322810 -0.855741 0.743291 7
1.277458 -0.884085 0.744652 7
1.245546 -0.857860 0.748479 7
1.206662 -0.861281 0.750836 7
1.162160 -0.892090 0.751777 7
1.125778 -0.886644 0.754388 7
1.093344 -0.860949 0.757939 7
1.066036 -0.805322 0.762954 7
1.025098 -0.822518 0.764240 7
0.982619 -0.851836 0.764807 7
0.947337 -0.838984 0.767463 7
0.914898 -0.805520 0.771142 7
0.878424 -0.797813 0.773413 7
0.839968 -0.805406 0.774800 7
0.802585 -0.805726 0.776499 7
0.766295 -0.796578 0.778639 7
0.726839 -0.818960 0.778989 7
0.689603 -0.821572 0.780340 7
0.653086 -0.816340 0.782054 7
0.616481 -0.811658 0.783671 7
0.580415 -0.797097 0.785775 7
0.542372 -0.817570 0.785840 7
0.506051 -0.805584 0.787666 7
0.468384 -0.830878 0.787302 7
0.431987 -0.819683 0.788948 7
0.394908 -0.849555 0.788167 7
0.358625 -0.780632 0.793014 7
0.321832 -0.822456 0.791398 7
0.284841 -0.805219 0.793134 7
0.248632 -0.830998 0.792298 7
0.211644 -0.821689 0.793439 7
0.175590 -0.837615 0.793035 7
0.137597 -0.813025 0.794940 7
0.101850 -0.831435 0.794251 7
0.061797 -0.787113 0.797190 7
0.028267 -0.832150 0.794792 7
-0.012232 -0.793238 0.797281 7
-0.041867 -0.868661 0.792946 7
-0.082482 -0.833458 0.795080 7
-0.142843 -0.641555 0.806409 7
-0.162844 -0.786984 0.797728 7
-0.197801 -0.806663 0.796412 7
-0.234156 -0.815160 0.795687 7
-0.329878 -0.451755 0.816807 8
-0.377322 -0.415472 0.818545 8
-0.420620 -0.406991 0.818565 8
-1.069858 1.249125 0.909520 0
-1.086791 1.077468 0.898225 0
-1.089522 0.863165 0.884467 0
-1.090679 0.658091 0.871241 0
2.188433 -0.861597 0.712675 4
2.154993 -0.838695 0.718082 4
2.106177 -0.849211 0.722081 4
2.073669 -0.824374 0.727419 4
2.024479 -0.837573 0.731084 4
2.037108 -0.705783 0.740953 4
2.029441 -0.617099 0.749066 4
2.040755 -0.476924 0.759612 4
2.035522 -0.372269 0.768671 4
2.051901 -0.205370 0.780794 4
2.063991 -0.041271 0.792990 4
2.048158 0.053509 0.801943 4
1.699216 -0.808474 0.762708 7
1.658082 -0.808956 0.766059 7
1.604631 -0.848076 0.767306 7
1.567693 -0.838119 0.771000 7
1.519514 -0.865120 0.772639 7
1.487125 -0.841120 0.776932 7
1.445215 -0.849626 0.779383 7
1.390933 -0.904646 0.779133 7
1.347790 -0.922413 0.780838 7
1.318146 -0.889125 0.785373 7
1.278055 -0.896655 0.787504 7
1.250264 -0.852942 0.792560 7
1.203338 -0.891523 0.792707 7
1.168781 -0.876591 0.795944 7
1.137923 -0.842798 0.800267 7
1.098890 -0.848372 0.802148 7
1.056049 -0.875891 0.802594 7
1.025815 -0.835049 0.807196 7
0.987710 -0.837788 0.809033 7
0.952726 -0.821485 0.812001 7
0.920254 -0.786487 0.816107 7
0.880635 -0.799785 0.817072 7
0.839870 -0.824899 0.817192 7
0.802655 -0.824452 0.818885 7
0.763623 -0.841598 0.819357 7
0.728118 -0.826688 0.821861 7
0.693274 -0.801758 0.824973 7
0.656349 -0.797985 0.826626 7
0.616900 -0.830502 0.825784 7
0.579805 -0.834589 0.826767 7
0.544255 -0.810035 0.829619 7
0.507609 -0.801827 0.831310 7
0.471264 -0.779677 0.833891 7
0.433333 -0.812616 0.832646 7
0.396425 -0.813310 0.833535 7
0.359459 -0.844701 0.832244 7
0.322783 -0.832286 0.833902 7
0.285450 -0.794694 0.837247 7
0.248335 -0.793505 0.838011 7
0.212820 -0.838738 0.835477 7
0.175428 -0.823615 0.837078 7
0.136685 -0.789555 0.839943 7
0.103212 -0.848673 0.836227 7
0.066454 -0.848361 0.836602 7
0.027382 -0.820859 0.838821 7
-0.011373 -0.803092 0.840296 7
-0.045677 -0.832878 0.838366 7
-0.084404 -0.818598 0.839467 7
-0.118062 -0.849006 0.837362 7
-0.169186 -0.742213 0.844839 8
-0.209299 -0.729047 0.845665 8
-0.236502 -0.804151 0.840223 7
-0.277926 -0.781929 0.841552 7
-0.317434 -0.774212 0.841796 7
-0.360271 -0.749460 0.843163 7
-0.464209 -0.405187 0.866794 8
-1.053343 1.425549 0.991001 0
-1.055181 1.176798 0.972598 0
-1.069819 0.998439 0.959041 0
-1.064086 0.754266 0.940943 0
-1.067189 0.560288 0.926297 0
-1.075907 0.399572 0.913920 0
-1.091192 0.271940 0.903782 0
-1.086152 0.084350 0.889579 0
-1.080825 -0.092565 0.876120 0
2.199934 -0.851770 0.760189 4
2.144489 -0.875300 0.763303 4
2.103342 -0.869564 0.767801 4
2.059383 -0.870651 0.771844 4
2.035864 -0.825581 0.778309 4
2.051985 -0.685347 0.790069 4
2.059126 -0.560157 0.801159 4
2.054027 -0.459424 0.810984 4
2.060633 -0.323941 0.822936 4
2.069457 -0.175745 0.835795 4
2.077395 -0.022189 0.849143 4
1.727334 -0.859509 0.801921 7
1.714787 -0.778173 0.810259 7
1.652806 -0.839129 0.809686 7
1.612330 -0.838935 0.812830 7
1.566369 -0.856828 0.814725 7
1.534178 -0.831661 0.819325 7
1.490776 -0.843416 0.821443 7
1.445252 -0.864195 0.822862 7
1.400594 -0.884106 0.824233 7
1.352277 -0.920080 0.824405 7
1.322428 -0.887164 0.829200 7
1.286695 -0.876294 0.832432 7
1.246488 -0.884271 0.834283 7
1.216272 -0.849229 0.839097 7
1.171981 -0.877168 0.839387 7
1.142398 -0.836759 0.844491 7
1.100136 -0.857968 0.845104 7
1.068132 -0.826778 0.849452 7
1.024506 -0.859040 0.849097 7
1.002162 -0.767407 0.857817 7
0.953868 -0.831399 0.854958 7
0.917877 -0.820506 0.857589 7
0.880899 -0.816015 0.859680 7
0.841190 -0.833058 0.860075 7
0.802160 -0.847833 0.860564 7
0.766584 -0.833901 0.863179 7
0.726216 -0.866792 0.862131 7
0.694777 -0.806675 0.868200 7
0.656118 -0.824139 0.868211 7
0.620196 -0.807711 0.870797 7
0.581409 -0.834632 0.869928 7
0.545665 -0.812072 0.872879 7
0.505651 -0.884314 0.868285 7
0.471172 -0.824530 0.874065 7
0.434445 -0.816531 0.875694 7
0.397280 -0.832705 0.875335 7
0.360608 -0.784507 0.880061 7
0.323708 -0.838915 0.876510 7
0.286579 -0.815858 0.879111 7
0.250343 -0.845086 0.877442 7
0.213484 -0.841399 0.878364 7
0.174700 -0.796898 0.882529 7
0.138008 -0.807129 0.882209 7
0.101097 -0.811491 0.882302 7
0.064052 -0.813512 0.882524 7
0.027247 -0.818599 0.882435 7
-0.010451 -0.813619 0.883105 7
-0.047920 -0.812459 0.883403 7
-0.081902 -0.843340 0.881027 7
-0.119362 -0.841321 0.881273 7
-0.158964 -0.823907 0.882713 7
-0.211452 -0.717994 0.891307 8
-0.247207 -0.737617 0.889602 8
-0.292934 -0.693290 0.893044 8
-0.329230 -0.710226 0.891430 8
-0.420473 -0.420343 0.914711 8
-0.456613 -0.451847 0.911762 8
-1.030949 1.316983 1.052297 0
-1.039244 1.099449 1.033730 0
-1.044635 0.886761 1.015532 0
-1.058666 0.722903 1.001238 0
-1.052950 0.497160 0.981974 0
-1.059520 0.330809 0.967458 0
-0.917145 -0.338095 0.913023 0
-0.959560 -0.346920 0.911112 0
-1.005042 -0.346101 0.909888 0
-1.052565 -0.339786 0.909015 0
-1.075949 -0.407446 0.902274 0
-1.088299 -0.503986 0.893250 0
-1.084921 -0.640079 0.881152 0
-1.105472 -0.703166 0.874707 0
2.207956 -0.940423 0.797758 4
2.178104 -0.911196 0.803720 4
2.142211 -0.894185 0.808870 4
2.109749 -0.869664 0.814445 4
2.069027 -0.863159 0.818790 4
2.078537 -0.741998 0.830708 4
2.072168 -0.652613 0.840618 4
2.083819 -0.515724 0.853866 4
2.056593 -0.468652 0.861024 8
2.026955 -0.425960 0.867864 8
2.024221 -0.311110 0.879836 8
1.784091 -0.831408 0.846029 7
1.745664 -0.822769 0.849909 7
1.710513 -0.804988 0.854397 7
1.669986 -0.802747 0.857672 7
1.607383 -0.868463 0.855743 7
1.574605 -0.845309 0.860410 7
1.533165 -0.849550 0.862926 7
1.487220 -0.870017 0.864101 7
1.448599 -0.867122 0.867005 7
1.417207 -0.838573 0.871868 7
1.366804 -0.880052 0.871115 7
1.322220 -0.902800 0.871743 7
1.291065 -0.873498 0.876488 7
1.246489 -0.899359 0.876700 7
1.215522 -0.867929 0.881522 7
1.172180 -0.891676 0.881747 7
1.137863 -0.874580 0.885282 7
1.105235 -0.847844 0.889579 7
1.066799 -0.850206 0.891384 7
1.032683 -0.829037 0.895119 7
0.996250 -0.820011 0.897774 7
0.958497 -0.819001 0.899687 7
0.921501 -0.813427 0.901932 7
0.880959 -0.833615 0.901884 7
0.847099 -0.805209 0.905993 7
0.805580 -0.837826 0.904721 7
0.768865 -0.832595 0.906690 7
0.730374 -0.845074 0.907039 7
0.693474 -0.843101 0.908601 7
0.661072 -0.784745 0.915124 7
0.620497 -0.828121 0.912538 7
0.582305 -0.846466 0.912109 7
0.546807 -0.819390 0.915696 7
0.508197 -0.856089 0.913486 7
0.471733 -0.847878 0.915263 7
0.435031 -0.844201 0.916575 7
0.398374 -0.832371 0.918573 7
0.361424 -0.844390 0.918345 7
0.324504 -0.825813 0.920851 7
0.287381 -0.817053 0.922409 7
0.250069 -0.808016 0.923938 7
0.213257 -0.818691 0.923601 7
0.176057 -0.816690 0.924370 7
0.139125 -0.820953 0.924506 7
0.101720 -0.817143 0.925330 7
0.062666 -0.792479 0.928026 7
0.028732 -0.835869 0.924369 7
-0.012335 -0.793841 0.928563 7
-0.048841 -0.804999 0.927775 7
-0.080575 -0.857550 0.923087 7
-0.121432 -0.827323 0.926021 7
-0.153509 -0.869124 0.922213 7
-0.196451 -0.828715 0.925978 7
-0.251116 -0.716365 0.936362 8
-0.268563 -0.850382 0.923823 7
-0.323672 -0.748381 0.933124 8
-0.368639 -0.714521 0.936040 8
-0.458845 -0.446624 0.960565 8
-0.500095 -0.451004 0.959791 8
-1.005578 1.464676 1.135684 0
-1.010811 1.218604 1.112181 0
-0.709899 -0.284887 0.972943 0
-0.752983 -0.291065 0.971647 0
-0.779836 -0.359987 0.964531 0
-0.824215 -0.359640 0.963707 0
-0.871913 -0.348272 0.963818 0
-0.925760 -0.317359 0.965632 0
-0.978017 -0.294656 0.966612 0
-1.012587 -0.331069 0.962155 0
-1.057170 -0.334834 0.960590 0
-1.069573 -0.435965 0.950194 0
-1.066399 -0.577079 0.936202 0
-1.057904 -0.725534 0.921572 0
-1.089461 -0.756154 0.917454 0
-1.098420 -0.845991 0.908042 0
-1.145445 -0.832963 0.907698 0
2.215068 -0.939881 0.844282 4
2.173077 -0.935492 0.848546 4
2.115480 -0.964756 0.850171 4
2.078147 -0.952308 0.854857 4
2.083571 -0.844851 0.866880 4
2.092525 -0.724568 0.880032 4
2.078946 -0.651569 0.889548 4
2.063358 -0.580321 0.898967 8
2.017457 -0.580956 0.902561 8
1.991253 -0.532415 0.910120 8
1.928934 -0.576350 0.909974 8
1.789748 -0.830472 0.891996 7
1.748989 -0.827902 0.895318 7
1.712498 -0.813768 0.899557 7
1.669837 -0.817688 0.902182 7
1.606931 -0.884141 0.899276 7
1.584198 -0.829652 0.906830 7
1.544590 -0.826974 0.909799 7
1.505428 -0.823366 0.912784 7
1.450659 -0.874538 0.910776 7
1.411719 -0.873149 0.913395 7
1.374388 -0.866364 0.916441 7
1.331427 -0.881690 0.917398 7
1.291089 -0.888374 0.919070 7
1.242627 -0.930685 0.917355 7
1.216045 -0.880899 0.924150 7
1.179273 -0.874278 0.926874 7
1.139202 -0.883697 0.928023 7
1.108367 -0.847837 0.933413 7
1.069655 -0.851058 0.935037 7
1.028840 -0.867234 0.935352 7
0.995822 -0.839390 0.939846 7
0.959458 -0.830056 0.942510 7
0.923475 -0.817619 0.945425 7
0.885191 -0.820837 0.946759 7
0.844205 -0.846340 0.945840 7
0.806863 -0.845980 0.947397 7
0.772626 -0.817747 0.951663 7
0.731201 -0.857214 0.949154 7
0.695980 -0.836611 0.952561 7
0.657816 -0.848608 0.952660 7
0.622954 -0.817642 0.957015 7
0.584820 -0.831535 0.956811 7
0.549561 -0.795145 0.961629 7
0.511567 -0.808572 0.961361 7
0.474460 -0.803099 0.962953 7
0.436364 -0.837939 0.960384 7
0.399217 -0.851739 0.959894 7
0.362483 -0.821926 0.963810 7
0.325617 -0.861973 0.960518 7
0.288626 -0.846218 0.962893 7
0.251820 -0.850134 0.963195 7
0.213894 -0.820426 0.966912 7
0.175741 -0.799007 0.969729 7
0.139473 -0.820619 0.968047 7
0.102194 -0.820466 0.968560 7
0.064442 -0.814531 0.969620 7
0.026808 -0.812044 0.970271 7
-0.009461 -0.825450 0.969217 7
-0.042776 -0.865872 0.965300 7
-0.086776 -0.804484 0.971915 7
-0.123918 -0.809922 0.971528 7
-0.155034 -0.861106 0.966325 7
-0.192876 -0.858204 0.966698 7
-0.230702 -0.856443 0.966898 7
-0.291056 -0.715300 0.981556 8
-0.321272 -0.767917 0.975986 7
-0.370092 -0.712294 0.981625 8
-0.413037 -0.694029 0.983318 8
-0.497652 -0.470038 1.006333 8
-0.570783 -0.322661 1.021299 0
-0.608595 -0.349930 1.018054 0
-0.656103 -0.333458 1.019285 0
-0.696866 -0.347233 1.017317 0
-0.739296 -0.354022 1.016011 0
-0.789236 -0.332241 1.017591 0
-0.834216 -0.331218 1.016959 0
-0.880809 -0.325329 1.016761 0
-0.921405 -0.341253 1.014254 0
-0.956416 -0.375401 1.009819 0
-1.020577 -0.314695 1.015029 0
-1.040183 -0.396841 1.005570 0
-1.049070 -0.506776 0.993258 0
-1.068400 -0.580362 0.984625 0
-1.060311 -0.727641 0.968512 0
-1.056153 -0.856271 0.954302 0
-1.100969 -0.848064 0.953864 0
2.262696 -0.947583 0.886427 4
2.210312 -0.963246 0.888892 4
2.147197 -1.002595 0.889171 4
2.111479 -0.986889 0.894145 4
2.095099 -0.929372 0.902792 4
2.100703 -0.820975 0.916047 4
2.093293 -0.737382 0.927160 4
2.104262 -0.607290 0.942609 8
2.034185 -0.665374 0.940752 8
2.000087 -0.638860 0.946630 8
1.951038 -0.649559 0.948957 8
1.839842 -0.823549 0.935646 7
1.801951 -0.812035 0.939786 7
1.743860 -0.856371 0.938468 7
1.708255 -0.840238 0.942905 7
1.668208 -0.836896 0.946040 7
1.632422 -0.821207 0.950331 7
1.593611 -0.814708 0.953660 7
1.540049 -0.856219 0.952116 7
1.496669 -0.867317 0.953520 7
1.460168 -0.856122 0.957110 7
1.422483 -0.849096 0.960223 7
1.379762 -0.861063 0.961330 7
1.341979 -0.855563 0.964166 7
1.293200 -0.894744 0.962301 7
1.249631 -0.916060 0.962200 7
1.217889 -0.887997 0.967204 7
1.181984 -0.877204 0.970357 7
1.151350 -0.840688 0.976191 7
1.111831 -0.846192 0.977526 7
1.066833 -0.882200 0.975531 7
1.037742 -0.833445 0.982562 7
0.956315 -1.091385 0.956459 5
0.917755 -1.110920 0.955926 5
0.880466 -1.125144 0.955904 5
0.845974 -1.121843 0.957735 5
0.810045 -1.129872 0.958275 5
0.779952 -1.090869 0.963936 5
0.742443 -1.113425 0.962780 5
0.735778 -0.831660 0.995271 7
0.698798 -0.826785 0.997137 7
0.661049 -0.831046 0.997937 7
0.623975 -0.827657 0.999537 7
0.585999 -0.838710 0.999470 7
0.548030 -0.854488 0.998814 7
0.511085 -0.853858 0.999947 7
0.475390 -0.814932 1.005354 7
0.436360 -0.890738 0.997749 7
0.400105 -0.867005 1.001344 7
0.363385 -0.847592 1.004410 7
0.326552 -0.871275 1.002529 7
0.289245 -0.835931 1.007320 7
0.252383 -0.845682 1.006925 7
0.214025 -0.807648 1.011943 7
0.176024 -0.794691 1.014052 7
0.138414 -0.794211 1.014684 7
0.103912 -0.843332 1.009572 7
0.063055 -0.793444 1.015778 7
0.028871 -0.836279 1.011279 7
-0.007748 -0.844525 1.010704 7
-0.050053 -0.796261 1.016590 7
-0.086724 -0.807324 1.015594 7
-0.127627 -0.782512 1.018685 7
-0.159927 -0.827490 1.013674 7
-0.197401 -0.830280 1.013480 7
-0.237001 -0.819293 1.014826 7
-0.272103 -0.838293 1.012660 7
-0.336967 -0.681395 1.030754 8
-0.363604 -0.754065 1.022289 7
-0.416245 -0.683351 1.030324 8
-0.500409 -0.463078 1.055555 8
-0.573012 -0.319380 1.071877 0
-0.619129 -0.309659 1.072682 0
-0.660754 -0.321057 1.070995 0
-0.700243 -0.341169 1.068249 0
-0.741967 -0.351534 1.066567 0
-0.795535 -0.316501 1.070040 0
-0.835710 -0.334290 1.067385 0
-0.881715 -0.330878 1.067102 0
-0.923518 -0.342911 1.064990 0
-0.962623 -0.363857 1.061802 0
-1.014712 -0.342707 1.063357 0
-1.024449 -0.454734 1.049690 0
-1.034991 -0.558066 1.036996 0
-1.042869 -0.663546 1.024044 0
-1.054107 -0.753994 1.012783 0
-1.073271 -0.818239 1.004465 0
-1.112967 -0.825087 1.002577 0
2.249733 -0.986730 0.929486 4
2.203522 -0.990559 0.932679 4
2.166498 -0.976545 0.937561 4
2.118627 -0.985463 0.940084 4
2.102325 -0.927607 0.949284 4
2.118228 -0.796447 0.966008 4
2.107375 -0.719965 0.977240 4
2.077558 -0.684403 0.984268 8
2.029625 -0.691051 0.986853 8
1.986569 -0.686931 0.990488 8
1.875854 -0.854107 0.975833 7
1.827635 -0.869478 0.977114 7
1.803245 -0.822903 0.984986 7
1.758708 -0.829735 0.987057 7
1.714664 -0.836367 0.989074 7
1.663441 -0.865172 0.988576 7
1.646193 -0.794127 0.999025 7
1.586047 -0.852806 0.995062 7
1.553907 -0.826028 1.000529 7
1.515891 -0.817726 1.003888 7
1.477567 -0.810647 1.007057 7
1.426259 -0.850280 1.004859 7
1.387269 -0.847915 1.007359 7
1.334603 -0.898944 1.003666 7
1.297134 -0.893769 1.006352 7
1.262831 -0.875610 1.010494 7
1.220200 -0.893031 1.010452 7
1.185717 -0.875462 1.014435 7
1.150996 -0.858073 1.018359 7
1.109914 -0.871723 1.018584 7
1.071824 -0.871657 1.020368 7
0.984069 -1.150527 0.988925 5
0.956597 -1.105294 0.995876 5
0.919906 -1.113181 0.996454 5
0.880574 -1.140507 0.994642 5
0.848912 -1.117240 0.998862 5
0.816904 -1.093803 1.003075 5
0.779857 -1.109318 1.002532 5
0.745390 -1.104798 1.004371 5
0.705215 -1.157023 0.999241 5
0.676455 -1.095025 1.008012 5
0.640046 -1.113457 1.006908 5
0.625724 -0.827384 1.043210 7
0.588628 -0.822292 1.044987 7
0.550277 -0.840241 1.043871 7
0.512278 -0.858826 1.042620 7
0.474964 -0.868161 1.042461 7
0.437978 -0.871901 1.042947 7
0.401772 -0.823825 1.049843 7
0.364407 -0.839009 1.048818 7
0.327086 -0.811658 1.053059 7
0.290172 -0.845209 1.049637 7
0.253090 -0.846843 1.050160 7
0.214549 -0.806037 1.055969 7
0.179088 -0.853103 1.050693 7
0.140691 -0.829548 1.054251 7
0.102950 -0.824072 1.055490 7
0.067727 -0.855063 1.052084 7
0.028741 -0.834077 1.055191 7
-0.006875 -0.854521 1.053019 7
-0.048000 -0.817890 1.058019 7
-0.081899 -0.852770 1.053926 7
-0.119476 -0.852524 1.054233 7
-0.155134 -0.867563 1.052556 7
-0.205713 -0.775631 1.064396 7
-0.232512 -0.853605 1.054648 7
-0.274678 -0.827288 1.058079 7
-0.308282 -0.854788 1.054638 7
-0.365764 -0.747906 1.068198 7
-0.415982 -0.690918 1.075380 7
-0.482204 -0.560585 1.091814 8
-0.570375 -0.339211 1.119733 0
-0.622745 -0.300874 1.124380 0
-0.661798 -0.324345 1.121138 0
-0.702220 -0.340959 1.118713 0
-0.745306 -0.346422 1.117647 0
-0.783148 -0.372305 1.113946 0
-0.843647 -0.313669 1.120870 0
-0.888535 -0.315465 1.120098 0
-0.921073 -0.360173 1.113860 0
-0.966918 -0.358694 1.113393 0
-1.016890 -0.344969 1.114408 0
-1.018200 -0.483134 1.096288 0
-1.029620 -0.583142 1.082945 0
-1.009529 -0.769001 1.058839 0
-1.023554 -0.848623 1.048032 0
-1.065653 -0.847807 1.047238 0
-1.117389 -0.822292 1.049463 0
2.288270 -1.012152 0.969822 4
2.254690 -0.990704 0.975604 4
2.194738 -1.021698 0.975519 4
2.155210 -1.013266 0.979721 4
2.115201 -1.006239 0.983705 4
2.133980 -0.873449 1.001932 4
2.118406 -0.810339 1.012326 4
2.107774 -0.733626 1.024319 8
2.069882 -0.716894 1.029395 8
2.018862 -0.731351 1.030779 8
1.994300 -0.682735 1.039493 8
1.881222 -0.854728 1.022088 7
1.848032 -0.830827 1.027704 7
1.809406 -0.820789 1.031628 7
1.751539 -0.863659 1.029126 7
1.720239 -0.834924 1.035182 7
1.676258 -0.842089 1.036840 7
1.630368 -0.856223 1.037576 7
1.596754 -0.833957 1.042716 7
1.560478 -0.819487 1.046861 7
1.529824 -0.786111 1.053317 7
1.469801 -0.852105 1.047344 7
1.437544 -0.824722 1.052955 7
1.392098 -0.844826 1.052558 7
1.343350 -0.879979 1.050182 7
1.306356 -0.871663 1.053239 7
1.266664 -0.874640 1.054812 7
1.226006 -0.882825 1.055664 7
1.187112 -0.884449 1.057301 7
1.149945 -0.878699 1.059838 7
1.109275 -0.890676 1.060036 7
1.030044 -1.108448 1.033438 5
0.993123 -1.115065 1.034128 5
0.962052 -1.088591 1.039096 5
0.923413 -1.106963 1.038158 5
0.884226 -1.132097 1.036272 5
0.850883 -1.119641 1.039284 5
0.813383 -1.137946 1.038192 5
0.777096 -1.149809 1.037900 5
0.745040 -1.126155 1.042282 5
0.712541 -1.102991 1.046574 5
0.677632 -1.102025 1.047872 5
0.642074 -1.109491 1.047999 5
0.606046 -1.126229 1.046835 5
0.572002 -1.116878 1.049133 5
0.538501 -1.094382 1.053170 5
0.514330 -0.843653 1.088023 7
0.476114 -0.872624 1.085093 7
0.439597 -0.853632 1.088612 7
0.402299 -0.865802 1.087864 7
0.365193 -0.890038 1.085425 7
0.328176 -0.846473 1.092178 7
0.290658 -0.825617 1.095807 7
0.253833 -0.849379 1.093301 7
0.216853 -0.855937 1.093101 7
0.178307 -0.824766 1.098028 7
0.140830 -0.825271 1.098578 7
0.104143 -0.838699 1.097310 7
0.066363 -0.834283 1.098450 7
0.028828 -0.834490 1.098914 7
-0.006214 -0.862222 1.095545 7
-0.045058 -0.848191 1.097886 7
-0.083898 -0.837298 1.099756 7
-0.123523 -0.822367 1.102143 7
-0.159249 -0.839929 1.100003 7
-0.196087 -0.847876 1.099148 7
-0.234276 -0.846533 1.099534 7
-0.275888 -0.824795 1.102698 7
-0.306444 -0.870856 1.096445 7
-0.345354 -0.866415 1.097133 7
-0.403394 -0.762989 1.111472 7
-0.454774 -0.703669 1.119666 7
-0.567775 -0.358826 1.167308 0
-0.615196 -0.342620 1.169439 0
-0.662723 -0.328159 1.171280 0
-0.704060 -0.341340 1.169249 0
-0.749112 -0.339496 1.169246 0
-0.787162 -0.365321 1.165372 0
-0.831135 -0.368247 1.164611 0
-0.884859 -0.337272 1.168475 0
-0.936689 -0.315771 1.170975 0
-0.985144 -0.307693 1.171571 0
-0.992547 -0.431673 1.153947 0
-0.993481 -0.568314 1.134565 0
-1.001146 -0.677014 1.119007 0
-1.015675 -0.759939 1.106968 0
-1.028121 -0.844463 1.094689 0
-1.068457 -0.848932 1.093336 0
2.281730 -1.038124 1.013276 4
2.246538 -1.020159 1.018663 4
2.192334 -1.039969 1.019340 4
2.164214 -1.008435 1.026306 4
2.141691 -0.964480 1.034812 4
2.156022 -0.840301 1.053436 4
2.156344 -0.741350 1.068986 4
2.089040 -0.790294 1.065747 8
2.047595 -0.782944 1.069593 8
2.035991 -0.705261 1.082464 8
1.942856 -0.822796 1.070045 7
1.905509 -0.808014 1.074663 7
1.855173 -0.826653 1.074858 7
1.817808 -0.812798 1.079252 7
1.766043 -0.838223 1.078402 7
1.732121 -0.815800 1.083831 7
1.686190 -0.827591 1.084656 7
1.635953 -0.853812 1.083474 7
1.595831 -0.851254 1.086089 7
1.562258 -0.828361 1.091408 7
1.519649 -0.834520 1.092749 7
1.482474 -0.823269 1.096409 7
1.435878 -0.845414 1.095451 7
1.397647 -0.839153 1.098329 7
1.352991 -0.857782 1.097726 7
1.315760 -0.849049 1.100850 7
1.274069 -0.858867 1.101353 7
1.230927 -0.876599 1.100694 7
1.185954 -0.905011 1.098477 7
1.109693 -1.085843 1.074769 5
1.074092 -1.082247 1.076856 5
1.043331 -1.053483 1.082463 5
1.002438 -1.078499 1.080426 5
0.960530 -1.113096 1.076965 5
0.926669 -1.102419 1.079892 5
0.890694 -1.105080 1.080881 5
0.854211 -1.112404 1.081159 5
0.817212 -1.125463 1.080569 5
0.788091 -1.076119 1.088920 5
0.752124 -1.080400 1.089523 5
0.713317 -1.114241 1.085807 5
0.682087 -1.073190 1.092894 5
0.644569 -1.099924 1.090117 5
0.612299 -1.061778 1.096735 5
0.573137 -1.122900 1.088852 5
0.540148 -1.090112 1.094628 5
0.504462 -1.105956 1.093263 5
0.470726 -1.073237 1.098977 5
0.440172 -0.880152 1.128238 7
0.403254 -0.875758 1.129780 7
0.366458 -0.824971 1.138126 7
0.328826 -0.801352 1.142444 7
0.291778 -0.847593 1.136406 7
0.254920 -0.865817 1.134459 7
0.217168 -0.848339 1.137759 7
0.180586 -0.865712 1.135857 7
0.143265 -0.863702 1.136790 7
0.102332 -0.805993 1.145969 7
0.066040 -0.827687 1.143309 7
0.025956 -0.799204 1.148081 7
-0.008355 -0.839684 1.142539 7
-0.045197 -0.848387 1.141691 7
-0.083279 -0.845187 1.142582 7
-0.120167 -0.852946 1.141799 7
-0.160161 -0.836659 1.144571 7
-0.197492 -0.842111 1.144057 7
-0.234091 -0.852351 1.142787 7
-0.273581 -0.844110 1.144245 7
-0.306766 -0.874292 1.139912 7
-0.347552 -0.859929 1.142211 7
-0.375449 -0.915109 1.134053 7
-0.426584 -0.850093 1.143867 7
-0.492481 -0.722148 1.163075 7
-0.616680 -0.343475 1.219821 0
-0.669347 -0.307391 1.225178 0
-0.707133 -0.336647 1.220698 0
-0.744519 -0.365922 1.216172 0
-0.805155 -0.305138 1.225091 0
-0.843390 -0.331868 1.220856 0
-0.894634 -0.311531 1.223621 0
-0.929849 -0.348035 1.217836 0
-0.984090 -0.320311 1.221610 0
-0.982683 -0.472048 1.198522 0
-0.997046 -0.566248 1.184008 0
-0.987187 -0.727325 1.159493 0
-1.003389 -0.804080 1.147541 0
-1.023663 -0.865580 1.137837 0
-1.084264 -0.814813 1.144806 0
2.285802 -1.043897 1.058976 4
2.254019 -1.019199 1.065283 4
2.189821 -1.058378 1.062864 4
2.147915 -1.055042 1.066145 4
2.145690 -0.969844 1.080645 4
2.160511 -0.844859 1.100721 4
2.143166 -0.784635 1.111904 8
2.097321 -0.786034 1.114489 8
2.055718 -0.778588 1.118255 8
2.017180 -0.764337 1.122934 8
1.949297 -0.821371 1.117454 7
1.899708 -0.836769 1.117780 7
1.863597 -0.819267 1.122744 7
1.825135 -0.807759 1.126814 7
1.768309 -0.846307 1.123612 7
1.735921 -0.819514 1.129791 7
1.696887 -0.811040 1.133282 7
1.645141 -0.840723 1.131153 7
1.608874 -0.825454 1.135538 7
1.572751 -0.809469 1.139997 7
1.511127 -0.877172 1.132053 7
1.488428 -0.817638 1.142868 7
1.437693 -0.853680 1.139469 7
1.399633 -0.846666 1.142420 7
1.365322 -0.825534 1.147448 7
1.312607 -0.876577 1.141603 7
1.269587 -0.892528 1.140959 7
1.237053 -0.865254 1.146794 7
1.157450 -1.049195 1.120579 5
1.118877 -1.056942 1.120961 5
1.075185 -1.091657 1.117186 5
1.037112 -1.101262 1.117183 5
1.011307 -1.044757 1.127270 5
0.964879 -1.103070 1.119717 5
0.932580 -1.081458 1.124397 5
0.893001 -1.105910 1.121942 5
0.857867 -1.102971 1.123674 5
0.823023 -1.098052 1.125680 5
0.783708 -1.129844 1.121947 5
0.752064 -1.099178 1.127888 5
0.715317 -1.113410 1.126806 5
0.680446 -1.110975 1.128287 5
0.645244 -1.112654 1.129092 5
0.611852 -1.090544 1.133597 5
0.576914 -1.086874 1.135181 5
0.540808 -1.104584 1.133365 5
0.506855 -1.081286 1.137978 5
0.471388 -1.090278 1.137467 5
0.436753 -1.072655 1.141132 5
0.400814 -1.123221 1.133962 5
0.367030 -0.919122 1.167166 5
0.329956 -0.845716 1.179650 7
0.291758 -0.792959 1.188845 7
0.254866 -0.835814 1.182788 7
0.216857 -0.822316 1.185672 7
0.179922 -0.839864 1.183568 7
0.141377 -0.821660 1.187142 7
0.106447 -0.866721 1.180560 7
0.065966 -0.824503 1.187916 7
0.030746 -0.856353 1.183371 7
-0.007868 -0.845515 1.185636 7
-0.047129 -0.831082 1.188448 7
-0.081676 -0.861842 1.183965 7
-0.121661 -0.843767 1.187297 7
-0.160117 -0.840659 1.188191 7
-0.194263 -0.869042 1.183979 7
-0.235174 -0.849817 1.187400 7
-0.269442 -0.874719 1.183677 7
-0.312061 -0.848764 1.188119 7
-0.347411 -0.866364 1.185503 7
-0.386852 -0.861472 1.186481 7
-0.420144 -0.888242 1.182314 7
-0.463752 -0.864452 1.186275 7
-0.615082 -0.358240 1.268109 0
-0.660296 -0.354238 1.268813 0
-0.714008 -0.316317 1.274956 0
-0.752788 -0.341377 1.270887 0
-0.794742 -0.353218 1.268913 0
-0.830070 -0.389208 1.263000 0
-0.879789 -0.372667 1.265529 0
-0.939489 -0.324203 1.273168 0
-0.964682 -0.393111 1.261824 0
-0.973616 -0.509757 1.242747 0
-0.986070 -0.608807 1.226481 0
-0.978973 -0.760395 1.201726 0
-0.990848 -0.848791 1.187133 0
-1.035226 -0.841948 1.187846 0
2.308494 -1.014610 1.109892 4
2.260093 -1.021015 1.111711 4
2.202696 -1.046327 1.110648 4
2.164088 -1.035706 1.114865 4
2.155910 -0.962338 1.128469 4
2.173128 -0.832182 1.150690 4
2.157665 -0.767395 1.163122 8
2.105362 -0.782398 1.163435 8
2.070329 -0.759445 1.169478 8
2.024904 -0.760567 1.171799 8
1.955543 -0.820483 1.165002 7
1.902764 -0.843350 1.163815 7
1.862809 -0.835547 1.167316 7
1.818673 -0.839093 1.169008 7
1.773338 -0.846899 1.169980 7
1.743538 -0.812602 1.177510 7
1.684609 -0.860818 1.172026 7
1.653991 -0.828789 1.179136 7
1.612791 -0.827907 1.181292 7
1.568430 -0.837772 1.181695 7
1.526668 -0.840563 1.183175 7
1.487613 -0.835117 1.185929 7
1.438376 -0.865932 1.182821 7
1.411281 -0.818814 1.192199 7
1.367786 -0.831124 1.191979 7
1.321778 -0.855148 1.189810 7
1.280495 -0.862454 1.190296 7
1.194841 -1.062356 1.159373 5
1.163261 -1.037630 1.164921 5
1.125420 -1.040804 1.165887 5
1.084677 -1.059393 1.164287 5
1.045419 -1.072878 1.163476 5
1.006648 -1.085868 1.162704 5
0.969746 -1.090171 1.163323 5
0.936180 -1.075043 1.167123 5
0.894470 -1.112317 1.162208 5
0.861779 -1.091868 1.166831 5
0.826311 -1.090099 1.168324 5
0.789053 -1.103389 1.167274 5
0.750294 -1.133080 1.163441 5
0.717918 -1.106793 1.168937 5
0.684665 -1.085089 1.173650 5
0.649876 -1.077504 1.175971 5
0.615136 -1.067916 1.178604 5
0.578350 -1.088424 1.176136 5
0.544337 -1.065293 1.180999 5
0.508640 -1.071060 1.180956 5
0.473926 -1.051980 1.185090 5
0.438326 -1.054895 1.185472 5
0.403228 -1.028101 1.190872 5
0.367431 -1.039189 1.189810 5
0.332105 -1.102580 1.179805 5
0.295575 -0.999429 1.198148 5
0.255523 -0.834549 1.227046 7
0.217681 -0.829352 1.228681 7
0.181054 -0.854806 1.225043 7
0.142911 -0.843333 1.227691 7
0.104812 -0.836716 1.229481 7
0.068519 -0.857249 1.226584 7
0.030495 -0.852681 1.227962 7
-0.006389 -0.862047 1.226917 7
-0.043485 -0.868208 1.226391 7
-0.081189 -0.868546 1.226837 7
-0.126091 -0.810580 1.237301 7
-0.160363 -0.842461 1.232255 7
-0.194187 -0.873728 1.227279 7
-0.231729 -0.877113 1.227080 7
-0.266692 -0.896690 1.224054 7
-0.310491 -0.863262 1.230157 7
-0.352323 -0.845022 1.233609 7
-0.386175 -0.870953 1.229393 7
-0.415566 -0.917071 1.221650 7
-0.463244 -0.873300 1.229432 7
-0.497348 -0.895268 1.225806 7
-0.667919 -0.329258 1.323981 0
-0.712345 -0.331248 1.323770 0
-0.756155 -0.336318 1.322990 0
-0.801877 -0.334552 1.323360 0
-0.846641 -0.337235 1.322923 0
-0.893577 -0.332909 1.323665 0
-0.942968 -0.321397 1.325616 0
-0.945264 -0.465674 1.300542 0
-0.959462 -0.563432 1.283497 0
-0.972113 -0.660341 1.266570 0
-0.966209 -0.806829 1.241033 0
-0.998288 -0.835994 1.235782 0
-1.046152 -0.820229 1.238274 0
2.338869 -1.055987 1.147879 4
2.293403 -1.056508 1.150367 4
2.253210 -1.047769 1.154291 4
2.197341 -1.070281 1.153127 4
2.159929 -1.057531 1.157601 4
2.187812 -0.910190 1.183953 4
2.190311 -0.809999 1.202739 4
2.171028 -0.752807 1.214545 8
2.103370 -0.801179 1.208988 8
2.077547 -0.757393 1.218555 8
1.990651 -0.855350 1.204617 7
1.950542 -0.846765 1.208251 7
1.901630 -0.860322 1.208152 7
1.869104 -0.833719 1.214722 7
1.833557 -0.814295 1.220071 7
1.784519 -0.830938 1.219316 7
1.744090 -0.825451 1.222245 7
1.711856 -0.796905 1.229050 7
1.669155 -0.798313 1.230747 7
1.601281 -0.877570 1.219121 7
1.570460 -0.845849 1.226366 7
1.530777 -0.841674 1.228878 7
1.492239 -0.834094 1.231941 7
1.451568 -0.834211 1.233647 7
1.412065 -0.830844 1.235919 7
1.383539 -0.786370 1.245283 7
1.341030 -0.794179 1.245565 7
1.237660 -1.053631 1.201985 5
1.191517 -1.091044 1.196917 5
1.153504 -1.096099 1.197448 5
1.115834 -1.100718 1.198021 5
1.081011 -1.092434 1.200826 5
1.041954 -1.105981 1.199765 5
1.017125 -1.043678 1.212044 5
0.972508 -1.089654 1.205199 5
0.930808 -1.124024 1.200347 5
0.895056 -1.124526 1.201454 5
0.863512 -1.096240 1.207650 5
0.829224 -1.085103 1.210783 5
0.789259 -1.119163 1.205831 5
0.755057 -1.108763 1.208777 5
0.719320 -1.111962 1.209267 5
0.685852 -1.092146 1.213855 5
0.652830 -1.063006 1.220102 5
0.617195 -1.062343 1.221218 5
0.580124 -1.084744 1.218154 5
0.544724 -1.084995 1.219047 5
0.511678 -1.032718 1.229401 5
0.474470 -1.072601 1.223088 5
0.438928 -1.077217 1.223117 5
0.403698 -1.067677 1.225685 5
0.368521 -1.012849 1.236455 5
0.332713 -1.052514 1.230047 5
0.297210 -1.060038 1.229447 5
0.261548 -1.055424 1.231030 5
0.225412 -1.040063 1.234550 5
0.180276 -0.826073 1.274316 7
0.144142 -0.859396 1.268938 7
0.106126 -0.853283 1.270736 7
0.067466 -0.840636 1.273707 7
0.030621 -0.853565 1.271970 7
-0.002799 -0.901361 1.263807 7
-0.044678 -0.858137 1.272314 7
-0.080164 -0.880038 1.268843 7
-0.119624 -0.866580 1.271842 7
-0.159474 -0.852862 1.274866 7
-0.195745 -0.866921 1.272755 7
-0.234475 -0.863651 1.273808 7
-0.275412 -0.847856 1.277145 7
-0.311775 -0.861163 1.275092 7
-0.344188 -0.895387 1.269150 7
-0.387203 -0.871559 1.273896 7
-0.423479 -0.884114 1.271899 7
-0.466167 -0.865997 1.275543 7
-0.499992 -0.890032 1.271371 7
-0.667762 -0.337792 1.373737 0
-0.722444 -0.297809 1.381383 0
-0.759134 -0.332840 1.375123 0
-0.804870 -0.331681 1.375527 0
-0.846886 -0.344984 1.373225 0
-0.899123 -0.322270 1.377560 0
-0.930043 -0.374142 1.368054 0
-0.934713 -0.509004 1.343148 0
-0.946305 -0.613767 1.323783 0
-0.948456 -0.741298 1.300171 0
-0.955655 -0.846565 1.280654 0
-1.003101 -0.830811 1.283520 0
2.344113 -1.059866 1.194314 4
2.316648 -1.026481 1.202431 4
2.237003 -1.092236 1.193332 4
2.195034 -1.088149 1.196274 4
2.173754 -1.043160 1.206327 4
2.189765 -0.920082 1.230088 4
2.213339 -0.775722 1.257696 4
2.164449 -0.781500 1.258914 8
2.118242 -0.782491 1.260931 8
2.076643 -0.773906 1.264604 8
2.001183 -0.844841 1.254074 7
1.957509 -0.844182 1.256224 7
1.911380 -0.850371 1.257108 7
1.867335 -0.852438 1.258687 7
1.833632 -0.828424 1.264928 7
1.779151 -0.859669 1.261167 7
1.756857 -0.804415 1.273015 7
1.710259 -0.815965 1.272741 7
1.661808 -0.834517 1.271146 7
1.626701 -0.814430 1.276555 7
1.577494 -0.838170 1.273925 7
1.542639 -0.817582 1.279374 7
1.498839 -0.826481 1.279386 7
1.451662 -0.848623 1.276916 7
1.425742 -0.796014 1.288205 7
1.382556 -0.805206 1.288064 7
1.273045 -1.076500 1.239262 5
1.231129 -1.094700 1.237271 5
1.196222 -1.085240 1.240390 5
1.164190 -1.062760 1.245918 5
1.118170 -1.104362 1.239453 5
1.082819 -1.098344 1.241853 5
1.049725 -1.080707 1.246413 5
1.001870 -1.142439 1.236034 5
0.974725 -1.092361 1.246650 5
0.941288 -1.075397 1.251026 5
0.901638 -1.097513 1.248001 5
0.868471 -1.078087 1.252803 5
0.828985 -1.103906 1.249013 5
0.794546 -1.093620 1.252041 5
0.758213 -1.098935 1.252083 5
0.721937 -1.105413 1.251878 5
0.688181 -1.087009 1.256393 5
0.654440 -1.064795 1.261624 5
0.617729 -1.077553 1.260152 5
0.580911 -1.096610 1.257445 5
0.547531 -1.059923 1.265400 5
0.513487 -1.022758 1.273443 5
0.476304 -1.055774 1.267984 5
0.440680 -1.052995 1.269380 5
0.405053 -1.047668 1.271247 5
0.369200 -1.066284 1.268474 5
0.333478 -1.031904 1.275912 5
0.298103 -1.069857 1.269351 5
0.262742 -1.077942 1.268537 5
0.228095 -1.103059 1.264397 5
0.192756 -1.101566 1.265390 5
0.156931 -1.092122 1.267908 5
0.105166 -0.833869 1.318785 7
0.067375 -0.837187 1.318830 7
0.032482 -0.875379 1.312059 7
-0.005744 -0.870159 1.313717 7
-0.046145 -0.845397 1.319169 7
-0.084975 -0.839638 1.320896 7
-0.119590 -0.869934 1.315558 7
-0.156334 -0.880269 1.314093 7
-0.194671 -0.878644 1.314945 7
-0.234829 -0.865949 1.317943 7
-0.274695 -0.857313 1.320129 7
-0.313756 -0.855050 1.321046 7
-0.351395 -0.861523 1.320228 7
-0.388525 -0.870666 1.318863 7
-0.431899 -0.848784 1.323569 7
-0.467208 -0.867590 1.320262 7
-0.501815 -0.888523 1.316511 7
-0.547433 -0.861156 1.322237 7
-0.717784 -0.325082 1.428054 0
-0.761526 -0.331723 1.427090 0
-0.803297 -0.346113 1.424574 0
-0.856206 -0.319739 1.430062 0
-0.890649 -0.360808 1.422238 0
-0.919351 -0.419168 1.410975 0
-0.921782 -0.559952 1.383429 0
-0.927011 -0.683254 1.359294 0
-0.939469 -0.777251 1.340905 0
-0.952165 -0.865329 1.323655 0
-1.013189 -0.810617 1.334551 0
2.360012 -1.044384 1.244473 4
2.316950 -1.039482 1.247506 4
2.272036 -1.038734 1.249729 4
2.212924 -1.066518 1.246578 4
2.200179 -1.003763 1.260339 4
2.225600 -0.860542 1.289266 4
2.213915 -0.788919 1.304801 4
2.171834 -0.779975 1.308517 8
2.130970 -0.768748 1.312637 8
2.061871 -0.821814 1.304507 8
2.006735 -0.846069 1.301781 7
1.963343 -0.844396 1.303951 7
1.923289 -0.835251 1.307521 7
1.882220 -0.828971 1.310516 7
1.844142 -0.815360 1.314895 7
1.794886 -0.831704 1.313474 7
1.761675 -0.805549 1.320226 7
1.717940 -0.808529 1.321323 7
1.674351 -0.812074 1.322277 7
1.629152 -0.821531 1.322048 7
1.592549 -0.805454 1.326762 7
1.551376 -0.803878 1.328627 7
1.503302 -0.826172 1.325789 7
1.459784 -0.835009 1.325548 7
1.425029 -0.813584 1.331222 7
1.313477 -1.080035 1.280179 5
1.282745 -1.052659 1.286902 5
1.248530 -1.037885 1.291129 5
1.203647 -1.067961 1.286460 5
1.163062 -1.082360 1.284857 5
1.130859 -1.059732 1.290579 5
1.089426 -1.080765 1.287603 5
1.049329 -1.097810 1.285386 5
1.016704 -1.076799 1.290737 5
0.969683 -1.136877 1.279859 5
0.935834 -1.124581 1.283422 5
0.907042 -1.078471 1.293757 5
0.872452 -1.066975 1.297144 5
0.834047 -1.082979 1.294983 5
0.796377 -1.096314 1.293330 5
0.759211 -1.108245 1.291934 5
0.729824 -1.048321 1.305032 5
0.698651 -0.995482 1.316709 5
0.672380 -0.872773 1.342551 7
0.635258 -0.864151 1.345293 7
0.586179 -1.038962 1.310761 5
0.547788 -1.081981 1.302925 5
0.513858 -1.045120 1.311313 5
0.478208 -1.037462 1.313749 5
0.441699 -1.058666 1.310279 5
0.406189 -1.042901 1.314335 5
0.370069 -1.081844 1.307191 5
0.334568 -1.086146 1.307105 5
0.298424 -1.038849 1.317576 5
0.263474 -1.081247 1.309647 5
0.228121 -1.087492 1.309108 5
0.192134 -1.076885 1.312014 5
0.154351 -1.037074 1.320917 5
0.118207 -1.036274 1.321783 5
0.082739 -1.045584 1.320549 5
0.032938 -0.880238 1.355334 7
-0.006264 -0.865122 1.359135 7
-0.045886 -0.849500 1.363029 7
-0.085634 -0.836190 1.366433 7
-0.121102 -0.860671 1.362000 7
-0.161278 -0.846598 1.365530 7
-0.195458 -0.877291 1.359765 7
-0.238317 -0.847711 1.366480 7
-0.274302 -0.864780 1.363501 7
-0.316443 -0.844882 1.368181 7
-0.359631 -0.822157 1.373438 7
-0.398539 -0.824725 1.373420 7
-0.434387 -0.842818 1.370154 7
-0.477130 -0.827560 1.373813 7
-0.512123 -0.849089 1.369791 7
-0.559391 -0.816952 1.376939 7
-0.712859 -0.353373 1.474097 0
-0.769716 -0.307868 1.484061 0
-0.807298 -0.339503 1.477903 0
-0.840348 -0.386002 1.468614 0
-0.888695 -0.376446 1.471015 0
-0.893093 -0.516507 1.442107 0
-0.907586 -0.614836 1.421887 0
-0.930111 -0.682102 1.408134 0
-0.923145 -0.835393 1.376341 0
-0.971276 -0.817549 1.380352 0
-0.999780 -0.857535 1.372230 0
2.358193 -1.061227 1.288875 4
2.318656 -1.049853 1.293017 4
2.287178 -1.023484 1.300126 4
2.229062 -1.048522 1.296953 4
2.217136 -0.983591 1.311750 4
2.221043 -0.883971 1.333544 4
2.228561 -0.772653 1.357756 4
2.195275 -0.744084 1.365343 8
2.143039 -0.756625 1.364611 8
2.115066 -0.715885 1.374635 8
2.026047 -0.815439 1.356168 7
1.981954 -0.814228 1.358096 7
1.921725 -0.853316 1.351777 7
1.884197 -0.838267 1.356462 7
1.834628 -0.854376 1.354751 7
1.804483 -0.820401 1.363278 7
1.763674 -0.814499 1.366034 7
1.705049 -0.859577 1.358268 7
1.682940 -0.801441 1.371743 7
1.633558 -0.822741 1.368813 7
1.588246 -0.833548 1.368017 7
1.548936 -0.826488 1.370897 7
1.515392 -0.800396 1.377715 7
1.469263 -0.816857 1.375668 7
1.358180 -1.069463 1.324338 5
1.315469 -1.086581 1.322007 5
1.278983 -1.081545 1.324279 5
1.248904 -1.050770 1.331929 5
1.210226 -1.054472 1.332344 5
1.170030 -1.065964 1.331099 5
1.126571 -1.094423 1.326256 5
1.079772 -1.142719 1.317194 5
1.055337 -1.081965 1.331111 5
1.016952 -1.090770 1.330339 5
0.981126 -1.086632 1.332285 5
0.942563 -1.099326 1.330647 5
0.907940 -1.088853 1.333904 5
0.870095 -1.099933 1.332568 5
0.885148 -0.719730 1.414506 7
0.850657 -0.677480 1.424600 7
0.806870 -0.709861 1.418771 7
0.764690 -0.733807 1.414710 7
0.728452 -0.700727 1.422820 7
0.686796 -0.724654 1.418719 7
0.638975 -0.838053 1.395402 7
0.597547 -0.888296 1.385573 7
0.560550 -0.876858 1.388961 7
0.515944 -1.029374 1.357060 5
0.478612 -1.062031 1.350891 5
0.443022 -1.052477 1.353796 5
0.407442 -1.031139 1.359235 5
0.371104 -1.068559 1.351972 5
0.335530 -1.113167 1.343124 5
0.299617 -1.069938 1.353263 5
0.263415 -1.051005 1.358141 5
0.227366 -1.048338 1.359485 5
0.191872 -1.060318 1.357636 5
0.154139 -1.026347 1.365757 5
0.117068 -1.014134 1.369145 5
0.084254 -1.064256 1.358950 5
0.042233 -0.991844 1.375431 5
-0.006224 -0.866137 1.403553 7
-0.043074 -0.878481 1.401567 7
-0.084694 -0.846961 1.409148 7
-0.120996 -0.864632 1.405971 7
-0.164839 -0.823450 1.415655 7
-0.205552 -0.810694 1.419114 7
-0.236248 -0.865938 1.407658 7
-0.275780 -0.860750 1.409428 7
-0.309533 -0.890297 1.403562 7
-0.353713 -0.860290 1.410757 7
-0.395296 -0.847590 1.414144 7
-0.433802 -0.852008 1.413757 7
-0.469961 -0.867702 1.410873 7
-0.515472 -0.840905 1.417333 7
-0.546477 -0.879113 1.409459 7
-0.715770 -0.349567 1.526790 0
-0.768969 -0.319185 1.534085 0
-0.809212 -0.340813 1.529889 0
-0.851163 -0.355444 1.527218 0
-0.886742 -0.392055 1.519670 0
-0.882436 -0.561018 1.482822 0
-0.907097 -0.625042 1.469145 0
-0.906604 -0.764440 1.438749 0
-0.935654 -0.805867 1.430014 0
-0.976664 -0.810309 1.429456 0
2.369540 -1.054229 1.338141 4
2.351545 -1.002558 1.350740 4
2.295153 -1.021987 1.348258 4
2.237450 -1.045751 1.344809 4
2.233655 -0.964508 1.363705 4
2.243700 -0.851951 1.389334 4
2.270224 -0.700254 1.423410 4
2.217736 -0.710627 1.422824 8
2.171537 -0.708639 1.424861 8
2.132836 -0.690551 1.430340 8
2.028088 -0.825028 1.402904 7
1.983767 -0.824245 1.404565 7
1.932588 -0.840994 1.402409 7
1.894153 -0.827540 1.406767 7
1.843760 -0.845016 1.404395 7
1.795407 -0.858923 1.402767 7
1.751049 -0.863539 1.403132 7
1.716738 -0.840850 1.409433 7
1.687408 -0.802984 1.419047 7
1.636088 -0.829664 1.414537 7
1.586406 -0.853839 1.410540 7
1.541207 -0.866039 1.409137 7
1.515363 -0.815319 1.421546 7
1.469538 -0.830754 1.419400 7
1.358755 -1.081369 1.365354 5
1.321002 -1.079937 1.366806 5
1.286067 -1.068163 1.370531 5
1.233907 -1.125830 1.358866 5
1.202838 -1.100166 1.365635 5
1.174372 -1.061370 1.375320 5
1.128563 -1.099840 1.367832 5
1.092464 -1.095678 1.369799 5
1.056103 -1.093125 1.371397 5
1.023439 -1.071058 1.377339 5
0.993087 -1.033942 1.386644 5
1.005186 -0.736001 1.454325 7
0.973302 -0.683599 1.467139 7
0.933285 -0.680779 1.468845 7
0.893322 -0.677904 1.470551 7
0.851722 -0.688450 1.469228 7
0.811426 -0.690261 1.469852 7
0.771641 -0.688331 1.471305 7
0.729802 -0.708360 1.467793 7
0.690080 -0.708992 1.468639 7
0.648674 -0.732942 1.464200 7
0.610134 -0.721088 1.467841 7
0.567541 -0.778845 1.455704 7
0.532535 -0.696094 1.475397 7
0.482963 -0.975889 1.412803 5
0.444799 -1.029117 1.401562 5
0.408079 -1.058593 1.395690 5
0.372098 -1.063762 1.395330 5
0.336106 -1.038438 1.401909 5
0.300538 -1.081632 1.392856 5
0.264126 -1.052984 1.400182 5
0.227698 -1.041401 1.403610 5
0.191717 -1.046085 1.403311 5
0.155640 -1.047834 1.403674 5
0.118366 -1.030643 1.408368 5
0.081477 -1.024030 1.410634 5
0.045078 -1.025576 1.411020 5
-0.007907 -0.848568 1.452433 7
-0.047885 -0.833211 1.456723 7
-0.087648 -0.823167 1.459788 7
-0.126346 -0.824136 1.460309 7
-0.163388 -0.838125 1.457819 7
-0.203687 -0.828033 1.460873 7
-0.241368 -0.837110 1.459495 7
-0.280964 -0.834004 1.460921 7
-0.317639 -0.848853 1.458185 7
-0.359266 -0.835739 1.461911 7
-0.399213 -0.833403 1.463135 7
-0.440574 -0.825083 1.465740 7
-0.481471 -0.820450 1.467484 7
-0.517279 -0.839655 1.463686 7
-0.558196 -0.836125 1.465157 7
-0.718929 -0.344805 1.580055 0
-0.771631 -0.317157 1.587205 0
-0.813325 -0.333898 1.584019 0
-0.864429 -0.316189 1.588846 0
-0.865252 -0.475650 1.552356 0
-0.877436 -0.586402 1.527174 0
-0.878150 -0.727425 1.494881 0
-0.900723 -0.791309 1.480562 0
-0.938027 -0.807190 1.477438 0
-0.980298 -0.808285 1.477762 0
-1.969925 1.487498 2.017563 1
-1.986794 1.350817 1.986382 1
2.385300 -1.039413 1.389627 4
2.351025 -1.017241 1.396033 4
2.289110 -1.047016 1.390725 4
2.252920 -1.029406 1.396073 4
2.262543 -0.921185 1.421909 4
2.268373 -0.816162 1.447080 4
2.258661 -0.739031 1.465979 4
2.250708 -0.655110 1.486456 8
2.207025 -0.645811 1.489988 8
2.076014 -0.832771 1.448772 7
2.028321 -0.838786 1.448717 7
1.977810 -0.852644 1.446848 7
1.947013 -0.820177 1.455558 7
1.902949 -0.819871 1.456900 7
1.844846 -0.856507 1.449744 7
1.813544 -0.825125 1.458188 7
1.753323 -0.871609 1.448709 7
1.717561 -0.852936 1.454208 7
1.685259 -0.823815 1.462116 7
1.641139 -0.829047 1.462087 7
1.595223 -0.840998 1.460486 7
1.568080 -0.794328 1.472450 7
1.527199 -0.790774 1.474423 7
1.410528 -1.048905 1.415585 5
1.364099 -1.076197 1.410286 5
1.318338 -1.103883 1.404868 5
1.282349 -1.096741 1.407545 5
1.252543 -1.064795 1.416007 5
1.198992 -1.130671 1.401609 5
1.165947 -1.113058 1.406704 5
1.125388 -1.129104 1.403913 5
1.093569 -1.105159 1.410483 5
1.069244 -1.041272 1.426436 5
1.037615 -1.010296 1.434676 5
1.010676 -0.949816 1.449866 5
1.015281 -0.692538 1.511444 7
0.977991 -0.671484 1.517429 7
0.935378 -0.684829 1.515294 7
0.899312 -0.652672 1.523897 7
0.852293 -0.703347 1.512909 7
0.809974 -0.722925 1.509253 7
0.770205 -0.722837 1.510241 7
0.731321 -0.714250 1.513238 7
0.691078 -0.720307 1.512751 7
0.651865 -0.715146 1.514922 7
0.609625 -0.755175 1.506331 7
0.570495 -0.754591 1.507390 7
0.534911 -0.677457 1.526700 7
0.495427 -0.666883 1.530148 7
0.445978 -1.029389 1.444441 5
0.408560 -1.094951 1.429589 5
0.373169 -1.048179 1.441596 5
0.337064 -1.062543 1.438968 5
0.301552 -1.100417 1.430689 5
0.264796 -1.053116 1.442835 5
0.228410 -1.045800 1.445389 5
0.191595 -1.032494 1.449381 5
0.154425 -1.018081 1.453640 5
0.116471 -0.996373 1.459658 5
0.084974 -1.069906 1.442713 5
0.047536 -1.054633 1.447165 5
-0.011209 -0.813566 1.506166 7
-0.051393 -0.800676 1.510093 7
-0.087345 -0.828304 1.504216 7
-0.125962 -0.830413 1.504504 7
-0.166351 -0.819567 1.507926 7
-0.202323 -0.841863 1.503309 7
-0.242389 -0.835161 1.505719 7
-0.281608 -0.835187 1.506493 7
-0.316963 -0.858220 1.501667 7
-0.366731 -0.800870 1.516394 7
-0.401452 -0.827955 1.510571 7
-0.441285 -0.827981 1.511332 7
-0.486211 -0.804973 1.517708 7
-0.524905 -0.812552 1.516622 7
-0.572061 -0.784205 1.524309 7
-0.712746 -0.378146 1.624387 0
-0.766154 -0.346967 1.632856 0
-0.797909 -0.400302 1.620631 0
-0.838689 -0.417840 1.617159 0
-0.853441 -0.525329 1.591606 0
-0.859394 -0.655404 1.560464 0
-0.878224 -0.735616 1.541523 0
-0.888938 -0.836544 1.517455 0
-0.920240 -0.869435 1.510091 0
-1.948260 1.237010 2.034091 1
-1.967683 1.116240 2.005339 1
2.413577 -1.002340 1.447095 4
2.361856 -1.011064 1.446203 4
2.317041 -1.008109 1.448077 4
2.270918 -1.008398 1.449164 4
2.275511 -0.909630 1.473931 4
2.313130 -0.740171 1.515677 4
2.295825 -0.676768 1.532079 4
2.299023 -0.567529 1.559512 4
2.316563 -0.422319 1.595644 4
2.075911 -0.847293 1.494612 7
2.047785 -0.808405 1.505101 7
1.993286 -0.830401 1.500912 7
1.938212 -0.855866 1.495861 7
1.904808 -0.829625 1.503290 7
1.855003 -0.844738 1.500711 7
1.818680 -0.825979 1.506324 7
1.765486 -0.852797 1.500878 7
1.731117 -0.829295 1.507632 7
1.686384 -0.835096 1.507263 7
1.637129 -0.855602 1.503302 7
1.596261 -0.852375 1.505107 7
1.564256 -0.821376 1.513681 7
1.513986 -0.849431 1.507839 7
1.407047 -1.074858 1.453715 5
1.365923 -1.083685 1.452485 5
1.324234 -1.096026 1.450382 5
1.290567 -1.079186 1.455424 5
1.245614 -1.106965 1.449514 5
1.205794 -1.116384 1.448095 5
1.162271 -1.143602 1.442287 5
1.156136 -1.002491 1.477914 5
1.130838 -0.940392 1.494127 5
1.142955 -0.682870 1.558587 7
1.101136 -0.686290 1.558714 7
1.059841 -0.687921 1.559276 7
1.021250 -0.674304 1.563605 7
0.971836 -0.728866 1.551047 7
0.938384 -0.682707 1.563432 7
0.898375 -0.678601 1.565397 7
0.851724 -0.727233 1.554259 7
0.816965 -0.682699 1.566259 7
0.774430 -0.703780 1.561945 7
0.734617 -0.701722 1.563382 7
0.690950 -0.744679 1.553592 7
0.653309 -0.720608 1.560507 7
0.613374 -0.724698 1.560395 7
0.574168 -0.718076 1.562956 7
0.536511 -0.676050 1.574378 7
0.496707 -0.670814 1.576600 7
0.455327 -0.721936 1.564692 7
0.410082 -1.067695 1.478825 5
0.373991 -1.071668 1.478642 5
0.337934 -1.061351 1.482048 5
0.301518 -1.039720 1.488303 5
0.265433 -1.051671 1.486110 5
0.228454 -1.029867 1.492417 5
0.193059 -1.055696 1.486716 5
0.156927 -1.058490 1.486819 5
0.118928 -1.031305 1.494496 5
0.081102 -1.014584 1.499536 5
0.048516 -1.065850 1.487372 5
-0.012951 -0.795375 1.556707 7
-0.048931 -0.826258 1.549737 7
-0.088949 -0.816546 1.553056 7
-0.127052 -0.824713 1.551838 7
-0.167662 -0.813485 1.555547 7
-0.209699 -0.794586 1.561213 7
-0.245802 -0.817623 1.556206 7
-0.284934 -0.819982 1.556462 7
-0.319923 -0.846641 1.550516 7
-0.360664 -0.839767 1.553123 7
-0.406589 -0.807624 1.562192 7
-0.447350 -0.804713 1.563799 7
-0.475007 -0.863843 1.549524 7
-0.523628 -0.825127 1.560297 7
-0.552258 -0.875444 1.548254 7
-0.700497 -0.436062 1.661892 0
-0.723193 -0.522808 1.640558 0
-0.764745 -0.532924 1.638893 0
-0.795315 -0.582614 1.627040 0
-0.825641 -0.630276 1.615690 0
-0.857926 -0.668779 1.606682 0
-0.861012 -0.799575 1.573845 0
-0.889839 -0.842100 1.563749 0
-0.930077 -0.848213 1.563049 0
-2.054227 1.319264 2.131682 1
-1.962316 0.926875 2.031031 1
-1.983573 0.822815 2.005269 1
2.452670 -0.946301 1.510629 4
2.386110 -0.980474 1.502985 4
2.330308 -0.997024 1.499754 4
2.292943 -0.979912 1.504993 4
2.276641 -0.921489 1.520655 4
2.279956 -0.821593 1.546814 4
2.307349 -0.667922 1.586609 4
2.318013 -0.542687 1.619278 4
2.318056 -0.434927 1.647575 4
2.079079 -0.854516 1.542230 7
2.052378 -0.812328 1.553853 7
2.009167 -0.807458 1.556014 7
1.948381 -0.845589 1.547240 7
1.900386 -0.854982 1.545755 7
1.859873 -0.846644 1.548778 7
1.813993 -0.852754 1.548118 7
1.766285 -0.865010 1.545882 7
1.727516 -0.853861 1.549615 7
1.681154 -0.864704 1.547727 7
1.650990 -0.828822 1.557786 7
1.604702 -0.840956 1.555562 7
1.552723 -0.872859 1.548262 7
1.512534 -0.868939 1.550136 7
1.405790 -1.093091 1.493450 5
1.368413 -1.088833 1.495357 5
1.320779 -1.122800 1.487433 5
1.292878 -1.084521 1.498089 5
1.250204 -1.102817 1.494184 5
1.208550 -1.119182 1.490767 5
1.181960 -1.072005 1.503741 5
1.166843 -0.968611 1.531256 5
1.128427 -0.967471 1.532379 5
1.089120 -0.971443 1.532180 5
1.054636 -0.950904 1.538325 5
1.063760 -0.683163 1.608554 7
1.024343 -0.673521 1.611944 7
0.982206 -0.680717 1.610966 7
0.943924 -0.663483 1.616333 7
0.902693 -0.666015 1.616567 7
0.859020 -0.688988 1.611479 7
0.818548 -0.689304 1.612283 7
0.778389 -0.687525 1.613635 7
0.733682 -0.733197 1.602604 7
0.693719 -0.735487 1.602885 7
0.656031 -0.709481 1.610562 7
0.614841 -0.728975 1.606347 7
0.578543 -0.669889 1.622702 7
0.539104 -0.653605 1.627867 7
0.498157 -0.670280 1.624396 7
0.457863 -0.675904 1.623820 7
0.410707 -1.094811 1.514654 5
0.374858 -1.087791 1.517310 5
0.338760 -1.043660 1.529737 5
0.302128 -1.026559 1.535067 5
0.266138 -1.052966 1.528936 5
0.229572 -1.046435 1.531486 5
0.193353 -1.051634 1.530945 5
0.155810 -1.030422 1.537385 5
0.120390 -1.050429 1.532933 5
0.086308 -1.083977 1.524889 5
0.047859 -1.057280 1.532799 5
-0.011314 -0.813624 1.598273 7
-0.049691 -0.820489 1.597355 7
-0.088805 -0.820296 1.598313 7
-0.131148 -0.794591 1.606060 7
-0.163825 -0.846126 1.593264 7
-0.203830 -0.839915 1.595833 7
-0.241848 -0.848194 1.594545 7
-0.286279 -0.816946 1.603808 7
-0.313768 -0.887570 1.585877 7
-0.363008 -0.832882 1.601424 7
-0.406908 -0.812177 1.607907 7
-0.445524 -0.820102 1.606738 7
-0.481320 -0.841108 1.602063 7
-0.526275 -0.820299 1.608606 7
-0.557047 -0.862179 1.598326 7
-0.609421 -0.813591 1.612355 7
-0.688655 -0.665251 1.653261 0
-0.715359 -0.725677 1.638014 0
-0.755279 -0.734773 1.636582 0
-0.778958 -0.800161 1.619962 0
-0.816394 -0.815752 1.616768 0
-0.849485 -0.845014 1.609877 0
-0.894154 -0.837065 1.613051 0
-1.949711 0.729299 2.050572 1
-1.977841 0.647690 2.029833 1
-1.972487 0.494257 1.989400 1
2.479789 -0.912090 1.570218 4
2.429563 -0.915226 1.570091 4
2.367693 -0.941136 1.563925 4
2.300662 -0.979044 1.554567 4
2.338899 -0.813794 1.599129 4
2.313263 -0.769272 1.611680 4
2.322943 -0.650875 1.643887 4
2.344809 -0.501687 1.684331 4
2.352828 -0.375624 1.718674 4
2.116450 -0.785915 1.610176 7
2.042042 -0.850311 1.593739 7
2.013534 -0.811710 1.604758 7
1.960974 -0.829647 1.600698 7
1.907368 -0.852038 1.595443 7
1.869579 -0.836320 1.600370 7
1.833098 -0.817070 1.606249 7
1.778737 -0.845753 1.599303 7
1.742586 -0.826351 1.605232 7
1.704845 -0.811092 1.610059 7
1.648890 -0.849686 1.600445 7
1.615355 -0.822935 1.608363 7
1.578835 -0.804601 1.614033 7
1.516394 -0.870930 1.596948 7
1.412783 -1.083165 1.540583 5
1.368607 -1.102142 1.536173 5
1.333028 -1.091755 1.539671 5
1.292782 -1.099098 1.538395 5
1.250885 -1.114361 1.534982 5
1.213899 -1.111260 1.536525 5
1.197318 -1.019903 1.561921 5
1.160225 -1.013979 1.564253 5
1.123327 -1.007266 1.566805 5
1.091749 -0.973844 1.576596 5
1.107071 -0.688846 1.654589 7
1.069529 -0.668176 1.661006 7
1.027338 -0.673427 1.660400 7
0.987990 -0.662148 1.664286 7
0.942786 -0.689741 1.657614 7
0.896577 -0.729490 1.647628 7
0.859319 -0.706130 1.654812 7
0.819749 -0.699216 1.657530 7
0.777005 -0.721367 1.652330 7
0.735100 -0.740264 1.648014 7
0.698470 -0.703788 1.658818 7
0.657891 -0.709802 1.658029 7
0.616364 -0.732514 1.652676 7
0.581931 -0.639839 1.678905 7
0.540541 -0.656223 1.675302 7
0.499004 -0.686216 1.667967 7
0.459926 -0.648622 1.679171 7
0.417931 -0.737905 1.655554 7
0.376461 -1.001871 1.583892 5
0.339628 -1.035949 1.575354 5
0.303237 -1.051839 1.571813 5
0.266447 -1.036671 1.576830 5
0.230765 -1.065322 1.569776 5
0.194593 -1.069684 1.569420 5
0.156081 -1.028581 1.581627 5
0.121344 -1.061467 1.573404 5
0.087072 -1.092336 1.565732 5
0.049060 -1.071161 1.572465 5
-0.012494 -0.801513 1.648090 7
-0.051521 -0.804333 1.648263 7
-0.088623 -0.824403 1.643653 7
-0.128967 -0.815535 1.647084 7
-0.169324 -0.808638 1.649981 7
-0.209600 -0.803995 1.652262 7
-0.245836 -0.826998 1.646850 7
-0.290225 -0.798077 1.655920 7
-0.328763 -0.806905 1.654475 7
-0.371804 -0.791059 1.659931 7
-0.408673 -0.809323 1.655864 7
-0.438183 -0.862372 1.642057 7
-0.480256 -0.852732 1.645803 7
-0.534285 -0.791793 1.663957 7
-0.564208 -0.838971 1.651793 7
-0.604073 -0.842615 1.651852 7
-0.654078 -0.807342 1.662872 0
-0.702072 -0.783119 1.670812 0
-0.734078 -0.818842 1.661875 0
-0.782267 -0.796818 1.669230 0
-0.822146 -0.804803 1.668132 0
-0.865504 -0.801839 1.670139 0
-0.895462 -0.841432 1.660111 0
-2.260309 1.282354 2.280933 1
-1.964851 0.464180 2.048399 1
-1.976020 0.354161 2.018636 1
-1.979007 0.231275 1.985121 1
2.465837 -0.863591 1.635507 4
2.405014 -0.885880 1.629755 4
2.344721 -0.909146 1.623734 4
2.325739 -0.853952 1.639585 4
2.333267 -0.743999 1.670728 4
2.336394 -0.638442 1.700680 4
2.363817 -0.477440 1.746143 4
2.381095 -0.330875 1.787625 4
2.103344 -0.829454 1.648901 7
2.059179 -0.825773 1.650449 7
2.012918 -0.827642 1.650454 7
1.965072 -0.834270 1.649134 7
1.925534 -0.821655 1.653207 7
1.864514 -0.863615 1.642005 7
1.830232 -0.839103 1.649426 7
1.787898 -0.835588 1.650974 7
1.737093 -0.856173 1.645770 7
1.710059 -0.810856 1.659065 7
1.648787 -0.864584 1.644566 7
1.608280 -0.859301 1.646640 7
1.565110 -0.862867 1.646235 7
1.448147 -1.109012 1.577601 5
1.431509 -1.033590 1.599401 5
1.376499 -1.088323 1.584580 5
1.333221 -1.105160 1.580427 5
1.295312 -1.103649 1.581449 5
1.261273 -1.087384 1.586640 5
1.217920 -1.108992 1.581154 5
1.197180 -1.035394 1.602559 5
1.165774 -1.003900 1.612098 5
1.120313 -1.036904 1.603415 5
1.082913 -1.033718 1.604970 5
1.112720 -0.676110 1.706891 7
1.069061 -0.688243 1.704188 7
1.022960 -0.717107 1.696746 7
0.986950 -0.686875 1.706068 7
0.944707 -0.695256 1.704449 7
0.905249 -0.685519 1.707983 7
0.859778 -0.721969 1.698399 7
0.819769 -0.719163 1.699978 7
0.780114 -0.713325 1.702431 7
0.734879 -0.764145 1.688756 7
0.697773 -0.734728 1.697943 7
0.660569 -0.699734 1.708744 7
0.617479 -0.742202 1.697453 7
0.582859 -0.653131 1.723737 7
0.542271 -0.652838 1.724686 7
0.500784 -0.677210 1.718587 7
0.460849 -0.663747 1.723323 7
0.419144 -0.736933 1.703244 7
0.379453 -0.737974 1.703835 7
0.340508 -1.029766 1.620982 5
0.304243 -1.069314 1.610465 5
0.267574 -1.056307 1.615050 5
0.231872 -1.081661 1.608614 5
0.196639 -1.106711 1.602264 5
0.159217 -1.081183 1.610490 5
0.122793 -1.080407 1.611599 5
0.088006 -1.103032 1.605964 5
0.050346 -1.086073 1.611767 5
-0.008925 -0.840586 1.683682 7
-0.055712 -0.765266 1.706478 7
-0.086486 -0.845805 1.684170 7
-0.128374 -0.823575 1.691634 7
-0.168806 -0.816370 1.694762 7
-0.206591 -0.829346 1.692046 7
-0.245810 -0.831989 1.692340 7
-0.291450 -0.795882 1.703926 7
-0.326554 -0.825207 1.696483 7
-0.369037 -0.812023 1.701435 7
-0.405182 -0.833477 1.696298 7
-0.442464 -0.847960 1.693201 7
-0.482079 -0.850977 1.693465 7
-0.527199 -0.830131 1.700730 7
-0.563967 -0.847142 1.696927 7
-0.617094 -0.797336 1.712737 7
-2.051150 0.504300 2.130247 1
-1.946130 0.149092 2.025616 1
-1.982933 0.102869 2.013757 1
2.470591 -0.778839 1.712556 4
2.404590 -0.809907 1.703698 4
2.340327 -0.840047 1.695123 4
2.349388 -0.726742 1.728471 4
2.377520 -0.569781 1.774607 4
2.383303 -0.452481 1.809186 4
2.394211 -0.319067 1.848508 4
2.120512 -0.806124 1.706396 7
2.056307 -0.846745 1.694827 7
2.008777 -0.851738 1.693691 7
1.969464 -0.838254 1.697977 7
1.927208 -0.832077 1.700139 7
1.883041 -0.831214 1.700759 7
1.842794 -0.820946 1.704149 7
1.797641 -0.824037 1.703638 7
1.742517 -0.855705 1.694761 7
1.705998 -0.837167 1.700617 7
1.660052 -0.845994 1.698460 7
1.605323 -0.882953 1.688056 7
1.573553 -0.850988 1.697898 7
1.464325 -1.070092 1.633997 5
1.425341 -1.068632 1.634882 5
1.372542 -1.116272 1.621342 5
1.340138 -1.094042 1.628357 5
1.308494 -1.067857 1.636553 5
1.256677 -1.119930 1.621725 5
1.243082 -1.019642 1.651781 5
1.195328 -1.058247 1.640939 5
1.158611 -1.051405 1.643500 5
1.126230 -1.024069 1.652123 5
1.147903 -0.725159 1.740936 7
1.114290 -0.685029 1.753423 7
1.076501 -0.664294 1.760204 7
1.032856 -0.676355 1.757309 7
0.991900 -0.673901 1.758718 7
0.942881 -0.725974 1.744000 7
0.902312 -0.725662 1.744795 7
0.859747 -0.741585 1.740792 7
0.820627 -0.731960 1.744373 7
0.781294 -0.723291 1.747689 7
0.739993 -0.733637 1.745376 7
0.703248 -0.695481 1.757485 7
0.660761 -0.721766 1.750462 7
0.616664 -0.780287 1.733852 7
0.582650 -0.686023 1.762724 7
0.544671 -0.635750 1.778543 7
0.503366 -0.647456 1.775917 7
0.461868 -0.675361 1.768469 7
0.420195 -0.745499 1.748412 7
0.380715 -0.715685 1.758209 7
0.340789 -0.752930 1.747980 7
0.305253 -1.087378 1.648798 5
0.268695 -1.075801 1.653119 5
0.232037 -1.068911 1.656055 5
0.197511 -1.116188 1.642759 5
0.159246 -1.074708 1.656104 5
0.123360 -1.085270 1.653846 5
0.084385 -1.050998 1.665083 5
0.045825 -1.030768 1.672126 5
-0.004191 -0.892188 1.714853 7
-0.044526 -0.875592 1.720886 7
-0.086375 -0.849288 1.729876 7
-0.124099 -0.861495 1.727262 7
-0.162519 -0.867331 1.726586 7
-0.199440 -0.883479 1.722804 7
-0.240669 -0.870219 1.727940 7
-0.285216 -0.839135 1.738508 7
-0.322640 -0.853254 1.735391 7
-0.368473 -0.821048 1.746363 7
-0.405613 -0.837507 1.742570 7
-0.446451 -0.835068 1.744542 7
-0.482073 -0.857734 1.738882 7
-0.527653 -0.835120 1.747047 7
-0.568766 -0.834093 1.748653 7
-0.598788 -0.878643 1.736341 7
-2.457591 1.215054 2.424881 1
-1.937448 -0.003159 2.044664 1
-1.953449 -0.087585 2.020399 1
-1.978476 -0.151317 2.002621 1
2.379294 -0.682402 1.795336 4
2.380690 -0.578842 1.827005 4
2.075883 -0.817113 1.754483 7
2.022344 -0.834792 1.749203 7
1.989140 -0.805969 1.758159 7
1.931859 -0.835243 1.749373 7
1.887315 -0.835024 1.749624 7
1.841148 -0.839840 1.748353 7
1.801571 -0.828193 1.752139 7
1.748747 -0.853121 1.744752 7
1.717888 -0.818075 1.755738 7
1.663616 -0.850232 1.746174 7
1.622822 -0.844508 1.748223 7
1.576919 -0.855225 1.745256 7
1.462417 -1.090309 1.673563 5
1.421752 -1.094819 1.672511 5
1.382883 -1.094138 1.673066 5
1.342679 -1.098993 1.671942 5
1.305190 -1.094727 1.673630 5
1.257683 -1.130265 1.663122 5
1.229604 -1.089834 1.675945 5
1.191591 -1.089108 1.676600 5
1.161025 -1.055553 1.687358 5
1.129724 -1.022874 1.697873 5
1.155759 -0.702923 1.796753 7
1.124230 -0.650182 1.813531 7
1.075106 -0.689561 1.801989 7
1.040151 -0.651351 1.814347 7
0.987347 -0.720533 1.793649 7
0.945899 -0.724191 1.793146 7
0.903979 -0.732555 1.791208 7
0.863457 -0.732215 1.791973 7
0.827045 -0.698110 1.803181 7
0.783027 -0.728219 1.794582 7
0.738852 -0.766883 1.783348 7
0.698276 -0.774597 1.781690 7
0.663451 -0.711903 1.801838 7
0.621845 -0.730510 1.796853 7
0.585968 -0.658254 1.820035 7
0.542636 -0.710938 1.804526 7
0.503575 -0.680558 1.814787 7
0.462839 -0.688713 1.813117 7
0.422068 -0.708856 1.807737 7
0.381834 -0.713659 1.807139 7
0.341691 -0.714908 1.807664 7
0.302248 -0.772721 1.790595 7
0.269590 -1.085170 1.694164 5
0.233766 -1.104515 1.689015 5
0.197051 -1.094178 1.693141 5
0.158239 -1.048382 1.708368 5
0.123760 -1.087441 1.697108 5
0.086592 -1.079200 1.700648 5
0.050644 -1.088403 1.698749 5
-0.003354 -0.901818 1.758238 7
-0.044931 -0.873304 1.768258 7
-0.085032 -0.863671 1.772387 7
-0.125400 -0.854173 1.776501 7
-0.163184 -0.866183 1.773875 7
-0.202795 -0.864507 1.775576 7
-0.240604 -0.875464 1.773318 7
-0.282768 -0.859287 1.779638 7
-0.323383 -0.854619 1.782358 7
-0.366276 -0.838899 1.788599 7
-0.408729 -0.827848 1.793397 7
-0.443934 -0.853821 1.786495 7
-0.487074 -0.841395 1.791781 7
-0.527282 -0.843772 1.792401 7
-0.571319 -0.830588 1.797993 7
-0.613294 -0.827589 1.800379 7
-1.853671 -0.070437 2.083347 1
-1.869670 -0.154426 2.058347 1
-1.905331 -0.195999 2.047237 1
-1.938410 -0.241630 2.034794 1
-1.966257 -0.296072 2.019444 1
-1.993792 -0.349562 2.004395 1
2.080172 -0.822105 1.804256 7
2.028046 -0.836204 1.799679 7
1.984109 -0.832561 1.800786 7
1.936486 -0.838550 1.798848 7
1.899666 -0.818660 1.805187 7
1.828357 -0.887465 1.783271 7
1.811791 -0.815696 1.806203 7
1.758490 -0.841028 1.798199 7
1.722888 -0.818727 1.805409 7
1.674756 -0.832410 1.801168 7
1.630132 -0.837237 1.799776 7
1.579426 -0.862217 1.791978 7
1.543021 -0.843516 1.798139 7
1.434215 -1.067064 1.727018 5
1.410752 -1.011268 1.745055 5
1.345109 -1.104410 1.715573 5
1.313003 -1.079652 1.723749 5
1.274535 -1.078497 1.724412 5
1.227380 -1.113519 1.713537 5
1.195902 -1.085406 1.722855 5
1.161419 -1.068820 1.728515 5
1.143237 -0.974713 1.758991 5
1.165746 -0.670457 1.856738 7
1.121330 -0.682668 1.853300 7
1.081101 -0.674015 1.856563 7
1.033984 -0.705363 1.847040 7
0.991662 -0.711720 1.845540 7
0.953225 -0.693928 1.851803 7
0.911127 -0.700433 1.850303 7
0.870278 -0.699141 1.851325 7
0.826578 -0.722227 1.844547 7
0.784002 -0.740148 1.839443 7
0.744946 -0.727119 1.844302 7
0.702022 -0.755247 1.835957 7
0.661728 -0.758139 1.835744 7
0.628172 -0.664950 1.866479 7
0.586218 -0.683232 1.861373 7
0.547271 -0.648213 1.873461 7
0.506578 -0.640942 1.876640 7
0.463971 -0.696461 1.859585 7
0.423502 -0.697704 1.860056 7
0.382613 -0.753420 1.842950 7
0.342690 -0.717958 1.855327 7
0.306978 -1.099210 1.732896 5
0.270060 -1.075137 1.741567 5
0.235501 -1.140527 1.721278 5
0.196918 -1.079678 1.741925 5
0.159425 -1.063889 1.748000 5
0.122170 -1.057681 1.750995 5
0.087258 -1.086176 1.742732 5
0.047590 -1.050810 1.755261 5
-0.006936 -0.863837 1.817216 7
-0.045434 -0.870081 1.816315 7
-0.088271 -0.837588 1.828076 7
-0.123854 -0.869941 1.818704 7
-0.164017 -0.863811 1.821920 7
-0.206062 -0.846214 1.828920 7
-0.245931 -0.845792 1.830333 7
-0.278122 -0.892769 1.816230 7
-0.325123 -0.850325 1.831479 7
-0.364011 -0.857111 1.830608 7
-0.409682 -0.829294 1.841146 7
-0.454879 -0.807352 1.849798 7
-0.479490 -0.883161 1.826266 7
-0.522746 -0.870748 1.831829 7
-0.567645 -0.853291 1.839101 7
-1.752886 -0.056552 2.145117 1
-1.782295 -0.114508 2.128128 1
-1.795788 -0.203927 2.100401 1
-1.825874 -0.255954 2.085391 1
-1.866853 -0.284709 2.078333 1
-1.893033 -0.341880 2.061557 1
-1.904404 -0.425442 2.035702 1
-1.942131 -0.457225 2.027612 1
-1.967984 -0.510026 2.012291 1
-1.988653 -0.570577 1.994280 1
2.085360 -0.825162 1.854933 7
2.033152 -0.839085 1.850019 7
1.979024 -0.859190 1.843087 7
1.945334 -0.831700 1.851992 7
1.906565 -0.816148 1.856963 7
1.863012 -0.812832 1.857903 7
1.801569 -0.857565 1.842929 7
1.761842 -0.846597 1.846472 7
1.711825 -0.864766 1.840377 7
1.677624 -0.838909 1.848921 7
1.644103 -0.810090 1.858478 7
1.594621 -0.829780 1.851969 7
1.549417 -0.837898 1.849329 7
1.436240 -1.074501 1.770891 5
1.400205 -1.062340 1.775033 5
1.355598 -1.080858 1.769019 5
1.314807 -1.087325 1.767031 5
1.292091 -1.024499 1.788077 5
1.237191 -1.088081 1.767178 5
1.202624 -1.071571 1.772900 5
1.171212 -1.040166 1.783599 5
1.152597 -0.946504 1.815018 5
1.165600 -0.688264 1.901185 7
1.123240 -0.690043 1.900974 7
1.089077 -0.647860 1.915413 7
1.034171 -0.722057 1.891170 7
0.997911 -0.691148 1.901920 7
0.948217 -0.745656 1.884267 7
0.909162 -0.733424 1.888858 7
0.868433 -0.732873 1.889588 7
0.828540 -0.726068 1.892431 7
0.786741 -0.736093 1.889692 7
0.746538 -0.732995 1.891356 7
0.702414 -0.773663 1.878440 7
0.662771 -0.769225 1.880603 7
0.630657 -0.655784 1.919223 7
0.587610 -0.688791 1.908945 7
0.548874 -0.648477 1.923215 7
0.506964 -0.669449 1.917014 7
0.466098 -0.669868 1.917718 7
0.424521 -0.709517 1.905302 7
0.381754 -0.981538 1.814957 5
0.344235 -1.081942 1.782118 5
0.307943 -1.113511 1.772379 5
0.270956 -1.084296 1.783083 5
0.234322 -1.085348 1.783648 5
0.197548 -1.083175 1.785325 5
0.160528 -1.077800 1.788110 5
0.122210 -1.053981 1.797146 5
0.088317 -1.098557 1.783141 5
0.049867 -1.077694 1.791241 5
-0.003052 -0.906280 1.850280 7
-0.042798 -0.897314 1.854485 7
-0.086225 -0.858193 1.868939 7
-0.123269 -0.877936 1.863494 7
-0.163544 -0.871224 1.867045 7
-0.204425 -0.862000 1.871486 7
-0.243281 -0.867843 1.870842 7
-0.286547 -0.846943 1.879330 7
-0.325868 -0.851754 1.879106 7
-0.366927 -0.847416 1.882033 7
-0.405308 -0.857927 1.879925 7
-0.445984 -0.857023 1.881748 7
-0.490567 -0.838976 1.889475 7
-0.533085 -0.832423 1.893313 7
-0.571115 -0.846024 1.890277 7
-1.644602 -0.187121 2.158796 1
-1.682810 -0.222980 2.149001 1
-1.719661 -0.260895 2.138493 1
-1.763023 -0.284261 2.133154 1
-1.783831 -0.353461 2.111569 1
-1.811944 -0.405713 2.095983 1
-1.850572 -0.436026 2.088212 1
-1.872947 -0.496658 2.069629 1
-1.905603 -0.536422 2.058495 1
-1.915984 -0.615529 2.033254 1
-1.946188 -0.657039 2.021476 1
-1.979655 -0.692031 2.012051 1
-1.990588 -0.764384 1.989147 1
2.087890 -0.834230 1.903863 7
2.041535 -0.834566 1.903247 7
1.994293 -0.837881 1.901641 7
1.950124 -0.834826 1.902275 7
1.907284 -0.829147 1.903852 7
1.862219 -0.829688 1.903320 7
1.823654 -0.813957 1.908440 7
1.764660 -0.853690 1.894464 7
1.736724 -0.809584 1.909443 7
1.679890 -0.847221 1.896267 7
1.641040 -0.834320 1.900555 7
1.598027 -0.834255 1.900452 7
1.551803 -0.845313 1.896550 7
1.437012 -1.086157 1.813476 5
1.396864 -1.088231 1.812742 5
1.353039 -1.104416 1.807176 5
1.323760 -1.068358 1.819651 5
1.290519 -1.045434 1.827631 5
1.262031 -1.001973 1.842725 5
1.211589 -1.048448 1.826843 5
1.176803 -1.030524 1.833196 5
1.150217 -0.973361 1.853117 5
1.145283 -0.804912 1.911467 7
1.124715 -0.699733 1.948042 7
1.081614 -0.706400 1.946066 7
1.033266 -0.745062 1.933078 7
0.998362 -0.706628 1.946738 7
0.956869 -0.707116 1.946994 7
0.911939 -0.732750 1.938595 7
0.873540 -0.713456 1.945753 7
0.832132 -0.716549 1.945208 7
0.792037 -0.709146 1.948326 7
0.745205 -0.768078 1.928523 7
0.707183 -0.743552 1.937631 7
0.667631 -0.732667 1.942054 7
0.634944 -0.621155 1.981388 7
0.589601 -0.684446 1.960183 7
0.549462 -0.669483 1.966138 7
0.508273 -0.674275 1.965275 7
0.466674 -0.697331 1.958101 7
0.425025 -0.748503 1.941178 7
0.382026 -1.068975 1.830608 5
0.345168 -1.096001 1.822047 5
0.308298 -1.074362 1.830453 5
0.272104 -1.105090 1.820651 5
0.235431 -1.101605 1.822796 5
0.198596 -1.096607 1.825504 5
0.162118 -1.101060 1.824945 5
0.124499 -1.086379 1.831104 5
0.087303 -1.082322 1.833587 5
0.051648 -1.098588 1.828989 5
-0.005217 -0.883586 1.905474 7
-0.043954 -0.887776 1.905233 7
-0.085795 -0.864543 1.914653 7
-0.123244 -0.881405 1.910033 7
-0.164665 -0.866761 1.916522 7
-0.203231 -0.874719 1.915097 7
-0.246259 -0.853507 1.923989 7
-0.287815 -0.844614 1.928587 7
-0.327566 -0.847801 1.928961 7
-0.372140 -0.825455 1.938404 7
-0.409301 -0.843957 1.933438 7
-0.450254 -0.843020 1.935389 7
-0.482694 -0.882028 1.923201 7
-0.530239 -0.852023 1.935549 7
-0.575182 -0.836343 1.942868 7
-1.562780 -0.136849 2.232179 1
-1.584107 -0.213563 2.207185 1
-1.627995 -0.236161 2.201965 1
-1.645710 -0.316123 2.175742 1
-1.698275 -0.318276 2.178068 1
-1.705781 -0.415343 2.145512 1
-1.741915 -0.450286 2.135804 1
-1.770487 -0.499486 2.120843 1
-1.802963 -0.539717 2.109201 1
-1.830061 -0.589156 2.094149 1
-1.838814 -0.671048 2.067015 1
-1.860266 -0.727230 2.049408 1
-1.912904 -0.726968 2.052877 1
-1.945638 -0.761890 2.043242 1
-1.948864 -0.845759 2.015242 1
-2.001107 -0.846423 2.018490 1
2.050371 -0.829167 1.957337 7
1.995856 -0.848955 1.949568 7
1.953834 -0.840651 1.951926 7
1.906808 -0.845129 1.949745 7
1.876294 -0.808594 1.962306 7
1.826185 -0.822216 1.956934 7
1.783866 -0.816420 1.958564 7
1.730086 -0.843161 1.948586 7
1.691255 -0.829304 1.953187 7
1.651610 -0.817781 1.956992 7
1.612524 -0.804567 1.961441 7
1.562797 -0.825264 1.953801 7
1.445680 -1.071664 1.865482 5
1.403165 -1.080873 1.862044 5
1.368450 -1.063681 1.868084 5
1.331400 -1.054542 1.871281 5
1.294871 -1.043371 1.875242 5
1.255768 -1.042385 1.875598 5
1.215720 -1.046055 1.874325 5
1.191413 -0.981190 1.897596 5
1.150153 -0.989368 1.894786 5
1.105189 -1.017216 1.884977 5
1.132448 -0.677278 2.006759 7
1.084628 -0.707587 1.996157 7
1.043645 -0.702933 1.998101 7
0.996132 -0.738553 1.985670 7
0.958660 -0.714038 1.994800 7
0.916545 -0.719372 1.993284 7
0.875406 -0.718952 1.993866 7
0.832735 -0.731853 1.989714 7
0.791003 -0.739507 1.987477 7
0.750958 -0.732808 1.990423 7
0.708932 -0.747220 1.985835 7
0.669205 -0.737547 1.989925 7
0.631436 -0.698013 2.004778 7
0.592452 -0.666074 2.016954 7
0.551779 -0.655751 2.021412 7
0.511041 -0.642602 2.026929 7
0.467745 -0.707799 2.004300 7
0.421153 -1.012690 1.895385 5
0.382832 -1.093888 1.866959 5
0.346083 -1.092443 1.868324 5
0.309188 -1.080996 1.873333 5
0.272837 -1.106538 1.865030 5
0.236224 -1.107889 1.865489 5
0.198164 -1.074575 1.878516 5
0.160971 -1.071675 1.880594 5
0.123560 -1.066880 1.883396 5
0.088660 -1.098803 1.872931 5
0.050940 -1.089360 1.877489 5
-0.003919 -0.898181 1.948067 7
-0.042879 -0.899869 1.948728 7
-0.082979 -0.891935 1.952928 7
-0.124131 -0.877537 1.959527 7
-0.163943 -0.876075 1.961463 7
-0.203561 -0.876896 1.962609 7
-0.244816 -0.867780 1.967426 7
-0.285384 -0.864708 1.970083 7
-0.332262 -0.826858 1.985515 7
-0.373193 -0.825933 1.987492 7
-0.403682 -0.878890 1.969746 7
-0.450830 -0.846926 1.983192 7
-0.498952 -0.814363 1.996932 7
-0.532158 -0.850786 1.985345 7
-0.575243 -0.843481 1.989895 7
-1.493453 -0.185927 2.272210 1
-1.516247 -0.259161 2.247697 1
-1.566091 -0.266686 2.248053 1
-1.587875 -0.338032 2.224239 1
-1.613105 -0.399020 2.204334 1
-1.622221 -0.492229 2.172126 1
-1.673711 -0.493441 2.174993 1
-1.693381 -0.560115 2.152873 1
-1.725952 -0.598935 2.141407 1
-1.767785 -0.618955 2.137183 1
-1.783380 -0.688386 2.113963 1
-1.810257 -0.734755 2.099608 1
-1.825158 -0.801411 2.077397 1
-1.875289 -0.804191 2.079936 1
-1.927682 -0.803937 2.083733 1
-1.956860 -0.843534 2.072073 1
-2.016242 -0.832922 2.080055 1
-2.065603 -0.839806 2.081288 1
-2.123232 -0.834456 2.087408 1
2.066431 -0.807539 2.018064 7
2.011326 -0.827620 2.009702 7
1.961691 -0.836603 2.005532 7
1.923707 -0.818213 2.011598 7
1.860873 -0.862767 1.994309 7
1.817399 -0.860177 1.994604 7
1.769236 -0.870935 1.989990 7
1.734639 -0.845418 1.998894 7
1.704359 -0.806649 2.012758 7
1.665463 -0.791735 2.017810 7
1.608545 -0.832067 2.002417 7
1.564798 -0.834142 2.001265 7
1.442589 -1.096225 1.903776 5
1.405230 -1.088200 1.906479 5
1.371690 -1.066712 1.914212 5
1.333866 -1.060111 1.916470 5
1.287157 -1.087992 1.905995 5
1.257131 -1.051895 1.919263 5
1.226942 -1.013971 1.933248 5
1.186971 -1.016313 1.932359 5
1.147037 -1.019470 1.931209 5
1.099849 -1.058955 1.916643 5
1.073944 -0.994445 1.940643 5
1.032100 -1.009613 1.935166 5
1.005559 -0.939520 1.961323 5
0.998655 -0.741312 2.035009 7
0.962843 -0.705441 2.048590 7
0.920480 -0.710972 2.046869 7
0.877051 -0.726224 2.041586 7
0.835018 -0.733430 2.039327 7
0.790931 -0.761122 2.029509 7
0.750466 -0.759570 2.030581 7
0.709740 -0.761335 2.030466 7
0.674181 -0.700579 2.053618 7
0.634326 -0.683714 2.060520 7
0.592418 -0.695857 2.056685 7
0.554224 -0.639953 2.078203 7
0.510911 -0.684039 2.062571 7
0.461790 -0.953429 1.963066 5
0.422391 -1.009254 1.943064 5
0.384151 -1.063972 1.923490 5
0.347004 -1.083892 1.916913 5
0.310575 -1.132697 1.899585 5
0.273668 -1.112371 1.908095 5
0.236294 -1.091040 1.917033 5
0.200143 -1.110253 1.910854 5
0.162074 -1.085504 1.921165 5
0.124655 -1.080072 1.924293 5
0.084289 -1.036112 1.941915 5
0.036434 -0.913117 1.989272 7
-0.007413 -0.861204 2.010051 7
-0.045080 -0.880237 2.004233 7
-0.084510 -0.881022 2.005314 7
-0.121143 -0.904973 1.997713 7
-0.169766 -0.836666 2.024934 7
-0.207788 -0.852182 2.020609 7
-0.246245 -0.863546 2.017888 7
-0.291172 -0.835154 2.030247 7
-0.329825 -0.846518 2.027620 7
-0.372766 -0.834386 2.033943 7
-0.410271 -0.851872 2.029081 7
-0.454391 -0.836504 2.036742 7
-0.486585 -0.877977 2.022832 7
-0.537219 -0.835902 2.040778 7
-1.366973 -0.250494 2.301794 1
-1.412241 -0.267803 2.298272 1
-1.459326 -0.280649 2.296547 1
-1.464411 -0.393555 2.255667 1
-1.529995 -0.361410 2.271651 1
-1.538404 -0.460497 2.236129 1
-1.565560 -0.514267 2.218395 1
-1.603574 -0.543056 2.210524 1
-1.635395 -0.584185 2.197799 1
-1.661728 -0.635301 2.181123 1
-1.687449 -0.686042 2.164589 1
-1.733730 -0.695697 2.164428 1
-1.763305 -0.737212 2.151604 1
-1.802615 -0.759875 2.146340 1
-1.840820 -0.784417 2.140366 1
-1.891723 -0.786597 2.143436 1
-2.208093 -0.336293 2.329217 1
-2.260751 -0.347564 2.329266 1
-2.367702 -0.270865 2.365091 1
-2.072967 -0.839519 2.138642 1
-2.124330 -0.844330 2.141054 1
-2.176514 -0.848700 2.143739 1
2.054999 -0.848370 2.055720 7
2.007640 -0.851100 2.053578 7
1.963610 -0.846908 2.054166 7
1.935115 -0.805139 2.069296 7
1.872458 -0.848266 2.051759 7
1.827995 -0.847406 2.051233 7
1.787657 -0.836249 2.054726 7
1.728615 -0.877146 2.038249 7
1.691651 -0.858274 2.044818 7
1.643141 -0.873170 2.038459 7
1.604861 -0.858576 2.043485 7
1.567710 -0.840187 2.050016 7
1.447464 -1.094515 1.951912 5
1.408995 -1.089790 1.953325 5
1.377973 -1.059052 1.964765 5
1.334187 -1.073674 1.958848 5
1.300557 -1.051256 1.967186 5
1.260830 -1.052088 1.966653 5
1.225220 -1.036504 1.972461 5
1.198372 -0.981778 1.993319 5
1.144997 -1.044499 1.969200 5
1.097733 -1.084867 1.953697 5
1.064829 -1.057107 1.964355 5
1.020144 -1.090424 1.951645 5
0.991801 -1.035110 1.972957 5
0.962021 -0.982208 1.993393 5
0.926768 -0.958392 2.002726 5
0.916620 -0.757084 2.080183 7
0.877079 -0.745716 2.084852 7
0.836776 -0.739424 2.087625 7
0.790704 -0.784057 2.070901 7
0.753400 -0.752692 2.083392 7
0.710849 -0.772197 2.076402 7
0.679846 -0.655833 2.121653 7
0.636573 -0.678839 2.113422 7
0.596695 -0.654758 2.123337 7
0.554476 -0.667927 2.118980 7
0.499708 -0.998539 1.992496 5
0.460193 -1.049652 1.973553 5
0.422530 -1.061354 1.969817 5
0.385123 -1.072280 1.966420 5
0.347948 -1.097424 1.957579 5
0.311803 -1.171093 1.930039 5
0.275637 -1.172387 1.930461 5
0.236672 -1.083727 1.965693 5
0.199649 -1.086420 1.965685 5
0.164435 -1.123669 1.952345 5
0.124486 -1.072878 1.973134 5
0.086418 -1.063235 1.978047 5
0.034729 -0.891773 2.045810 7
-0.006643 -0.870127 2.055549 7
-0.047131 -0.862095 2.060059 7
-0.087191 -0.860030 2.062305 7
-0.123347 -0.890515 2.051922 7
-0.164359 -0.880904 2.057202 7
-0.209617 -0.844104 2.073155 7
-0.246858 -0.864616 2.066794 7
-0.289611 -0.850046 2.074194 7
-0.331537 -0.842654 2.078849 7
-0.366304 -0.875142 2.067925 7
-0.408964 -0.864958 2.073780 7
-0.451097 -0.859100 2.078000 7
-0.495809 -0.842804 2.086390 7
-0.539118 -0.834904 2.091545 7
-1.275539 -0.228875 2.364342 1
-1.306301 -0.285054 2.345052 1
-1.344989 -0.318299 2.335007 1
-1.377512 -0.366038 2.319138 1
-1.413943 -0.402453 2.307861 1
-1.437896 -0.467348 2.285056 1
-1.476142 -0.496670 2.276688 1
-1.516108 -0.521499 2.270187 1
-1.546171 -0.567570 2.255057 1
-1.579329 -0.605609 2.243220 1
-1.601691 -0.664996 2.222649 1
-1.633858 -0.702547 2.211031 1
-1.676969 -0.717648 2.208680 1
-1.710279 -0.751767 2.198538 1
-1.752660 -0.768210 2.195740 1
-1.808487 -0.760255 2.203129 1
-2.094755 -0.342428 2.381171 1
-2.142834 -0.360183 2.378513 1
-2.211620 -0.342954 2.390563 1
-2.269217 -0.346233 2.394166 1
-2.324212 -0.354718 2.395692 1
-2.390221 -0.346439 2.404392 1
-2.307415 -0.571159 2.314675 1
-2.193756 -0.834193 2.208267 1
-2.251155 -0.832307 2.214047 1
-2.312581 -0.825692 2.221972 1
2.017194 -0.843882 2.109558 7
1.960042 -0.870334 2.097752 7
1.928363 -0.836790 2.109974 7
1.882601 -0.837647 2.108520 7
1.836614 -0.840003 2.106533 7
1.784401 -0.860051 2.097562 7
1.737663 -0.867088 2.093841 7
1.702493 -0.842401 2.102807 7
1.666777 -0.818510 2.111506 7
1.611871 -0.852374 2.097299 7
1.568971 -0.851537 2.096950 7
1.442311 -1.125792 1.987412 5
1.407365 -1.109826 1.993224 5
1.373272 -1.090367 2.000470 5
1.339607 -1.068525 2.008710 5
1.304804 -1.049969 2.015694 5
1.265305 -1.049313 2.015630 5
1.222521 -1.063062 2.009906 5
1.192681 -1.022325 2.025833 5
1.129653 -1.130406 1.982823 5
1.101802 -1.080890 2.002331 5
1.064380 -1.075360 2.004455 5
1.030911 -1.048722 2.014993 5
0.997436 -1.019669 2.026539 5
0.962806 -0.994643 2.036540 5
0.927307 -0.972582 2.045417 5
0.880861 -1.023932 2.025246 5
0.845873 -0.998457 2.035577 5
0.805468 -1.013308 2.029971 5
0.771997 -0.970321 2.047353 5
0.732896 -0.974206 2.046197 5
0.694273 -0.974543 2.046497 5
0.670922 -0.789613 2.120398 7
0.628015 -0.824855 2.106963 7
0.568796 -1.138157 1.983097 5
0.531615 -1.147540 1.979974 5
0.498065 -1.073513 2.010063 5
0.460424 -1.084274 2.006496 5
0.422485 -1.121335 1.992504 5
0.385441 -1.145990 1.983486 5
0.348897 -1.133706 1.989225 5
0.311884 -1.101213 2.003078 5
0.275076 -1.111338 1.999990 5
0.238905 -1.135934 1.991168 5
0.200789 -1.101864 2.005823 5
0.164454 -1.116547 2.001052 5
0.125476 -1.084337 2.015090 5
0.069651 -0.828819 2.118646 7
0.032694 -0.866413 2.104921 7
-0.005066 -0.887732 2.097755 7
-0.044293 -0.891300 2.097757 7
-0.087594 -0.859113 2.112186 7
-0.127753 -0.858387 2.114035 7
-0.164156 -0.886415 2.104358 7
-0.207194 -0.865406 2.114489 7
-0.249858 -0.850378 2.122281 7
-0.285992 -0.877329 2.113177 7
-0.329953 -0.857505 2.123035 7
-0.373596 -0.842378 2.131069 7
-0.422012 -0.805524 2.147993 7
-0.454576 -0.849205 2.132302 7
-0.494227 -0.857082 2.131189 7
-0.542704 -0.826644 2.145737 7
-1.222305 -0.244533 2.415329 1
-1.242997 -0.329022 2.383681 1
-1.274844 -0.379554 2.366120 1
-1.327137 -0.375201 2.371451 1
-1.352895 -0.438543 2.348595 1
-1.381507 -0.492237 2.329760 1
-1.419096 -0.522621 2.320702 1
-1.446806 -0.574976 2.302444 1
-1.471126 -0.633010 2.281790 1
-1.504948 -0.668208 2.270765 1
-1.553473 -0.671343 2.273337 1
-1.588608 -0.702899 2.263941 1
-1.639760 -0.701575 2.268561 1
-1.683201 -0.716394 2.266402 1
-1.929005 -0.344227 2.429703 1
-1.983518 -0.348237 2.432737 1
-2.041493 -0.346811 2.438214 1
-2.111603 -0.324939 2.452619 1
-2.155509 -0.350713 2.446618 1
-2.215134 -0.349718 2.452274 1
-2.291770 -0.321656 2.469816 1
-2.337523 -0.346070 2.464701 1
-2.408971 -0.329797 2.477433 1
-2.457866 -0.350368 2.474200 1
-2.537496 -0.324589 2.491427 1
-2.252398 -0.842434 2.269162 1
-2.323472 -0.821982 2.283699 1
-2.364937 -0.845563 2.278889 1
2.019176 -0.854318 2.158931 7
1.981276 -0.834893 2.165511 7
1.932235 -0.842408 2.161024 7
1.864212 -0.898936 2.136391 7
1.830092 -0.871994 2.146277 7
1.781485 -0.882897 2.140624 7
1.741640 -0.871209 2.144345 7
1.700755 -0.862563 2.146876 7
1.659790 -0.854409 2.149265 7
1.615179 -0.857613 2.147048 7
1.566438 -0.874876 2.139124 7
1.452641 -1.106440 2.043294 5
1.412965 -1.105363 2.043075 5
1.376792 -1.092650 2.047686 5
1.341627 -1.075986 2.053971 5
1.305946 -1.060661 2.059761 5
1.267023 -1.057658 2.060555 5
1.224993 -1.068054 2.055917 5
1.174473 -1.117107 2.035504 5
1.139818 -1.099336 2.042519 5
1.101374 -1.098661 2.042588 5
1.072646 -1.049533 2.062547 5
1.031840 -1.060095 2.058124 5
0.998613 -1.029754 2.070499 5
0.958672 -1.036732 2.067652 5
0.920705 -1.032708 2.069364 5
0.878806 -1.055965 2.059962 5
0.842271 -1.043724 2.065147 5
0.805134 -1.035010 2.068942 5
0.769279 -1.014166 2.077762 5
0.729501 -1.027837 2.072498 5
0.688115 -1.062618 2.058636 5
0.647897 -1.092741 2.046728 5
0.609085 -1.112753 2.039011 5
0.571980 -1.112618 2.039606 5
0.535303 -1.104869 2.043377 5
0.497645 -1.117763 2.038730 5
0.460736 -1.115821 2.040224 5
0.422996 -1.153008 2.025691 5
0.386849 -1.111135 2.043702 5
0.349840 -1.095923 2.050817 5
0.312722 -1.101144 2.049581 5
0.275273 -1.085694 2.056911 5
0.238881 -1.115414 2.045685 5
0.200913 -1.092636 2.056151 5
0.161569 -1.052951 2.073665 5
0.126011 -1.088420 2.060210 5
0.070826 -0.842585 2.163105 7
0.030335 -0.837125 2.166751 7
-0.008464 -0.851815 2.162114 7
-0.046926 -0.867555 2.157091 7
-0.085932 -0.876375 2.154987 7
-0.127437 -0.864343 2.161600 7
-0.166885 -0.870191 2.160849 7
-0.209256 -0.855814 2.168575 7
-0.248558 -0.863836 2.167041 7
-0.291977 -0.846846 2.175999 7
-0.329174 -0.867814 2.169180 7
-0.370637 -0.864424 2.172594 7
-0.416488 -0.840033 2.184872 7
-0.452268 -0.867101 2.175662 7
-0.494441 -0.863204 2.179492 7
-1.205684 -0.302211 2.451690 1
-1.234423 -0.363098 2.429183 1
-1.245558 -0.467925 2.387776 1
-1.287769 -0.487333 2.383084 1
-1.322024 -0.526415 2.369958 1
-1.359931 -0.555311 2.361264 1
-1.399974 -0.578471 2.355100 1
-1.418824 -0.649872 2.328029 1
-1.477871 -0.628676 2.341244 1
-1.512349 -0.662876 2.330420 1
-1.558794 -0.670934 2.331067 1
-1.601730 -0.686748 2.328399 1
-1.827145 -0.336559 2.486730 1
-1.871333 -0.359395 2.481519 1
-1.942040 -0.331558 2.498770 1
-1.980352 -0.366445 2.488416 1
-2.059588 -0.326368 2.511411 1
-2.101557 -0.355385 2.503849 1
-2.150122 -0.372719 2.501566 1
-2.253805 -0.297050 2.541045 1
-2.284180 -0.347216 2.524313 1
-2.344146 -0.348417 2.529659 1
-2.424729 -0.318115 2.549390 1
-2.486526 -0.319353 2.555052 1
-2.519161 -0.365820 2.540286 1
-2.607338 -0.329293 2.563426 1
-2.511961 -0.561285 2.463852 1
-2.377020 -0.840687 2.341931 1
-2.451368 -0.819161 2.358059 1
-2.483970 -0.856338 2.347244 1
2.065952 -0.761920 2.252513 7
1.982190 -0.847875 2.214082 7
1.933915 -0.853454 2.210112 7
1.884984 -0.861882 2.205010 7
1.836678 -0.870078 2.200090 7
1.791589 -0.871089 2.198310 7
1.743308 -0.881778 2.192489 7
1.710649 -0.849764 2.204900 7
1.660013 -0.869064 2.195566 7
1.625173 -0.842714 2.205694 7
1.581485 -0.843063 2.204552 7
1.528616 -0.874101 2.190466 7
1.412951 -1.119995 2.085404 5
1.383355 -1.084394 2.099756 5
1.351217 -1.055952 2.111126 5
1.306397 -1.074027 2.102862 5
1.273707 -1.046413 2.113997 5
1.228382 -1.069349 2.103806 5
1.181660 -1.101244 2.089893 5
1.153714 -1.051728 2.110467 5
1.112746 -1.060068 2.106637 5
1.080923 -1.024032 2.121624 5
1.040921 -1.028161 2.119695 5
1.002537 -1.024421 2.121152 5
0.954635 -1.078009 2.098447 5
0.911470 -1.109278 2.085232 5
0.875810 -1.094308 2.091612 5
0.836082 -1.107825 2.086014 5
0.801315 -1.084590 2.096004 5
0.768795 -1.038179 2.115851 5
0.730738 -1.036480 2.116861 5
0.685493 -1.112050 2.085258 5
0.649280 -1.098557 2.091366 5
0.610798 -1.113163 2.085646 5
0.573452 -1.115141 2.085324 5
0.535587 -1.128627 2.080187 5
0.498877 -1.121835 2.083691 5
0.461657 -1.127614 2.081928 5
0.424948 -1.115518 2.087798 5
0.387720 -1.129498 2.082670 5
0.350803 -1.083425 2.103081 5
0.313754 -1.119822 2.088551 5
0.276199 -1.094981 2.100081 5
0.238701 -1.089399 2.103495 5
0.200655 -1.073944 2.111172 5
0.161948 -1.052529 2.121457 5
0.112823 -0.870328 2.200344 7
0.071052 -0.843189 2.213278 7
0.031465 -0.850064 2.211774 7
-0.011294 -0.822039 2.225243 7
-0.046425 -0.874167 2.204517 7
-0.085876 -0.879533 2.203834 7
-0.124856 -0.888534 2.201655 7
-0.172522 -0.832473 2.227447 7
-0.211380 -0.845857 2.223533 7
-0.252671 -0.842593 2.226832 7
-0.291997 -0.852308 2.224615 7
-0.341979 -0.801487 2.248552 7
-0.378062 -0.831184 2.237863 7
-0.412565 -0.866417 2.224821 7
-0.464830 -0.813966 2.249754 7
-1.199769 -0.329483 2.500480 1
-1.221508 -0.408976 2.469085 1
-1.248865 -0.469617 2.446016 1
-1.271758 -0.539004 2.419048 1
-1.317298 -0.548765 2.418631 1
-1.356200 -0.574966 2.410953 1
-1.393692 -0.603934 2.402088 1
-1.431330 -0.631895 2.393723 1
-1.474708 -0.646506 2.391410 1
-1.659525 -0.355103 2.527143 1
-1.722844 -0.336070 2.540529 1
-1.776686 -0.338505 2.544352 1
-1.829261 -0.344391 2.546727 1
-1.900756 -0.314120 2.565682 1
-1.958999 -0.311615 2.572161 1
-2.001729 -0.339108 2.565044 1
-2.068859 -0.322155 2.578402 1
-2.106466 -0.359326 2.567022 1
-2.173275 -0.345415 2.579275 1
-2.227127 -0.355123 2.580772 1
-2.305055 -0.325807 2.600522 1
-2.350391 -0.351492 2.594877 1
-2.414164 -0.348129 2.602894 1
-2.446235 -0.838797 2.410987 1
-2.517088 -0.824052 2.424862 1
-2.562033 -0.845393 2.421615 1
2.124016 -0.859458 2.269346 7
2.070215 -0.874253 2.260743 7
2.039261 -0.838497 2.274582 7
1.967560 -0.897479 2.246656 7
1.932946 -0.870976 2.256565 7
1.888152 -0.869149 2.255665 7
1.836429 -0.885876 2.246682 7
1.796107 -0.874318 2.250231 7
1.748383 -0.883099 2.244916 7
1.709927 -0.867159 2.250539 7
1.671252 -0.851636 2.256046 7
1.631696 -0.838545 2.260555 7
1.571710 -0.889153 2.237236 7
1.534041 -0.872071 2.243649 7
1.484907 -0.893022 2.233490 7
1.457986 -0.838946 2.256218 7
1.353286 -1.063506 2.157238 5
1.308166 -1.082446 2.148231 5
1.280728 -1.034084 2.168683 5
1.224186 -1.102024 2.138430 5
1.193153 -1.067097 2.153142 5
1.149434 -1.086891 2.144046 5
1.119585 -1.043512 2.162566 5
1.083575 -1.027091 2.169392 5
1.041415 -1.042129 2.162568 5
1.008847 -1.005904 2.178154 5
0.966118 -1.026463 2.169056 5
0.917192 -1.090021 2.141286 5
0.880043 -1.083083 2.144302 5
0.845493 -1.056696 2.155857 5
0.805768 -1.067881 2.151102 5
0.767119 -1.072495 2.149273 5
0.732175 -1.043302 2.162245 5
0.688757 -1.098497 2.138490 5
0.651628 -1.092972 2.141268 5
0.614130 -1.091671 2.142268 5
0.575187 -1.113677 2.133159 5
0.538367 -1.104661 2.137648 5
0.501035 -1.104110 2.138506 5
0.465075 -1.060663 2.158167 5
0.426553 -1.095964 2.143488 5
0.388996 -1.110909 2.137758 5
0.351774 -1.084937 2.149988 5
0.314764 -1.136279 2.128444 5
0.276831 -1.089566 2.149893 5
0.239516 -1.095486 2.148358 5
0.201467 -1.081134 2.155777 5
0.149923 -0.810171 2.275928 7
0.114216 -0.887983 2.243089 7
0.072529 -0.861121 2.256293 7
0.032545 -0.862410 2.257196 7
-0.010691 -0.829187 2.273371 7
-0.049073 -0.850351 2.265662 7
-0.093426 -0.815968 2.282524 7
-0.127996 -0.866750 2.261860 7
-0.164332 -0.897289 2.250174 7
-0.213133 -0.838520 2.278076 7
-0.246811 -0.885318 2.259313 7
-0.294205 -0.844692 2.279376 7
-0.335507 -0.844037 2.281795 7
-0.376855 -0.843988 2.284022 7
-0.423332 -0.818940 2.297464 7
-0.460947 -0.839502 2.290664 7
-1.213225 -0.442099 2.514121 1
-1.228004 -0.535268 2.475500 1
-1.268013 -0.559085 2.468634 1
-1.298942 -0.605001 2.451665 1
-1.338321 -0.628784 2.444915 1
-1.380859 -0.644738 2.441841 1
-1.564808 -0.338230 2.588175 1
-1.624901 -0.324155 2.599557 1
-1.676208 -0.330817 2.601446 1
-1.729256 -0.334499 2.604839 1
-1.767909 -0.368503 2.594173 1
-1.844938 -0.325241 2.619790 1
-1.903347 -0.321421 2.627106 1
-1.959752 -0.322659 2.632189 1
-2.006564 -0.342675 2.628533 1
-2.069782 -0.333178 2.638963 1
-2.139449 -0.313853 2.654245 1
-2.181629 -0.343894 2.646187 1
-2.251669 -0.326791 2.660757 1
-2.298375 -0.349971 2.656205 1
-2.585850 -0.826730 2.494375 1
-2.673208 -0.794183 2.518301 1
2.063101 -0.799465 2.347773 7
1.999333 -0.838092 2.328035 7
1.967043 -0.803947 2.341555 7
1.889685 -0.880570 2.304773 7
1.846731 -0.874713 2.305616 7
1.800082 -0.879103 2.301893 7
1.758219 -0.871608 2.303649 7
1.708114 -0.887638 2.294831 7
1.674743 -0.857000 2.307228 7
1.628207 -0.864635 2.302383 7
1.587859 -0.854416 2.305692 7
1.533617 -0.889061 2.288822 7
1.493495 -0.879930 2.291805 7
1.461172 -0.843821 2.307028 7
1.418023 -0.844750 2.305621 7
1.365755 -0.880889 2.288434 7
1.280938 -1.048743 2.212043 5
1.232355 -1.083856 2.195529 5
1.194534 -1.076813 2.198063 5
1.159439 -1.057569 2.206154 5
1.121748 -1.049400 2.209332 5
1.082509 -1.048836 2.209162 5
1.051858 -1.003704 2.229089 5
1.016677 -0.979238 2.239794 5
0.972581 -1.005380 2.227835 5
0.919150 -1.094974 2.187450 5
0.882090 -1.086999 2.190960 5
0.842485 -1.097155 2.186394 5
0.804529 -1.096679 2.186673 5
0.770805 -1.060228 2.203178 5
0.735178 -1.035354 2.214555 5
0.694890 -1.054976 2.206010 5
0.652560 -1.104511 2.184087 5
0.616594 -1.082470 2.194396 5
0.577871 -1.097496 2.188111 5
0.540486 -1.093875 2.190276 5
0.502107 -1.112634 2.182439 5
0.464260 -1.127764 2.176296 5
0.427416 -1.111882 2.184180 5
0.390071 -1.111982 2.184937 5
0.352754 -1.085231 2.197867 5
0.315229 -1.095542 2.194160 5
0.276977 -1.059254 2.211548 5
0.240173 -1.096238 2.195933 5
0.190366 -0.795982 2.332789 7
0.149907 -0.801335 2.331684 7
0.112153 -0.849534 2.311255 7
0.073089 -0.866312 2.305099 7
0.032779 -0.864493 2.307439 7
-0.007945 -0.859378 2.311351 7
-0.051421 -0.829462 2.326609 7
-0.087033 -0.874784 2.307756 7
-0.132548 -0.833710 2.328268 7
-0.169532 -0.862934 2.316861 7
-0.212475 -0.847786 2.325746 7
-0.255249 -0.836549 2.332941 7
-0.295671 -0.841596 2.332780 7
-0.335453 -0.850412 2.330968 7
-0.380377 -0.831722 2.341839 7
-0.418584 -0.849537 2.336056 7
-1.229799 -0.540978 2.532025 1
-1.275104 -0.551475 2.531348 1
-1.440432 -0.264601 2.671791 1
-1.465522 -0.333047 2.644083 1
-1.524765 -0.318705 2.655795 1
-1.562578 -0.354911 2.643527 1
-1.621872 -0.342631 2.654521 1
-1.676926 -0.341158 2.660492 1
-1.726446 -0.352392 2.660489 1
-1.779611 -0.356641 2.663968 1
-1.834638 -0.358015 2.668970 1
-1.901575 -0.337273 2.684844 1
-1.960384 -0.334000 2.692425 1
-2.022137 -0.326533 2.702216 1
-2.070680 -0.344315 2.699829 1
-2.118157 -0.364238 2.696502 1
1.996723 -0.859595 2.373671 7
1.966115 -0.821739 2.389217 7
1.933079 -0.788537 2.402637 7
1.871458 -0.827043 2.382530 7
1.814531 -0.856495 2.366798 7
1.759855 -0.882590 2.352758 7
1.734929 -0.827997 2.376517 7
1.678649 -0.861277 2.359321 7
1.630013 -0.874837 2.351438 7
1.596957 -0.841954 2.365287 7
1.548175 -0.857985 2.356436 7
1.502816 -0.864662 2.352034 7
1.467929 -0.836470 2.363929 7
1.421608 -0.847975 2.357455 7
1.371019 -0.877260 2.342820 7
1.336340 -0.847701 2.355585 7
1.240981 -1.064130 2.254348 5
1.205876 -1.044021 2.262923 5
1.170179 -1.025366 2.270896 5
1.121887 -1.064936 2.251971 5
1.096440 -0.996071 2.283344 5
1.052404 -1.017712 2.272880 5
1.012025 -1.022375 2.270355 5
0.970455 -1.035431 2.264023 5
0.921689 -1.096387 2.235606 5
0.883198 -1.097397 2.235001 5
0.841846 -1.120142 2.224415 5
0.811836 -1.057938 2.253202 5
0.773755 -1.054629 2.254816 5
0.733342 -1.073484 2.246249 5
0.697997 -1.043991 2.260126 5
0.659607 -1.043907 2.260469 5
0.618051 -1.087221 2.240795 5
0.580634 -1.080570 2.244320 5
0.542275 -1.089747 2.240588 5
0.503154 -1.121927 2.226266 5
0.466761 -1.091446 2.241052 5
0.429205 -1.085726 2.244439 5
0.391177 -1.111332 2.233366 5
0.353787 -1.047036 2.264087 5
0.316053 -1.090412 2.244904 5
0.277611 -1.052714 2.263450 5
0.231555 -0.789347 2.387045 7
0.190188 -0.777604 2.393780 7
0.148773 -0.770484 2.398450 7
0.108367 -0.782926 2.394088 7
0.071925 -0.847556 2.365452 7
0.029884 -0.828651 2.375848 7
-0.008894 -0.849851 2.367598 7
-0.047120 -0.872832 2.358578 7
-0.090342 -0.848528 2.371760 7
-0.133639 -0.828512 2.383037 7
-0.172232 -0.847168 2.376270 7
-0.214701 -0.837321 2.382959 7
-0.253927 -0.850289 2.379012 7
-0.298188 -0.832287 2.389720 7
-0.342072 -0.819347 2.398149 7
-0.376892 -0.856670 2.382951 7
-0.423016 -0.834119 2.396101 7
-1.435397 -0.288549 2.724323 1
-1.476167 -0.318927 2.714509 1
-1.531006 -0.315760 2.721233 1
-1.571467 -0.346402 2.711460 1
-1.642678 -0.308543 2.735559 1
-1.690980 -0.322932 2.734046 1
-1.751125 -0.312849 2.744785 1
-1.810372 -0.306168 2.754008 1
-1.859217 -0.321529 2.752411 1
-1.917450 -0.319032 2.759861 1
-1.969884 -0.328680 2.761386 1
-2.017981 -0.346931 2.758719 1
1.933164 -0.804079 2.451747 7
1.883069 -0.813205 2.445069 7
1.810659 -0.882167 2.409649 7
1.773334 -0.861683 2.417495 7
1.736858 -0.838362 2.426786 7
1.681078 -0.869940 2.409760 7
1.644258 -0.848067 2.418535 7
1.584955 -0.894834 2.394448 7
1.544603 -0.885279 2.397500 7
1.500252 -0.889100 2.394229 7
1.458638 -0.884620 2.395028 7
1.416365 -0.882968 2.394563 7
1.381212 -0.855431 2.406564 7
1.337825 -0.858388 2.404068 7
1.293455 -0.866428 2.399235 7
1.218180 -1.007579 2.330953 5
1.168395 -1.049522 2.310156 5
1.133032 -1.028861 2.319318 5
1.099739 -0.996516 2.334126 5
1.057054 -1.010339 2.327002 5
1.013147 -1.033346 2.315587 5
0.976269 -1.018675 2.322209 5
0.927871 -1.075102 2.295042 5
0.887859 -1.083983 2.290608 5
0.853302 -1.055450 2.304072 5
0.811642 -1.078669 2.292968 5
0.771899 -1.090431 2.287398 5
0.736900 -1.060645 2.301694 5
0.696574 -1.080683 2.292338 5
0.659898 -1.063591 2.300746 5
0.622300 -1.054777 2.305291 5
0.581794 -1.089130 2.289342 5
0.544045 -1.086331 2.291173 5
0.507012 -1.066381 2.301262 5
0.468498 -1.079653 2.295586 5
0.430497 -1.083171 2.294638 5
0.392419 -1.100228 2.287301 5
0.354759 -1.075546 2.299975 5
0.316525 -1.045093 2.315498 5
0.273797 -0.817680 2.425326 7
0.231637 -0.768689 2.449976 7
0.189621 -0.749359 2.460538 7
0.149690 -0.779651 2.447415 7
0.108025 -0.772138 2.452490 7
0.070080 -0.819287 2.431416 7
0.030345 -0.833472 2.426229 7
-0.009252 -0.846685 2.421584 7
-0.050034 -0.846529 2.423449 7
-0.092193 -0.835110 2.430829 7
-0.126134 -0.892242 2.405240 7
-0.174819 -0.832324 2.436207 7
-0.214312 -0.844823 2.432315 7
-0.253905 -0.855762 2.429255 7
-0.299289 -0.831512 2.443328 7
-0.337644 -0.850392 2.436593 7
-0.375849 -0.868693 2.430208 7
-1.431965 -0.308537 2.778841 1
-1.469604 -0.346229 2.765139 1
-1.513844 -0.367426 2.759831 1
-1.566729 -0.368895 2.764620 1
-1.630721 -0.346861 2.781502 1
-1.700166 -0.315362 2.803421 1
-1.757110 -0.312629 2.810881 1
-1.809955 -0.319418 2.813629 1
-1.848803 -0.354620 2.801919 1
-1.912101 -0.341971 2.814937 1
1.881243 -0.833611 2.491595 7
1.737218 -0.853169 2.475162 7
1.700917 -0.828767 2.485224 7
1.649081 -0.849639 2.472972 7
1.594032 -0.882710 2.454816 7
1.551496 -0.879211 2.454848 7
1.513134 -0.862504 2.461492 7
1.483594 -0.815077 2.483365 7
1.420940 -0.882816 2.448577 7
1.389045 -0.842737 2.467003 7
1.349507 -0.829647 2.472224 7
1.308863 -0.820684 2.475504 7
1.263850 -0.830234 2.469780 7
1.234307 -0.772779 2.497060 7
1.183426 -0.809953 2.477959 7
1.098510 -1.019415 2.374427 5
1.060283 -1.010602 2.378126 5
1.018722 -1.019868 2.373046 5
0.978685 -1.022155 2.371476 5
0.936702 -1.037669 2.363510 5
0.895592 -1.050323 2.357033 5
0.858757 -1.034872 2.364416 5
0.823775 -1.003151 2.379854 5
0.777830 -1.059765 2.352094 5
0.735363 -1.095836 2.334482 5
0.699473 -1.072282 2.346171 5
0.662379 -1.057732 2.353532 5
0.622883 -1.071769 2.346965 5
0.585479 -1.058813 2.353713 5
0.547973 -1.043455 2.361726 5
0.508154 -1.074448 2.347087 5
0.470125 -1.071888 2.348987 5
0.431294 -1.103101 2.334389 5
0.394167 -1.049076 2.361729 5
0.355766 -1.079686 2.347585 5
0.315617 -0.839554 2.466635 7
0.274760 -0.824502 2.475168 7
0.232792 -0.783507 2.496572 7
0.190900 -0.766532 2.506261 7
0.149641 -0.769766 2.506090 7
0.109188 -0.785803 2.499691 7
0.069242 -0.804952 2.491835 7
0.027822 -0.802106 2.494925 7
-0.010931 -0.829333 2.483234 7
-0.050762 -0.841367 2.479133 7
-0.090681 -0.851160 2.476225 7
-0.131409 -0.853589 2.477053 7
-0.180457 -0.795050 2.508261 7
-0.215014 -0.844898 2.485725 7
-0.258551 -0.831542 2.494699 7
-0.300487 -0.830224 2.497785 7
-0.342692 -0.828348 2.501250 7
-1.395249 -0.278780 2.853785 1
-1.421521 -0.345807 2.824532 1
-1.478577 -0.336397 2.834962 1
-1.539522 -0.319509 2.849464 1
-1.580202 -0.350309 2.839273 1
-1.647322 -0.322437 2.859867 1
-1.686591 -0.356570 2.848161 1
-1.759689 -0.319627 2.873929 1
1.893735 -0.817988 2.556614 7
1.851253 -0.807963 2.559166 7
1.796783 -0.830284 2.545300 7
1.701468 -0.843206 2.534161 7
1.662385 -0.826321 2.540657 7
1.613987 -0.837593 2.532926 7
1.568184 -0.842323 2.528640 7
1.532721 -0.814257 2.541115 7
1.484668 -0.827870 2.532533 7
1.444877 -0.814070 2.537962 7
1.402763 -0.808560 2.539287 7
1.361633 -0.799618 2.542448 7
1.317647 -0.802231 2.539864 7
1.276099 -0.795635 2.542039 7
1.228263 -0.817049 2.530160 7
1.182834 -0.830283 2.522524 7
1.142212 -0.822205 2.525751 7
1.095247 -0.846858 2.512559 7
1.052119 -0.854215 2.508196 7
1.008938 -0.863621 2.502900 7
0.973183 -0.828937 2.519928 7
0.934446 -0.809950 2.529134 7
0.893521 -0.804547 2.531588 7
0.849800 -0.820767 2.523241 7
0.813320 -0.779428 2.543993 7
0.768804 -0.805479 2.530884 7
0.729242 -0.786914 2.540351 7
0.666490 -1.033303 2.416386 5
0.625522 -1.061666 2.402374 5
0.589631 -1.022070 2.422707 5
0.553848 -0.965958 2.451467 5
0.517399 -0.898903 2.485852 5
0.478617 -0.860093 2.506099 7
0.438513 -0.844045 2.514964 7
0.397688 -0.859546 2.507996 7
0.357198 -0.871959 2.502675 7
0.316437 -0.822807 2.528564 7
0.275530 -0.820884 2.530686 7
0.233330 -0.777433 2.553924 7
0.190866 -0.750967 2.568685 7
0.149557 -0.759058 2.566045 7
0.108882 -0.775460 2.559282 7
0.067052 -0.771760 2.562809 7
0.029903 -0.826540 2.536722 7
-0.013965 -0.797433 2.553348 7
-0.048884 -0.861350 2.522743 7
-0.090025 -0.859744 2.525564 7
-0.131515 -0.856387 2.529378 7
-0.174411 -0.843980 2.537919 7
-0.214367 -0.854244 2.534982 7
-0.259628 -0.830150 2.549724 7
-0.304599 -0.811668 2.561724 7
-1.395259 -0.290357 2.913545 1
-1.426230 -0.345817 2.889713 1
-1.491578 -0.317151 2.910853 1
-1.546069 -0.316271 2.917347 1
-1.598610 -0.320858 2.921073 1
-1.660217 -0.306397 2.935217 1
1.803871 -0.827412 2.604124 7
1.762462 -0.815448 2.607871 7
1.720230 -0.805906 2.610454 7
1.678644 -0.794688 2.614025 7
1.644467 -0.760985 2.629465 8
1.579536 -0.822773 2.595078 7
1.530885 -0.836751 2.585834 7
1.491724 -0.820395 2.592544 7
1.456893 -0.788260 2.607576 7
1.409048 -0.802246 2.598672 7
1.370892 -0.781060 2.608195 7
1.329261 -0.772770 2.611106 7
1.273008 -0.825970 2.582160 7
1.232392 -0.816310 2.586010 7
1.187198 -0.827683 2.579040 7
1.144563 -0.828620 2.577597 7
1.099401 -0.843493 2.569031 7
1.055102 -0.856246 2.561674 7
1.017060 -0.835135 2.571978 7
0.981231 -0.798318 2.590517 7
0.933794 -0.833979 2.571599 7
0.893810 -0.822754 2.577077 7
0.856967 -0.786217 2.595766 7
0.811915 -0.813022 2.581746 7
0.775163 -0.769173 2.604422 7
0.727664 -0.826794 2.574645 7
0.689208 -0.795226 2.591162 7
0.643862 -0.846048 2.565102 7
0.605069 -0.814268 2.581933 7
0.563669 -0.818416 2.580249 7
0.520569 -0.863583 2.557400 7
0.479649 -0.873432 2.552951 7
0.440288 -0.826330 2.578141 7
0.399410 -0.820891 2.581828 7
0.358354 -0.844508 2.570530 7
0.317450 -0.826915 2.580729 7
0.276596 -0.832366 2.579060 7
0.235784 -0.836091 2.578385 7
0.193378 -0.798751 2.599184 7
0.150053 -0.759645 2.621032 7
0.107154 -0.741804 2.631929 7
0.068194 -0.784874 2.611167 7
0.028285 -0.806118 2.601868 7
-0.012510 -0.813772 2.599756 7
-0.053440 -0.819339 2.598833 7
-0.089908 -0.863627 2.577730 7
-0.134108 -0.839352 2.592630 7
-0.177545 -0.825302 2.602297 7
-0.217352 -0.838857 2.597583 7
-0.259865 -0.834162 2.602562 7
-1.382956 -0.333077 2.956697 1
-1.439383 -0.325295 2.966915 1
-1.483168 -0.349028 2.960003 1
1.631554 -0.816813 2.657690 7
1.582297 -0.830577 2.648057 7
1.570003 -0.725725 2.702241 8
1.514729 -0.759170 2.682264 7
1.463316 -0.782567 2.667826 7
1.421931 -0.771987 2.671721 7
1.375330 -0.781304 2.665080 7
1.330184 -0.786491 2.660773 7
1.287574 -0.782406 2.661539 7
1.247535 -0.767489 2.668201 7
1.195071 -0.809150 2.644777 7
1.148226 -0.828816 2.633220 7
1.103674 -0.839768 2.626430 7
1.064210 -0.825213 2.633347 7
1.025547 -0.805028 2.643366 7
0.984355 -0.798532 2.646199 7
0.938628 -0.821831 2.633275 7
0.900076 -0.798590 2.645238 7
0.855317 -0.820015 2.633534 7
0.812959 -0.825991 2.630160 7
0.773480 -0.807495 2.639915 7
0.732774 -0.798286 2.644835 7
0.689139 -0.821150 2.632794 7
0.649848 -0.794586 2.647163 7
0.605933 -0.830208 2.628540 7
0.565041 -0.825828 2.631313 7
0.522101 -0.865803 2.610571 7
0.481399 -0.866054 2.611083 7
0.441653 -0.827123 2.632581 7
0.400545 -0.829895 2.631966 7
0.359433 -0.859031 2.617393 7
0.318533 -0.838473 2.629431 7
0.277579 -0.839162 2.630240 7
0.235557 -0.803542 2.650556 7
0.194635 -0.815242 2.645703 7
0.152578 -0.800313 2.655197 7
0.109789 -0.779373 2.668030 7
0.067845 -0.777206 2.670930 7
0.026855 -0.787964 2.667009 7
-0.014692 -0.791058 2.667303 7
-0.053958 -0.816279 2.655814 7
-0.095975 -0.813551 2.659444 7
-0.132827 -0.853308 2.640309 7
-0.176621 -0.836539 2.651716 7
-0.219783 -0.827335 2.659173 7
-1.385898 -0.337345 3.020960 1
1.509967 -0.636078 2.806465 8
1.445867 -0.701843 2.768292 8
1.387763 -0.751306 2.739271 7
1.325499 -0.822607 2.698424 7
1.296474 -0.763026 2.729595 7
1.239946 -0.818545 2.697709 7
1.202211 -0.794356 2.709676 7
1.155097 -0.813728 2.697880 7
1.107557 -0.838277 2.683379 7
1.064590 -0.841853 2.680486 7
1.023296 -0.837091 2.682272 7
0.981306 -0.836778 2.681738 7
0.946041 -0.793122 2.705019 7
0.899443 -0.823621 2.687862 7
0.856344 -0.833236 2.682240 7
0.818807 -0.799089 2.700650 7
0.775825 -0.808813 2.695195 7
0.735701 -0.792516 2.704073 7
0.691311 -0.821555 2.688287 7
0.650380 -0.814691 2.692234 7
0.606898 -0.844725 2.676124 7
0.568270 -0.800321 2.700818 7
0.523296 -0.875820 2.660061 7
0.482429 -0.880113 2.658344 7
0.442565 -0.847356 2.677012 7
0.401526 -0.851047 2.675849 7
0.360612 -0.839778 2.682990 7
0.319312 -0.810404 2.700169 7
0.278916 -0.864726 2.671587 7
0.236579 -0.813251 2.701126 7
0.194170 -0.788327 2.716238 7
0.153484 -0.808945 2.706461 7
0.108550 -0.753518 2.738595 7
0.065891 -0.747114 2.743916 7
0.028792 -0.810648 2.710840 7
-0.012852 -0.811542 2.712350 7
-0.055880 -0.799730 2.720987 7
-0.095479 -0.820839 2.711569 7
-0.137558 -0.819343 2.714745 7
-0.180974 -0.809072 2.722901 7
1.460499 -0.826623 2.759577 7
1.435848 -0.755960 2.797459 7
1.392589 -0.750631 2.798514 7
1.328278 -0.829058 2.752448 7
1.288834 -0.812579 2.760077 7
1.243444 -0.821178 2.753694 7
1.196246 -0.839748 2.741831 7
1.154409 -0.835345 2.743029 7
1.114899 -0.819473 2.750798 7
1.074027 -0.809870 2.755157 7
1.031334 -0.810299 2.753998 7
0.983884 -0.840590 2.736190 7
0.945478 -0.817000 2.748765 7
0.906052 -0.797792 2.758993 7
0.862366 -0.808616 2.752482 7
0.818239 -0.825852 2.742497 7
0.777901 -0.812845 2.749600 7
0.737579 -0.797683 2.758029 7
0.692734 -0.830730 2.739530 7
0.652522 -0.814180 2.748974 7
0.609585 -0.833755 2.738267 7
0.567274 -0.850462 2.729283 7
0.525375 -0.866807 2.720615 7
0.485352 -0.840451 2.736036 7
0.443981 -0.847115 2.733035 7
0.402834 -0.848657 2.733026 7
0.361759 -0.838832 2.739524 7
0.320322 -0.809390 2.757179 7
0.278513 -0.794816 2.766603 7
0.237128 -0.806410 2.761418 7
0.195568 -0.808123 2.761912 7
0.153193 -0.793655 2.771651 7
0.109590 -0.764899 2.789585 7
0.067122 -0.761381 2.793412 7
0.026669 -0.784044 2.782564 7
-0.014228 -0.797505 2.777024 7
-0.058598 -0.775555 2.791649 7
-0.095295 -0.825439 2.765694 7
1.525781 -0.919581 2.769076 7
1.494673 -0.877611 2.791053 7
1.454826 -0.863506 2.796933 7
1.419053 -0.834344 2.811671 7
1.381884 -0.808797 2.824418 7
1.342128 -0.792023 2.832195 7
1.301268 -0.779103 2.837863 7
1.259131 -0.771304 2.840692 7
1.207005 -0.808954 2.817386 7
1.157207 -0.840309 2.797875 7
1.112676 -0.849402 2.791365 7
1.067952 -0.861425 2.783300 7
1.030193 -0.836186 2.796856 7
0.995027 -0.792692 2.821049 7
0.947030 -0.827150 2.800434 7
0.903265 -0.838114 2.793492 7
0.863424 -0.822048 2.802246 7
0.820506 -0.829255 2.797720 7
0.778520 -0.830278 2.796881 7
0.736649 -0.831183 2.796234 7
0.694658 -0.834469 2.794341 7
0.654570 -0.815204 2.805554 7
0.610888 -0.843753 2.789361 7
0.568667 -0.858205 2.781405 7
0.527719 -0.852662 2.785085 7
0.485340 -0.884871 2.767137 7
0.445584 -0.840016 2.793719 7
0.404792 -0.801396 2.816847 7
0.362948 -0.829837 2.801432 7
0.321354 -0.809670 2.814180 7
0.279910 -0.822620 2.807940 7
0.238648 -0.833017 2.803291 7
0.196361 -0.812511 2.816627 7
0.153455 -0.789208 2.831724 7
0.112255 -0.802969 2.825506 7
0.069059 -0.785502 2.837499 7
0.024891 -0.761606 2.853368 7
-0.016770 -0.770972 2.850080 7
-0.059183 -0.771959 2.851781 7
1.391591 -0.950680 2.801660 7
1.365284 -0.888815 2.836322 7
1.330420 -0.855850 2.853879 7
1.300295 -0.801213 2.884413 7
1.260586 -0.783385 2.893193 7
1.212356 -0.803140 2.879810 7
1.167488 -0.809827 2.874327 7
1.114450 -0.859186 2.843712 7
1.078596 -0.823707 2.863487 7
1.033317 -0.837938 2.853963 7
0.992428 -0.828408 2.858634 7
0.948343 -0.838999 2.851538 7
0.910009 -0.812063 2.866759 7
0.866320 -0.821792 2.860438 7
0.827193 -0.796738 2.874801 7
0.785009 -0.795082 2.875470 7
0.741324 -0.808825 2.867174 7
0.697041 -0.833366 2.852633 7
0.655817 -0.826701 2.856654 7
0.611149 -0.869252 2.831732 7
0.569529 -0.875485 2.828390 7
0.530240 -0.835474 2.852499 7
0.486578 -0.894048 2.818479 7
0.447516 -0.820824 2.862493 7
0.405124 -0.869968 2.834287 7
0.364090 -0.838912 2.853644 7
0.322432 -0.814527 2.869198 7
0.280616 -0.811576 2.872201 7
0.238282 -0.793407 2.884356 7
0.196639 -0.803612 2.879829 7
0.154568 -0.801644 2.882651 7
0.112646 -0.803628 2.883260 7
0.069761 -0.792368 2.891873 7
0.023904 -0.748759 2.919881 7
-0.017499 -0.763909 2.913077 7
1.245840 -0.865007 2.903779 7
1.208273 -0.840085 2.917185 7
1.169088 -0.821027 2.927148 7
1.129878 -0.800806 2.937947 7
1.083467 -0.817198 2.926643 7
1.033714 -0.855277 2.902329 7
0.992117 -0.850298 2.904299 7
0.949601 -0.851337 2.902756 7
0.910054 -0.832857 2.913185 7
0.867034 -0.838126 2.909352 7
0.827184 -0.819369 2.920216 7
0.782763 -0.838585 2.908210 7
0.740136 -0.845020 2.904085 7
0.699148 -0.835674 2.909655 7
0.655856 -0.853590 2.898849 7
0.615604 -0.833705 2.911075 7
0.575211 -0.809658 2.925961 7
0.533744 -0.798236 2.933338 7
0.491323 -0.807103 2.928556 7
0.449663 -0.794508 2.936921 7
0.407752 -0.781475 2.945694 7
0.365444 -0.798132 2.936595 7
0.323268 -0.781781 2.947662 7
0.280777 -0.768389 2.957081 7
0.239534 -0.810109 2.933151 7
0.195485 -0.757757 2.966540 7
1.044297 -0.815680 2.986397 7
1.002746 -0.806935 2.990683 7
0.958238 -0.816687 2.983609 7
0.908470 -0.864895 2.952785 7
0.870954 -0.830748 2.973298 7
0.825859 -0.852674 2.959109 7
0.782933 -0.860435 2.953868 7
0.742544 -0.845771 2.962698 7
0.701742 -0.832940 2.970530 7
0.666471 -0.748400 3.023038 7
0.619401 -0.808611 2.985794 7
0.580262 -0.756196 3.018644 7
0.538092 -0.744474 3.026367 7
0.493301 -0.797975 2.993709 7
0.451054 -0.798911 2.993850 7
0.408877 -0.797404 2.995653 7
0.366670 -0.796105 2.997471 7
0.324448 -0.797378 2.997833 7
0.787058 -0.847480 3.021831 7
-1.116607 -0.782843 0.878273 0
-1.090942 -0.835346 0.893980 0
-1.123904 -0.624584 0.878527 0
-1.079334 -0.652236 0.876105 0
-1.092473 -0.750915 0.928746 0
-1.066081 -0.802669 0.944208 0
-1.141118 -0.482140 0.887025 0
-1.092697 -0.504727 0.880899 0
-1.057138 -0.542061 0.886686 0
-1.052348 -0.616755 0.922245 0
-1.064571 -0.714344 0.975305 0
-1.050888 -0.782192 1.003834 0
-0.039251 -0.507826 0.476703 8
0.012994 -0.505066 0.453869 8
0.062815 -0.505369 0.433325 8
0.098906 -0.530366 0.429850 8
0.237437 -0.747187 0.470453 7
0.294813 -0.728179 0.436774 7
0.329667 -0.758171 0.435101 7
0.375802 -0.762087 0.416478 7
0.398257 -0.822210 0.433644 7
0.462187 -0.781226 0.386519 7
-1.159842 -0.344681 0.895965 0
-1.090023 -0.343356 0.869678 0
-1.095325 -0.425292 0.914063 0
-1.077722 -0.483029 0.937302 0
-1.057063 -0.538300 0.957969 0
-1.037507 -0.595931 0.980095 0
-1.040389 -0.682371 1.025232 0
-1.052307 -0.782657 1.080675 0
-1.003561 -0.807794 1.074684 0
-0.088784 -0.515083 0.564541 8
-0.013489 -0.474101 0.513305 8
0.035954 -0.476281 0.493555 8
0.062954 -0.518767 0.502485 8
0.143289 -0.461094 0.440684 8
0.215220 -0.415429 0.388068 8
0.248960 -0.442396 0.386297 8
0.288990 -0.456683 0.375651 8
0.310310 -0.510019 0.391489 8
0.339436 -0.548174 0.396607 8
0.386807 -0.546506 0.374808 8
0.426319 -0.561520 0.364187 8
0.468508 -0.569804 0.349084 8
0.510788 -0.577075 0.333332 8
0.544526 -0.604959 0.330900 8
0.602255 -0.571102 0.288751 8
0.561969 -0.795977 0.411171 7
-1.082434 -0.182003 0.853089 0
-1.088461 -0.261182 0.897627 0
-1.033181 -0.274915 0.884103 0
-1.028488 -0.344821 0.919361 0
-1.062357 -0.460868 0.993525 0
-1.039037 -0.513343 1.012165 0
-1.022192 -0.574526 1.037707 0
-1.015690 -0.649765 1.074441 0
-1.025503 -0.747528 1.129098 0
-1.011343 -0.817376 1.159707 0
-0.109877 -0.471790 0.616994 8
-0.053000 -0.464284 0.589161 8
0.017072 -0.431846 0.543206 8
0.075171 -0.418064 0.511466 8
0.134064 -0.400807 0.477534 8
0.188647 -0.389565 0.448293 8
0.251295 -0.360684 0.406756 8
0.293010 -0.371019 0.393442 8
0.339349 -0.371140 0.372977 8
0.378662 -0.384936 0.362152 8
0.438368 -0.353744 0.320271 8
0.482662 -0.354118 0.300457 8
0.519740 -0.369971 0.291246 8
0.572324 -0.348578 0.256932 8
0.599835 -0.386213 0.262303 8
0.647304 -0.374390 0.234674 8
0.655838 -0.462343 0.272622 8
0.661464 -0.562612 0.317664 8
0.698629 -0.580270 0.308502 8
0.758435 -0.532465 0.257470 8
-1.104056 -0.055436 0.863142 0
-1.093844 -0.115197 0.892135 0
-1.073188 -0.165216 0.911644 0
-1.072789 -0.237835 0.951141 0
-1.009800 -0.243428 0.929802 0
-0.940440 -0.240645 0.901294 0
-0.921736 -0.294574 0.923092 0
-0.885807 -0.329266 0.927611 0
-1.009807 -0.556640 1.098616 0
-1.010817 -0.641583 1.144395 0
-0.994694 -0.707357 1.172950 0
-0.983200 -0.780628 1.207187 0
-0.230245 -0.413299 0.703960 8
-0.145528 -0.364950 0.643067 8
-0.105311 -0.385717 0.636542 8
-0.066731 -0.408987 0.631866 8
0.004201 -0.376423 0.584570 8
0.047235 -0.390161 0.572836 8
0.112326 -0.363327 0.530731 8
0.182592 -0.324137 0.479964 8
0.242071 -0.302184 0.442540 8
0.285301 -0.309690 0.427051 8
0.334818 -0.303670 0.401831 8
0.382636 -0.299587 0.378220 8
0.428772 -0.297615 0.356300 8
0.476426 -0.290948 0.331227 8
0.520921 -0.289785 0.310214 8
0.566493 -0.284796 0.286686 8
0.567421 -0.385446 0.335986 8
0.620343 -0.362394 0.299873 8
0.651060 -0.393306 0.300621 8
0.700522 -0.375501 0.268471 8
0.730434 -0.408481 0.270372 8
0.757862 -0.449387 0.277212 8
0.761392 -0.561461 0.330144 8
0.800625 -0.572383 0.316429 8
0.831344 -0.609327 0.319376 8
0.811457 -0.811848 0.427268 7
0.853156 -0.820933 0.411067 7
-1.160520 0.035309 0.904851 0
-1.087064 0.038670 0.874509 0
-1.074719 -0.017691 0.901506 0
-1.074685 -0.087794 0.940907 0
-1.046886 -0.130478 0.953885 0
-1.035862 -0.191650 0.983674 0
-1.032628 -0.262704 1.021913 0
-0.929486 -0.223306 0.958854 0
-0.883171 -0.245913 0.952733 0
-0.821582 -0.250155 0.930188 0
-0.799308 -0.300439 0.948730 0
-0.990010 -0.613765 1.197936 0
-0.976535 -0.683129 1.230206 0
-0.947205 -0.733761 1.245602 0
-0.936981 -0.810437 1.282873 0
-0.406241 -0.344849 0.809646 8
-0.329359 -0.316540 0.761881 8
-0.286808 -0.336522 0.754373 8
-0.222701 -0.323307 0.719839 8
-0.177248 -0.337220 0.707594 8
-0.108004 -0.312418 0.664441 8
-0.042421 -0.291037 0.624555 8
-0.014086 -0.329969 0.632568 8
0.034907 -0.333941 0.613024 8
0.233345 -0.071829 0.388029 6
0.277203 -0.075850 0.370545 6
0.251186 -0.209518 0.451669 8
0.304703 -0.196548 0.420785 8
0.333196 -0.231007 0.425655 8
0.381105 -0.226768 0.401591 8
0.422858 -0.233887 0.386074 8
0.462710 -0.244252 0.372982 8
0.497531 -0.265103 0.367474 8
0.538665 -0.271573 0.351556 8
0.596562 -0.237850 0.307172 8
0.637227 -0.242446 0.290287 8
0.697269 -0.197719 0.239066 8
0.699455 -0.297878 0.288694 8
0.736010 -0.311934 0.278212 8
0.756458 -0.369942 0.297548 8
0.796485 -0.374924 0.280580 8
0.828674 -0.402007 0.278421 8
0.856309 -0.443592 0.285649 8
0.852780 -0.585543 0.358359 8
0.885299 -0.618442 0.358586 8
0.900433 -0.711821 0.397523 8
0.930251 -0.759050 0.405991 7
0.976626 -0.747359 0.376695 7
1.014787 -0.764760 0.365877 7
1.038136 -0.841808 0.392042 7
-1.162203 0.177095 0.894790 0
-1.104570 0.164871 0.879186 0
-1.084177 0.117934 0.898350 0
-1.072597 0.061693 0.926272 0
-1.073080 -0.007730 0.966484 0
-1.050919 -0.055674 0.985116 0
-1.023756 -0.099096 0.999001 0
-1.028534 -0.177258 1.045541 0
-1.025812 -0.249316 1.085411 0
-0.933580 -0.222814 1.032557 0
-0.874433 -0.231538 1.013104 0
-0.815466 -0.239396 0.993098 0
-0.772031 -0.264819 0.989282 0
-0.737952 -0.301492 0.995540 0
-0.697263 -0.330122 0.994393 0
-0.947141 -0.733214 1.324236 0
-0.921055 -0.789894 1.344573 0
-0.486569 -0.377440 0.930800 8
-0.406477 -0.348186 0.880145 8
-0.303252 -0.282465 0.799335 8
-0.135604 -0.116168 0.635337 6
-0.032010 -0.037956 0.547292 6
0.022011 -0.032082 0.520282 6
0.064043 -0.043905 0.508056 6
0.109794 -0.048980 0.490409 6
0.140153 -0.079080 0.493028 6
0.200132 -0.058203 0.454794 6
0.254717 -0.044578 0.422773 6
0.295181 -0.054799 0.409817 6
0.331092 -0.072912 0.403041 6
0.372861 -0.079515 0.387333 6
0.365928 -0.181847 0.444851 8
0.416348 -0.171817 0.416087 6
0.455860 -0.182841 0.403430 8
0.485521 -0.214539 0.406188 8
0.535398 -0.201904 0.375963 8
0.584709 -0.188530 0.345506 8
0.613716 -0.221036 0.348660 8
0.665020 -0.199981 0.313005 8
0.702786 -0.210350 0.300162 8
0.725474 -0.259295 0.314605 8
0.766575 -0.260792 0.295304 8
0.787891 -0.316022 0.313458 8
0.823665 -0.332242 0.304180 8
0.864752 -0.332451 0.283883 8
0.884956 -0.395781 0.306436 8
0.920580 -0.413109 0.297466 8
0.951889 -0.444722 0.297897 8
0.972422 -0.514727 0.323375 8
0.962489 -0.698875 0.422735 8
0.991775 -0.749755 0.433715 7
1.029289 -0.771195 0.425298 7
1.067918 -0.788332 0.413987 7
-1.122155 0.288497 0.883301 0
-1.084752 0.258307 0.886210 0
-1.062376 0.214197 0.903364 0
-1.079530 0.131821 0.959176 0
-1.060853 0.082085 0.980912 0
-1.038554 0.035159 0.999373 0
-1.034805 -0.031392 1.036885 0
-1.023576 -0.091715 1.067516 0
-1.019799 -0.161305 1.106526 0
-1.004539 -0.220057 1.134290 0
-0.958540 -0.245605 1.129738 0
-0.882183 -0.236025 1.091916 0
-0.803091 -0.221259 1.049808 0
-0.760312 -0.247898 1.046845 0
-0.705382 -0.259384 1.029861 0
-0.643031 -0.260605 1.003685 0
-0.593739 -0.277251 0.991813 0
-0.395502 -0.096644 0.803026 6
-0.277098 -0.013754 0.704329 6
-0.439317 -0.314169 0.945181 8
-0.319659 -0.228014 0.843844 8
-0.270914 -0.239308 0.828551 8
-0.166421 -0.166667 0.741282 8
-0.080428 -0.117266 0.675157 6
-0.022050 -0.107311 0.643317 6
0.064057 -0.050948 0.573031 6
0.088733 -0.091724 0.584396 6
0.147743 -0.075242 0.548305 6
0.181395 -0.100700 0.546874 6
0.271290 -0.025854 0.464192 6
0.307440 -0.044236 0.457496 6
0.357880 -0.035469 0.429162 6
0.361396 -0.115895 0.471433 6
0.456524 -0.017116 0.372774 6
0.484029 -0.050015 0.377629 6
0.465201 -0.181388 0.457859 6
0.503450 -0.195329 0.447097 8
0.558444 -0.171343 0.407683 8
0.595227 -0.186615 0.398127 8
0.643807 -0.173483 0.367449 8
0.686509 -0.172656 0.346140 8
0.736671 -0.151563 0.310201 8
0.749117 -0.226618 0.344202 8
0.791664 -0.223910 0.321641 8
0.821042 -0.256619 0.324419 8
0.850513 -0.290049 0.327426 8
0.885148 -0.309015 0.320041 8
0.916982 -0.336767 0.318626 8
0.950065 -0.361196 0.314708 8
0.978574 -0.401555 0.321444 8
1.016791 -0.409660 0.306051 8
1.036845 -0.483412 0.334543 8
1.073198 -0.499819 0.324270 8
1.057749 -0.722863 0.449568 7
1.094620 -0.746565 0.442629 7
1.136169 -0.750322 0.422645 7
1.174779 -0.766181 0.410442 7
1.196051 -0.865847 0.451205 7
-1.119270 0.427134 0.867767 0
-1.103658 0.378849 0.890924 0
-1.082865 0.334406 0.909471 0
-1.053429 0.297238 0.919875 0
-1.057018 0.229146 0.962703 0
-1.052791 0.166802 0.998656 0
-1.046398 0.105159 1.033151 0
-1.031835 0.050281 1.060001 0
-1.017344 -0.005719 1.087429 0
-0.995623 -0.055281 1.107799 0
-1.006715 -0.140659 1.163429 0
-0.976089 -0.182959 1.175401 0
-0.960842 -0.242901 1.204334 0
-0.884043 -0.233683 1.165587 0
-0.822070 -0.239842 1.142222 0
-0.743464 -0.224804 1.098999 0
-0.656921 -0.197772 1.045132 0
-0.623223 -0.234429 1.051671 0
-0.579641 -0.258660 1.046462 0
-0.515798 -0.255857 1.016393 0
-0.485045 -0.296208 1.026014 0
-0.371415 -0.222229 0.932174 8
-0.286943 -0.184530 0.872292 8
-0.189623 -0.124813 0.793799 8
-0.020651 0.046309 0.618630 6
0.032371 0.049962 0.592259 6
0.080536 0.047443 0.571535 6
0.110929 0.017405 0.574588 6
0.155920 0.011189 0.557222 6
0.208668 0.019074 0.528139 6
0.250831 0.010178 0.513401 6
0.293846 0.003569 0.496865 6
0.341969 0.007248 0.472016 6
0.399397 0.029986 0.431934 6
0.418250 -0.019826 0.450838 6
0.455794 -0.033850 0.440651 6
0.490725 -0.052833 0.434391 6
0.534912 -0.052048 0.412530 6
0.591114 -0.023689 0.369387 6
0.627646 -0.036652 0.358693 6
0.637754 -0.110581 0.394652 6
0.708090 -0.043544 0.322835 6
0.746394 -0.050163 0.307458 6
0.769927 -0.093735 0.319703 6
0.771275 -0.197648 0.376146 8
0.797196 -0.240225 0.386443 8
0.820787 -0.291073 0.402349 8
0.881245 -0.235990 0.341441 8
0.912456 -0.264461 0.341021 8
0.944133 -0.292233 0.339878 8
0.971640 -0.334469 0.348662 8
1.012636 -0.332546 0.326329 8
1.041875 -0.370845 0.331865 8
1.065664 -0.431187 0.352107 8
1.103382 -0.441290 0.337700 8
1.134341 -0.478163 0.341244 8
1.156702 -0.553513 0.370043 8
1.158744 -0.725450 0.461719 7
1.205843 -0.701737 0.423617 7
1.232657 -0.774050 0.448060 7
1.257267 -0.864184 0.483175 7
1.294049 -0.895502 0.479929 7
-1.178982 0.511463 0.909891 0
-1.106590 0.510422 0.880092 0
-1.078933 0.473135 0.891792 0
-1.081261 0.409713 0.932425 0
-1.066653 0.359776 0.957330 0
-1.038413 0.321333 0.969155 0
-1.045887 0.249531 1.016842 0
-1.026213 0.201585 1.037989 0
-1.006721 0.152729 1.059657 0
-1.026803 0.063803 1.122983 0
-1.010566 0.009114 1.149401 0
-0.995645 -0.047984 1.177743 0
-0.974317 -0.099411 1.199694 0
-1.001386 -0.204490 1.275442 0
-0.983876 -0.263255 1.303280 0
-0.905667 -0.253860 1.262836 0
-0.806574 -0.217967 1.196978 0
-0.756053 -0.236987 1.185758 0
-0.675906 -0.219012 1.138908 0
-0.628402 -0.239680 1.129786 0
-0.565622 -0.240170 1.101578 0
-0.514352 -0.254377 1.086652 0
-0.464666 -0.269942 1.073136 0
-0.338499 -0.178729 0.961150 8
-0.115776 0.055856 0.719823 6
-0.063855 0.054742 0.696398 6
-0.001668 0.070235 0.658328 6
0.015268 0.018410 0.680779 6
0.064850 0.016554 0.658565 6
0.113128 0.013794 0.637389 6
0.165653 0.019222 0.609328 6
0.212611 0.016750 0.588403 6
0.257809 0.012340 0.569340 6
0.314376 0.029404 0.532292 6
0.343929 -0.001238 0.535718 6
0.404771 0.027118 0.489888 6
0.421330 -0.028221 0.513640 6
0.463233 -0.034525 0.496759 6
0.504683 -0.040863 0.480021 6
0.541871 -0.055399 0.469973 6
0.574699 -0.079137 0.467238 6
0.626918 -0.059077 0.429801 6
0.648231 -0.108775 0.447389 6
0.692882 -0.104003 0.422233 6
0.742703 -0.084697 0.386133 6
0.800537 -0.042092 0.332690 6
0.845304 -0.030103 0.303100 6
0.823925 -0.198700 0.409109 8
0.856840 -0.222739 0.405709 8
0.885990 -0.258334 0.410651 8
0.926639 -0.259786 0.390358 8
0.964462 -0.268951 0.375762 8
1.002792 -0.275702 0.359451 8
1.041449 -0.280389 0.341714 8
1.072708 -0.310711 0.342105 8
1.103463 -0.344078 0.344363 8
1.136352 -0.370497 0.341513 8
1.149719 -0.478499 0.394426 8
1.180796 -0.518650 0.399985 8
1.216983 -0.537873 0.391056 8
1.197452 -0.824918 0.560873 7
1.265593 -0.697607 0.453078 7
1.303722 -0.714402 0.441427 7
1.313016 -0.895541 0.536475 7
1.360850 -0.864167 0.492609 7
1.402232 -0.867980 0.471654 7
-1.121875 0.629008 0.880442 0
-1.076188 0.606899 0.874950 0
-1.069648 0.553165 0.906575 0
-1.044727 0.513822 0.920905 0
-1.049515 0.448588 0.964585 0
-1.057861 0.378636 1.012712 0
-1.032228 0.337501 1.027537 0
-1.022699 0.281096 1.059001 0
-1.037402 0.200658 1.116221 0
-1.018320 0.150601 1.139228 0
-1.000825 0.098148 1.164328 0
-0.994215 0.033723 1.201667 0
-0.976584 -0.020779 1.227752 0
-0.964978 -0.082718 1.261059 0
-0.948995 -0.141288 1.290178 0
-0.940218 -0.209121 1.328180 0
-0.889966 -0.231297 1.318973 0
-0.812156 -0.220720 1.276863 0
-0.720262 -0.191156 1.216499 0
-0.680564 -0.222609 1.217473 0
-0.613621 -0.219811 1.184778 0
-0.550024 -0.219643 1.155124 0
-0.400709 -0.104745 1.015551 6
-0.429521 -0.223691 1.101256 8
-0.159544 0.067482 0.797935 6
-0.099048 0.076834 0.763719 6
-0.058783 0.058476 0.755701 6
-0.015919 0.044388 0.743773 6
0.033795 0.041419 0.721795 6
0.070467 0.019045 0.717600 6
0.130551 0.034709 0.679282 6
0.182341 0.038744 0.651814 6
0.220099 0.020330 0.644432 6
0.282661 0.045748 0.598803 6
0.316825 0.022633 0.595772 6
0.353515 0.004184 0.588640 6
0.392797 -0.009085 0.577069 6
0.423525 -0.038639 0.579251 6
0.476589 -0.023457 0.543873 6
0.507070 -0.053107 0.546041 6
0.550367 -0.055746 0.525830 6
0.594002 -0.056483 0.504238 6
0.628350 -0.077158 0.498913 6
0.669162 -0.082607 0.481318 6
0.712041 -0.082047 0.459069 6
0.745906 -0.102793 0.453750 6
0.784984 -0.110046 0.437809 6
0.836605 -0.082660 0.395188 6
0.897231 -0.026813 0.331305 6
0.925327 -0.059593 0.335584 6
0.935253 -0.148028 0.381452 6
0.945907 -0.239650 0.428683 8
0.983717 -0.249094 0.414107 8
1.027103 -0.239000 0.385230 8
1.064422 -0.247873 0.370397 8
1.091983 -0.291804 0.380827 8
1.129412 -0.300284 0.365521 8
1.167304 -0.306088 0.348337 8
1.181347 -0.411222 0.400850 8
1.194792 -0.527931 0.460210 8
1.232598 -0.541739 0.447358 8
1.250708 -0.651921 0.500234 7
1.252078 -0.859820 0.617966 7
1.318085 -0.734761 0.510059 7
1.362799 -0.716280 0.474577 7
1.380644 -0.861158 0.546944 7
1.418397 -0.891003 0.542633 7
1.456785 -0.918306 0.536413 7
-1.148287 0.737221 0.890708 0
-1.084068 0.728898 0.867860 0
-1.085731 0.670492 0.906990 0
-1.091112 0.607839 0.950453 0
-1.073617 0.562376 0.972384 0
-1.049211 0.522055 0.987770 0
-1.046173 0.463059 1.024773 0
-1.023348 0.420119 1.042359 0
-1.037046 0.343889 1.097852 0
-1.002337 0.310041 1.103978 0
-1.001355 0.244391 1.145782 0
-0.991392 0.185803 1.178851 0
-1.000550 0.107092 1.233439 0
-0.964664 0.071700 1.239576 0
-0.951263 0.012918 1.270859 0
-0.945444 -0.055157 1.311438 0
-0.937028 -0.122118 1.349993 0
-0.924984 -0.186690 1.385234 0
-0.911615 -0.251284 1.419754 0
-0.822014 -0.228391 1.363345 0
-0.754081 -0.228647 1.331550 0
-0.653106 -0.186784 1.257643 0
-0.629117 -0.237986 1.278294 0
-0.308116 0.092423 0.919483 6
-0.273863 0.062355 0.921853 6
-0.195041 0.092518 0.865352 6
-0.156625 0.069503 0.861146 6
-0.088144 0.089509 0.815715 6
-0.037528 0.085814 0.793473 6
-0.014358 0.042108 0.809130 6
0.037888 0.042202 0.783567 6
0.097548 0.055375 0.746246 6
0.134391 0.033562 0.741480 6
0.187224 0.038557 0.712336 6
0.208334 -0.009201 0.731008 6
0.261405 -0.002000 0.700210 6
0.316719 0.011015 0.664661 6
0.364996 0.012997 0.639243 6
0.398903 -0.011137 0.636787 6
0.443767 -0.013745 0.615682 6
0.487288 -0.017910 0.596106 6
0.516701 -0.050560 0.600795 6
0.568986 -0.034494 0.564377 6
0.603130 -0.056494 0.560055 6
0.649112 -0.051342 0.533249 6
0.686956 -0.063825 0.521129 6
0.735847 -0.048681 0.486652 6
0.767963 -0.073709 0.484833 6
0.805230 -0.085590 0.472384 6
0.847474 -0.083404 0.448849 6
0.889537 -0.080169 0.424696 6
0.947606 -0.028490 0.363187 6
0.986392 -0.029976 0.343403 6
0.991628 -0.136060 0.403458 8
1.017742 -0.180768 0.415888 8
1.049066 -0.209903 0.416214 8
1.080916 -0.238150 0.415641 8
1.115744 -0.256247 0.407371 8
1.144805 -0.296911 0.415460 8
1.186346 -0.288820 0.387913 8
1.209277 -0.358075 0.416013 8
1.225126 -0.464751 0.469926 8
1.253154 -0.523230 0.488690 8
1.284005 -0.572237 0.500229 8
1.308524 -0.658794 0.537228 8
1.344636 -0.688492 0.534310 7
1.383150 -0.705414 0.522461 7
1.420337 -0.730959 0.516309 7
1.439745 -0.881282 0.593114 7
1.477468 -0.915832 0.591719 7
1.524449 -0.878127 0.542721 7
-1.123887 0.825303 0.890387 0
-1.075311 0.805290 0.881868 0
-1.074936 0.749486 0.919179 0
-1.051053 0.710694 0.934291 0
-1.051924 0.651954 0.973941 0
-1.032861 0.608093 0.994445 0
-1.026231 0.553321 1.027815 0
-1.048743 0.472619 1.091713 0
-1.024759 0.430140 1.108733 0
-1.014856 0.374600 1.140798 0
-0.992055 0.329756 1.159721 0
-0.987659 0.267062 1.198850 0
-0.966863 0.218664 1.220834 0
-0.973425 0.142584 1.273651 0
-0.977420 0.066984 1.324841 0
-0.923419 0.049203 1.310903 0
-0.915435 -0.016502 1.349780 0
-0.925107 -0.102954 1.410383 0
-0.908004 -0.162292 1.440580 0
-0.883049 -0.213973 1.461971 0
-0.834287 -0.238789 1.454530 0
-0.511574 0.064313 1.104413 6
-0.467180 0.043214 1.096476 6
-0.414712 0.032684 1.077764 6
-0.335667 0.057337 1.023564 6
-0.275590 0.059666 0.992745 6
-0.238338 0.032638 0.991671 6
-0.156276 0.067922 0.928939 6
-0.110492 0.054742 0.914695 6
-0.053650 0.058456 0.884204 6
-0.017965 0.031982 0.883172 6
0.050534 0.056091 0.833838 6
0.092817 0.041362 0.821936 6
0.150636 0.052479 0.785927 6
0.181335 0.020222 0.790654 6
0.239870 0.035373 0.751576 6
0.267144 -0.002517 0.761376 6
0.323105 0.010937 0.724482 6
0.374357 0.017724 0.694054 6
0.399824 -0.023407 0.706525 6
0.461582 0.006352 0.656262 6
0.492779 -0.023192 0.658421 6
0.531694 -0.036945 0.646727 6
0.565792 -0.060669 0.643608 6
0.610851 -0.059955 0.619610 6
0.655656 -0.058402 0.595142 6
0.708575 -0.035942 0.553463 6
0.735821 -0.074090 0.562469 6
0.786791 -0.052768 0.522348 6
0.822851 -0.068045 0.512488 6
0.865721 -0.064321 0.487284 8
0.901175 -0.080021 0.477837 6
0.950767 -0.053686 0.435051 6
0.953197 -0.168731 0.503820 6
1.048956 0.006678 0.345080 6
1.065719 -0.064764 0.379367 6
1.092495 -0.106103 0.389814 6
1.109424 -0.185254 0.428527 8
1.143610 -0.204689 0.421450 8
1.173108 -0.242940 0.428276 8
1.216187 -0.226753 0.394540 8
1.239362 -0.294273 0.422415 8
1.267306 -0.345266 0.437553 8
1.274073 -0.503140 0.529008 8
1.304870 -0.553808 0.542169 8
1.343276 -0.567049 0.528376 8
1.374521 -0.621521 0.543393 8
1.402876 -0.699196 0.573931 7
1.441810 -0.715236 0.561243 7
1.481954 -0.722528 0.542507 7
1.502588 -0.880486 0.625462 7
1.546258 -0.868325 0.592811 7
-1.159275 0.924772 0.908198 0
-1.086753 0.920816 0.877299 0
-1.077808 0.872881 0.906105 0
-1.065284 0.826767 0.931904 0
-1.058474 0.775663 0.963697 0
-1.053823 0.721954 0.998188 0
-1.041457 0.673260 1.025546 0
-1.042645 0.612808 1.067184 0
-0.998586 0.588424 1.062909 0
-1.011260 0.516326 1.117678 0
-0.995723 0.466784 1.143733 0
-0.994869 0.403338 1.186047 0
-0.959469 0.369891 1.191614 0
-0.958111 0.304596 1.234732 0
-0.965593 0.229231 1.288735 0
-0.934238 0.189878 1.299899 0
-0.934077 0.118858 1.347120 0
-0.931061 0.048901 1.392150 0
-0.914979 -0.009082 1.422789 0
-0.898145 -0.067471 1.453228 0
-0.868793 -0.113222 1.469097 0
-0.886721 -0.213318 1.543861 0
-0.862105 -0.267199 1.567198 0
-0.544507 0.027821 1.216850 6
-0.474443 0.036373 1.176578 6
-0.426281 0.019400 1.163772 6
-0.380510 -0.000000 1.153644 6
-0.290586 0.039440 1.083033 6
-0.226785 0.047028 1.046129 6
-0.171770 0.044267 1.020266 6
-0.125015 0.031026 1.005267 6
-0.055063 0.052518 0.955975 6
0.003688 0.059751 0.921484 6
0.044781 0.041504 0.912320 6
0.093867 0.036356 0.890554 6
0.130191 0.011505 0.887899 6
0.177145 0.004495 0.868246 6
0.229433 0.007690 0.839219 6
0.280247 0.009854 0.811525 6
0.333497 0.017985 0.778671 6
0.382565 0.020124 0.751730 6
0.414762 -0.008879 0.753350 6
0.464303 -0.003680 0.724045 6
0.508652 -0.007446 0.703080 6
0.556289 -0.003090 0.675145 6
0.582005 -0.045017 0.688044 6
0.631296 -0.035041 0.655510 6
0.656313 -0.079626 0.670295 6
0.721040 -0.030052 0.604359 6
0.754167 -0.054459 0.601914 6
0.787984 -0.077389 0.598087 6
0.840631 -0.050161 0.552473 6
0.878341 -0.060908 0.538723 6
0.918144 -0.064991 0.519574 6
0.968037 -0.037754 0.475215 6
1.003331 -0.052260 0.464900 6
1.026098 -0.107020 0.486561 8
1.063011 -0.117176 0.472479 8
1.109390 -0.093333 0.431860 6
1.148637 -0.092000 0.409159 6
1.160757 -0.193432 0.465516 8
1.202417 -0.183772 0.436124 6
1.239210 -0.192076 0.420558 8
1.268345 -0.233696 0.429927 8
1.300543 -0.263666 0.430251 8
1.330052 -0.308606 0.441307 8
1.343865 -0.439897 0.514757 8
1.363233 -0.554656 0.574704 8
1.398265 -0.588785 0.575649 8
1.434030 -0.620738 0.574738 8
1.464225 -0.693564 0.602237 7
1.505634 -0.691875 0.577081 7
1.532848 -0.802453 0.629461 7
1.568086 -0.859719 0.644137 7
-1.159577 1.046518 0.892958 0
-1.113937 1.023874 0.887243 0
-1.068267 1.001761 0.881057 0
-1.055925 0.957101 0.906518 0
-1.062194 0.898584 0.950505 0
-1.056583 0.847365 0.983611 0
-1.042033 0.801853 1.008354 0
-1.036664 0.748654 1.042782 0
-1.012167 0.709405 1.058200 0
-1.030875 0.635094 1.118736 0
-0.987524 0.609807 1.115177 0
-0.985290 0.550180 1.155221 0
-0.969189 0.501200 1.181083 0
-0.975611 0.431437 1.232144 0
-0.976596 0.364769 1.278326 0
-0.957726 0.314918 1.303153 0
-0.948047 0.255462 1.338975 0
-0.929560 0.203315 1.365370 0
-0.924591 0.136672 1.408225 0
-0.882808 0.106192 1.408154 0
-0.886315 0.028157 1.462758 0
-0.888779 -0.051002 1.517505 0
-0.858767 -0.096516 1.533186 0
-0.853711 -0.170946 1.580776 0
-0.823920 -0.218664 1.597852 0
-0.563714 0.007830 1.314444 6
-0.476370 0.036110 1.251262 6
-0.400485 0.053050 1.201390 6
-0.373016 0.010079 1.216080 6
-0.329515 -0.012421 1.208849 6
-0.267249 -0.009124 1.174752 6
-0.201404 0.000861 1.134285 6
-0.135766 0.012600 1.092671 6
-0.080290 0.011557 1.064684 6
-0.003301 0.044359 1.003088 6
0.045500 0.036784 0.982707 6
0.094228 0.030117 0.961682 6
0.144157 0.026481 0.937950 6
0.194062 0.024034 0.913367 6
0.245405 0.025360 0.885468 6
0.282487 0.002797 0.880665 6
0.347600 0.031698 0.827271 6
0.392650 0.025878 0.807134 6
0.421015 -0.011333 0.816286 6
0.469049 -0.010003 0.789735 6
0.526249 0.011775 0.744885 6
0.555723 -0.022766 0.751466 6
0.600057 -0.025421 0.729255 6
0.630269 -0.058930 0.734611 6
0.681602 -0.043622 0.696810 6
0.718279 -0.061439 0.688339 6
0.754487 -0.080235 0.680678 6
0.807023 -0.056366 0.636455 6
0.850304 -0.054267 0.611279 6
0.887439 -0.067756 0.599457 6
0.932348 -0.058171 0.568409 6
0.987487 -0.015372 0.510258 6
1.006541 -0.081177 0.541872 6
1.034683 -0.121172 0.551773 6
1.076461 -0.116398 0.525257 6
1.133130 -0.056368 0.454902 6
1.158531 -0.106082 0.472345 6
1.205377 -0.074907 0.425850 6
1.220789 -0.168229 0.476682 8
1.264582 -0.146746 0.437967 8
1.288715 -0.210769 0.464971 8
1.323037 -0.231128 0.458215 8
1.357560 -0.250954 0.450929 8
1.390429 -0.280228 0.450538 8
1.417852 -0.342731 0.474374 8
1.422838 -0.550385 0.603499 8
1.459064 -0.579244 0.600655 8
1.492924 -0.627070 0.611165 8
1.518814 -0.742313 0.669089 7
1.564173 -0.710609 0.622167 7
1.596300 -0.793024 0.655404 7
1.634973 -0.822334 0.650984 7
-1.123791 1.136905 0.880606 0
-1.106600 1.096514 0.901275 0
-1.073254 1.066243 0.906698 0
-1.061323 1.021733 0.932738 0
-1.048305 0.977326 0.958092 0
-1.054713 0.918591 1.003148 0
-1.050876 0.865900 1.038770 0
-1.032928 0.822634 1.060639 0
-1.027842 0.769042 1.096119 0
-0.991341 0.738872 1.099349 0
-0.980232 0.688530 1.129375 0
-0.994587 0.616414 1.187360 0
-0.981191 0.565619 1.216397 0
-0.984146 0.499837 1.264061 0
-0.964990 0.451925 1.288018 0
-0.963051 0.387687 1.331970 0
-0.919073 0.360894 1.328493 0
-0.906407 0.304643 1.361284 0
-0.913139 0.228309 1.417787 0
-0.900417 0.169244 1.452330 0
-0.878557 0.118250 1.476537 0
-0.880992 0.040841 1.531330 0
-0.863555 -0.017386 1.562615 0
-0.863791 -0.096384 1.617195 0
-0.835553 -0.145430 1.636423 0
-0.788878 -0.173822 1.631859 0
-0.569591 0.003824 1.396633 6
-0.498729 0.010903 1.355053 6
-0.426126 0.022162 1.309621 6
-0.367150 0.018067 1.281683 6
-0.309140 0.014061 1.254104 6
-0.249339 0.013837 1.222928 6
-0.211692 -0.015701 1.223220 6
-0.150983 -0.012308 1.188942 6
0.068110 0.225511 0.912136 3
0.123878 0.231365 0.878642 3
0.193548 0.260509 0.821959 3
0.226576 0.234232 0.822093 3
0.152241 0.031755 0.998164 6
0.258851 0.124296 0.878827 3
0.362595 0.218687 0.759708 3
0.399122 0.199921 0.752626 3
0.451524 0.210604 0.717166 3
0.491109 0.198997 0.703491 3
0.436384 0.003765 0.863695 6
0.487551 0.011068 0.830944 6
0.522855 -0.012689 0.827494 6
0.567433 -0.016641 0.805699 6
0.603901 -0.037364 0.799441 6
0.654052 -0.026683 0.764700 6
0.692046 -0.042591 0.754254 6
0.731044 -0.055675 0.741305 6
0.760789 -0.091685 0.748615 6
0.817596 -0.057651 0.694406 6
0.854355 -0.074246 0.684810 6
0.892992 -0.085273 0.670409 6
0.942462 -0.063745 0.628356 6
0.983474 -0.064821 0.605909 6
1.030150 -0.046368 0.567319 6
1.073625 -0.035399 0.535402 6
1.109747 -0.047394 0.522706 6
1.150289 -0.042832 0.496535 6
1.194604 -0.021860 0.457355 6
1.224452 -0.054845 0.461832 6
1.252532 -0.096916 0.473218 6
1.281301 -0.138665 0.483925 6
1.305441 -0.204805 0.513224 8
1.345728 -0.197152 0.484752 8
1.378952 -0.223530 0.482597 8
1.408642 -0.270927 0.496183 8
1.442946 -0.295222 0.491890 8
1.480273 -0.301492 0.473969 8
1.513910 -0.331716 0.473798 8
1.545646 -0.378599 0.485554 8
1.552544 -0.632584 0.647120 8
1.580452 -0.746293 0.704595 7
1.623304 -0.733835 0.670794 7
1.658037 -0.804197 0.695764 7
-1.153788 1.236241 0.892488 0
-1.080221 1.230124 0.860151 0
-1.085446 1.177023 0.901734 0
-1.062912 1.140301 0.917302 0
-1.085663 1.074009 0.977203 0
-1.034618 1.054967 0.965353 0
-1.055631 0.987472 1.025107 0
-1.020041 0.957754 1.028687 0
-1.029562 0.895782 1.078462 0
-0.993502 0.865860 1.081801 0
-1.010179 0.796217 1.140612 0
-1.009213 0.738337 1.181865 0
-0.976664 0.704281 1.189746 0
-0.979713 0.641143 1.236680 0
-0.956575 0.598352 1.255502 0
-0.952927 0.538351 1.296591 0
-0.949094 0.477136 1.338373 0
-0.926384 0.431513 1.359202 0
-0.931161 0.359850 1.412724 0
-0.901905 0.318494 1.426961 0
-0.902963 0.247272 1.478076 0
-0.889594 0.188502 1.512768 0
-0.887330 0.117098 1.562114 0
-0.846867 0.083810 1.564461 0
-0.852541 0.000947 1.625883 0
-0.799602 -0.019805 1.612674 0
-0.760804 -0.055873 1.617597 0
-0.741661 -0.114880 1.648916 0
-0.583636 -0.009841 1.491648 6
-0.511922 -0.003025 1.448833 6
-0.441740 0.003898 1.406675 6
-0.362436 0.024579 1.349970 6
-0.302988 0.021744 1.320182 6
-0.241516 0.023103 1.286311 6
-0.215157 -0.022822 1.304075 6
-0.158161 -0.025816 1.275475 6
0.026636 0.160626 1.046541 3
0.096530 0.185249 0.991690 3
0.162221 0.206183 0.941595 3
0.229017 0.231509 0.887796 3
0.289185 0.248810 0.843073 3
0.335765 0.245522 0.819885 3
0.384365 0.246943 0.792282 3
0.424022 0.233788 0.779538 3
0.465142 0.223917 0.763667 3
0.505383 0.213142 0.748834 3
0.534456 0.181149 0.754645 3
0.561736 0.144883 0.764307 3
0.602743 0.136380 0.747295 3
0.650501 0.143308 0.715916 3
0.609708 -0.045420 0.867417 6
0.662838 -0.028915 0.826368 6
0.695885 -0.057679 0.827350 6
0.738595 -0.063098 0.806942 6
0.778950 -0.073408 0.791118 6
0.832011 -0.049215 0.744606 6
0.873066 -0.054715 0.724985 6
0.911913 -0.065410 0.710074 6
0.959941 -0.048062 0.670863 6
0.990066 -0.083191 0.677346 6
1.044184 -0.042182 0.618506 6
1.092002 -0.017203 0.574059 6
1.126016 -0.036975 0.567729 6
1.168822 -0.024521 0.534503 6
1.208808 -0.020079 0.508251 6
1.240054 -0.048969 0.509482 6
1.283584 -0.026651 0.468996 6
1.320475 -0.030007 0.449611 6
1.358738 -0.025379 0.423988 6
1.396112 -0.022793 0.400197 6
1.399578 -0.199975 0.517146 8
1.429311 -0.248354 0.531978 8
1.459533 -0.298362 0.547545 8
1.495890 -0.313122 0.535742 8
1.534331 -0.312931 0.512601 8
1.565225 -0.368511 0.531301 8
1.601566 -0.385610 0.520872 8
1.638452 -0.398110 0.506967 8
1.643602 -0.740650 0.733206 7
1.682733 -0.767878 0.727659 7
-1.116113 1.324208 0.877495 0
-1.094556 1.287802 0.893683 0
-1.066151 1.255230 0.903407 0
-1.073493 1.200866 0.947789 0
-1.044696 1.167901 0.957469 0
-1.051551 1.111997 1.002613 0
-1.062695 1.051994 1.052957 0
-1.015398 1.030100 1.044614 0
-1.011920 0.978320 1.081128 0
-1.009978 0.924422 1.119937 0
-1.023207 0.858299 1.175617 0
-0.985649 0.828580 1.177852 0
-0.979886 0.774529 1.214566 0
-1.001029 0.698102 1.281755 0
-0.969646 0.662029 1.291680 0
-0.948087 0.617642 1.312790 0
-0.949381 0.553175 1.360557 0
-0.908026 0.524431 1.359645 0
-0.906197 0.460437 1.405265 0
-0.911250 0.388517 1.460227 0
-0.896829 0.333008 1.492845 0
-0.876496 0.282101 1.518900 0
-0.851515 0.234922 1.539700 0
-0.843052 0.170206 1.581931 0
-0.841605 0.096543 1.634302 0
-0.823553 0.038626 1.666330 0
-0.786654 0.000207 1.674105 0
-0.746690 -0.034980 1.677825 0
-0.679821 -0.039057 1.644603 0
-0.576076 0.002287 1.558784 6
-0.535831 -0.029974 1.560018 6
-0.469199 -0.029171 1.523196 6
-0.388519 -0.008543 1.464490 6
-0.323112 -0.005310 1.426449 6
-0.249169 0.011340 1.374110 6
-0.188114 0.012559 1.339737 6
-0.042587 0.136532 1.171679 3
0.042225 0.179556 1.094420 3
0.103482 0.190841 1.052584 3
0.153457 0.186678 1.027856 3
0.196557 0.172730 1.013792 3
0.258105 0.189851 0.967470 3
0.325547 0.219446 0.909001 3
0.371096 0.213982 0.887394 3
0.435955 0.244378 0.829677 3
0.481311 0.241868 0.805973 3
0.528213 0.243563 0.778385 3
0.567658 0.232048 0.764209 3
0.569140 0.143879 0.825151 2
0.626371 0.168606 0.775397 2
0.670739 0.168471 0.750279 3
0.702740 0.141983 0.750558 2
0.729277 0.102411 0.763031 2
0.775186 0.108104 0.732779 2
0.826452 0.129035 0.688772 2
0.804491 -0.036187 0.816459 6
0.839512 -0.059623 0.812568 6
0.875227 -0.081361 0.807032 6
0.933121 -0.039028 0.744065 6
0.974999 -0.039870 0.720314 6
1.017886 -0.035997 0.692643 6
1.058772 -0.036708 0.669257 6
1.095997 -0.048346 0.655522 6
1.138084 -0.041981 0.626407 6
1.175592 -0.050461 0.610199 6
1.214919 -0.050885 0.587286 6
1.254854 -0.047057 0.561014 6
1.299384 -0.020959 0.516572 6
1.335048 -0.030896 0.502222 6
1.378100 -0.004082 0.458048 6
1.409522 -0.032211 0.458665 6
1.417428 -0.191723 0.563902 8
1.452777 -0.209335 0.554794 8
1.481807 -0.267243 0.577193 8
1.519108 -0.275352 0.560240 8
1.547524 -0.348030 0.593057 8
1.583151 -0.372962 0.588574 8
1.619806 -0.390724 0.578469 8
1.655140 -0.422149 0.578504 8
1.667454 -0.712184 0.770401 7
1.709741 -0.701066 0.736795 7
1.742980 -0.813339 0.793501 7
-1.128150 1.430971 0.872254 0
-1.094466 1.401680 0.876861 0
-1.071500 1.366610 0.891491 0
-1.073937 1.316862 0.930707 0
-1.049841 1.281712 0.944678 0
-1.050262 1.231602 0.982978 0
-1.037565 1.188643 1.008815 0
-1.026729 1.143919 1.036917 0
-1.019575 1.096118 1.069249 0
-1.039391 1.029361 1.130238 0
-1.008198 0.995974 1.138718 0
-0.997483 0.948053 1.169046 0
-0.958552 0.919850 1.169350 0
-0.972009 0.852785 1.226907 0
-0.983983 0.785042 1.284110 0
-0.977859 0.729704 1.322209 0
-0.956194 0.685749 1.343347 0
-0.954596 0.624631 1.388074 0
-0.925762 0.585201 1.401823 0
-0.906629 0.537010 1.427286 0
-0.894770 0.481548 1.462036 0
-0.886230 0.421895 1.501633 0
-0.877322 0.361229 1.541711 0
-0.853587 0.313475 1.564066 0
-0.837980 0.256938 1.597288 0
-0.845923 0.175268 1.661896 0
-1.348098 -0.424500 2.379646 1
-1.297443 -0.462076 2.379419 1
-1.290390 -0.547410 2.438241 1
-0.572842 0.009313 1.633085 6
-0.515989 -0.003452 1.610840 6
-0.449561 -0.003170 1.573667 6
-0.395016 -0.016439 1.552932 6
-0.301953 0.022195 1.472788 6
-0.265791 -0.012645 1.477904 6
-0.033076 0.226619 1.173422 3
0.153101 0.414125 0.932616 2
0.056119 0.195962 1.145498 3
0.176488 0.296581 1.004661 2
0.237315 0.311555 0.959429 2
0.257140 0.262988 0.983320 2
0.326795 0.295389 0.920366 2
0.364152 0.276174 0.912982 2
0.406091 0.265263 0.896941 2
0.432764 0.227519 0.908892 3
0.492357 0.250214 0.858441 3
0.532900 0.239162 0.843127 3
0.567792 0.217624 0.838539 3
0.610445 0.212015 0.817988 3
0.630516 0.159701 0.843917 2
0.663994 0.134630 0.842509 2
0.710050 0.137764 0.813554 2
0.775119 0.187124 0.740419 3
0.810274 0.168964 0.732922 2
0.837779 0.131718 0.743471 2
0.818215 -0.029559 0.870044 6
0.843784 -0.079481 0.890659 6
0.890914 -0.071047 0.856945 6
0.945765 -0.037678 0.800861 6
0.979983 -0.062789 0.798534 6
1.028806 -0.041948 0.754813 6
1.068455 -0.048033 0.735622 6
1.116728 -0.023026 0.689151 6
1.142998 -0.073906 0.709633 6
1.194286 -0.032622 0.649693 6
1.234648 -0.029102 0.623031 6
1.271868 -0.036637 0.606039 6
1.306204 -0.055979 0.599096 6
1.353591 -0.014168 0.540903 6
1.385392 -0.043155 0.542211 6
1.426988 -0.021759 0.501866 6
1.467607 -0.000903 0.462444 6
1.466321 -0.229723 0.625085 8
1.506505 -0.219781 0.593537 8
1.540091 -0.252399 0.596053 8
1.573472 -0.289679 0.601932 8
1.606395 -0.335110 0.613796 8
1.642099 -0.361008 0.610092 8
1.675014 -0.418595 0.630431 8
1.697487 -0.610589 0.752069 8
1.730983 -0.706131 0.798724 7
1.768875 -0.759775 0.813012 7
-1.142534 1.488871 0.905141 0
-1.072460 1.478200 0.875384 0
-1.065879 1.434879 0.905503 0
-1.035442 1.404026 0.912894 0
-1.054595 1.345193 0.968964 0
-1.046126 1.300907 0.998638 0
-1.061964 1.241411 1.053301 0
-1.019991 1.215949 1.049999 0
-0.990336 1.183108 1.059079 0
-1.002857 1.122867 1.112331 0
-0.996538 1.073667 1.146692 0
-0.981079 1.029831 1.171851 0
-0.948353 0.997545 1.178589 0
-0.980198 0.918637 1.256571 0
-0.942496 0.888840 1.258543 0
-0.946002 0.827840 1.307066 0
-0.940226 0.772605 1.345997 0
-0.937410 0.713826 1.389206 0
-0.900743 0.681580 1.393380 0
-0.911345 0.609443 1.454080 0
-0.893288 0.560120 1.481451 0
-0.887021 0.499473 1.523916 0
-0.876883 0.440941 1.562557 0
-0.856015 0.391168 1.588512 0
-0.841884 0.334072 1.623706 0
-0.857432 0.246436 1.698520 0
-1.329427 -0.306783 2.380447 1
-1.270359 -0.334806 2.368289 1
-1.258671 -0.412788 2.420306 1
-1.207456 -0.449455 2.418915 1
-0.577688 0.006802 1.720466 6
-0.490620 0.029816 1.653783 6
-0.448930 -0.000968 1.653034 6
-0.378365 0.005462 1.607998 6
-0.300768 0.023288 1.550390 6
-0.253769 0.002247 1.539158 6
0.138447 0.463997 0.970980 2
0.001989 0.194094 1.249840 3
0.189515 0.388894 0.997394 2
0.250315 0.403848 0.951268 2
0.279816 0.372157 0.957713 2
0.318343 0.354559 0.948454 2
0.374979 0.367374 0.906162 2
0.422722 0.367204 0.878573 2
0.367856 0.187823 1.042896 2
0.456917 0.259945 0.937811 2
0.492513 0.238027 0.933183 2
0.535089 0.229653 0.914449 2
0.581479 0.229811 0.887150 3
0.627751 0.231208 0.858958 3
0.665235 0.215462 0.848478 3
0.708310 0.212422 0.825322 3
0.717201 0.132765 0.878511 2
0.768955 0.150059 0.835211 2
0.828884 0.190132 0.770326 3
0.860196 0.162140 0.772220 3
0.903270 0.164497 0.744859 2
0.870663 -0.038435 0.912693 6
0.913022 -0.042801 0.890571 6
0.956944 -0.041225 0.863121 6
1.008671 -0.013722 0.812009 6
1.041000 -0.044618 0.815112 6
1.087209 -0.029837 0.776495 6
1.121963 -0.052298 0.771885 6
1.168524 -0.031520 0.728583 6
1.209545 -0.028332 0.701395 6
1.254943 -0.005094 0.656905 6
1.289008 -0.026223 0.651539 6
1.325949 -0.034753 0.635208 6
1.365802 -0.028284 0.606144 6
1.407503 -0.009478 0.566934 6
1.443982 -0.014592 0.548254 6
1.474863 -0.050966 0.555669 6
1.508799 -0.071298 0.549506 6
1.522353 -0.230692 0.656803 8
1.560946 -0.230502 0.632770 8
1.589541 -0.307901 0.671166 8
1.627652 -0.313609 0.651605 8
1.663208 -0.342429 0.650342 8
1.698040 -0.382805 0.657854 8
1.721739 -0.571291 0.779624 8
1.750572 -0.740939 0.884469 7
1.793103 -0.730079 0.849864 7
1.829429 -0.841421 0.907639 7
1.997943 -0.564655 0.600424 4
2.036440 -0.599279 0.600977 4
2.075986 -0.667222 0.624940 4
2.115502 -0.692503 0.617965 4
-1.108790 1.477766 0.966107 0
-1.064349 1.453673 0.960293 0
-1.066544 1.404709 1.000208 0
-1.057448 1.361105 1.029513 0
-1.048711 1.316661 1.059631 0
-1.016976 1.285173 1.066578 0
-0.993175 1.248921 1.081684 0
-0.978593 1.206688 1.106626 0
-1.028944 1.122101 1.201336 0
-0.964289 1.110733 1.173746 0
-0.982427 1.044276 1.235974 0
-0.981978 0.988957 1.278936 0
-0.969347 0.941168 1.309070 0
-0.967538 0.884618 1.352117 0
-0.930650 0.853365 1.355506 0
-0.924681 0.798204 1.395003 0
-0.915790 0.744202 1.431884 0
-0.907891 0.688288 1.470758 0
-0.888670 0.640703 1.496666 0
-0.891384 0.573435 1.550285 0
-0.867591 0.527877 1.571902 0
-0.836335 0.488489 1.584424 0
-0.845316 0.411215 1.649192 0
-1.493808 -0.281731 2.555591 1
-1.326134 -0.206143 2.400993 1
-1.263144 -0.230102 2.383155 1
-1.240150 -0.294699 2.419530 1
-1.231558 -0.375970 2.476949 1
-1.218064 -0.454101 2.529058 1
-0.584524 0.002007 1.812699 6
-0.518208 -0.001433 1.776767 6
-0.443710 0.007006 1.726945 6
-0.378144 0.006228 1.689302 6
0.116295 0.574341 0.967741 2
-0.014513 0.326071 1.233218 2
-0.048427 0.200621 1.348488 3
0.201299 0.477455 0.991621 2
0.249181 0.473217 0.966702 2
0.287174 0.455114 0.958073 2
0.340939 0.462097 0.921086 2
0.383697 0.453157 0.902612 2
0.259421 0.167322 1.192419 2
0.320616 0.183301 1.144089 2
0.466203 0.350929 0.931048 2
0.503691 0.333642 0.921824 2
0.538713 0.312069 0.917257 2
0.570641 0.284553 0.918969 2
0.609000 0.269587 0.907339 2
0.653186 0.267170 0.882727 2
0.694507 0.259938 0.863409 2
0.736664 0.255544 0.841410 2
0.764113 0.218575 0.852692 2
0.802614 0.206719 0.838409 3
0.842602 0.199177 0.819945 2
0.902575 0.243755 0.750252 3
0.909256 0.151653 0.815273 3
0.944439 0.132557 0.808245 2
0.927446 -0.036615 0.945294 6
0.973628 -0.028973 0.911464 6
1.014791 -0.034635 0.890604 6
1.051861 -0.052418 0.881262 6
1.099564 -0.033721 0.838092 6
1.138679 -0.042176 0.820432 6
1.188865 -0.008027 0.764099 6
1.215831 -0.060233 0.786492 6
1.256979 -0.057106 0.758795 6
1.305844 -0.017731 0.699237 6
1.346624 -0.009348 0.667755 6
1.382574 -0.021733 0.654707 6
1.421229 -0.019383 0.628952 6
1.464181 0.009636 0.580604 6
1.499204 -0.002643 0.567922 6
1.534380 -0.013466 0.554016 6
1.542220 -0.216011 0.699931 8
1.582989 -0.199737 0.662259 8
1.612768 -0.269855 0.695746 8
1.652200 -0.261801 0.664940 8
1.685957 -0.307531 0.677682 8
1.718955 -0.370610 0.703764 8
1.750830 -0.463968 0.753032 8
1.782182 -0.594071 0.829912 8
1.815846 -0.728975 0.908845 7
1.854961 -0.793817 0.932161 7
2.020624 -0.474983 0.589153 4
2.058196 -0.476940 0.566456 4
2.095940 -0.494863 0.555471 4
2.133754 -0.510986 0.543056 4
2.177210 -0.651054 0.619105 4
-2.602525 0.807915 2.437319 1
-1.101614 1.500085 1.016082 0
-1.075353 1.466139 1.028272 0
-1.028255 1.443351 1.019441 0
-1.019718 1.399782 1.049494 0
-1.018251 1.351533 1.087338 0
-1.007517 1.307813 1.116157 0
-1.003693 1.259288 1.152772 0
-0.996526 1.211943 1.186466 0
-0.986221 1.165784 1.217349 0
-0.971468 1.121807 1.243868 0
-0.973523 1.065880 1.289620 0
-0.949268 1.026931 1.306526 0
-0.941245 0.976106 1.342271 0
-0.925591 0.929901 1.369857 0
-0.914383 0.879648 1.403199 0
-0.904263 0.827635 1.438524 0
-0.892753 0.775717 1.472917 0
-0.884742 0.719950 1.512352 0
-0.883076 0.657677 1.560595 0
-0.863553 0.609211 1.587426 0
-0.827817 0.574271 1.594030 0
-0.832033 0.503066 1.652624 0
-1.535299 -0.220747 2.635957 1
-1.444442 -0.222728 2.584046 1
-1.461134 -0.328072 2.676679 1
-1.203051 -0.247463 2.461086 1
-0.573776 0.018125 1.880308 6
-0.498689 0.024764 1.830457 6
-0.423979 0.033161 1.779408 6
0.125727 0.654861 0.966980 2
-0.081688 0.312077 1.357821 2
0.158304 0.559806 1.021521 2
0.202657 0.549600 1.002904 2
0.248152 0.541898 0.981615 2
0.307092 0.555112 0.935973 2
0.352149 0.549363 0.913351 2
0.419800 0.580186 0.848727 2
0.209699 0.164740 1.297330 3
0.262133 0.163193 1.266881 3
0.455965 0.406293 0.961576 2
0.512296 0.422387 0.915034 2
0.537423 0.383870 0.929579 2
0.578813 0.375031 0.911286 2
0.625156 0.376739 0.881800 2
0.665873 0.368687 0.863230 2
0.698186 0.344037 0.862543 2
0.735198 0.329282 0.851322 2
0.777155 0.326012 0.828192 2
0.802919 0.286547 0.842805 2
0.844766 0.284247 0.818917 2
0.873331 0.250257 0.827522 2
0.908014 0.230993 0.821003 3
0.941455 0.208438 0.817739 3
0.967289 0.164388 0.835639 3
1.005633 0.154690 0.819397 2
0.985935 -0.030355 0.973598 6
1.041567 0.008674 0.909183 6
1.063822 -0.057536 0.946144 6
1.108962 -0.048769 0.911364 6
1.157760 -0.023958 0.861972 6
1.194687 -0.040120 0.851326 6
1.242276 -0.013142 0.800947 6
1.276680 -0.037211 0.797851 6
1.317881 -0.031513 0.767677 6
1.362705 -0.005785 0.719866 6
1.402572 0.000241 0.690200 6
1.434877 -0.031603 0.694211 6
1.479555 0.005933 0.637345 6
1.514097 -0.011575 0.628909 6
1.550602 -0.016224 0.609367 6
1.579568 -0.074242 0.635335 6
1.596938 -0.233341 0.745829 8
1.635095 -0.238550 0.725549 8
1.672796 -0.246002 0.707231 8
1.706896 -0.291565 0.720264 8
1.739866 -0.360524 0.751839 8
1.775427 -0.409338 0.766338 8
1.806588 -0.550288 0.853933 8
1.841371 -0.673399 0.925547 8
1.881110 -0.721365 0.936588 7
2.005448 -0.360555 0.581042 4
2.042375 -0.372073 0.565917 4
2.079099 -0.373825 0.543430 4
2.115955 -0.386751 0.529344 4
2.155150 -0.455933 0.556621 4
2.203302 -0.675857 0.693051 4
2.259874 -0.961993 0.874470 4
-2.474362 0.965064 2.340145 1
-2.244612 1.010219 2.167193 1
-2.063312 1.036835 2.038059 1
-1.034555 1.505756 1.044854 0
-1.013488 1.469266 1.062201 0
-1.007973 1.424017 1.095890 0
-1.003398 1.377487 1.131147 0
-0.995926 1.331829 1.163934 0
-0.992030 1.283285 1.201161 0
-0.972058 1.243731 1.221468 0
-0.968033 1.193711 1.259743 0
-0.943980 1.155763 1.276238 0
-0.948652 1.098315 1.325652 0
-0.925716 1.058499 1.344252 0
-0.949327 0.985393 1.417588 0
-0.938496 0.935114 1.451815 0
-0.888470 0.913205 1.439607 0
-0.871744 0.866386 1.467430 0
-0.869438 0.807455 1.513634 0
-0.867052 0.747195 1.560822 0
-0.865641 0.684669 1.610383 0
-0.834028 0.646408 1.622207 0
-0.811397 0.600025 1.645929 0
-1.678100 -0.249645 2.851040 1
-1.549967 -0.221468 2.751187 1
-1.437476 -0.204227 2.669495 1
-1.443868 -0.299981 2.750189 1
-0.515527 0.006750 1.941998 6
0.135374 0.734191 0.965424 2
-0.367582 0.020808 1.840614 6
0.170891 0.645747 1.014203 2
0.230736 0.657125 0.968572 2
0.264404 0.633953 0.966402 2
0.301630 0.615979 0.957886 2
0.359883 0.629579 0.911360 2
0.398955 0.616100 0.898074 2
0.214493 0.251225 1.300959 2
0.261732 0.241455 1.279641 2
0.482100 0.522329 0.921276 2
0.505275 0.482170 0.938796 2
0.548749 0.477033 0.916020 2
0.598925 0.485333 0.878434 2
0.628515 0.456562 0.882876 2
0.652230 0.415796 0.900408 2
0.686875 0.395890 0.894642 2
0.728568 0.390871 0.872709 2
0.778180 0.404181 0.831347 2
0.818020 0.397965 0.811445 2
0.848896 0.371893 0.812758 2
0.882434 0.351805 0.807660 2
0.888310 0.262260 0.874555 2
0.921711 0.239042 0.871942 2
0.955944 0.217814 0.867209 3
0.999451 0.222664 0.836095 3
1.023098 0.171079 0.861830 3
1.000061 -0.026869 1.032025 6
1.050948 -0.003448 0.981558 6
1.084003 -0.035947 0.986259 6
1.129850 -0.024621 0.948406 6
1.185883 0.027459 0.872063 6
1.217020 -0.010031 0.881792 6
1.259111 -0.004662 0.850891 6
1.301585 0.005006 0.816338 6
1.338920 -0.005717 0.801019 6
1.379607 0.000723 0.770066 6
1.408880 -0.049149 0.790525 6
1.456541 -0.001394 0.722655 6
1.495132 0.001658 0.695596 6
1.531598 -0.006016 0.678272 6
1.565649 -0.029265 0.674669 6
1.604517 -0.017258 0.640314 6
1.632355 -0.092425 0.681318 6
1.655883 -0.221027 0.766925 8
1.692251 -0.243331 0.760956 8
1.728551 -0.268522 0.757258 8
1.762330 -0.331741 0.784936 8
1.796337 -0.409411 0.823749 8
1.831478 -0.493010 0.866433 8
1.869948 -0.530963 0.871180 8
1.905046 -0.709210 0.987925 7
1.990753 -0.266764 0.585699 4
2.027094 -0.275028 0.568445 4
2.064073 -0.328810 0.586377 4
2.099640 -0.295046 0.536657 4
2.136272 -0.315935 0.528994 4
2.180818 -0.498590 0.642761 4
2.231273 -0.720848 0.783619 4
2.290462 -1.006237 0.968126 4
-2.586779 1.074360 2.422734 1
-2.341033 1.118909 2.236114 1
-2.192237 1.124414 2.141007 1
-1.984483 1.161528 1.983618 1
-1.967446 1.109377 2.016693 1
-1.071662 1.505355 1.141281 0
-1.009620 1.489523 1.116631 0
-0.997361 1.447754 1.143873 0
-1.011672 1.390601 1.200074 0
-0.985692 1.355184 1.213604 0
-0.978681 1.308399 1.248120 0
-0.970095 1.261773 1.281509 0
-0.940748 1.227394 1.292025 0
-0.942387 1.172949 1.338081 0
-0.933399 1.124342 1.372768 0
-0.942902 1.062240 1.429907 0
-0.908692 1.029215 1.436195 0
-0.886743 0.987378 1.457246 0
-0.869987 0.941223 1.485014 0
-0.862026 0.887655 1.524261 0
-0.883764 0.809684 1.601833 0
-0.854610 0.770269 1.616326 0
-0.845722 0.713779 1.657306 0
-1.595272 -0.250134 2.911089 1
-1.486921 -0.239077 2.835054 1
-1.434018 -0.279023 2.835054 1
0.103162 0.825112 0.978883 2
0.133582 0.798179 0.981906 2
-0.447713 0.006497 1.989374 6
0.182497 0.728664 1.008054 2
0.231856 0.725998 0.979414 2
0.261752 0.698123 0.983420 2
0.321960 0.712530 0.934053 2
0.365228 0.704781 0.913272 2
0.419175 0.713859 0.872101 2
0.122646 0.188158 1.484992 2
0.248989 0.299101 1.315637 2
0.484149 0.595671 0.927269 2
0.502231 0.548153 0.954440 2
0.547122 0.545472 0.928362 2
0.589692 0.539926 0.906040 2
0.623865 0.519974 0.900654 2
0.660416 0.504680 0.889968 2
0.695262 0.486453 0.882707 2
0.729912 0.468040 0.875691 2
0.775761 0.473449 0.842293 2
0.816586 0.469750 0.819416 2
0.847396 0.444581 0.820215 2
0.876729 0.415561 0.825036 2
0.890357 0.347544 0.871306 2
0.928104 0.336879 0.855902 2
0.934681 0.244819 0.926015 2
0.974966 0.239269 0.904810 2
1.014817 0.233680 0.883887 3
1.059586 0.243956 0.846999 3
1.089758 0.211388 0.853958 3
1.058616 -0.022256 1.062196 6
1.104263 -0.014260 1.026499 6
1.140785 -0.036224 1.020760 6
1.189281 -0.013373 0.971211 6
1.231109 -0.012516 0.943628 6
1.272408 -0.011723 0.916406 6
1.318891 0.014240 0.865559 6
1.355902 0.000990 0.852347 6
1.396288 0.005136 0.822930 6
1.437498 0.016551 0.787107 6
1.473117 -0.000061 0.777414 6
1.508168 -0.020256 0.770940 6
1.552625 0.021656 0.708407 6
1.590290 0.024372 0.681764 6
1.623259 -0.006921 0.685482 6
1.655414 -0.048898 0.698288 6
1.687531 -0.097657 0.716542 6
1.713743 -0.221094 0.798624 8
1.753446 -0.204600 0.759442 8
1.786236 -0.281049 0.799419 8
1.821241 -0.343244 0.826466 8
1.857263 -0.407206 0.854237 8
1.895768 -0.429650 0.847000 8
1.933893 -0.478711 0.861362 8
1.972263 -0.579872 0.917380 8
2.012273 -0.178252 0.568454 4
2.048339 -0.221825 0.579675 4
2.084086 -0.220065 0.554668 4
2.120875 -0.258368 0.561123 4
2.157704 -0.284284 0.557574 4
2.206634 -0.526685 0.719881 4
2.260936 -0.776429 0.884497 4
-2.472096 1.217019 2.338035 1
-2.261429 1.243873 2.183497 1
-2.083901 1.261009 2.057904 1
-1.971619 1.252354 1.994988 1
-1.963008 1.196878 2.036636 1
-1.039483 1.492450 1.207757 0
-0.986196 1.471924 1.191708 0
-0.976848 1.427901 1.223059 0
-0.976078 1.378328 1.264458 0
-0.967054 1.332610 1.297395 0
-0.948862 1.291691 1.320500 0
-0.920205 1.256834 1.331889 0
-0.938601 1.191776 1.398294 0
-0.901804 1.161219 1.400891 0
-0.923942 1.090906 1.474025 0
-0.864892 1.075064 1.450177 0
-0.871982 1.012837 1.506980 0
-0.881432 0.947233 1.568084 0
-0.854810 0.907167 1.584959 0
-0.848989 0.850549 1.628830 0
-0.821018 0.810403 1.644868 0
-1.402629 -0.236987 2.890091 1
-1.399843 -0.326904 2.963496 1
0.111346 0.899617 0.979445 2
0.140714 0.872091 0.983702 2
-0.529021 -0.004505 2.140885 6
0.193153 0.808743 1.003076 2
0.233136 0.794172 0.989710 2
0.274571 0.782118 0.973300 2
0.325210 0.783333 0.939949 2
0.390507 0.806618 0.878851 2
0.024134 0.208945 1.610104 3
0.122410 0.268207 1.497954 2
0.145131 0.216907 1.526026 2
0.474859 0.649830 0.955141 2
0.510407 0.631618 0.947465 2
0.546714 0.614972 0.937979 2
0.606063 0.638746 0.880137 2
0.634498 0.610050 0.885662 2
0.660766 0.576867 0.896282 2
0.699547 0.566874 0.879602 2
0.737887 0.556787 0.863264 2
0.766098 0.526685 0.870015 2
0.802585 0.513493 0.857401 2
0.851072 0.527254 0.814703 2
0.889190 0.519863 0.796191 2
0.887999 0.420293 0.879356 2
0.914719 0.383202 0.892749 2
0.942721 0.348023 0.903710 2
0.972043 0.315105 0.911923 2
0.987838 0.243563 0.960820 2
1.023098 0.223848 0.954223 2
1.048161 0.173328 0.979684 3
1.106827 0.226069 0.897963 3
1.149528 0.232812 0.864603 2
1.119216 -0.011164 1.085825 6
1.221888 0.206491 0.839187 3
1.206722 -0.002815 1.021865 6
1.254833 0.022826 0.969286 6
1.290696 0.001134 0.963750 6
1.325018 -0.027988 0.965328 6
1.374843 0.016166 0.896285 6
1.412906 0.008061 0.878032 6
1.447204 -0.019514 0.878283 6
1.488445 -0.007676 0.841453 6
1.529153 0.005268 0.804038 6
1.570194 0.025493 0.760380 6
1.603290 -0.007868 0.766103 6
1.643221 0.012154 0.723298 6
1.679224 0.003501 0.706697 6
1.709036 -0.068364 0.746256 6
1.737280 -0.175159 0.815614 8
1.772963 -0.208998 0.819914 8
1.808034 -0.260442 0.839102 8
1.843960 -0.311989 0.857787 8
1.880290 -0.375583 0.886106 8
1.919188 -0.384512 0.867658 8
1.957434 -0.429526 0.879352 8
1.997672 -0.147938 0.620608 4
2.033277 -0.131817 0.583642 4
2.069126 -0.163065 0.585519 4
2.104619 -0.167160 0.565239 4
2.141581 -0.211958 0.577495 4
2.180386 -0.278763 0.606631 4
2.232314 -0.540027 0.787207 4
2.289311 -0.797706 0.961416 4
-2.599181 1.322851 2.434831 1
-2.336031 1.363190 2.230784 1
-2.156166 1.375806 2.104220 1
-1.999992 1.382499 1.997986 1
-1.970438 1.337296 2.017986 1
-1.955372 1.285393 2.053068 1
-0.978541 1.494371 1.243862 0
-0.954892 1.458020 1.259895 0
-0.944852 1.413809 1.291448 0
-0.951066 1.359487 1.342160 0
-0.927292 1.321832 1.359181 0
-0.939266 1.261905 1.418391 0
-0.912558 1.224944 1.432885 0
-0.898405 1.179594 1.462672 0
-0.877338 1.138207 1.484571 0
-0.862816 1.091844 1.514950 0
-0.871091 1.028523 1.574590 0
-0.844883 0.988742 1.591733 0
-0.840306 0.932341 1.637092 0
-0.828105 0.880559 1.673541 0
0.087671 0.996978 0.979859 2
0.109565 0.961782 0.995621 2
0.141033 0.936990 0.996266 2
-0.043327 0.657757 1.354282 2
0.193384 0.874632 1.015288 2
0.242481 0.871525 0.985927 2
0.306984 0.889500 0.928552 2
0.337453 0.864939 0.929575 2
0.394742 0.876883 0.882011 2
-0.038136 0.202694 1.738255 3
0.036596 0.223331 1.671870 3
0.089123 0.213929 1.645520 2
0.484903 0.733516 0.944985 2
0.502549 0.687824 0.972264 2
0.575657 0.731423 0.887353 2
0.591952 0.683328 0.917527 2
0.637403 0.684372 0.886850 2
0.660723 0.647054 0.903238 2
0.697430 0.633601 0.890571 2
0.756101 0.662999 0.827107 2
0.769484 0.605633 0.866987 2
0.818007 0.618177 0.824457 2
0.835541 0.566842 0.856462 2
0.878584 0.569756 0.825673 2
0.888619 0.498462 0.879506 2
0.920792 0.476085 0.877281 2
0.937950 0.416222 0.916702 2
0.970895 0.393891 0.913900 2
0.990893 0.336512 0.949313 2
1.025824 0.317786 0.942116 2
1.048676 0.263764 0.972770 2
1.085470 0.249259 0.960735 2
1.116132 0.215556 0.968992 3
1.175005 0.275125 0.879614 2
1.203439 0.235241 0.894546 2
1.209917 0.111702 0.994799 2
1.258695 0.142026 0.936809 3
1.265211 0.003395 1.049775 6
1.301504 -0.019340 1.044922 6
1.349487 0.011621 0.986871 6
1.385190 -0.011757 0.982923 6
1.430975 0.017317 0.927896 6
1.467699 0.001771 0.916610 6
1.507891 0.007584 0.884941 6
1.545646 0.000962 0.865393 6
1.582523 -0.010315 0.850348 6
1.621586 -0.003416 0.818465 6
1.659943 0.002067 0.788234 6
1.695480 -0.015292 0.779176 6
1.732787 -0.013676 0.752884 6
1.759837 -0.138932 0.840659 6
1.792296 -0.222057 0.889195 8
1.830096 -0.236591 0.876172 8
1.866256 -0.289659 0.896795 8
1.904214 -0.314027 0.891943 8
1.942483 -0.334950 0.883956 8
1.980663 -0.385860 0.901350 8
2.018787 -0.095997 0.630802 4
2.054232 -0.101360 0.611512 4
2.089993 -0.124996 0.607436 4
2.124939 -0.118358 0.578309 4
2.161739 -0.159665 0.588435 4
2.208262 -0.358388 0.725023 4
2.257393 -0.535994 0.841990 4
2.321474 -0.857664 1.070607 4
-2.465838 1.465029 2.331513 1
-2.268238 1.478043 2.189406 1
-2.080568 1.491677 2.053308 1
-1.984210 1.472890 2.006064 1
-1.948561 1.430603 2.019598 1
-0.990766 1.506590 1.318933 0
-0.959192 1.473958 1.326601 0
-0.917468 1.447051 1.322520 0
-0.937157 1.385258 1.389669 0
-0.900398 1.355150 1.391658 0
-0.902790 1.301364 1.440312 0
-0.891408 1.255011 1.473318 0
-0.880281 1.207733 1.507292 0
-0.863695 1.163290 1.535155 0
-0.868492 1.103544 1.590570 0
-0.844974 1.062278 1.611033 0
-0.836544 1.009625 1.651449 0
0.070792 1.042215 1.019875 2
0.118498 1.034980 0.994409 2
0.172420 1.035719 0.957847 2
0.174448 0.978595 1.006251 2
0.215933 0.966037 0.989538 2
0.271755 0.971583 0.947496 2
0.305930 0.951894 0.941847 2
0.344771 0.938458 0.927634 2
0.408339 0.958376 0.867886 2
-0.083375 0.223609 1.835392 3
-0.030861 0.210271 1.811938 3
0.018789 0.193818 1.793094 3
0.497254 0.818768 0.929964 2
0.534661 0.805286 0.916693 2
0.550749 0.758484 0.946632 2
0.595902 0.757795 0.917043 2
0.638044 0.753411 0.892670 2
0.680320 0.750417 0.866989 2
0.711990 0.729468 0.864000 2
0.744458 0.710019 0.859163 2
0.777541 0.691860 0.852786 2
0.813310 0.679260 0.839772 2
0.839491 0.647305 0.849982 2
0.886747 0.659857 0.807408 2
0.891426 0.579741 0.873836 2
0.925442 0.563025 0.865534 2
0.940125 0.499954 0.910435 2
0.972526 0.477799 0.907920 2
0.993635 0.425970 0.938732 2
1.020885 0.388104 0.953293 2
1.062022 0.388037 0.925715 2
1.076963 0.312029 0.981623 2
1.107460 0.278998 0.989778 2
1.162145 0.323217 0.914641 2
1.188273 0.276306 0.937755 2
1.222951 0.257095 0.931081 2
1.248164 0.202047 0.961851 2
1.239400 0.007508 1.136467 6
1.282328 0.010368 1.105066 6
1.320243 -0.006569 1.094199 6
1.368632 0.026481 1.032919 6
1.407287 0.016994 1.015073 6
1.443967 -0.002107 1.006886 6
1.489571 0.030721 0.947646 6
1.524786 0.005867 0.945415 6
1.566319 0.022988 0.902520 6
1.604249 0.019253 0.880130 6
1.642009 0.016561 0.856939 6
1.678519 0.005145 0.842146 6
1.715869 0.003403 0.818390 6
1.753252 0.005784 0.791028 6
1.785483 -0.058150 0.824619 6
1.815746 -0.174819 0.905235 8
1.850471 -0.248991 0.945990 8
1.890419 -0.218150 0.892186 8
1.927049 -0.279297 0.920342 8
1.965335 -0.298163 0.910722 8
2.003760 -0.310475 0.895318 8
2.039470 -0.034097 0.631566 4
2.074701 -0.049887 0.621325 4
2.109236 -0.040653 0.589861 4
2.145705 -0.087219 0.605431 4
2.185048 -0.172682 0.652746 4
2.234394 -0.387698 0.805526 4
2.288493 -0.607013 0.958787 4
2.353383 -0.899459 1.168075 4
-2.624620 1.502258 2.513995 1
-2.428043 1.509479 2.373830 1
-2.267676 1.507769 2.266265 1
-2.115966 1.506218 2.164443 1
-1.969680 1.505813 2.065282 1
-0.948665 1.498165 1.377322 0
-0.913226 1.467487 1.380555 0
-0.919355 1.413364 1.432987 0
-0.903226 1.371007 1.459771 0
-0.887806 1.327690 1.487891 0
-0.872240 1.283881 1.516345 0
-0.873442 1.228704 1.566346 0
-0.865524 1.178269 1.605906 0
-0.859390 1.125639 1.648635 0
-0.818644 1.096172 1.647145 0
0.077824 1.112267 1.021992 2
0.132290 1.112034 0.985067 2
0.153336 1.077255 1.001679 2
0.177706 1.045594 1.013246 2
0.208337 1.020694 1.014521 2
0.267372 1.029200 0.966688 2
0.323330 1.035956 0.922509 2
0.369559 1.032428 0.894115 2
0.406038 1.017579 0.882445 2
-0.155471 0.211482 1.982854 2
-0.081600 0.224429 1.920931 3
-0.035081 0.201629 1.909474 3
0.505148 0.895521 0.923424 2
0.522983 0.853352 0.948769 2
0.563425 0.844831 0.928744 2
0.606860 0.841977 0.901633 2
0.633771 0.813181 0.908876 2
0.690447 0.834528 0.851190 2
0.709793 0.793142 0.874791 2
0.742320 0.774318 0.869321 2
0.778796 0.763065 0.854417 2
0.813027 0.748103 0.844342 2
0.843520 0.725991 0.843175 2
0.867767 0.690675 0.858016 2
0.892155 0.654516 0.873506 2
0.920376 0.625741 0.879808 2
0.940709 0.577817 0.908525 2
0.965371 0.538157 0.926933 2
0.993447 0.505497 0.936779 2
1.022706 0.474855 0.944019 2
1.043165 0.419037 0.979656 2
1.081730 0.411975 0.959564 2
1.054907 0.209651 1.157773 3
1.165645 0.422628 0.892702 2
1.181869 0.346597 0.949192 2
1.218592 0.335735 0.933724 2
1.244363 0.285699 0.960569 2
1.273324 0.244420 0.977443 2
1.257456 0.018222 1.189361 6
1.338729 0.185618 0.984946 3
1.346058 0.037831 1.111285 6
1.382169 0.013284 1.108381 6
1.425059 0.023193 1.070208 6
1.463185 0.010458 1.055419 6
1.508936 0.044574 0.993765 6
1.544314 0.019234 0.992053 6
1.581791 0.007280 0.977005 6
1.622438 0.021134 0.936844 6
1.654221 -0.036060 0.965896 6
1.696617 0.000692 0.904181 6
1.736060 0.018743 0.861106 6
1.772891 0.013369 0.840636 6
1.806781 -0.033686 0.859219 6
1.839177 -0.123491 0.916814 6
1.875175 -0.170009 0.933467 8
1.912786 -0.188224 0.923861 8
1.950377 -0.213331 0.920388 8
1.988078 -0.262394 0.938126 8
2.025031 0.017141 0.664364 4
2.060303 -0.011075 0.665236 4
2.095050 -0.006483 0.637309 4
2.130720 -0.035016 0.638183 4
2.165315 -0.034094 0.613616 4
2.208483 -0.178426 0.712242 4
2.261480 -0.418737 0.889410 4
2.319270 -0.656434 1.060961 4
2.387053 -0.948477 1.273941 4
-0.965754 1.507963 1.461171 0
-0.914960 1.484914 1.446584 0
-0.895954 1.444699 1.469817 0
-0.875940 1.404665 1.492185 0
-0.879649 1.350046 1.544389 0
-0.859023 1.309145 1.567124 0
-0.831308 1.272326 1.581199 0
-0.837924 1.212839 1.639869 0
-0.840071 1.154814 1.694092 0
0.037038 1.189613 1.049679 2
0.076446 1.172981 1.037288 2
0.120462 1.161573 1.016931 2
0.153179 1.139204 1.014435 2
0.192538 1.124150 1.000653 2
0.222322 1.099090 1.002659 2
0.265697 1.089511 0.981098 2
0.332445 1.108283 0.917435 2
0.363340 1.086266 0.915908 2
-0.145893 0.390980 1.903865 2
-0.161128 0.289306 2.007010 2
-0.140022 0.231396 2.044982 2
-0.102952 0.193635 2.053485 3
0.504737 0.958982 0.933085 2
0.524331 0.920401 0.954533 2
0.572726 0.923964 0.917540 2
0.602845 0.900925 0.917507 2
0.639245 0.887853 0.904025 2
0.678741 0.880467 0.883212 2
0.709495 0.859111 0.881214 2
0.743871 0.844128 0.870892 2
0.790043 0.851094 0.832370 2
0.809814 0.810104 0.855910 2
0.842567 0.793041 0.848623 2
0.870999 0.767434 0.852128 2
0.888621 0.718659 0.884265 2
0.918340 0.694103 0.885922 2
0.931434 0.631462 0.933846 2
0.974800 0.636807 0.898775 2
0.995509 0.588580 0.928274 2
1.021758 0.552105 0.943216 2
1.051623 0.523800 0.948202 2
1.086184 0.507760 0.938751 2
1.021552 0.203523 1.260846 3
1.162766 0.499190 0.893252 2
1.182325 0.437207 0.936099 2
1.207130 0.388409 0.963290 2
1.239522 0.363161 0.963752 2
1.267011 0.318933 0.984918 2
1.295601 0.276062 1.004084 2
1.323130 0.225837 1.030693 2
1.313723 0.008821 1.234938 6
1.360952 0.031750 1.181209 6
1.403702 0.037889 1.145893 6
1.441778 0.022395 1.133540 6
1.482564 0.022910 1.104720 6
1.523904 0.029839 1.069675 6
1.564068 0.032962 1.038919 6
1.600462 0.011661 1.033039 6
1.640548 0.019790 0.997782 6
1.677801 0.007330 0.983256 6
1.716229 0.007909 0.956038 6
1.754693 0.013563 0.924173 6
1.792089 0.011228 0.900333 6
1.827379 -0.021835 0.905956 6
1.861863 -0.081829 0.936682 6
1.897623 -0.136849 0.961993 8
1.935074 -0.161151 0.958145 8
1.972621 -0.198854 0.966443 8
2.010731 -0.195310 0.936771 8
2.045409 0.070132 0.670844 4
2.081099 0.015869 0.695530 4
2.115127 0.038149 0.651628 4
2.150706 0.009956 0.652643 4
2.188282 -0.046512 0.678039 4
2.234016 -0.207891 0.793376 4
2.308119 -0.685887 1.177541 4
2.351276 -0.706325 1.166251 4
2.421771 -0.995702 1.381063 4
-0.911161 1.505654 1.507044 0
-0.872813 1.475905 1.507026 0
-0.861884 1.430699 1.541009 0
-0.882401 1.366149 1.615482 0
-0.842552 1.336540 1.614291 0
-0.827208 1.291792 1.644715 0
0.039743 1.253724 1.058711 2
0.072972 1.231208 1.055848 2
0.121535 1.223960 1.027844 2
0.142973 1.190382 1.043712 2
0.201291 1.194729 0.997977 2
0.227874 1.166803 1.004932 2
0.279452 1.166307 0.968536 2
0.337176 1.174259 0.919903 2
0.387960 1.176016 0.881998 2
-0.161933 0.453207 1.946953 2
-0.138465 0.401782 1.978040 2
-0.127648 0.332850 2.034456 2
-0.119118 0.258528 2.097534 2
0.505978 1.023843 0.939361 2
0.544951 1.013560 0.921143 2
0.582369 1.001798 0.905419 2
0.610329 0.976505 0.909045 2
0.659171 0.983373 0.867850 2
0.679489 0.946427 0.887793 2
0.711401 0.927625 0.882584 2
0.755888 0.930518 0.848222 2
0.783693 0.905496 0.851751 2
0.822052 0.899514 0.830037 2
0.856992 0.888060 0.815865 2
0.880214 0.854155 0.830960 2
0.891630 0.795091 0.877911 2
0.926294 0.782302 0.865206 2
0.950765 0.747620 0.880165 2
0.977470 0.716844 0.889905 2
0.989678 0.650655 0.942975 2
1.022293 0.631143 0.938032 2
1.060084 0.624984 0.916970 2
1.075527 0.559723 0.966906 2
0.984710 0.191100 1.375242 3
1.157081 0.565465 0.903744 2
1.189001 0.544090 0.901080 2
1.211520 0.491945 0.933801 2
1.240827 0.459404 0.943427 2
1.262466 0.397812 0.985607 2
1.300262 0.392493 0.963835 2
1.320969 0.320225 1.016661 2
1.353619 0.292005 1.019927 2
1.387394 0.267504 1.018936 2
1.376426 0.026600 1.251637 6
1.418386 0.026904 1.221722 6
1.460216 0.029255 1.189997 6
1.497396 0.006989 1.184554 6
1.539039 0.012898 1.149661 6
1.579879 0.017390 1.116666 6
1.618176 0.006249 1.100077 6
1.659167 0.019714 1.058617 6
1.698310 0.022388 1.028549 6
1.735691 0.010489 1.013344 6
1.774508 0.018251 0.978772 6
1.812113 0.015868 0.954542 6
1.848797 0.001543 0.942125 6
1.884186 -0.045030 0.960756 6
1.919372 -0.126468 1.012110 8
1.957805 -0.109018 0.968811 8
1.995202 -0.156144 0.986577 8
2.032987 -0.145052 0.949693 8
2.066313 0.075507 0.720254 4
2.101569 0.053791 0.715814 4
2.136531 0.044857 0.699649 4
2.171837 0.028472 0.690214 4
2.210564 -0.039258 0.726358 4
2.260249 -0.235384 0.874785 4
2.336913 -0.695664 1.251102 4
2.382884 -0.739505 1.259891 4
-0.858449 1.502312 1.555342 0
-0.867499 1.445709 1.615382 0
-0.833327 1.412968 1.621075 0
-0.832054 1.360434 1.669706 0
0.017708 1.347071 1.057392 2
0.076363 1.347500 1.013952 2
0.069089 1.288724 1.075028 2
0.130414 1.293124 1.025898 2
-0.079054 1.034342 1.424975 2
0.208500 1.262549 0.997708 2
0.267614 1.269006 0.948292 2
0.290854 1.238962 0.959820 2
0.347777 1.245698 0.911774 2
0.399540 1.248448 0.871307 2
-0.153932 0.543825 1.945774 2
-0.141265 0.480734 1.996516 2
-0.118483 0.428246 2.029806 2
-0.107587 0.359158 2.087589 2
0.498420 1.076082 0.963053 2
0.549553 1.082165 0.919968 2
0.580148 1.061117 0.917706 2
0.632295 1.071537 0.869783 2
0.643121 1.021905 0.909183 2
0.678004 1.007795 0.897235 2
0.720043 1.005679 0.868662 2
0.745652 0.977562 0.876844 2
0.787479 0.976817 0.847149 2
0.811178 0.945212 0.860075 2
0.857927 0.955277 0.816524 2
0.876471 0.913668 0.842769 2
0.895582 0.871563 0.869091 2
0.923893 0.846672 0.872324 2
0.957361 0.832379 0.861716 2
0.974393 0.782049 0.897444 2
0.994848 0.737117 0.925552 2
1.016885 0.693874 0.950918 2
1.051577 0.680268 0.938831 2
1.081227 0.653988 0.942515 2
0.946888 0.180012 1.492583 3
1.161107 0.658031 0.880963 2
1.183857 0.611652 0.908889 2
1.205858 0.560151 0.942269 2
1.238596 0.540572 0.937398 2
1.260977 0.484967 0.974460 2
1.293174 0.461056 0.974155 2
1.313699 0.391411 1.026016 2
1.344417 0.357221 1.036641 2
1.378679 0.336343 1.031997 2
1.404810 0.277394 1.069644 2
1.436971 0.242484 1.079971 2
1.437344 0.036163 1.277194 6
1.472973 0.002075 1.284282 6
1.516794 0.016092 1.239465 6
1.555645 0.002189 1.224956 6
1.599077 0.022956 1.173991 6
1.637262 0.008624 1.160405 6
1.677916 0.017493 1.122855 6
1.718593 0.033249 1.078711 6
1.753264 -0.013706 1.098930 6
1.793155 0.001968 1.055461 6
1.832123 0.014854 1.015337 6
1.870864 0.037489 0.966055 6
1.906037 -0.019207 0.995316 6
1.941613 -0.105484 1.052641 6
1.979770 -0.104532 1.024596 8
2.017634 -0.126018 1.018268 8
2.052242 0.098431 0.778703 4
2.086853 0.107114 0.745822 4
2.122087 0.086512 0.740568 4
2.156335 0.090478 0.712496 4
2.190653 0.087603 0.690942 4
2.234220 -0.046918 0.788944 4
2.321146 -0.670911 1.325073 4
2.362904 -0.668704 1.293442 4
2.414869 -0.766578 1.350465 4
-0.886358 1.505904 1.658242 0
-0.841642 1.478780 1.650445 0
0.019003 1.408221 1.068674 2
0.058409 1.391330 1.055374 2
0.103956 1.380480 1.031629 2
0.131882 1.354369 1.035934 2
0.183381 1.350526 1.000974 2
0.227071 1.340382 0.978008 2
0.263775 1.324118 0.966243 2
0.302493 1.310444 0.950477 2
0.357313 1.314604 0.905350 2
0.415000 1.323648 0.853355 2
-0.146834 0.631883 1.946082 2
-0.157812 0.542828 2.040857 2
-0.118381 0.510951 2.042369 2
-0.090975 0.464086 2.067478 2
0.520599 1.166288 0.927410 2
0.551927 1.146570 0.923224 2
0.580933 1.123846 0.923718 2
0.607244 1.097277 0.929989 2
0.654724 1.101286 0.890713 2
0.679176 1.072298 0.900769 2
0.721085 1.069996 0.871836 2
0.739849 1.031685 0.895259 2
0.790786 1.045802 0.843640 2
0.824071 1.031903 0.832495 2
0.855904 1.015861 0.824542 2
0.878773 0.983500 0.839194 2
0.898565 0.944299 0.862830 2
0.925322 0.917501 0.869209 2
0.968848 0.924838 0.829836 2
0.982685 0.870459 0.872778 2
0.999976 0.820974 0.908404 2
1.033007 0.805621 0.899040 2
1.054668 0.763025 0.924744 2
1.073142 0.710337 0.962696 2
0.914949 0.188466 1.590115 3
0.957528 0.174797 1.572164 3
1.183984 0.692902 0.898192 2
1.207834 0.649901 0.922791 2
1.228256 0.593491 0.963067 2
1.261795 0.576930 0.954690 2
1.281087 0.510321 1.005834 2
1.314455 0.490576 1.000750 2
1.344841 0.458845 1.009622 2
1.369760 0.402517 1.046637 2
1.400373 0.366478 1.059614 2
1.428556 0.316353 1.088206 2
1.463899 0.297921 1.080508 2
1.482532 0.187744 1.175029 2
1.494347 0.021939 1.329124 6
1.537299 0.030680 1.289294 6
1.578676 0.033303 1.256639 6
1.620232 0.041414 1.218492 6
1.659282 0.033457 1.197963 6
1.698466 0.028928 1.173996 6
1.737133 0.021914 1.152868 6
1.776107 0.021743 1.124826 6
1.812222 -0.017158 1.136905 6
1.852692 0.016843 1.074277 6
1.889343 -0.015977 1.080046 6
1.927314 -0.016718 1.053389 6
1.963810 -0.096118 1.105062 8
2.002138 -0.082340 1.063938 8
2.040145 -0.104055 1.057925 8
2.072750 0.138573 0.796230 4
2.107728 0.126940 0.782541 4
2.142114 0.128641 0.756207 4
2.176932 0.117347 0.742346 4
2.211365 0.111871 0.723072 4
2.259709 -0.070835 0.867886 4
2.347057 -0.641346 1.365604 4
2.387638 -0.628280 1.323806 4
2.448517 -0.799904 1.448866 4
0.029266 1.476084 1.065818 2
0.054512 1.447500 1.074567 2
0.091385 1.428766 1.064644 2
0.140199 1.421071 1.034629 2
0.203348 1.427593 0.979533 2
0.232189 1.403757 0.980934 2
0.273127 1.391723 0.961365 2
0.328289 1.394703 0.916011 2
0.375855 1.391524 0.882626 2
-0.153400 0.775515 1.900142 2
-0.143092 0.714834 1.952483 2
-0.130835 0.654489 2.003033 2
-0.116991 0.594149 2.052401 2
-0.097858 0.538333 2.093261 2
0.511755 1.215321 0.953587 2
0.548260 1.202198 0.938757 2
0.594275 1.202288 0.903536 2
0.622066 1.178896 0.905640 2
0.651352 1.157511 0.904633 2
0.684374 1.141598 0.895350 2
0.709084 1.113501 0.904577 2
0.753120 1.115118 0.869481 2
0.774022 1.080910 0.887758 2
0.819315 1.086552 0.847743 2
0.858537 1.083537 0.821012 2
0.880845 1.051390 0.836244 2
0.903649 1.019249 0.851123 2
0.923407 0.980287 0.875156 2
0.951828 0.957204 0.876779 2
0.970378 0.913282 0.906746 2
1.002053 0.895822 0.900339 2
1.025317 0.859558 0.919137 2
1.053675 0.833818 0.923582 2
1.079648 0.801664 0.936278 2
0.881321 0.195473 1.693112 3
0.926073 0.185179 1.669844 3
1.176806 0.751296 0.913863 2
1.196492 0.697648 0.952951 2
1.231953 0.688908 0.935183 2
1.253293 0.635537 0.972814 2
1.284046 0.610365 0.975122 2
1.315744 0.587757 0.974180 2
1.340423 0.537936 1.005839 2
1.363075 0.476039 1.051172 2
1.393064 0.439867 1.065222 2
1.426343 0.416182 1.064305 2
1.454214 0.365189 1.094888 2
1.480227 0.299364 1.141795 2
1.508044 0.235971 1.184950 2
1.519677 0.065250 1.348072 6
1.556970 0.038329 1.347593 6
1.597705 0.034898 1.320975 6
1.639577 0.043796 1.281145 6
1.678075 0.027974 1.268712 6
1.716558 0.012142 1.256331 6
1.757573 0.026941 1.211294 6
1.797896 0.043071 1.165457 6
1.835886 0.032400 1.148344 6
1.873158 0.008010 1.145599 6
1.911705 0.015519 1.109841 6
1.949575 0.016036 1.081648 6
1.986474 -0.064999 1.136303 8
2.024701 -0.076727 1.120245 8
2.062683 -0.076215 1.092073 8
2.094313 0.135681 0.855737 4
2.127740 0.171218 0.795680 4
2.163437 0.141949 0.799246 4
2.197597 0.143439 0.772993 4
2.235635 0.089683 0.799573 4
2.287048 -0.106646 0.960022 4
2.371416 -0.595144 1.390769 4
2.413775 -0.601459 1.366579 4
2.486986 -0.864076 1.578119 4
-0.009976 1.552523 1.092355 2
0.049743 1.550857 1.046700 2
0.079616 1.526763 1.047330 2
0.104648 1.498772 1.055758 2
0.149833 1.487879 1.031024 2
0.174668 1.459962 1.039604 2
0.229133 1.458831 0.997749 2
0.293891 1.468858 0.936521 2
0.326148 1.449611 0.930583 2
0.394511 1.466684 0.859449 2
-0.152551 0.852880 1.912153 2
-0.151903 0.783318 1.982210 2
-0.112407 0.753866 1.981084 2
-0.120993 0.670184 2.072820 2
-0.100386 0.617182 2.110534 2
0.525387 1.291352 0.934736 2
0.561995 1.278958 0.918699 2
0.600422 1.269548 0.898237 2
0.630966 1.250521 0.893764 2
0.662427 1.232928 0.887148 2
0.682099 1.198908 0.906510 2
0.716162 1.185085 0.894088 2
0.742178 1.159587 0.899882 2
0.783411 1.157604 0.869863 2
0.821051 1.151116 0.847271 2
0.853481 1.136872 0.836684 2
0.875754 1.105376 0.851649 2
0.898624 1.074095 0.865967 2
0.921525 1.042005 0.881123 2
0.947814 1.015544 0.887929 2
0.982678 1.005842 0.870980 2
0.996628 0.953042 0.914367 2
1.033193 0.946858 0.892568 2
1.045501 0.886625 0.944913 2
1.081096 0.878040 0.926393 2
0.839954 0.186392 1.821589 3
0.881797 0.165277 1.811225 3
1.175174 0.823678 0.910165 2
1.190554 0.760401 0.963455 2
1.223868 0.745889 0.952948 2
1.256240 0.728794 0.945851 2
1.272358 0.658461 1.005942 2
1.299118 0.619178 1.026020 2
1.332716 0.602433 1.017738 2
1.366624 0.586985 1.007922 2
1.392525 0.538846 1.037879 2
1.422564 0.504768 1.050256 2
1.446898 0.441638 1.096917 2
1.470623 0.368706 1.154176 2
1.503734 0.337870 1.161005 2
1.524794 0.234119 1.252121 2
1.532823 0.031702 1.454813 6
1.576615 0.043703 1.409560 6
1.616439 0.031297 1.392499 6
1.655365 0.012261 1.382993 6
1.698672 0.035461 1.326676 6
1.738415 0.030492 1.302129 6
1.776800 0.011505 1.293101 6
1.816557 0.012888 1.262071 6
1.856823 0.032907 1.211471 6
1.894733 0.014064 1.202770 6
1.933222 0.013885 1.174418 6
1.971114 -0.005571 1.166445 6
2.009128 -0.066781 1.201521 8
2.047094 -0.025479 1.130860 8
2.085301 -0.049690 1.127685 8
2.114462 0.185182 0.863792 4
2.147958 0.206254 0.817421 4
2.184510 0.163299 0.834926 4
2.218161 0.171479 0.801822 4
2.260547 0.069237 0.876310 4
2.356079 -0.571855 1.468010 4
2.395247 -0.545569 1.412312 4
2.444892 -0.615846 1.448644 4
0.024554 1.636184 1.051965 2
0.030278 1.594048 1.090610 2
0.065309 1.573575 1.083190 2
0.117276 1.567003 1.047747 2
0.140569 1.538039 1.058689 2
0.199294 1.538991 1.010095 2
0.257135 1.540844 0.961330 2
0.297999 1.529025 0.940471 2
0.340308 1.519345 0.916272 2
0.402896 1.530112 0.854579 2
-0.160069 0.921081 1.939533 2
-0.143983 0.868769 1.980782 2
-0.145782 0.796168 2.057532 2
-0.110372 0.761572 2.064956 2
-0.094725 0.704486 2.111681 2
0.531479 1.356793 0.930927 2
0.573994 1.351755 0.902076 2
0.600581 1.328070 0.905436 2
0.628459 1.305924 0.906201 2
0.665064 1.295324 0.887995 2
0.693018 1.273606 0.888334 2
0.728931 1.263134 0.870629 2
0.748191 1.228980 0.890962 2
0.782397 1.216563 0.876728 2
0.817139 1.205573 0.860617 2
0.858558 1.206111 0.827186 2
0.886360 1.185201 0.827041 2
0.912567 1.161413 0.831214 2
0.928574 1.118825 0.863194 2
0.945413 1.076035 0.894769 2
0.975894 1.058085 0.889566 2
1.002111 1.031591 0.896728 2
1.023246 0.993770 0.919826 2
1.053460 0.974370 0.916477 2
1.073517 0.931651 0.945650 2
0.805065 0.196978 1.928555 3
0.847732 0.175757 1.917505 3
1.166926 0.876860 0.930224 2
1.200076 0.864134 0.917763 2
1.215332 0.800637 0.972763 2
1.246786 0.781310 0.968659 2
1.268632 0.731422 1.004277 2
1.302378 0.717757 0.992511 2
1.334881 0.700162 0.985897 2
1.359665 0.653767 1.015682 2
1.389836 0.625109 1.022630 2
1.406512 0.538181 1.101543 2
1.444308 0.536670 1.074039 2
1.470388 0.481013 1.112780 2
1.496239 0.418286 1.159210 2
1.521933 0.347253 1.214582 2
1.548154 0.270023 1.276146 2
1.579486 0.215448 1.309903 2
1.591553 0.012117 1.515686 6
1.636727 0.036596 1.455399 6
1.675342 0.011479 1.452603 6
1.717039 0.016269 1.415884 6
1.759591 0.038365 1.360260 6
1.796799 -0.002068 1.374885 6
1.838058 0.018053 1.322430 6
1.876272 -0.010794 1.324136 6
1.916360 0.010058 1.271889 6
1.955495 0.028112 1.223369 6
1.993534 -0.005902 1.230822 6
2.032163 -0.052645 1.251354 6
2.070906 -0.063026 1.233367 8
2.099853 0.235588 0.895751 4
2.134828 0.222626 0.883403 4
2.169255 0.220154 0.860407 4
2.202708 0.229036 0.826167 4
2.237997 0.208864 0.821348 4
2.286617 0.044726 0.959006 4
2.378780 -0.508550 1.476160 4
2.420711 -0.512228 1.449130 4
2.478639 -0.644650 1.546523 4
-0.020440 1.707282 1.088339 2
0.014415 1.686306 1.081156 2
0.052832 1.668271 1.067963 2
0.069475 1.634577 1.089430 2
0.132559 1.636078 1.035248 2
0.174347 1.622471 1.014744 2
0.230312 1.621240 0.969464 2
0.267540 1.605705 0.954883 2
0.314136 1.598923 0.923339 2
0.355517 1.588565 0.899945 2
0.402614 1.584384 0.865334 2
-0.145038 1.010690 1.925498 2
-0.134339 0.954568 1.976070 2
-0.136826 0.883341 2.053601 2
-0.107882 0.842699 2.072831 2
0.504439 1.437432 0.936960 2
0.541132 1.425067 0.919900 2
0.579197 1.414968 0.899350 2
0.592363 1.375761 0.930265 2
0.622328 1.356251 0.926476 2
0.652481 1.337145 0.922148 2
0.690239 1.328302 0.900702 2
0.733369 1.327690 0.866127 2
0.769270 1.318237 0.846942 2
0.791039 1.288820 0.860659 2
0.810274 1.254913 0.881286 2
0.853806 1.258287 0.842310 2
0.886720 1.246049 0.828719 2
0.897766 1.197383 0.871942 2
0.938776 1.199108 0.836917 2
0.949718 1.147703 0.883253 2
0.978034 1.126667 0.883006 2
1.001426 1.095818 0.897318 2
1.023691 1.061723 0.916073 2
1.053354 1.042138 0.913324 2
1.079946 1.015689 0.920475 2
0.780457 0.234363 2.001687 3
0.818546 0.201044 2.007145 3
1.171196 0.960956 0.906517 2
1.193634 0.921641 0.931041 2
1.223622 0.901173 0.929273 2
1.250940 0.872689 0.938325 2
1.270471 0.819309 0.980486 2
1.297354 0.785765 0.995447 2
1.321812 0.742221 1.023180 2
1.348909 0.705143 1.041890 2
1.376784 0.668657 1.059397 2
1.409300 0.648512 1.055628 2
1.433216 0.590896 1.099209 2
1.462661 0.553090 1.117067 2
1.488810 0.495870 1.158574 2
1.515742 0.436462 1.201894 2
1.542415 0.368371 1.254875 2
1.576126 0.335431 1.264344 2
1.599369 0.226660 1.364186 2
1.609300 -0.004315 1.606877 6
1.656257 0.032240 1.530912 6
1.695528 0.008340 1.526501 6
1.736932 0.006344 1.496750 6
1.780533 0.038674 1.428136 6
1.819229 0.013056 1.426210 6
1.859246 0.009057 1.399877 6
1.899886 0.030555 1.345464 6
1.938238 -0.005456 1.355252 6
1.977476 -0.009269 1.329488 6
2.016399 0.010989 1.277904 6
2.055408 -0.034132 1.297252 6
2.094650 -0.058802 1.294291 8
2.120842 0.257018 0.931825 4
2.156167 0.238712 0.925032 4
2.192388 0.208877 0.930123 4
2.224812 0.235329 0.877061 4
2.260650 0.212485 0.874960 4
2.313291 0.023038 1.041016 4
2.400170 -0.437358 1.475357 4
2.444959 -0.468593 1.475835 4
2.516433 -0.695516 1.668652 4
-0.018532 1.765757 1.099065 2
0.011490 1.741487 1.099191 2
0.026866 1.707251 1.122602 2
0.099952 1.713747 1.052988 2
0.124915 1.686899 1.060386 2
0.188376 1.689345 1.003471 2
0.236524 1.681572 0.970677 2
0.276527 1.668298 0.950808 2
0.334194 1.670602 0.899162 2
0.375331 1.660290 0.875246 2
-0.148275 1.144779 1.876925 2
-0.161867 1.069066 1.970266 2
-0.144523 1.019986 2.008628 2
-0.105309 0.991327 2.006423 2
-0.107695 0.920450 2.085249 2
0.492719 1.481518 0.969148 2
0.521903 1.460525 0.967308 2
0.563684 1.453803 0.939394 2
0.615919 1.460275 0.888381 2
0.639936 1.434810 0.895920 2
0.662143 1.406841 0.907760 2
0.693718 1.390443 0.899180 2
0.726385 1.375837 0.887781 2
0.760042 1.363041 0.873634 2
0.781974 1.334154 0.886921 2
0.822515 1.332048 0.855443 2
0.866766 1.336910 0.813298 2
0.887934 1.307139 0.828348 2
0.900183 1.262023 0.867682 2
0.918036 1.224509 0.894081 2
0.947500 1.206096 0.889949 2
0.974949 1.184088 0.891487 2
0.997369 1.152304 0.907977 2
1.036032 1.151645 0.876893 2
1.055348 1.112654 0.903980 2
1.076047 1.074936 0.928581 2
0.737946 0.233060 2.133831 3
0.791733 0.234007 2.088836 3
0.823433 0.183487 2.118762 3
1.184486 0.971232 0.954528 2
1.215488 0.953874 0.948516 2
1.243847 0.929164 0.952834 2
1.266928 0.888195 0.979471 2
1.302475 0.883434 0.956009 2
1.318257 0.815421 1.018593 2
1.346321 0.784095 1.030700 2
1.370656 0.737462 1.062824 2
1.400624 0.709082 1.070249 2
1.427056 0.664606 1.098417 2
1.459520 0.643041 1.096402 2
1.484066 0.583260 1.143175 2
1.507664 0.512011 1.203493 2
1.538486 0.471728 1.223745 2
1.563197 0.390560 1.294317 2
1.593694 0.335192 1.331709 2
1.622831 0.261926 1.390127 2
1.628234 -0.016551 1.695407 6
1.673272 0.000252 1.641318 6
1.714108 -0.016843 1.628289 6
1.758890 0.014259 1.558642 6
1.799305 0.000632 1.542224 6
1.841378 0.018397 1.489665 6
1.881461 0.010107 1.467708 6
1.921736 0.015108 1.430884 6
1.961637 0.029431 1.384047 6
2.000657 0.002026 1.384382 6
2.039646 0.012774 1.342361 6
2.084498 -0.269663 1.622083 8
2.120402 -0.099741 1.405480 8
2.141919 0.279339 0.967289 4
2.178992 0.233355 0.990112 4
2.211580 0.261950 0.933461 4
2.246410 0.252172 0.917842 4
2.288505 0.166056 0.981657 4
2.340756 0.002104 1.124383 4
2.419676 -0.355201 1.461965 4
2.471832 -0.445921 1.523489 4
-0.007510 1.829458 1.095661 2
0.007482 1.795811 1.119069 2
0.036254 1.770817 1.120952 2
0.089812 1.762924 1.082395 2
0.142722 1.755832 1.043598 2
0.203608 1.755853 0.990070 2
0.277754 1.767619 0.912088 2
0.294477 1.736910 0.931140 2
0.333851 1.724063 0.910788 2
0.382009 1.719289 0.873929 2
-0.131358 1.231295 1.860001 2
-0.148889 1.154476 1.960044 2
-0.146044 1.093366 2.025067 2
-0.120005 1.052344 2.047783 2
-0.099790 1.004966 2.082680 2
0.515302 1.560698 0.933193 2
0.534712 1.530428 0.949971 2
0.563194 1.509478 0.948609 2
0.599544 1.497448 0.930597 2
0.641783 1.492934 0.899202 2
0.670885 1.473859 0.895402 2
0.694831 1.448560 0.903038 2
0.734694 1.443393 0.874595 2
0.764835 1.426440 0.867715 2
0.804094 1.422277 0.838788 2
0.819743 1.385696 0.866383 2
0.851405 1.371528 0.855266 2
0.873468 1.343137 0.868331 2
0.917577 1.349023 0.824243 2
0.938942 1.319475 0.839320 2
0.965409 1.297844 0.841234 2
0.973714 1.243876 0.894949 2
0.998361 1.217233 0.904160 2
1.022639 1.189289 0.915209 2
1.050857 1.168470 0.914970 2
1.065543 1.119427 0.958002 2
0.704446 0.255229 2.236466 3
0.751268 0.237872 2.216948 3
0.801949 0.230433 2.183082 3
1.195548 1.070168 0.905135 2
1.220843 1.040679 0.917507 2
1.241092 0.996385 0.950895 2
1.269347 0.972171 0.954960 2
1.291809 0.929943 0.984300 2
1.316139 0.890927 1.008519 2
1.341627 0.853344 1.030222 2
1.368192 0.817190 1.049482 2
1.392302 0.769555 1.083861 2
1.426915 0.759771 1.066695 2
1.456576 0.729960 1.076408 2
1.477412 0.658216 1.141068 2
1.505909 0.615599 1.166429 2
1.529766 0.544363 1.228194 2
1.554970 0.471476 1.290819 2
1.584185 0.413298 1.333524 2
1.612518 0.340740 1.393392 2
1.642479 0.268330 1.451856 2
1.649210 -0.016772 1.771432 6
1.693321 -0.011075 1.729689 6
1.735356 -0.021351 1.707897 6
1.779958 0.005312 1.642017 6
1.821170 -0.003862 1.619783 6
1.862098 -0.014762 1.599822 6
1.903271 -0.014495 1.567008 6
1.944453 0.006018 1.511168 6
1.984533 0.006943 1.478621 6
2.024306 -0.015007 1.472488 6
2.063590 0.002388 1.421929 6
2.114948 -0.409883 1.852206 8
2.164443 0.277624 1.029481 4
2.198597 0.284352 0.995371 4
2.233144 0.280550 0.973036 4
2.266871 0.283776 0.943387 4
2.313738 0.157193 1.051709 4
2.372250 -0.045917 1.238411 4
2.435176 -0.247719 1.420319 4
2.508743 -0.493454 1.644253 4
0.074212 1.851631 1.073248 2
0.103205 1.827798 1.073547 2
0.131140 1.803400 1.075504 2
0.172877 1.788796 1.054130 2
-0.186155 1.483890 1.719044 2
0.305646 1.798907 0.923146 2
0.345754 1.786640 0.900833 2
0.393664 1.781421 0.863662 2
-0.167873 1.271752 1.940802 2
-0.156223 1.220938 1.987616 2
-0.132637 1.179395 2.013386 2
-0.104809 1.141060 2.031834 2
-0.094139 1.086010 2.084585 2
0.517072 1.617259 0.938685 2
0.540287 1.591435 0.947326 2
0.573266 1.575602 0.936027 2
0.617634 1.572536 0.900190 2
0.646507 1.553438 0.896376 2
0.676357 1.535648 0.890277 2
0.705785 1.517606 0.884903 2
0.729827 1.493116 0.891701 2
0.760322 1.476655 0.883717 2
0.806453 1.481259 0.837979 2
0.827433 1.453092 0.851870 2
0.873747 1.460425 0.802977 2
0.891882 1.428161 0.824184 2
0.906283 1.389242 0.856352 2
0.930716 1.364798 0.863222 2
0.963020 1.352950 0.848831 2
0.982005 1.318888 0.871630 2
1.007678 1.295548 0.876354 2
1.033463 1.272075 0.881200 2
1.048427 1.227399 0.919913 2
1.072837 1.199509 0.931179 2
0.665442 0.268453 2.357339 3
0.720799 0.267272 2.311350 3
0.767977 0.249787 2.291329 3
1.192012 1.130489 0.909256 2
1.207090 1.076781 0.958737 2
1.234411 1.051595 0.964798 2
1.262866 1.028789 0.967202 2
1.282030 0.978659 1.009276 2
1.312457 0.959266 1.006189 2
1.336118 0.917982 1.034329 2
1.364449 0.889764 1.043413 2
1.392174 0.858057 1.057139 2
1.417606 0.815756 1.085195 2
1.445433 0.779863 1.103857 2
1.466053 0.709958 1.168243 2
1.503127 0.709121 1.138493 2
1.522268 0.620461 1.226131 2
1.551951 0.577285 1.252054 2
1.578359 0.509885 1.309034 2
1.607816 0.452514 1.351874 2
1.636746 0.382694 1.409772 2
1.656588 0.227165 1.575338 2
1.669591 -0.026987 1.861841 6
1.714849 -0.013840 1.809705 6
1.755690 -0.044081 1.811980 6
1.800687 -0.018069 1.745196 6
1.844146 0.001492 1.687289 6
1.885529 -0.005899 1.662672 6
1.927135 0.003790 1.617983 6
1.967821 -0.004025 1.594598 6
2.008310 -0.006993 1.565787 6
2.048361 0.000061 1.525687 6
2.088258 -0.008936 1.504577 6
2.185752 0.303499 1.062190 4
2.219164 0.318243 1.018746 4
2.256280 0.283549 1.030296 4
2.290948 0.279101 1.008467 4
2.339745 0.147533 1.124333 4
2.399344 -0.047361 1.305913 4
2.469236 -0.285359 1.529980 4
2.545417 -0.529326 1.756260 4
-0.115676 1.792037 1.393870 2
0.020494 1.831312 1.222537 2
0.195276 1.900490 0.981384 2
0.257127 1.900535 0.923923 2
-0.175845 1.558045 1.716219 2
-0.164354 1.513415 1.756611 2
-0.166053 1.457980 1.821663 2
-0.167673 1.400891 1.888635 2
-0.161687 1.348064 1.943800 2
-0.133212 1.312289 1.958752 2
-0.119541 1.263591 2.002296 2
-0.098144 1.220510 2.032372 2
-0.088765 1.165670 2.087147 2
0.512426 1.667093 0.957150 2
0.540940 1.646648 0.954806 2
0.591737 1.648821 0.905982 2
0.609752 1.618498 0.924820 2
0.651284 1.612966 0.893528 2
0.672068 1.585407 0.906784 2
0.699126 1.564667 0.906481 2
0.731342 1.550138 0.894340 2
0.778377 1.554418 0.846920 2
0.794662 1.521078 0.871284 2
0.822338 1.501931 0.868857 2
0.874685 1.516811 0.804464 2
0.897592 1.492276 0.812779 2
0.902392 1.440595 0.869250 2
0.930999 1.423019 0.864437 2
0.949515 1.389526 0.887424 2
0.981191 1.376714 0.874416 2
0.997316 1.337682 0.906206 2
1.033902 1.333636 0.878649 2
1.042658 1.279044 0.935483 2
1.078985 1.274893 0.908428 2
0.615373 0.262614 2.514613 3
0.684168 0.285842 2.426806 3
0.731544 0.266519 2.408321 3
1.189175 1.191133 0.911345 2
1.212238 1.158745 0.929765 2
1.236805 1.128748 0.944111 2
1.254177 1.078502 0.988859 2
1.281141 1.051598 0.997603 2
1.311634 1.034047 0.992238 2
1.339028 1.006920 1.001030 2
1.357645 0.950043 1.052916 2
1.387403 0.926949 1.055028 2
1.412275 0.885199 1.083665 2
1.439472 0.849316 1.103396 2
1.467623 0.814824 1.120732 2
1.490219 0.752942 1.175609 2
1.515953 0.699261 1.218104 2
1.542104 0.641730 1.264939 2
1.571766 0.596944 1.293651 2
1.599923 0.537552 1.341203 2
1.630450 0.485574 1.377978 2
1.649238 0.336477 1.541008 2
1.652084 0.018060 1.920335 6
1.694383 -0.000721 1.907817 6
1.736066 -0.026542 1.904354 6
1.780524 -0.017862 1.857326 6
1.824292 -0.008357 1.809979 6
1.866721 -0.011676 1.779217 6
1.908973 -0.009128 1.741662 6
1.950873 0.001742 1.694509 6
1.991825 -0.025922 1.694465 6
2.032575 0.018624 1.608033 6
2.073029 0.000742 1.596851 6
2.175622 0.274933 1.185577 4
2.209321 0.299035 1.129805 4
2.244044 0.300260 1.100748 4
2.280744 0.277745 1.098678 4
2.312091 0.307021 1.038826 4
2.365560 0.145480 1.190378 4
2.430573 -0.075133 1.403752 4
2.503112 -0.312681 1.631616 4
-0.116889 1.851831 1.410655 2
-0.144022 1.790381 1.507798 2
0.169288 1.937631 1.037501 2
0.223962 1.931496 0.992455 2
0.272275 1.922505 0.956884 2
0.329295 1.920637 0.904800 2
-0.165416 1.526691 1.835316 2
-0.153862 1.480632 1.878276 2
-0.156604 1.422585 1.948947 2
-0.143284 1.375362 1.991820 2
-0.129764 1.327199 2.035720 2
-0.132317 1.264262 2.112296 2
-0.089292 1.239092 2.101508 2
0.510544 1.719243 0.970270 2
0.541354 1.701038 0.962926 2
0.588071 1.698589 0.922086 2
0.606738 1.669361 0.939347 2
0.661825 1.677485 0.878293 2
0.670662 1.637961 0.917132 2
0.705188 1.625764 0.899587 2
0.739605 1.614094 0.881596 2
0.776439 1.605981 0.857195 2
0.798354 1.580329 0.867657 2
0.821183 1.555473 0.876403 2
0.879495 1.577408 0.796418 2
0.892715 1.540361 0.828797 2
0.905030 1.500717 0.865208 2
0.935490 1.486445 0.854547 2
0.965410 1.471747 0.844974 2
0.977624 1.429121 0.885309 2
1.005401 1.410486 0.882599 2
1.039691 1.403141 0.860410 2
1.047746 1.349600 0.917959 2
1.074563 1.328278 0.919614 2
0.571738 0.274037 2.651090 2
0.630367 0.272477 2.600352 3
0.701419 0.299731 2.503599 3
1.185942 1.249574 0.915363 2
1.218112 1.239597 0.898843 2
1.229137 1.178936 0.962953 2
1.258009 1.159588 0.960947 2
1.280589 1.123206 0.985374 2
1.303825 1.086706 1.009449 2
1.332801 1.065204 1.010234 2
1.359518 1.036149 1.022320 2
1.386379 1.006182 1.035482 2
1.405153 0.946137 1.092605 2
1.437521 0.931551 1.082306 2
1.469855 0.917150 1.071897 2
1.483967 0.825044 1.172616 2
1.508466 0.769432 1.219696 2
1.536900 0.727189 1.247073 2
1.562107 0.663219 1.303985 2
1.591691 0.616342 1.336253 2
1.619506 0.552041 1.391532 2
1.645586 0.464966 1.476369 2
1.664045 0.299856 1.663700 2
1.669883 -0.019922 2.051987 6
1.714523 -0.024998 2.020616 6
1.761442 0.003017 1.946736 6
1.804144 -0.012371 1.929910 6
1.846759 -0.028109 1.913701 6
1.891282 0.006618 1.833911 6
1.932922 -0.016960 1.828388 6
1.975353 0.011743 1.757972 6
2.016679 -0.008881 1.749296 6
2.057609 0.005028 1.698549 6
2.098290 0.000791 1.670453 6
2.197009 0.310521 1.208953 4
2.229085 0.349799 1.134711 4
2.268214 0.299142 1.165515 4
2.301149 0.316716 1.117470 4
2.336456 0.308098 1.099827 4
2.399425 0.086298 1.322290 4
2.464973 -0.117260 1.520381 4
2.534697 -0.317526 1.711224 4
-0.172015 1.836377 1.569360 2
-0.141220 1.807915 1.572773 2
0.217950 1.980779 1.015235 2
0.248249 1.959610 1.010690 2
0.302699 1.954620 0.963341 2
0.333866 1.935171 0.956082 2
0.381055 1.927385 0.919347 2
0.430424 1.922349 0.877285 2
-0.139607 1.448983 1.999378 2
-0.118222 1.408006 2.027850 2
-0.106708 1.358334 2.076478 2
-0.094161 1.308247 2.124727 2
0.517493 1.778723 0.965775 2
0.551490 1.763644 0.951242 2
0.590944 1.754195 0.924728 2
0.622085 1.737627 0.914927 2
0.655619 1.723838 0.899544 2
0.681990 1.703195 0.899447 2
0.713739 1.688381 0.887196 2
0.736535 1.664083 0.895145 2
0.766980 1.648354 0.885431 2
0.807366 1.644850 0.851399 2
0.840828 1.634038 0.832974 2
0.863789 1.610467 0.840226 2
0.891840 1.593388 0.834781 2
0.918116 1.574064 0.833858 2
0.929429 1.533364 0.873414 2
0.962436 1.523241 0.855004 2
0.986373 1.499856 0.861543 2
1.009372 1.474636 0.871313 2
1.025408 1.437313 0.902633 2
1.046002 1.406401 0.921865 2
1.071498 1.383354 0.926888 2
0.583370 0.393206 2.607656 2
0.615774 0.341424 2.642241 2
0.681142 0.355190 2.565092 2
0.707931 0.290175 2.621587 2
1.219791 1.308274 0.884227 2
1.224907 1.236565 0.969093 2
1.252731 1.215441 0.970216 2
1.282670 1.199443 0.963103 2
1.306117 1.165970 0.983815 2
1.332978 1.140539 0.991472 2
1.353907 1.096283 1.028141 2
1.378653 1.061087 1.050122 2
1.401209 1.016300 1.086187 2
1.433005 1.001274 1.076746 2
1.456683 0.955367 1.113410 2
1.484596 0.922783 1.129669 2
1.507313 0.865001 1.182306 2
1.533975 0.819523 1.216084 2
1.557610 0.753710 1.278219 2
1.585275 0.701672 1.319579 2
1.612560 0.640494 1.372890 2
1.640426 0.573906 1.432618 2
1.662232 0.450035 1.569930 2
1.681113 0.273739 1.775995 2
1.688810 -0.057832 2.187693 6
1.734837 -0.057918 2.148338 6
1.784908 0.004740 2.026462 6
1.827995 -0.011409 2.010151 6
1.872186 -0.001828 1.960544 6
1.914604 -0.025061 1.953997 6
1.957627 -0.022809 1.914884 6
2.000194 -0.001652 1.852407 6
2.042019 -0.007086 1.824253 6
2.083354 -0.003431 1.785155 6
2.133844 -0.261089 2.068536 8
2.221881 0.299683 1.287896 4
2.258482 0.288568 1.271933 4
2.292175 0.305901 1.222557 4
2.326723 0.309397 1.190048 4
2.364180 0.287069 1.187855 4
2.428149 0.076263 1.401989 4
2.495685 -0.125507 1.601968 4
-0.088798 1.854737 1.554160 2
0.220633 1.995701 1.071285 2
0.274006 1.988612 1.026159 2
0.311981 1.972837 1.007186 2
0.353795 1.960307 0.980505 2
0.416594 1.963330 0.913890 2
0.453816 1.949755 0.893281 2
-0.119171 1.478112 2.044086 2
-0.087112 1.445403 2.052340 2
-0.082531 1.390440 2.115474 2
0.533048 1.844438 0.943969 2
0.594566 1.853542 0.871737 2
0.603856 1.818081 0.906459 2
0.626659 1.794192 0.913578 2
0.651280 1.771911 0.917004 2
0.683085 1.756748 0.904602 2
0.706283 1.733166 0.911238 2
0.750198 1.731576 0.870220 2
0.779501 1.715216 0.862051 2
0.799642 1.688652 0.875691 2
0.831705 1.675838 0.860575 2
0.874474 1.676801 0.817855 2
0.896357 1.652591 0.827128 2
0.914220 1.622695 0.847541 2
0.945699 1.610790 0.832225 2
0.959247 1.573791 0.865948 2
0.991044 1.562558 0.849665 2
1.015606 1.540767 0.853771 2
1.030730 1.503571 0.886517 2
1.055257 1.480617 0.892321 2
1.082392 1.461868 0.890398 2
0.578056 0.477919 2.620246 2
0.619573 0.444978 2.623018 2
0.663300 0.416064 2.618723 2
0.707720 0.388568 2.612121 2
1.210479 1.351232 0.910912 2
1.231488 1.317493 0.934459 2
1.251542 1.279936 0.963880 2
1.281613 1.265323 0.954693 2
1.301680 1.224834 0.988056 2
1.327405 1.197475 0.999439 2
1.351834 1.165246 1.018372 2
1.374819 1.126864 1.046640 2
1.404386 1.107370 1.044684 2
1.429887 1.073515 1.065029 2
1.452974 1.028569 1.101959 2
1.479333 0.992631 1.124414 2
1.501685 0.937049 1.175930 2
1.528549 0.895974 1.204768 2
1.551368 0.831129 1.268034 2
1.579381 0.785550 1.301873 2
1.602647 0.706945 1.382738 2
1.634715 0.672160 1.399237 2
1.651807 0.526754 1.572191 2
1.673091 0.383168 1.739208 2
1.669239 -0.023979 2.269563 6
1.714228 -0.039702 2.250518 6
1.761039 -0.031215 2.198676 6
1.804361 -0.063547 2.202880 6
1.851257 -0.033663 2.123537 6
1.896322 -0.016005 2.061755 6
1.940239 -0.004831 2.009504 6
1.983425 0.013304 1.948997 6
2.025937 -0.025836 1.963419 6
2.067594 0.014507 1.875715 6
2.117850 -0.259552 2.188229 8
2.247798 0.285739 1.372783 4
2.281982 0.304801 1.319695 4
2.320092 0.281236 1.318652 4
2.350952 0.318922 1.244441 4
2.394122 0.257045 1.289039 4
2.458728 0.059415 1.491776 4
2.533767 -0.174214 1.732667 4
-0.130829 1.893099 1.641751 2
0.076196 1.965946 1.336851 2
0.248755 2.026127 1.083489 2
0.291026 2.012137 1.057139 2
0.340538 2.003650 1.016574 2
0.372543 1.984678 1.007248 2
0.428584 1.982754 0.951979 2
0.474983 1.975527 0.913367 2
-0.092591 1.511928 2.077410 2
-0.066567 1.474609 2.097724 2
-0.057467 1.423317 2.153083 2
-0.061081 1.360030 2.236703 2
0.596255 1.862901 0.931453 2
0.641350 1.858930 0.890694 2
0.631824 1.805823 0.967808 2
0.694213 1.819264 0.887613 2
0.707796 1.786866 0.915212 2
0.770215 1.803868 0.830654 2
0.767819 1.754582 0.896113 2
0.793499 1.734203 0.896491 2
0.828847 1.724931 0.873046 2
0.875459 1.729891 0.820171 2
0.902604 1.712730 0.815256 2
0.926939 1.692161 0.817625 2
0.940360 1.657003 0.849745 2
0.966616 1.638336 0.847957 2
0.983422 1.606167 0.873069 2
1.020915 1.603815 0.839279 2
1.039771 1.573903 0.859652 2
1.053386 1.534621 0.897434 2
1.073927 1.505276 0.915627 2
1.097761 1.480802 0.924373 2
0.616553 0.533410 2.627496 2
0.664295 0.513120 2.607873 2
0.705516 0.480605 2.610694 2
1.202870 1.397565 0.931784 2
1.227956 1.373524 0.939273 2
1.245721 1.332155 0.976604 2
1.276708 1.320139 0.962888 2
1.295809 1.278749 0.999185 2
1.322332 1.254520 1.005980 2
1.352583 1.239969 0.996614 2
1.376791 1.207869 1.016176 2
1.400888 1.173650 1.038744 2
1.422401 1.128737 1.077954 2
1.442840 1.076444 1.128026 2
1.470593 1.046934 1.141297 2
1.494893 1.001717 1.178654 2
1.519163 0.952122 1.221949 2
1.543044 0.895491 1.275036 2
1.570426 0.849847 1.310472 2
1.600123 0.811736 1.333929 2
1.624357 0.736253 1.412044 2
1.648532 0.647724 1.507646 2
1.667806 0.505390 1.679224 2
1.647428 -0.007215 2.378290 6
1.693567 -0.017755 2.350987 6
1.740317 -0.017906 2.309493 6
1.787034 -0.010395 2.258002 6
1.831546 -0.027467 2.241299 6
1.875533 -0.055608 2.239931 6
1.921163 -0.036181 2.174026 6
1.965926 -0.003014 2.090765 6
2.009247 -0.024109 2.081071 6
2.052154 -0.005778 2.019458 6
2.101705 -0.265853 2.322467 8
2.311819 0.264913 1.437822 4
2.346787 0.275789 1.394023 4
2.382856 0.274040 1.366194 4
2.421780 0.251022 1.364345 4
2.493106 0.024935 1.605173 4
-0.060047 1.949002 1.590395 2
0.120256 2.006310 1.325641 2
0.283062 2.060117 1.084094 2
0.301820 2.031927 1.099968 2
0.369455 2.034594 1.024801 2
0.391506 2.009235 1.033812 2
0.440599 2.002326 0.990743 2
0.477473 1.988001 0.970196 2
-0.068226 1.544142 2.115378 2
-0.047366 1.502897 2.146565 2
-0.030857 1.457476 2.187864 2
0.577980 1.899030 0.979343 2
0.621212 1.892354 0.942826 2
0.653632 1.877262 0.928622 2
0.709545 1.884258 0.861352 2
0.719388 1.849493 0.896457 2
0.773906 1.857837 0.829097 2
0.791418 1.830458 0.846831 2
0.813146 1.807043 0.855130 2
0.848752 1.798699 0.829474 2
0.874149 1.779576 0.828580 2
0.891000 1.750369 0.849827 2
0.925135 1.741739 0.826382 2
0.948241 1.719847 0.831805 2
0.966745 1.691640 0.850372 2
0.985010 1.662399 0.870660 2
1.009877 1.641842 0.872855 2
1.046574 1.638847 0.839884 2
1.054888 1.593008 0.892600 2
1.077551 1.568150 0.903067 2
1.100248 1.542833 0.914224 2
0.621898 0.634925 2.604754 2
0.657521 0.593600 2.624740 2
0.710773 0.584982 2.583605 2
1.201344 1.455709 0.930788 2
1.222849 1.425143 0.950720 2
1.249219 1.404061 0.953234 2
1.265001 1.358206 0.999574 2
1.291945 1.336559 1.002516 2
1.322732 1.324298 0.989176 2
1.346551 1.293854 1.007255 2
1.364011 1.243872 1.057997 2
1.388612 1.211526 1.078126 2
1.422824 1.207951 1.050205 2
1.442682 1.157478 1.099663 2
1.470291 1.130514 1.109982 2
1.492472 1.081192 1.155908 2
1.516979 1.036705 1.193193 2
1.542368 0.991832 1.230294 2
1.562581 0.917291 1.312711 2
1.592234 0.882092 1.332914 2
1.617789 0.819769 1.393978 2
1.646910 0.770609 1.433942 2
1.663312 0.624058 1.618461 2
1.627334 0.027356 2.464775 6
1.677082 0.045870 2.393975 6
1.719787 0.002647 2.413966 6
1.767211 0.010090 2.360728 6
1.811075 -0.025149 2.369117 6
1.856792 -0.032422 2.337845 6
1.902989 -0.015992 2.273965 6
1.947291 -0.043177 2.271478 6
1.992009 -0.044731 2.233803 6
2.035997 -0.012868 2.151329 6
2.079753 -0.032174 2.139072 6
2.393852 0.119010 1.660957 4
2.417675 0.219367 1.504041 4
2.451713 0.235443 1.453426 4
2.524281 0.017904 1.688581 4
-0.044834 1.974308 1.635544 2
0.245848 2.091973 1.164668 2
0.280580 2.072513 1.151883 2
0.341357 2.069292 1.089664 2
0.370652 2.048001 1.085459 2
0.400974 2.027634 1.079056 2
0.468178 2.032599 0.999533 2
0.492918 2.009872 1.002536 2
-0.041279 1.578316 2.148490 2
-0.021650 1.536269 2.182739 2
-0.017079 1.481565 2.250117 2
0.590538 1.918201 1.018238 2
0.631558 1.909363 0.985951 2
0.671936 1.900988 0.953859 2
0.715118 1.896204 0.914107 2
0.772391 1.906042 0.839923 2
0.774230 1.863715 0.894625 2
0.820110 1.864678 0.844672 2
0.844540 1.844570 0.845846 2
0.878026 1.834424 0.824166 2
0.896305 1.807680 0.840998 2
0.937900 1.808028 0.796860 2
0.939769 1.761019 0.858534 2
0.970215 1.748392 0.843863 2
0.995471 1.729399 0.843360 2
1.005574 1.689460 0.887202 2
1.022674 1.657894 0.912507 2
1.057591 1.651991 0.884516 2
1.075790 1.621097 0.908005 2
1.104176 1.605736 0.899901 2
0.626030 0.731752 2.586945 2
0.660940 0.690984 2.607294 2
0.703466 0.663215 2.602223 2
1.200140 1.513217 0.929249 2
1.225296 1.491248 0.934107 2
1.252579 1.473392 0.931268 2
1.271494 1.436915 0.962663 2
1.289712 1.396901 0.999763 2
1.314226 1.370002 1.012560 2
1.343946 1.355557 1.003056 2
1.366927 1.323035 1.025412 2
1.383751 1.270977 1.081081 2
1.410573 1.245306 1.090390 2
1.440493 1.228623 1.084298 2
1.463986 1.189747 1.115482 2
1.493262 1.169204 1.115643 2
1.510673 1.101129 1.193661 2
1.534441 1.052282 1.238860 2
1.558381 0.999020 1.290189 2
1.584115 0.948401 1.336245 2
1.608314 0.883093 1.404419 2
1.637711 0.839233 1.437820 2
1.657284 0.723879 1.580622 2
1.674361 0.565890 1.785560 2
1.655223 0.061941 2.508754 6
1.701958 0.053740 2.476600 6
1.748619 0.049171 2.439619 6
1.793215 0.022274 2.436009 6
1.839809 0.027239 2.386105 6
1.885489 0.027647 2.343612 6
1.929628 -0.009153 2.354850 6
1.974744 -0.008135 2.312382 6
2.019397 -0.036590 2.311822 6
2.064444 -0.069774 2.317717 6
0.007891 2.019658 1.612969 2
0.268464 2.119199 1.187477 2
0.311334 2.104395 1.158873 2
0.343435 2.084026 1.149911 2
0.385436 2.070180 1.121288 2
0.423032 2.054359 1.100372 2
0.473789 2.048045 1.052147 2
0.508101 2.031651 1.035939 2
-0.028485 1.602276 2.211403 2
-0.011787 1.557770 2.252989 2
0.012306 1.518064 2.280069 2
0.615866 1.947845 1.029797 2
0.658008 1.940068 0.993913 2
0.688959 1.923623 0.982290 2
0.754033 1.938580 0.890446 2
0.767313 1.907522 0.918438 2
0.809523 1.903996 0.877188 2
0.844413 1.894366 0.852432 2
0.866745 1.872316 0.858555 2
0.901215 1.863420 0.833492 2
0.923376 1.841367 0.840053 2
0.949874 1.824256 0.835215 2
0.975256 1.805959 0.833348 2
0.984440 1.767024 0.877665 2
1.006406 1.743496 0.886983 2
1.037956 1.732884 0.868190 2
1.051747 1.697372 0.903194 2
1.085736 1.690791 0.876427 2
1.106594 1.664694 0.891016 2
0.625442 0.818517 2.585807 2
0.655349 0.770614 2.621832 2
0.699641 0.746594 2.609376 2
1.195939 1.563916 0.939354 2
1.228221 1.556407 0.916443 2
1.242576 1.513325 0.962526 2
1.273195 1.502542 0.946225 2
1.294562 1.471669 0.968047 2
1.307882 1.420403 1.027181 2
1.333540 1.396212 1.035384 2
1.369386 1.397998 0.996412 2
1.392184 1.365782 1.019202 2
1.414863 1.331407 1.045322 2
1.439763 1.301787 1.062558 2
1.463999 1.268312 1.086097 2
1.484381 1.218943 1.136328 2
1.504722 1.164780 1.193592 2
1.532659 1.135911 1.207276 2
1.555127 1.081103 1.263642 2
1.582953 1.045335 1.287603 2
1.604347 0.972716 1.370840 2
1.633765 0.934821 1.396589 2
1.652165 0.822994 1.539298 2
1.670827 0.690731 1.711255 2
1.633267 0.081559 2.622608 6
1.683212 0.096174 2.553838 6
1.727982 0.067775 2.552044 6
1.773533 0.046251 2.539825 6
1.820610 0.048478 2.492201 6
1.867080 0.052128 2.443302 6
1.912873 0.056321 2.394453 6
2.047073 -0.000869 2.352461 6
0.066349 2.067547 1.577821 2
0.282268 2.141662 1.227055 2
0.330016 2.129329 1.188539 2
-0.083059 1.846825 2.050592 2
-0.087579 1.793581 2.128535 2
0.425837 2.068818 1.160704 2
0.479023 2.063496 1.106932 2
0.489081 2.029944 1.141609 2
0.605266 2.071703 0.951092 2
0.022576 1.597819 2.271886 2
0.031812 1.546928 2.331991 2
0.634544 1.972089 1.055995 2
0.688221 1.973853 0.992715 2
0.733249 1.969987 0.947222 2
0.765965 1.956406 0.929363 2
0.796577 1.941453 0.915930 2
0.825703 1.925523 0.905679 2
0.838718 1.893665 0.936050 2
0.874994 1.885372 0.907297 2
0.904662 1.870820 0.894898 2
0.920954 1.841512 0.918416 2
0.970899 1.851206 0.849380 2
1.006559 1.845719 0.817865 2
1.014066 1.805350 0.867230 2
1.039689 1.787327 0.864911 2
1.062668 1.765716 0.870757 2
1.077442 1.732021 0.903013 2
0.584419 0.932671 2.587494 2
0.622316 0.899641 2.594030 2
0.658386 0.863264 2.607573 2
0.697299 0.831074 2.612225 2
1.203452 1.634845 0.907203 2
1.218057 1.595198 0.949040 2
1.243814 1.575350 0.950425 2
1.268988 1.554102 0.954597 2
1.290385 1.524335 0.975288 2
1.311570 1.492826 0.998875 2
1.340895 1.479274 0.987886 2
1.354759 1.427175 1.049449 2
1.385371 1.415704 1.034359 2
1.408352 1.383400 1.057793 2
1.429774 1.344570 1.092534 2
1.455808 1.317606 1.105285 2
1.480523 1.284824 1.128064 2
1.501051 1.234640 1.180808 2
1.522277 1.182244 1.236240 2
1.551447 1.157566 1.243030 2
1.572782 1.096059 1.312052 2
1.597356 1.042588 1.366148 2
1.628403 1.017055 1.372775 2
1.648927 0.927030 1.485087 2
1.665361 0.793303 1.666061 2
1.708149 0.098759 2.649423 6
1.755629 0.094999 2.608861 6
0.104559 2.104517 1.578814 2
0.068915 2.043081 1.706542 2
0.190089 2.066074 1.530258 2
0.309513 2.092461 1.351503 2
0.392513 2.101342 1.240624 2
0.438989 2.090117 1.201363 2
0.449629 2.056533 1.236056 2
0.515870 2.060115 1.152926 2
0.571002 2.058082 1.090967 2
0.637693 2.066316 1.001034 2
0.621072 2.013123 1.096162 2
0.665024 2.005791 1.055296 2
0.736311 2.022352 0.948576 2
0.757084 1.998428 0.958733 2
0.805375 1.998965 0.901996 2
0.819281 1.969179 0.928827 2
0.855703 1.960479 0.899403 2
0.876675 1.937166 0.909029 2
0.897455 1.913408 0.919664 2
0.914751 1.885566 0.940360 2
0.960385 1.889210 0.883048 2
0.969021 1.851143 0.928795 2
1.001535 1.840860 0.907005 2
1.040183 1.839183 0.865821 2
1.068902 1.825751 0.853216 2
1.076310 1.783205 0.907484 2
1.104386 1.768506 0.897747 2
0.630285 0.996255 2.566064 2
0.663986 0.957817 2.585469 2
0.689988 0.905831 2.633684 2
0.735643 0.885522 2.613459 2
1.213760 1.644685 0.960087 2
1.238127 1.622678 0.966152 2
1.263217 1.601701 0.970040 2
1.286752 1.577173 0.981062 2
1.304165 1.538582 1.019872 2
1.330017 1.517143 1.024068 2
1.362052 1.510236 1.000000 2
1.378935 1.465773 1.048620 2
1.402511 1.436214 1.067877 2
1.429931 1.416161 1.068919 2
1.453727 1.384679 1.091138 2
1.473493 1.338201 1.140336 2
1.498472 1.305696 1.163159 2
1.515595 1.241733 1.241799 2
1.545384 1.221175 1.241896 2
1.570887 1.181488 1.275494 2
1.595401 1.133172 1.323320 2
1.620358 1.081235 1.376334 2
1.643621 1.012656 1.456440 2
1.660590 0.893378 1.619913 2
1.679601 0.763693 1.797270 2
0.092153 2.072925 1.738177 2
0.182395 2.078161 1.620118 2
0.264091 2.081487 1.515440 2
0.362115 2.097215 1.373240 2
0.398585 2.078333 1.355976 2
0.431581 2.057775 1.345530 2
0.510995 2.068890 1.233148 2
0.577831 2.074165 1.144636 2
0.638690 2.077478 1.066360 2
0.654443 2.048675 1.089418 2
0.719456 2.058314 0.997234 2
0.764530 2.054145 0.949352 2
0.781996 2.027757 0.967290 2
0.818937 2.018285 0.937236 2
0.856787 2.010592 0.903629 2
0.866711 1.977037 0.941586 2
0.892214 1.958029 0.939683 2
0.915662 1.936989 0.943378 2
0.930584 1.906621 0.971162 2
0.954457 1.885524 0.974753 2
0.992926 1.881520 0.935846 2
1.018032 1.862454 0.935265 2
1.044731 1.845454 0.929880 2
1.071036 1.828123 0.925602 2
1.089003 1.799355 0.948365 2
1.116040 1.782869 0.942274 2
1.144944 1.769413 0.929607 2
0.699695 1.006688 2.595861 2
0.744617 0.986476 2.575588 2
1.213490 1.700468 0.956656 2
1.236968 1.677688 0.964961 2
1.263587 1.660405 0.961487 2
1.282907 1.628612 0.988556 2
1.294601 1.579395 1.050998 2
1.334252 1.588498 0.993005 2
1.358722 1.565212 1.001757 2
1.372375 1.514720 1.064466 2
1.400258 1.497276 1.060784 2
1.424820 1.470671 1.075028 2
1.451186 1.448125 1.081200 2
1.474790 1.416260 1.104935 2
1.491867 1.360703 1.172547 2
1.514053 1.317742 1.215320 2
1.534623 1.264687 1.275642 2
1.560532 1.227844 1.305294 2
1.589840 1.202779 1.313222 2
1.617656 1.168928 1.336556 2
1.636848 1.085669 1.445962 2
1.656503 0.990996 1.572830 2
1.674991 0.870512 1.741289 2
0.177487 2.134845 1.645116 2
0.184654 2.096235 1.692465 2
0.238978 2.083208 1.643150 2
0.339487 2.098618 1.494209 2
0.380608 2.081398 1.468048 2
0.437370 2.074948 1.406585 2
0.507270 2.078896 1.313488 2
0.549960 2.066440 1.278874 2
0.643698 2.091864 1.124498 2
0.717786 2.106611 1.010633 2
0.756299 2.096584 0.978093 2
0.783956 2.078667 0.970979 2
0.789567 2.042307 1.018965 2
0.824504 2.030625 0.993821 2
0.856601 2.017116 0.975089 2
0.887384 2.002958 0.959112 2
0.903649 1.974846 0.982222 2
0.939035 1.965957 0.952945 2
0.950371 1.931991 0.991304 2
0.986133 1.924390 0.959928 2
1.008329 1.901894 0.967926 2
1.032734 1.881860 0.969646 2
1.060217 1.865710 0.961858 2
1.085684 1.847148 0.960367 2
1.113070 1.831300 0.952554 2
1.145166 1.822561 0.928295 2
0.688065 1.072265 2.634669 2
0.734124 1.053584 2.609912 2
1.212414 1.753738 0.957015 2
1.237348 1.734251 0.958574 2
1.263601 1.717019 0.955235 2
1.281540 1.683922 0.986578 2
1.300053 1.650401 1.018097 2
1.331892 1.643413 0.992709 2
1.349532 1.605898 1.031855 2
1.369607 1.571866 1.062900 2
1.397335 1.554941 1.058391 2
1.418619 1.521078 1.088143 2
1.448099 1.508036 1.075850 2
1.468734 1.469197 1.114569 2
1.485825 1.416158 1.179972 2
1.507519 1.373645 1.223709 2
1.537286 1.356729 1.217962 2
1.558490 1.306187 1.275393 2
1.586146 1.277427 1.291210 2
1.607858 1.219043 1.360974 2
1.634279 1.176519 1.400491 2
1.653892 1.090677 1.516796 2
1.668847 0.960366 1.709445 2
0.170188 2.148830 1.737708 2
0.189409 2.116100 1.761744 2
0.181907 2.068220 1.843418 2
0.313722 2.099084 1.626327 2
0.352310 2.079008 1.606880 2
0.422755 2.079606 1.515233 2
0.496811 2.084951 1.411933 2
0.551895 2.079985 1.348907 2
0.632338 2.094840 1.223292 2
0.740099 2.133356 1.026677 2
0.781275 2.125417 0.986538 2
0.786694 2.089722 1.034834 2
0.807577 2.065840 1.045433 2
0.837766 2.049918 1.032102 2
0.851138 2.019067 1.063365 2
0.893694 2.015196 1.016052 2
0.921445 1.998070 1.008195 2
0.951092 1.983194 0.994617 2
0.972174 1.959541 1.005671 2
1.006065 1.949983 0.978799 2
1.026971 1.926089 0.990804 2
1.050569 1.905114 0.995045 2
1.084372 1.897036 0.966462 2
1.094199 1.857992 1.016641 2
1.132609 1.856951 0.971577 2
0.701771 1.174611 2.584853 2
0.726126 1.124203 2.636212 2
0.782757 1.123151 2.569787 2
0.808062 1.072407 2.621079 2
1.264702 1.774232 0.945485 2
1.279100 1.736069 0.989964 2
1.303919 1.715922 0.993158 2
1.335035 1.708291 0.968843 2
1.350214 1.667626 1.016971 2
1.367729 1.629639 1.058197 2
1.396359 1.615780 1.047429 2
1.423464 1.598459 1.044247 2
1.441430 1.556634 1.091732 2
1.468262 1.536857 1.093228 2
1.483986 1.482996 1.163300 2
1.509532 1.455823 1.178723 2
1.530781 1.412197 1.226141 2
1.551212 1.361374 1.286464 2
1.574983 1.318513 1.330170 2
1.602237 1.286423 1.352501 2
1.627240 1.240676 1.399969 2
1.647502 1.164067 1.503626 2
1.664818 1.057140 1.660618 2
0.208992 2.144112 1.801402 2
0.200589 2.096009 1.886785 2
0.296082 2.105148 1.745353 2
0.335260 2.084301 1.725610 2
0.413696 2.088436 1.615099 2
0.494908 2.097168 1.493957 2
0.566707 2.102622 1.390610 2
0.623463 2.100142 1.319769 2
0.674921 2.095663 1.259251 2
0.779681 2.133787 1.061690 2
0.800751 2.110122 1.071741 2
0.830577 2.093592 1.059215 2
0.864938 2.081436 1.034007 2
0.879525 2.052092 1.062113 2
0.904053 2.031438 1.063622 2
0.937888 2.019993 1.038521 2
0.966821 2.004294 1.026761 2
0.983607 1.975944 1.051191 2
1.014649 1.962860 1.032881 2
1.039693 1.943367 1.032796 2
1.060646 1.918900 1.046182 2
1.092554 1.907977 1.023819 2
1.117170 1.888099 1.025465 2
0.692404 1.241637 2.617803 2
0.733544 1.216763 2.607451 2
1.236679 1.897695 0.860758 2
0.798272 1.139967 2.653962 2
0.854730 1.140466 2.583625 2
0.901026 1.125884 2.551032 2
1.303804 1.772033 0.986392 2
1.325345 1.746147 1.003260 2
1.343892 1.713222 1.035663 2
1.369135 1.693059 1.038890 2
1.389132 1.660593 1.069156 2
1.413460 1.636805 1.079916 2
1.440932 1.620260 1.074992 2
1.464809 1.593972 1.090860 2
1.484816 1.555214 1.132426 2
1.501310 1.502553 1.201684 2
1.530560 1.487061 1.193676 2
1.546844 1.425500 1.278563 2
1.571082 1.387395 1.314893 2
1.597569 1.355056 1.339105 2
1.620156 1.302110 1.402811 2
1.643853 1.247616 1.468081 2
1.661329 1.150734 1.612351 2
1.678390 1.032723 1.793096 2
0.211040 2.119608 1.949384 2
0.267948 2.106226 1.892451 2
0.339017 2.102593 1.800828 2
0.409698 2.101017 1.706700 2
0.474393 2.097992 1.623311 2
0.566408 2.115346 1.470176 2
0.614401 2.105878 1.420353 2
0.662880 2.098120 1.367327 2
0.729869 2.105883 1.264304 2
0.768469 2.093881 1.231947 2
0.851491 2.119601 1.078473 2
0.859044 2.084305 1.126310 2
0.910857 2.087688 1.051655 2
0.932594 2.064921 1.060353 2
0.952067 2.039743 1.076240 2
0.975901 2.018628 1.079826 2
1.002222 2.000113 1.076011 2
1.030771 1.984243 1.065062 2
1.054311 1.962898 1.070019 2
1.071517 1.933689 1.096611 2
0.671512 1.371478 2.560517 2
0.703640 1.335905 2.578953 2
0.734751 1.298251 2.602508 2
1.199327 1.893418 0.999738 2
1.232945 1.888100 0.965844 2
1.263044 1.878391 0.944080 2
0.883333 1.178339 2.616816 2
0.927030 1.159364 2.594110 2
0.969203 1.138388 2.577036 2
1.347252 1.777365 1.010691 2
1.362138 1.737136 1.061172 2
1.391434 1.725824 1.044335 2
1.407741 1.685156 1.094210 2
1.432224 1.661697 1.104606 2
1.461598 1.650172 1.088646 2
1.488843 1.633441 1.084465 2
1.494761 1.553590 1.215449 2
1.518924 1.522571 1.240125 2
1.545933 1.499135 1.248458 2
1.569950 1.463675 1.281435 2
1.593597 1.423604 1.323073 2
1.616499 1.376142 1.378657 2
1.640849 1.329644 1.431084 2
1.659287 1.246113 1.555125 2
1.676218 1.138791 1.722608 2
0.264103 2.121756 1.989060 2
0.313366 2.104470 1.947740 2
0.398070 2.109608 1.819875 2
0.445528 2.094442 1.778148 2
0.532657 2.106519 1.635950 2
0.590947 2.102308 1.561407 2
0.643158 2.095675 1.499630 2
0.697937 2.092629 1.428530 2
0.765085 2.101208 1.321013 2
0.815165 2.098671 1.256040 2
0.898574 2.126495 1.094101 2
0.914655 2.098513 1.119392 2
0.944104 2.082399 1.106429 2
0.998757 2.091323 1.016637 2
0.987481 2.035635 1.127097 2
1.023934 2.027607 1.091443 2
1.038971 1.996836 1.123982 2
1.062578 1.975068 1.129704 2
0.671324 1.447690 2.564525 2
0.702596 1.411899 2.584707 2
1.181029 1.972235 0.976441 2
1.200178 1.946408 0.995981 2
1.225853 1.929423 0.991710 2
1.244829 1.902270 1.014202 2
1.278461 1.897861 0.977928 2
1.302753 1.878996 0.979373 2
1.320687 1.848659 1.009422 2
0.997369 1.175762 2.611150 2
1.357493 1.785535 1.073245 2
1.384613 1.769811 1.066344 2
1.416260 1.764297 1.035828 2
1.436592 1.733631 1.064426 2
1.459413 1.707449 1.082136 2
1.478037 1.668935 1.127240 2
1.496142 1.626030 1.181020 2
1.517788 1.590169 1.218065 2
1.537499 1.545227 1.273921 2
1.564388 1.521004 1.284178 2
1.589253 1.487916 1.312983 2
1.611948 1.443042 1.365746 2
1.635369 1.396152 1.421472 2
1.655132 1.325108 1.525135 2
1.671158 1.221721 1.691534 2
0.192965 2.148015 2.170623 2
0.213769 2.112974 2.198960 2
0.297830 2.113161 2.076078 2
0.365918 2.106851 1.987711 2
0.429127 2.099707 1.908131 2
0.487214 2.091246 1.838494 2
0.562568 2.096300 1.721139 2
0.616032 2.088771 1.657127 2
0.676219 2.087931 1.572236 2
0.735623 2.088722 1.485913 2
0.786013 2.084498 1.421385 2
0.841163 2.086092 1.340239 2
0.881597 2.076866 1.299041 2
0.957352 2.101622 1.148818 2
0.980862 2.079924 1.153786 2
1.029683 2.083827 1.078482 2
1.034599 2.043373 1.142955 2
0.648268 1.566559 2.523786 2
0.673594 1.525667 2.561185 2
0.703143 1.488759 2.585997 2
1.162604 1.998869 1.044845 2
1.188712 1.981949 1.039314 2
1.213038 1.962714 1.040578 2
1.236381 1.941971 1.046108 2
1.262023 1.924539 1.042787 2
1.289513 1.910185 1.031653 2
1.315896 1.894326 1.024941 2
1.330637 1.857749 1.071491 2
1.368932 1.863728 1.009788 2
1.079962 1.217555 2.565928 2
1.408164 1.804867 1.065118 2
1.429561 1.777202 1.087561 2
1.450905 1.748097 1.112925 2
1.476755 1.728840 1.114659 2
1.498434 1.698006 1.143204 2
1.514343 1.648571 1.213491 2
1.535860 1.611724 1.253736 2
1.560297 1.581530 1.278276 2
1.585026 1.550218 1.304742 2
1.604340 1.495274 1.381791 2
1.629382 1.457705 1.419884 2
1.648457 1.388157 1.524674 2
1.664837 1.293446 1.679538 2
0.264797 2.113127 2.252498 2
0.363642 2.122711 2.087459 2
0.435889 2.119988 1.984040 2
0.491215 2.108989 1.920689 2
0.530440 2.088839 1.897701 2
0.579299 2.076122 1.847599 2
0.627710 2.064415 1.796666 2
0.677952 2.055492 1.738380 2
0.750503 2.066084 1.612774 2
0.808297 2.067591 1.525342 2
0.864102 2.069734 1.439950 2
0.907736 2.063036 1.388467 2
0.993073 2.098043 1.201415 2
1.017583 2.076983 1.204127 2
1.053206 2.067636 1.169796 2
1.094464 2.065583 1.114336 2
1.119218 2.046118 1.114519 2
1.153290 2.037989 1.080907 2
1.177495 2.018388 1.082593 2
1.200809 1.997540 1.088068 2
1.222264 1.973890 1.101566 2
1.253628 1.964338 1.075343 2
1.275939 1.941693 1.086253 2
1.304594 1.928928 1.070233 2
1.327397 1.906688 1.080180 2
1.349936 1.883489 1.092510 2
1.379667 1.873421 1.070688 2
1.404222 1.853752 1.074129 2
1.160338 1.259014 2.520664 2
1.450194 1.806356 1.101095 2
1.469040 1.771367 1.141743 2
1.488786 1.736307 1.181563 2
1.510221 1.703395 1.215324 2
1.531568 1.667922 1.254288 2
1.552287 1.627644 1.303423 2
1.581397 1.612336 1.294511 2
1.603492 1.571276 1.343840 2
1.622257 1.512385 1.431605 2
1.642995 1.454104 1.515937 2
1.663007 1.383676 1.624589 2
1.681088 1.290681 1.778967 2
0.314052 2.112293 2.312577 2
0.350377 2.085505 2.304517 2
0.477700 2.116228 2.052795 2
0.547420 2.114941 1.947925 2
0.604089 2.107230 1.875059 2
0.652391 2.095327 1.822943 2
0.694035 2.079756 1.787993 2
0.745724 2.073152 1.721627 2
0.787857 2.060371 1.681411 2
0.836016 2.053984 1.620582 2
0.891374 2.055877 1.533864 2
0.918819 2.033461 1.534486 2
0.979535 2.044483 1.423317 2
1.028369 2.046237 1.347449 2
1.110482 2.086953 1.149400 2
1.141928 2.075098 1.125364 2
1.165295 2.054213 1.130502 2
1.183397 2.026471 1.156579 2
1.207617 2.006050 1.160097 2
1.244296 2.003001 1.112733 2
1.260591 1.971484 1.149371 2
1.296129 1.968521 1.103989 2
1.316143 1.941793 1.126625 2
1.341473 1.923301 1.126119 2
1.369093 1.908932 1.114682 2
1.397953 1.897350 1.096372 2
1.418040 1.868541 1.123911 2
1.442793 1.848438 1.128332 2
1.472922 1.840356 1.102223 2
1.492363 1.807195 1.139849 2
1.510233 1.767672 1.192263 2
1.532071 1.736044 1.224124 2
1.556231 1.709205 1.243745 2
1.577701 1.672025 1.287464 2
1.597770 1.626501 1.349652 2
1.620629 1.586573 1.397422 2
1.644716 1.547404 1.442344 2
1.658938 1.458174 1.598821 2
1.675893 1.366977 1.755865 2
0.559014 2.137791 2.014794 2
0.607123 2.123591 1.965176 2
0.661833 2.115404 1.894170 2
0.705153 2.100503 1.854094 2
0.752962 2.090225 1.798551 2
0.805864 2.085641 1.724550 2
0.855178 2.079942 1.658585 2
0.895773 2.068146 1.618136 2
0.926999 2.048598 1.607367 2
0.973503 2.044652 1.543316 2
1.011990 2.034178 1.504486 2
1.051105 2.025566 1.461385 2
1.147941 2.084822 1.198806 2
1.178038 2.071368 1.179408 2
1.198418 2.046179 1.197885 2
1.231261 2.037056 1.166413 2
1.243713 2.000293 1.220027 2
1.275871 1.990831 1.190787 2
1.307744 1.981948 1.161098 2
1.327554 1.954262 1.186683 2
1.353974 1.937015 1.182126 2
1.383110 1.924871 1.163732 2
1.399971 1.889491 1.209718 2
1.430032 1.879243 1.186741 2
1.457228 1.863632 1.178874 2
1.481846 1.842215 1.186593 2
1.502872 1.811244 1.218855 2
1.525930 1.783729 1.241569 2
1.553022 1.766232 1.238722 2
1.573457 1.728041 1.287161 2
1.594547 1.688512 1.337665 2
1.619260 1.658182 1.364853 2
1.640346 1.610929 1.431542 2
1.657756 1.541564 1.548307 2
1.676312 1.466414 1.675542 2
0.580692 2.120734 2.145388 2
0.656397 2.125376 2.012789 2
0.702646 2.111489 1.964551 2
0.768339 2.113990 1.853122 2
0.819434 2.107440 1.783382 2
0.867855 2.100456 1.719145 2
0.909690 2.089297 1.674056 2
0.956807 2.084394 1.608456 2
0.989730 2.067268 1.590083 2
1.020714 2.048691 1.577998 2
1.060757 2.040413 1.531322 2
1.096616 2.028740 1.498353 2
1.189078 2.086504 1.237309 2
1.218906 2.072848 1.218376 2
1.243412 2.052684 1.221160 2
1.269961 2.035297 1.215437 2
1.295475 2.016548 1.214366 2
1.309369 1.979575 1.268525 2
1.341576 1.970872 1.237295 2
1.364254 1.946619 1.252653 2
1.386824 1.921458 1.270323 2
1.418326 1.913040 1.240442 2
1.447301 1.900543 1.223029 2
1.473785 1.883167 1.219673 2
1.495144 1.853602 1.249389 2
1.524371 1.842327 1.229936 2
1.545144 1.808817 1.269264 2
1.570216 1.785384 1.281695 2
1.590851 1.746789 1.332381 2
1.614166 1.713679 1.368086 2
1.637258 1.676751 1.412377 2
1.653112 1.606026 1.537848 2
1.668098 1.519997 1.696870 2
