ply
format ascii 1.0
element vertex 16461
property float x
property float y
property float z
property int scalar_Label
end_header
0.588803 1.486952 2.068467 1
0.595001 1.437115 2.097291 1
0.590019 1.397183 2.095762 1
0.589401 1.354110 2.105407 1
0.585227 1.314154 2.105177 1
0.578791 1.276058 2.098573 1
0.573948 1.236961 2.095794 1
0.570438 1.197151 2.096136 1
0.562435 1.160398 2.084309 1
0.563340 1.118229 2.095435 1
0.550043 1.084664 2.069077 1
0.541711 1.048014 2.055369 1
0.546612 1.004354 2.075724 1
0.554517 0.959794 2.103420 1
0.545758 0.923764 2.087494 1
0.535034 0.888427 2.066170 1
0.536180 0.847862 2.075188 1
0.539845 0.806629 2.090306 1
0.547892 0.764227 2.116299 1
0.514727 0.736397 2.035913 1
0.519487 0.695214 2.052751 1
0.519743 0.655757 2.057637 1
0.520710 0.616300 2.063982 1
0.532069 0.574589 2.096567 1
0.518667 0.538827 2.065398 1
0.525689 0.498712 2.086139 1
0.514286 0.462031 2.059427 1
0.520736 0.422441 2.077990 1
0.504101 0.385829 2.037258 1
0.516573 0.345932 2.070482 1
0.519934 0.307269 2.080096 1
0.506669 0.269427 2.046952 1
0.514617 0.230687 2.067573 1
0.517550 0.192286 2.075053 1
0.520214 0.154013 2.081501 1
0.511174 0.115125 2.057749 1
0.521190 0.077406 2.082265 1
0.519064 0.038777 2.075454 1
0.509744 -0.001005 2.049917 1
0.510922 -0.039637 2.050833 1
0.520270 -0.076785 2.072285 1
0.522568 -0.115066 2.075377 1
0.531664 -0.151748 2.095530 1
0.518366 -0.193977 2.057975 1
0.521880 -0.232207 2.063120 1
0.538616 -0.266297 2.101875 1
0.520839 -0.311393 2.051628 1
0.530082 -0.347772 2.070452 1
0.515456 -0.393199 2.027437 1
0.544343 -0.421531 2.096261 1
0.526468 -0.469276 2.044024 1
0.539290 -0.503857 2.070745 1
0.560313 -0.533989 2.118456 1
0.551293 -0.578975 2.087889 1
0.548663 -0.621263 2.073471 1
0.566128 -0.652467 2.111043 1
0.561394 -0.696465 2.090348 1
0.557338 -0.740677 2.070952 1
0.558004 -0.782405 2.063477 1
0.569674 -0.816960 2.084541 1
0.547687 1.488836 2.096957 1
0.545252 1.446242 2.102246 1
0.527389 1.416119 2.067431 1
0.529983 1.370064 2.084876 1
0.530233 1.326354 2.095841 1
0.530963 1.282797 2.107587 1
0.500943 1.260327 2.040626 1
0.498091 1.219185 2.042591 1
0.496370 1.177606 2.047036 1
0.491364 1.138262 2.042778 1
0.502226 1.090112 2.078212 1
0.493648 1.053297 2.064180 1
0.492170 1.012753 2.067687 1
0.490626 0.972481 2.070657 1
0.475648 0.938566 2.039603 1
0.472620 0.899010 2.038187 1
0.481172 0.854868 2.065349 1
0.478103 0.815830 2.063096 1
0.463236 0.781059 2.031110 1
0.474764 0.737045 2.064539 1
0.463603 0.700732 2.041148 1
0.451330 0.664361 2.014705 1
0.470316 0.619561 2.065523 1
0.462836 0.581966 2.050308 1
0.451717 0.544892 2.025766 1
0.454769 0.504820 2.036000 1
0.457936 0.464988 2.046169 1
0.439085 0.428338 2.001550 1
0.452868 0.387296 2.037296 1
0.459555 0.347590 2.055147 1
0.456068 0.308873 2.047525 1
0.456188 0.269892 2.048485 1
0.454608 0.230960 2.044913 1
0.456041 0.191994 2.048452 1
0.458652 0.153134 2.054571 1
0.466599 0.114701 2.073540 1
0.459088 0.075308 2.053993 1
0.458801 0.036287 2.051960 1
0.460080 -0.002603 2.053465 1
0.461782 -0.041445 2.055684 1
0.461729 -0.080616 2.053228 1
0.465296 -0.119152 2.059401 1
0.465992 -0.158300 2.058130 1
0.470671 -0.196533 2.066404 1
0.477498 -0.234087 2.079688 1
0.464658 -0.277473 2.043771 1
0.468074 -0.316317 2.047889 1
0.477311 -0.353123 2.066177 1
0.469092 -0.396321 2.040616 1
0.469544 -0.436649 2.036302 1
0.483400 -0.471424 2.065155 1
0.487330 -0.510291 2.068873 1
0.486512 -0.551530 2.060334 1
0.494110 -0.588829 2.072565 1
0.483160 -0.635973 2.037763 1
0.492554 -0.672607 2.053806 1
0.509605 -0.704594 2.088901 1
0.509383 -0.746663 2.080008 1
0.505128 -0.791727 2.060461 1
0.514093 -0.828582 2.074098 1
0.472011 1.473749 2.049533 1
0.471969 1.428848 2.060129 1
0.477204 1.380573 2.083380 1
0.467785 1.343447 2.069882 1
0.462193 1.303665 2.065525 1
0.453175 1.266262 2.052387 1
0.449027 1.225747 2.050913 1
0.433135 1.192468 2.020288 1
0.436427 1.147724 2.036377 1
0.432573 1.107436 2.034597 1
0.438365 1.062259 2.055991 1
0.424343 1.027554 2.028738 1
0.416624 0.989475 2.016552 1
0.409081 0.951224 2.004484 1
0.429310 0.901176 2.059394 1
0.409273 0.868357 2.016403 1
0.405751 0.828653 2.013091 1
0.405718 0.787795 2.017874 1
0.405642 0.747162 2.022213 1
0.394830 0.709925 2.000360 1
0.408342 0.665684 2.036736 1
0.402748 0.627034 2.026803 1
0.401583 0.587267 2.027199 1
0.405756 0.546504 2.040081 1
0.399550 0.507908 2.027734 1
0.388411 0.469882 2.003259 1
0.395870 0.428998 2.023045 1
0.397005 0.389220 2.027349 1
0.386999 0.350481 2.004660 1
0.388846 0.310619 2.010036 1
0.398894 0.270588 2.034720 1
0.390452 0.231272 2.014833 1
0.392100 0.191684 2.018775 1
0.397334 0.152293 2.030985 1
0.390849 0.112437 2.014831 1
0.398469 0.073405 2.032121 1
0.416686 0.035812 2.074482 1
0.403959 -0.005008 2.042424 1
0.392281 -0.046349 2.012533 1
0.393437 -0.086058 2.013074 1
0.393095 -0.126121 2.009697 1
0.393210 -0.166220 2.007089 1
0.414722 -0.201107 2.055582 1
0.391719 -0.247300 1.996749 1
0.410242 -0.282393 2.037471 1
0.406918 -0.323814 2.025286 1
0.410973 -0.363034 2.030556 1
0.428484 -0.397269 2.068016 1
0.418087 -0.441927 2.037724 1
0.425361 -0.479902 2.049828 1
0.417724 -0.524430 2.025455 1
0.417370 -0.566186 2.018364 1
0.422659 -0.605453 2.024641 1
0.422553 -0.647583 2.017439 1
0.444742 -0.677827 2.064320 1
0.440810 -0.722269 2.047104 1
0.448274 -0.760440 2.057410 1
0.451330 -0.801366 2.056573 1
0.395550 1.502651 1.993712 1
0.411973 1.444598 2.043534 1
0.388302 1.416731 1.996487 1
0.403958 1.360886 2.043498 1
0.391815 1.324812 2.023508 1
0.390074 1.281894 2.028059 1
0.360117 1.256582 1.965100 1
0.367946 1.207956 1.991788 1
0.392058 1.150981 2.056623 1
0.371475 -0.739591 2.007835 1
0.373453 -0.781789 2.004867 1
0.379849 -0.821561 2.012055 1
-0.253307 1.328242 1.300620 0
-0.253361 1.276169 1.306767 0
-0.260258 1.227429 1.298697 0
-0.273690 1.181420 1.277089 0
-0.255369 1.122670 1.319595 0
-0.261108 1.073931 1.313001 0
-0.249584 1.019197 1.341050 0
-0.263873 0.973662 1.316596 0
-0.261508 0.922662 1.325527 0
-0.249529 0.869258 1.353552 0
-0.255061 0.821171 1.345957 0
-0.271723 0.775724 1.315673 0
-0.270862 0.725888 1.320427 0
-0.272739 0.676793 1.319386 0
-0.260177 0.625195 1.347107 0
-0.275111 0.578563 1.319263 0
-0.282986 0.530459 1.305348 0
-0.273433 0.480122 1.326173 0
-0.266541 0.430517 1.341371 0
-0.251187 0.380649 1.373273 0
-0.263119 0.332897 1.350131 0
-0.275875 0.284710 1.325073 0
-0.260569 0.235720 1.356057 0
-0.262928 0.187192 1.351323 0
-0.268050 0.138472 1.340775 0
-0.261699 0.090114 1.352982 0
-0.271882 0.040777 1.331731 0
-0.276268 -0.008493 1.321841 0
-0.265461 -0.056270 1.342184 0
-0.274694 -0.106397 1.322008 0
-0.253027 -0.152165 1.363650 0
-0.274135 -0.204739 1.319040 0
-0.272054 -0.253720 1.320764 0
-0.276098 -0.304104 1.309885 0
-0.261138 -0.350233 1.336995 0
-0.269142 -0.401932 1.317571 0
-0.258905 -0.448983 1.334638 0
-0.255985 -0.498038 1.336678 0
-0.278596 -0.555540 1.286844 0
-0.246598 -0.595219 1.347090 0
-0.248643 -0.646376 1.338239 0
-0.256749 -0.700275 1.316797 0
-0.255431 -0.750916 1.314140 0
-0.269719 -0.808623 1.279475 0
-0.275469 1.473639 1.369615 0
-0.284694 1.425778 1.358007 0
-0.294249 1.378060 1.345489 0
-0.282879 1.320416 1.374150 0
-0.284713 1.269571 1.376344 0
-0.298721 1.224193 1.354211 0
-0.295889 1.171681 1.365075 0
-0.290391 1.118567 1.380893 0
-0.300841 1.071769 1.365009 0
-0.300770 1.021191 1.369579 0
-0.302434 0.971424 1.370464 0
-0.306252 0.922466 1.366851 0
-0.302121 0.871350 1.378573 0
-0.303950 0.822144 1.378331 0
-0.291102 0.769574 1.406582 0
-0.337861 0.730578 1.317824 0
-0.325550 0.678267 1.344507 0
-0.313153 0.626593 1.371069 0
-0.327506 0.579671 1.345049 0
-0.320614 0.529437 1.360313 0
-0.315495 0.479781 1.371846 0
-0.324878 0.431752 1.354789 0
-0.329966 0.383097 1.345876 0
-0.328573 0.333952 1.349360 0
-0.341779 0.285349 1.324090 0
-0.325735 0.235929 1.355666 0
-0.319919 0.187068 1.367021 0
-0.331696 0.137897 1.343774 0
-0.325406 0.089147 1.355545 0
-0.320697 0.040504 1.363975 0
-0.335185 -0.009765 1.334658 0
-0.323905 -0.057792 1.355415 0
-0.334157 -0.108304 1.333844 0
-0.315006 -0.154811 1.369488 0
-0.321787 -0.205162 1.354182 0
-0.316165 -0.253499 1.362874 0
-0.294488 -0.298277 1.402752 0
-0.323004 -0.354189 1.344078 0
-0.307756 -0.400188 1.370868 0
-0.310115 -0.450640 1.362889 0
-0.300116 -0.497690 1.378898 0
-0.309392 -0.550719 1.356790 0
-0.296147 -0.596673 1.378672 0
-0.302369 -0.649387 1.362001 0
-0.296792 -0.698094 1.368278 0
-0.301128 -0.750874 1.354738 0
-0.302896 -0.803044 1.345965 0
-0.367969 1.498286 1.319926 0
-0.356123 1.438712 1.349189 0
-0.354888 1.385188 1.357646 0
-0.340030 1.325778 1.392042 0
-0.355576 1.280779 1.367618 0
-0.354903 1.228631 1.374144 0
-0.382962 1.188282 1.325258 0
-0.369142 1.131228 1.356496 0
-0.370849 1.080573 1.357677 0
-0.380422 1.032750 1.343549 0
-0.386015 0.983522 1.336798 0
-0.375619 0.929592 1.360350 0
-0.386201 0.882042 1.343571 0
-0.385285 0.831349 1.348498 0
-0.379009 0.779632 1.363390 0
-0.393136 0.732663 1.339140 0
-0.405516 0.684937 1.317997 0
-0.392211 0.632449 1.345521 0
-0.391616 0.582543 1.348592 0
-0.391664 0.532854 1.350192 0
-0.388618 0.482915 1.357434 0
-0.401894 0.434654 1.333400 0
-0.402759 0.385051 1.332726 0
-0.397570 0.335159 1.343310 0
-0.412658 0.286123 1.315126 0
-0.387592 0.236099 1.362993 0
-0.378637 0.186928 1.380008 0
-0.397303 0.137276 1.344301 0
-0.401210 0.087595 1.336394 0
-0.416487 0.036921 1.306634 0
-0.399163 -0.011470 1.338593 0
-0.393937 -0.060566 1.347320 0
-0.397287 -0.110652 1.339498 0
-0.390758 -0.159477 1.350225 0
-0.400177 -0.210876 1.330356 0
-0.380599 -0.257228 1.365450 0
-0.342805 -0.299062 1.435041 0
-0.383264 -0.357683 1.355276 0
-0.374271 -0.405627 1.369510 0
-0.393159 -0.461007 1.330288 0
-0.390280 -0.510966 1.332343 0
-0.374711 -0.557027 1.358409 0
-0.394683 -0.614599 1.316259 0
-0.385281 -0.662782 1.330037 0
-0.369946 -0.708595 1.354954 0
-0.368685 -0.759652 1.352655 0
-0.367675 -0.811059 1.349608 0
-0.420872 1.501600 1.348930 0
-0.423592 1.449317 1.349811 0
-0.419969 1.394281 1.362330 0
-0.428576 1.345317 1.351656 0
-0.440521 1.297780 1.334506 0
-0.443114 1.246211 1.334626 0
-0.437377 1.191584 1.350053 0
-0.460599 1.148223 1.311177 0
-0.445594 1.090798 1.343380 0
-0.441393 1.037811 1.355164 0
-0.450321 0.989296 1.342259 0
-0.456725 0.939917 1.333826 0
-0.453238 0.887835 1.343549 0
-0.469436 0.840977 1.316466 0
-0.451866 0.785946 1.351851 0
-0.473757 0.739996 1.313767 0
-0.459082 0.686446 1.343281 0
-0.464645 0.637020 1.335031 0
-0.463975 0.586571 1.338103 0
-0.461840 0.536067 1.343657 0
-0.469673 0.486823 1.330525 0
-0.475072 0.437131 1.321673 0
-0.455434 0.385562 1.358928 0
-0.476869 0.336842 1.319949 0
-0.475565 0.286640 1.322818 0
-0.472735 0.236495 1.328281 0
-0.472764 0.186441 1.328228 0
-0.477676 0.136235 1.318913 0
-0.477965 0.086041 1.317920 0
-0.466950 0.036580 1.337618 0
-0.481798 -0.014792 1.309224 0
-0.463158 -0.063179 1.342585 0
-0.481753 -0.115687 1.306782 0
-0.458784 -0.162865 1.347720 0
-0.481977 -0.216997 1.302911 0
-0.423933 -0.256899 1.408448 0
-0.386977 -0.299005 1.474737 0
-0.482875 -0.370082 1.294301 0
-0.454556 -0.414347 1.344098 0
-0.448167 -0.463537 1.352971 0
-0.448918 -0.514726 1.348343 0
-0.459294 -0.569132 1.325561 0
-0.452662 -0.618587 1.334177 0
-0.459826 -0.672843 1.316853 0
-0.452314 -0.722215 1.326633 0
-0.448982 -0.773190 1.328382 0
-0.432841 -0.819039 1.353829 0
-0.516309 1.471971 1.305805 0
-0.497962 1.409182 1.344729 0
-0.515446 1.363504 1.317994 0
-0.520802 1.312280 1.313168 0
-0.509405 1.254377 1.338600 0
-0.521889 1.206426 1.320335 0
-0.524371 1.154615 1.320037 0
-0.534896 1.105741 1.304913 0
-0.524831 1.050037 1.326920 0
-0.533886 1.000781 1.314023 0
-0.526088 0.946611 1.331433 0
-0.523968 0.894457 1.338321 0
-0.542534 0.847626 1.307568 0
-0.539890 0.795487 1.314965 0
-0.534453 0.743046 1.327179 0
-0.533608 0.691817 1.330868 0
-0.571718 0.647189 1.264027 0
-0.534218 0.590182 1.333436 0
-0.561477 0.542912 1.285775 0
-0.530101 0.488418 1.343656 0
-0.551957 0.439865 1.305326 0
-0.540707 0.388282 1.326466 0
-0.536585 0.337529 1.334540 0
-0.541458 0.287233 1.326188 0
-0.543231 0.236738 1.323206 0
-0.552566 0.186109 1.306386 0
-0.521915 0.136272 1.361403 0
-0.558574 0.084343 1.294912 0
-0.570487 0.032636 1.272790 0
-0.554948 -0.017189 1.299933 0
-0.550178 -0.067623 1.307453 0
-0.544845 -0.117877 1.315775 0
-0.543924 -0.168658 1.315924 0
-0.539219 -0.218885 1.322684 0
-0.467298 -0.256631 1.450601 0
-0.412623 -0.295212 1.547263 0
-0.538869 -0.372321 1.316810 0
-0.530979 -0.421871 1.328465 0
-0.524877 -0.471760 1.336676 0
-0.532073 -0.525370 1.320596 0
-0.542041 -0.580319 1.299247 0
-0.524137 -0.626875 1.328179 0
-0.538164 -0.683927 1.298982 0
-0.517787 -0.729281 1.331995 0
-0.516637 -0.781471 1.329882 0
-0.584616 1.482225 1.309116 0
-0.590328 1.430248 1.304063 0
-0.574629 1.369009 1.336803 0
-0.591231 1.322244 1.311966 0
-0.598431 1.271385 1.303615 0
-0.589067 1.214284 1.324382 0
-0.608989 1.168317 1.293091 0
-0.613474 1.116613 1.288920 0
-0.621935 1.066250 1.277513 0
-0.611131 1.010046 1.299911 0
-0.599301 0.954205 1.323875 0
-0.608869 0.904578 1.309879 0
-0.611289 0.853056 1.308283 0
-0.603847 0.799446 1.323844 0
-0.618685 0.750761 1.299971 0
-0.618873 0.698991 1.301683 0
-0.627319 0.648688 1.288666 0
-0.612258 0.594816 1.316778 0
-0.635744 0.546403 1.276924 0
-0.611304 0.492159 1.321088 0
-0.612494 0.441123 1.320009 0
-0.616387 0.390284 1.313980 0
-0.611385 0.338921 1.323370 0
-0.615203 0.288035 1.317069 0
-0.618330 0.237018 1.311782 0
-0.628395 0.185823 1.294110 0
-0.627880 0.134540 1.294810 0
-0.621237 0.083547 1.306070 0
-0.605259 0.033395 1.333523 0
-0.615331 -0.018429 1.315025 0
-0.618670 -0.069994 1.308146 0
-0.615390 -0.120944 1.312693 0
-0.630777 -0.174529 1.284223 0
-0.613597 -0.223524 1.312798 0
-0.514249 -0.257062 1.485738 0
-0.465956 -0.297153 1.568766 0
-0.613047 -0.378535 1.307645 0
-0.616056 -0.431261 1.299885 0
-0.606208 -0.480951 1.314570 0
-0.584106 -0.527035 1.350676 0
-0.610176 -0.586825 1.301597 0
-0.626646 -0.644810 1.269194 0
-0.590118 -0.685788 1.330201 0
-0.597774 -0.741370 1.312929 0
-0.597261 -0.794441 1.309876 0
-0.667197 1.498945 1.289116 0
-0.658714 1.439871 1.308593 0
-0.667967 1.389125 1.297149 0
-0.661475 1.331875 1.312717 0
-0.694808 1.290762 1.259304 0
-0.700556 1.238395 1.253350 0
-0.673698 1.174626 1.303391 0
-0.671473 1.120352 1.310732 0
-0.671102 1.066994 1.314669 0
-0.681156 1.016941 1.300471 0
-0.699096 0.968879 1.272540 0
-0.692716 0.914139 1.286214 0
-0.701517 0.863409 1.273615 0
-0.710790 0.812621 1.260022 0
-0.704594 0.758587 1.272777 0
-0.694731 0.704282 1.291613 0
-0.696835 0.652391 1.289729 0
-0.681972 0.598151 1.316725 0
-0.700230 0.548611 1.286782 0
-0.694782 0.496030 1.297256 0
-0.710102 0.445480 1.271979 0
-0.697669 0.392598 1.294026 0
-0.708243 0.341308 1.276499 0
-0.693441 0.288943 1.302214 0
-0.701514 0.237366 1.288587 0
-0.699166 0.185592 1.292607 0
-0.680192 0.134366 1.324889 0
-0.708366 0.081624 1.276289 0
-0.691959 0.030713 1.303802 0
-0.685344 -0.020456 1.314367 0
-0.709006 -0.074559 1.272899 0
-0.676623 -0.122797 1.327216 0
-0.704587 -0.178396 1.277977 0
-0.693510 -0.228923 1.295428 0
-0.573974 -0.259794 1.498652 0
-0.496346 -0.294538 1.629966 0
-0.701046 -0.387575 1.276742 0
-0.688091 -0.437310 1.296665 0
-0.680119 -0.487994 1.307853 0
-0.682912 -0.541510 1.300354 0
-0.692383 -0.597295 1.281163 0
-0.672308 -0.644434 1.312594 0
-0.655960 -0.692266 1.337446 0
-0.701989 -0.761633 1.254635 0
-0.668253 -0.803470 1.309064 0
-0.741795 1.455766 1.289717 0
-0.770250 1.412430 1.246043 0
-0.744554 1.346443 1.293410 0
-0.746373 1.292345 1.294220 0
-0.755237 1.241040 1.282991 0
-0.757526 1.187400 1.282632 0
-0.766965 1.136269 1.270079 0
-0.750604 1.077098 1.300629 0
-0.768367 1.028617 1.273751 0
-0.757925 0.972085 1.293970 0
-0.772431 0.922397 1.272207 0
-0.768622 0.868109 1.280932 0
-0.781900 0.817774 1.260884 0
-0.776046 0.763387 1.272659 0
-0.772237 0.709721 1.280824 0
-0.770483 0.656651 1.285369 0
-0.776335 0.604814 1.277023 0
-0.777878 0.552347 1.275699 0
-0.781503 0.500122 1.270719 0
-0.789399 0.448192 1.258433 0
-0.778040 0.394791 1.278108 0
-0.789409 0.342903 1.259669 0
-0.764502 0.289628 1.301591 0
-0.772621 0.237594 1.288219 0
-0.762456 0.185436 1.305182 0
-0.786179 0.132711 1.265417 0
-0.780865 0.080428 1.273927 0
-0.766905 0.028863 1.296693 0
-0.777176 -0.024242 1.278836 0
-0.758866 -0.074891 1.308514 0
-0.798295 -0.131856 1.241603 0
-0.777381 -0.182022 1.275276 0
-0.764957 -0.232847 1.294601 0
-0.601280 -0.256781 1.566580 0
-0.524692 -0.291650 1.692957 0
-0.775770 -0.393532 1.271139 0
-0.752364 -0.441407 1.308142 0
-0.774125 -0.499885 1.269370 0
-0.760260 -0.549777 1.290058 0
-0.753846 -0.601495 1.298092 0
-0.766044 -0.658905 1.274732 0
-0.761358 -0.711502 1.279491 0
-0.779128 -0.771928 1.246349 0
-0.770152 -0.823545 1.257922 0
-0.822309 1.470097 1.277645 0
-0.827437 1.416267 1.273209 0
-0.826514 1.360161 1.278527 0
-0.836512 1.308524 1.265745 0
-0.847226 1.257055 1.251628 0
-0.836156 1.198052 1.273018 0
-0.849845 1.147675 1.253689 0
-0.830276 1.086978 1.288594 0
-0.862428 1.041907 1.238749 0
-0.850379 0.984144 1.260985 0
-0.861661 0.932777 1.244933 0
-0.867752 0.879995 1.237196 0
-0.829704 0.817920 1.301293 0
-0.869872 0.772339 1.237628 0
-0.847885 0.714697 1.275155 0
-0.864536 0.663952 1.249525 0
-0.849440 0.608394 1.275459 0
-0.848488 0.555155 1.278178 0
-0.838604 0.501147 1.295269 0
-0.850198 0.449323 1.277222 0
-0.862784 0.397202 1.257398 0
-0.844356 0.343268 1.287894 0
-0.860860 0.290983 1.261364 0
-0.853639 0.237906 1.273282 0
-0.845630 0.185104 1.286317 0
-0.845559 0.132370 1.286267 0
-0.866832 0.078652 1.251310 0
-0.866500 0.025499 1.251350 0
-0.863974 -0.027510 1.254794 0
-0.851427 -0.079489 1.274389 0
-0.847068 -0.132050 1.280489 0
-0.859728 -0.186857 1.258700 0
-0.849725 -0.238729 1.273661 0
-0.654366 -0.258347 1.590605 0
-0.587430 -0.295458 1.698190 0
-0.853273 -0.399917 1.262846 0
-0.832587 -0.449047 1.294583 0
-0.848669 -0.506640 1.266146 0
-0.836116 -0.557429 1.284285 0
-0.858312 -0.617803 1.245476 0
-0.830130 -0.663997 1.288832 0
-0.856520 -0.726881 1.242766 0
-0.846470 -0.778620 1.256131 0
-0.838602 -0.831024 1.265758 0
-0.906555 1.485637 1.261854 0
-0.912050 1.431286 1.256764 0
-0.910854 1.374433 1.262216 0
-0.929296 1.325230 1.236093 0
-0.927641 1.268530 1.241944 0
-0.908662 1.206373 1.275283 0
-0.926913 1.156936 1.249004 0
-0.922809 1.100419 1.258244 0
-0.925577 1.046198 1.256357 0
-0.929136 0.992294 1.253047 0
-0.943775 0.941144 1.231936 0
-0.942080 0.885983 1.236681 0
-0.936225 0.830196 1.247882 0
-0.945731 0.777664 1.234482 0
-0.917963 0.718598 1.280202 0
-0.942408 0.668591 1.242736 0
-0.939706 0.614183 1.248277 0
-0.930840 0.559257 1.263452 0
-0.930166 0.505539 1.265452 0
-0.917392 0.450947 1.286514 0
-0.928791 0.398379 1.269026 0
-0.924104 0.344734 1.276933 0
-0.931075 0.291601 1.266171 0
-0.928994 0.238159 1.269630 0
-0.971798 0.184397 1.201667 0
-0.929629 0.131375 1.268467 0
-0.938399 0.077566 1.254233 0
-0.947370 0.023399 1.239521 0
-0.949153 -0.030559 1.236068 0
-0.947758 -0.084328 1.237505 0
-0.951960 -0.138770 1.229896 0
-0.924518 -0.189211 1.272414 0
-0.941027 -0.245444 1.244932 0
-0.704899 -0.259459 1.618996 0
-0.634727 -0.296273 1.729172 0
-0.919654 -0.403845 1.274250 0
-0.926136 -0.459471 1.262062 0
-0.921333 -0.512767 1.267674 0
-0.939476 -0.572052 1.236573 0
-0.926304 -0.623464 1.255197 0
-0.929910 -0.679594 1.246920 0
-0.898200 -0.724931 1.294824 0
-0.928788 -0.790165 1.243147 0
-0.992598 1.501510 1.245719 0
-1.001817 1.447971 1.234761 0
-0.991822 1.387020 1.253640 0
-0.993710 1.331089 1.253805 0
-1.010379 1.280508 1.230779 0
-1.015435 1.225763 1.225712 0
-1.015561 1.169557 1.228172 0
-1.019364 1.114663 1.224755 0
-1.026980 1.060904 1.215258 0
-0.998987 0.997947 1.260970 0
-1.022448 0.948468 1.226547 0
-1.018228 0.892221 1.234994 0
-1.008238 0.835123 1.252245 0
-1.029521 0.784321 1.220801 0
-1.009957 0.726071 1.252606 0
-1.010076 0.671584 1.253715 0
-1.011278 0.617348 1.253001 0
-1.003699 0.562166 1.265755 0
-1.003510 0.508050 1.266905 0
-1.021077 0.455416 1.240392 0
-1.020969 0.401137 1.241133 0
-1.036134 0.347579 1.218063 0
-1.031891 0.293010 1.224926 0
-1.017097 0.238517 1.247993 0
-1.018520 0.184408 1.245787 0
-1.037211 0.129787 1.216684 0
-1.013592 0.076347 1.252994 0
-1.040327 0.020610 1.211133 0
-1.032625 -0.033391 1.222494 0
-1.022768 -0.086973 1.237053 0
-1.041268 -0.143520 1.207508 0
-1.014879 -0.194886 1.247416 0
-1.014254 -0.249272 1.247235 0
-0.754256 -0.260366 1.649333 0
-0.656437 -0.292358 1.799826 0
-1.001837 -0.410888 1.262183 0
-0.578577 -0.372267 1.917806 8
-0.536616 -0.409623 1.981380 8
-1.012310 -0.578428 1.240261 0
-1.017342 -0.635321 1.230247 0
-1.010592 -0.689159 1.238401 0
-1.030029 -0.751117 1.205650 0
-1.015385 -0.802810 1.225791 0
-1.082479 1.460585 1.229409 0
-1.091461 1.406339 1.218755 0
-1.125240 1.360993 1.170246 0
-1.081432 1.288171 1.239612 0
-1.093142 1.235187 1.224392 0
-1.078201 1.173877 1.249525 0
-1.101610 1.124390 1.216274 0
-1.113013 1.071044 1.201133 0
-1.107834 1.013315 1.211014 0
-1.105578 0.956651 1.216319 0
-1.103484 0.900282 1.221237 0
-1.118764 0.847623 1.199690 0
-1.096863 0.787807 1.234338 0
-1.104173 0.733707 1.224597 0
-1.118500 0.680511 1.204104 0
-1.107153 0.623593 1.222345 0
-1.111877 0.568976 1.216124 0
-1.104018 0.513084 1.228812 0
-1.119084 0.459319 1.206680 0
-1.044275 -0.030562 1.319852 0
-1.076184 -0.087499 1.270924 0
-1.073616 -0.141736 1.274023 0
-0.606143 -0.135601 1.980648 6
-1.056905 -0.248503 1.297352 0
-0.791183 -0.259221 1.698546 0
-0.691684 -0.291055 1.848054 8
-0.602792 -0.321644 1.981462 8
-0.585981 -0.364903 2.005590 8
-0.557755 -0.405029 2.046930 8
-0.553004 -0.450236 2.052578 8
-0.531151 -0.490813 2.084069 8
-1.058115 -0.688920 1.282305 0
-1.051767 -0.742851 1.289674 0
-1.079632 -0.807873 1.244922 0
-0.799446 0.040688 1.793477 6
-0.693836 -0.000081 1.949028 6
-1.103737 -0.085600 1.343047 0
-0.630131 -0.087306 2.042012 6
-0.665859 -0.138029 1.988517 6
-1.083366 -0.245431 1.370671 0
-0.597624 -0.220744 2.087649 8
-0.558211 -0.259540 2.144927 8
-0.544416 -0.302127 2.164248 8
-0.524358 -0.343018 2.192743 8
-0.560934 -0.396447 2.137343 8
-0.566271 -0.443521 2.128052 8
-0.548383 -0.484753 2.153049 8
-0.546096 -0.529953 2.154847 8
-1.091805 -0.740396 1.344245 0
-0.860180 0.039635 1.805354 6
-0.736388 -0.000180 1.983502 6
-0.887694 -0.061280 1.764800 6
-0.639868 -0.083967 2.121722 6
-0.704426 -0.137735 2.027953 6
-0.737934 -0.189325 1.978866 8
-0.605897 -0.215681 2.168608 8
-0.578605 -0.256179 2.207123 8
-0.485135 -0.283035 2.341133 8
-0.514327 -0.332682 2.297946 8
-0.500624 -0.373676 2.316626 8
-0.574176 -0.435719 2.209114 8
-0.575393 -0.481468 2.206026 8
-0.554366 -0.521204 2.235017 8
-0.536937 -0.561452 2.258733 8
-0.511835 -0.598865 2.293484 8
-0.697710 -0.705582 2.022631 7
-0.635691 -0.732441 2.110606 7
-0.595698 -0.765425 2.166638 7
-0.551523 -0.795621 2.228697 7
-0.554303 -0.843386 2.222586 7
-0.897672 0.039951 1.850918 6
-0.775009 0.000008 2.023356 6
-0.518354 -0.023728 2.384501 6
-0.569949 -0.072166 2.311360 6
-0.564642 -0.115314 2.318304 6
-0.597612 -0.163749 2.271227 8
-0.597538 -0.208162 2.270635 8
-0.509134 -0.237279 2.394499 8
-0.504760 -0.279585 2.399840 8
-0.508296 -0.323500 2.393951 8
-0.518012 -0.369042 2.379262 8
-0.503983 -0.409311 2.397998 8
-0.570453 -0.470049 2.303022 8
-0.592370 -0.520929 2.270823 8
-0.552009 -0.554507 2.326506 8
-0.530308 -0.592659 2.355775 8
-0.504117 -0.628784 2.391335 8
-0.658755 -0.726429 2.171067 7
-0.696201 -0.787287 2.116358 7
-0.549617 -0.779947 2.322053 7
-0.548862 -0.825530 2.321302 7
-0.954515 0.039148 1.869275 6
-0.824918 -0.000644 2.047296 6
-1.216717 -0.083015 1.507771 0
-0.715792 -0.083591 2.196682 8
-0.609973 -0.116204 2.341845 6
-0.625608 -0.162282 2.319782 8
-0.508393 -0.188329 2.480560 8
-0.470160 -0.224171 2.532561 8
-0.433645 -0.259172 2.582149 8
-0.430093 -0.299820 2.586282 8
-0.435886 -0.342533 2.577473 8
-0.386801 -0.372500 2.644238 8
-0.378824 -0.411431 2.654295 8
-0.593961 -0.510802 2.356577 8
-0.586762 -0.553463 2.365346 8
-0.543629 -0.585089 2.423641 8
-0.535337 -0.626658 2.433805 8
-0.628388 -0.702504 2.303941 7
-0.780304 -0.802703 2.092570 7
-0.525730 -0.756558 2.442810 7
-0.529036 -0.802612 2.436671 7
-0.511829 -0.840647 2.458832 7
-0.959359 0.041287 1.958224 6
-0.655002 0.014615 2.367134 6
-0.564893 -0.021248 2.487992 6
-0.594332 -0.066756 2.448068 6
-0.582244 -0.108262 2.463921 6
-0.616308 -0.155762 2.417649 8
-0.526115 -0.185424 2.538448 8
-0.480391 -0.219776 2.599401 8
-0.442624 -0.254211 2.649611 8
-0.419825 -0.290539 2.679640 8
-0.393506 -0.325462 2.714365 8
-0.411873 -0.370127 2.688881 8
-0.395116 -0.406702 2.710634 8
-0.373113 -0.441457 2.739410 8
-0.583182 -0.541578 2.455428 8
-0.570081 -0.581707 2.472033 8
-0.566312 -0.624540 2.476003 8
-0.562461 -0.667404 2.480026 8
-0.567424 -0.713431 2.472096 8
-0.573811 -0.760357 2.462176 8
-1.038842 0.039223 1.946618 6
-0.668516 0.016364 2.432889 6
-0.549167 -0.016668 2.589440 6
-0.577308 -0.061162 2.552181 6
-0.556588 -0.100793 2.579071 6
-0.632722 -0.152904 2.478636 6
-0.498503 -0.175767 2.654602 8
-0.483008 -0.214243 2.674502 8
-0.417203 -0.243105 2.760503 8
-0.435372 -0.286668 2.736066 8
-0.431004 -0.326072 2.741213 8
-0.418666 -0.363606 2.756799 8
-0.429548 -0.406613 2.741794 8
-0.402478 -0.440092 2.776679 8
-0.404343 -0.480936 2.773445 8
-0.629400 -0.588190 2.476294 8
-0.608122 -0.625894 2.503361 8
-0.559367 -0.654024 2.566587 8
-0.558593 -0.697338 2.566570 8
-0.543959 -0.735797 2.584771 7
-0.544020 -0.779555 2.583552 7
-0.551279 -0.826388 2.572785 7
-1.051242 1.854736 1.997821 2
-1.095489 1.823058 1.942302 2
-1.087554 1.764520 1.954131 2
-1.080430 1.706992 1.964847 2
-1.106788 1.665385 1.932306 2
-1.075066 1.597581 1.974629 2
-1.093930 1.552624 1.951655 2
-1.061058 1.228030 2.000924 2
-1.069619 1.179735 1.990873 2
-1.060513 1.126200 2.003502 2
-1.061190 1.075858 2.003493 2
-1.055653 1.024061 2.011424 2
-1.068081 0.977000 1.996208 2
-1.089531 0.931762 1.969352 2
-1.078582 0.879113 1.984091 2
-1.055801 0.824629 2.013981 2
-1.087836 0.780892 1.973390 2
-1.099622 0.732924 1.958772 2
-1.092608 0.681892 1.968256 2
-1.108791 0.634268 1.947900 2
-1.117006 0.585286 1.937732 2
-1.110467 0.534623 1.946461 2
-1.110046 0.484758 1.947287 2
-1.100879 0.434347 1.959293 2
-1.087046 0.384014 1.977242 2
-1.104111 0.335357 1.955474 2
-1.087995 0.285413 1.976257 2
-0.994493 0.139715 2.096292 3
-1.387605 0.022479 1.591373 6
-0.731420 0.014586 2.433640 6
-0.544794 -0.013194 2.673053 6
-0.565328 -0.056239 2.646452 6
-0.601486 -0.101819 2.599743 6
-0.561544 -0.138468 2.650721 8
-0.515019 -0.172952 2.710124 8
-0.485800 -0.208898 2.747270 8
-0.475059 -0.247344 2.760647 8
-0.456948 -0.284097 2.783457 8
-0.455796 -0.323979 2.784442 8
-0.476638 -0.368956 2.757118 8
-0.454306 -0.404177 2.785248 8
-0.461450 -0.446484 2.775448 8
-0.397835 -0.469605 2.856605 8
-0.418421 -0.515448 2.829445 8
-0.440255 -0.562497 2.800627 8
-0.583464 -0.649870 2.615554 8
-0.590597 -0.695651 2.605511 8
-0.548273 -0.724166 2.659101 7
-0.558908 -0.771312 2.644465 7
-0.574567 -0.820988 2.623305 7
-0.549386 -0.854766 2.654719 7
-0.480955 -0.869584 2.741863 7
-0.871343 1.891163 2.316280 2
-0.849895 1.827894 2.344705 2
-0.874880 1.790669 2.314477 2
-0.840465 1.722071 2.359149 2
-0.837598 1.670848 2.363967 2
-0.878304 1.641201 2.313813 2
-0.869645 1.587360 2.325855 2
-0.874591 1.540260 2.320708 2
-0.901639 1.502901 2.287687 2
-0.873417 1.441795 2.324231 2
-0.905247 1.406026 2.285124 2
-0.897397 1.354170 2.295931 2
-1.038337 1.357743 2.119492 2
-1.019864 1.300708 2.143613 2
-1.054530 1.262396 2.100856 2
-1.033182 1.205228 2.128505 2
-1.036178 1.156370 2.125498 2
-1.026891 1.104070 2.137892 2
-1.031505 1.056042 2.132772 2
-1.025208 1.005242 2.141324 2
-1.037892 0.959379 2.125989 2
-1.061881 0.915814 2.096420 2
-1.051710 0.864486 2.109722 2
-1.062424 0.817657 2.096756 2
-1.040254 0.764761 2.125043 2
-1.047715 0.717485 2.116086 2
-1.076969 0.673282 2.079734 2
-1.080759 0.624917 2.075314 2
-1.081491 0.576164 2.074696 2
-1.097118 0.528957 2.055346 2
-1.070426 0.477738 2.089069 2
-1.108051 0.431864 2.042039 2
-1.117634 0.383359 2.030164 2
-1.121212 0.334360 2.025788 2
-1.133353 0.285474 2.010628 2
-1.165896 0.236386 1.969831 2
-1.044643 0.187485 2.121981 3
-0.996872 0.140619 2.181888 3
-1.412538 0.023660 1.660094 6
-0.792781 0.012959 2.437682 6
-0.560708 -0.011538 2.728761 6
-0.552610 -0.051379 2.738737 6
-0.607126 -0.098275 2.670093 6
-0.521247 -0.128483 2.777637 6
-0.513796 -0.167614 2.786712 6
-0.507730 -0.206815 2.794020 8
-0.492513 -0.244282 2.812786 8
-0.484139 -0.282693 2.822934 8
-0.489180 -0.323752 2.816203 8
-0.476818 -0.361161 2.831300 8
-0.484086 -0.403028 2.821708 8
-0.451456 -0.435009 2.862212 8
-0.456571 -0.476378 2.855264 8
-0.412662 -0.503909 2.909898 8
-0.436598 -0.550848 2.879232 8
-0.518062 -0.617155 2.776189 8
-0.580025 -0.679692 2.697596 8
-0.515049 -0.699624 2.778609 7
-0.571510 -0.762471 2.706836 7
-0.579843 -0.808812 2.695561 7
-0.579736 -0.852253 2.694869 7
-0.522721 -0.872106 2.765793 7
-0.860699 1.861619 2.417717 2
-0.875880 1.819518 2.400028 2
-0.859845 1.760729 2.420772 2
-0.845380 1.703633 2.439536 2
-0.861035 1.662281 2.421171 2
-0.849610 1.607753 2.436118 2
-0.849102 1.558955 2.437591 2
-0.838126 1.505801 2.451909 2
-0.836484 1.457292 2.454709 2
-0.831794 1.407845 2.461225 2
-0.878828 1.379312 2.404104 2
-0.852158 1.321469 2.437589 2
-0.880011 1.284577 2.404012 2
-0.859560 1.230197 2.429783 2
-0.881884 1.190893 2.402953 2
-0.894894 1.148134 2.387546 2
-0.879452 1.096607 2.407064 2
-0.894087 1.054312 2.389607 2
-0.912112 1.012641 2.367962 2
-0.909109 0.965241 2.372116 2
-0.911270 0.919316 2.369899 2
-0.918281 0.874544 2.361701 2
-0.916294 0.827830 2.364521 2
-0.926582 0.783647 2.352247 2
-0.922888 0.736804 2.357107 2
-0.927570 0.691524 2.351659 2
-0.933998 0.646448 2.344043 2
-0.955822 0.603258 2.317509 2
-0.971426 0.558766 2.298582 2
-0.973498 0.512526 2.296233 2
-0.979471 0.466608 2.289068 2
-1.003402 0.421790 2.259849 2
-1.020293 0.375908 2.239238 2
-1.020305 0.328903 2.239306 2
-0.992253 0.281280 2.273772 2
-0.968452 0.234556 2.302996 2
-1.024450 0.187955 2.234305 2
-1.010027 0.141252 2.251969 3
-1.439981 0.024673 1.724396 6
-0.854981 0.011315 2.441926 6
-0.571300 -0.009484 2.789816 6
-0.535078 -0.046174 2.834113 6
-0.543370 -0.086897 2.823775 6
-0.526918 -0.124725 2.843773 6
-0.540852 -0.166521 2.826464 6
-0.557916 -0.209323 2.805287 8
-0.528395 -0.244547 2.841256 8
-0.528017 -0.284523 2.841437 8
-0.525391 -0.324123 2.844353 8
-0.518463 -0.362793 2.852527 8
-0.502202 -0.399146 2.872137 8
-0.498454 -0.438286 2.876362 8
-0.479981 -0.473480 2.898647 8
-0.436398 -0.501087 2.951754 8
-0.469457 -0.550493 2.910705 8
-0.472132 -0.591491 2.906947 8
-0.532355 -0.651854 2.832450 8
-0.538604 -0.695526 2.824235 8
-0.602644 -0.760632 2.744954 7
-0.584626 -0.796794 2.766504 7
-0.576201 -0.836390 2.776236 7
-0.515953 -0.854543 2.849684 7
-0.879265 1.849151 2.480864 2
-0.868040 1.793162 2.495082 2
-0.845845 1.732169 2.522467 2
-0.888531 1.705041 2.471784 2
-0.876731 1.650180 2.486616 2
-0.858424 1.592945 2.509243 2
-0.878108 1.553925 2.486171 2
-0.857251 1.496724 2.511811 2
-0.857570 1.449436 2.511973 2
-0.866881 1.406059 2.501308 2
-0.869051 1.359836 2.499205 2
-0.877770 1.316239 2.489214 2
-0.847520 1.258590 2.526008 2
-0.856995 1.215759 2.515067 2
-0.840313 1.164261 2.535516 2
-0.856105 1.123615 2.516951 2
-0.850182 1.076222 2.524439 2
-0.891441 1.042441 2.475269 2
-0.875065 0.992249 2.495266 2
-0.892213 0.951100 2.475005 2
-0.893620 0.905876 2.473620 2
-0.887702 0.859142 2.481003 2
-0.911724 0.818823 2.452443 2
-0.894221 0.770055 2.473688 2
-0.915724 0.728696 2.448115 2
-0.921794 0.684342 2.441041 2
-0.917160 0.638366 2.446787 2
-0.941652 0.596339 2.417578 2
-0.918661 0.548290 2.445305 2
-0.928274 0.504188 2.433906 2
-0.951460 0.460974 2.406211 2
-0.952990 0.415647 2.404470 2
-0.962987 0.370759 2.392556 2
-0.970693 0.325514 2.383370 2
-0.958358 0.279609 2.398202 2
-0.907004 0.233795 2.459809 2
-0.978781 0.188603 2.373728 3
-0.957621 0.143344 2.399086 3
-1.458009 0.026152 1.798863 6
-0.898724 0.010959 2.469553 6
-0.564112 -0.006016 2.870789 6
-0.546911 -0.043978 2.891321 6
-0.538609 -0.082474 2.901164 6
-0.521204 -0.119613 2.921910 6
-0.540657 -0.161563 2.898428 6
-0.556846 -0.203659 2.878843 8
-0.558814 -0.243862 2.876300 8
-0.526866 -0.277816 2.914432 8
-0.527384 -0.317512 2.913597 8
-0.547132 -0.361545 2.889670 8
-0.533929 -0.398567 2.905265 8
-0.511424 -0.432979 2.932008 8
-0.481092 -0.464748 2.968134 8
-0.468945 -0.500822 2.982422 8
-0.462322 -0.538299 2.990062 8
-0.500725 -0.589773 2.943628 8
-0.536413 -0.641720 2.900426 8
-0.544081 -0.685337 2.890846 8
-0.621822 -0.754557 2.797084 7
-0.616573 -0.795301 2.802966 7
-0.601969 -0.832427 2.820070 7
-1.084011 2.045461 2.322981 2
-1.088568 1.994675 2.318102 2
-0.901308 1.838942 2.538601 2
-0.891343 1.784090 2.550728 2
-0.879971 1.729182 2.564491 2
-0.902640 1.691944 2.538250 2
-0.896504 1.640383 2.545835 2
-0.891410 1.589808 2.552179 2
-0.883453 1.538397 2.561871 2
-0.864976 1.482954 2.583900 2
-0.885685 1.444735 2.559906 2
-0.845523 1.381649 2.607363 2
-0.874254 1.346668 2.573929 2
-0.870472 1.298971 2.578651 2
-0.857614 1.248395 2.594011 2
-0.861480 1.204098 2.589730 2
-0.844703 1.153202 2.609662 2
-0.872874 1.116857 2.576838 2
-0.856115 1.066676 2.596723 2
-0.846686 1.019212 2.607994 2
-0.865421 0.979572 2.586211 2
-0.873014 0.936763 2.577490 2
-0.849216 0.886596 2.605582 2
-0.863904 0.845611 2.588516 2
-0.875291 0.803640 2.575312 2
-0.852802 0.755132 2.601830 2
-0.869149 0.714054 2.582787 2
-0.884120 0.672367 2.565348 2
-0.881655 0.627858 2.568347 2
-0.904839 0.586742 2.541256 2
-0.889373 0.540701 2.559481 2
-0.906280 0.498308 2.539729 2
-0.897202 0.453345 2.550440 2
-0.914286 0.410445 2.530461 2
-0.911101 0.366023 2.534239 2
-0.905312 0.321629 2.541060 2
-0.922705 0.277943 2.520686 2
-0.995625 0.234166 2.435191 2
-0.933541 0.189231 2.507991 3
-0.966000 0.144031 2.469918 3
-1.478354 0.027472 1.869054 6
-0.944751 0.010458 2.494736 6
-0.586047 -0.005016 2.915325 6
-0.587741 -0.044638 2.913279 6
-0.588049 -0.084204 2.912850 6
-0.563281 -0.120670 2.941819 6
-0.555251 -0.158824 2.951150 8
-0.532980 -0.194585 2.977173 8
-0.546086 -0.235812 2.961696 8
-0.591838 -0.283599 2.907918 8
-0.570313 -0.319317 2.933037 8
-0.564607 -0.357911 2.939593 8
-0.543464 -0.392869 2.964248 8
-0.498412 -0.421404 3.016945 8
-0.517075 -0.465383 2.994886 8
-0.498220 -0.499662 3.016834 8
-0.477341 -0.532912 3.041148 8
-0.542887 -0.592285 2.964044 8
-0.532750 -0.629361 2.975732 8
-0.553910 -0.676898 2.950684 8
-0.560690 -0.720173 2.942496 8
-0.626583 -0.785734 2.864913 7
-0.623239 -0.826840 2.868581 7
-0.901383 1.866287 2.620345 2
-0.882488 1.806909 2.642167 2
-0.903583 1.769467 2.618098 2
-0.886419 1.712217 2.637921 2
-0.915953 1.678811 2.604164 2
-0.908187 1.627004 2.613196 2
-0.888488 1.570250 2.635913 2
-0.900501 1.528479 2.622246 2
-0.894473 1.478872 2.629270 2
-0.912775 1.439740 2.608380 2
-0.874593 1.377881 2.652279 2
-0.877291 1.333022 2.649280 2
-0.888932 1.291571 2.636019 2
-0.862266 1.236565 2.666692 2
-0.857633 1.189956 2.672089 2
-0.857704 1.145182 2.672087 2
-0.876721 1.106349 2.650351 2
-0.864266 1.058021 2.664709 2
-0.864959 1.013833 2.663982 2
-0.869213 0.970699 2.659167 2
-0.885360 0.930480 2.640710 2
-0.852563 0.878727 2.678378 2
-0.857046 0.836047 2.673291 2
-0.836737 0.788426 2.696629 2
-0.855233 0.748653 2.675464 2
-0.864950 0.706949 2.664364 2
-0.860497 0.662866 2.669509 2
-0.861041 0.619696 2.668921 2
-0.858053 0.576147 2.672378 2
-0.880779 0.535582 2.646346 2
-0.858859 0.490156 2.671506 2
-0.876642 0.448625 2.651136 2
-0.887199 0.406141 2.639049 2
-0.891972 0.363087 2.633590 2
-0.901690 0.320103 2.622457 2
-0.879356 0.276151 2.648073 2
-1.052501 0.234295 2.449542 2
-0.915510 0.189644 2.606621 3
-1.033646 0.143399 2.471158 3
-1.503891 0.028492 1.931935 6
-0.662604 0.031597 2.896580 6
-0.571667 -0.001116 3.000838 6
-0.584975 -0.041129 2.985558 6
-0.580865 -0.079666 2.990249 6
-0.575942 -0.118034 2.995869 6
-0.577730 -0.157256 2.993791 8
-0.565818 -0.194487 3.007418 8
-0.585087 -0.236713 2.985288 8
-0.567452 -0.272809 3.005472 8
-0.583535 -0.315174 2.986988 8
-0.564157 -0.350543 3.009165 8
-0.554455 -0.387652 3.020244 8
-0.535977 -0.422447 3.041383 8
-0.547597 -0.464592 3.028004 8
-0.542841 -0.502736 3.033401 8
-0.521403 -0.536055 3.057927 8
-0.524874 -0.576442 3.053882 8
-0.572810 -0.631284 2.998837 8
-0.582654 -0.675011 2.987474 8
-0.591002 -0.718690 2.977825 8
-0.630787 -0.774298 2.932112 7
-0.608397 -0.807647 2.957710 7
-1.116326 2.120581 2.460042 2
-0.987341 1.992300 2.604395 2
-0.841360 1.859052 2.767808 2
-0.893533 1.839971 2.709210 2
-0.905717 1.798174 2.695421 2
-0.912235 1.753375 2.687984 2
-0.902241 1.700401 2.699055 2
-0.911375 1.657338 2.688695 2
-0.922627 1.615271 2.675966 2
-0.887244 1.551966 2.715506 2
-0.894484 1.508717 2.707281 2
-0.902013 1.465621 2.698737 2
-0.870239 1.406546 2.734248 2
-0.904643 1.374596 2.695588 2
-0.888051 1.322635 2.714092 2
-0.873943 1.272295 2.729817 2
-0.895288 1.234842 2.705804 2
-0.904386 1.192891 2.695524 2
-0.877753 1.139591 2.725301 2
-0.876760 1.094967 2.726340 2
-0.874293 1.050122 2.729036 2
-0.884033 1.008808 2.718049 2
-0.858760 0.958415 2.746321 2
-0.869731 0.917630 2.733961 2
-0.878724 0.876206 2.723824 2
-0.864781 0.829804 2.739405 2
-0.867638 0.787224 2.736153 2
-0.860491 0.742851 2.744122 2
-0.859970 0.699893 2.744664 2
-0.880074 0.660181 2.722086 2
-0.861071 0.614581 2.743359 2
-0.866850 0.572661 2.736848 2
-0.828969 0.525898 2.779296 2
-0.849673 0.485805 2.756057 2
-0.854570 0.443904 2.750546 2
-0.873298 0.402803 2.729529 2
-0.845083 0.358820 2.761153 2
-0.883734 0.318097 2.717803 2
-1.814453 0.295617 1.674176 2
-0.863026 0.232641 2.741014 3
-0.965072 0.189559 2.626588 3
-1.078797 0.143270 2.499071 3
-1.503582 0.030793 2.022777 6
-0.719341 0.030153 2.902161 6
-0.589701 0.000108 3.047541 6
-0.570549 -0.036612 3.069034 6
-0.596551 -0.077724 3.039900 6
-0.603537 -0.117304 3.032092 6
-0.594631 -0.154960 3.042105 8
-0.623058 -0.198108 3.010263 8
-0.592927 -0.232390 3.044082 8
-0.598054 -0.272274 3.038371 8
-0.574101 -0.306691 3.065267 8
-0.577427 -0.346256 3.061581 8
-0.534464 -0.375576 3.109797 8
-0.494947 -0.404564 3.154151 8
-0.560567 -0.459342 3.080634 8
-0.537972 -0.492360 3.106021 8
-0.553213 -0.535626 3.088993 8
-0.559929 -0.576932 3.081527 8
-0.576573 -0.621719 3.062935 8
-0.586095 -0.664816 3.052330 8
-0.627776 -0.719480 3.005680 8
-0.646283 -0.767232 2.985013 7
-0.647528 -0.809247 2.983700 7
-0.649175 -0.851657 2.981940 7
-1.099718 2.085431 2.562736 2
-0.965818 1.956385 2.708744 2
-1.301226 2.094468 2.341343 2
-0.903371 1.823946 2.776217 2
-0.928835 1.789606 2.747949 2
-0.901411 1.727751 2.777574 2
-0.898617 1.679265 2.780259 2
-0.924695 1.644997 2.751349 2
-0.899463 1.586407 2.778625 2
-0.905001 1.542662 2.772225 2
-0.897403 1.493325 2.780222 2
-0.926989 1.459979 2.747509 2
-0.920327 1.411405 2.754505 2
-0.904065 1.359556 2.772028 2
-0.878858 1.305101 2.799367 2
-0.877410 1.260081 2.800692 2
-0.911278 1.227351 2.763334 2
-0.895404 1.177573 2.780486 2
-0.887226 1.130847 2.789219 2
-0.886337 1.086697 2.789976 2
-0.886041 1.042904 2.790094 2
-0.858256 0.991940 2.820351 2
-0.868854 0.951617 2.808551 2
-0.873064 0.909602 2.803765 2
-0.886977 0.869756 2.788351 2
-0.872942 0.823803 2.803584 2
-0.861352 0.778845 2.816149 2
-0.882187 0.740140 2.793176 2
-0.874053 0.696154 2.801972 2
-0.879090 0.654471 2.796340 2
-0.858821 0.609283 2.818463 2
-0.867174 0.568231 2.809214 2
-0.921400 0.531923 2.749675 2
-0.924327 0.489350 2.746394 2
-0.899772 0.444585 2.773259 2
-0.922768 0.403621 2.747993 2
-0.923880 0.360940 2.746733 2
-0.928716 0.318387 2.741398 2
-0.904808 0.275100 2.767596 2
-0.893412 0.232596 2.780083 3
-0.897232 0.190313 2.775894 2
-0.984287 0.146135 2.680439 3
-1.501160 0.084117 2.113664 3
-1.515020 0.032451 2.098501 3
-0.818690 0.026006 2.862120 6
-0.620751 0.000278 3.079219 6
-0.617046 -0.037866 3.083337 6
-0.620614 -0.076728 3.079487 6
-0.595857 -0.112301 3.106707 8
-0.612294 -0.152823 3.088766 8
-0.615413 -0.191881 3.085438 8
-0.641436 -0.234878 3.057008 8
-0.632657 -0.272468 3.066744 8
-0.587137 -0.302773 3.116767 8
-0.549407 -0.333474 3.158256 8
-0.516448 -0.364240 3.194520 8
-0.519695 -0.402748 3.191104 8
-0.501986 -0.436181 3.210667 8
-0.541572 -0.484503 3.167441 8
-0.584815 -0.535148 3.120221 8
-0.544226 -0.562365 3.164886 8
-0.595308 -0.617054 3.109103 8
-0.633139 -0.669098 3.067856 8
-0.653297 -0.716409 3.045990 7
-0.656290 -0.758387 3.042941 7
-0.640880 -0.793808 3.060064 7
-0.643983 -0.836108 3.056916 7
-1.179305 2.160284 2.560468 2
-1.067610 2.042140 2.678941 2
-1.272501 2.107783 2.459328 2
-1.051280 1.932062 2.694899 2
-0.919344 1.811616 2.835183 2
-0.950052 1.780264 2.801707 2
-0.924899 1.720082 2.827960 2
-0.926850 1.674231 2.825261 2
-0.932849 1.630520 2.818254 2
-0.906450 1.572072 2.845920 2
-0.910719 1.528264 2.840807 2
-0.900423 1.478360 2.851297 2
-0.927075 1.444226 2.822270 2
-0.907832 1.391313 2.842376 2
-0.899970 1.343547 2.850325 2
-0.902627 1.300087 2.847033 2
-0.888045 1.250688 2.862219 2
-0.879519 1.203957 2.870942 2
-0.954389 1.184523 2.790362 2
-0.932133 1.133207 2.813823 2
-0.922859 1.086515 2.823400 2
-0.928519 1.044408 2.816996 2
-0.929865 1.001151 2.815232 2
-0.954123 0.963704 2.788932 2
-0.946049 0.918107 2.797296 2
-0.932803 0.871733 2.811223 2
-0.939199 0.829901 2.804114 2
-0.938427 0.786624 2.804706 2
-0.932034 0.742478 2.811342 2
-0.927944 0.698984 2.815527 2
-0.947725 0.659240 2.794135 2
-0.933530 0.614449 2.809188 2
-0.926270 0.570966 2.816823 2
-0.916221 0.527458 2.827467 2
-0.950353 0.488345 2.790749 2
-0.937722 0.444686 2.804194 2
-0.908247 0.400355 2.835721 2
-0.914647 0.358661 2.828792 2
-0.918583 0.316727 2.824522 2
-0.949310 0.275266 2.791535 2
-0.889829 0.232314 2.855310 3
-0.920347 0.190408 2.822580 2
-1.588188 0.134157 2.106351 3
-1.599863 0.082189 2.093871 6
-1.569212 0.031959 2.126803 6
-0.951884 0.019812 2.788924 6
-0.778113 -0.009359 2.975359 6
-0.628536 -0.035875 3.135855 6
-0.643758 -0.075659 3.119636 6
-0.659923 -0.116038 3.102422 8
-0.652887 -0.153817 3.110104 8
-0.656532 -0.193049 3.106346 8
-0.623039 -0.226410 3.142421 8
-0.658748 -0.271148 3.104319 8
-0.590975 -0.297188 3.177168 8
-0.544993 -0.325860 3.226664 8
-0.544666 -0.363358 3.227234 8
-0.545152 -0.401140 3.226948 8
-0.518969 -0.432407 3.255256 8
-0.540127 -0.475507 3.232848 8
-0.562850 -0.519783 3.208782 8
-0.601940 -0.569645 3.167203 8
-0.624723 -0.615784 3.143117 8
-0.638169 -0.659736 3.129055 7
-0.628980 -0.696622 3.139252 7
-0.668816 -0.750646 3.096968 7
-0.647461 -0.783601 3.120227 7
-0.618551 -0.813222 3.151584 7
-1.148019 2.116447 2.675228 2
-1.277480 2.139458 2.539146 2
-1.345149 2.124072 2.467463 2
-1.036972 1.902174 2.787913 2
-0.983557 1.825109 2.842701 2
-0.963944 1.767386 2.862265 2
-0.960751 1.718752 2.864724 2
-0.950028 1.666874 2.875080 2
-0.976050 1.632768 2.847079 2
-0.977651 1.587103 2.844614 2
-0.971208 1.538137 2.850585 2
-0.955710 1.485797 2.866056 2
-0.952472 1.439148 2.868739 2
-0.971939 1.401718 2.847702 2
-0.947276 1.347298 2.872853 2
-0.952941 1.304800 2.866304 2
-0.954455 1.260894 2.864124 2
-0.943302 1.212920 2.875230 2
-0.958599 1.173870 2.858672 2
-0.938692 1.123861 2.878998 2
-0.945741 1.082387 2.871125 2
-0.949989 1.040097 2.866207 2
-0.974287 1.003053 2.840308 2
-0.959536 0.955847 2.855342 2
-0.967891 0.914549 2.846192 2
-0.959250 0.869442 2.854874 2
-0.956503 0.825896 2.857406 2
-0.951361 0.782083 2.862473 2
-0.939949 0.737419 2.874138 2
-0.968507 0.699599 2.843922 2
-0.968272 0.656833 2.843914 2
-0.968906 0.614268 2.843019 2
-0.937519 0.567956 2.875727 2
-0.957748 0.527987 2.854331 2
-0.945086 0.484526 2.867450 2
-0.952248 0.442986 2.859802 2
-0.941986 0.400193 2.870451 2
-0.937062 0.357980 2.875526 2
-0.940428 0.316219 2.871927 2
-0.946195 0.274432 2.865833 2
-0.906105 0.232176 2.907861 3
-0.934035 0.190567 2.878565 3
-1.421830 0.138565 2.366926 3
-1.420747 0.089987 2.368115 3
-1.422454 0.041281 2.366403 3
-1.012627 0.018313 2.796358 6
-0.915195 -0.017207 2.898664 6
-0.659985 -0.035741 3.166457 6
-0.650567 -0.072903 3.176478 6
-0.671646 -0.113470 3.154537 8
-0.661786 -0.150579 3.165063 8
-0.679965 -0.191589 3.146209 8
-0.676236 -0.229658 3.150349 8
-0.632744 -0.260744 3.196194 8
-0.628742 -0.298150 3.200656 8
-0.611971 -0.332938 3.218523 8
-0.584632 -0.365048 3.247483 8
-0.564552 -0.398164 3.268851 8
-0.546129 -0.431223 3.288497 8
-0.567463 -0.474218 3.266510 8
-0.606460 -0.522800 3.226049 8
-0.592936 -0.557453 3.240627 8
-0.654090 -0.614524 3.177023 8
-0.712949 -0.672788 3.115865 8
-0.632116 -0.686450 3.200983 7
-0.649744 -0.732114 3.183042 7
-0.677437 -0.782111 3.154599 7
-0.650688 -0.812592 3.183149 7
-1.197914 2.121203 2.703790 2
-1.268799 2.109881 2.630229 2
-1.175787 2.005988 2.723588 2
-1.032430 1.878279 2.868362 2
-0.992231 1.809233 2.908137 2
-0.995239 1.763639 2.903924 2
-0.982109 1.710313 2.916208 2
-0.991616 1.668456 2.905440 2
-0.999637 1.625898 2.896219 2
-0.987914 1.574552 2.907188 2
-0.954510 1.514460 2.940346 2
-0.994326 1.486095 2.898751 2
-0.986674 1.437719 2.905678 2
-1.010077 1.401807 2.880898 2
-0.978719 1.345041 2.912134 2
-0.974143 1.298975 2.916027 2
-0.965169 1.251729 2.924455 2
-0.946051 1.201596 2.943301 2
-0.989127 1.171736 2.898532 2
-0.984846 1.126606 2.902256 2
-0.972995 1.079599 2.913764 2
-0.978007 1.037660 2.908040 2
-0.996488 0.999186 2.888548 2
-0.963587 0.947841 2.921720 2
-0.970400 0.906645 2.914242 2
-0.977515 0.865443 2.906482 2
-0.975773 0.822376 2.907829 2
-0.982466 0.781039 2.900560 2
-0.980918 0.738190 2.901768 2
-0.971840 0.694278 2.910725 2
-0.948937 0.648697 2.933892 2
-0.962689 0.608634 2.919502 2
-0.974526 0.568033 2.907103 2
-0.963934 0.524846 2.917735 2
-0.982399 0.484608 2.898594 2
-0.978767 0.442233 2.902146 2
-0.963145 0.399254 2.918027 2
-0.968456 0.357747 2.912464 2
-0.980682 0.316356 2.899835 2
-0.970403 0.274182 2.910323 2
-0.932045 0.232108 2.949646 3
-0.979984 0.190499 2.900465 3
-1.282650 0.142308 2.589983 3
-1.295035 0.095762 2.577341 3
-1.292427 0.049577 2.580112 3
-1.132160 0.013208 2.744646 6
-0.997908 -0.020746 2.882511 6
-0.670544 -0.033735 3.218472 6
-1.142033 -0.120325 2.735066 6
-0.702683 -0.113225 3.185900 8
-0.673419 -0.147773 3.216148 8
-0.681095 -0.186927 3.208538 8
-0.700801 -0.228274 3.188622 8
-0.632116 -0.254970 3.259354 8
-0.614812 -0.289427 3.277427 8
-0.660616 -0.336158 3.230841 8
-0.591311 -0.359540 3.302258 8
-0.607168 -0.400567 3.286420 8
-0.596241 -0.435638 3.298053 8
-0.609791 -0.476809 3.284638 8
-0.649651 -0.525623 3.244311 8
-0.653649 -0.565458 3.240746 8
-0.695860 -0.617005 3.198092 8
-0.739658 -0.670406 3.153861 7
-0.764955 -0.719144 3.128609 7
-0.735087 -0.749850 3.159836 7
-0.707825 -0.780794 3.188412 7
-0.667593 -0.806297 3.230267 7
-1.148083 -1.032261 2.739821 5
-1.193097 2.094211 2.787191 2
-1.281648 2.093123 2.697506 2
-1.147945 1.968186 2.828840 2
-0.992417 1.836121 2.982071 2
-1.020528 1.803854 2.952673 2
-1.007480 1.750424 2.964290 2
-1.007717 1.704127 2.962725 2
-1.006904 1.657605 2.962252 2
-0.995544 1.606568 2.972342 2
-1.005975 1.565729 2.960745 2
-0.983111 1.510644 2.982410 2
-0.999305 1.472533 2.965140 2
-1.004507 1.429815 2.958877 2
-0.979112 1.375469 2.983221 2
-1.009037 1.342409 2.952337 2
-0.981523 1.288393 2.978894 2
-0.966710 1.239663 2.992806 2
-0.971111 1.197777 2.987547 2
-0.962746 1.151974 2.995097 2
-1.000892 1.120353 2.956142 2
-1.001807 1.077306 2.954475 2
-0.973561 1.026566 2.982044 2
-0.970511 0.983161 2.984429 2
-1.011608 0.950574 2.942631 2
-0.980222 0.900574 2.973473 2
-1.001318 0.862705 2.951773 2
-1.000637 0.820041 2.951927 2
-0.979557 0.773735 2.972566 2
-0.985136 0.732659 2.966520 2
-0.999383 0.692878 2.951817 2
-0.993809 0.649947 2.957023 2
-0.955836 0.603046 2.994758 2
-0.983218 0.564824 2.966985 2
-0.985330 0.523329 2.964589 2
-0.983288 0.481461 2.966395 2
-0.999206 0.441039 2.950219 2
-0.973998 0.397703 2.975337 2
-0.987987 0.356951 2.961163 2
-0.990228 0.315444 2.958811 2
-0.954200 0.273112 2.994893 2
-0.974782 0.232155 2.974207 3
-0.968162 0.190827 2.980850 3
-1.312025 0.142524 2.635843 3
-1.284255 0.097493 2.663784 3
-1.297641 0.051238 2.650466 3
-1.225930 0.009804 2.722567 6
-1.106410 -0.026130 2.842665 6
-0.729787 -0.036084 3.220707 6
-1.250545 -0.127492 2.698546 6
-0.701331 -0.109228 3.249725 8
-0.713980 -0.148776 3.237322 8
-0.715008 -0.187067 3.236608 8
-0.689967 -0.221360 3.262064 8
-0.677234 -0.257139 3.275207 8
-0.674748 -0.294538 3.278107 8
-0.661118 -0.329743 3.292207 8
-0.661141 -0.367561 3.292653 8
-0.641449 -0.401019 3.312885 8
-0.643843 -0.439337 3.311017 8
-0.639323 -0.476077 3.316108 8
-0.668076 -0.521729 3.287914 8
-0.691165 -0.566716 3.265437 8
-0.752559 -0.623839 3.204670 8
-0.761872 -0.666675 3.196077 8
-0.799690 -0.719183 3.159012 7
-0.767504 -0.749204 3.192007 7
-0.724007 -0.774477 3.236327 7
-0.711807 -0.810182 3.249380 7
-1.193582 -1.034494 2.768955 5
-1.235847 2.094993 2.822356 2
-1.209055 2.029336 2.846429 2
-1.075751 1.907360 2.974042 2
-1.062181 1.852559 2.985502 2
-1.020741 1.784274 3.024129 2
-1.044466 1.749745 2.999458 2
-1.029223 1.696100 3.012745 2
-1.016122 1.644174 3.024011 2
-1.042055 1.610459 2.997312 2
-0.998481 1.545972 3.038389 2
-1.031260 1.515126 3.005097 2
-1.003308 1.458883 3.031074 2
-1.016891 1.419946 3.016585 2
-1.032863 1.381732 2.999800 2
-1.003130 1.326663 3.027692 2
-1.015238 1.287240 3.014769 2
-1.018180 1.244590 3.010843 2
-1.029071 1.204586 2.999188 2
-1.006152 1.154074 3.020642 2
-1.017340 1.114352 3.008783 2
-1.006363 1.068291 3.018654 2
-1.028625 1.031487 2.996037 2
-1.008857 0.983652 3.014607 2
-1.017678 0.943277 3.005228 2
-1.009771 0.899044 3.012276 2
-1.015046 0.857908 3.006454 2
-0.996578 0.812081 3.023941 2
-0.994821 0.769908 3.025097 2
-0.997194 0.728573 3.022244 2
-1.016154 0.689832 3.003168 2
-1.000378 0.645738 3.018194 2
-1.014552 0.605978 3.003889 2
-0.981992 0.560548 3.035465 2
-1.015000 0.522678 3.002763 2
-0.993153 0.479169 3.023916 2
-1.007233 0.438952 3.009860 2
-0.990305 0.396515 3.026270 2
-0.960088 0.353940 3.055765 2
-1.003356 0.314672 3.013183 2
-2.323672 0.300011 1.717309 2
-1.005788 0.232122 3.010677 3
-1.001891 0.190841 3.014501 3
-1.306316 0.143443 2.715770 3
-1.322005 0.097554 2.700460 3
-1.292343 0.053358 2.729702 3
-1.288382 0.008378 2.733765 3
-0.753887 0.002734 3.258454 6
-0.709369 -0.031404 3.302355 6
-0.702611 -0.068194 3.309239 6
-0.739237 -0.109816 3.273601 6
-0.743431 -0.148328 3.269819 6
-0.739896 -0.185919 3.273654 8
-0.705522 -0.218695 3.307766 8
-0.650519 -0.247126 3.362131 8
-0.701791 -0.293521 3.312338 8
-0.686922 -0.328431 3.327423 8
-0.692398 -0.367292 3.322604 8
-0.683044 -0.403086 3.332355 8
-0.659381 -0.435330 3.356152 8
-0.653231 -0.471428 3.362829 8
-0.682470 -0.516847 3.334898 8
-0.703703 -0.560968 3.314855 8
-0.792088 -0.625471 3.229164 8
-0.787831 -0.664167 3.234176 8
-0.824110 -0.715898 3.199594 7
-0.742653 -0.729380 3.280155 7
-0.746856 -0.770623 3.277005 7
-0.743862 -0.809541 3.280931 7
-1.173628 -1.011942 2.862360 5
-1.236602 2.072064 2.897479 2
-1.158669 1.979259 2.969166 2
-1.395921 2.057136 2.742088 2
-1.060257 1.831423 3.058506 2
-1.055480 1.782516 3.061168 2
-1.022445 1.720233 3.090746 2
-1.054400 1.689980 3.058630 2
-1.055096 1.644702 3.056275 2
-1.033405 1.589706 3.075285 2
-1.042187 1.548687 3.065353 2
-1.018236 1.494042 3.086658 2
-1.026107 1.453081 3.077704 2
-1.007457 1.401841 3.094093 2
-1.030021 1.366712 3.071224 2
-1.047312 1.329249 3.053423 2
-1.037234 1.282052 3.061800 2
-1.028663 1.235817 3.068795 2
-1.055246 1.201139 3.042251 2
-1.036325 1.152096 3.059246 2
-1.025916 1.106197 3.068163 2
-1.047521 1.069557 3.046507 2
-1.038975 1.024571 3.053744 2
-1.018008 0.976873 3.072927 2
-1.046079 0.941374 3.045209 2
-1.014281 0.892006 3.074874 2
-1.012819 0.849904 3.075537 2
-1.015536 0.808756 3.072243 2
-1.012860 0.766660 3.074165 2
-1.027801 0.727666 3.059244 2
-1.026874 0.685920 3.059581 2
-1.003929 0.641195 3.081083 2
-0.994964 0.598925 3.089228 2
-1.037657 0.562804 3.047861 2
-1.051281 0.522696 3.034421 2
-0.987495 0.475582 3.095309 2
-0.991756 0.435189 3.090949 2
-1.010311 0.395573 3.072915 2
-2.431572 0.420756 1.708565 2
-2.384949 0.359386 1.753119 2
-2.426406 0.301036 1.713194 2
-1.045312 0.232146 3.038864 2
-1.001374 0.191083 3.081042 3
-1.311921 0.144118 2.782991 3
-1.285874 0.100070 2.808093 3
-1.295741 0.055027 2.798770 3
-1.287544 0.010776 2.806836 3
-0.773387 0.003721 3.300517 6
-0.755370 -0.032572 3.318058 6
-0.747222 -0.069409 3.326168 6
-0.753524 -0.107710 3.320454 6
-0.760133 -0.146270 3.314490 6
-0.752456 -0.183066 3.322272 8
-0.694173 -0.211958 3.378622 8
-0.692125 -0.248735 3.381078 8
-0.705135 -0.288246 3.369140 8
-0.705107 -0.325663 3.369746 8
-0.725570 -0.367416 3.350761 8
-0.707701 -0.401351 3.368547 8
-0.714374 -0.440657 3.362864 8
-0.726188 -0.481528 3.352307 8
-0.716536 -0.517216 3.362345 8
-0.745618 -0.563435 3.335362 8
-0.746328 -0.602373 3.335579 8
-0.804990 -0.659034 3.280432 8
-0.928119 -0.737903 3.163756 7
-0.852051 -0.754434 3.237533 7
-0.768578 -0.766453 3.318373 7
-0.756770 -0.802022 3.330782 7
-1.136607 -0.983536 2.969519 5
-1.198096 2.076964 3.009673 2
-1.139103 1.994992 3.061769 2
-1.067520 1.908298 3.125676 2
-1.405119 2.039489 2.810800 2
-1.067559 1.815485 3.121275 2
-1.065888 1.768670 3.120745 2
-1.050353 1.715489 3.133152 2
-1.067192 1.678176 3.115576 2
-1.044655 1.622772 3.134638 2
-1.071465 1.589936 3.107902 2
-1.087512 1.551997 3.091212 2
-1.038682 1.487180 3.134970 2
-1.032191 1.440759 3.139400 2
-1.082768 1.416566 3.090707 2
-1.094757 1.376932 3.078010 2
-1.081828 1.328322 3.088609 2
-2.471133 1.758215 1.790392 2
-2.465815 1.693813 1.793427 2
-2.443691 1.624539 1.812251 2
-2.442528 1.562386 1.811585 2
-2.472209 1.509307 1.782160 2
-2.448477 1.441086 1.802757 2
-2.468720 1.385091 1.782302 2
-2.472777 1.324769 1.777065 2
-2.467946 1.262460 1.780225 2
-2.474975 1.203040 1.772361 2
-2.447126 1.136444 1.797246 2
-2.461069 1.078749 1.783058 2
-2.454923 1.017241 1.787772 2
-2.461202 0.958075 1.780915 2
-2.461511 0.897956 1.779731 2
-2.458033 0.837415 1.782174 2
-2.448194 0.776270 1.790661 2
-2.457263 0.717592 1.781486 2
-2.437823 0.655941 1.799136 2
-2.463959 0.598769 1.774091 2
-2.451882 0.538208 1.784983 2
-2.446900 0.478435 1.789290 2
-2.476689 0.420436 1.761031 2
-2.444882 0.359662 1.790669 2
-2.469813 0.300867 1.767116 2
-1.104204 0.232296 3.049142 2
-1.053519 0.190973 3.096728 3
-1.323120 0.144667 2.843669 3
-2.059632 0.075929 2.152342 3
-2.100428 0.019807 2.114247 3
-2.731591 -0.072337 1.522055 6
-0.735558 0.008836 3.395931 6
-0.742393 -0.028666 3.389791 6
-0.758254 -0.067277 3.375229 6
-0.782562 -0.107297 3.352792 6
-0.774690 -0.143983 3.360597 6
-0.772429 -0.181295 3.363184 8
-0.758663 -0.216864 3.376607 8
-0.748755 -0.252773 3.386455 8
-0.700226 -0.281611 3.432548 8
-0.734662 -0.325125 3.400917 8
-0.716230 -0.358813 3.418881 8
-0.721077 -0.397181 3.415080 8
-0.738151 -0.438611 3.399881 8
-0.773934 -0.485195 3.367229 8
-0.760500 -0.520123 3.380701 8
-0.793300 -0.567397 3.350968 8
-0.764055 -0.597949 3.379322 8
-0.836349 -0.658257 3.312803 8
-0.954937 -0.735189 3.203139 7
-0.879932 -0.752221 3.274413 7
-0.816638 -0.771337 3.334747 7
-0.770924 -0.795101 3.378678 7
-1.207321 -0.995492 2.973041 5
-1.270296 2.094977 3.016420 2
-1.190640 2.001653 3.085590 2
-1.129055 1.920670 3.138642 2
-1.452099 2.041874 2.844042 2
-1.157532 1.841689 3.108012 2
-1.161487 1.796957 3.102093 2
-1.167634 1.753430 3.094256 2
-1.150882 1.699403 3.107259 2
-1.132848 1.645535 3.121520 2
-1.146711 1.606267 3.106899 2
-1.140423 1.558381 3.110650 2
-1.123440 1.506557 3.124206 2
-1.150454 1.472673 3.097804 2
-1.127738 1.419442 3.116731 2
-1.139599 1.379638 3.104241 2
-1.112474 1.326032 3.127352 2
-1.086175 1.273632 3.149803 2
-1.114037 1.239633 3.122905 2
-1.165232 1.212267 3.074739 2
-1.108461 1.151705 3.125233 2
-1.100576 1.106646 3.131154 2
-1.123174 1.070150 3.109269 2
-1.106951 1.023255 3.122940 2
-1.101212 0.979465 3.127091 2
-1.135669 0.945161 3.094508 2
-1.104277 0.895845 3.122267 2
-1.107036 0.854389 3.118819 2
-1.096734 0.810488 3.127397 2
-1.102603 0.769803 3.121218 2
-1.082749 0.724859 3.138677 2
-1.095471 0.685399 3.126331 2
-1.072539 0.640804 3.146740 2
-1.084583 0.601202 3.135127 2
-1.118666 0.563784 3.103346 2
-1.069057 0.517367 3.148416 2
-1.091072 0.478345 3.127817 2
-1.081442 0.436528 3.136318 2
-1.070464 0.394919 3.146116 2
-1.084946 0.354781 3.132595 2
-1.088276 0.313927 3.129370 2
-1.093310 0.273035 3.124635 2
-1.101806 0.232045 3.116777 3
-1.052484 0.191212 3.162066 3
-1.437903 0.143188 2.808231 3
-1.442480 0.097508 2.804154 3
-1.421969 0.052831 2.823173 3
-1.409814 0.008175 2.834581 3
-0.785302 0.007580 3.408159 6
-0.777630 -0.028918 3.415507 6
-0.775536 -0.065797 3.417784 6
-0.762819 -0.101489 3.429860 6
-0.825483 -0.146222 3.372828 8
-0.777027 -0.177452 3.417792 8
-0.796657 -0.217678 3.400353 8
-0.773114 -0.251449 3.422556 8
-0.761550 -0.286784 3.433821 8
-0.748297 -0.321573 3.446680 8
-0.741462 -0.357396 3.453705 8
-0.755509 -0.397636 3.441657 8
-0.759157 -0.435962 3.439189 8
-0.758888 -0.473539 3.440362 8
-0.777603 -0.516075 3.424222 8
-0.806295 -0.561913 3.399028 8
-0.823130 -0.605295 3.384748 8
-0.859283 -0.654982 3.352889 8
-0.881795 -0.701562 3.333574 7
-0.908162 -0.750148 3.310818 7
-1.071917 -0.845892 3.162810 7
-0.819755 -0.800473 3.394256 7
-0.852082 -0.851949 3.366256 7
-1.167241 -1.011442 3.080754 5
-1.308855 2.093743 3.054324 2
-1.237252 2.005429 3.114436 2
-1.163997 1.918645 3.176217 2
-1.189021 1.884793 3.151428 2
-1.200675 1.843828 3.138499 2
-1.176271 1.785309 3.157529 2
-1.159335 1.731270 3.170066 2
-1.162594 1.687197 3.164814 2
-1.156876 1.639303 3.167596 2
-1.177606 1.603152 3.146993 2
-1.125417 1.536390 3.191198 2
-1.164783 1.508028 3.154177 2
-1.142579 1.454937 3.171939 2
-1.155742 1.415877 3.158327 2
-1.144996 1.368044 3.166063 2
-1.143219 1.323799 3.165891 2
-1.142305 1.280069 3.165023 2
-1.140208 1.236158 3.165281 2
-1.125112 1.188487 3.177213 2
-1.156257 1.154913 3.147933 2
-1.146597 1.109257 3.155153 2
-1.140709 1.065003 3.159076 2
-1.157919 1.026881 3.142416 2
-1.127615 0.977045 3.168318 2
-1.151833 0.940477 3.145510 2
-1.149207 0.897659 3.146786 2
-1.148752 0.855451 3.146185 2
-1.137963 0.811420 3.154907 2
-1.110207 0.764809 3.178907 2
-1.139649 0.728225 3.151708 2
-1.121217 0.683862 3.167487 2
-1.128525 0.643530 3.160251 2
-1.134511 0.602914 3.154261 2
-1.107697 0.558616 3.177763 2
-1.120313 0.518867 3.165949 2
-1.116857 0.477497 3.168619 2
-1.094084 0.434891 3.188693 2
-1.119795 0.395709 3.165305 2
-1.117874 0.354651 3.166784 2
-1.123314 0.313901 3.161715 2
-1.126445 0.272982 3.158781 2
-1.127221 0.231977 3.158022 2
-1.100902 0.191129 3.181656 3
-1.483317 0.143080 2.838318 3
-1.476857 0.097684 2.844256 3
-1.440015 0.053802 2.877540 3
-1.334229 0.014830 2.972786 6
-1.028031 -0.007285 3.247990 6
-1.455518 -0.082859 2.864641 3
-0.815110 -0.066492 3.439854 6
-0.792038 -0.101159 3.461002 6
-0.809882 -0.140281 3.445493 8
-0.820616 -0.178958 3.436424 8
-0.822593 -0.216674 3.435268 8
-0.801197 -0.250742 3.455124 8
-0.790788 -0.286238 3.465180 8
-0.764262 -0.318523 3.489727 8
-0.765448 -0.355747 3.489496 8
-0.788566 -0.397771 3.469685 8
-0.786953 -0.434894 3.472083 8
-0.810280 -0.478053 3.452225 8
-0.790788 -0.511108 3.470736 8
-0.810016 -0.554065 3.454679 8
-0.851454 -0.603858 3.418855 8
-0.920487 -0.662961 3.358484 8
-0.953495 -0.713018 3.330395 7
-0.886691 -0.732216 3.391442 7
-0.904949 -0.778093 3.376648 7
-0.911496 -0.820564 3.372372 7
-0.921352 -0.864570 3.365222 7
-1.237674 -1.023563 3.085411 5
-1.366481 2.102986 3.075934 2
-1.232885 1.981710 3.187608 2
-1.201437 1.917921 3.211655 2
-1.205667 1.873441 3.205092 2
-1.187291 1.817960 3.218120 2
-1.182569 1.769817 3.219473 2
-1.196878 1.730926 3.204467 2
-1.205195 1.689181 3.194708 2
-1.155467 1.622037 3.235297 2
-1.195029 1.594357 3.198639 2
-1.192885 1.548703 3.198192 2
-1.168763 1.494608 3.216910 2
-1.178590 1.454380 3.206242 2
-1.184468 1.412626 3.199076 2
-1.176545 1.365992 3.203989 2
-1.178325 1.323078 3.200540 2
-1.207572 1.289335 3.173234 2
-1.167753 1.233165 3.206187 2
-1.197816 1.199361 3.178295 2
-1.151030 1.142676 3.217526 2
-1.188475 1.110637 3.183314 2
-1.197675 1.070322 3.173821 2
-1.174954 1.021918 3.192299 2
-1.156658 0.975282 3.206998 2
-1.182185 0.939055 3.183437 2
-1.169038 0.894116 3.193782 2
-1.159069 0.850252 3.201423 2
-1.172905 0.811150 3.188288 2
-1.160394 0.767245 3.198303 2
-1.145609 0.723384 3.210386 2
-1.162129 0.684568 3.195097 2
-1.152741 0.641935 3.202591 2
-1.131383 0.598161 3.220657 2
-1.160516 0.560450 3.194497 2
-1.163794 0.519583 3.191085 2
-1.134546 0.475991 3.216288 2
-1.124635 0.434535 3.224591 2
-1.163356 0.396146 3.190265 2
-1.145643 0.354290 3.205550 2
-1.151678 0.313660 3.200052 2
-1.144684 0.272644 3.206061 2
-1.159202 0.231952 3.193245 2
-1.150813 0.191039 3.200612 3
-2.300246 0.128280 2.191302 3
-2.286003 0.073259 2.203990 3
-2.297487 0.017436 2.194176 3
-1.308841 0.018473 3.062534 6
-1.015944 -0.004001 3.320007 6
-1.736954 -0.102831 2.687532 6
-1.392169 -0.118428 2.990665 6
-1.076480 -0.128426 3.268233 6
-0.869442 -0.143551 3.450443 8
-0.848663 -0.178340 3.469277 8
-0.844858 -0.215143 3.473281 8
-0.828968 -0.249987 3.487938 8
-0.840539 -0.289222 3.478585 8
-0.824546 -0.323729 3.493447 8
-0.809471 -0.358086 3.507557 8
-0.818800 -0.397290 3.500358 8
-0.788494 -0.427951 3.527908 8
-0.809738 -0.470139 3.510414 8
-0.811017 -0.507994 3.510452 8
-0.853855 -0.556927 3.474242 8
-0.876311 -0.601473 3.455935 8
-0.993161 -0.674052 3.355323 7
-0.956919 -0.703526 3.388445 7
-0.911299 -0.729220 3.429777 7
-0.940601 -0.778514 3.405848 7
-0.940269 -0.818594 3.407827 7
-0.946264 -0.861080 3.404371 7
-1.296392 -1.031039 3.101751 5
-1.383262 2.089709 3.132694 2
-1.301812 1.997349 3.197611 2
-1.203093 1.898691 3.277309 2
-1.221570 1.861926 3.258659 2
-1.217852 1.814085 3.258769 2
-1.241255 1.779466 3.236106 2
-1.223818 1.725661 3.247977 2
-1.239447 1.687343 3.232024 2
-1.211854 1.630133 3.252699 2
-1.215957 1.587187 3.246671 2
-1.207207 1.539137 3.251615 2
-1.217433 1.498974 3.240566 2
-1.226066 1.458136 3.230940 2
-1.222479 1.412801 3.231768 2
-1.198512 1.360577 3.250014 2
-1.213590 1.322392 3.235152 2
-1.199968 1.274640 3.244791 2
-1.199004 1.231365 3.243742 2
-1.208355 1.191359 3.233981 2
-1.210539 1.149207 3.230404 2
-1.218524 1.108727 3.221952 2
-1.206561 1.062987 3.230607 2
-1.181381 1.014419 3.250646 2
-1.217350 0.980950 3.218506 2
-1.174453 0.929208 3.253870 2
-1.180469 0.888879 3.247488 2
-1.188641 0.848920 3.239331 2
-1.206295 0.810583 3.223122 2
-1.205320 0.768713 3.222937 2
-1.186891 0.724200 3.237785 2
-1.179627 0.681850 3.243146 2
-1.189009 0.641955 3.234309 2
-1.201529 0.602262 3.222850 2
-1.166041 0.557176 3.252646 2
-1.172562 0.517000 3.246479 2
-1.181411 0.476894 3.238385 2
-1.168675 0.435113 3.248887 2
-1.167212 0.394323 3.249787 2
-1.173001 0.353915 3.244532 2
-1.152679 0.312563 3.261768 2
-1.162323 0.272301 3.253345 2
-1.174986 0.231824 3.242400 2
-1.188222 0.191029 3.231034 3
-1.498807 0.144297 2.964402 3
-1.466543 0.100518 2.992263 3
-1.463711 0.056240 2.994929 3
-1.330827 0.019363 3.109322 6
-1.012715 -0.001395 3.382765 6
-1.467616 -0.077345 2.992743 3
-1.320067 -0.107975 3.119903 6
-0.830008 -0.098304 3.540942 6
-0.882295 -0.141153 3.496670 8
-0.850650 -0.174279 3.524459 8
-0.850133 -0.211171 3.525613 8
-0.840854 -0.246732 3.534342 8
-0.860757 -0.287095 3.518131 8
-0.875858 -0.327161 3.506111 8
-0.833794 -0.356498 3.543106 8
-0.841432 -0.395214 3.537607 8
-0.806664 -0.424826 3.568453 8
-0.816308 -0.464046 3.561370 8
-0.852914 -0.510283 3.531323 8
-0.869223 -0.552294 3.518712 8
-0.914611 -0.602786 3.481365 8
-1.031533 -0.675051 3.383109 7
-0.998013 -0.705488 3.413309 7
-0.917765 -0.720596 3.483360 7
-0.972217 -0.777580 3.438706 7
-0.941242 -0.807221 3.466876 7
-0.959681 -0.853590 3.453072 7
-1.419176 2.086970 3.173024 2
-1.361253 2.007587 3.216786 2
-1.262441 1.909271 3.294329 2
-1.277927 1.870688 3.278273 2
-1.269291 1.820311 3.282130 2
-1.268162 1.773948 3.279923 2
-1.219124 1.706074 3.317313 2
-1.234226 1.668078 3.301955 2
-1.264829 1.636534 3.273860 2
-1.272049 1.594700 3.265147 2
-1.228629 1.532589 3.298433 2
-1.255471 1.499075 3.273666 2
-1.247201 1.451904 3.278069 2
-1.222445 1.399192 3.296255 2
-1.242447 1.362887 3.277389 2
-1.227476 1.314524 3.287656 2
-1.237799 1.274859 3.276988 2
-1.218653 1.225987 3.290929 2
-1.248113 1.192146 3.264482 2
-1.236312 1.146016 3.272486 2
-1.257360 1.109202 3.253185 2
-1.222479 1.057594 3.280631 2
-1.227149 1.016675 3.275161 2
-1.222972 0.973707 3.277162 2
-1.226271 0.932595 3.272997 2
-1.241346 0.893935 3.259061 2
-1.228603 0.849607 3.268475 2
-1.240069 0.810077 3.257709 2
-1.199324 0.761553 3.290744 2
-1.231517 0.725503 3.262774 2
-1.219582 0.682395 3.271848 2
-1.189742 0.637314 3.296018 2
-1.211193 0.599107 3.277266 2
-1.212677 0.558309 3.275332 2
-1.217613 0.517847 3.270578 2
-1.205099 0.475895 3.280543 2
-1.194020 0.434392 3.289385 2
-1.202927 0.394315 3.281528 2
-1.201669 0.353600 3.282279 2
-1.187598 0.312539 3.293865 2
-1.200152 0.272339 3.283173 2
-1.160501 0.231511 3.316391 2
-1.179149 0.191310 3.300733 3
-1.159237 0.151360 3.317526 3
-1.365417 0.104875 3.144570 6
-1.236175 0.067836 3.253311 6
-1.089026 0.034992 3.377140 6
-0.953507 0.004988 3.491249 6
-1.529198 -0.079152 3.008569 3
-0.863969 -0.061920 3.567288 6
-0.846461 -0.096640 3.582522 6
-0.909557 -0.140500 3.530222 8
-0.887699 -0.174879 3.549244 8
-0.904272 -0.214274 3.536115 8
-0.919442 -0.253928 3.524241 8
-0.916662 -0.291009 3.527483 8
-0.871423 -0.320407 3.566340 8
-0.862013 -0.355680 3.575255 8
-0.866014 -0.393566 3.573015 8
-0.842653 -0.425650 3.593728 8
-0.875230 -0.470196 3.567749 8
-0.910908 -0.516431 3.539281 8
-0.891620 -0.549546 3.556802 8
-0.979898 -0.611331 3.484646 8
-1.068552 -0.675614 3.412344 7
-1.029298 -0.704473 3.446783 7
-0.996201 -0.734358 3.476130 7
-0.999516 -0.775243 3.475226 7
-0.980805 -0.808989 3.492717 7
-0.961311 -0.842130 3.510915 7
-1.428815 2.070250 3.234368 2
-1.403448 2.008588 3.250749 2
-1.318687 1.917978 3.314869 2
-1.276835 1.851013 3.344870 2
-1.286307 1.809922 3.333855 2
-1.262278 1.753308 3.349860 2
-1.313975 1.731639 3.305064 2
-1.251915 1.659190 3.351942 2
-1.284866 1.628806 3.322389 2
-1.268371 1.577510 3.332809 2
-1.265595 1.532300 3.332266 2
-1.262811 1.487361 3.331833 2
-1.277489 1.449154 3.317356 2
-1.263141 1.400386 3.326485 2
-1.259699 1.355923 3.326881 2
-1.248210 1.309057 3.333911 2
-1.251588 1.267383 3.328964 2
-1.275722 1.232118 3.307221 2
-1.260158 1.184771 3.317855 2
-1.252708 1.140237 3.321989 2
-1.296228 1.109642 3.284669 2
-1.254362 1.056351 3.317044 2
-1.271262 1.018452 3.301583 2
-1.262266 0.974310 3.307342 2
-1.247711 0.929302 3.317740 2
-1.231625 0.884450 3.329488 2
-1.259796 0.848576 3.305132 2
-1.276131 0.809971 3.290526 2
-1.226260 0.760016 3.330196 2
-1.223747 0.718681 3.331197 2
-1.238291 0.679899 3.318305 2
-1.232489 0.638192 3.322164 2
-1.203125 0.593934 3.345426 2
-1.266885 0.560198 3.292415 2
-1.248821 0.517387 3.306577 2
-1.247377 0.476395 3.307192 2
-1.261189 0.436507 3.295371 2
-1.236810 0.394199 3.314971 2
-1.231718 0.353346 3.318827 2
-1.259749 0.313656 3.295575 2
-1.219837 0.272040 3.328177 2
-1.209385 0.231594 3.336676 2
-1.242048 0.191143 3.309862 3
-1.211406 0.151052 3.335097 3
-1.413476 0.104558 3.169386 6
-1.262684 0.068259 3.293410 6
-1.124517 0.034949 3.407129 6
-1.001817 0.003969 3.508205 6
-0.900239 -0.025708 3.591993 6
-0.868357 -0.059346 3.618654 6
-1.206986 -0.130995 3.341536 6
-0.972651 -0.144039 3.534377 8
-0.913767 -0.174031 3.583385 8
-0.928485 -0.213052 3.572135 8
-0.946194 -0.252960 3.558518 8
-0.922904 -0.286545 3.578554 8
-0.897336 -0.319214 3.600515 8
-0.918299 -0.360234 3.584470 8
-0.908201 -0.395523 3.593914 8
-0.860537 -0.422511 3.634123 8
-0.879779 -0.463726 3.619724 8
-0.902648 -0.506400 3.602458 8
-0.949775 -0.555928 3.565505 8
-0.979835 -0.602203 3.542594 8
-1.354799 -0.745864 3.238821 7
-1.063315 -0.704246 3.478099 7
-0.988511 -0.721478 3.540855 7
-1.027993 -0.773297 3.510707 7
-0.991162 -0.801010 3.542675 7
-1.050299 -0.860942 3.496803 7
-1.410415 1.991457 3.312522 2
-1.301109 1.889628 3.394007 2
-1.320192 1.853268 3.375366 2
-1.292324 1.794520 3.393595 2
-1.303014 1.754422 3.381734 2
-1.315969 1.715282 3.368181 2
-1.311333 1.668441 3.368551 2
-1.317088 1.626289 3.360854 2
-1.314001 1.580620 3.360224 2
-1.311806 1.535588 3.359000 2
-1.269541 1.475628 3.389552 2
-1.274719 1.434316 3.382742 2
-1.282865 1.394101 3.373674 2
-1.324228 1.365152 3.338364 2
-1.282605 1.308141 3.368931 2
-1.291810 1.268349 3.359294 2
-1.294645 1.226553 3.354804 2
-1.287165 1.181849 3.358611 2
-1.274502 1.136041 3.366647 2
-1.295763 1.099647 3.347770 2
-1.255391 1.047339 3.378091 2
-1.305995 1.017916 3.335983 2
-1.316427 0.978240 3.325978 2
-1.301201 0.932918 3.336545 2
-1.260314 0.882898 3.367722 2
-1.272805 0.844098 3.356349 2
-1.294300 0.806674 3.337855 2
-1.278239 0.762616 3.349487 2
-1.298428 0.724559 3.332199 2
-1.263647 0.678371 3.359010 2
-1.286852 0.640521 3.339473 2
-1.260223 0.596396 3.359949 2
-1.271138 0.556863 3.350428 2
-1.253665 0.514520 3.363752 2
-1.267938 0.475156 3.351707 2
-1.267526 0.434499 3.351524 2
-1.237293 0.392251 3.375352 2
-1.243183 0.352302 3.370287 2
-1.246895 0.312162 3.367054 2
-1.249255 0.271922 3.364990 2
-1.246679 0.231603 3.366972 2
-1.229625 0.191437 3.380659 2
-1.221290 0.151525 3.387432 3
-1.613931 0.099621 3.072515 3
-1.235369 0.070968 3.376557 6
-1.092511 0.038608 3.491510 6
-0.991179 0.006923 3.573202 6
-0.961872 -0.028017 3.597178 6
-0.914116 -0.060592 3.636015 6
-1.224688 -0.129119 3.387664 6
-0.986099 -0.141743 3.579632 8
-0.942210 -0.173490 3.615581 8
-0.945405 -0.210818 3.613876 8
-0.932777 -0.245870 3.624920 8
-0.925005 -0.281477 3.632149 8
-0.969931 -0.326295 3.597301 8
-0.978660 -0.365439 3.591506 8
-0.953025 -0.397947 3.613258 8
-0.913359 -0.426900 3.646275 8
-0.945351 -0.471201 3.622143 8
-0.947804 -0.509332 3.621687 8
-0.972724 -0.553281 3.603406 8
-1.007562 -0.600583 3.577337 8
-1.028779 -0.645109 3.562236 8
-1.247367 -0.747398 3.390264 7
-1.026154 -0.722536 3.568180 7
-1.027720 -0.762307 3.568996 7
-1.053269 -0.810112 3.550878 7
-1.083691 -0.860379 3.529023 7
-1.568320 2.100190 3.262776 2
-1.733724 2.134728 3.132408 2
-1.822257 2.127234 3.060402 2
-1.912304 2.118386 2.987170 2
-1.993842 2.103463 2.920383 2
-1.428107 1.793632 3.349330 2
-1.431219 1.749010 3.343298 2
-1.405345 1.692176 3.359637 2
-1.417924 1.652136 3.346574 2
-1.425985 1.610174 3.337079 2
-1.352664 1.536671 3.390414 2
-1.319875 1.480439 3.412710 2
-1.326580 1.439527 3.404659 2
-1.328316 1.396888 3.400546 2
-1.346020 1.359750 3.384173 2
-1.311811 1.305519 3.408106 2
-1.352287 1.275553 3.374263 2
-1.319953 1.222975 3.396991 2
-1.324146 1.181805 3.391482 2
-1.290973 1.130442 3.415124 2
-1.321195 1.096598 3.389570 2
-1.307037 1.051085 3.398643 2
-1.292678 1.005993 3.407985 2
-1.315390 0.969678 3.388529 2
-1.317170 0.928475 3.385480 2
-1.300242 0.883594 3.397132 2
-1.288867 0.840263 3.404556 2
-1.293967 0.800183 3.399206 2
-1.305380 0.761090 3.389007 2
-1.305495 0.720091 3.387734 2
-1.313102 0.680198 3.380688 2
-1.294644 0.636887 3.394140 2
-1.291323 0.595815 3.395837 2
-1.288187 0.554895 3.397482 2
-1.292255 0.514748 3.393574 2
-1.300594 0.474879 3.386406 2
-1.281717 0.433044 3.400666 2
-1.286264 0.392962 3.396652 2
-1.268334 0.351850 3.410357 2
-1.282753 0.312161 3.398778 2
-2.784673 0.298966 2.220388 2
-1.319835 0.231827 3.369419 3
-1.294322 0.191263 3.389434 3
-1.287294 0.150977 3.395037 3
-1.249782 0.111768 3.424642 3
-1.272683 0.070904 3.406945 6
-1.155376 0.037060 3.499299 6
-1.035620 0.006178 3.593630 6
-0.967636 -0.025896 3.647424 6
-0.985675 -0.064130 3.633855 6
-1.092094 -0.111885 3.551128 6
-0.997023 -0.139194 3.626359 8
-1.002252 -0.176945 3.623089 8
-0.970571 -0.209758 3.648796 8
-0.966720 -0.246057 3.652791 8
-0.972354 -0.283873 3.649450 8
-1.006257 -0.326846 3.624100 8
-1.008471 -0.364783 3.623620 8
-1.007738 -0.402267 3.625528 8
-0.953888 -0.428563 3.668973 8
-0.944947 -0.463694 3.677428 8
-0.975230 -0.507977 3.655391 8
-0.987699 -0.548675 3.647347 8
-1.015475 -0.593789 3.627492 8
-1.090577 -0.652658 3.570958 8
-1.257805 -0.739884 3.443028 7
-1.071572 -0.725853 3.589816 7
-1.075282 -0.766404 3.589118 7
-1.082289 -0.808257 3.585965 7
-1.122997 -0.861772 3.556828 7
-1.623127 2.106845 3.290079 2
-1.582065 2.037029 3.315916 2
-1.470450 1.934222 3.394483 2
-1.321906 1.817131 3.500968 2
-2.047094 2.106726 2.955813 2
-1.458199 1.789368 3.391393 2
-1.452214 1.740949 3.392055 2
-1.460005 1.698719 3.382526 2
-1.425717 1.639304 3.404687 2
-1.457487 1.607138 3.377385 2
-1.477710 1.569937 3.358830 2
-1.475298 1.524029 3.357409 2
-1.425552 1.461429 3.391816 2
-1.457282 1.428400 3.364891 2
-1.440833 1.378714 3.374450 2
-1.426428 1.330260 3.382601 2
-1.438577 1.290498 3.370768 2
-1.431753 1.244981 3.373413 2
-1.426516 1.200227 3.374971 2
-1.453380 1.164431 3.352259 2
-1.407029 1.109186 3.385281 2
-1.410137 1.067379 3.380834 2
-1.407658 1.024308 3.380742 2
-1.401787 0.980657 3.383341 2
-1.353587 0.928383 3.418322 2
-1.376223 0.891366 3.399408 2
-1.348758 0.844607 3.418820 2
-1.379904 0.808755 3.393587 2
-1.366865 0.765110 3.402194 2
-1.350910 0.721418 3.413140 2
-1.351942 0.680510 3.411201 2
-1.315280 0.634921 3.438203 2
-1.347552 0.598074 3.412553 2
-1.345233 0.557004 3.413471 2
-1.331235 0.514993 3.423431 2
-1.308740 0.472699 3.440003 2
-1.306765 0.432321 3.440953 2
-1.305293 0.392047 3.441612 2
-1.308488 0.352026 3.438787 2
-2.805201 0.356368 2.291027 2
-2.807758 0.298446 2.288796 2
-1.366407 0.231887 3.393815 3
-1.415397 0.190758 3.356251 2
-1.508372 0.147676 3.285062 2
-1.421341 0.107727 3.351985 2
-1.789328 0.050887 3.070184 3
-1.169798 0.038146 3.545465 6
-1.062176 0.006628 3.628389 6
-1.012376 -0.026827 3.667066 6
-1.006032 -0.063007 3.672527 6
-1.134462 -0.112722 3.574868 8
-1.044974 -0.140876 3.644175 8
-1.015219 -0.174414 3.667813 8
-1.016765 -0.211587 3.667580 8
-1.028164 -0.250324 3.659902 8
-0.995248 -0.282252 3.686186 8
-1.001006 -0.320157 3.682994 8
-1.022730 -0.361233 3.667706 8
-1.028554 -0.399773 3.664657 8
-0.980450 -0.427234 3.702823 8
-0.974229 -0.462903 3.709117 8
-0.986203 -0.502770 3.701642 8
-1.010510 -0.546065 3.684886 8
-1.072289 -0.599743 3.639763 8
-1.140016 -0.656660 3.590294 8
-1.070897 -0.676632 3.644867 8
-1.087676 -0.720397 3.634312 7
-1.133617 -0.773686 3.601786 7
-1.154407 -0.820200 3.588462 7
-1.133576 -0.853528 3.606737 7
-1.604707 -1.056373 3.253558 5
-1.651035 2.099595 3.337604 2
-1.621172 2.035807 3.354376 2
-1.575739 1.965576 3.382667 2
-1.474396 1.870597 3.451854 2
-2.090234 2.105218 2.999188 2
-1.526067 1.801843 3.405838 2
-1.518534 1.752473 3.407312 2
-1.520501 1.707481 3.401981 2
-1.505850 1.655935 3.408948 2
-1.511237 1.612816 3.401370 2
-1.517978 1.570273 3.392910 2
-1.485726 1.513462 3.413241 2
-1.483999 1.468449 3.411273 2
-1.498987 1.429364 3.397102 2
-1.468133 1.374989 3.416863 2
-1.488211 1.337674 3.399155 2
-1.453759 1.283417 3.421868 2
-1.455031 1.240594 3.418295 2
-1.480932 1.204778 3.396576 2
-1.451828 1.153736 3.415743 2
-1.482449 1.118799 3.390710 2
-1.471353 1.073084 3.396752 2
-1.471169 1.030280 3.394802 2
-1.480974 0.989783 3.385526 2
-1.462914 0.943378 3.397103 2
-1.446197 0.897767 3.407804 2
-1.455779 0.857472 3.399014 2
-1.447308 0.813940 3.403794 2
-1.433227 0.769796 3.412874 2
-1.413615 0.725246 3.426201 2
-1.396059 0.681510 3.438109 2
-1.424839 0.643993 3.415485 2
-1.418980 0.601971 3.418856 2
-1.381331 0.556954 3.446120 2
-1.383397 0.516384 3.443775 2
-1.373646 0.474900 3.450379 2
-1.379444 0.434689 3.445440 2
-1.368567 0.393487 3.453091 2
-1.351633 0.352316 3.465380 2
-1.375090 0.312751 3.447511 2
-1.370946 0.272159 3.450417 2
-1.345742 0.231550 3.469203 2
-1.479967 0.190598 3.368629 2
-1.607039 0.146610 3.273519 2
-1.396768 0.109549 3.431269 2
-1.867873 0.049351 3.078651 3
-1.590520 0.017690 3.286845 6
-1.055268 0.009246 3.688206 6
-1.055149 -0.027576 3.688835 6
-1.005254 -0.060027 3.726812 6
-1.188311 -0.114677 3.590549 8
-1.070307 -0.139972 3.679664 8
-1.068527 -0.176917 3.681903 8
-1.051072 -0.211744 3.695949 8
-1.033960 -0.246263 3.709820 8
-1.027997 -0.282215 3.715445 8
-1.032143 -0.319824 3.713613 8
-1.053946 -0.360842 3.698709 8
-1.047156 -0.396872 3.705230 8
-1.005056 -0.425499 3.738139 8
-1.042375 -0.470624 3.711985 8
-1.044951 -0.508699 3.711808 8
-1.078181 -0.554399 3.688948 8
-1.104049 -0.599126 3.671693 8
-1.134742 -0.645883 3.650990 8
-1.317098 -0.735969 3.518014 7
-1.384509 -0.797049 3.470517 7
-1.298460 -0.813193 3.536752 7
-1.216068 -0.828522 3.600261 7
-1.648427 -1.011396 3.283777 5
-1.646565 -1.056834 3.288290 5
-1.683006 2.094451 3.382058 2
-1.691428 2.049754 3.371045 2
-1.677845 1.994627 3.375734 2
-1.568430 1.895708 3.448556 2
-2.130865 2.102516 3.044569 2
-1.554032 1.796494 3.449971 2
-1.601232 1.770628 3.412142 2
-1.538216 1.698330 3.453010 2
-1.523210 1.647027 3.459828 2
-1.541877 1.609346 3.442701 2
-1.559129 1.570864 3.426679 2
-1.561476 1.526739 3.421452 2
-1.537477 1.473513 3.435285 2
-1.559890 1.436733 3.415882 2
-1.568911 1.395210 3.406214 2
-1.549175 1.344616 3.417402 2
-1.549985 1.300847 3.413904 2
-1.518296 1.247811 3.434024 2
-1.517185 1.204152 3.432178 2
-1.536985 1.166194 3.415301 2
-1.507161 1.115338 3.434500 2
-1.516355 1.074718 3.425534 2
-1.505642 1.029436 3.431131 2
-1.516522 0.989206 3.421158 2
-1.531033 0.949564 3.408643 2
-1.502769 0.901408 3.427369 2
-1.520265 0.862316 3.412897 2
-1.509731 0.818141 3.418953 2
-1.489997 0.772843 3.431839 2
-1.507426 0.733511 3.417729 2
-1.468677 0.686293 3.444735 2
-1.472920 0.645317 3.440469 2
-1.461443 0.602556 3.447796 2
-1.488374 0.563922 3.427158 2
-1.456888 0.519596 3.449334 2
-1.477412 0.479986 3.433584 2
-1.444161 0.436486 3.457279 2
-1.462611 0.396501 3.443253 2
-1.443651 0.354585 3.456711 2
-1.445176 0.313725 3.455280 2
-1.433067 0.272606 3.463937 2
-1.396785 0.231635 3.490396 2
-1.524477 0.190558 3.396908 2
-1.534640 0.148557 3.389574 2
-1.574162 0.105456 3.360857 2
-1.902407 0.049649 3.120920 6
-1.631688 0.017572 3.319516 6
-1.065039 0.010750 3.734680 6
-1.062415 -0.025607 3.737160 6
-1.058036 -0.061781 3.741016 6
-1.181212 -0.110533 3.651713 8
-1.206257 -0.151332 3.634285 8
-1.136367 -0.181129 3.686319 8
-1.080391 -0.211207 3.728247 8
-1.095155 -0.250358 3.718607 8
-1.070726 -0.283730 3.737661 8
-1.056396 -0.318305 3.749431 8
-1.095983 -0.362394 3.722003 8
-1.094849 -0.399625 3.724358 8
-1.027658 -0.423358 3.774870 8
-1.015981 -0.457627 3.785049 8
-1.064693 -0.505535 3.751445 8
-1.092967 -0.549777 3.732833 8
-1.146790 -0.601259 3.695829 8
-1.146113 -0.639704 3.698485 8
-1.355919 -0.736547 3.548900 7
-1.223916 -0.739776 3.646875 7
-1.162240 -0.761118 3.693963 7
-1.230043 -0.821670 3.647646 7
-1.695606 -1.013524 3.314915 5
-1.721329 -1.068338 3.299686 5
-1.790943 2.127041 3.374250 2
-1.907340 2.133747 3.288710 2
-1.719539 1.994490 3.412962 2
-1.657009 1.917675 3.451242 2
-1.589909 1.840652 3.492997 2
-1.621709 1.808370 3.466426 2
-1.621406 1.762016 3.462237 2
-1.642967 1.724804 3.442965 2
-1.594776 1.659677 3.472432 2
-1.637420 1.630747 3.438690 2
-1.601339 1.571764 3.460067 2
-1.637877 1.539894 3.430777 2
-1.590108 1.478108 3.460693 2
-1.592671 1.434480 3.455473 2
-1.557974 1.378952 3.476586 2
-1.583909 1.343218 3.455186 2
-1.568759 1.294768 3.462837 2
-1.594925 1.258641 3.441474 2
-1.568676 1.207664 3.457232 2
-1.579105 1.167058 3.447208 2
-1.576239 1.123004 3.446705 2
-1.560402 1.076046 3.455520 2
-1.545017 1.029679 3.464154 2
-1.560796 0.990474 3.450801 2
-1.562444 0.948131 3.447587 2
-1.548211 0.902808 3.455781 2
-1.550759 0.860921 3.452167 2
-1.566985 0.821355 3.438925 2
-1.561861 0.778154 3.440997 2
-1.569563 0.736999 3.434044 2
-1.544433 0.691369 3.450617 2
-1.551685 0.650313 3.444214 2
-1.538940 0.606951 3.452195 2
-1.531823 0.564488 3.456277 2
-1.530487 0.522734 3.456345 2
-1.505723 0.479295 3.473266 2
-1.498774 0.437593 3.477573 2
-1.518122 0.397444 3.463192 2
-1.510251 0.355774 3.468381 2
-1.497204 0.314155 3.477382 2
-1.502457 0.273166 3.473405 2
-1.500776 0.232024 3.474498 2
-1.618505 0.190235 3.390292 2
-1.524403 0.149392 3.457709 2
-1.986060 0.094697 3.127771 3
-1.922690 0.050524 3.173458 6
-1.628401 0.019772 3.384349 6
-1.201077 0.004224 3.690365 6
-1.121479 -0.027551 3.747849 6
-1.234825 -0.074214 3.667563 6
-1.268612 -0.115729 3.644247 6
-1.246307 -0.151917 3.661097 8
-1.188222 -0.183295 3.703567 8
-1.149466 -0.215944 3.732314 8
-1.092063 -0.245052 3.774429 8
-1.100823 -0.283215 3.769461 8
-1.133300 -0.325628 3.747714 8
-1.128220 -0.362125 3.752821 8
-1.113210 -0.396679 3.765087 8
-1.055800 -0.422354 3.807565 8
-1.050263 -0.457901 3.813254 8
-1.134558 -0.513756 3.755315 8
-1.134361 -0.551556 3.757466 8
-1.200129 -0.605958 3.713016 8
-1.174655 -0.638113 3.733304 8
-1.398817 -0.738181 3.577262 7
-1.223679 -0.729534 3.703529 7
-1.206801 -0.763975 3.718048 7
-1.281963 -0.826674 3.667833 7
-1.770189 -1.024368 3.327316 5
-1.753305 1.990563 3.455850 2
-1.721500 1.928149 3.472152 2
-2.214554 2.098054 3.134147 2
-1.667499 1.810527 3.498959 2
-1.641352 1.753411 3.512109 2
-1.681229 1.723792 3.480625 2
-1.644073 1.663260 3.501599 2
-1.661307 1.624448 3.485736 2
-1.638085 1.570565 3.497587 2
-1.627673 1.521972 3.500870 2
-1.618297 1.474160 3.503601 2
-1.662594 1.444488 3.469692 2
-1.616284 1.385043 3.498030 2
-1.641185 1.348702 3.477640 2
-1.600383 1.292547 3.502553 2
-1.619940 1.254581 3.486077 2
-1.639508 1.216290 3.469691 2
-1.635257 1.171491 3.469851 2
-1.622770 1.124878 3.475837 2
-1.613991 1.079550 3.479402 2
-1.618274 1.037467 3.474056 2
-1.615560 0.993903 3.473680 2
-1.616608 0.951259 3.470821 2
-1.609206 0.907085 3.473949 2
-1.603424 0.863460 3.476081 2
-1.631833 0.825730 3.454568 2
-1.601621 0.778362 3.473933 2
-1.612586 0.737652 3.464780 2
-1.599468 0.693589 3.472511 2
-1.600409 0.651576 3.470572 2
-1.602860 0.609760 3.467699 2
-1.591967 0.566643 3.474249 2
-1.590699 0.524645 3.474205 2
-1.600989 0.483572 3.466213 2
-1.548374 0.438350 3.502249 2
-1.588462 0.399118 3.473684 2
-1.569887 0.356652 3.486195 2
-1.585134 0.315593 3.475200 2
-1.577762 0.273812 3.480119 2
-1.556316 0.232126 3.494987 2
-1.769152 0.189597 3.346293 2
-1.600214 0.148741 3.464434 2
-2.193300 0.090004 3.050372 3
-1.968074 0.050388 3.208084 6
-1.706108 0.017779 3.391530 6
-1.234438 0.004289 3.721427 6
-2.213125 -0.106048 3.038960 6
-1.235011 -0.071251 3.722386 6
-1.307594 -0.116100 3.672597 6
-1.281846 -0.151981 3.691512 6
-1.253551 -0.187011 3.712294 8
-1.261429 -0.226198 3.707968 8
-1.177078 -0.252432 3.767962 8
-1.114003 -0.280070 3.813191 8
-1.151539 -0.323025 3.788515 8
-1.153993 -0.360683 3.788354 8
-1.182318 -0.403366 3.770340 8
-1.147943 -0.434191 3.795961 8
-1.111373 -0.463833 3.823172 8
-1.159446 -0.511683 3.791826 8
-1.140097 -0.544847 3.807298 8
-1.183027 -0.593073 3.779805 8
-1.203124 -0.636490 3.768250 8
-1.413188 -0.731994 3.625801 7
-1.270347 -0.732729 3.726944 7
-1.270113 -0.772245 3.729836 7
-1.305922 -0.822939 3.708073 7
-1.875735 -1.044779 3.319935 5
-1.857887 1.970518 3.446942 2
-1.771126 1.884223 3.498822 2
-1.712181 1.812074 3.532734 2
-1.728091 1.772376 3.517464 2
-1.745649 1.733155 3.501215 2
-1.727000 1.679698 3.509097 2
-1.694405 1.621657 3.526439 2
-1.659800 1.563859 3.545338 2
-1.693758 1.531129 3.518738 2
-1.694629 1.486545 3.514305 2
-1.682719 1.437924 3.518560 2
-1.715083 1.403703 3.493323 2
-1.684639 1.349811 3.510289 2
-1.688253 1.306718 3.504576 2
-1.644121 1.250314 3.531094 2
-1.673445 1.214781 3.508369 2
-1.680322 1.172932 3.500860 2
-1.667776 1.126287 3.506576 2
-1.662187 1.081672 3.507743 2
-1.656345 1.037241 3.509218 2
-1.655907 0.994185 3.507174 2
-1.640945 0.948351 3.515093 2
-1.648508 0.907172 3.507889 2
-1.645299 0.864012 3.508110 2
-1.684255 0.827937 3.479836 2
-1.650083 0.779865 3.501327 2
-1.660040 0.738889 3.492977 2
-1.652205 0.695436 3.496844 2
-1.644434 0.652230 3.500796 2
-1.672440 0.613097 3.480519 2
-1.648215 0.568360 3.495922 2
-1.643276 0.525851 3.498320 2
-1.668461 0.485704 3.480309 2
-1.632984 0.441253 3.503769 2
-1.639689 0.399776 3.498596 2
-1.661104 0.358752 3.483508 2
-1.652057 0.316403 3.489316 2
-1.629345 0.274040 3.504570 2
-1.636257 0.232364 3.499735 2
-1.650889 0.190491 3.489752 2
-1.713824 0.147467 3.446935 2
-1.985767 0.051357 3.262064 6
-1.675246 0.021354 3.474348 6
-1.265745 0.004492 3.754146 6
-1.185861 -0.027335 3.809243 6
-1.154881 -0.061528 3.831092 6
-1.316524 -0.113558 3.721836 6
-1.252255 -0.145027 3.766583 6
-1.341770 -0.193346 3.706752 8
-1.274582 -0.223357 3.753673 8
-1.238000 -0.256224 3.779850 8
-1.200540 -0.288181 3.806703 8
-1.176290 -0.321517 3.824665 8
-1.156270 -0.355108 3.839843 8
-1.167809 -0.394220 3.833718 8
-1.237185 -0.445169 3.788546 8
-1.184497 -0.472130 3.826162 8
-1.169002 -0.506212 3.838682 8
-1.187145 -0.547876 3.828575 8
-1.228871 -0.595834 3.802696 8
-1.236290 -0.636059 3.800113 8
-1.351122 -0.705380 3.725350 7
-1.301436 -0.731442 3.761506 7
-1.281176 -0.765045 3.777941 7
-1.321201 -0.816590 3.754031 7
-1.967376 -1.060303 3.324352 5
-2.110581 2.063425 3.350765 2
-1.915450 1.928312 3.470280 2
-1.865216 1.858888 3.497296 2
-1.817301 1.791843 3.523112 2
-1.831196 1.750567 3.509297 2
-1.843015 1.708363 3.496949 2
-1.809448 1.649236 3.514142 2
-1.815536 1.605332 3.505821 2
-1.785297 1.548851 3.521262 2
-1.770488 1.498431 3.526867 2
-1.769627 1.453039 3.523550 2
-1.813976 1.421926 3.490844 2
-1.794378 1.370731 3.500038 2
-1.738082 1.309547 3.533454 2
-1.776621 1.276079 3.504897 2
-1.779111 1.232284 3.500095 2
-1.721943 1.173411 3.534660 2
-1.735795 1.133190 3.522694 2
-1.745286 1.091759 3.513718 2
-1.763074 1.052040 3.499390 2
-1.716889 0.998709 3.527423 2
-1.739854 0.960127 3.509937 2
-1.773309 0.923060 3.485617 2
-1.744449 0.874479 3.502655 2
-1.701191 0.824291 3.529395 2
-1.712367 0.783396 3.520211 2
-1.726062 0.742671 3.509475 2
-1.697887 0.696309 3.526657 2
-1.758971 0.661132 3.484692 2
-1.704482 0.612351 3.519629 2
-1.753574 0.574690 3.485852 2
-1.717456 0.528826 3.508859 2
-1.721000 0.486691 3.505617 2
-1.722086 0.444360 3.504137 2
-1.719871 0.401866 3.504981 2
-1.715486 0.359360 3.507398 2
-1.709325 0.316921 3.511124 2
-1.688890 0.274392 3.524485 2
-1.713560 0.232580 3.507926 2
-1.714396 0.190352 3.507369 2
-2.029774 0.142833 3.297416 2
-1.239307 0.082196 3.824510 6
-1.204103 0.047005 3.848389 6
-1.232766 0.008655 3.829854 6
-1.222490 -0.027532 3.837351 6
-1.188267 -0.061509 3.860885 6
-1.395857 -0.117742 3.723716 6
-1.254195 -0.141548 3.818913 6
-1.375997 -0.193181 3.739108 8
-1.295939 -0.221606 3.793529 8
-1.319058 -0.262731 3.779541 8
-1.263899 -0.292588 3.817594 8
-1.184404 -0.317303 3.871838 8
-1.222419 -0.360727 3.848309 8
-1.245389 -0.402294 3.834887 8
-1.278418 -0.446437 3.814956 8
-1.274278 -0.483679 3.819728 8
-1.295457 -0.526470 3.807908 8
-1.272171 -0.559568 3.825542 8
-1.271485 -0.597706 3.828382 8
-1.301270 -0.643665 3.811304 8
-1.433230 -0.717538 3.727280 7
-1.319943 -0.726642 3.804482 7
-1.330521 -0.768986 3.800467 7
-1.323564 -0.806436 3.808067 7
-1.971266 1.885120 3.495342 2
-1.919222 1.815911 3.522713 2
-1.938141 1.775869 3.505726 2
-1.872005 1.703361 3.542489 2
-1.916480 1.673199 3.509694 2
-1.882382 1.614264 3.526684 2
-1.905369 1.575915 3.507717 2
-1.840102 1.507914 3.544907 2
-1.861785 1.469439 3.527075 2
-1.872834 1.427336 3.516128 2
-1.877347 1.383186 3.509480 2
-1.847249 1.329194 3.525092 2
-1.844021 1.283396 3.523712 2
-1.854706 1.241460 3.513569 2
-1.850963 1.195780 3.512811 2
-1.843097 1.149317 3.514852 2
-1.857389 1.108210 3.502800 2
-1.848871 1.061935 3.505553 2
-1.860625 1.020130 3.495398 2
-1.827150 0.969354 3.514542 2
-1.814572 0.923256 3.520374 2
-1.835049 0.883217 3.505000 2
-1.819455 0.836993 3.513068 2
-1.826137 0.794531 3.506873 2
-1.802618 0.747802 3.520366 2
-1.776088 0.701279 3.535966 2
-1.816876 0.663237 3.508072 2
-1.815974 0.619955 3.507328 2
-1.818043 0.577021 3.504792 2
-1.847869 0.536388 3.484364 2
-1.812227 0.490424 3.506581 2
-1.816564 0.447716 3.502969 2
-1.791864 0.403494 3.518361 2
-1.804400 0.361283 3.509686 2
-1.817284 0.318823 3.500915 2
-1.818311 0.275893 3.499982 2
-1.797396 0.232827 3.513450 2
-1.824564 0.189960 3.495784 2
-2.186515 0.140938 3.260564 2
-2.122296 0.049351 3.303034 6
-1.290992 0.044369 3.843892 6
-1.299339 0.006688 3.839040 6
-1.272968 -0.028706 3.856858 6
-1.290015 -0.067148 3.846587 6
-1.293441 -0.104719 3.845280 6
-1.423761 -0.155754 3.761770 8
-1.406711 -0.192587 3.774019 8
-1.386667 -0.228706 3.788316 8
-1.353599 -0.262626 3.811152 8
-1.358331 -0.301527 3.809617 8
-1.263411 -0.324555 3.872648 8
-1.233649 -0.356740 3.893600 8
-1.283003 -0.402835 3.863558 8
-1.260905 -0.436206 3.879780 8
-1.321220 -0.486127 3.842987 8
-1.345641 -0.529697 3.829501 8
-1.366397 -0.573072 3.818527 8
-1.361183 -0.610783 3.824389 8
-1.363175 -0.650287 3.825747 8
-1.474684 -0.718707 3.757062 7
-1.365851 -0.729394 3.829688 7
-1.364726 -0.768461 3.833429 7
-1.343214 -0.801567 3.850306 7
-2.016870 1.789626 3.521933 2
-2.030022 1.746720 3.508709 2
-2.026482 1.697638 3.505899 2
-2.019754 1.647702 3.505234 2
-2.010187 1.597137 3.506504 2
-1.960945 1.533935 3.532525 2
-1.971411 1.490949 3.521783 2
-1.985723 1.449054 3.508790 2
-1.983232 1.402043 3.506382 2
-1.929753 1.340825 3.535907 2
-1.950744 1.301159 3.519215 2
-1.946717 1.254646 3.518273 2
-1.929116 1.204974 3.525983 2
-1.898245 1.152669 3.542185 2
-1.935687 1.116620 3.515736 2
-1.928374 1.070219 3.517484 2
-1.953831 1.030761 3.498791 2
-1.940354 0.983333 3.504711 2
-1.910222 0.933274 3.521284 2
-1.890453 0.885736 3.531504 2
-1.913006 0.845458 3.515185 2
-1.884131 0.797132 3.531460 2
-1.921787 0.758641 3.505865 2
-1.906017 0.712643 3.514159 2
-1.887057 0.666683 3.524626 2
-1.910420 0.625602 3.508454 2
-1.906113 0.581479 3.509932 2
-1.906125 0.537847 3.508816 2
-1.866372 0.491424 3.533046 2
-1.919859 0.451519 3.498308 2
-1.891316 0.406430 3.515718 2
-1.878307 0.362583 3.523420 2
-1.898876 0.319958 3.509957 2
-1.883477 0.276304 3.519454 2
-1.872912 0.233022 3.526021 2
-1.894449 0.189797 3.512353 2
-2.514700 0.136272 3.118893 3
-1.810831 0.020472 3.566767 6
-1.350861 0.005680 3.859104 6
-1.352242 -0.031891 3.858943 6
-1.330215 -0.067598 3.873735 6
-1.348258 -0.106586 3.863255 6
-1.470478 -0.156855 3.786957 8
-1.474083 -0.196199 3.785912 8
-1.493223 -0.237630 3.775173 8
-1.408511 -0.265289 3.830198 8
-1.379730 -0.299424 3.849956 8
-1.326276 -0.329052 3.885378 8
-1.277346 -0.358331 3.918015 8
-1.250042 -0.390516 3.937098 8
-1.309392 -0.438857 3.901744 8
-1.364179 -0.487667 3.869454 8
-1.405051 -0.534793 3.846099 8
-1.396151 -0.571666 3.854148 8
-1.378369 -0.606324 3.867878 8
-1.377690 -0.644934 3.871008 8
-1.484469 -0.711561 3.807119 8
-1.394108 -0.727241 3.866563 7
-1.372624 -0.760450 3.883061 7
-1.396160 -0.806523 3.871643 7
-2.258459 1.815171 3.436840 2
-2.235783 1.757135 3.445073 2
-2.210067 1.698753 3.455369 2
-2.200053 1.646422 3.456447 2
-2.161309 1.585159 3.475057 2
-2.151354 1.533971 3.476523 2
-2.149085 1.485490 3.473526 2
-2.086246 1.419593 3.507438 2
-2.121391 1.382658 3.482117 2
-2.070450 1.321965 3.509267 2
-2.060242 1.273024 3.511853 2
-2.043613 1.222856 3.518534 2
-2.058669 1.180622 3.506044 2
-2.048852 1.132600 3.508902 2
-2.049121 1.087049 3.505754 2
-1.985028 1.028614 3.542218 2
-2.010149 0.988699 3.524169 2
-2.014764 0.944637 3.518837 2
-2.032689 0.902803 3.505467 2
-2.020553 0.855915 3.510728 2
-2.020938 0.811205 3.508440 2
-2.002766 0.764037 3.517739 2
-1.983419 0.717183 3.527927 2
-2.008800 0.675906 3.510671 2
-2.000943 0.630704 3.514070 2
-1.981958 0.584695 3.524496 2
-1.975926 0.540195 3.527072 2
-1.990938 0.497346 3.516782 2
-1.987852 0.453126 3.517826 2
-1.979293 0.408733 3.522403 2
-1.979992 0.364900 3.521396 2
-1.951333 0.320274 3.538706 2
-1.996238 0.277476 3.510619 2
-1.973521 0.233347 3.524541 2
-2.112924 0.188835 3.438225 2
-2.577599 0.136016 3.150675 3
-1.832245 0.021373 3.613399 6
-1.454822 0.001580 3.847582 6
-1.380264 -0.031385 3.894442 6
-1.397374 -0.070213 3.884722 6
-1.403691 -0.108450 3.881806 6
-1.538550 -0.160110 3.799633 8
-1.533250 -0.198776 3.804189 8
-1.476276 -0.230922 3.840746 8
-1.466031 -0.268220 3.848581 8
-1.427927 -0.301263 3.873695 8
-1.361233 -0.329022 3.916494 8
-1.373409 -0.368683 3.910853 8
-1.337227 -0.399992 3.935060 8
-1.403583 -0.450124 3.896421 8
-1.432781 -0.494301 3.880776 8
-1.460367 -0.538864 3.866288 8
-1.474002 -0.581002 3.860504 8
-1.469073 -0.619175 3.866216 8
-1.481612 -0.661633 3.861398 8
-1.521254 -0.711446 3.840226 8
-1.463515 -0.736115 3.878502 7
-1.453236 -0.772874 3.887984 7
-1.450570 -0.811734 3.892968 7
-2.677585 1.897923 3.253986 2
-2.345996 1.334794 3.405779 2
-2.326379 1.281277 3.413672 2
-2.346476 1.237551 3.398119 2
-2.331730 1.185782 3.403482 2
-2.308390 1.132640 3.414168 2
-2.299992 1.083097 3.416125 2
-2.296341 1.034734 3.415419 2
-2.241198 0.977389 3.445727 2
-2.255239 0.932880 3.434782 2
-2.264804 0.887449 3.426671 2
-2.232769 0.835847 3.443697 2
-2.231467 0.789139 3.442441 2
-2.203405 0.739218 3.457443 2
-2.237573 0.696982 3.435166 2
-2.212774 0.648048 3.448539 2
-2.204294 0.601187 3.452252 2
-2.205877 0.555362 3.450057 2
-2.204258 0.509319 3.449950 2
-2.180402 0.462032 3.463417 2
-2.162306 0.415563 3.473571 2
-2.185064 0.371039 3.459219 2
-2.175348 0.325174 3.464625 2
-2.140789 0.279131 3.485188 2
-2.150366 0.234073 3.479252 2
-2.360444 0.187738 3.352376 3
-1.839955 0.022931 3.668138 6
-1.498105 0.001158 3.875120 6
-1.463298 -0.034709 3.896890 6
-1.464104 -0.072721 3.897299 6
-1.487367 -0.112832 3.884304 6
-1.601978 -0.162800 3.816434 8
-1.469285 -0.187384 3.897642 8
-1.456171 -0.223930 3.906946 8
-1.412131 -0.256085 3.934959 8
-1.407147 -0.293012 3.939602 8
-1.423630 -0.333238 3.931486 8
-1.432031 -0.372535 3.928365 8
-1.426378 -0.409582 3.933802 8
-1.457964 -0.453604 3.917082 8
-1.464567 -0.493403 3.915469 8
-1.492453 -0.537909 3.901292 8
-1.463341 -0.570486 3.921279 8
-1.508293 -0.619733 3.897254 8
-1.547960 -0.668779 3.876582 8
-1.586687 -0.718563 3.856676 8
-1.509205 -0.738441 3.905886 7
-1.506390 -0.777375 3.910893 7
-1.506189 -0.817114 3.914493 7
-2.683757 0.488891 3.231105 2
-2.676110 0.438044 3.234730 2
-2.710768 0.388955 3.213628 2
-2.709529 0.338198 3.213830 2
-2.693079 0.287239 3.223166 2
-2.741494 0.236981 3.194478 2
-2.725153 0.186042 3.204101 2
-1.957766 0.019210 3.657517 6
-1.557856 -0.000203 3.893556 6
-1.539231 -0.037458 3.905311 6
-1.548526 -0.076569 3.900778 6
-1.555817 -0.115728 3.897562 6
-1.546241 -0.153376 3.904390 8
-1.564399 -0.193956 3.895070 8
-1.528021 -0.228297 3.917885 8
-1.464290 -0.258271 3.956833 8
-1.466768 -0.296449 3.957086 8
-1.503960 -0.340100 3.937166 8
-1.494622 -0.376923 3.944619 8
-1.510168 -0.417990 3.937667 8
-1.547504 -0.463532 3.918162 8
-1.543565 -0.501800 3.922892 8
-1.572996 -0.547018 3.908339 8
-1.555340 -0.582636 3.921334 8
-1.599069 -0.632085 3.898822 8
-1.604898 -0.673448 3.898488 8
-1.631879 -0.720367 3.886071 8
-1.574624 -0.745837 3.922515 7
-1.575625 -0.786116 3.925399 7
-1.594025 -0.831488 3.918416 7
-2.019689 0.018221 3.681694 6
-1.609263 -0.001038 3.917854 6
-1.608673 -0.039690 3.919019 6
-1.589699 -0.076906 3.930857 6
-1.596169 -0.116029 3.928249 8
-1.623193 -0.157379 3.914019 8
-1.543529 -0.187547 3.960978 8
-1.575396 -0.229581 3.944257 8
-1.586191 -0.269563 3.939739 8
-1.525179 -0.299608 3.976350 8
-1.524484 -0.337638 3.978647 8
-1.577691 -0.384528 3.950380 8
-1.571871 -0.422334 3.955902 8
-1.592347 -0.464946 3.946615 8
-1.641876 -0.513751 3.921006 8
-1.633087 -0.551668 3.928675 8
-1.623057 -0.589211 3.937180 8
-1.657976 -0.636864 3.920405 8
-1.664183 -0.678515 3.920045 8
-1.663534 -0.718690 3.923711 7
-1.667359 -0.760118 3.925010 7
-1.628452 -0.790156 3.950473 7
-1.946793 0.023579 3.782304 8
-1.662402 -0.001940 3.942009 6
-1.666770 -0.041091 3.940421 6
-1.680155 -0.081063 3.933943 6
-1.703445 -0.122223 3.922088 8
-1.679320 -0.159212 3.936839 8
-1.661394 -0.196415 3.948261 8
-1.683546 -0.238091 3.937492 8
-1.631040 -0.270547 3.968434 8
-1.629354 -0.309111 3.971215 8
-1.658523 -0.352365 3.956999 8
-1.644256 -0.389262 3.967064 8
-1.634042 -0.426622 3.975012 8
-1.644952 -0.467700 3.971399 8
-1.658585 -0.509610 3.966443 8
-1.681615 -0.553804 3.956467 8
-1.685233 -0.594401 3.957381 8
-1.674852 -0.632006 3.966159 8
-1.729867 -0.684923 3.939123 8
-1.725803 -0.724531 3.944764 7
-1.747583 -0.770811 3.936395 7
-1.726244 -0.806099 3.951807 7
-2.847284 0.034365 3.349191 6
-2.149404 0.016075 3.730022 6
-1.739876 -0.004186 3.953789 6
-1.738018 -0.043325 3.955683 6
-1.714387 -0.080769 3.969566 6
-1.774740 -0.125114 3.937929 8
-1.716364 -0.159111 3.970981 8
-1.734612 -0.200238 3.962541 8
-1.719361 -0.237811 3.972437 8
-1.661463 -0.269612 4.005582 8
-1.661163 -0.308292 4.007630 8
-1.669455 -0.348307 4.005178 8
-1.658820 -0.385521 4.013111 8
-1.683321 -0.428573 4.002217 8
-1.664324 -0.464326 4.014952 8
-1.703584 -0.510915 3.996451 8
-1.693217 -0.548374 4.004838 8
-1.705179 -0.590444 4.001376 8
-1.768972 -0.644416 3.970309 8
-1.776666 -0.686715 3.969528 8
-1.795890 -0.732089 3.962761 7
-1.791145 -0.771863 3.968972 7
-1.839273 -0.825681 3.947196 7
-2.722035 1.332680 2.076289 2
-2.759154 1.418974 2.136791 2
-2.735341 1.430346 2.131208 2
-2.756651 1.494021 2.172806 2
-2.736376 1.508722 2.170347 2
-2.733079 1.542256 2.185163 2
-2.731846 1.577297 2.201612 2
-2.734615 1.615781 2.221575 2
-2.746694 1.662953 2.250178 2
-2.758553 1.708588 2.277841 2
-2.744582 1.727416 2.279872 2
-2.736960 1.752291 2.287831 2
-2.066382 1.149125 1.668635 2
-2.053313 1.181908 1.677356 2
-2.033372 1.208090 1.679403 2
-2.824608 1.953116 2.425560 2
-2.792839 1.953161 2.409325 2
-2.784311 1.973599 2.414236 2
-2.749415 1.971979 2.395467 2
-2.761251 2.009036 2.418246 2
-2.753722 2.029826 2.423582 2
-2.706128 2.019360 2.393991 2
-2.692356 2.035728 2.393927 2
-2.664622 2.041779 2.381888 2
-2.658904 2.064265 2.388585 2
-2.636008 2.074364 2.380699 2
-2.603574 2.078207 2.364944 2
-2.563051 2.077228 2.342705 2
-2.547851 2.093826 2.341455 2
-2.489798 2.082927 2.305392 2
-1.696577 1.611587 1.678184 2
-2.454619 2.114926 2.299346 2
-2.378295 2.096025 2.249733 2
-2.285929 2.069653 2.188173 2
-2.220772 2.061082 2.148688 2
-2.133501 2.041749 2.092560 2
-2.096403 2.051638 2.075767 2
-2.066858 2.066172 2.064900 2
-2.026635 2.075689 2.046001 2
-1.952459 2.069011 2.001696 2
-1.887859 2.068639 1.965076 2
-1.847236 2.080964 1.946687 2
-1.800799 2.091352 1.924161 2
-1.725656 2.089819 1.880781 2
-2.731011 1.260224 2.083890 2
-2.726747 1.298192 2.100644 2
-2.733959 1.349380 2.128991 2
-2.724861 1.379415 2.139456 2
-2.743948 1.442101 2.178648 2
-2.755468 1.494072 2.209059 2
-2.750023 1.525379 2.221537 2
-2.741344 1.552484 2.230394 2
-2.745928 1.593454 2.252008 2
-2.765705 1.649421 2.287831 2
-2.747417 1.664364 2.286098 2
-2.753611 1.704119 2.307633 2
-2.758827 1.741910 2.327692 2
-2.735721 1.751377 2.320819 2
-2.025294 1.110468 1.679414 2
-1.996824 1.129668 1.674163 2
-1.967358 1.148197 1.667986 2
-2.839008 1.965732 2.469160 2
-2.811105 1.968750 2.456570 2
-2.788470 1.976783 2.448775 2
-2.761455 1.981524 2.437238 2
-2.746264 1.996352 2.436036 2
-2.748397 2.024987 2.449592 2
-2.735501 2.041423 2.450100 2
-2.707768 2.046607 2.438066 2
-2.682576 2.054184 2.428285 2
-2.676909 2.076323 2.434716 2
-2.642708 2.078029 2.417613 2
-2.646607 2.106797 2.431650 2
-2.605027 2.104310 2.408773 2
-2.562227 2.101946 2.385222 2
-2.532296 2.108826 2.372171 2
-2.454704 2.086262 2.321789 2
-2.412583 2.087452 2.299781 2
-2.343951 2.073642 2.257514 2
-2.297008 2.074156 2.232471 2
-2.189342 2.041056 2.161414 2
-2.136747 2.041274 2.133011 2
-2.081218 2.041020 2.102734 2
-2.056684 2.058303 2.095940 2
-2.010848 2.064955 2.073374 2
-1.930819 2.055403 2.025874 2
-1.889592 2.066543 2.007305 2
-1.834764 2.071995 1.979028 2
-1.779992 2.078577 1.951083 2
-1.709440 2.079194 1.912112 2
-1.687189 2.102273 1.907953 2
-2.689566 -0.055408 1.443554 6
-2.686229 0.026110 1.484576 6
-2.594853 -0.070741 1.399502 6
-2.571676 -0.029535 1.411792 6
-2.512877 -0.056630 1.374971 6
-2.494284 -0.007459 1.392847 6
-2.436925 -0.029191 1.359044 6
-2.399803 -0.013480 1.352214 6
-2.361658 0.000749 1.344074 6
-2.311148 -0.005235 1.320567 6
-2.262569 -0.006754 1.299946 6
-2.217467 -0.001633 1.283935 6
-2.752850 1.202067 2.104654 2
-2.730036 1.216983 2.101925 2
-2.734424 1.266993 2.127959 2
-2.744065 1.322158 2.158688 2
-2.749967 1.371043 2.184655 2
-2.761431 1.425221 2.215532 2
-2.747826 1.448244 2.220285 2
-2.756767 1.496961 2.247256 2
-2.754798 1.531996 2.262753 2
-2.764641 1.579255 2.289272 2
-2.780088 1.631238 2.320476 2
-2.730231 1.612759 2.288807 2
-2.771216 1.689595 2.343145 2
-2.749659 1.700647 2.338050 2
-2.762776 1.746209 2.364879 2
-2.748077 1.763611 2.365731 2
-1.965006 1.053643 1.673974 2
-1.952847 1.089019 1.683874 2
-1.903853 1.090575 1.660914 2
-1.893832 1.127704 1.672368 2
-1.865702 1.148634 1.667792 2
-1.843919 1.175161 1.668627 2
-1.822479 1.201952 1.669618 2
-1.796029 1.224656 1.666254 2
-1.795586 1.268167 1.684541 2
-2.673847 1.992880 2.429288 2
-2.703114 2.042287 2.464698 2
-2.716605 2.078545 2.486601 2
-2.658105 2.061728 2.450039 2
-2.663508 2.091711 2.465098 2
-2.628520 2.093144 2.447825 2
-2.618844 2.112426 2.450668 2
-2.621657 2.139878 2.463138 2
-2.552049 2.120139 2.419314 2
-2.559633 2.150796 2.435368 2
-2.542557 2.165697 2.432324 2
-2.511944 2.172635 2.419028 2
-2.271132 2.057075 2.248153 2
-2.185659 2.036839 2.195428 2
-2.153515 2.048365 2.182827 2
-2.096284 2.046817 2.151919 2
-2.088447 2.072616 2.157378 2
-2.038810 2.076748 2.132431 2
-1.967299 2.070918 2.092033 2
-1.886398 2.062086 2.045405 2
-1.863319 2.082508 2.040330 2
-1.742389 2.058040 1.966315 2
-1.716938 2.079206 1.960011 2
-1.687367 2.098896 1.950843 2
-1.625348 2.105291 1.919294 2
-1.587089 2.122679 1.904374 2
-1.559801 2.145071 1.897046 2
-2.746446 -0.106030 1.494766 6
-2.728900 -0.051515 1.516055 6
-2.720986 0.021145 1.549953 6
-2.609535 -0.119910 1.437220 6
-2.588126 -0.074102 1.452255 6
-2.524084 -0.111969 1.409007 6
-2.498800 -0.074007 1.418355 6
-2.503421 0.017857 1.465948 6
-2.443275 -0.009597 1.428974 6
-2.405675 0.004597 1.421305 6
-2.369299 0.021196 1.415163 6
-2.301183 -0.014641 1.370494 6
-2.254046 -0.013759 1.352066 6
-2.208962 -0.008618 1.336400 6
-2.157265 -0.012861 1.313342 6
-2.108640 -0.011193 1.294256 6
-2.062630 -0.004653 1.278452 6
-2.016133 0.001995 1.262348 6
-2.750789 1.108521 2.098562 2
-2.741591 1.143318 2.111261 2
-2.729641 1.173614 2.120562 2
-2.758366 1.256784 2.172069 2
-2.762129 1.304941 2.196312 2
-2.751944 1.334176 2.205583 2
-2.758779 1.383788 2.231648 2
-2.760545 1.425866 2.251913 2
-2.750204 1.452590 2.259678 2
-2.752039 1.492891 2.278975 2
-2.751488 1.529480 2.295427 2
-2.742535 1.555951 2.303430 2
-2.767634 1.618708 2.343091 2
-2.759097 1.643998 2.350578 2
-2.741305 1.659350 2.349320 2
-2.759785 1.711389 2.380918 2
-2.778250 1.761893 2.411748 2
-2.783494 1.798142 2.430103 2
-1.905754 0.997808 1.671351 2
-2.795462 1.869454 2.466750 2
-2.788833 1.892421 2.473539 2
-2.775990 1.909573 2.474815 2
-2.778559 1.940041 2.489025 2
-2.754638 1.947407 2.480708 2
-2.737917 1.961127 2.478449 2
-2.721159 1.974927 2.476130 2
-2.691814 1.978849 2.463529 2
-2.693820 2.007676 2.476401 2
-2.680746 2.024523 2.476908 2
-2.665678 2.039890 2.475757 2
-2.622729 2.035097 2.452623 2
-2.626461 2.064405 2.466233 2
-2.607166 2.077218 2.461734 2
-2.597958 2.097078 2.464987 2
-2.592213 2.119128 2.470761 2
-2.581931 2.138049 2.472953 2
-2.553710 2.145601 2.461605 2
-2.545139 2.165748 2.464984 2
-2.508289 2.168806 2.447379 2
-2.239781 2.036757 2.260272 2
-2.191330 2.037991 2.235881 2
-2.146462 2.042234 2.214363 2
-2.094208 2.043358 2.187791 2
-2.068725 2.059756 2.180576 2
-2.034663 2.072069 2.167329 2
-1.980314 2.074764 2.139957 2
-1.868982 2.050704 2.073170 2
-1.844915 2.070785 2.067625 2
-1.785142 2.074634 2.037523 2
-1.693049 2.065164 1.985658 2
-1.657352 2.082372 1.972675 2
-1.619606 2.099289 1.958398 2
-1.554200 2.105449 1.925685 2
-1.508342 2.120727 1.906323 2
-1.504442 2.153056 1.914902 2
-1.470590 2.173957 1.903590 2
-2.826501 -0.203259 1.530088 8
-2.798539 -0.168757 1.537531 8
-2.795976 -0.077653 1.581950 6
-2.777991 -0.024703 1.601825 6
-2.695707 -0.111549 1.529354 6
-2.652717 -0.110798 1.514175 6
-2.668947 0.011064 1.580025 6
-2.629872 0.018214 1.569159 6
-2.599715 0.043111 1.570143 6
-2.544322 0.020368 1.538353 6
-2.487079 -0.003644 1.505121 6
-2.461553 0.031058 1.512219 6
-2.414907 0.028330 1.493047 6
-2.339361 -0.022289 1.439577 6
-2.299089 -0.011066 1.429298 6
-2.232453 -0.041943 1.388472 6
-2.181587 -0.045432 1.366747 6
-2.165255 0.005531 1.384387 6
-2.104126 -0.012217 1.351552 6
-2.737117 0.992858 2.078823 2
-2.747365 1.058174 2.113540 2
-2.731374 1.084443 2.119244 2
-2.735753 1.138268 2.146016 2
-2.756099 1.211887 2.188450 2
-2.743321 1.239506 2.195825 2
-2.756188 1.299569 2.228722 2
-2.756497 1.341963 2.248174 2
-2.757974 1.384668 2.268174 2
-2.752064 1.417359 2.280406 2
-2.750514 1.454478 2.296417 2
-2.761222 1.504807 2.323554 2
-2.769538 1.550991 2.347720 2
-2.758742 1.574849 2.353552 2
-2.757935 1.609149 2.368300 2
-2.760730 1.646481 2.385889 2
-2.754895 1.674011 2.395284 2
-2.781358 1.733678 2.432989 2
-2.763145 1.747344 2.430678 2
-2.754442 1.770311 2.436580 2
-2.835944 1.878358 2.519696 2
-2.795563 1.869598 2.497517 2
-2.777378 1.881991 2.494377 2
-2.776183 1.909598 2.505380 2
-2.769968 1.932349 2.511960 2
-2.756727 1.948846 2.512605 2
-2.726655 1.951348 2.499540 2
-2.742900 1.992068 2.523811 2
-2.736435 2.013685 2.529522 2
-2.703749 2.014696 2.514401 2
-2.682466 2.025049 2.508390 2
-2.648104 2.025968 2.492289 2
-2.675527 2.072475 2.523847 2
-2.630825 2.066463 2.499889 2
-2.621103 2.085762 2.502685 2
-2.576981 2.081653 2.479603 2
-2.595898 2.120291 2.503679 2
-2.573618 2.131317 2.496940 2
-2.564385 2.150901 2.499793 2
-2.559149 2.172872 2.505444 2
-2.521830 2.175342 2.487840 2
-2.250684 2.041224 2.303246 2
-2.196622 2.038966 2.275396 2
-2.153181 2.043813 2.255370 2
-2.119169 2.054653 2.242163 2
-2.107227 2.077795 2.244407 2
-2.065412 2.085462 2.225948 2
-1.991940 2.077975 2.185995 2
-1.902527 2.064304 2.135675 2
-1.871704 2.080616 2.125558 2
-1.794926 2.076077 2.084657 2
-1.712504 2.070653 2.040461 2
-1.635524 2.069400 2.000372 2
-1.576225 2.077299 1.972364 2
-1.561224 2.104658 1.973618 2
-1.527252 2.124473 1.962450 2
-2.891050 -0.134193 1.641099 8
-2.840813 -0.155376 1.613728 8
-2.880567 0.034941 1.719715 6
-2.834608 0.021665 1.697402 6
-2.788997 0.010801 1.676256 6
-2.753521 0.023098 1.669702 6
-2.702355 0.003043 1.641934 6
-2.663168 0.009222 1.630882 6
-2.620594 0.009346 1.615596 6
-2.580370 0.014923 1.603635 6
-2.555452 0.049802 1.611047 6
-2.504609 0.036625 1.586053 6
-2.451199 0.020504 1.558594 6
-2.392508 -0.003006 1.525561 6
-2.346027 -0.003717 1.507677 6
-2.314453 0.021246 1.507302 6
-2.235096 -0.031009 1.452622 6
-2.199168 -0.011384 1.447836 6
-2.747492 0.907079 2.084396 2
-2.746513 0.958802 2.107765 2
-2.756010 1.024315 2.141476 2
-2.757899 1.076706 2.166094 2
-2.745167 1.106981 2.174744 2
-2.736839 1.142688 2.187528 2
-2.759220 1.218732 2.230801 2
-2.779308 1.289154 2.270532 2
-2.751007 1.295155 2.261604 2
-2.741630 1.325347 2.271140 2
-2.771648 1.403289 2.318048 2
-2.779114 1.451503 2.342376 2
-2.757762 1.464490 2.339090 2
-2.743861 1.486181 2.342665 2
-2.759861 1.541273 2.373352 2
-2.748655 1.564775 2.378700 2
-2.772386 1.625598 2.415008 2
-2.777095 1.664478 2.433645 2
-2.806514 1.727877 2.473362 2
-2.800640 1.753633 2.481676 2
-2.812938 1.796916 2.505265 2
-2.748053 1.764399 2.463021 2
-2.834388 1.877032 2.548148 2
-2.824812 1.896733 2.552015 2
-2.814072 1.915195 2.554782 2
-2.761329 1.896280 2.523294 2
-2.779593 1.940463 2.549497 2
-2.751808 1.944339 2.538422 2
-2.725092 1.949625 2.528333 2
-2.723584 1.975868 2.538097 2
-2.675141 1.964378 2.511210 2
-2.675278 1.991880 2.522092 2
-2.675975 2.019344 2.533149 2
-2.667586 2.039587 2.537089 2
-2.648234 2.051714 2.532688 2
-2.642445 2.073696 2.538379 2
-2.612408 2.078622 2.526049 2
-2.597299 2.094239 2.524773 2
-2.601960 2.123053 2.537798 2
-2.554480 2.117579 2.513048 2
-2.519934 2.121368 2.497861 2
-2.567628 2.176624 2.541107 2
-2.530268 2.178847 2.523849 2
-2.236133 2.030760 2.327635 2
-2.210089 2.044670 2.319938 2
-2.149901 2.039835 2.288815 2
-2.119022 2.052325 2.278086 2
-2.106617 2.075140 2.279967 2
-2.089830 2.095674 2.278811 2
-1.998655 2.078768 2.227889 2
-1.892701 2.056702 2.167788 2
-1.851062 2.067863 2.150842 2
-1.788841 2.070201 2.120576 2
-1.762879 2.090218 2.114236 2
-1.640412 2.068157 2.045522 2
-1.589989 2.079631 2.023901 2
-1.536236 2.090669 2.000360 2
-1.521826 2.118537 2.002002 2
-3.031649 0.034945 1.821090 6
-2.998671 0.048971 1.816960 6
-2.950292 0.025160 1.789681 6
-2.914408 0.033444 1.781642 6
-2.868721 0.019420 1.759665 6
-2.819815 -0.000167 1.733865 6
-2.786008 0.015292 1.729565 6
-2.743976 0.013306 1.714147 6
-2.702943 0.014416 1.700406 6
-2.671130 0.034990 1.698838 6
-2.622200 0.021798 1.675436 6
-2.582128 0.027176 1.663663 6
-2.537141 0.024061 1.646091 6
-2.482190 0.003936 1.616977 6
-2.444449 0.016302 1.608902 6
-2.394508 0.007937 1.586759 6
-2.340493 -0.005915 1.560491 6
-2.455963 0.261276 1.724677 2
-2.757735 0.816707 2.088869 2
-2.756909 0.871481 2.113225 2
-2.745089 0.907613 2.124943 2
-2.760553 0.983786 2.164910 2
-2.759935 1.033683 2.186889 2
-2.763909 1.088656 2.212810 2
-2.764817 1.137616 2.234790 2
-2.769737 1.190625 2.260043 2
-2.774136 1.241322 2.283991 2
-2.768982 1.277998 2.297936 2
-2.756816 1.304803 2.304705 2
-2.788276 1.385819 2.352413 2
-2.758469 1.388932 2.341668 2
-2.786358 1.461807 2.384267 2
-2.782888 1.495449 2.397190 2
-2.775708 1.524077 2.406378 2
-2.760795 1.543479 2.408384 2
-2.767312 1.586313 2.429108 2
-2.792640 1.648263 2.465646 2
-2.849033 1.740992 2.528024 2
-2.810203 1.732273 2.507943 2
-2.831336 1.785086 2.538702 2
-2.808662 1.793051 2.532245 2
-2.848839 1.862094 2.577680 2
-2.824830 1.868135 2.569732 2
-2.813658 1.886453 2.572250 2
-2.807579 1.909263 2.578729 2
-2.776345 1.909453 2.565081 2
-2.764268 1.926929 2.566670 2
-2.765720 1.955828 2.578687 2
-2.750356 1.970197 2.577464 2
-2.715707 1.968960 2.561478 2
-2.701593 1.984809 2.561258 2
-2.726818 2.031287 2.590489 2
-2.690411 2.029564 2.573328 2
-2.638416 2.017043 2.544915 2
-2.636430 2.042200 2.553479 2
-2.633747 2.066507 2.561338 2
-2.617299 2.080928 2.559117 2
-2.596326 2.092404 2.553650 2
-2.605232 2.123987 2.569353 2
-2.574924 2.129496 2.557234 2
-2.553277 2.141050 2.551282 2
-2.519597 2.145458 2.537056 2
-2.265596 2.017491 2.371903 2
-2.236517 2.029094 2.362258 2
-2.185238 2.028393 2.337698 2
-2.160850 2.043858 2.331474 2
-2.146787 2.065289 2.332156 2
-2.109623 2.074440 2.317497 2
-2.044605 2.069793 2.284698 2
-2.014614 2.084284 2.275133 2
-1.954641 2.084467 2.246225 2
-1.878117 2.077966 2.207001 2
-1.795667 2.070369 2.164455 2
-1.727606 2.071101 2.131541 2
-1.678941 2.081796 2.111226 2
-1.558633 2.062722 2.046219 2
-1.526071 2.082817 2.036604 2
-1.462288 2.090809 2.007729 2
-1.401732 2.101317 1.981132 2
-3.156279 0.082775 1.932266 6
-3.105924 0.045395 1.899108 6
-3.058992 0.020444 1.872699 6
-3.020301 0.019364 1.859870 6
-2.990938 0.042761 1.861246 6
-2.940915 0.015042 1.832247 6
-2.895883 0.001680 1.811377 6
-2.872966 0.041029 1.821876 6
-2.815169 0.000794 1.784248 6
-2.794425 0.044512 1.797250 6
-2.756423 0.050134 1.786969 6
-2.695480 0.008975 1.747531 6
-2.660138 0.022378 1.741466 6
-2.614439 0.015727 1.722656 6
-2.589607 0.050179 1.729502 6
-2.518687 -0.001908 1.681230 6
-2.488094 0.022702 1.681409 6
-2.425960 -0.008741 1.645247 6
-2.458869 0.126406 1.717102 3
-2.761593 0.710686 2.085269 2
-2.755437 0.760064 2.104814 2
-2.761925 0.828215 2.137159 2
-2.766963 0.891701 2.166834 2
-2.760192 0.934926 2.183185 2
-2.756650 0.981769 2.202230 2
-2.760666 1.038302 2.228235 2
-2.765899 1.094780 2.254592 2
-2.753854 1.125310 2.263118 2
-2.753516 1.171223 2.282644 2
-2.771441 1.240268 2.319009 2
-2.765692 1.276043 2.331962 2
-2.772664 1.327247 2.356336 2
-2.780961 1.378596 2.381216 2
-2.766918 1.401069 2.385073 2
-2.754550 1.425276 2.390247 2
-2.778873 1.492168 2.427766 2
-2.758327 1.505409 2.424964 2
-2.813450 1.603754 2.487746 2
-2.814437 1.639102 2.502619 2
-2.806665 1.664193 2.509659 2
-2.806579 1.696975 2.522912 2
-2.802141 1.724547 2.532195 2
-2.836505 1.790760 2.573055 2
-2.838610 1.822981 2.586795 2
-2.833732 1.847734 2.594573 2
-2.809191 1.853484 2.586482 2
-2.821180 1.893465 2.607269 2
-2.793835 1.896760 2.596899 2
-2.764652 1.898940 2.585247 2
-2.768895 1.930713 2.599339 2
-2.744509 1.937491 2.591400 2
-2.702011 1.929607 2.569942 2
-2.722495 1.973980 2.595703 2
-2.716040 1.995718 2.601071 2
-2.684568 1.997750 2.587991 2
-2.668572 2.012193 2.586303 2
-2.667846 2.038106 2.595567 2
-2.637717 2.042214 2.583662 2
-2.640429 2.070266 2.595117 2
-2.608294 2.073585 2.581902 2
-2.616152 2.104727 2.596659 2
-2.583910 2.108597 2.583468 2
-2.546805 2.109930 2.567106 2
-2.548670 2.136738 2.577413 2
-2.554750 2.165747 2.590352 2
-2.281016 2.025043 2.415917 2
-2.261797 2.042145 2.412979 2
-2.193738 2.031300 2.377849 2
-2.164334 2.043734 2.368462 2
-2.151314 2.065605 2.369794 2
-2.085816 2.059453 2.337216 2
-2.061175 2.076009 2.331200 2
-2.005178 2.076989 2.305276 2
-1.960085 2.084509 2.286537 2
-1.829010 2.051557 2.214067 2
-1.774086 2.057304 2.189953 2
-1.736397 2.071974 2.176768 2
-1.700579 2.088105 2.164848 2
-1.624417 2.087493 2.128374 2
-1.475754 2.058238 2.048290 2
-1.478138 2.093468 2.060279 2
-1.410996 2.101042 2.030375 2
-3.083774 -0.474618 1.704943 8
-3.058294 -0.422982 1.720800 8
-3.166222 0.020237 1.954591 6
-3.123168 0.003680 1.933969 6
-3.081705 -0.006555 1.916593 6
-3.035490 -0.027998 1.892588 6
-3.022929 0.040000 1.919265 6
-2.972640 0.009902 1.889885 6
-2.942546 0.031713 1.890084 6
-2.894894 0.011551 1.865790 6
-2.859478 0.021560 1.858800 6
-2.820501 0.023933 1.847151 6
-2.770892 0.003949 1.821989 6
-2.728590 0.001399 1.806853 6
-2.700321 0.028790 1.809503 6
-2.652266 0.015991 1.787714 6
-2.621231 0.038014 1.786859 6
-2.568292 0.018152 1.760102 6
-2.539111 0.044308 1.761473 6
-2.491755 0.037224 1.741991 6
-2.751426 0.573429 2.064913 2
-2.770254 0.669774 2.113139 2
-2.761588 0.716086 2.130009 2
-2.759987 0.772593 2.153681 2
-2.778169 0.858947 2.197122 2
-2.768935 0.899138 2.210910 2
-2.777752 0.965853 2.242435 2
-2.778792 1.018652 2.265147 2
-2.769565 1.054801 2.276981 2
-2.777075 1.113969 2.304600 2
-2.782123 1.167794 2.328988 2
-2.779960 1.210109 2.345800 2
-2.778683 1.252460 2.362884 2
-2.780949 1.298297 2.382679 2
-2.778294 1.336555 2.397403 2
-2.779764 1.379014 2.415359 2
-2.772243 1.409338 2.424820 2
-2.804307 1.486444 2.468590 2
-2.798313 1.516354 2.478337 2
-2.806225 1.561607 2.499655 2
-2.816997 1.608819 2.522819 2
-2.814752 1.640397 2.534515 2
-2.816211 1.675279 2.548935 2
-2.815639 1.707207 2.561309 2
-2.811072 1.734327 2.570118 2
-2.847253 1.802052 2.611261 2
-2.878402 1.862608 2.647502 2
-2.853004 1.866600 2.638643 2
-2.850798 1.892987 2.647887 2
-2.805115 1.878637 2.623505 2
-2.807681 1.909262 2.636226 2
-2.787787 1.919322 2.631731 2
-2.743791 1.908690 2.609284 2
-2.751564 1.943165 2.625458 2
-2.728617 1.951313 2.618784 2
-2.725107 1.975614 2.626281 2
-2.689212 1.973789 2.610298 2
-2.717066 2.022392 2.639991 2
-2.675659 2.016844 2.620167 2
-2.662601 2.033377 2.620495 2
-2.643344 2.045403 2.616460 2
-2.615471 2.051507 2.606506 2
-2.580026 2.052828 2.591490 2
-2.596643 2.090315 2.611960 2
-2.608190 2.123529 2.628644 2
-2.562140 2.118584 2.606591 2
-2.543948 2.132362 2.603277 2
-2.533507 2.151137 2.605059 2
-2.265820 2.014103 2.439054 2
-2.232720 2.023132 2.427282 2
-2.189830 2.027089 2.409344 2
-2.167749 2.043601 2.404885 2
-2.133465 2.053672 2.392713 2
-2.137070 2.084613 2.404479 2
-2.060032 2.073050 2.365697 2
-1.987832 2.065681 2.330400 2
-1.985034 2.094248 2.338259 2
-1.836921 2.052539 2.257111 2
-1.745632 2.040999 2.211508 2
-1.745766 2.073167 2.221613 2
-1.701185 2.085181 2.204730 2
-1.622734 2.083409 2.167841 2
-1.551077 2.086124 2.135388 2
-1.461011 2.082824 2.092466 2
-1.397446 2.091854 2.065509 2
-3.116267 -0.484266 1.764906 8
-3.094130 -0.421384 1.786269 8
-3.050370 -0.427716 1.770597 8
-3.151243 -0.007541 1.985724 6
-3.110215 -0.017516 1.969053 6
-3.054867 -0.065383 1.931330 6
-3.049412 0.023519 1.968611 6
-3.012078 0.025518 1.958023 6
-2.968594 0.012852 1.939040 6
-2.938164 0.033513 1.938533 6
-2.887611 0.006369 1.910849 6
-2.848015 0.006750 1.898460 6
-2.814332 0.021167 1.893924 6
-2.772137 0.017238 1.878644 6
-2.732115 0.018991 1.866411 6
-2.697715 0.033094 1.861209 6
-2.676755 0.074238 1.871888 6
-2.598296 0.002177 1.815150 6
-2.581508 0.051758 1.830606 6
-2.754575 0.451198 2.058071 2
-2.761500 0.531924 2.094512 2
-2.773225 0.617989 2.134750 2
-2.781361 0.694543 2.169675 2
-2.756034 0.712096 2.168255 2
-2.773186 0.799186 2.210541 2
-2.768432 0.847940 2.229133 2
-2.767672 0.901445 2.251020 2
-2.765865 0.951655 2.271097 2
-2.773736 1.014775 2.299862 2
-2.788658 1.086080 2.334440 2
-2.776266 1.115970 2.342153 2
-2.774132 1.159555 2.359095 2
-2.782208 1.215859 2.384857 2
-2.780997 1.258020 2.401417 2
-2.778042 1.296769 2.415889 2
-2.779522 1.340198 2.433817 2
-2.793842 1.398489 2.462412 2
-2.814522 1.462741 2.495704 2
-2.820763 1.507652 2.515812 2
-2.822982 1.546607 2.531979 2
-2.838953 1.600326 2.559135 2
-2.825924 1.619900 2.561742 2
-2.817048 1.643853 2.567595 2
-2.827771 1.688507 2.589013 2
-2.824317 1.717020 2.598619 2
-2.832511 1.756973 2.617121 2
-2.813852 1.768821 2.614252 2
-2.850981 1.835874 2.654390 2
-2.831482 1.846040 2.650436 2
-2.831399 1.874776 2.661172 2
-2.827139 1.899076 2.668514 2
-2.783245 1.887069 2.646295 2
-2.761267 1.895659 2.640527 2
-2.770065 1.931274 2.657182 2
-2.738917 1.932102 2.644709 2
-2.725332 1.948178 2.644943 2
-2.740950 1.988023 2.665770 2
-2.714722 1.993528 2.656850 2
-2.687141 1.998435 2.647096 2
-2.679471 2.019014 2.651175 2
-2.658600 2.029579 2.646121 2
-2.656738 2.054272 2.653975 2
-2.625042 2.057348 2.641620 2
-2.614057 2.075476 2.643213 2
-2.589334 2.084201 2.635660 2
-2.577275 2.101750 2.636481 2
-2.561317 2.116761 2.634709 2
-2.540587 2.128860 2.629842 2
-2.529672 2.147320 2.631290 2
-2.274577 2.017682 2.477534 2
-2.250377 2.031756 2.471635 2
-2.201538 2.031916 2.450352 2
-2.181410 2.049276 2.447173 2
-2.117378 2.042697 2.416907 2
-2.084869 2.054431 2.406333 2
-2.089469 2.086098 2.418431 2
-2.004997 2.071940 2.376514 2
-1.985674 2.092013 2.374206 2
-1.911328 2.085690 2.339098 2
-1.783003 2.055601 2.272468 2
-1.728279 2.062138 2.249943 2
-1.668354 2.067428 2.224625 2
-1.656899 2.094846 2.227713 2
-1.554491 2.084072 2.178269 2
-1.437567 2.069603 2.121084 2
-1.361180 2.073697 2.087643 2
-3.135858 -0.399277 1.861108 8
-3.096154 -0.395064 1.851534 8
-3.070413 -0.347950 1.864280 8
-3.122560 -0.075281 1.996105 6
-3.063347 -0.134593 1.953376 6
-3.086145 0.035280 2.032502 6
-3.051928 0.044191 2.026063 6
-3.006398 0.024311 2.003912 6
-2.970274 0.029925 1.995317 6
-2.929328 0.024390 1.980446 6
-2.900481 0.048470 1.981694 6
-2.843658 0.008156 1.947086 6
-2.818620 0.041528 1.953236 6
-2.761721 0.005141 1.920064 6
-2.724246 0.012417 1.911186 6
-2.689557 0.025907 1.905691 6
-2.643940 0.017817 1.887621 6
-2.775476 0.355159 2.069927 2
-2.762863 0.403453 2.085726 2
-2.757436 0.463438 2.108615 2
-2.775162 0.562992 2.155327 2
-2.779636 0.635238 2.186362 2
-2.791963 0.718278 2.224355 2
-2.771408 0.743104 2.227487 2
-2.768069 0.795673 2.247641 2
-2.764017 0.845424 2.266334 2
-2.788994 0.938931 2.312569 2
-2.789107 0.991017 2.333490 2
-2.794694 1.049634 2.358858 2
-2.787917 1.088334 2.371882 2
-2.769548 1.109515 2.373788 2
-2.783983 1.176155 2.405253 2
-2.775100 1.208821 2.414933 2
-2.775836 1.253578 2.432747 2
-2.813573 1.345319 2.482233 2
-2.781175 1.344353 2.470067 2
-2.817858 1.430305 2.516789 2
-2.813187 1.462763 2.527592 2
-2.813369 1.500302 2.542080 2
-2.787302 1.506203 2.534642 2
-2.829039 1.590149 2.582216 2
-2.837168 1.633550 2.601726 2
-2.824020 1.652424 2.603883 2
-2.853469 1.716900 2.639286 2
-2.858377 1.753506 2.654847 2
-2.827871 1.752749 2.642869 2
-2.863195 1.819000 2.681015 2
-2.868844 1.853833 2.696039 2
-2.838084 1.852654 2.683645 2
-2.817884 1.862133 2.679212 2
-2.785258 1.860344 2.665759 2
-2.788597 1.891874 2.678461 2
-2.771697 1.904775 2.676404 2
-2.758158 1.920710 2.676713 2
-2.736839 1.930022 2.671509 2
-2.746805 1.965644 2.688093 2
-2.718150 1.968985 2.677730 2
-2.721107 1.998054 2.689082 2
-2.701481 2.008966 2.684907 2
-2.674304 2.014349 2.675693 2
-2.657337 2.027829 2.673381 2
-2.634482 2.037153 2.667180 2
-2.623602 2.055353 2.668870 2
-2.606252 2.068989 2.666291 2
-2.593167 2.085692 2.666455 2
-2.596835 2.113593 2.677269 2
-2.567235 2.119343 2.666800 2
-2.560405 2.140123 2.670763 2
-2.535044 2.149237 2.663068 2
-2.279507 2.018972 2.512990 2
-2.243788 2.026056 2.500147 2
-2.227644 2.045119 2.499386 2
-2.192994 2.053827 2.487391 2
-2.153704 2.060589 2.472736 2
-2.109401 2.065390 2.455254 2
-2.098238 2.088410 2.457611 2
-2.023429 2.078911 2.422444 2
-1.960531 2.076989 2.394678 2
-1.950323 2.101896 2.397824 2
-1.781225 2.051875 2.309291 2
-1.739041 2.064051 2.294565 2
-1.690933 2.074332 2.276617 2
-1.651492 2.089259 2.263755 2
-1.589314 2.095285 2.238245 2
-1.509333 2.095262 2.203078 2
-1.369895 2.073316 2.135338 2
-1.338127 2.095820 2.127725 2
-3.148002 -0.473760 1.885732 8
-3.139354 -0.367492 1.927633 8
-3.117786 -0.308082 1.946289 8
-3.090262 -0.269777 1.954387 8
-3.098799 -0.128186 2.015565 6
-3.112828 0.020514 2.081179 6
-3.088540 0.056169 2.088841 6
-3.047512 0.046239 2.072711 6
-3.012609 0.053425 2.065349 6
-2.971277 0.045050 2.049597 6
-2.923304 0.021994 2.025750 6
-2.887434 0.029452 2.017950 6
-2.846546 0.025929 2.004055 6
-2.809488 0.031943 1.995127 6
-2.771912 0.037386 1.985718 6
-2.738507 0.052158 1.981296 6
-2.671109 -0.002330 1.938163 6
-2.768551 0.274565 2.080421 2
-2.773526 0.359129 2.115958 2
-2.774725 0.433152 2.145982 2
-2.768998 0.491570 2.167461 2
-2.763268 0.547932 2.188039 2
-2.780239 0.642165 2.230984 2
-2.795654 0.730026 2.270818 2
-2.771941 0.749131 2.270510 2
-2.798685 0.850428 2.319245 2
-2.782560 0.879463 2.325223 2
-2.798666 0.958097 2.361369 2
-2.796488 1.006066 2.379306 2
-2.789097 1.044838 2.391828 2
-2.786831 1.090043 2.408527 2
-2.792140 1.144727 2.431425 2
-2.797697 1.198051 2.453822 2
-2.802315 1.248462 2.474711 2
-2.797736 1.285131 2.487073 2
-2.821881 1.358292 2.523362 2
-2.812413 1.386165 2.530537 2
-2.826010 1.442261 2.556510 2
-2.831789 1.487092 2.575393 2
-2.838031 1.531226 2.594125 2
-2.826333 1.553173 2.598044 2
-2.855104 1.621140 2.633695 2
-2.852925 1.652226 2.644357 2
-2.833259 1.663461 2.641241 2
-2.825512 1.687651 2.647213 2
-2.861797 1.757748 2.686197 2
-2.860058 1.786420 2.695927 2
-2.868151 1.824421 2.712657 2
-2.864534 1.849905 2.720432 2
-2.829389 1.844488 2.705189 2
-2.815417 1.859938 2.705360 2
-2.798752 1.872884 2.703567 2
-2.787449 1.890788 2.705524 2
-2.791455 1.922173 2.718044 2
-2.776093 1.936066 2.716932 2
-2.727874 1.922090 2.693357 2
-2.717391 1.940775 2.695698 2
-2.724794 1.973920 2.709945 2
-2.684609 1.968410 2.692265 2
-2.685334 1.995738 2.701802 2
-2.689155 2.024963 2.713153 2
-2.663583 2.031693 2.705233 2
-2.653784 2.050366 2.707533 2
-2.634542 2.062210 2.703739 2
-2.599466 2.063216 2.689965 2
-2.589812 2.082292 2.692303 2
-2.585469 2.104836 2.697864 2
-2.576036 2.123828 2.700160 2
-2.550824 2.132694 2.692727 2
-2.524978 2.141565 2.684985 2
-2.258702 2.004638 2.532422 2
-2.265254 2.037023 2.545300 2
-2.203139 2.029053 2.517176 2
-2.188867 2.049533 2.517621 2
-2.156430 2.060031 2.507389 2
-2.129756 2.074175 2.500612 2
-2.093531 2.083692 2.488380 2
-2.041769 2.085901 2.467378 2
-1.974194 2.081272 2.437629 2
-1.945514 2.096963 2.430224 2
-1.805521 2.060492 2.360403 2
-1.750393 2.066291 2.338785 2
-1.682883 2.067632 2.310554 2
-1.663569 2.091289 2.309170 2
-1.578741 2.087459 2.271944 2
-1.519169 2.095760 2.248871 2
-1.410825 2.085811 2.199720 2
-1.298000 2.076447 2.148736 2
-1.341869 2.128044 2.181879 2
-3.181406 -0.478210 1.945654 8
-3.185528 -0.327013 2.007988 8
-3.150450 -0.311820 2.004492 8
-3.128857 -0.254971 2.021449 8
-3.087928 -0.259033 2.008388 8
-3.146146 0.025200 2.139042 6
-3.109379 0.025715 2.128824 6
-3.068262 0.015219 2.112872 6
-3.041008 0.042650 2.115990 6
-3.005129 0.047266 2.107425 6
-2.965320 0.042718 2.093982 6
-2.924266 0.036279 2.079340 6
-2.884787 0.034726 2.067019 6
-2.830180 -0.000200 2.036904 6
-2.799352 0.020103 2.035641 6
-2.763485 0.029368 2.028425 6
-2.787432 0.163987 2.088566 3
-2.783879 0.236494 2.115862 2
-2.778507 0.302510 2.139980 2
-2.777863 0.375148 2.168068 2
-2.794016 0.476618 2.212537 2
-2.779173 0.516947 2.223476 2
-2.774313 0.573994 2.243965 2
-2.777636 0.643396 2.271751 2
-2.784203 0.715812 2.301662 2
-2.783059 0.772732 2.323078 2
-2.786322 0.834929 2.347871 2
-2.780251 0.880157 2.363087 2
-2.784151 0.939552 2.386888 2
-2.802713 1.019267 2.423157 2
-2.773367 1.024971 2.415529 2
-2.793879 1.103526 2.451883 2
-2.822782 1.191235 2.494424 2
-2.817753 1.228666 2.506669 2
-2.815685 1.269165 2.521002 2
-2.802634 1.293986 2.525713 2
-2.808756 1.343340 2.546010 2
-2.828208 1.408214 2.576563 2
-2.837296 1.458077 2.597962 2
-2.844157 1.503759 2.617002 2
-2.829799 1.522837 2.618874 2
-2.847933 1.579696 2.645827 2
-2.826718 1.589817 2.641933 2
-2.833652 1.631655 2.659397 2
-2.856295 1.689596 2.688188 2
-2.839521 1.703455 2.687066 2
-2.863991 1.760690 2.716164 2
-2.876057 1.803407 2.735589 2
-2.867518 1.824205 2.739757 2
-1.492016 0.496538 1.771858 2
-1.449337 0.511978 1.761484 2
-1.441373 0.560824 1.775410 2
-2.783747 1.859038 2.720868 2
-2.777166 1.881422 2.726067 2
-2.774977 1.907418 2.734095 2
-2.773012 1.933172 2.742077 2
-2.758353 1.947703 2.741430 2
-2.735622 1.955560 2.735437 2
-2.732844 1.980011 2.742529 2
-2.693001 1.974544 2.725478 2
-2.683627 1.993773 2.728220 2
-2.689056 2.024183 2.740284 2
-2.638827 2.012412 2.717021 2
-2.643199 2.041770 2.728237 2
-2.631386 2.059014 2.729196 2
-2.596022 2.059781 2.715620 2
-2.606363 2.092504 2.730101 2
-2.587269 2.104873 2.726506 2
-2.562812 2.113957 2.719711 2
-2.517964 2.110408 2.700841 2
-2.328959 2.017956 2.597018 2
-2.337556 2.050977 2.610645 2
-2.215264 2.005552 2.547825 2
-2.225327 2.040071 2.562386 2
-2.187244 2.046671 2.549075 2
-2.172311 2.066773 2.549105 2
-2.124716 2.069328 2.530627 2
-2.080606 2.074667 2.514331 2
-2.031799 2.078444 2.495608 2
-1.985870 2.084620 2.478700 2
-1.963223 2.102997 2.474790 2
-1.806047 2.057939 2.397414 2
-1.729085 2.053540 2.364558 2
-1.681235 2.063813 2.347789 2
-1.603099 2.061770 2.314985 2
-1.580812 2.084994 2.312280 2
-1.527081 2.095529 2.292949 2
-1.464918 2.103703 2.269398 2
-1.341516 2.089377 2.214138 2
-3.191828 -0.563957 1.966720 8
-3.213405 -0.345689 2.058167 8
-3.193140 -0.281349 2.077963 8
-3.157770 -0.269023 2.073236 8
-3.137015 -0.211576 2.090037 8
-3.099059 -0.208425 2.080858 8
-3.130722 -0.003954 2.169232 6
-3.102433 0.020979 2.171049 6
-3.068219 0.029160 2.164628 6
-3.034326 0.038501 2.158671 6
-2.996486 0.038085 2.147744 6
-2.954842 0.029146 2.132364 6
-2.916392 0.029202 2.121289 6
-2.875465 0.024336 2.107527 6
-2.852454 0.061088 2.114874 6
-2.798156 0.027897 2.086191 6
-2.842753 0.208936 2.168450 3
-2.809465 0.219036 2.162353 3
-2.779228 0.235624 2.159560 2
-2.791192 0.335616 2.201023 2
-2.775060 0.377251 2.211828 2
-2.787066 0.470493 2.250611 2
-2.790373 0.544013 2.279233 2
-2.789892 0.607980 2.303034 2
-2.795844 0.680884 2.332110 2
-2.768663 0.694640 2.328694 2
-2.805652 0.815280 2.385155 2
-2.782349 0.833083 2.384337 2
-2.779833 0.883806 2.402244 2
-2.786776 0.947632 2.427946 2
-2.774590 0.980289 2.435975 2
-2.788397 1.050745 2.466204 2
-2.810888 1.131378 2.502917 2
-2.786765 1.143062 2.499226 2
-2.818188 1.231957 2.541758 2
-2.827853 1.288157 2.565221 2
-2.832411 1.335821 2.583857 2
-2.833378 1.377432 2.599067 2
-2.824537 1.405451 2.606068 2
-2.836204 1.458444 2.628841 2
-2.852023 1.514898 2.654201 2
-2.832880 1.527932 2.652233 2
-2.845823 1.578496 2.674432 2
-2.842549 1.609047 2.683976 2
-2.851359 1.652467 2.702150 2
-2.858769 1.693170 2.718844 2
-2.852369 1.717989 2.725164 2
-2.871053 1.768735 2.749186 2
-2.851644 1.778818 2.745763 2
-2.885090 1.842316 2.779284 2
-1.449356 0.455107 1.796150 2
-1.411547 0.475939 1.789618 2
-1.374075 0.497461 1.783349 2
-1.361495 0.542385 1.793818 2
-1.359111 0.595949 1.810775 2
-1.353196 0.645418 1.824998 2
-1.326408 0.675958 1.825252 2
-1.314730 0.719354 1.835186 2
-2.742772 1.961130 2.767120 2
-2.723103 1.971610 2.763236 2
-2.708132 1.986065 2.762336 2
-2.694113 2.001332 2.762008 2
-2.675042 2.012779 2.758523 2
-2.658602 2.026404 2.756673 2
-2.642783 2.040608 2.755195 2
-2.650313 2.071622 2.767786 2
-2.601064 2.062289 2.746174 2
-2.618810 2.099942 2.764627 2
-2.587574 2.103924 2.753920 2
-2.579453 2.123605 2.756848 2
-2.549778 2.129407 2.747207 2
-2.322075 2.012118 2.623808 2
-2.281159 2.014987 2.608844 2
-2.217357 2.005031 2.581106 2
-2.232180 2.042232 2.597948 2
-2.179114 2.040132 2.576619 2
-2.168395 2.062602 2.579028 2
-2.153535 2.082786 2.579092 2
-2.081595 2.072968 2.547943 2
-2.052965 2.086981 2.540688 2
-2.019857 2.099184 2.531090 2
-1.968108 2.102845 2.511617 2
-1.921280 2.109863 2.494992 2
-1.713888 2.043590 2.393814 2
-1.667075 2.054398 2.378135 2
-1.607911 2.060660 2.356194 2
-1.590120 2.085641 2.355913 2
-1.549232 2.101224 2.343726 2
-1.480597 2.106393 2.317487 2
-1.365187 2.094754 2.267800 2
-1.253295 2.086895 2.220474 2
-3.217742 -0.448128 2.070000 8
-3.219074 -0.305064 2.124715 8
-3.191229 -0.267785 2.131524 8
-3.160427 -0.241686 2.133235 8
-3.122015 -0.239881 2.123646 8
-3.162901 -0.002131 2.224430 6
-3.126577 -0.000616 2.215146 6
-3.095427 0.015986 2.212881 6
-3.063255 0.029615 2.209146 6
-3.018841 0.011313 2.189977 6
-2.996390 0.050475 2.198363 6
-2.960617 0.055464 2.190174 6
-2.919420 0.048062 2.175763 6
-2.856762 -0.007822 2.137145 6
-2.842700 0.049710 2.154455 6
-2.876414 0.209676 2.223389 3
-2.826750 0.184092 2.199519 3
-2.802261 0.212952 2.202993 2
-2.777033 0.239649 2.205384 2
-2.788809 0.338762 2.245202 2
-2.785688 0.405086 2.268524 2
-2.792202 0.486985 2.300345 2
-2.795661 0.560082 2.327976 2
-2.798820 0.629890 2.354256 2
-2.778758 0.656691 2.357831 2
-2.787933 0.732696 2.388063 2
-2.791707 0.796935 2.412332 2
-2.779311 0.832715 2.421316 2
-2.819882 0.951544 2.476464 2
-2.788850 0.954790 2.467882 2
-2.821991 1.055768 2.514220 2
-2.809131 1.084849 2.520440 2
-2.806005 1.127421 2.534472 2
-2.804654 1.171323 2.549486 2
-2.848036 1.275953 2.600163 2
-2.828935 1.292056 2.599601 2
-2.839176 1.347022 2.622079 2
-2.835841 1.382676 2.633360 2
-2.839607 1.426475 2.649743 2
-2.834592 1.458147 2.658996 2
-2.858438 1.524234 2.689598 2
-2.850032 1.549765 2.695521 2
-2.852305 1.587303 2.709068 2
-2.863488 1.634070 2.728701 2
-2.844722 1.646028 2.726389 2
-2.864483 1.700278 2.751364 2
-2.858140 1.724915 2.757454 2
-2.869322 1.767537 2.775514 2
-2.892108 1.820934 2.801107 2
-2.864179 1.821672 2.791689 2
-1.373573 0.381033 1.799228 2
-1.379972 0.445908 1.822737 2
-1.337335 0.462997 1.813380 2
-1.331437 0.514647 1.828091 2
-1.338710 0.577369 1.850948 2
-1.300451 0.598345 1.844140 2
-1.292698 0.646239 1.856727 2
-1.269214 0.680043 1.859117 2
-1.275413 0.738460 1.879875 2
-1.233392 0.756415 1.870423 2
-1.204010 0.785019 1.868797 2
-1.205587 0.837937 1.885906 2
-1.204003 0.887542 1.900752 2
-2.650252 2.019385 2.778599 2
-2.640530 2.038109 2.780799 2
-2.626493 2.053657 2.780399 2
-2.625373 2.078305 2.787486 2
-2.610185 2.092979 2.786310 2
-2.568653 2.090115 2.770043 2
-2.539009 2.095926 2.760753 2
-2.553467 2.130477 2.776426 2
-2.353170 2.030025 2.671745 2
-2.265560 2.003833 2.631156 2
-2.240831 2.017282 2.625777 2
-2.232923 2.040864 2.629641 2
-2.231417 2.067954 2.636892 2
-2.186760 2.070804 2.620760 2
-2.141345 2.074126 2.604423 2
-2.105419 2.083347 2.593328 2
-2.058506 2.087544 2.576565 2
-2.002753 2.088219 2.555375 2
-1.944016 2.088570 2.532896 2
-1.921810 2.107498 2.529564 2
-1.736449 2.051121 2.442531 2
-1.665195 2.050513 2.414788 2
-1.636335 2.069939 2.408847 2
-1.567116 2.072581 2.382651 2
-1.550913 2.098540 2.383260 2
-1.507595 2.113703 2.370368 2
-1.391390 2.101214 2.321643 2
-1.303755 2.101993 2.287511 2
-3.236614 -0.358824 2.158079 8
-3.229160 -0.250073 2.196126 8
-3.196986 -0.229406 2.195376 8
-3.160954 -0.221543 2.188857 8
-3.127963 -0.204075 2.186580 8
-3.154053 -0.012545 2.263424 6
-3.121327 -0.000595 2.259063 6
-3.078373 -0.016862 2.241623 6
-3.049289 0.005839 2.242017 6
-3.028467 0.049434 2.252163 6
-2.973146 0.004345 2.220709 6
-2.945221 0.029704 2.222177 6
-2.899723 0.012696 2.203434 6
-2.858989 0.008472 2.190550 6
-2.919338 0.232300 2.287832 3
-2.867111 0.198919 2.261121 3
-2.736480 0.001387 2.153399 6
-2.840269 0.300447 2.289705 3
-2.782434 0.258898 2.258284 2
-2.790709 0.350241 2.293089 2
-2.797639 0.435246 2.325194 2
-2.791793 0.492966 2.343859 2
-2.790115 0.556255 2.365651 2
-2.807076 0.650449 2.403759 2
-2.811297 0.718786 2.428953 2
-2.817777 0.788486 2.455241 2
-2.806372 0.826035 2.464883 2
-2.806015 0.880464 2.483679 2
-2.825159 0.963981 2.518433 2
-2.821296 1.008857 2.532745 2
-2.822410 1.059939 2.550671 2
-2.835107 1.126562 2.577464 2
-2.834369 1.171507 2.592609 2
-2.841303 1.226004 2.613360 2
-2.838273 1.265013 2.625665 2
-2.857078 1.332545 2.654480 2
-2.852416 1.366752 2.664548 2
-2.858196 1.413670 2.682176 2
-2.856285 1.449476 2.693567 2
-2.838031 1.464105 2.692577 2
-2.841078 1.504638 2.707054 2
-2.856317 1.558615 2.729906 2
-2.851997 1.588172 2.738260 2
-2.839249 1.607501 2.740441 2
-2.868181 1.673211 2.771513 2
-2.864610 1.701257 2.779490 2
-2.855639 1.722963 2.783570 2
-2.861213 1.759640 2.797311 2
-1.357480 0.244452 1.804693 2
-1.344198 0.292403 1.815629 2
-2.769961 1.757958 2.766070 2
-1.306932 0.375858 1.829656 2
-1.300190 0.428153 1.843946 2
-1.306804 0.491932 1.866344 2
-1.275825 0.520275 1.864624 2
-1.246525 0.550217 1.863901 2
-1.240669 0.600593 1.877566 2
-1.233668 0.649206 1.890207 2
-1.222345 0.693503 1.899931 2
-1.205873 0.733068 1.906323 2
-1.188571 0.771637 1.912041 2
-1.179655 0.816474 1.922536 2
-2.629959 1.976911 2.785632 2
-2.617054 1.993766 2.786134 2
-2.612772 2.016939 2.791551 2
-2.567707 2.010624 2.773603 2
-2.575891 2.042647 2.786019 2
-2.607913 2.090369 2.811573 2
-2.591701 2.104419 2.809857 2
-2.534848 2.091975 2.785710 2
-2.549649 2.126758 2.801152 2
-2.320543 2.008115 2.683777 2
-2.299754 2.023116 2.680509 2
-2.267096 2.031258 2.670908 2
-2.227848 2.036122 2.657920 2
-2.209260 2.053491 2.655991 2
-2.184635 2.067674 2.650901 2
-2.159893 2.082128 2.645796 2
-2.107939 2.082527 2.626693 2
-2.056074 2.084028 2.607878 2
-1.999003 2.083954 2.586649 2
-1.967613 2.097619 2.578667 2
-1.918708 2.103426 2.561976 2
-1.732621 2.046479 2.477087 2
-1.656080 2.043382 2.447561 2
-1.624458 2.061609 2.440500 2
-1.596165 2.081726 2.435131 2
-1.536192 2.089086 2.414424 2
-1.511247 2.111709 2.410856 2
-1.419867 2.108667 2.375462 2
-1.321410 2.104823 2.337118 2
-3.229844 -0.503842 2.153552 8
-3.239028 -0.328627 2.218154 8
-3.211648 -0.289250 2.225211 8
-3.182492 -0.257638 2.228996 8
-3.167532 -0.182728 2.251680 8
-3.197939 0.025765 2.333218 6
-3.149230 -0.011169 2.307532 6
-3.131492 0.043111 2.322017 6
-3.087046 0.021256 2.302633 6
-3.045831 0.010170 2.287824 6
-3.006640 0.005798 2.275845 6
-2.975766 0.023370 2.273710 6
-2.934922 0.016450 2.260268 6
-2.904286 0.034913 2.258381 6
-2.950645 0.230349 2.339010 3
-2.919402 0.242224 2.334541 3
-2.881303 0.239312 2.322995 3
-2.856660 0.265873 2.325316 3
-2.813932 0.254503 2.309439 3
-2.792856 0.288070 2.315052 2
-2.815129 0.405750 2.361741 2
-2.809538 0.465090 2.380464 2
-2.805050 0.524345 2.399415 2
-2.812789 0.603741 2.428689 2
-2.800220 0.644023 2.438738 2
-2.806370 0.715601 2.464785 2
-2.811021 0.782026 2.488597 2
-2.803630 0.826185 2.501308 2
-2.824035 0.913958 2.536846 2
-2.808868 0.942274 2.541829 2
-2.823629 1.016214 2.570952 2
-2.827477 1.071079 2.590391 2
-2.840135 1.137199 2.616180 2
-2.829801 1.167901 2.623215 2
-2.834465 1.219104 2.641544 2
-2.842920 1.273987 2.662199 2
-2.830264 1.298626 2.666388 2
-2.832873 1.343049 2.681722 2
-2.856980 1.414061 2.712356 2
-2.861135 1.457424 2.727738 2
-2.855297 1.487189 2.735544 2
-2.861181 1.530563 2.751388 2
-2.858265 1.562280 2.760661 2
-2.867101 1.606974 2.777782 2
-2.866952 1.640182 2.788331 2
-2.885784 1.693814 2.811415 2
-1.496365 0.205942 1.893199 3
-1.442214 0.210034 1.876997 3
-2.776433 1.671330 2.768995 2
-2.788403 1.715397 2.786687 2
-2.754837 1.712476 2.774801 2
-2.782259 1.770405 2.801788 2
-1.290665 0.360617 1.874391 2
-1.260543 0.390949 1.873767 2
-1.228789 0.419802 1.872070 2
-1.224441 0.473605 1.887046 2
-1.206229 0.514183 1.893287 2
-1.186225 0.552835 1.898269 2
-1.192686 0.613733 1.918788 2
-1.176177 0.654280 1.925366 2
-2.689685 1.942976 2.823285 2
-2.654892 1.941935 2.811137 2
-2.647912 1.963374 2.815092 2
-2.642682 1.985946 2.819942 2
-2.617171 1.993077 2.813264 2
-2.584916 1.995676 2.802902 2
-2.569958 2.011298 2.802259 2
-2.546285 2.020879 2.796812 2
-2.562810 2.058382 2.813322 2
-2.545116 2.072050 2.811051 2
-2.475897 2.052091 2.781164 2
-2.504217 2.096362 2.803606 2
-2.318544 2.005361 2.712711 2
-2.275745 2.006833 2.698023 2
-2.261561 2.026274 2.698407 2
-2.224008 2.032108 2.686700 2
-2.222710 2.059312 2.693713 2
-2.158344 2.051105 2.668526 2
-2.144843 2.071935 2.669359 2
-2.100256 2.076327 2.654573 2
-2.059010 2.083302 2.641635 2
-2.037412 2.100935 2.638567 2
-1.944742 2.083936 2.600632 2
-1.916029 2.099573 2.594374 2
-1.897217 2.120240 2.592972 2
-1.702289 2.061316 2.506865 2
-1.625621 2.059024 2.478381 2
-1.562822 2.064250 2.456833 2
-1.525754 2.081408 2.447677 2
-1.459767 2.087475 2.425070 2
-1.423068 2.106311 2.416363 2
-1.344841 2.109932 2.388540 2
-1.239278 2.105028 2.348483 2
-3.238419 -0.449303 2.224493 8
-3.238168 -0.310399 2.272102 8
-3.215943 -0.254791 2.285636 8
-3.175943 -0.259955 2.273860 8
-3.212543 -0.024184 2.363652 6
-3.172785 -0.034430 2.350080 6
-3.143342 -0.013044 2.349858 6
-3.106378 -0.013510 2.340213 6
-3.072901 -0.003593 2.334937 6
-3.039390 0.006433 2.329630 6
-2.999060 -0.000900 2.316607 6
-2.957574 -0.009879 2.302666 6
-2.931495 0.019881 2.305803 6
-2.892314 0.017874 2.294702 6
-2.941718 0.219962 2.375805 3
-2.819714 0.029475 2.279110 6
-2.844024 0.167634 2.331910 3
-2.855039 0.271243 2.369496 3
-2.837330 0.311148 2.377942 3
-2.791190 0.292761 2.359130 2
-2.803024 0.389471 2.394476 2
-2.796445 0.447058 2.411699 2
-2.793458 0.509285 2.431403 2
-2.807147 0.599548 2.464974 2
-2.808961 0.665216 2.487057 2
-2.798218 0.706801 2.497629 2
-2.820346 0.802725 2.535297 2
-2.821899 0.860980 2.554731 2
-2.835185 0.936208 2.583019 2
-2.834917 0.987359 2.599523 2
-2.841560 1.047554 2.620919 2
-2.850329 1.108952 2.643279 2
-2.826847 1.120785 2.640175 2
-2.844900 1.192626 2.668535 2
-2.870034 1.271994 2.701360 2
-2.854926 1.293067 2.703566 2
-2.859350 1.340238 2.719872 2
-2.854808 1.374186 2.729252 2
-2.847054 1.403170 2.736053 2
-2.861402 1.459537 2.758140 2
-2.891550 1.533746 2.790600 2
-2.885103 1.561063 2.797160 2
-2.869645 1.577134 2.797408 2
-1.677231 0.223740 2.009110 2
-1.635705 0.238339 2.000743 2
-2.785083 1.582369 2.772795 2
-2.789704 1.621047 2.786112 2
-2.794416 1.658867 2.799158 2
-2.777792 1.673396 2.798345 2
-2.772877 1.699980 2.804858 2
-2.781453 1.739677 2.819584 2
-2.778532 1.767055 2.826898 2
-2.776871 1.795158 2.834796 2
-1.207747 0.341322 1.896556 2
-1.193118 0.386873 1.905393 2
-1.194495 0.446368 1.923467 2
-1.177073 0.488036 1.930106 2
-1.130191 0.503685 1.919435 2
-2.706166 1.901804 2.843421 2
-2.695737 1.920429 2.845426 2
-2.690824 1.943450 2.850485 2
-2.650530 1.937908 2.835588 2
-2.628401 1.947493 2.831016 2
-2.625833 1.972355 2.837274 2
-2.608286 1.985648 2.835213 2
-2.602407 2.007648 2.839482 2
-2.581596 2.018719 2.835630 2
-2.569265 2.036002 2.836335 2
-2.537663 2.040051 2.826814 2
-2.517168 2.052146 2.823247 2
-2.488745 2.059281 2.815585 2
-2.480699 2.079979 2.818543 2
-2.320614 2.005170 2.743518 2
-2.317178 2.030648 2.749279 2
-2.298537 2.046759 2.747256 2
-2.245491 2.042919 2.728005 2
-2.243045 2.069108 2.734178 2
-2.198064 2.071312 2.719242 2
-2.146210 2.070664 2.701133 2
-2.128642 2.089277 2.699946 2
-2.079595 2.091739 2.683546 2
-2.036163 2.098002 2.670050 2
-1.983332 2.100456 2.652246 2
-1.886051 2.082658 2.613634 2
-1.883501 2.111207 2.620048 2
-1.699691 2.057220 2.541752 2
-1.639347 2.062018 2.521729 2
-1.568990 2.063691 2.497341 2
-1.518903 2.075231 2.482530 2
-1.467029 2.086954 2.467081 2
-1.442015 2.110190 2.463945 2
-1.365564 2.114100 2.437751 2
-1.275682 2.114551 2.405883 2
-3.234738 -0.588575 2.226404 8
-3.248960 -0.388528 2.296128 8
-3.249159 -0.251403 2.341559 8
-3.230544 -0.186407 2.358492 8
-3.255058 0.013899 2.430636 6
-3.205343 -0.029970 2.403878 6
-3.180615 0.005076 2.409260 6
-3.138033 -0.013336 2.392549 6
-3.112434 0.018050 2.396402 6
-3.059778 -0.025549 2.368781 6
-3.050146 0.048102 2.390417 6
-2.986279 -0.020989 2.351493 6
-2.958892 0.005612 2.353107 6
-2.920020 0.003726 2.342421 6
-2.894606 0.034396 2.345759 6
-2.844574 0.007924 2.324070 6
-2.857991 0.124800 2.365418 3
-2.822398 0.130198 2.357734 3
-2.857445 0.284999 2.416950 3
-2.820211 0.284222 2.406733 3
-2.818007 0.354352 2.428644 2
-2.820840 0.431580 2.454138 2
-2.812230 0.483997 2.468543 2
-2.819109 0.563367 2.495723 2
-2.809840 0.610422 2.508141 2
-2.816007 0.683274 2.532956 2
-2.824339 0.757173 2.558656 2
-2.836109 0.834157 2.586241 2
-2.830340 0.879409 2.598876 2
-2.843937 0.954479 2.626281 2
-2.828580 0.981286 2.630338 2
-2.842818 1.053104 2.656821 2
-2.850182 1.112075 2.677298 2
-2.858760 1.170904 2.698037 2
-2.845252 1.196030 2.701933 2
-2.856997 1.256273 2.723942 2
-2.852727 1.292504 2.733863 2
-2.886971 1.379752 2.770651 2
-2.851351 1.371721 2.757756 2
-2.867847 1.431969 2.781002 2
-2.877692 1.481895 2.799105 2
-2.893703 1.537979 2.820868 2
-1.794423 0.240136 2.100963 2
-2.763895 1.452892 2.756434 2
-2.788713 1.518203 2.783505 2
-2.793664 1.558843 2.797163 2
-2.780117 1.577814 2.798723 2
-2.777447 1.608517 2.807040 2
-2.771604 1.635198 2.813162 2
-2.765660 1.661314 2.819052 2
-2.764575 1.691984 2.827739 2
-2.775671 1.734282 2.843554 2
-2.761259 1.750363 2.843789 2
-2.746700 1.766274 2.843895 2
-1.169673 0.305615 1.929342 2
-1.161582 0.357771 1.941862 2
-1.108989 0.368759 1.928519 2
-2.758969 1.892435 2.884073 2
-2.746069 1.908483 2.884574 2
-2.707287 1.902465 2.870578 2
-2.674147 1.902050 2.859927 2
-2.663588 1.920759 2.861827 2
-2.641177 1.929893 2.857220 2
-2.640627 1.956445 2.864454 2
-2.630184 1.974998 2.866250 2
-2.623413 1.996224 2.869936 2
-2.580798 1.990952 2.854692 2
-2.567001 2.007324 2.854702 2
-2.546229 2.018831 2.851081 2
-2.522160 2.028327 2.845805 2
-2.538666 2.065451 2.861242 2
-2.468314 2.044625 2.832554 2
-2.454798 2.062040 2.832770 2
-2.312544 1.998626 2.768956 2
-2.286007 2.009972 2.763189 2
-2.282122 2.035296 2.768581 2
-2.234564 2.034793 2.752646 2
-2.236004 2.063293 2.760566 2
-2.199826 2.070409 2.750337 2
-2.170305 2.081803 2.743403 2
-2.101065 2.072538 2.717802 2
-2.086045 2.092904 2.717961 2
-2.035625 2.095446 2.701625 2
-1.984412 2.098590 2.685136 2
-1.922934 2.097806 2.664147 2
-1.868549 2.101589 2.646664 2
-1.682426 2.046466 2.569765 2
-1.652710 2.064909 2.564215 2
-1.558751 2.056107 2.530031 2
-1.529376 2.076316 2.524939 2
-1.470101 2.084777 2.506721 2
-1.428307 2.101258 2.496381 2
-1.343120 2.101822 2.467281 2
-1.301394 2.120232 2.457330 2
-1.123799 2.126340 2.397581 2
-3.245414 -0.524276 2.299705 8
-3.262156 -0.319142 2.369162 8
-3.242440 -0.254387 2.385099 8
-3.215875 -0.216284 2.390852 8
-3.235177 -0.032893 2.453835 6
-3.200921 -0.027215 2.447316 6
-3.179323 0.016767 2.455987 6
-3.131198 -0.018162 2.433102 6
-3.091841 -0.025501 2.421058 6
-3.059189 -0.013373 2.416776 6
-3.022909 -0.010741 2.408545 6
-2.988625 -0.002361 2.402573 6
-2.956947 0.012801 2.399340 6
-2.904865 -0.021274 2.375434 6
-2.875432 0.000430 2.374721 6
-2.842475 0.013737 2.370428 6
-2.874614 0.171442 2.427910 3
-2.820654 0.135818 2.402838 3
-2.836326 0.249173 2.442145 3
-2.812731 0.277114 2.444636 2
-2.806680 0.339435 2.462334 2
-2.822610 0.442196 2.498283 2
-2.823112 0.511395 2.519744 2
-2.823998 0.578699 2.540678 2
-2.825452 0.644545 2.561273 2
-2.840870 0.732643 2.592397 2
-2.826649 0.766265 2.598819 2
-2.832479 0.832784 2.620674 2
-2.838556 0.897363 2.641964 2
-2.837715 0.948585 2.657266 2
-2.867490 1.046287 2.695023 2
-2.853379 1.072897 2.699146 2
-2.875217 1.152987 2.729317 2
-2.848110 1.158311 2.723348 2
-2.878362 1.246483 2.758220 2
-2.855312 1.256536 2.754732 2
-2.870991 1.320080 2.778079 2
-2.878136 1.370054 2.794940 2
-2.875975 1.406263 2.805041 2
-1.932611 0.226930 2.187093 2
-1.876646 0.218839 2.168635 2
-2.804167 1.428764 2.791031 2
-2.802118 1.463382 2.800561 2
-2.779887 1.473256 2.796979 2
-2.796862 1.528902 2.818100 2
-2.792884 1.559050 2.825667 2
-2.801840 1.603003 2.840988 2
-2.795892 1.629510 2.846860 2
-2.747609 1.610281 2.827053 2
-2.780116 1.677090 2.855803 2
-2.755196 1.682883 2.850023 2
-2.772469 1.731481 2.868982 2
-2.775248 1.764459 2.879141 2
-2.762099 1.781355 2.879941 2
-2.794773 1.841488 2.906694 2
-2.759198 1.836622 2.894549 2
-2.763290 1.868539 2.904685 2
-2.753537 1.887486 2.906969 2
-2.715785 1.881936 2.893880 2
-2.707850 1.902653 2.897149 2
-2.660404 1.890210 2.879126 2
-2.646024 1.905957 2.878987 2
-2.653466 1.939187 2.890333 2
-2.634973 1.951409 2.887900 2
-2.602141 1.952818 2.878052 2
-2.595166 1.974275 2.881638 2
-2.588729 1.995935 2.885416 2
-2.573294 2.010931 2.884562 2
-2.524577 2.002615 2.867012 2
-2.544067 2.042328 2.883653 2
-2.508199 2.043830 2.872691 2
-2.469543 2.044204 2.860520 2
-2.488092 2.082160 2.876308 2
-2.464335 2.092624 2.871443 2
-2.304967 2.020074 2.801766 2
-2.311433 2.051283 2.811853 2
-2.250432 2.042385 2.789982 2
-2.202514 2.042326 2.774539 2
-2.220421 2.080061 2.789868 2
-2.179606 2.084925 2.777894 2
-2.121369 2.081274 2.758107 2
-2.074303 2.084646 2.743663 2
-2.024179 2.087380 2.728030 2
-1.981933 2.094988 2.716132 2
-1.943106 2.105012 2.705908 2
-1.865056 2.097330 2.678485 2
-1.713843 2.057912 2.619325 2
-1.648916 2.060237 2.598556 2
-1.579324 2.061832 2.576035 2
-1.534389 2.075162 2.564405 2
-1.472059 2.082181 2.545489 2
-1.419983 2.094451 2.531162 2
-1.378858 2.111871 2.521629 2
-1.300373 2.116051 2.496561 2
-1.208322 2.116876 2.466161 2
-1.114998 2.119097 2.435613 2
-3.258756 -0.451084 2.374311 8
-3.259319 -0.307915 2.418417 8
-3.228180 -0.283360 2.418640 8
-3.229027 -0.153942 2.458497 8
-3.222400 -0.056648 2.486701 6
-3.196820 -0.023620 2.490694 6
-3.168640 0.000251 2.491222 6
-3.123995 -0.024113 2.473032 6
-3.082578 -0.037145 2.459029 6
-3.054224 -0.013240 2.459388 6
-3.015398 -0.017457 2.448604 6
-2.987029 0.005995 2.448730 6
-2.935676 -0.027926 2.425770 6
-2.916213 0.017469 2.434644 6
-2.862114 -0.019712 2.409924 6
-2.833228 0.003202 2.409573 6
-2.859587 0.147783 2.459662 3
-2.829934 0.165050 2.457329 3
-2.852731 0.292111 2.501170 3
-2.836244 0.333261 2.509250 2
-2.799570 0.332929 2.499729 2
-2.828892 0.461459 2.545552 2
-2.841662 0.553124 2.576090 2
-2.833563 0.602550 2.588631 2
-2.840967 0.678295 2.612972 2
-2.847322 0.749341 2.635611 2
-2.843136 0.799657 2.649324 2
-2.862018 0.887096 2.680021 2
-2.842127 0.907589 2.680735 2
-2.864610 0.995809 2.712546 2
-2.874817 1.061500 2.734453 2
-2.878546 1.114997 2.751029 2
-2.875674 1.156884 2.762413 2
-2.860836 1.180025 2.765083 2
-2.879461 1.250826 2.790617 2
-2.889301 1.306877 2.809462 2
-2.041727 0.182731 2.253381 2
-2.024716 0.224220 2.260576 2
-2.808373 1.319267 2.790674 2
-2.776222 1.317608 2.781258 2
-2.785855 1.369394 2.798665 2
-2.769641 1.387726 2.799316 2
-2.768768 1.424504 2.809462 2
-2.782146 1.477298 2.828111 2
-2.763448 1.491321 2.826753 2
-2.771076 1.535335 2.841245 2
-2.782539 1.582457 2.857668 2
-2.759868 1.591040 2.853567 2
-2.758811 1.623001 2.862128 2
-2.745403 1.641362 2.863341 2
-2.759998 1.688332 2.880502 2
-2.772694 1.732121 2.896210 2
-2.754275 1.744126 2.894137 2
-2.816301 1.833855 2.936717 2
-2.784001 1.831438 2.926602 2
-2.776867 1.853018 2.930352 2
-2.727004 1.835597 2.910960 2
-2.716557 1.854519 2.912961 2
-2.714420 1.880540 2.919300 2
-2.701748 1.897165 2.919971 2
-2.680811 1.906862 2.916309 2
-2.661936 1.918504 2.913751 2
-2.648320 1.934542 2.913901 2
-2.621200 1.940014 2.907188 2
-2.604775 1.954150 2.905939 2
-2.600641 1.977625 2.910811 2
-2.558265 1.972717 2.896697 2
-2.566612 2.005222 2.907641 2
-2.533431 2.007850 2.898213 2
-2.534574 2.034745 2.905461 2
-2.483807 2.026271 2.887759 2
-2.487142 2.054578 2.895983 2
-2.459659 2.062581 2.889558 2
-2.469186 2.094337 2.900502 2
-2.316924 2.025909 2.836286 2
-2.305376 2.046061 2.837747 2
-2.268062 2.051053 2.827411 2
-2.255562 2.070977 2.828458 2
-2.225108 2.080852 2.821402 2
-2.166316 2.075724 2.801786 2
-2.150536 2.094798 2.801506 2
-2.075497 2.083118 2.775142 2
-2.037344 2.091807 2.765258 2
-2.029718 2.116280 2.768749 2
-1.969574 2.115318 2.749555 2
-1.907152 2.114504 2.729643 2
-1.866884 2.125087 2.719410 2
-1.653585 2.059348 2.636287 2
-1.604716 2.069715 2.623203 2
-1.490829 2.053598 2.583218 2
-1.480530 2.082280 2.586601 2
-1.412888 2.088140 2.566373 2
-1.360096 2.101030 2.552466 2
-1.311585 2.116470 2.540472 2
-1.258851 2.131226 2.526927 2
-1.100560 2.109885 2.471300 2
-3.263790 -0.409582 2.435409 8
-3.237909 -0.362785 2.443280 8
-3.219770 -0.292178 2.459913 8
-3.258160 -0.039838 2.543137 6
-3.231739 -0.010060 2.545739 6
-3.194611 -0.014369 2.535777 6
-3.155148 -0.024546 2.523503 6
-3.120376 -0.019830 2.516661 6
-3.079510 -0.031568 2.503514 6
-3.037105 -0.045945 2.489187 6
-3.002385 -0.038587 2.483005 6
-2.972308 -0.019086 2.481439 6
-2.950783 0.021152 2.487935 6
-2.901572 -0.006337 2.467978 6
-2.872116 0.014462 2.466814 6
-2.828512 0.002917 2.452767 6
-2.803680 0.034153 2.455675 6
-2.828777 0.171653 2.501572 3
-2.832411 0.258013 2.527355 2
-2.846237 0.361511 2.560572 2
-2.821203 0.383455 2.560590 2
-2.829547 0.469680 2.587396 2
-2.835903 0.548694 2.611598 2
-2.861584 0.660256 2.649962 2
-2.849394 0.699100 2.657915 2
-2.865361 0.786288 2.686788 2
-2.842200 0.802977 2.685563 2
-2.856156 0.881811 2.711481 2
-2.880008 0.973957 2.743690 2
-2.878649 1.022246 2.756944 2
-2.873888 1.063706 2.767357 2
-2.875022 1.113003 2.781483 2
-2.901838 1.199239 2.812679 2
-2.201451 0.217066 2.353305 2
-2.158046 0.219569 2.342484 2
-2.790976 1.171490 2.775532 2
-2.785771 1.207848 2.784217 2
-2.795914 1.263939 2.802443 2
-2.778620 1.282232 2.802831 2
-2.807423 1.359762 2.831934 2
-2.782999 1.367588 2.827457 2
-2.771312 1.391446 2.830803 2
-2.768478 1.425660 2.839361 2
-2.755177 1.446704 2.841442 2
-2.775070 1.506033 2.863001 2
-2.755507 1.518732 2.861040 2
-2.756053 1.553929 2.870682 2
-2.754009 1.585501 2.878603 2
-2.737975 1.601475 2.878421 2
-2.766962 1.664557 2.903374 2
-2.772308 1.701472 2.914705 2
-2.767084 1.726895 2.919988 2
-2.734672 1.725147 2.910390 2
-2.791545 1.810194 2.948909 2
-2.744794 1.794525 2.931532 2
-2.738643 1.817683 2.935853 2
-2.730375 1.838611 2.938963 2
-2.728587 1.865077 2.945342 2
-2.722407 1.887281 2.949331 2
-2.703110 1.898038 2.946564 2
-2.661905 1.890714 2.932795 2
-2.646314 1.905287 2.932029 2
-2.628524 1.918171 2.930168 2
-2.629382 1.945822 2.937465 2
-2.582628 1.936473 2.921469 2
-2.584561 1.964793 2.929198 2
-2.574096 1.983521 2.930854 2
-2.578552 2.012916 2.939541 2
-2.553833 2.021238 2.934350 2
-2.501811 2.011122 2.916488 2
-2.471786 2.017028 2.909079 2
-2.464517 2.038462 2.912222 2
-2.448061 2.053827 2.911118 2
-2.428902 2.067614 2.908796 2
-2.301522 2.014915 2.857948 2
-2.279319 2.028796 2.854687 2
-2.282216 2.057719 2.862556 2
-2.285703 2.086568 2.870555 2
-2.254943 2.095780 2.863518 2
-2.166599 2.073950 2.831689 2
-2.145348 2.090022 2.829099 2
-2.109298 2.098619 2.820234 2
-2.044181 2.093057 2.799196 2
-2.006531 2.102485 2.789983 2
-1.956463 2.106566 2.775715 2
-1.915041 2.115681 2.765220 2
-1.853383 2.116255 2.746545 2
-1.650582 2.055068 2.670485 2
-1.565179 2.049492 2.643070 2
-1.504494 2.056112 2.625980 2
-1.465408 2.072747 2.617759 2
-1.422771 2.088602 2.608234 2
-1.370895 2.101601 2.595185 2
-1.324318 2.117516 2.584386 2
-1.254137 2.125650 2.564529 2
-1.130245 2.116205 2.524137 2
-3.269453 -0.366445 2.495720 8
-3.242135 -0.326834 2.500775 8
-3.212716 -0.296432 2.502707 8
-3.260633 -0.014310 2.593385 6
-3.218499 -0.035379 2.577791 6
-3.188975 -0.015778 2.576532 6
-3.164848 0.019238 2.580826 6
-3.118419 -0.010936 2.561565 6
-3.077361 -0.023591 2.548443 6
-3.041392 -0.021045 2.540740 6
-3.017820 0.014399 2.545134 6
-2.966221 -0.022248 2.522698 6
-2.940107 0.006527 2.524550 6
-2.901331 0.004285 2.514694 6
-2.863421 0.004975 2.505824 6
-2.819310 -0.007561 2.491748 6
-2.791258 0.016648 2.491712 6
-2.836568 0.197291 2.552778 2
-2.844518 0.291607 2.580825 2
-2.845873 0.368525 2.602418 2
-2.858063 0.463809 2.631697 2
-2.858488 0.532427 2.650703 2
-2.841678 0.565969 2.655776 2
-2.863532 0.669713 2.689664 2
-2.873762 0.748390 2.713762 2
-2.862317 0.786078 2.721208 2
-2.878969 0.870819 2.748506 2
-2.879177 0.924843 2.763271 2
-2.879383 0.977077 2.777519 2
-2.890068 1.044373 2.798478 2
-2.890506 1.093306 2.811832 2
-2.301489 0.239666 2.430947 3
-2.821609 1.082363 2.791262 2
-2.792894 1.086580 2.785014 2
-2.784907 1.120932 2.792169 2
-2.809989 1.200793 2.820034 2
-2.790486 1.216793 2.819241 2
-2.770882 1.232622 2.818349 2
-2.784883 1.292583 2.837943 2
-2.780879 1.327526 2.846155 2
-2.785246 1.372201 2.859117 2
-2.767577 1.388477 2.858744 2
-2.773260 1.432930 2.871943 2
-2.761323 1.455340 2.874651 2
-2.770413 1.501841 2.889242 2
-2.771899 1.538441 2.899191 2
-2.763233 1.562882 2.903228 2
-2.745300 1.576855 2.902031 2
-2.769320 1.635688 2.923736 2
-2.774186 1.672729 2.934612 2
-2.746708 1.675736 2.927931 2
-2.747823 1.707958 2.936501 2
-2.741902 1.732580 2.941184 2
-2.787396 1.806408 2.972460 2
-2.740021 1.790146 2.955328 2
-2.757176 1.834878 2.971385 2
-2.718302 1.827623 2.958830 2
-2.707705 1.846405 2.960630 2
-2.670392 1.841815 2.949132 2
-2.695984 1.891680 2.968725 2
-2.662729 1.891033 2.959296 2
-2.628444 1.890226 2.949517 2
-2.629147 1.918144 2.956631 2
-2.593717 1.917257 2.946466 2
-2.594139 1.944626 2.953320 2
-2.582974 1.962848 2.954639 2
-2.568261 1.978404 2.954281 2
-2.530461 1.977391 2.943324 2
-2.534017 2.006307 2.951350 2
-2.523164 2.024794 2.952730 2
-2.474700 2.017858 2.937237 2
-2.464332 2.037138 2.938900 2
-2.444651 2.050352 2.936422 2
-2.415409 2.057751 2.929792 2
-2.305226 2.015698 2.888131 2
-2.287827 2.032346 2.887052 2
-2.269513 2.048596 2.885590 2
-2.243144 2.060378 2.880725 2
-2.223786 2.076488 2.878878 2
-2.175307 2.076815 2.864880 2
-2.146715 2.088763 2.859332 2
-2.105069 2.094326 2.848482 2
-2.056129 2.096943 2.834801 2
-2.006284 2.100062 2.820943 2
-1.976434 2.113832 2.815340 2
-1.934411 2.122312 2.804938 2
-1.873982 2.123088 2.787363 2
-1.659881 2.056307 2.709359 2
-1.584881 2.054988 2.686966 2
-1.488170 2.045988 2.656424 2
-1.460504 2.067406 2.653002 2
-1.401896 2.076822 2.637739 2
-1.368498 2.097106 2.632303 2
-1.326809 2.114767 2.623799 2
-1.271408 2.128112 2.610249 2
-1.157567 2.121797 2.575018 2
-1.206840 2.173611 2.600874 2
-3.264339 -0.363198 2.541400 8
-3.242376 -0.305397 2.552221 8
-3.218014 -0.259082 2.559355 8
-3.234485 -0.082326 2.610941 6
-3.210987 -0.042551 2.616428 6
-3.159355 -0.090117 2.591916 6
-3.148723 -0.013351 2.610243 6
-3.103841 -0.038112 2.593353 6
-3.070715 -0.028168 2.588467 6
-3.044652 0.000823 2.590294 6
-3.015194 0.020067 2.588687 6
-2.959019 -0.028275 2.562727 6
-2.925156 -0.018523 2.557485 6
-2.896533 0.003931 2.556832 6
-2.849127 -0.017462 2.540030 6
-2.819010 0.001979 2.538153 6
-2.808861 0.064919 2.552542 6
-2.833484 0.199529 2.594195 2
-2.853645 0.318766 2.630670 2
-2.862801 0.410465 2.657185 2
-2.860884 0.476485 2.674218 2
-2.884451 0.589081 2.709653 2
-2.866183 0.618322 2.712976 2
-2.878009 0.702072 2.737910 2
-2.893098 0.788411 2.764288 2
-2.890043 0.839663 2.777007 2
-2.895449 0.903680 2.795112 2
-2.905309 0.972873 2.815636 2
-2.437447 0.259789 2.514379 3
-2.808724 0.918360 2.777631 2
-2.810839 0.972532 2.792250 2
-2.789623 0.989387 2.791360 2
-2.795267 1.046268 2.807507 2
-2.783421 1.075810 2.812187 2
-2.800688 1.146353 2.834720 2
-2.798702 1.187615 2.844846 2
-2.791286 1.220338 2.851384 2
-2.782750 1.250825 2.857042 2
-2.787503 1.298115 2.870345 2
-2.758178 1.300281 2.863435 2
-2.771707 1.356923 2.881311 2
-2.773400 1.397282 2.891997 2
-2.763102 1.422140 2.895653 2
-2.775569 1.473532 2.911857 2
-2.720871 1.445645 2.890698 2
-2.763563 1.530049 2.922988 2
-2.757242 1.557173 2.928152 2
-2.752104 1.585110 2.933807 2
-2.761826 1.628405 2.947154 2
-2.738799 1.636325 2.943096 2
-2.712336 1.641024 2.937316 2
-2.731535 1.692013 2.954997 2
-2.732305 1.723452 2.962964 2
-2.775587 1.795237 2.992095 2
-2.759993 1.809141 2.991373 2
-2.720368 1.800855 2.978808 2
-2.707059 1.817386 2.979297 2
-2.699841 1.839293 2.982702 2
-2.688958 1.857763 2.984271 2
-2.648811 1.851178 2.971899 2
-2.643652 1.874735 2.976195 2
-2.617391 1.880736 2.970556 2
-2.622966 1.912670 2.979721 2
-2.557028 1.887866 2.955927 2
-2.573170 1.927842 2.969836 2
-2.592769 1.969469 2.985057 2
-2.545470 1.960800 2.970107 2
-2.548799 1.989705 2.977838 2
-2.515840 1.992518 2.969475 2
-2.477981 1.992568 2.959100 2
-2.496307 2.031326 2.973193 2
-2.462762 2.034907 2.964787 2
-2.443949 2.048631 2.962779 2
-2.462586 2.086216 2.976623 2
-2.339438 2.035344 2.930787 2
-2.302110 2.039408 2.921361 2
-2.281059 2.053772 2.918794 2
-2.299472 2.091132 2.932438 2
-2.226438 2.076190 2.908669 2
-2.201236 2.089177 2.904564 2
-2.147701 2.087316 2.889159 2
-2.062125 2.069767 2.861223 2
-2.037784 2.085397 2.857884 2
-2.015063 2.102151 2.855228 2
-1.966241 2.106512 2.842442 2
-1.923358 2.114611 2.832135 2
-1.880575 2.123531 2.822012 2
-1.685675 2.064986 2.754024 2
-1.589615 2.054017 2.724411 2
-1.503951 2.049476 2.699118 2
-1.465295 2.066076 2.691734 2
-1.397191 2.071497 2.673531 2
-1.340792 2.082780 2.659893 2
-1.343286 2.117331 2.667999 2
-1.249131 2.116163 2.640868 2
-1.209718 2.136297 2.633876 2
-1.219355 2.173908 2.644582 2
-3.164226 -0.861089 2.435744 7
-3.257149 -0.367637 2.584264 8
-3.229942 -0.328470 2.588507 8
-3.282230 -0.024533 2.678857 6
-3.239575 -0.048591 2.663243 6
-3.208343 -0.034526 2.659998 6
-3.175375 -0.025889 2.654935 6
-3.145437 -0.008187 2.652861 6
-3.104446 -0.022145 2.640115 6
-3.060179 -0.043467 2.624706 6
-3.037298 -0.005816 2.629271 6
-2.984902 -0.045833 2.607160 6
-2.955508 -0.025076 2.605848 6
-2.920594 -0.018157 2.599701 6
-2.890836 0.001378 2.597934 6
-2.842236 -0.022767 2.580642 6
-2.808098 -0.012396 2.575466 6
-2.774270 -0.001088 2.570572 6
-2.855579 0.255231 2.654735 2
-2.875524 0.372138 2.689138 2
-2.864771 0.421921 2.699304 2
-2.875737 0.512746 2.724931 2
-2.883821 0.594319 2.747512 2
-2.884516 0.658813 2.764007 2
-2.895508 0.739777 2.787066 2
-2.901235 0.808207 2.805692 2
-2.566072 0.279002 2.592923 3
-2.504434 0.241326 2.568796 3
-2.794721 0.792795 2.776502 2
-2.794945 0.847653 2.790311 2
-2.811402 0.926611 2.814020 2
-2.796874 0.954490 2.817491 2
-2.785249 0.986234 2.822603 2
-2.783374 1.031798 2.833491 2
-2.785799 1.082336 2.846635 2
-2.769862 1.105159 2.848416 2
-2.772668 1.153849 2.861151 2
-2.773345 1.198228 2.872278 2
-2.753043 1.213302 2.871011 2
-2.755463 1.258180 2.882645 2
-2.760742 1.305514 2.895567 2
-2.773712 1.361207 2.912419 2
-2.771517 1.396570 2.920517 2
-2.745588 1.402483 2.915510 2
-2.759333 1.455664 2.931879 2
-2.743651 1.473248 2.932227 2
-2.752153 1.518174 2.945242 2
-2.752764 1.553144 2.953847 2
-2.749690 1.583314 2.960348 2
-2.736895 1.602519 2.961735 2
-2.739455 1.637625 2.970808 2
-2.717783 1.647123 2.967582 2
-2.733934 1.694831 2.983083 2
-2.716728 1.708442 2.981937 2
-2.741657 1.762745 3.001212 2
-2.755692 1.805205 3.014870 2
-2.740575 1.819597 3.014390 2
-2.717133 1.826478 3.009980 2
-2.670732 1.813307 2.994915 2
-2.682889 1.852275 3.007195 2
-2.644169 1.846930 2.995915 2
-2.629617 1.862643 2.995802 2
-2.619734 1.882204 2.997781 2
-2.605987 1.898543 2.997986 2
-2.577500 1.903321 2.991651 2
-2.584570 1.935927 3.001019 2
-2.540788 1.929608 2.988086 2
-2.524120 1.944243 2.987062 2
-2.515543 1.964829 2.989509 2
-2.511062 1.988175 2.993647 2
-2.435569 1.962210 2.967801 2
-2.461552 2.006725 2.984761 2
-2.497866 2.056938 3.005727 2
-2.476387 2.068358 3.002592 2
-2.471122 2.090313 3.006117 2
-2.428008 2.088677 2.994259 2
-2.322132 2.049974 2.957362 2
-2.298195 2.062283 2.953695 2
-2.249189 2.060446 2.940161 2
-2.255586 2.090850 2.948589 2
-2.166337 2.068105 2.919603 2
-2.140550 2.081511 2.915603 2
-2.102844 2.089029 2.907083 2
-2.049356 2.089139 2.892670 2
-2.011530 2.098128 2.884396 2
-1.999050 2.120109 2.885772 2
-1.934039 2.117208 2.867526 2
-1.901079 2.130431 2.861419 2
-1.819605 2.122365 2.837552 2
-1.615386 2.062284 2.769173 2
-1.553586 2.067432 2.753429 2
-1.439196 2.051999 2.718959 2
-1.393819 2.066719 2.709669 2
-1.338757 2.078433 2.697075 2
-1.324935 2.106765 2.699220 2
-1.250485 2.112867 2.680090 2
-1.218202 2.135410 2.675916 2
-1.236380 2.175819 2.689268 2
-3.281511 -0.397030 2.627514 8
-3.266427 -0.312930 2.645183 8
-3.238328 -0.279311 2.647505 8
-3.278879 -0.018165 2.720993 6
-3.241837 -0.024415 2.711451 6
-3.207902 -0.019828 2.705241 6
-3.169641 -0.027805 2.694959 6
-3.129772 -0.039196 2.683458 6
-3.096088 -0.031673 2.677953 6
-3.056575 -0.039776 2.667292 6
-3.027261 -0.019589 2.665818 6
-2.993915 -0.010190 2.660774 6
-2.946832 -0.034878 2.644285 6
-2.924199 0.001964 2.648308 6
-2.877086 -0.020231 2.632373 6
-2.833627 -0.032044 2.619772 6
-2.811228 0.004639 2.623732 6
-2.876915 0.231891 2.694039 2
-2.878681 0.312692 2.714163 2
-2.868244 0.364924 2.724539 2
-2.881246 0.462489 2.751243 2
-2.898294 0.563915 2.779782 2
-2.878249 0.590019 2.781551 2
-2.906331 0.705590 2.815998 2
-2.609769 0.223474 2.631256 3
-2.817176 0.663453 2.785331 2
-2.816478 0.721299 2.799137 2
-2.807002 0.762247 2.806818 2
-2.822504 0.843583 2.829990 2
-2.798377 0.857499 2.827726 2
-2.791524 0.898938 2.836072 2
-2.785873 0.941093 2.844850 2
-2.805549 1.020608 2.868477 2
-2.777404 1.026167 2.863193 2
-2.779732 1.076522 2.875744 2
-2.775984 1.116724 2.884424 2
-2.781805 1.169227 2.898272 2
-2.762762 1.186204 2.897778 2
-2.767342 1.234705 2.910346 2
-2.758598 1.264384 2.915272 2
-2.757948 1.303851 2.924422 2
-2.749938 1.333087 2.929382 2
-2.752700 1.375013 2.939893 2
-2.779285 1.444574 2.962601 2
-2.745095 1.440172 2.953319 2
-2.754145 1.486588 2.966346 2
-2.733222 1.497781 2.963880 2
-2.737243 1.536848 2.973941 2
-2.724811 1.557065 2.975604 2
-2.726346 1.591989 2.984065 2
-2.732302 1.630761 2.994480 2
-2.723394 1.653383 2.997511 2
-2.737482 1.698799 3.011418 2
-2.696922 1.689277 2.999247 2
-2.731256 1.752936 3.022294 2
-2.727250 1.778470 3.027137 2
-2.708921 1.790345 3.025303 2
-2.690532 1.802315 3.023461 2
-2.668607 1.811293 3.020044 2
-2.652346 1.825481 3.019203 2
-2.637409 1.840876 3.018949 2
-2.603311 1.840294 3.010289 2
-2.627204 1.887874 3.026965 2
-2.595252 1.889414 3.019287 2
-2.566273 1.893903 3.013001 2
-2.573317 1.926604 3.022066 2
-2.542862 1.930415 3.015226 2
-2.497763 1.923979 3.002394 2
-2.511106 1.960726 3.013901 2
-2.476363 1.962692 3.005519 2
-2.478936 1.991128 3.012429 2
-2.526814 2.049769 3.037482 2
-2.488982 2.049902 3.027865 2
-2.470635 2.063406 3.026125 2
-2.479241 2.094168 3.035019 2
-2.431468 2.089444 3.021756 2
-2.323261 2.049144 2.985277 2
-2.281792 2.050987 2.975020 2
-2.255799 2.062580 2.970825 2
-2.272312 2.098558 2.982795 2
-2.212781 2.091847 2.965999 2
-2.158597 2.089275 2.951450 2
-2.101713 2.086389 2.936119 2
-2.077888 2.101615 2.933173 2
-2.030147 2.105191 2.921543 2
-1.984634 2.110764 2.910896 2
-1.918354 2.107315 2.892935 2
-1.880041 2.118161 2.885229 2
-1.852896 2.134696 2.881602 2
-1.616799 2.059942 2.804444 2
-1.517766 2.049051 2.776313 2
-1.450945 2.053587 2.759772 2
-1.450318 2.086099 2.766301 2
-1.355679 2.081527 2.740557 2
-1.297175 2.092601 2.727471 2
-1.248334 2.108306 2.717845 2
-1.214013 2.130041 2.713237 2
-1.248334 2.176045 2.731582 2
-3.254067 -0.627636 2.612409 8
-3.292369 -0.334348 2.689939 8
-3.255640 -0.330714 2.683086 8
-3.301702 -0.041492 2.761238 6
-3.269732 -0.031207 2.756918 6
-3.223638 -0.066152 2.738897 6
-3.196455 -0.039440 2.739432 6
-3.156519 -0.051913 2.727983 6
-3.125329 -0.037488 2.724723 6
-3.092459 -0.027923 2.719937 6
-3.044798 -0.058436 2.702521 6
-3.021207 -0.022814 2.705818 6
-3.000765 0.019567 2.711360 6
-2.941446 -0.036487 2.685364 6
-2.925876 0.017214 2.694575 6
-2.877953 -0.007373 2.678387 6
-2.844034 0.002202 2.673227 6
-2.792984 -0.026111 2.655442 6
-2.889577 0.268196 2.745339 2
-2.893446 0.352156 2.765771 2
-2.886765 0.410863 2.777974 2
-2.882391 0.472001 2.791233 2
-2.707454 0.196610 2.688474 3
-2.805436 0.457129 2.770708 2
-2.824056 0.557848 2.798204 2
-2.822670 0.618075 2.811840 2
-2.811761 0.659248 2.818920 2
-2.819199 0.731117 2.837186 2
-2.786409 0.732050 2.830030 2
-2.788257 0.791143 2.844057 2
-2.799196 0.863043 2.863065 2
-2.775613 0.877631 2.861077 2
-2.773707 0.925906 2.871717 2
-2.769415 0.969129 2.880639 2
-2.770452 1.019073 2.892297 2
-2.773850 1.070975 2.904925 2
-2.773992 1.116692 2.915380 2
-2.770807 1.156490 2.923708 2
-2.766093 1.193178 2.930962 2
-2.747568 1.210527 2.930630 2
-2.746415 1.250519 2.939423 2
-2.741450 1.284620 2.945986 2
-2.754834 1.340989 2.961818 2
-2.752359 1.376194 2.969178 2
-2.732481 1.389635 2.967573 2
-2.739117 1.434442 2.979186 2
-2.745638 1.477937 2.990463 2
-2.733077 1.498688 2.992164 2
-2.731917 1.531881 2.999308 2
-2.716866 1.549256 2.999642 2
-2.737083 1.604154 3.016626 2
-2.755512 1.655616 3.032410 2
-2.727509 1.658103 3.026337 2
-2.729744 1.691438 3.034243 2
-2.719224 1.711521 3.036181 2
-2.716673 1.739100 3.041654 2
-2.686394 1.740017 3.034639 2
-2.706899 1.788517 3.050182 2
-2.688715 1.800625 3.048486 2
-2.664397 1.807426 3.044147 2
-2.632096 1.807641 3.036443 2
-2.603649 1.811786 3.030507 2
-2.635815 1.867090 3.050266 2
-2.575093 1.844765 3.030782 2
-2.575813 1.873301 3.037128 2
-2.559177 1.887726 3.036216 2
-2.547657 1.906191 3.037400 2
-2.536961 1.925220 3.038892 2
-2.512905 1.934315 3.034994 2
-2.515081 1.962702 3.041594 2
-2.578254 2.033764 3.072156 2
-2.546949 2.037161 3.065236 2
-2.524441 2.047091 3.061841 2
-2.503474 2.058353 3.059093 2
-2.447766 2.047358 3.043110 2
-2.475484 2.090513 3.059012 2
-2.423172 2.082937 3.044558 2
-2.410012 2.100229 3.044945 2
-2.258555 2.035626 2.994093 2
-2.272473 2.070563 3.004820 2
-2.252679 2.085740 3.003087 2
-2.213716 2.090544 2.994443 2
-2.151715 2.083638 2.977654 2
-2.117424 2.092627 2.971005 2
-2.067011 2.093915 2.958752 2
-2.011065 2.093415 2.944741 2
-1.977612 2.105017 2.938793 2
-1.912208 2.101948 2.921871 2
-1.876947 2.114189 2.915571 2
-1.853618 2.132399 2.913448 2
-1.615793 2.056558 2.838640 2
-1.544917 2.057556 2.821110 2
-1.439761 2.045680 2.792385 2
-1.406364 2.065007 2.787897 2
-1.333546 2.069342 2.770497 2
-1.281858 2.083136 2.760274 2
-1.221928 2.094790 2.747534 2
-1.234864 2.133664 2.758510 2
0.727104 1.485937 2.136288 1
0.848884 1.500436 2.108468 1
-3.336051 -0.594291 2.684514 8
-3.318221 -0.506490 2.700679 8
-3.316257 -0.363946 2.732433 8
-3.294440 -0.305006 2.741231 8
-3.244911 -0.348199 2.721275 8
-3.302507 -0.020650 2.806956 6
-3.261823 -0.040113 2.794139 6
-3.233921 -0.016745 2.793595 6
-3.194249 -0.030471 2.782245 6
-3.157448 -0.034004 2.773767 6
-3.122579 -0.030989 2.767146 6
-3.089103 -0.023516 2.761799 6
-3.058297 -0.008507 2.758686 6
-3.016620 -0.022224 2.746832 6
-2.981010 -0.018892 2.740057 6
-2.956783 0.013249 2.742115 6
-2.912837 -0.003181 2.729122 6
-2.862461 -0.033017 2.711753 6
-2.834942 -0.008318 2.711398 6
-2.884090 0.186158 2.765220 2
-2.900217 0.299863 2.793979 2
-2.808059 0.180229 2.747613 3
-2.837164 0.316530 2.784148 2
-2.829002 0.372148 2.794734 2
-2.815465 0.415271 2.801374 2
-2.793312 0.440605 2.802194 2
-2.801648 0.522225 2.822059 2
-2.819394 0.617839 2.847044 2
-2.807092 0.656354 2.852870 2
-2.785980 0.678502 2.853151 2
-2.792120 0.746546 2.869480 2
-2.798472 0.812571 2.885397 2
-2.793314 0.857681 2.894179 2
-2.791825 0.907285 2.904739 2
-2.777568 0.935594 2.907806 2
-2.794778 1.011059 2.928125 2
-2.755605 1.000264 2.917107 2
-2.784952 1.090093 2.943223 2
-2.767570 1.110343 2.943783 2
-2.757286 1.140258 2.948013 2
-2.763071 1.191463 2.960440 2
-2.738016 1.200028 2.956711 2
-2.726627 1.226733 2.959959 2
-2.731512 1.273813 2.971250 2
-2.740292 1.324494 2.984182 2
-2.763739 1.391761 3.003979 2
-2.710512 1.364662 2.986156 2
-2.745111 1.442827 3.010789 2
-2.738375 1.470725 3.015266 2
-2.734731 1.501622 3.021076 2
-2.727733 1.528180 3.025183 2
-2.720671 1.554225 3.029155 2
-2.734911 1.602549 3.042718 2
-2.718538 1.617600 3.042202 2
-2.710672 1.641372 3.045471 2
-2.728047 1.690138 3.059810 2
-2.712975 1.705687 3.059663 2
-2.686261 1.710016 3.054460 2
-2.695039 1.748309 3.064576 2
-2.684274 1.767622 3.066181 2
-2.689135 1.800964 3.074330 2
-2.654630 1.798622 3.065884 2
-2.666007 1.836964 3.076565 2
-2.613800 1.820157 3.060972 2
-2.600953 1.837583 3.061646 2
-2.599139 1.864010 3.066748 2
-2.588380 1.882861 3.068182 2
-2.534607 1.867814 3.052551 2
-2.528305 1.890619 3.055822 2
-2.515286 1.908132 3.056420 2
-0.910635 0.750531 2.442374 2
-2.596258 2.020497 3.098561 2
-2.566092 2.024242 3.092276 2
-2.532378 2.026076 3.084756 2
-2.516912 2.040922 3.084178 2
-2.511267 2.062387 3.087251 2
-2.451264 2.048397 3.070284 2
-2.452997 2.074971 3.076115 2
-2.412554 2.074984 3.066588 2
-2.390728 2.087099 3.063901 2
-2.386498 2.109935 3.067534 2
-2.275255 2.070529 3.033260 2
-2.245026 2.079686 3.027955 2
-2.184397 2.072512 3.012146 2
-2.178915 2.096415 3.015652 2
-2.162649 2.114474 3.015413 2
-2.083854 2.100474 2.993887 2
-2.049651 2.110568 2.987767 2
-1.988206 2.107895 2.972605 2
-1.933790 2.109816 2.960020 2
-1.899176 2.122001 2.954181 2
-1.823155 2.115996 2.934843 2
-1.800350 2.135012 2.933149 2
-1.569879 2.065201 2.864281 2
-1.467099 2.053841 2.837448 2
-1.392888 2.056193 2.820133 2
-1.309836 2.056503 2.800284 2
-1.273172 2.076192 2.795329 2
-1.214539 2.088289 2.783607 2
0.775694 1.406305 2.172989 1
0.821323 1.446700 2.169843 1
0.822569 1.502674 2.180359 1
-3.322961 -0.621820 2.722794 8
-3.343641 -0.380513 2.778655 8
-3.315567 -0.343855 2.780832 8
-3.284409 -0.320554 2.779511 8
-3.256292 -0.287461 2.780888 8
-3.215057 -0.300646 2.769691 8
-3.265556 -0.010774 2.841914 6
-3.229576 -0.014327 2.833818 6
-3.197080 -0.006229 2.828907 6
-3.157981 -0.017511 2.818497 6
-3.116516 -0.034138 2.806450 6
-3.093085 0.001208 2.809168 6
-3.051872 -0.012838 2.797696 6
-3.012340 -0.020901 2.787830 6
-2.978502 -0.013259 2.782467 6
-2.952801 0.014822 2.783119 6
-2.923913 0.034445 2.781299 6
-2.875093 0.007177 2.765376 6
-2.823455 -0.024273 2.747967 6
-2.803621 0.017140 2.752612 6
-2.821003 0.137475 2.781722 3
-2.816145 0.205710 2.795145 2
-2.811181 0.271063 2.807923 2
-2.838472 0.398403 2.840549 2
-2.794184 0.380703 2.827508 2
-2.789451 0.439845 2.838986 2
-2.803609 0.532005 2.861391 2
-2.803046 0.593856 2.874295 2
-2.793393 0.637437 2.881421 2
-2.787049 0.685447 2.890167 2
-2.770423 0.714572 2.892755 2
-2.785003 0.794707 2.912663 2
-2.787815 0.852933 2.925463 2
-2.768005 0.873477 2.925542 2
-2.771440 0.929768 2.938049 2
-2.764639 0.968792 2.944748 2
-2.772013 1.027807 2.958645 2
-2.766229 1.065881 2.965344 2
-2.740524 1.074712 2.961662 2
-2.752763 1.136558 2.977162 2
-2.730734 1.149835 2.975176 2
-2.738822 1.203346 2.988030 2
-2.754878 1.265698 3.004429 2
-2.731454 1.275649 3.001422 2
-2.724098 1.305948 3.006097 2
-2.720913 1.340768 3.012602 2
-2.720844 1.378559 3.020387 2
-2.724082 1.419354 3.029502 2
-2.734738 1.467704 3.041778 2
-2.736121 1.504248 3.049595 2
-2.737947 1.540442 3.057428 2
-2.712856 1.546556 3.053194 2
-2.728754 1.596697 3.066948 2
-2.700592 1.599472 3.061339 2
-2.696219 1.627089 3.066022 2
-2.728167 1.690658 3.086018 2
-2.711517 1.704562 3.085186 2
-2.715190 1.738103 3.092821 2
-2.714489 1.766801 3.098499 2
-2.696435 1.778918 3.096969 2
-2.697235 1.808268 3.103093 2
-2.642696 1.787890 3.086890 2
-2.635199 1.809929 3.089681 2
-2.630445 1.834075 3.093498 2
-2.584103 1.823124 3.080993 2
-2.567196 1.837396 3.080102 2
-2.519553 1.827095 3.067421 2
-2.539812 1.871301 3.080805 2
-0.883235 0.622822 2.460972 2
-2.607740 1.977128 3.117155 2
-2.588514 1.988531 3.115131 2
-2.565684 1.997540 3.111814 2
-2.561628 2.020165 3.115408 2
-2.503572 2.005110 3.099390 2
-2.488264 2.020421 3.098989 2
-2.488214 2.045956 3.104035 2
-2.448194 2.045182 3.094876 2
-2.447314 2.070084 3.099594 2
-2.429281 2.084020 3.098274 2
-2.389606 2.084985 3.089511 2
-2.375892 2.102144 3.089784 2
-2.276946 2.069877 3.061088 2
-2.243041 2.076844 3.054780 2
-2.240587 2.101831 3.059107 2
-2.169301 2.089329 3.040512 2
-2.132576 2.096632 3.033603 2
-2.064641 2.088486 3.016597 2
-2.039508 2.103297 3.013761 2
-1.989895 2.106439 3.003089 2
-1.930695 2.105940 2.989522 2
-1.865373 2.103758 2.974227 2
-1.849352 2.125266 2.974719 2
-1.763890 2.116190 2.953485 2
-1.544411 2.051226 2.890934 2
-1.490936 2.060619 2.880522 2
-1.388547 2.051083 2.855303 2
-1.337419 2.063900 2.846059 2
-1.286600 2.077733 2.837067 2
-1.271305 2.105683 2.838879 2
0.919019 1.348237 2.193430 1
0.916587 1.406893 2.205096 1
0.925538 1.461210 2.213309 1
0.980833 1.500119 2.207961 1
-3.292506 -0.558850 2.776426 8
-3.313518 -0.329287 2.827132 8
-3.280544 -0.313522 2.823765 8
-3.245648 -0.304895 2.818560 8
-3.217465 -0.273373 2.819320 8
-3.247474 -0.053109 2.869895 6
-3.217504 -0.036399 2.867280 6
-3.185745 -0.025524 2.863118 6
-3.157751 -0.003493 2.861957 6
-3.109802 -0.039194 2.845114 6
-3.070252 -0.048676 2.835246 6
-3.045170 -0.017943 2.836399 6
-3.017534 0.005071 2.835471 6
-2.971161 -0.019975 2.821058 6
-2.929987 -0.030054 2.810703 6
-2.909558 0.010865 2.814812 6
-2.843444 -0.056096 2.787931 6
-2.823009 -0.015147 2.792025 6
-2.782637 -0.019575 2.782933 6
-2.807061 0.116374 2.815229 2
-2.788651 0.156420 2.819524 2
-2.807920 0.272238 2.846707 2
-2.801122 0.331148 2.857140 2
-2.813372 0.424985 2.878461 2
-2.814119 0.493219 2.892289 2
-2.800988 0.533215 2.897608 2
-2.775196 0.549126 2.895501 2
-2.766944 0.596023 2.903186 2
-2.776971 0.673073 2.920648 2
-2.775446 0.727831 2.931271 2
-2.772833 0.779031 2.940951 2
-2.776061 0.838079 2.953394 2
-2.753184 0.853977 2.951836 2
-2.743737 0.890601 2.957176 2
-2.748709 0.948118 2.969651 2
-2.749189 0.997197 2.979510 2
-2.755589 1.053429 2.992011 2
-2.742250 1.079956 2.994506 2
-2.724573 1.099996 2.994805 2
-2.752386 1.181692 3.016789 2
-2.738314 1.204895 3.018451 2
-2.732113 1.238039 3.023716 2
-2.732042 1.278296 3.031660 2
-2.717895 1.299930 3.032976 2
-2.729081 1.352381 3.045669 2
-2.728548 1.389268 3.052832 2
-2.747654 1.448419 3.068492 2
-2.715131 1.446252 3.061237 2
-2.710795 1.476655 3.066305 2
-2.708627 1.508873 3.072179 2
-2.735613 1.572096 3.090271 2
-2.716507 1.584361 3.088649 2
-2.711975 1.611957 3.093099 2
-2.694084 1.625411 3.091954 2
-2.707137 1.669971 3.103425 2
-2.698746 1.692318 3.106015 2
-2.701451 1.725084 3.112981 2
-2.684435 1.738554 3.112000 2
-2.697265 1.779727 3.122740 2
-2.701745 1.812317 3.130030 2
-2.652886 1.796823 3.116636 2
-2.636945 1.811245 3.116044 2
-2.633159 1.836108 3.120059 2
-2.580509 1.819750 3.105673 2
-0.912003 0.480308 2.490712 2
-0.960556 0.574629 2.519304 2
-0.910715 0.589071 2.511445 2
-2.647916 1.981446 3.151298 2
-2.626614 1.990668 3.148517 2
-2.580538 1.981857 3.136956 2
-2.568526 1.998746 3.137628 2
-2.585200 2.035958 3.148346 2
-2.516701 2.013215 3.129286 2
-2.523169 2.043053 3.136389 2
-2.490774 2.046526 3.130091 2
-2.445504 2.042218 3.119532 2
-2.415509 2.048577 3.114290 2
-2.391910 2.059425 3.111275 2
-2.387096 2.082033 3.114540 2
-2.380875 2.103620 3.117302 2
-2.338402 2.103988 3.108206 2
-2.269183 2.089991 3.090605 2
-2.219718 2.088483 3.079632 2
-2.165836 2.085570 3.067431 2
-2.163674 2.111123 3.071790 2
-2.097739 2.103497 3.056078 2
-2.037121 2.099927 3.042276 2
-1.990963 2.104693 3.033169 2
-1.931731 2.104052 3.020204 2
-1.913027 2.123511 3.019797 2
-1.834314 2.115841 3.001273 2
-1.863558 2.157628 3.015444 2
-1.529723 2.041860 2.921263 2
-1.463979 2.046156 2.907771 2
-1.404310 2.054183 2.896287 2
-1.342053 2.062284 2.884246 2
-1.278738 2.071131 2.872104 2
-1.223039 2.083992 2.862357 2
1.010384 1.308674 2.231928 1
0.979917 1.378095 2.251419 1
1.021492 1.421902 2.250446 1
1.020935 1.480073 2.261302 1
1.108582 1.509761 2.247640 1
-3.272901 -0.611177 2.808617 8
-3.258017 -0.516578 2.823809 8
-3.270517 -0.329019 2.862132 8
-3.227140 -0.349697 2.849689 8
-3.210063 -0.279526 2.859762 8
-3.177998 -0.262175 2.856794 8
-3.217273 -0.021137 2.910562 6
-3.180856 -0.025126 2.902651 6
-3.151179 -0.008319 2.900030 6
-3.116399 -0.006364 2.893564 6
-3.075185 -0.021560 2.882552 6
-3.046901 -0.000485 2.881004 6
-3.002925 -0.020692 2.868481 6
-2.972076 -0.005852 2.865226 6
-2.938677 0.002649 2.860253 6
-2.898409 -0.004958 2.850847 6
-2.858093 -0.011508 2.841627 6
-2.832908 0.017256 2.842122 6
-2.800089 0.028486 2.837761 6
-2.822572 0.158517 2.866966 3
-2.775695 0.137752 2.853718 2
-2.825570 0.315995 2.897516 2
-2.800403 0.337040 2.896518 2
-2.801427 0.408608 2.910322 2
-2.801595 0.475867 2.923132 2
-2.793190 0.524815 2.930754 2
-2.783708 0.570244 2.937487 2
-2.770943 0.608490 2.942198 2
-2.773111 0.671446 2.954570 2
-2.768899 0.721507 2.963219 2
-2.780793 0.796574 2.979818 2
-2.759836 0.816047 2.979316 2
-2.761412 0.870867 2.990009 2
-2.750212 0.904271 2.994087 2
-2.770920 0.985073 3.013517 2
-2.734834 0.979174 3.005167 2
-2.742792 1.037874 3.017854 2
-2.742975 1.083755 3.026555 2
-2.746127 1.132486 3.036386 2
-2.737221 1.163465 3.040440 2
-2.722231 1.185712 3.041618 2
-2.709070 1.210064 3.043558 2
-2.729624 1.277090 3.060323 2
-2.718518 1.302449 3.062858 2
-2.720343 1.343253 3.070903 2
-2.723015 1.384059 3.079116 2
-2.713651 1.409695 3.082042 2
-2.695565 1.424870 3.081237 2
-2.728915 1.498187 3.101744 2
-2.701423 1.501829 3.096865 2
-2.715878 1.551475 3.109100 2
-2.704863 1.572674 3.110840 2
-2.699262 1.599295 3.114690 2
-2.676846 1.608288 3.111827 2
-2.711447 1.674691 3.131269 2
-2.716292 1.709863 3.138827 2
-2.693756 1.717887 3.135747 2
-2.698063 1.751546 3.142906 2
-2.717844 1.798811 3.155748 2
-2.702338 1.812815 3.155203 2
-2.682678 1.823182 3.153131 2
-2.586725 1.767289 3.123174 2
-0.959782 0.407068 2.538428 2
-0.891670 0.406311 2.524395 2
-0.896816 0.466975 2.536718 2
-0.920411 0.541369 2.555349 2
-2.658901 1.963836 3.174425 2
-2.604227 1.947138 3.160155 2
-2.601064 1.970678 3.163870 2
-2.600326 1.995718 3.168356 2
-2.549992 1.984476 3.155973 2
-2.571132 2.025085 3.167811 2
-2.532780 2.023388 3.159640 2
-2.487874 2.018015 3.149444 2
-2.490048 2.044919 3.154853 2
-2.450717 2.044402 3.146689 2
-2.457435 2.073993 3.153519 2
-2.410288 2.069516 3.143014 2
-2.386984 2.080546 3.140256 2
-2.366842 2.093783 3.138550 2
-2.328594 2.096713 3.131224 2
-2.241207 2.072396 3.108789 2
-2.221934 2.087943 3.107674 2
-2.175401 2.088890 3.098269 2
-2.273936 2.167657 3.132979 2
-2.256387 2.183562 3.132273 2
-2.061291 2.109976 3.078621 2
-1.963591 2.088952 3.054641 2
-1.972646 2.121333 3.062417 2
-1.919650 2.124167 3.052001 2
-1.835598 2.113844 3.032776 2
-1.812193 2.132204 3.031286 2
-1.535116 2.041160 2.957513 2
-1.480653 2.050005 2.947870 2
-1.430645 2.061661 2.939654 2
-1.309223 2.045801 2.911680 2
-1.303134 2.076985 2.916073 2
-1.254078 2.091931 2.908635 2
1.069557 1.280623 2.281146 1
1.105832 1.327110 2.282044 1
1.124465 1.379984 2.287738 1
1.153073 1.429546 2.290760 1
1.145892 1.490756 2.303284 1
-3.247360 -0.533587 2.864129 8
-3.242525 -0.409211 2.885591 8
-3.219436 -0.356553 2.890634 8
-3.189517 -0.329730 2.889711 8
-3.167828 -0.277354 2.894968 8
-3.176050 -0.134223 2.922307 6
-3.182721 -0.004382 2.946955 6
-3.141624 -0.021893 2.935897 6
-3.095937 -0.050605 2.921938 6
-3.076503 -0.004664 2.926461 6
-3.044919 0.006875 2.922454 6
-2.997892 -0.021517 2.908289 6
-2.967325 -0.006139 2.905165 6
-2.935933 0.007108 2.901497 6
-2.902468 0.015450 2.896546 6
-2.861876 0.007596 2.887307 6
-2.819793 -0.002443 2.877385 6
-2.785922 0.006824 2.872516 6
-2.842046 0.208855 2.919652 3
-2.783972 0.163414 2.900277 2
-2.800315 0.272257 2.922987 2
-2.795028 0.333630 2.932990 2
-2.780905 0.375677 2.937814 2
-2.791024 0.462255 2.955317 2
-2.767662 0.483707 2.954653 2
-2.762774 0.538168 2.963486 2
-2.759422 0.593545 2.972778 2
-2.766104 0.664385 2.986784 2
-2.760479 0.712033 2.994246 2
-2.758453 0.764171 3.003209 2
-2.758407 0.817883 3.012835 2
-2.770103 0.888412 3.027750 2
-2.729271 0.875645 3.017552 2
-2.745574 0.950209 3.034080 2
-2.735982 0.984061 3.038290 2
-2.731163 1.024033 3.044521 2
-2.740400 1.082861 3.056854 2
-2.738840 1.124940 3.064090 2
-2.742726 1.173306 3.073509 2
-2.728523 1.196287 3.074870 2
-2.715989 1.221130 3.076887 2
-2.697760 1.238332 3.076429 2
-2.721643 1.308079 3.093550 2
-2.708702 1.330578 3.095064 2
-2.750249 1.418160 3.118805 2
-2.689845 1.383010 3.100784 2
-2.730736 1.466581 3.123676 2
-2.695497 1.461480 3.115916 2
-2.672611 1.470867 3.113146 2
-2.701204 1.536362 3.130413 2
-2.672814 1.539289 3.125416 2
-2.693721 1.594118 3.139279 2
-2.688716 1.620926 3.143094 2
-2.712645 1.676287 3.157638 2
-2.716710 1.710574 3.164552 2
-2.725439 1.748610 3.173041 2
-2.728537 1.780437 3.179325 2
-2.697284 1.779827 3.173131 2
-2.710260 1.819960 3.182818 2
-2.676179 1.817284 3.175702 2
-0.906238 0.302797 2.560798 2
-0.896442 0.352407 2.567734 2
-0.886577 0.401314 2.574529 2
-2.675740 1.925085 3.194833 2
-2.668285 1.945031 3.196933 2
-2.645628 1.952834 3.193905 2
-2.596445 1.940499 3.182116 2
-2.578704 1.953079 3.180895 2
-2.579589 1.979606 3.185789 2
-2.553003 1.985810 3.181705 2
-2.544238 2.005097 3.183425 2
-2.512462 2.008290 3.177791 2
-2.495230 2.021957 3.176856 2
-2.464286 2.026646 3.171648 2
-2.453261 2.044860 3.172732 2
-2.437101 2.059777 3.172225 2
-2.396967 2.059867 3.164401 2
-2.422929 2.101063 3.176789 2
-2.366675 2.092204 3.164224 2
-2.338240 2.100774 3.160187 2
-2.311461 2.110743 3.156722 2
-2.224232 2.087462 3.135539 2
-2.299358 2.154456 3.162108 2
-2.250228 2.153246 3.152286 2
-2.255297 2.181112 3.158217 2
-2.052536 2.103423 3.104791 2
-2.021636 2.115331 3.100856 2
-1.960717 2.113273 3.088572 2
-1.892791 2.109137 3.074549 2
-1.843130 2.114718 3.065818 2
-1.796242 2.122451 3.058010 2
-1.797429 2.151871 3.063446 2
-1.477559 2.045568 2.982029 2
-1.403897 2.047439 2.967937 2
-1.353457 2.059989 2.960279 2
-1.259567 2.056588 2.941292 2
-1.280096 2.098075 2.952640 2
-3.233471 -0.562520 2.902054 8
-3.203201 -0.529187 2.901969 8
-3.201566 -0.398533 2.923719 8
-3.160677 -0.407122 2.914558 8
-3.140213 -0.348595 2.920582 8
-3.182696 -0.097380 2.971013 6
-3.176358 -0.008654 2.984804 6
-3.134677 -0.027809 2.973717 6
-3.104243 -0.013303 2.970436 6
-3.070323 -0.008491 2.964863 6
-3.029766 -0.020871 2.955138 6
-2.996619 -0.012684 2.950285 6
-2.969722 0.011446 2.949303 6
-2.930682 0.005380 2.940936 6
-2.896375 0.011609 2.935539 6
-2.859970 0.013410 2.929001 6
-2.818858 0.005296 2.919904 6
-2.786305 0.017089 2.915783 6
-2.724969 -0.032332 2.895906 6
-2.786392 0.176723 2.942801 3
-2.786408 0.251724 2.955493 2
-2.777018 0.305210 2.962781 2
-2.765214 0.352202 2.968519 2
-2.778692 0.445357 2.986814 2
-2.766238 0.487134 2.991551 2
-2.767261 0.551926 3.002712 2
-2.764225 0.607329 3.011525 2
-2.755141 0.650533 3.017140 2
-2.765416 0.725010 3.031680 2
-2.746302 0.748603 3.032098 2
-2.730035 0.776406 3.033764 2
-2.737431 0.840866 3.046072 2
-2.744325 0.902455 3.057802 2
-2.746505 0.954985 3.067116 2
-2.738096 0.990342 3.071538 2
-2.726688 1.020536 3.074526 2
-2.719696 1.056352 3.079294 2
-2.727057 1.111181 3.089972 2
-2.713761 1.136411 3.091769 2
-2.722948 1.191080 3.102764 2
-2.705802 1.209924 3.102760 2
-2.707045 1.252056 3.110146 2
-2.707230 1.291801 3.116930 2
-2.722206 1.348671 3.129385 2
-2.681825 1.337537 3.119959 2
-2.686241 1.380088 3.128013 2
-2.710851 1.444833 3.143608 2
-2.672740 1.436846 3.135143 2
-2.682913 1.483209 3.144923 2
-2.713794 1.550829 3.162180 2
-2.704585 1.573783 3.164368 2
-2.723751 1.626016 3.176827 2
-2.708608 1.641750 3.176684 2
-2.715678 1.679719 3.184464 2
-2.700203 1.694662 3.184127 2
-2.680633 1.705680 3.182360 2
-2.688081 1.742376 3.189997 2
-2.675299 1.759527 3.190541 2
-2.659830 1.774180 3.190161 2
-2.641485 1.786320 3.188818 2
-0.928575 0.321846 2.620579 2
-0.904719 0.358901 2.622463 2
-2.683149 1.904581 3.216733 2
-2.659959 1.911728 3.213643 2
-2.659645 1.937605 3.218001 2
-2.674831 1.975287 3.227255 2
-2.608867 1.949451 3.210591 2
-2.610106 1.976115 3.215375 2
-2.595694 1.990765 3.215202 2
-2.550758 1.983339 3.205590 2
-2.509406 1.979446 3.197249 2
-2.496210 1.996002 3.197631 2
-2.490412 2.017624 3.200253 2
-2.465911 2.026601 3.197243 2
-2.465626 2.051734 3.201491 2
-2.431317 2.054827 3.195657 2
-2.403203 2.062419 3.191744 2
-2.353332 2.057177 3.181600 2
-2.347036 2.079000 3.184171 2
-2.367133 2.116097 3.194252 2
-2.357944 2.135650 3.195901 2
-2.277279 2.115296 3.177464 2
-2.276340 2.140180 3.181558 2
-2.234839 2.143227 3.174393 2
-2.199789 2.150403 3.169132 2
-2.092628 2.121628 3.144348 2
-1.994680 2.099794 3.122463 2
-1.975887 2.118272 3.122157 2
-1.928141 2.123319 3.114185 2
-1.889992 2.133645 3.108899 2
-1.837398 2.138170 3.099943 2
-1.771011 2.137682 3.087574 2
-1.479745 2.043372 3.017462 2
-1.407442 2.045632 3.004474 2
-1.337153 2.050085 2.992238 2
-1.295214 2.066884 2.987373 2
-1.308107 2.105050 2.996329 2
-3.190127 -0.554294 2.940903 8
-3.187694 -0.426397 2.960622 8
-3.162541 -0.381985 2.962975 8
-3.127862 -0.370314 2.958407 8
-3.167115 -0.129760 3.003624 6
-3.155733 -0.055666 3.013223 6
-3.143318 0.011493 3.021542 6
-3.105295 0.003238 3.013234 6
-3.062319 -0.017313 3.002077 6
-3.024816 -0.021447 2.994528 6
-2.994493 -0.006160 2.991375 6
-2.966342 0.014428 2.989465 6
-2.917039 -0.016762 2.975485 6
-2.884792 -0.005222 2.971403 6
-2.843774 -0.013718 2.962546 6
-2.804951 -0.016102 2.955066 6
-2.761803 -0.027040 2.945444 6
-2.726886 -0.019151 2.940317 6
-2.765945 0.142510 2.973100 3
-2.763127 0.212307 2.983667 2
-2.780925 0.320155 3.004040 2
-2.758383 0.345877 3.004023 2
-2.770824 0.436907 3.020759 2
-2.759795 0.481299 3.025816 2
-2.765781 0.554892 3.038614 2
-2.744126 0.577354 3.038261 2
-2.749129 0.645201 3.049976 2
-2.738829 0.685064 3.054464 2
-2.735676 0.735569 3.061947 2
-2.747022 0.807803 3.075525 2
-2.736539 0.843329 3.079302 2
-2.729938 0.883954 3.084599 2
-2.714302 0.909931 3.085928 2
-2.720509 0.967605 3.096271 2
-2.706968 0.995073 3.098225 2
-2.707734 1.042228 3.105913 2
-2.736727 1.127082 3.124723 2
-2.690878 1.107820 3.113391 2
-2.708856 1.174581 3.127329 2
-2.717748 1.227476 3.137415 2
-2.707436 1.254426 3.139893 2
-2.715942 1.304382 3.149445 2
-2.684758 1.304459 3.143871 2
-2.686594 1.344699 3.150674 2
-2.713775 1.413722 3.166650 2
-2.721778 1.458565 3.175305 2
-2.712634 1.482907 3.177596 2
-2.707095 1.510881 3.181120 2
-2.690062 1.525902 3.180506 2
-2.716461 1.587100 3.195100 2
-2.690166 1.591607 3.191143 2
-2.686615 1.619772 3.195067 2
-2.664119 1.628473 3.192473 2
-2.665469 1.660858 3.197960 2
-2.693096 1.717890 3.212116 2
-2.663184 1.719004 3.206984 2
-2.646092 1.732545 3.206149 2
-2.651668 1.766736 3.212694 2
-2.650178 1.793927 3.216851 2
-2.650363 1.822132 3.221474 2
-2.719961 1.909152 3.247967 2
-2.667218 1.890903 3.235660 2
-2.679480 1.927335 3.243771 2
-2.642264 1.923146 3.236510 2
-2.634655 1.943084 3.238423 2
-2.637441 1.970888 3.243461 2
-2.577839 1.951015 3.229694 2
-2.563476 1.966131 3.229637 2
-2.564787 1.992683 3.234219 2
-2.528514 1.992108 3.227737 2
-2.555976 2.036619 3.239877 2
-2.491953 2.017625 3.225493 2
-2.488517 2.040561 3.228660 2
-2.468362 2.052342 3.227056 2
-2.434806 2.055800 3.221731 2
-2.428460 2.076878 3.224092 2
-2.372592 2.067533 3.212746 2
-2.300978 2.049974 3.197285 2
-2.351676 2.105540 3.215356 2
-2.277350 2.088007 3.199432 2
-2.269260 2.109120 3.201510 2
-2.237216 2.117082 3.197219 2
-2.217166 2.131972 3.196180 2
-2.197918 2.147509 3.195392 2
-2.038398 2.092010 3.158282 2
-2.035862 2.117983 3.162158 2
-1.974454 2.115286 3.150982 2
-1.875826 2.096267 3.130591 2
-1.902349 2.136833 3.141984 2
-1.831009 2.132713 3.128849 2
-1.756618 2.128687 3.115202 2
-1.481699 2.041097 3.052629 2
-1.415700 2.045793 3.041913 2
-1.351969 2.052640 3.031956 2
-1.290772 2.061654 3.022809 2
-1.289714 2.094546 3.028144 2
-3.110476 -0.815166 2.933619 7
-3.164008 -0.487563 2.991375 8
-3.153266 -0.393912 3.003165 8
-3.146112 -0.294384 3.016477 8
-3.156917 -0.145306 3.040324 6
-3.134538 -0.104005 3.042352 6
-3.126973 -0.021769 3.053078 6
-3.093947 -0.015129 3.048108 6
-3.063450 -0.001302 3.044660 6
-3.023030 -0.013725 3.035572 6
-2.986671 -0.014314 3.028966 6
-2.953842 -0.005355 3.024409 6
-2.917089 -0.005653 3.017795 6
-2.868909 -0.032110 3.005285 6
-2.838322 -0.016085 3.002201 6
-2.789408 -0.041062 2.989798 6
-2.756044 -0.030173 2.985478 6
-2.713559 -0.038406 2.976716 6
-2.763275 0.145210 3.012755 3
-2.769597 0.233080 3.026914 2
-2.782999 0.331389 3.043884 2
-2.755333 0.346824 3.041294 2
-2.746892 0.398325 3.047467 2
-2.737597 0.446585 3.053017 2
-2.737394 0.509629 3.062376 2
-2.737479 0.571025 3.071549 2
-2.734707 0.625478 3.079192 2
-2.740535 0.692596 3.090243 2
-2.747354 0.759070 3.101378 2
-2.728639 0.782442 3.101609 2
-2.700280 0.790359 3.097850 2
-2.736606 0.897779 3.120291 2
-2.725256 0.929767 3.123120 2
-2.722108 0.973107 3.129088 2
-2.712965 1.006662 3.132550 2
-2.693673 1.025171 3.131996 2
-2.706851 1.088364 3.143804 2
-2.708924 1.134608 3.151143 2
-2.691663 1.154004 3.151095 2
-2.692701 1.196985 3.157775 2
-2.685029 1.227797 3.161120 2
-2.702018 1.288730 3.173279 2
-2.705279 1.331098 3.180270 2
-2.698960 1.360935 3.183720 2
-2.707707 1.407879 3.192360 2
-2.697156 1.431393 3.194136 2
-2.677378 1.444188 3.192707 2
-2.676468 1.477945 3.197705 2
-2.672415 1.507589 3.201545 2
-2.668555 1.536894 3.205372 2
-2.656621 1.557261 3.206463 2
-2.638275 1.570900 3.205439 2
-2.666892 1.631650 3.219626 2
-2.626607 1.623014 3.211470 2
-2.621253 1.648952 3.214557 2
-2.655635 1.712006 3.230094 2
-2.630372 1.718042 3.226758 2
-2.654737 1.769479 3.238821 2
-2.611749 1.759634 3.230051 2
-2.606895 1.784042 3.233017 2
-2.619598 1.823131 3.241220 2
-2.679708 1.901025 3.263425 2
-2.674964 1.923223 3.266084 2
-2.616612 1.902025 3.252996 2
-2.611368 1.924173 3.255574 2
-2.571113 1.919032 3.248034 2
-2.599007 1.966338 3.260099 2
-2.548260 1.954078 3.249703 2
-2.523131 1.961596 3.246691 2
-2.513594 1.980588 3.248085 2
-2.506804 2.001412 3.250231 2
-2.484396 2.011427 3.248081 2
-2.434283 2.003241 3.238460 2
-2.393437 2.002196 3.231512 2
-2.414763 2.041730 3.241307 2
-2.372341 2.040446 3.234072 2
-2.373563 2.066726 3.238445 2
-2.337159 2.070130 3.232963 2
-2.335958 2.094813 3.236693 2
-2.277982 2.086733 3.225828 2
-2.236214 2.088938 3.219286 2
-2.213340 2.102256 3.217643 2
-2.193710 2.117605 3.216866 2
-2.173322 2.132774 3.215942 2
-2.077169 2.109624 3.196403 2
-2.028810 2.112310 3.188884 2
-1.997633 2.124229 3.185682 2
-1.945391 2.126687 3.177502 2
-1.894592 2.130798 3.169833 2
-1.839896 2.134106 3.161401 2
-1.817387 2.152504 3.160696 2
-1.496861 2.044455 3.090677 2
-1.404690 2.038015 3.074550 2
-1.397038 2.067413 3.078087 2
-1.206516 2.025227 3.040073 2
-1.350039 2.113900 3.077999 2
-3.159067 -0.621186 3.016971 8
-3.141503 -0.544120 3.024290 8
-3.169551 -0.321916 3.059429 8
-3.158001 -0.239426 3.068582 8
-3.156081 -0.132050 3.082837 6
-3.123143 -0.122865 3.078266 6
-3.085076 -0.128276 3.070816 6
-3.094243 -0.000924 3.089786 6
-3.059761 0.001500 3.084061 6
-3.016325 -0.019023 3.073646 6
-2.985911 -0.004430 3.070321 6
-2.956243 0.011923 3.067380 6
-2.911383 -0.008542 3.056763 6
-2.878164 0.000152 3.052181 6
-2.837335 -0.008268 3.043942 6
-2.801340 -0.004746 3.038194 6
-2.774049 0.018229 3.036640 6
-2.721346 -0.012935 3.023260 6
-2.687111 -0.003712 3.018641 6
-2.757031 0.215414 3.060904 2
-2.750152 0.273962 3.067819 2
-2.729555 0.304164 3.068476 2
-2.746699 0.404342 3.085287 2
-2.737836 0.453041 3.090536 2
-2.723882 0.491122 3.093455 2
-2.736300 0.574257 3.107130 2
-2.710386 0.588903 3.104782 2
-2.721960 0.666204 3.117524 2
-2.730884 0.736481 3.128849 2
-2.700498 0.741554 3.124443 2
-2.707570 0.805663 3.134615 2
-2.720942 0.877357 3.146919 2
-2.706795 0.905447 3.148499 2
-2.704669 0.950649 3.154506 2
-2.708896 1.003748 3.162697 2
-2.699478 1.036100 3.165697 2
-2.700504 1.082158 3.172381 2
-2.709181 1.137307 3.181631 2
-2.713114 1.184579 3.188988 2
-2.698801 1.206921 3.189798 2
-2.697183 1.245111 3.194967 2
-2.657147 1.234574 3.186873 2
-2.671545 1.291490 3.197367 2
-2.681432 1.341389 3.206127 2
-2.677685 1.373959 3.210180 2
-2.646335 1.374143 3.205082 2
-2.646658 1.410621 3.210380 2
-2.638571 1.437008 3.212864 2
-2.639092 1.472313 3.218043 2
-2.648268 1.516057 3.225856 2
-2.619661 1.519381 3.221702 2
-2.597777 1.530063 3.219712 2
-2.630306 1.595426 3.234466 2
-2.621363 1.618179 3.236337 2
-2.635160 1.662555 3.245032 2
-2.595967 1.655830 3.237751 2
-2.594862 1.685232 3.241880 2
-2.597166 1.717217 3.246942 2
-2.592830 1.742686 3.249993 2
-2.596982 1.775198 3.255445 2
-2.575169 1.784883 3.253397 2
-2.574981 1.812949 3.257517 2
-2.616776 1.875034 3.273358 2
-2.616797 1.901685 3.277318 2
-2.565579 1.887500 3.267093 2
-2.575371 1.921687 3.273738 2
-2.525401 1.909904 3.264085 2
-2.531231 1.940672 3.269609 2
-2.512757 1.953210 3.268580 2
-2.480452 1.956082 3.263931 2
-2.449217 1.960286 3.259658 2
-2.484324 2.010334 3.272717 2
-2.415273 1.989402 3.258736 2
-2.396498 2.002983 3.257858 2
-2.388860 2.023886 3.259839 2
-2.381377 2.044767 3.261849 2
-2.315003 2.029432 3.249170 2
-2.317030 2.056584 3.253635 2
-2.295942 2.069820 3.252385 2
-2.290338 2.092187 3.254948 2
-2.236978 2.087649 3.245978 2
-2.181187 2.082865 3.236603 2
-2.173183 2.104769 3.238749 2
-2.179867 2.134264 3.244348 2
-2.081028 2.109521 3.225259 2
-2.015844 2.103689 3.214307 2
-1.992829 2.119645 3.213250 2
-1.924765 2.114565 3.201990 2
-1.921427 2.140717 3.205572 2
-1.836680 2.130086 3.190899 2
-1.803678 2.143850 3.188004 2
-1.770728 2.158151 3.185212 2
-1.429939 2.045266 3.115245 2
-1.382215 2.058141 3.109989 2
-3.156702 -0.752807 3.046078 7
-3.146739 -0.642951 3.058005 8
-3.124358 -0.582016 3.061686 8
-3.190251 -0.236304 3.116291 8
-3.162295 -0.209021 3.114840 8
-3.148055 -0.140910 3.120888 6
-3.138759 -0.061783 3.129187 6
-3.120094 -0.013662 3.132001 6
-3.086416 -0.009431 3.126742 6
-3.055559 0.002856 3.122996 6
-3.018798 -0.000305 3.116313 6
-2.975718 -0.018639 3.106657 6
-2.945760 -0.002802 3.103561 6
-2.894936 -0.037269 3.090585 6
-2.872292 -0.003226 3.091063 6
-2.838182 0.003648 3.086180 6
-2.801176 0.004477 3.080060 6
-2.750822 -0.022864 3.068134 6
-2.710967 -0.025945 3.061071 6
-2.697220 0.025593 3.065353 6
-2.760157 0.229308 3.101864 2
-2.738181 0.257689 3.101849 2
-2.743413 0.337497 3.112950 2
-2.735435 0.389627 3.118330 2
-2.723880 0.433540 3.122078 2
-2.720261 0.490314 3.128804 2
-2.715487 0.543222 3.134857 2
-2.714120 0.600279 3.142018 2
-2.706510 0.645103 3.146590 2
-2.716739 0.717748 3.157691 2
-2.712725 0.765207 3.163219 2
-2.715904 0.822533 3.171211 2
-2.715544 0.872678 3.177707 2
-2.695915 0.892533 3.177149 2
-2.699229 0.945822 3.184675 2
-2.689886 0.979391 3.187594 2
-2.694875 1.032364 3.195373 2
-2.687760 1.067150 3.198834 2
-2.673072 1.090946 3.199650 2
-2.677288 1.139394 3.206746 2
-2.682343 1.187617 3.213958 2
-2.661263 1.201378 3.212466 2
-2.646995 1.223687 3.213201 2
-2.658029 1.276589 3.222015 2
-2.647549 1.302323 3.223827 2
-2.645006 1.336968 3.228090 2
-2.626455 1.352497 3.227292 2
-2.618023 1.379436 3.229622 2
-2.605058 1.400952 3.230526 2
-2.616313 1.448480 3.238721 2
-2.609979 1.476125 3.241507 2
-2.594826 1.494147 3.241632 2
-2.577724 1.510113 3.241188 2
-2.585940 1.551432 3.248114 2
-2.593630 1.591274 3.254769 2
-2.568196 1.598336 3.251860 2
-2.585226 1.645827 3.261016 2
-2.583750 1.674995 3.264833 2
-2.565699 1.688631 3.263990 2
-2.583257 1.734049 3.272972 2
-2.566101 1.748069 3.272340 2
-2.559999 1.771634 3.274720 2
-2.559128 1.799308 3.278474 2
-2.536930 1.809028 3.276511 2
-2.600012 1.887685 3.297057 2
-2.580014 1.898321 3.295574 2
-2.562183 1.910857 3.294694 2
-2.533378 1.915233 3.291030 2
-2.471533 1.895572 3.279041 2
-2.442522 1.901277 3.275557 2
-2.457075 1.938502 3.283050 2
-2.462675 1.968676 3.288218 2
-2.404088 1.954466 3.277535 2
-2.394424 1.974314 3.278984 2
-2.363659 1.980267 3.275331 2
-2.333961 1.987422 3.272020 2
-2.319338 2.004518 3.272375 2
-2.263254 1.996237 3.262974 2
-2.243897 2.011191 3.262347 2
-2.236703 2.033484 3.264581 2
-2.222993 2.051914 3.265309 2
-2.240337 2.087824 3.273139 2
-2.201605 2.092250 3.268188 2
-2.166154 2.099134 3.264089 2
-2.137691 2.110284 3.261646 2
-2.066184 2.099881 3.249785 2
-2.056413 2.121740 3.251662 2
-1.947051 2.095130 3.231945 2
-1.957609 2.127776 3.238391 2
-1.908021 2.132091 3.231942 2
-1.833835 2.126236 3.220444 2
-1.814549 2.145966 3.220696 2
-1.785156 2.161572 3.218889 2
-1.425155 2.040093 3.148998 2
-1.421970 2.102825 3.158203 2
-3.146125 -0.768010 3.089719 7
-3.137732 -0.652958 3.101333 8
-3.123480 -0.564868 3.108903 8
-3.193224 -0.209181 3.161293 8
-3.154835 -0.215864 3.154000 8
-3.152519 -0.111792 3.165491 6
-3.131653 -0.068136 3.166957 6
-3.111333 -0.024897 3.168489 6
-3.093978 0.024649 3.171262 6
-3.056734 0.018597 3.164336 6
-3.009490 -0.012474 3.152880 6
-2.988859 0.026329 3.153930 6
-2.945229 0.007054 3.144477 6
-2.913933 0.019094 3.140706 6
-2.866523 -0.006371 3.129952 6
-2.823646 -0.019481 3.121398 6
-2.792635 -0.004923 3.118029 6
-2.763766 0.014265 3.115569 6
-2.723767 0.009837 3.108559 6
-2.684761 0.008414 3.102083 6
-2.749878 0.216270 3.137018 2
-2.732013 0.252813 3.138454 2
-2.729527 0.317707 3.145720 2
-2.727716 0.381567 3.152992 2
-2.711914 0.417726 3.154769 2
-2.718770 0.493282 3.164844 2
-2.730803 0.575163 3.176511 2
-2.724852 0.623503 3.181353 2
-2.698652 0.636698 3.178821 2
-2.695925 0.688208 3.184584 2
-2.708645 0.762787 3.195553 2
-2.710902 0.818543 3.202639 2
-2.701288 0.854482 3.205502 2
-2.670029 0.857221 3.201006 2
-2.673948 0.911966 3.208277 2
-2.650565 0.925984 3.206400 2
-2.651124 0.973679 3.212326 2
-2.675963 1.053472 3.225913 2
-2.662948 1.079686 3.227163 2
-2.637018 1.088431 3.224314 2
-2.623628 1.113682 3.225420 2
-2.640835 1.177361 3.235922 2
-2.614831 1.185460 3.233028 2
-2.616550 1.227644 3.238558 2
-2.614199 1.263946 3.242758 2
-2.601750 1.287642 3.243886 2
-2.607059 1.331429 3.250197 2
-2.600377 1.360651 3.252906 2
-2.598736 1.394933 3.257016 2
-2.559706 1.388065 3.250406 2
-2.586968 1.452433 3.262622 2
-2.558282 1.456746 3.258985 2
-2.568205 1.500920 3.266109 2
-2.586692 1.552599 3.275458 2
-2.548514 1.547326 3.269248 2
-2.554584 1.585464 3.275076 2
-2.556466 1.618824 3.279692 2
-2.534295 1.629286 3.277877 2
-2.553050 1.677115 3.286833 2
-2.529313 1.685944 3.284606 2
-2.547340 1.731503 3.293186 2
-2.511036 1.729486 3.287766 2
-2.502563 1.751536 3.289497 2
-2.478938 1.760939 3.287416 2
-2.484726 1.794340 3.292701 2
-2.551615 1.875340 3.312972 2
-2.532717 1.887426 3.311954 2
-2.481611 1.875275 3.303172 2
-2.478750 1.900133 3.306147 2
-2.427782 1.889672 3.297640 2
-2.431079 1.919035 3.302110 2
-2.422595 1.939696 3.303771 2
-2.390875 1.944348 3.300036 2
-2.353679 1.945881 3.295130 2
-2.321293 1.951267 3.291432 2
-2.330190 1.983701 3.297163 2
-2.315714 2.000874 3.297583 2
-2.272083 2.000198 3.291542 2
-2.270917 2.025898 3.294999 2
-2.207010 2.014429 3.284709 2
-2.235857 2.057647 3.294738 2
-2.199971 2.063439 3.290714 2
-2.181719 2.079543 3.290553 2
-2.148037 2.087543 3.287169 2
-2.127200 2.102839 3.286572 2
-1.097290 1.601993 3.076363 2
-2.048251 2.115537 3.277845 2
-2.000672 2.118978 3.271999 2
-1.996925 2.144139 3.275172 2
-1.895649 2.123925 3.258755 2
-1.866293 2.138338 3.256981 2
-1.812464 2.142413 3.250457 2
-1.776256 2.155038 3.247543 2
-1.437609 2.042110 3.186092 2
-1.342685 2.035521 3.172611 2
-3.110530 -0.725979 3.135251 7
-3.214270 -0.241314 3.202459 8
-3.180881 -0.231867 3.197850 8
-3.151531 -0.209698 3.195250 8
-3.155369 -0.087862 3.208481 6
-3.127789 -0.064973 3.206297 6
-3.105425 -0.027973 3.206460 6
-3.035982 -0.122149 3.185285 6
-3.040855 -0.011415 3.197630 6
-3.010276 0.001628 3.194025 6
-2.973928 0.000088 3.187983 6
-2.944565 0.016484 3.184973 6
-2.910713 0.021992 3.180121 6
-2.871315 0.015028 3.173088 6
-2.836506 0.019537 3.168024 6
-2.805081 0.032012 3.164366 6
-2.757252 0.009309 3.154397 6
-2.715068 0.000306 3.146803 6
-2.688288 0.024012 3.145147 6
-2.728246 0.180605 3.168194 2
-2.720908 0.238314 3.173269 2
-2.721315 0.308793 3.180945 2
-2.730845 0.393697 3.191613 2
-2.709904 0.420057 3.191264 2
-2.710974 0.485021 3.198510 2
-2.701396 0.529291 3.201894 2
-2.689824 0.568905 3.204486 2
-2.670913 0.595281 3.204534 2
-2.678934 0.664970 3.213437 2
-2.666661 0.700077 3.215489 2
-2.664542 0.750170 3.220743 2
-2.661575 0.797533 3.225586 2
-2.670019 0.860609 3.233898 2
-2.640062 0.865619 3.230044 2
-2.618900 0.883663 3.228971 2
-2.613360 0.923525 3.232671 2
-2.634503 0.999077 3.244331 2
-2.606764 1.006462 3.241147 2
-2.619768 1.067921 3.250058 2
-2.620448 1.111655 3.255178 2
-2.593078 1.118766 3.252071 2
-2.596582 1.164570 3.257871 2
-2.599150 1.208079 3.263289 2
-2.602856 1.251882 3.268922 2
-2.555216 1.234545 3.260163 2
-2.544026 1.260331 3.261617 2
-2.571437 1.329181 3.273582 2
-2.564271 1.357880 3.275979 2
-2.558287 1.387388 3.278655 2
-2.522015 1.384277 3.273255 2
-2.558743 1.457855 3.287147 2
-2.549569 1.482432 3.288842 2
-2.543519 1.509828 3.291323 2
-2.529963 1.529451 3.291852 2
-2.529839 1.561885 3.295787 2
-2.517491 1.582189 3.296596 2
-2.533219 1.628334 3.304391 2
-2.515065 1.642614 3.303708 2
-2.519741 1.677302 3.308633 2
-2.485248 1.677139 3.304000 2
-2.497631 1.717732 3.310722 2
-2.477734 1.730349 3.309663 2
-2.518172 1.792738 3.322878 2
-2.482591 1.792099 3.318103 2
-2.511712 1.843256 3.328434 2
-2.480696 1.846515 3.324786 2
-2.458870 1.857296 3.323318 2
-2.442967 1.872740 3.323237 2
-2.446728 1.902590 3.327586 2
-2.417074 1.908100 3.324466 2
-2.373355 1.904274 3.318330 2
-2.343430 1.910785 3.315337 2
-2.340540 1.935906 3.318274 2
-2.340493 1.962620 3.321801 2
-2.285939 1.953973 3.313704 2
-2.274597 1.973655 3.314890 2
-2.266833 1.995514 3.316837 2
-2.212554 1.989259 3.309143 2
-2.209458 2.014256 3.312133 2
-2.194619 2.032261 3.312716 2
-2.162209 2.040457 3.309778 2
-2.147501 2.058923 3.310473 2
-2.141509 2.082156 3.312926 2
-2.121091 2.097682 3.312538 2
-1.150896 1.626502 3.126964 2
-1.135733 1.656717 3.129308 2
-1.151209 1.701885 3.137545 2
-1.949866 2.119439 3.294466 2
-1.909916 2.128117 3.290798 2
-1.878154 2.141189 3.288772 2
-1.791767 2.130653 3.276731 2
-1.776216 2.152300 3.277943 2
-1.722278 2.158005 3.272216 2
-1.428023 2.066922 3.223394 2
-3.110961 -0.702995 3.184158 7
-3.081647 -0.664617 3.182863 8
-3.156801 -0.292111 3.229471 8
-3.141142 -0.225662 3.233057 8
-3.120440 -0.177911 3.234123 8
-3.106103 -0.113848 3.237758 6
-3.085309 -0.071226 3.238389 6
-3.068814 -0.018637 3.240665 6
-3.053743 0.035389 3.243329 6
-3.011096 0.015685 3.234730 6
-2.994110 0.062314 3.236450 6
-2.932223 -0.002743 3.220599 6
-2.899056 0.004760 3.216138 6
-2.869666 0.021338 3.213154 6
-2.835750 0.027557 3.208510 6
-2.797066 0.023693 3.202193 6
-2.762941 0.030528 3.197630 6
-2.721834 0.023153 3.190660 6
-2.679675 0.014729 3.183457 6
-2.723172 0.178081 3.205897 2
-2.703380 0.211374 3.206177 2
-2.717015 0.307332 3.217614 2
-2.704900 0.351804 3.220187 2
-2.677388 0.367038 3.217622 2
-2.668964 0.416127 3.221249 2
-2.673385 0.486002 3.228850 2
-2.651878 0.509553 3.228069 2
-2.664929 0.590077 3.238042 2
-2.643581 0.612007 3.237170 2
-2.628377 0.643437 3.238166 2
-2.638073 0.712920 3.246613 2
-2.622044 0.741024 3.247201 2
-2.623004 0.793942 3.252761 2
-2.597666 0.806973 3.250532 2
-2.598493 0.857531 3.255877 2
-2.634541 0.956016 3.271140 2
-2.610774 0.969127 3.269206 2
-2.591131 0.987899 3.268458 2
-2.569383 1.003801 3.267139 2
-2.554651 1.028784 3.267764 2
-2.554752 1.072209 3.272394 2
-2.566738 1.129327 3.280122 2
-2.556871 1.158285 3.281897 2
-2.550688 1.191155 3.284610 2
-2.554457 1.235029 3.289868 2
-2.553420 1.272341 3.293793 2
-2.560256 1.317706 3.299663 2
-2.541666 1.333934 3.298993 2
-2.546228 1.375207 3.304153 2
-2.506359 1.368435 3.298186 2
-2.512587 1.410495 3.303691 2
-2.493194 1.425473 3.302857 2
-2.520875 1.487605 3.313434 2
-2.479626 1.480407 3.307318 2
-2.489760 1.523563 3.313529 2
-2.492053 1.558329 3.317801 2
-2.488334 1.586856 3.320612 2
-2.475073 1.606291 3.321185 2
-2.457817 1.622086 3.320852 2
-2.464969 1.659236 3.326089 2
-2.467277 1.691479 3.330164 2
-2.471428 1.724688 3.334601 2
-2.458020 1.742842 3.335099 2
-2.459735 1.773156 3.338927 2
-2.476315 1.814707 3.345944 2
-2.478285 1.843989 3.349715 2
-2.445935 1.846743 3.346117 2
-2.421265 1.855791 3.344233 2
-2.391378 1.861381 3.341314 2
-2.403773 1.897656 3.347271 2
-2.400889 1.922502 3.350003 2
-2.337953 1.905923 3.340439 2
-2.310046 1.914276 3.338171 2
-2.326224 1.952015 3.344834 2
-2.284111 1.951472 3.339804 2
-2.265053 1.966257 3.339448 2
-2.229995 1.971370 3.336002 2
-2.197100 1.978396 3.333072 2
-2.171494 1.990268 3.331634 2
-2.196172 2.031482 3.339847 2
-2.163920 2.039667 3.337198 2
-2.157113 2.062398 3.339403 2
-2.150661 2.085204 3.341677 2
-2.094175 2.081576 3.334749 2
-1.980357 2.049621 3.317537 2
-1.957666 2.065866 3.317146 2
-1.956057 2.092700 3.320587 2
-1.151713 1.736056 3.181580 2
-1.218131 1.803611 3.198257 2
-1.198818 1.830359 3.199765 2
-1.845515 2.151780 3.316278 2
-1.777177 2.150001 3.308426 2
-1.711929 2.150840 3.301304 2
-3.100138 -0.718888 3.227460 7
-3.051447 -0.744511 3.217543 7
-3.067147 -0.561588 3.234928 8
-3.054287 -0.478172 3.239684 8
-3.106400 -0.204579 3.270333 8
-3.093506 -0.135938 3.273941 6
-3.079479 -0.073926 3.276857 6
-3.049235 -0.059180 3.273366 6
-3.043109 0.019400 3.278946 6
-2.996903 -0.009088 3.269453 6
-2.969964 0.012983 3.267175 6
-2.934097 0.012792 3.261696 6
-2.897850 0.012414 3.256175 6
-2.861017 0.011412 3.250543 6
-2.836121 0.038041 3.249083 6
-2.791984 0.021835 3.241124 6
-2.755601 0.023741 3.235901 6
-2.721878 0.031835 3.231634 6
-2.663837 -0.009231 3.219576 6
-2.616362 -0.026600 3.211152 6
-2.587914 -0.005475 3.208884 6
-2.538438 -0.024417 3.200097 6
-2.628945 0.217481 3.234427 2
-2.640554 0.306416 3.243978 2
-2.639560 0.369801 3.249495 2
-2.607054 0.376581 3.245530 2
-2.615582 0.453204 3.253632 2
-2.596277 0.481145 3.253479 2
-2.594024 0.536209 3.258184 2
-2.595171 0.595023 3.263729 2
-2.601245 0.659701 3.270516 2
-2.597581 0.707568 3.274449 2
-2.585188 0.741143 3.275899 2
-2.568203 0.767324 3.276066 2
-2.552432 0.794843 3.276547 2
-2.563393 0.859307 3.284106 2
-2.565924 0.910298 3.289294 2
-2.552761 0.938843 3.290296 2
-2.557627 0.990639 3.295918 2
-2.542701 1.015520 3.296387 2
-2.537517 1.052397 3.299309 2
-2.526102 1.080764 3.300620 2
-2.528846 1.125888 3.305417 2
-2.502612 1.135389 3.303023 2
-2.514409 1.189611 3.309921 2
-2.491735 1.202908 3.308404 2
-2.525602 1.279871 3.320405 2
-2.500512 1.289576 3.318270 2
-2.492918 1.318464 3.320281 2
-2.483006 1.344446 3.321731 2
-2.484450 1.381895 3.325780 2
-2.483718 1.416352 3.329275 2
-2.486080 1.453245 3.333422 2
-2.476176 1.477357 3.334769 2
-2.460858 1.496000 3.334910 2
-2.454157 1.522721 3.336961 2
-2.469689 1.569653 3.343837 2
-2.459592 1.592202 3.345081 2
-2.439664 1.605805 3.344223 2
-2.471533 1.664748 3.354383 2
-2.434794 1.663393 3.349972 2
-2.450858 1.707061 3.356660 2
-2.415406 1.707343 3.352620 2
-2.423231 1.743197 3.357535 2
-2.385020 1.741953 3.353050 2
-2.433573 1.808687 3.366120 2
-2.439904 1.841426 3.370574 2
-2.416249 1.851245 3.369054 2
-2.384201 1.855254 3.365946 2
-2.373087 1.874779 3.366988 2
-2.355545 1.889747 3.366807 2
-2.330539 1.899730 3.365237 2
-2.297439 1.904623 3.362199 2
-2.248416 1.899616 3.356266 2
-2.251805 1.929352 3.360210 2
-2.240614 1.949463 3.361437 2
-2.240355 1.976283 3.364676 2
-2.210939 1.985190 3.362625 2
-2.201396 2.006286 3.364213 2
-2.159015 2.008362 3.359982 2
-2.152166 2.031283 3.362124 2
-2.121167 2.040755 3.360060 2
-2.126655 2.070393 3.364386 2
-2.061876 2.062591 3.356647 2
-1.966467 2.040347 3.343902 2
-1.946323 2.057965 3.344095 2
-1.934552 2.079898 3.345732 2
-1.919692 2.100365 3.346884 2
-1.851423 2.096001 3.339342 2
-1.213503 1.833833 3.239797 2
-1.265615 1.892116 3.252836 2
-1.630885 2.084122 3.315425 2
-1.717920 2.150529 3.333131 2
-3.042533 -0.753522 3.262361 7
-3.034507 -0.646934 3.268620 8
-3.047190 -0.482647 3.282230 8
-3.025297 -0.431087 3.282512 8
-3.076707 -0.170013 3.309074 6
-3.059566 -0.116115 3.310326 6
-3.047265 -0.051506 3.313122 6
-3.025643 -0.014544 3.312542 6
-3.010683 0.038139 3.314140 6
-2.954825 -0.013529 3.302040 6
-2.940525 0.039265 3.303813 6
-2.894758 0.015539 3.295331 6
-2.861449 0.022443 3.290982 6
-2.834300 0.043526 3.288622 6
-2.794920 0.037506 3.282494 6
-2.741814 0.003226 3.272296 6
-2.711309 0.018371 3.269109 6
-2.661432 -0.005812 3.260209 6
-2.627272 0.003050 3.256096 6
-2.595148 0.016191 3.252634 6
-2.538025 -0.017790 3.242069 6
-2.495193 -0.023051 3.235760 6
-2.601824 0.242612 3.271311 3
-2.588087 0.284684 3.272786 2
-2.588168 0.349488 3.277976 2
-2.582436 0.402371 3.281462 2
-2.573151 0.447814 3.283905 2
-2.542532 0.457529 3.280645 2
-2.575830 0.568700 3.294142 2
-2.547553 0.580509 3.291425 2
-2.542366 0.627548 3.294663 2
-2.544000 0.683476 3.299555 2
-2.543870 0.735239 3.303901 2
-2.526543 0.761066 3.303889 2
-2.525691 0.809541 3.307923 2
-2.512908 0.840425 3.308976 2
-2.511830 0.886453 3.312830 2
-2.503293 0.921530 3.314833 2
-2.515233 0.982281 3.321641 2
-2.508956 1.018309 3.324062 2
-2.508309 1.060566 3.327750 2
-2.459256 1.043069 3.320262 2
-2.491411 1.123603 3.331399 2
-2.453704 1.120135 3.326593 2
-2.501228 1.215046 3.340923 2
-2.462926 1.210613 3.336012 2
-2.487456 1.276200 3.344983 2
-2.471625 1.296349 3.345037 2
-2.451472 1.311810 3.344175 2
-2.451641 1.348458 3.347683 2
-2.454963 1.387590 3.351814 2
-2.442049 1.409668 3.352487 2
-2.441288 1.443486 3.355693 2
-2.450648 1.486417 3.360948 2
-2.437357 1.507015 3.361509 2
-2.446898 1.548616 3.366702 2
-2.415894 1.552513 3.363698 2
-2.417574 1.586017 3.367267 2
-2.405653 1.607050 3.368120 2
-2.411849 1.643460 3.372520 2
-2.419159 1.680088 3.377087 2
-2.376240 1.674659 3.371967 2
-2.399052 1.723160 3.379463 2
-2.374950 1.733371 3.378016 2
-2.395018 1.778128 3.384875 2
-2.380483 1.795538 3.385238 2
-2.356940 1.806264 3.383974 2
-2.353393 1.831878 3.386403 2
-2.354118 1.860253 3.389592 2
-2.350391 1.885102 3.391964 2
-2.307403 1.882742 3.387378 2
-2.301670 1.906276 3.389448 2
-2.249586 1.899103 3.383459 2
-2.258260 1.932173 3.388087 2
-2.228331 1.940308 3.386079 2
-2.208017 1.954853 3.385777 2
-2.171348 1.959729 3.382781 2
-2.145317 1.971534 3.381651 2
-2.135494 1.993071 3.383256 2
-2.127678 2.015686 3.385206 2
-2.096644 2.025368 3.383416 2
-2.104673 2.056638 3.387961 2
-1.965579 2.009777 3.369149 2
-1.951455 2.030474 3.370369 2
-1.906110 2.035515 3.366766 2
-1.880004 2.050824 3.366253 2
-1.869916 2.074161 3.368253 2
-1.891438 2.112252 3.375050 2
-1.828711 2.111166 3.369177 2
-1.813226 2.132278 3.370478 2
-1.772107 2.142403 3.368063 2
-3.018526 -0.811925 3.302053 7
-2.977110 -0.809908 3.295831 7
-3.027339 -0.526212 3.320522 8
-3.006811 -0.469635 3.320843 8
-2.996869 -0.385281 3.324484 8
-3.061165 -0.097911 3.351640 6
-3.034813 -0.072327 3.349322 6
-3.003541 -0.060460 3.345470 6
-2.999256 0.020498 3.349896 6
-2.969516 0.034359 3.346467 6
-2.934869 0.036279 3.341617 6
-2.895993 0.028823 3.335604 6
-2.857289 0.022844 3.329748 6
-2.823277 0.028372 3.325330 6
-2.782073 0.018648 3.318957 6
-2.743502 0.015719 3.313431 6
-2.711124 0.026509 3.309698 6
-2.668007 0.015762 3.303109 6
-2.635170 0.026584 3.299393 6
-2.587825 0.009628 3.291894 6
-2.541252 -0.004340 3.284740 6
-2.502858 -0.001836 3.279836 6
-2.465988 0.004073 3.275406 6
-2.538069 0.202466 3.298605 2
-2.526872 0.249408 3.300452 2
-2.521832 0.305431 3.303769 2
-2.521183 0.367020 3.308079 2
-2.502674 0.397887 3.307961 2
-2.517182 0.480346 3.315758 2
-2.501910 0.514006 3.316319 2
-2.503317 0.572248 3.320787 2
-2.461618 0.564852 3.315128 2
-2.493532 0.665442 3.326550 2
-2.475063 0.690933 3.326250 2
-2.501679 0.778987 3.336152 2
-2.483417 0.802865 3.335820 2
-2.459571 0.818997 3.334260 2
-2.461638 0.869207 3.338432 2
-2.460685 0.914244 3.341877 2
-2.440237 0.933601 3.341063 2
-2.442148 0.980554 3.345054 2
-2.449761 1.033288 3.350192 2
-2.427653 1.049305 3.349013 2
-2.459430 1.128251 3.359076 2
-2.426936 1.131304 3.355728 2
-2.435998 1.181546 3.360944 2
-2.421499 1.204613 3.361316 2
-2.408492 1.229086 3.361999 2
-2.437902 1.298217 3.371123 2
-2.426017 1.322505 3.371969 2
-2.390797 1.322768 3.368264 2
-2.386202 1.354303 3.370575 2
-2.386463 1.390085 3.373801 2
-2.397115 1.435183 3.378971 2
-2.381183 1.454180 3.379064 2
-2.374930 1.482092 3.380990 2
-2.380230 1.520112 3.385049 2
-2.382465 1.554643 3.388501 2
-2.362444 1.569121 3.387872 2
-2.374015 1.610778 3.392982 2
-2.371319 1.639556 3.395481 2
-2.362826 1.663151 3.396940 2
-2.335704 1.671504 3.395133 2
-2.372271 1.730631 3.404478 2
-2.326955 1.724656 3.399563 2
-2.329770 1.756225 3.403000 2
-2.333060 1.787632 3.406492 2
-2.321072 1.807370 3.407391 2
-2.313463 1.830191 3.409041 2
-2.281971 1.836097 3.406760 2
-2.285589 1.866639 3.410296 2
-2.269436 1.883405 3.410608 2
-2.228885 1.884186 3.407040 2
-2.230061 1.912648 3.410213 2
-2.184917 1.911478 3.406077 2
-2.173350 1.931939 3.407301 2
-2.172834 1.959060 3.410257 2
-2.134130 1.963268 3.407359 2
-2.130422 1.988426 3.409871 2
-2.091500 1.993434 3.407097 2
-1.983001 1.960613 3.394080 2
-1.986780 1.990956 3.397907 2
-1.948707 1.998781 3.395612 2
-1.928166 2.016303 3.395952 2
-1.916215 2.038371 3.397573 2
-1.876391 2.046724 3.395279 2
-1.847130 2.060829 3.394575 2
-1.851751 2.091236 3.398650 2
-1.772222 2.082817 3.391159 2
-1.470830 1.977152 3.353761 2
-3.016370 -0.798530 3.349850 7
-2.959787 -0.844986 3.339103 7
-3.005406 -0.575750 3.359181 8
-3.013354 -0.433870 3.367418 8
-2.983557 -0.408046 3.364361 8
-3.034683 -0.157966 3.384429 6
-3.024721 -0.086629 3.386637 6
-3.014609 -0.019042 3.388674 6
-2.992810 0.015670 3.387393 6
-2.963742 0.031145 3.384125 6
-2.915782 0.000886 3.375854 6
-2.892766 0.031521 3.374311 6
-2.858511 0.035545 3.369841 6
-2.816964 0.023799 3.363565 6
-2.767624 -0.003600 3.355424 6
-2.756031 0.051125 3.356905 6
-2.698094 0.008008 3.346831 6
-2.660863 0.009498 3.342030 6
-2.609205 -0.016803 3.333813 6
-2.572128 -0.013047 3.329247 6
-2.553793 0.026565 3.329202 6
-2.504645 0.008461 3.321909 6
-2.471757 0.021167 3.318528 6
-2.421777 0.004026 3.311274 6
-2.380977 0.004203 3.306244 6
-2.483159 0.245740 3.333511 2
-2.482582 0.308514 3.337315 2
-2.449087 0.316317 3.333770 2
-2.467396 0.406251 3.341620 2
-2.455881 0.447107 3.342860 2
-2.461200 0.512464 3.347688 2
-2.445787 0.545150 3.348022 2
-2.415003 0.554914 3.345119 2
-2.441542 0.646509 3.354231 2
-2.416377 0.663109 3.352498 2
-2.440947 0.747664 3.360990 2
-2.418327 0.766424 3.359762 2
-2.429423 0.829371 3.365347 2
-2.422071 0.866825 3.367168 2
-2.418288 0.908012 3.369676 2
-2.402695 0.933692 3.369842 2
-2.402006 0.977137 3.372912 2
-2.399627 1.017591 3.375621 2
-2.375674 1.032031 3.374188 2
-2.393910 1.094849 3.380770 2
-2.376048 1.115475 3.380497 2
-2.360493 1.138544 3.380679 2
-2.371851 1.190467 3.385831 2
-2.382483 1.240342 3.390783 2
-2.380777 1.276204 3.393444 2
-2.372768 1.304970 3.394953 2
-2.354558 1.323144 3.394649 2
-2.365371 1.369761 3.399488 2
-2.321936 1.363154 3.394802 2
-2.330012 1.406071 3.399137 2
-2.335323 1.445505 3.402953 2
-2.308325 1.454828 3.401239 2
-2.331666 1.509301 3.408069 2
-2.308224 1.521573 3.406998 2
-2.321962 1.565912 3.412133 2
-2.318728 1.595017 3.414426 2
-2.292834 1.605062 3.413028 2
-2.300209 1.642297 3.417052 2
-2.291753 1.666286 3.418511 2
-2.298126 1.701579 3.422329 2
-2.264216 1.705584 3.419798 2
-2.273391 1.742299 3.424047 2
-2.269662 1.768884 3.426272 2
-2.249715 1.783553 3.426023 2
-2.284805 1.837016 3.434140 2
-2.239192 1.833614 3.430062 2
-2.213213 1.844344 3.429016 2
-2.207054 1.868501 3.430948 2
-2.181278 1.879797 3.430033 2
-2.163563 1.896539 3.430346 2
-2.123553 1.899615 3.427517 2
-2.151459 1.944550 3.434400 2
-2.103619 1.943536 3.430590 2
-2.062712 1.947462 3.427870 2
-2.002789 1.941338 3.422647 2
-1.978048 1.955923 3.422368 2
-1.960014 1.974454 3.423056 2
-1.948832 1.996761 3.424704 2
-1.897167 1.998105 3.421044 2
-1.886503 2.021131 3.422873 2
-1.880134 2.046252 3.425285 2
-1.783677 2.027878 3.416209 2
-1.785611 2.057719 3.419829 2
-1.496651 1.954001 3.387090 2
-1.337596 1.914696 3.371201 2
-2.963822 -0.812732 3.388853 7
-2.940498 -0.755390 3.387695 7
-2.973100 -0.536177 3.400963 8
-2.974483 -0.418540 3.405819 8
-3.027466 -0.164191 3.423480 6
-3.011892 -0.108195 3.423572 6
-2.991400 -0.067519 3.422400 6
-2.969235 -0.032654 3.420803 6
-2.962480 0.039091 3.422895 6
-2.928075 0.041191 3.418348 6
-2.886582 0.027265 3.412209 6
-2.856511 0.040805 3.408821 6
-2.816702 0.032699 3.403247 6
-2.782974 0.038884 3.399145 6
-2.735790 0.017008 3.392090 6
-2.700149 0.020728 3.387721 6
-2.651832 -0.000548 3.380640 6
-2.601206 -0.024638 3.373183 6
-2.564976 -0.019206 3.368958 6
-2.546821 0.020676 3.368654 6
-2.503485 0.013294 3.363034 6
-2.437659 -0.033361 3.352816 6
-2.430436 0.025653 3.354912 6
-2.379533 0.007894 3.348012 6
-2.349334 0.026454 3.345443 6
-2.417344 0.206425 3.362680 2
-2.411801 0.261238 3.364941 2
-2.421168 0.337992 3.370110 2
-2.409472 0.379823 3.371068 2
-2.420014 0.454257 3.376330 2
-2.402267 0.484534 3.376067 2
-2.403386 0.541654 3.379414 2
-2.384735 0.569127 3.378978 2
-2.379225 0.614511 3.381023 2
-2.356202 0.634932 3.379795 2
-2.365373 0.698305 3.384527 2
-2.374112 0.759346 3.389116 2
-2.377057 0.811272 3.392594 2
-2.364654 0.842552 3.393278 2
-2.373047 0.899015 3.397667 2
-2.344570 0.909346 3.395502 2
-2.334003 0.941259 3.396525 2
-2.320472 0.969205 3.397040 2
-2.349994 1.045992 3.404963 2
-2.318024 1.051638 3.402304 2
-2.342981 1.120359 3.409327 2
-2.309299 1.123938 3.406440 2
-2.328105 1.183613 3.412339 2
-2.317976 1.211708 3.413405 2
-2.322132 1.253985 3.416810 2
-2.291765 1.260888 3.414604 2
-2.322610 1.328214 3.422279 2
-2.312936 1.354754 3.423412 2
-2.284859 1.363643 3.421659 2
-2.305637 1.418094 3.427598 2
-2.267182 1.417451 3.424297 2
-2.290898 1.472880 3.430629 2
-2.266251 1.484703 3.429528 2
-2.234472 1.490690 3.427408 2
-2.258469 1.544018 3.433696 2
-2.256357 1.574537 3.436044 2
-2.234911 1.589004 3.435552 2
-2.252894 1.634874 3.440841 2
-2.246261 1.660599 3.442529 2
-2.250883 1.694634 3.445833 2
-2.220811 1.702203 3.444212 2
-2.248044 1.752135 3.450694 2
-2.235502 1.772350 3.451578 2
-2.209307 1.782937 3.450612 2
-2.202318 1.807091 3.452326 2
-2.156158 1.804658 3.448771 2
-2.140217 1.823081 3.449371 2
-2.162803 1.866476 3.455105 2
-2.123136 1.869501 3.452625 2
-2.123851 1.898261 3.455483 2
-2.051410 1.882299 3.448946 2
-2.069985 1.921906 3.454163 2
-2.037476 1.931051 3.452906 2
-1.971650 1.921790 3.447587 2
-1.966942 1.947812 3.449969 2
-1.927116 1.954580 3.448083 2
-1.918814 1.978754 3.450105 2
-1.864507 1.978991 3.446663 2
-1.831016 1.990791 3.445822 2
-1.771113 1.990053 3.441991 2
-1.569657 1.922163 3.421992 2
-1.494763 1.918296 3.416959 2
-1.438588 1.924474 3.414238 2
-1.325417 1.906147 3.405320 2
-2.922554 -0.791391 3.431090 7
-2.952111 -0.581143 3.441230 8
-2.963382 -0.434723 3.447041 8
-3.017622 -0.177626 3.462069 6
-2.997221 -0.134542 3.460591 6
-2.991985 -0.053705 3.462354 6
-2.956059 -0.054318 3.457553 6
-2.876126 -0.162583 3.443605 6
-2.927200 0.049649 3.457081 6
-2.878126 0.017720 3.449705 6
-2.841620 0.016698 3.445008 6
-2.817697 0.044323 3.442920 6
-2.752291 -0.018420 3.432579 6
-2.715687 -0.016640 3.428112 6
-2.677426 -0.017636 3.423393 6
-2.639521 -0.017143 3.418819 6
-2.623414 0.026843 3.418514 6
-2.576525 0.010516 3.412343 6
-2.513331 -0.034881 3.403196 6
-2.483289 -0.016768 3.400418 6
-2.478576 0.046664 3.402392 6
-2.410410 -0.003056 3.392654 6
-2.383686 0.021151 3.390650 6
-2.313755 -0.027333 3.380866 6
-2.294255 0.009774 3.380307 6
-2.268795 0.036549 3.378705 6
-2.350203 0.231050 3.396004 2
-2.353555 0.298099 3.399366 2
-2.350901 0.354098 3.401644 2
-2.352352 0.414635 3.404605 2
-2.336862 0.448953 3.404640 2
-2.330219 0.495185 3.406190 2
-2.335063 0.556283 3.409662 2
-2.308730 0.573227 3.407902 2
-2.317213 0.636733 3.411943 2
-2.287546 0.648544 3.409688 2
-2.322468 0.743531 3.417989 2
-2.313365 0.780160 3.419081 2
-2.277637 0.783237 3.415921 2
-2.289305 0.844286 3.420354 2
-2.285100 0.884884 3.422243 2
-2.294283 0.940241 3.426216 2
-2.258593 0.942967 3.423209 2
-2.284671 1.015505 3.429756 2
-2.261247 1.031620 3.428692 2
-2.285947 1.099723 3.434936 2
-2.272114 1.125223 3.435342 2
-2.215432 1.106022 3.429415 2
-2.276875 1.208503 3.440996 2
-2.236381 1.206059 3.437547 2
-2.240691 1.248320 3.440670 2
-2.223638 1.269185 3.440711 2
-2.255194 1.335824 3.447696 2
-2.227386 1.345767 3.446232 2
-2.205793 1.361702 3.445698 2
-2.218953 1.408705 3.450024 2
-2.231619 1.454232 3.454244 2
-2.204338 1.464557 3.452997 2
-2.190183 1.486254 3.453581 2
-2.175377 1.507338 3.454110 2
-2.169329 1.535445 3.455830 2
-2.175166 1.572649 3.459122 2
-2.207611 1.629846 3.465855 2
-2.193684 1.650273 3.466539 2
-2.183151 1.673200 3.467688 2
-2.162844 1.688847 3.467629 2
-2.159821 1.717054 3.469780 2
-2.154343 1.743207 3.471635 2
-2.171584 1.784754 3.476291 2
-2.133561 1.788150 3.474196 2
-2.175654 1.845156 3.481825 2
-2.097877 1.823074 3.475091 2
-2.108757 1.858914 3.478989 2
-2.094150 1.878301 3.479894 2
-2.060933 1.886433 3.478692 2
-2.011339 1.885365 3.475705 2
-1.977964 1.894676 3.474676 2
-1.971516 1.919824 3.476739 2
-1.960521 1.942290 3.478322 2
-1.866526 1.919596 3.470874 2
-1.836125 1.932708 3.470530 2
-1.726709 1.905231 3.461834 2
-1.760551 1.952753 3.468530 2
-1.560774 1.883468 3.450795 2
-1.499912 1.885774 3.447876 2
-1.438834 1.889105 3.445095 2
-2.888268 -0.750754 3.474454 7
-2.939118 -0.488029 3.486159 8
-2.938289 -0.381857 3.488064 8
-2.986032 -0.151399 3.498858 6
-2.963668 -0.114959 3.496673 6
-2.928778 -0.111411 3.492247 6
-2.892219 -0.111453 3.487585 6
-2.914239 0.029169 3.493426 6
-2.874740 0.020025 3.488299 6
-2.835578 0.012798 3.483309 6
-2.789747 -0.008119 3.477235 6
-2.761152 0.009856 3.474231 6
-2.721843 0.005129 3.469439 6
-2.673402 -0.017414 3.463170 6
-2.628934 -0.030207 3.457671 6
-2.595808 -0.019467 3.454161 6
-2.572780 0.010834 3.452390 6
-2.542440 0.026833 3.449448 6
-2.501976 0.024356 3.444902 6
-2.432989 -0.028238 3.435796 6
-2.417216 0.015244 3.435427 6
-2.386131 0.031432 3.432625 6
-2.335056 0.014250 3.426700 6
-2.290050 0.008517 3.421838 6
-2.240866 -0.002883 3.416411 6
-2.218014 0.028333 3.415179 6
-2.166578 0.015128 3.409573 6
-2.263449 0.226613 3.426802 2
-2.272894 0.301346 3.430499 2
-2.266357 0.350742 3.431750 2
-2.269445 0.412564 3.434449 2
-2.268810 0.467526 3.436578 2
-2.246507 0.491589 3.435501 2
-2.252018 0.552568 3.438541 2
-2.230299 0.576309 3.437603 2
-2.256115 0.660835 3.443565 2
-2.228599 0.675784 3.441828 2
-2.235072 0.732814 3.444975 2
-2.211182 0.751684 3.443823 2
-2.243762 0.837561 3.450618 2
-2.213360 0.847633 3.448598 2
-2.224074 0.904985 3.452301 2
-2.199732 0.921658 3.451191 2
-2.182108 0.945820 3.451041 2
-2.186132 0.993143 3.453838 2
-2.176250 1.024729 3.454770 2
-2.189610 1.079979 3.458796 2
-2.194050 1.124821 3.461623 2
-2.190407 1.160650 3.463389 2
-2.163451 1.173040 3.462157 2
-2.195105 1.242029 3.468478 2
-2.172581 1.258093 3.467863 2
-2.165602 1.288674 3.469252 2
-2.123974 1.287414 3.466341 2
-2.177447 1.371613 3.475267 2
-2.152780 1.385154 3.474515 2
-2.122772 1.394362 3.473172 2
-2.128126 1.433696 3.476148 2
-2.132241 1.471281 3.478968 2
-2.136712 1.508488 3.481824 2
-2.119942 1.528208 3.482193 2
-2.134967 1.572653 3.486283 2
-2.099561 1.577737 3.484563 2
-2.107862 1.616060 3.487889 2
-2.108340 1.647954 3.490322 2
-2.109410 1.679818 3.492826 2
-2.108878 1.710101 3.495157 2
-2.125650 1.751911 3.499383 2
-2.078717 1.749843 3.496699 2
-2.085245 1.784046 3.499840 2
-2.065332 1.800564 3.500178 2
-2.049789 1.820025 3.501026 2
-2.078327 1.866919 3.506477 2
-2.037857 1.870765 3.504811 2
-2.006608 1.880814 3.504179 2
-1.974036 1.890567 3.503495 2
-1.898231 1.876202 3.498621 2
-1.826058 1.865446 3.494288 2
-1.798226 1.880309 3.494413 2
-1.732401 1.875318 3.490990 2
-1.606363 1.840296 3.482061 2
-1.586611 1.862004 3.483327 2
-1.493436 1.847437 3.477909 2
-1.402030 1.835619 3.472886 2
-1.344633 1.841710 3.471138 2
-2.884686 -0.743846 3.520968 7
-2.921855 -0.521168 3.527601 8
-2.912817 -0.437083 3.527143 8
-2.975180 -0.167239 3.537561 6
-2.873038 -0.336772 3.523023 8
-2.915081 -0.133963 3.530345 6
-2.935092 0.004818 3.534317 6
-2.831622 -0.157057 3.519867 6
-2.862048 0.000725 3.525436 6
-2.838577 0.029355 3.523018 6
-2.780108 -0.019898 3.515508 6
-2.753919 0.003365 3.512810 6
-2.713556 -0.003528 3.508103 6
-2.679324 0.003171 3.504353 6
-2.637616 -0.004679 3.499592 6
-2.604069 0.004498 3.496071 6
-2.576729 0.025830 3.493495 6
-2.511276 -0.024163 3.485586 6
-2.505319 0.037314 3.486149 6
-2.442154 -0.005191 3.478740 6
-2.411620 0.011831 3.475973 6
-2.375869 0.019981 3.472545 6
-2.314889 -0.013586 3.465723 6
-2.288502 0.011602 3.463729 6
-2.254580 0.024468 3.460765 6
-2.216725 0.031431 3.457338 6
-2.177093 0.036183 3.453745 6
-2.129309 0.029294 3.449144 6
-2.089294 0.034950 3.445659 6
-2.185975 0.238531 3.460200 2
-2.195247 0.311159 3.463183 2
-2.180791 0.348798 3.463083 2
-2.189731 0.417539 3.466029 2
-2.175892 0.454016 3.466055 2
-2.163169 0.491308 3.466256 2
-2.170616 0.553768 3.469031 2
-2.174473 0.610084 3.471352 2
-2.163148 0.646301 3.471787 2
-2.159151 0.690755 3.473155 2
-2.165556 0.746608 3.475814 2
-2.130511 0.752908 3.473429 2
-2.161202 0.834711 3.479051 2
-2.152781 0.870421 3.479941 2
-2.130606 0.890444 3.479219 2
-2.127156 0.930640 3.480756 2
-2.138076 0.985275 3.483991 2
-2.119875 1.008427 3.483832 2
-2.139685 1.070137 3.488095 2
-2.124232 1.095100 3.488302 2
-2.145880 1.156217 3.492751 2
-2.096218 1.147285 3.489155 2
-2.123207 1.211707 3.494203 2
-2.098275 1.226457 3.493475 2
-2.095815 1.261812 3.495264 2
-2.102235 1.304511 3.498032 2
-2.058613 1.302671 3.495415 2
-2.068646 1.347648 3.498612 2
-2.109632 1.417718 3.505069 2
-2.064619 1.415022 3.502457 2
-2.071727 1.455348 3.505347 2
-2.082882 1.498131 3.508649 2
-2.048315 1.504518 3.507291 2
-2.058241 1.545376 3.510492 2
-2.072624 1.588788 3.514129 2
-2.056823 1.609199 3.514770 2
-2.092453 1.666557 3.520476 2
-2.025751 1.650440 3.516235 2
-2.042398 1.693278 3.520109 2
-1.980004 1.681827 3.516487 2
-1.951058 1.693840 3.516135 2
-1.910247 1.698552 3.514759 2
-1.882675 1.712380 3.514692 2
-1.838975 1.716530 3.513240 2
-1.817198 1.734797 3.513851 2
-1.783675 1.746262 3.513487 2
-1.753336 1.760082 3.513487 2
-1.703654 1.763286 3.511902 2
-1.328510 1.797098 3.502183 2
-2.835268 -0.748583 3.561507 7
-2.912526 -0.423247 3.570552 8
-2.871382 -0.429067 3.565461 8
-2.859639 -0.358130 3.563969 8
-2.836288 -0.319373 3.561146 8
-2.830562 -0.238987 3.560506 8
-2.883045 -0.023918 3.566919 6
-2.805915 -0.118909 3.557816 6
-2.821381 0.000293 3.559888 6
-2.808810 0.052654 3.558646 6
-2.752963 0.010364 3.552284 6
-2.718939 0.016459 3.548596 6
-2.677962 0.008767 3.544141 6
-2.631252 -0.009293 3.539072 6
-2.590996 -0.013226 3.534837 6
-2.541307 -0.034213 3.529557 6
-2.518828 -0.002878 3.527552 6
-2.481060 -0.000013 3.523809 6
-2.444104 0.004915 3.520229 6
-2.397968 -0.005596 3.515647 6
-2.368287 0.013136 3.513049 6
-2.323472 0.006608 3.508766 6
-2.301406 0.038260 3.507173 6
-2.244640 0.013924 3.501664 6
-2.203515 0.015861 3.498027 6
-2.157840 0.011545 3.493949 6
-2.144633 0.056966 3.493615 6
-2.080867 0.026995 3.487650 6
-2.064442 0.067294 3.487075 6
-2.015133 0.060365 3.482895 6
-2.116996 0.263902 3.495504 2
-2.105401 0.306247 3.495550 2
-2.092172 0.345567 3.495459 2
-2.096208 0.406696 3.497284 2
-2.093275 0.457346 3.498376 2
-2.090685 0.507274 3.499532 2
-2.084866 0.552107 3.500372 2
-2.090384 0.609712 3.502442 2
-2.071633 0.637171 3.501974 2
-2.093039 0.711033 3.505751 2
-2.072889 0.735523 3.505205 2
-2.075663 0.785505 3.507072 2
-2.062862 0.817303 3.507363 2
-2.045326 0.843592 3.507211 2
-2.039621 0.882177 3.508299 2
-2.076018 0.963742 3.513627 2
-2.044207 0.973676 3.512148 2
-2.036652 1.008222 3.513126 2
-2.027327 1.040532 3.513963 2
-2.027430 1.081480 3.515746 2
-2.028108 1.122230 3.517604 2
-1.996146 1.132059 3.516369 2
-1.972197 1.149588 3.515962 2
-1.963945 1.181243 3.517083 2
-1.910427 1.172987 3.514037 2
-1.906751 1.208579 3.515681 2
-1.855248 1.203467 3.512995 2
-1.834415 1.224688 3.513184 2
-1.794402 1.230462 3.511714 2
-1.806951 1.278585 3.514983 2
-1.744225 1.267205 3.511658 2
-1.687626 1.261843 3.508995 2
-1.684907 1.297910 3.511076 2
-2.884868 -0.483802 3.611232 8
-2.842157 -0.492184 3.606206 8
-2.823096 -0.438691 3.603353 8
-2.784298 -0.436589 3.598812 8
-2.801310 -0.298275 3.599406 8
-2.798005 -0.214484 3.598270 8
-2.816749 -0.083426 3.599258 6
-2.773009 -0.098648 3.594582 6
-2.775666 -0.010743 3.594265 6
-2.734736 -0.019601 3.589974 6
-2.709616 0.005653 3.587217 6
-2.679628 0.020502 3.584069 6
-2.629491 -0.004726 3.579093 6
-2.586548 -0.014101 3.574850 6
-2.539973 -0.029223 3.570328 6
-2.494707 -0.040507 3.565990 6
-2.499725 0.040759 3.566447 6
-2.450177 0.022302 3.561836 6
-2.408378 0.018851 3.558019 6
-2.354236 -0.004687 3.553110 6
-2.327576 0.019274 3.550848 6
-2.280475 0.009697 3.546738 6
-2.251942 0.030921 3.544435 6
-2.196098 0.009388 3.539651 6
-2.172532 0.038927 3.537947 6
-2.098701 -0.007285 3.531646 6
-2.083341 0.035075 3.530841 6
-2.035128 0.029275 3.527069 6
-2.004538 0.049406 3.524995 6
-1.942105 0.025540 3.520078 6
-1.883399 0.008519 3.515593 6
-1.849187 0.025598 3.513420 6
-1.811092 0.037836 3.510971 6
-1.771204 0.048203 3.508438 6
-1.697551 0.016735 3.502967 6
-1.807452 0.213148 3.513927 2
-1.787204 0.245979 3.513315 2
-1.770900 0.283122 3.513110 2
-1.747241 0.311214 3.512319 2
-1.733514 0.350458 3.512453 2
-1.712783 0.381299 3.512036 2
-1.683669 0.402692 3.510960 2
-1.271745 0.012286 3.477339 6
-1.262354 0.062459 3.478297 6
-1.182789 0.039117 3.473412 6
-1.118583 0.033336 3.469946 6
-1.046104 0.020616 3.465916 6
-0.931605 -0.031638 3.458569 6
-0.892747 -0.008132 3.457574 6
-0.786075 -0.048235 3.451192 6
-2.842139 -0.478072 3.650137 8
-2.814968 -0.446047 3.646343 8
-2.771812 -0.454743 3.641676 8
-2.748278 -0.414725 3.638269 8
-2.738349 -0.343948 3.635818 8
-2.737399 -0.255390 3.634069 8
-2.764787 -0.107044 3.634302 6
-2.783361 0.015462 3.634136 6
-2.742506 0.006026 3.630144 6
-2.687256 -0.032222 3.625226 6
-2.655522 -0.020191 3.621946 6
-2.620168 -0.015191 3.618481 6
-2.575800 -0.027185 3.614449 6
-2.544600 -0.012959 3.611393 6
-2.520245 0.014044 3.608886 6
-2.472311 -0.002136 3.604777 6
-2.428656 -0.009290 3.601028 6
-2.392240 -0.002836 3.597857 6
-2.349570 -0.006513 3.594302 6
-2.333599 0.035078 3.592736 6
-2.291527 0.033251 3.589357 6
-2.238962 0.015558 3.585282 6
-2.219588 0.051146 3.583681 6
-2.161138 0.026367 3.579312 6
-2.123825 0.035028 3.576548 6
-2.073717 0.025382 3.572924 6
-2.050865 0.056127 3.571353 6
-1.978901 0.017273 3.566288 6
-1.954675 0.046733 3.564762 6
-1.880598 0.008374 3.559702 6
-1.844237 0.022458 3.557450 6
-1.810182 0.039882 3.555440 6
-1.753961 0.029212 3.551914 6
-1.696599 0.018419 3.548394 6
-1.648047 0.019781 3.545591 6
-1.606153 0.030047 3.543346 6
-1.546128 0.019428 3.539904 6
-1.472232 -0.005928 3.535582 6
-1.433436 0.010607 3.533825 6
-1.367853 -0.002404 3.530287 6
-1.321134 0.006762 3.528163 6
-1.283731 0.026634 3.526773 6
-1.247976 0.048549 3.525583 6
-1.180594 0.037947 3.522328 6
-1.096281 0.011604 3.518045 6
-1.054746 0.030003 3.516765 6
-0.993865 0.029902 3.514292 6
-2.685608 -0.762004 3.686051 7
-2.761632 -0.467046 3.685065 8
-2.716179 -0.479877 3.680625 8
-2.706249 -0.407795 3.677451 8
-2.688587 -0.356321 3.674157 8
-2.687831 -0.268900 3.671633 8
-2.669327 -0.223686 3.668581 8
-2.719083 -0.034800 3.668428 6
-2.699140 0.001175 3.665623 6
-2.660460 -0.001808 3.662101 6
-2.617375 -0.012673 3.658432 6
-2.596030 0.019721 3.655794 6
-2.533969 -0.025619 3.651353 6
-2.518571 0.018045 3.649132 6
-2.485054 0.027761 3.646134 6
-2.453602 0.041437 3.643302 6
-2.391164 0.001632 3.639005 6
-2.377943 0.047631 3.637203 6
-2.338650 0.049217 3.634172 6
-2.293290 0.041641 3.630892 6
-2.231424 0.008899 3.626817 6
-2.199790 0.025355 3.624361 6
-2.158770 0.027614 3.621486 6
-2.108253 0.016381 3.618177 6
-2.074317 0.030695 3.615808 6
-2.020766 0.017094 3.612470 6
-1.985621 0.030762 3.610179 6
-1.948566 0.042100 3.607861 6
-1.878537 0.009228 3.603848 6
-1.851642 0.035717 3.602222 6
-1.772171 -0.006349 3.597848 6
-1.746097 0.022225 3.596420 6
-1.677371 -0.002775 3.592779 6
-1.628741 -0.001237 3.590299 6
-1.569915 -0.011105 3.587356 6
-1.516109 -0.013722 3.584768 6
-1.475080 -0.000459 3.582950 6
-1.456101 0.038372 3.582390 6
-1.375430 0.007865 3.578639 6
-1.327689 0.015573 3.576730 6
-1.263004 0.005800 3.574023 6
-1.238177 0.039479 3.573502 6
-1.171356 0.029485 3.570879 6
-1.095993 0.012252 3.567922 6
-1.034035 0.010117 3.565770 6
-0.951055 -0.011393 3.562655 6
-2.633771 -0.769825 3.728615 7
-2.612253 -0.717285 3.724278 7
-2.632489 -0.568817 3.720374 8
-2.653308 -0.425710 3.716823 8
-2.651471 -0.339375 3.713350 8
-2.641274 -0.274663 3.709978 8
-2.633790 -0.206559 3.706812 8
-2.670820 -0.048813 3.704555 6
-2.663141 0.011922 3.701784 6
-2.621691 0.003876 3.698485 6
-2.577422 -0.008546 3.695164 6
-2.550470 0.012968 3.692269 6
-2.533075 0.051877 3.689686 6
-2.469871 0.007149 3.686050 6
-2.435844 0.016581 3.683181 6
-2.395527 0.015481 3.680204 6
-2.362076 0.026779 3.677477 6
-2.323834 0.030422 3.674677 6
-2.258519 -0.009206 3.671126 6
-2.237583 0.024006 3.668962 6
-2.180110 -0.000167 3.665737 6
-2.158911 0.032682 3.663719 6
-2.093303 -0.001283 3.660334 6
-2.058217 0.011562 3.658004 6
-2.009883 0.005721 3.655299 6
-1.984126 0.032672 3.653430 6
-1.928744 0.018577 3.650618 6
-1.903212 0.046214 3.648910 6
-1.827892 0.007657 3.645530 6
-1.790453 0.020683 3.643551 6
-1.745161 0.024083 3.641369 6
-1.694010 0.020922 3.639053 6
-1.648196 0.025335 3.637005 6
-1.592919 0.019112 3.634693 6
-1.567893 0.049782 3.633559 6
-1.495112 0.024914 3.630774 6
-1.416545 -0.004645 3.627861 6
-1.376496 0.010859 3.626435 6
-1.314030 0.002242 3.624283 6
-1.275992 0.021213 3.623108 6
-1.204071 0.004783 3.620799 6
-1.173875 0.033196 3.620092 6
-1.105268 0.022611 3.618097 6
-1.053217 0.030008 3.616796 6
-0.930368 -0.031029 3.613083 6
-2.566421 -0.710821 3.767022 7
-2.517153 -0.724283 3.763076 7
-2.609946 -0.420886 3.756889 8
-2.588362 -0.379179 3.752981 8
-2.589270 -0.291157 3.748970 8
-2.554839 -0.279475 3.745504 8
-2.606508 -0.093997 3.741550 6
-2.607978 -0.015166 3.738242 6
-2.578806 0.001818 3.735215 6
-2.547514 0.014762 3.732268 6
-2.496527 -0.008404 3.729377 6
-2.472082 0.017946 3.726559 6
-2.410481 -0.021566 3.723690 6
-2.390343 0.012821 3.721028 6
-2.360343 0.029860 3.718406 6
-2.298775 -0.005223 3.715615 6
-2.276674 0.025755 3.713182 6
-2.239022 0.031586 3.710689 6
-2.186270 0.014508 3.708093 6
-2.160619 0.040119 3.705858 6
-2.115685 0.036754 3.703463 6
-2.049045 0.002606 3.700827 6
-2.028566 0.036719 3.698881 6
-1.971153 0.018463 3.696472 6
-1.904166 -0.011433 3.693960 6
-1.865653 -0.000892 3.691951 6
-1.840057 0.027206 3.690236 6
-1.787625 0.020250 3.688144 6
-1.755040 0.039714 3.686469 6
-1.672630 -0.002926 3.683971 6
-1.655294 0.036715 3.682728 6
-1.610605 0.042886 3.681065 6
-1.545257 0.025372 3.679084 6
-1.476147 0.005095 3.677101 6
-1.432966 0.015999 3.675698 6
-1.359281 -0.006538 3.673779 6
-1.326932 0.017993 3.672760 6
-1.269868 0.016085 3.671339 6
-1.213145 0.015632 3.670013 6
-1.136459 -0.004411 3.668377 6
-1.084924 0.002890 3.667340 6
-1.029049 0.006685 3.666313 6
-2.475187 -0.807246 3.812213 7
-2.462225 -0.736949 3.806969 7
-2.492673 -0.575469 3.800254 8
-2.541067 -0.383037 3.793368 8
-2.535604 -0.309725 3.788857 8
-2.501717 -0.296206 3.785468 8
-2.484415 -0.249960 3.781681 8
-2.551570 -0.042829 3.775810 6
-2.536426 0.001286 3.772462 6
-2.487674 -0.017547 3.770004 6
-2.464555 0.011209 3.767032 6
-2.426194 0.012659 3.764447 6
-2.374044 -0.008947 3.762143 6
-2.343458 0.007414 3.759521 6
-2.305286 0.011329 3.757081 6
-2.270056 0.020588 3.754664 6
-2.212092 -0.005736 3.752556 6
-2.195723 0.034244 3.750067 6
-2.129619 -0.002136 3.748100 6
-2.102822 0.022224 3.745857 6
-2.035766 -0.012313 3.743945 6
-1.998292 -0.002379 3.741896 6
-1.947668 -0.010447 3.739971 6
-1.933092 0.032194 3.737985 6
-1.881799 0.024525 3.736194 6
-1.808298 -0.011373 3.734490 6
-1.775196 0.007366 3.732780 6
-1.726325 0.006207 3.731156 6
-1.693731 0.026301 3.729607 6
-1.639683 0.020264 3.728122 6
-1.586603 0.016525 3.726704 6
-1.526680 0.005784 3.725341 6
-1.471881 0.002314 3.724057 6
-1.439229 0.025084 3.722910 6
-1.364871 0.001501 3.721722 6
-1.271476 -0.041045 3.720536 6
-1.232493 -0.022590 3.719614 6
-1.203416 0.006660 3.718826 6
-1.148468 0.009123 3.718028 6
-1.076958 -0.004256 3.717250 6
-2.389659 -0.786390 3.852813 7
-2.372531 -0.727380 3.847546 7
-2.470242 -0.434506 3.835729 8
-2.450375 -0.390157 3.831411 8
-2.452001 -0.304917 3.826125 8
-2.413804 -0.299038 3.823127 8
-2.481013 -0.095167 3.815157 6
-2.482913 -0.019142 3.810726 6
-2.464985 0.018774 3.807383 6
-2.409524 -0.010059 3.805706 6
-2.383615 0.013801 3.802862 6
-2.355483 0.033661 3.800199 6
-2.309637 0.024274 3.798243 6
-2.253133 -0.001168 3.796665 6
-2.230478 0.028645 3.794021 6
-2.169345 -0.001524 3.792631 6
-2.139825 0.018228 3.790339 6
-2.100062 0.022758 3.788410 6
-2.050269 0.013288 3.786796 6
-1.983611 -0.019098 3.785628 6
-1.950646 -0.002222 3.783685 6
-1.919888 0.017864 3.781777 6
-1.878660 0.023912 3.780176 6
-1.825931 0.015382 3.778870 6
-1.756033 -0.014216 3.777937 6
-1.738432 0.024662 3.776083 6
-1.695609 0.031503 3.774777 6
-1.620366 -0.000695 3.774077 6
-1.568482 -0.002731 3.773038 6
-1.542027 0.026200 3.771682 6
-1.475648 0.008827 3.771004 6
-1.410003 -0.006119 3.770371 6
-1.369303 0.008243 3.769464 6
-1.321041 0.014796 3.768743 6
-1.275158 0.024661 3.768075 6
-1.210430 0.015330 3.767724 6
-1.147840 0.009584 3.767424 6
-1.065772 -0.014665 3.767429 6
-2.407352 -0.466965 3.879054 8
-2.392815 -0.411937 3.874058 8
-2.410321 -0.297328 3.866907 8
-2.384339 -0.268295 3.863249 8
-2.358190 -0.240067 3.859733 8
-2.424677 -0.046564 3.850271 6
-2.422713 0.019603 3.845718 6
-2.376785 0.008361 3.844051 6
-2.316035 -0.026552 3.843258 6
-2.303727 0.020317 3.839703 6
-2.245592 -0.007742 3.838781 6
-2.219655 0.016861 3.836162 6
-2.178264 0.017363 3.834422 6
-2.105935 -0.028231 3.834222 6
-2.089406 0.011576 3.831368 6
-2.041238 0.004584 3.830073 6
-1.999079 0.007236 3.828552 6
-1.952413 0.004294 3.827276 6
-1.922712 0.025556 3.825358 6
-1.864362 0.008293 3.824661 6
-1.829687 0.023771 3.823085 6
-1.770524 0.007816 3.822498 6
-1.733455 0.021386 3.821148 6
-1.664531 -0.004368 3.820992 6
-1.606483 -0.014970 3.820487 6
-1.546534 -0.026547 3.820093 6
-1.530626 0.015093 3.818329 6
-1.480747 0.016872 3.817755 6
-1.418901 0.005959 3.817618 6
-1.352509 -0.008652 3.817675 6
-1.311036 0.005487 3.817055 6
-1.260596 0.010489 3.816783 6
-1.193628 -0.001081 3.817058 6
-2.432458 -0.492223 3.928669 8
-2.422506 -0.427271 3.922548 8
-2.424554 -0.341064 3.915493 8
-2.408258 -0.292906 3.910584 8
-2.386775 -0.255776 3.906373 8
-2.362682 -0.224261 3.902567 8
-2.337780 -0.194784 3.898977 8
-2.315021 -0.162053 3.895340 8
-2.279963 -0.150975 3.892859 8
-2.281829 -0.077752 3.887509 6
-2.275593 -0.020069 3.883046 6
-2.246835 -0.000170 3.880477 6
-2.220437 0.023394 3.877834 6
-2.162946 -0.001191 3.877486 6
-2.110964 -0.015702 3.876739 6
-2.081854 0.005034 3.874481 6
-2.048757 0.019956 3.872578 6
-2.009189 0.025874 3.871163 6
-1.962371 0.022240 3.870252 6
-1.924017 0.031154 3.868878 6
-1.867506 0.016153 3.868625 6
-1.811317 0.002980 3.868373 6
-1.775178 0.017085 3.867041 6
-1.715924 0.002193 3.867036 6
-1.679798 0.017526 3.865841 6
-1.602414 -0.017229 3.866854 6
-1.558195 -0.010028 3.866194 6
-1.507214 -0.010128 3.865941 6
-1.447777 -0.019057 3.866159 6
-1.404242 -0.008680 3.865674 6
-1.377997 0.021518 3.864465 6
-1.362398 0.063213 3.862881 6
-2.774752 -0.539831 4.003999 4
-2.797374 -0.384747 3.989586 4
-2.446871 -0.452987 3.971868 8
-2.446292 -0.370580 3.964045 8
-2.433483 -0.314904 3.958133 8
-2.425179 -0.252371 3.951936 8
-2.391378 -0.239265 3.949018 8
-2.388188 -0.170254 3.942697 8
-2.352943 -0.160550 3.940215 8
-2.344392 -0.103965 3.934939 8
-2.298917 -0.112033 3.933747 8
-2.253889 -0.118272 3.932517 8
-2.257855 -0.043278 3.926486 8
-2.205216 -0.061365 3.926153 6
-2.174974 -0.042763 3.923716 6
-2.151761 -0.013310 3.920739 6
-2.113886 -0.006384 3.919186 6
-2.071478 -0.005661 3.918085 6
-2.052643 0.030020 3.915049 6
-1.987023 -0.001446 3.915988 6
-1.949035 0.007651 3.914675 6
-1.898645 0.000242 3.914400 6
-1.859683 0.009281 3.913280 6
-1.832083 0.033773 3.911380 6
-1.760883 0.001860 3.912779 6
-1.703673 -0.010267 3.913152 6
-1.649561 -0.017215 3.913331 6
-1.616079 0.002167 3.912128 6
-1.569113 0.005579 3.911932 6
-2.799279 -0.463486 4.042318 4
-2.813326 -0.332328 4.028285 4
-2.807061 -0.256151 4.019114 4
-2.778304 -0.235960 4.014750 4
-2.764009 -0.182966 4.007821 4
-2.760916 -0.106851 3.999182 4
-2.745324 -0.060970 3.993152 4
-2.461757 -0.498376 4.023183 8
-2.446762 -0.443435 4.016522 8
-2.448671 -0.356657 4.007550 8
-2.446214 -0.281476 3.999662 8
-2.422726 -0.248781 3.995190 8
-2.404836 -0.206376 3.990103 8
-2.356333 -0.220661 3.989415 8
-2.341279 -0.174135 3.984252 8
-2.320727 -0.138385 3.980020 8
-2.302313 -0.099736 3.975694 8
-2.273263 -0.079679 3.972853 8
-2.225594 -0.090126 3.972347 8
-2.181427 -0.093786 3.971428 8
-2.158283 -0.063548 3.968143 8
-2.131416 -0.039467 3.965412 8
-2.080583 -0.051685 3.965394 8
-2.029825 -0.062530 3.965366 8
-1.986921 -0.060781 3.964530 8
-1.961514 -0.033435 3.961970 8
-1.849708 -0.126715 3.968085 8
-1.829727 -0.090105 3.965068 8
-1.747036 -0.012749 3.958981 6
-2.814427 -0.411405 4.081278 4
-2.821673 -0.298995 4.067672 4
-2.809557 -0.238132 4.059227 4
-2.784617 -0.209670 4.054014 4
-2.765421 -0.168826 4.047766 4
-2.749989 -0.120909 4.041000 4
-2.729745 -0.085074 4.035496 4
-2.721733 -0.024295 4.027834 4
-2.678532 -0.038635 4.027171 4
-2.665212 0.008881 4.020975 4
-2.656147 0.063345 4.014290 4
-2.442825 -0.279398 4.043270 4
-2.405223 -0.273680 4.040997 8
-2.422339 -0.166123 4.029814 8
-2.378768 -0.172432 4.028842 8
-2.360793 -0.132338 4.023892 8
-2.332367 -0.111340 4.020731 8
-2.292078 -0.110650 4.019441 8
-2.265548 -0.086332 4.016202 8
-2.239039 -0.062224 4.013092 8
-2.201809 -0.055477 4.011581 8
-2.155287 -0.062798 4.011374 8
-2.116587 -0.057059 4.010146 8
-2.070171 -0.062386 4.009963 8
-2.040947 -0.041355 4.007638 8
-1.985982 -0.057593 4.008585 8
-1.919896 -0.088187 4.010850 8
-1.866322 -0.099384 4.011573 8
-2.820183 -0.481045 4.135159 4
-2.835700 -0.344231 4.117481 4
-2.806019 -0.324794 4.112765 4
-2.818321 -0.205205 4.097430 4
-2.788837 -0.188404 4.093299 4
-2.773390 -0.139823 4.085914 4
-2.759943 -0.088484 4.078388 4
-2.729132 -0.076565 4.075137 4
-2.709264 -0.041386 4.069567 4
-2.682989 -0.020419 4.065594 4
-2.682550 0.052457 4.056385 4
-2.666035 0.090964 4.050859 4
-2.618654 0.068806 4.051644 4
-2.608458 0.118510 4.045197 4
-2.589996 0.151447 4.040576 4
-2.553212 0.150500 4.039482 4
-2.533210 0.179956 4.035423 4
-2.328140 -0.111884 4.063621 4
-2.286840 -0.113024 4.062734 8
-2.244863 -0.114505 4.061979 8
-2.243767 -0.048604 4.054636 8
-2.208271 -0.039498 4.053049 8
-2.151327 -0.063547 4.054845 8
-2.143527 -0.010559 4.049133 4
-2.077949 -0.045707 4.052228 4
-2.032332 -0.049310 4.052317 8
-1.980052 -0.061615 4.053371 8
-1.899331 -0.112952 4.058379 8
-1.789133 -0.202488 4.067264 8
-2.815314 -0.289327 4.151266 4
-2.812758 -0.206631 4.139068 4
-2.781866 -0.193264 4.135300 4
-2.769760 -0.137280 4.126609 4
-2.747935 -0.104843 4.120842 4
-2.738321 -0.046896 4.112221 4
-2.708539 -0.033563 4.108947 4
-2.696901 0.017220 4.101437 4
-2.674066 0.043791 4.096862 4
-2.636700 0.041194 4.095757 4
-2.619416 0.078054 4.090220 4
-2.607310 0.123718 4.083798 4
-2.552528 0.089388 4.086610 4
-2.566522 0.181275 4.075162 4
-2.530375 0.181390 4.074256 4
-2.509602 0.208741 4.070366 4
-2.467123 0.198861 4.070781 4
-2.454248 0.239166 4.065640 4
-2.427235 0.255528 4.063299 4
-2.400466 0.272291 4.061015 4
-2.353590 0.257673 4.062352 4
-2.111368 -0.054636 4.097149 4
-2.064158 -0.061430 4.097796 4
-2.044747 -0.026289 4.093860 4
-2.005278 -0.020661 4.093346 4
-1.892676 -0.117955 4.104490 8
-2.755319 -0.078272 4.158265 4
-2.743925 -0.025092 4.149726 4
-2.708493 -0.024324 4.148088 4
-2.675438 -0.018060 4.145840 4
-2.687706 0.079662 4.131988 4
-2.653695 0.082745 4.130386 4
-2.630236 0.106609 4.126236 4
-2.602113 0.121317 4.123362 4
-2.558569 0.107671 4.124183 4
-2.548942 0.156323 4.117222 4
-2.524217 0.176978 4.113915 4
-2.504554 0.206169 4.109640 4
-2.455916 0.185839 4.111704 4
-2.420858 0.189485 4.110851 4
-2.433774 0.271497 4.100262 4
-2.391553 0.263231 4.101117 4
-2.352311 0.260604 4.101367 4
-2.323052 0.274012 4.099711 4
-2.284859 0.274197 4.099820 4
-2.246562 0.274914 4.099972 4
-2.238410 0.319733 4.094690 4
-2.192263 0.309852 4.096391 4
-2.158713 0.318517 4.095872 4
0.897910 -0.318864 0.968046 1
0.859842 -0.312782 0.973272 1
0.890263 -0.353980 1.018046 1
0.859881 -0.327765 1.021001 1
0.820561 -0.325596 1.026405 1
0.784138 -0.315754 1.030865 1
-0.862168 -0.836654 1.183328 0
-0.891541 -0.855494 1.184532 0
-0.928505 -0.796722 1.179841 0
-0.955809 -0.835422 1.182339 0
-0.984524 -0.856937 1.183460 0
-1.018861 -0.832433 1.181031 0
-1.051550 -0.823628 1.179678 0
-1.082206 -0.830204 1.179386 0
0.897488 -0.349914 1.063384 1
0.856063 -0.352984 1.069288 1
0.828757 -0.317926 1.071470 1
0.778048 -0.348153 1.079608 1
0.739951 -0.343953 1.084396 1
0.380315 -0.538954 1.136617 1
0.336892 -0.569187 1.142792 1
-0.676478 -0.809197 1.218421 0
-0.707136 -0.825092 1.219820 0
-0.738364 -0.822885 1.219973 0
-0.767996 -0.850618 1.221933 0
-0.800917 -0.820159 1.220107 0
-0.831828 -0.824967 1.220426 0
-0.860904 -0.851305 1.222017 0
-0.891160 -0.860118 1.222405 0
-0.926434 -0.818462 1.219493 0
-0.958433 -0.813819 1.218835 0
-0.990172 -0.812591 1.218300 0
-1.022297 -0.809094 1.217524 0
-1.048999 -0.845672 1.219223 0
-1.084449 -0.819128 1.216777 0
-1.116137 -0.820161 1.216005 0
0.907010 -0.339881 1.108270 1
0.866685 -0.339327 1.113706 1
0.822289 -0.350692 1.119969 1
0.785147 -0.342892 1.124519 1
0.756053 -0.311860 1.127112 1
0.706445 -0.341385 1.134349 1
0.678407 -0.306541 1.136452 1
0.446473 -0.442747 1.168137 1
0.382883 -0.543886 1.179075 1
0.333546 -0.597129 1.186394 1
0.331633 -0.460131 1.180580 1
-0.488967 -0.843706 1.253879 0
-0.519481 -0.817012 1.253382 0
-0.550653 -0.810068 1.253861 0
-0.581947 -0.814785 1.254873 0
-0.613337 -0.800210 1.254771 0
-0.643829 -0.848605 1.257905 0
-0.675459 -0.824556 1.257125 0
-0.706325 -0.833530 1.257994 0
-0.738657 -0.807694 1.256947 0
-0.769815 -0.812107 1.257398 0
-0.798982 -0.846555 1.259327 0
-0.830511 -0.840950 1.259072 0
-0.859884 -0.863030 1.260174 0
-0.896658 -0.801099 1.256792 0
-0.941277 -0.673826 1.249887 0
-0.997022 -0.468130 1.238749 0
-1.036416 -0.430795 1.236325 0
-1.041762 -0.662128 1.247965 0
-1.052058 -0.827295 1.256081 0
-1.085735 -0.814527 1.254710 0
-1.110886 -0.857875 1.256235 0
0.909732 -0.347563 1.154645 1
0.872619 -0.338266 1.159308 1
0.829945 -0.344438 1.164935 1
0.779553 -0.373511 1.171976 1
0.745713 -0.356913 1.175732 1
0.709354 -0.347576 1.179873 1
0.688870 -0.289285 1.180728 1
0.622329 -0.374971 1.190760 1
0.592898 -0.344680 1.193209 1
0.465825 -0.386893 1.208091 1
0.374006 -0.592196 1.223913 1
0.342390 -0.576795 1.226544 1
0.327488 -0.492307 1.225191 1
-0.301527 -0.851961 1.284302 0
-0.332244 -0.845799 1.285479 0
-0.361064 -0.809087 1.285225 0
-0.394204 -0.838819 1.287816 0
-0.425318 -0.837173 1.288936 0
-0.455639 -0.813831 1.289035 0
-0.488043 -0.850958 1.291646 0
-0.518679 -0.830048 1.291684 0
-0.549766 -0.817239 1.291987 0
-0.581085 -0.815688 1.292681 0
-0.612316 -0.826929 1.293824 0
-0.643855 -0.810581 1.293727 0
-0.675289 -0.809371 1.294176 0
-0.712333 -0.657080 1.288288 0
-0.752470 -0.499140 1.282109 0
-0.797375 -0.308317 1.274506 0
-0.829566 -0.369531 1.277197 0
-0.871097 -0.289509 1.273975 0
-0.903666 -0.335753 1.275848 0
-0.939939 -0.333223 1.275615 0
-0.976996 -0.324050 1.275007 0
-1.015220 -0.306514 1.273951 0
-1.050812 -0.314178 1.273834 0
-1.073146 -0.423550 1.277845 0
-1.071527 -0.690985 1.288386 0
-1.083442 -0.834026 1.293713 0
-1.117286 -0.821716 1.292463 0
-1.153593 -0.796632 1.290574 0
-1.577626 -0.439742 1.260568 8
-1.611175 -0.453398 1.259131 8
-1.567300 -0.739700 1.270537 7
-1.583172 -0.803734 1.271497 7
-1.613466 -0.816649 1.269944 7
-1.640743 -0.838954 1.268768 7
-1.673380 -0.843911 1.266650 7
-1.708862 -0.840653 1.264016 7
-1.734884 -0.865665 1.262729 7
-1.782620 -0.828605 1.258122 7
-1.821469 -0.818610 1.254785 7
-1.853296 -0.828489 1.252393 7
-1.891630 -0.821601 1.248983 7
-1.932031 -0.810500 1.245210 7
-1.961222 -0.828134 1.242932 7
-1.994651 -0.835367 1.239969 7
0.921831 -0.330935 1.199336 1
0.873416 -0.350856 1.205722 1
0.843344 -0.322527 1.209112 1
0.796703 -0.339899 1.215038 1
0.766330 -0.311912 1.218263 1
0.719622 -0.331732 1.224026 1
0.667984 -0.368718 1.230527 1
0.640703 -0.331368 1.232940 1
0.601444 -0.331613 1.237230 1
0.570806 -0.303307 1.239968 1
0.494816 -0.296347 1.247631 1
0.369413 -0.623922 1.266836 1
0.351905 -0.553973 1.267014 1
0.333352 -0.483356 1.267181 1
-0.269142 -0.858304 1.320434 0
-0.297288 -0.821168 1.320689 0
-0.330206 -0.839571 1.322744 0
-0.360155 -0.818188 1.323385 0
-0.393055 -0.843259 1.325473 0
-0.423475 -0.825613 1.326079 0
-0.456398 -0.867085 1.328500 0
-0.485784 -0.810299 1.327701 0
-0.514699 -0.673055 1.324325 0
-0.545144 -0.430889 1.317666 0
-0.580091 -0.305600 1.314640 0
-0.615833 -0.349890 1.316778 0
-0.651636 -0.346272 1.317340 0
-0.687776 -0.333295 1.317523 0
-0.722755 -0.359010 1.318785 0
-0.759407 -0.338540 1.318552 0
-0.793969 -0.363348 1.319589 0
-0.829736 -0.362902 1.319769 0
-0.868545 -0.321947 1.318638 0
-0.902988 -0.343281 1.319280 0
-0.939769 -0.335626 1.318956 0
-0.973184 -0.363063 1.319590 0
-1.007788 -0.375787 1.319687 0
-1.047587 -0.344019 1.318344 0
-1.086562 -0.323796 1.317247 0
-1.095547 -0.522286 1.322723 0
-1.102997 -0.706542 1.327733 0
-1.121835 -0.797351 1.329834 0
-1.158034 -0.774894 1.328359 0
-1.398427 -0.424422 1.311659 8
-1.416060 -0.509218 1.313002 8
-1.448947 -0.522712 1.311926 8
-1.409609 -0.830887 1.320750 7
-1.439681 -0.843243 1.319594 7
-1.470484 -0.852490 1.318248 7
-1.506834 -0.841430 1.316098 7
-1.543627 -0.830170 1.313832 7
-1.572480 -0.847250 1.312492 7
-1.615193 -0.818247 1.309363 7
-1.646625 -0.827585 1.307546 7
-1.673303 -0.851589 1.306204 7
-1.713610 -0.834028 1.303167 7
-1.753902 -0.818164 1.300069 7
-1.787452 -0.822802 1.297675 7
-1.819716 -0.831311 1.295342 7
-1.846564 -0.854361 1.293529 7
-1.891465 -0.830124 1.289609 7
-1.931324 -0.820494 1.286177 7
-1.963727 -0.830265 1.283487 7
-1.997772 -0.836258 1.280527 7
-2.022987 -0.863129 1.278440 7
-2.071184 -0.837199 1.273763 7
-2.106939 -0.840710 1.270352 7
-2.137611 -0.855689 1.267401 7
0.923769 -0.340600 1.245697 1
0.880842 -0.345800 1.250986 1
0.844918 -0.332979 1.255292 1
0.806130 -0.328180 1.259861 1
0.766073 -0.327506 1.264493 1
0.728645 -0.319705 1.268694 1
0.690628 -0.313959 1.272873 1
0.644889 -0.333039 1.277948 1
0.605257 -0.334125 1.282149 1
0.547749 -0.396502 1.288585 1
0.530278 -0.323739 1.289715 1
0.496325 -0.306239 1.292888 1
0.380935 -0.594722 1.306850 1
0.340340 -0.613747 1.310841 1
0.343085 -0.458735 1.308826 1
0.336922 -0.329257 1.307814 1
-0.297346 -0.841812 1.358903 0
-0.319839 -0.722008 1.357641 0
-0.339621 -0.527347 1.354751 0
-0.364538 -0.360316 1.352515 0
-0.399964 -0.352002 1.353665 0
-0.434931 -0.328102 1.354402 0
-0.471195 -0.335136 1.355697 0
-0.507475 -0.350762 1.357068 0
-0.543029 -0.322810 1.357465 0
-0.579110 -0.322139 1.358322 0
-0.615057 -0.338454 1.359420 0
-0.650885 -0.344995 1.360229 0
-0.685565 -0.389656 1.361679 0
-0.723091 -0.334361 1.361109 0
-0.758061 -0.357729 1.361960 0
-0.795086 -0.336546 1.361868 0
-0.831792 -0.327003 1.361906 0
-0.866182 -0.351855 1.362503 0
-0.903719 -0.333860 1.362196 0
-0.942109 -0.310879 1.361702 0
-0.979240 -0.305097 1.361439 0
-1.009558 -0.362195 1.362275 0
-1.048924 -0.335964 1.361436 0
-1.084842 -0.340683 1.361091 0
-1.126556 -0.303814 1.359849 0
-1.121486 -0.586519 1.364732 0
-1.126650 -0.771365 1.367697 0
-1.156535 -0.788593 1.367315 0
-1.195020 -0.756057 1.365853 0
-1.283602 -0.459511 1.358903 8
-1.307879 -0.519614 1.359073 8
-1.281398 -0.820835 1.364245 7
-1.310573 -0.837910 1.363465 7
-1.342207 -0.843188 1.362353 7
-1.376692 -0.836492 1.360894 7
-1.414089 -0.819031 1.359098 7
-1.443251 -0.835789 1.357981 7
-1.484807 -0.805092 1.355679 7
-1.515758 -0.815789 1.354244 7
-1.542098 -0.842518 1.353118 7
-1.582684 -0.819713 1.350691 7
-1.607255 -0.851528 1.349538 7
-1.651062 -0.820853 1.346693 7
-1.687314 -0.815925 1.344402 7
-1.717512 -0.829952 1.342527 7
-1.770154 -0.778871 1.338738 7
-1.792546 -0.816287 1.337330 7
-1.829490 -0.812523 1.334654 7
-1.865180 -0.812921 1.331995 7
-1.897777 -0.821905 1.329498 7
-1.925481 -0.843324 1.327309 7
-1.937618 -0.902289 1.326285 7
-2.001527 -0.835634 1.321004 7
-2.045654 -0.818883 1.317225 7
-2.077479 -0.831446 1.314349 7
-2.108858 -0.845042 1.311420 7
-2.156238 -0.824189 1.307097 7
-2.180989 -0.852572 1.304527 7
-2.231145 -0.828141 1.299783 7
-2.280356 -0.807412 1.295010 7
0.968284 -0.346987 1.286691 1
0.928609 -0.342743 1.291549 1
0.890865 -0.333931 1.296122 1
0.855752 -0.318228 1.300350 1
0.805241 -0.345357 1.305921 1
0.749036 -0.391233 1.311910 1
0.714931 -0.375159 1.315741 1
0.690351 -0.329687 1.318604 1
0.651791 -0.326122 1.322661 1
0.597348 -0.374827 1.328070 1
0.565997 -0.349742 1.331276 1
0.537130 -0.314946 1.334165 1
0.415850 -0.612423 1.345324 1
0.371744 -0.643419 1.349399 1
0.349903 -0.590763 1.351375 1
0.347897 -0.454235 1.351469 1
0.346860 -0.302984 1.351375 1
-0.324733 -0.326057 1.393524 0
-0.361756 -0.339289 1.395074 0
-0.395693 -0.293190 1.395926 0
-0.435702 -0.385238 1.398067 0
-0.470512 -0.356361 1.398916 0
-0.506070 -0.339294 1.399800 0
-0.542067 -0.335329 1.400721 0
-0.578107 -0.297482 1.401258 0
-0.614160 -0.340672 1.402414 0
-0.650077 -0.346914 1.403155 0
-0.686868 -0.317166 1.403509 0
-0.721846 -0.352897 1.404311 0
-0.758587 -0.336093 1.404598 0
-0.794084 -0.348150 1.405026 0
-0.827505 -0.389547 1.405592 0
-0.868990 -0.311672 1.405139 0
-0.901956 -0.354458 1.405536 0
-0.941817 -0.314607 1.405202 0
-0.976627 -0.332307 1.405225 0
-1.010715 -0.354124 1.405192 0
-1.051567 -0.317101 1.404605 0
-1.087106 -0.326917 1.404296 0
-1.122452 -0.337409 1.403903 0
-1.147309 -0.417577 1.404000 0
-1.153867 -0.604167 1.404934 0
-1.159540 -0.775461 1.405716 0
-1.190860 -0.784553 1.405047 0
-1.219661 -0.806734 1.404418 7
-1.249202 -0.823561 1.403667 7
-1.277859 -0.843662 1.402875 7
-1.310297 -0.845056 1.401824 7
-1.348061 -0.823335 1.400451 7
-1.375786 -0.846562 1.399460 7
-1.412444 -0.832149 1.397982 7
-1.447928 -0.824025 1.396480 7
-1.472066 -0.859842 1.395408 7
-1.501361 -0.874931 1.394023 7
-1.541663 -0.850984 1.392061 7
-1.583130 -0.825318 1.389963 7
-1.611410 -0.845099 1.388380 7
-1.642631 -0.854894 1.386583 7
-1.690811 -0.812665 1.383916 7
-1.711893 -0.854199 1.382425 7
-1.742170 -0.867348 1.380425 7
-1.793144 -0.822389 1.377351 7
-1.833999 -0.808142 1.374664 7
-1.866919 -0.816304 1.372272 7
-1.914916 -0.785879 1.369043 7
-1.928402 -0.844108 1.367452 7
-1.974296 -0.820943 1.364141 7
-2.013680 -0.815075 1.361062 7
-2.043339 -0.832663 1.358400 7
-2.069526 -0.857873 1.355841 7
-2.128876 -0.809512 1.351403 7
-2.149944 -0.846381 1.348946 7
-2.181438 -0.860317 1.345836 7
-2.237983 -0.822972 1.341213 7
-2.277810 -0.821478 1.337425 7
-2.304382 -0.846671 1.334313 7
-2.360686 -0.814600 1.329348 7
0.979404 -0.333790 1.332201 1
0.934706 -0.341662 1.337278 1
0.879458 -0.378461 1.342908 1
0.851100 -0.345446 1.346725 1
0.804615 -0.361672 1.351569 1
0.783127 -0.308003 1.354813 1
0.737702 -0.322466 1.359389 1
0.684675 -0.361733 1.364275 1
0.659774 -0.315860 1.367480 1
0.621736 -0.310343 1.371327 1
0.577649 -0.325492 1.375393 1
0.533731 -0.341845 1.379336 1
0.412802 -0.637417 1.386931 1
0.370435 -0.662295 1.390457 1
0.349250 -0.607587 1.392902 1
0.345418 -0.479180 1.394536 1
0.335838 -0.364959 1.396427 1
-0.359993 -0.336455 1.438081 0
-0.396551 -0.342998 1.439375 0
-0.431509 -0.311732 1.440627 0
-0.469357 -0.360816 1.441683 0
-0.505262 -0.358536 1.442721 0
-0.540930 -0.330302 1.443729 0
-0.577171 -0.351663 1.444549 0
-0.613465 -0.318846 1.445411 0
-0.650222 -0.294830 1.446176 0
-0.685595 -0.339310 1.446666 0
-0.721931 -0.334916 1.447204 0
-0.758973 -0.317423 1.447698 0
-0.795317 -0.319135 1.448049 0
-0.828698 -0.367023 1.448161 0
-0.868578 -0.315129 1.448515 0
-0.900606 -0.370079 1.448428 0
-0.938617 -0.349773 1.448507 0
-0.975954 -0.340451 1.448462 0
-1.011761 -0.347071 1.448279 0
-1.047386 -0.354787 1.448005 0
-1.084192 -0.352938 1.447677 0
-1.124344 -0.328014 1.447330 0
-1.140142 -0.470113 1.446405 8
-1.166964 -0.526334 1.445671 8
-1.163805 -0.754883 1.444428 7
-1.189043 -0.799793 1.443627 7
-1.215362 -0.834912 1.442787 7
-1.255358 -0.797815 1.442022 7
-1.283784 -0.820680 1.441060 7
-1.309930 -0.852593 1.440018 7
-1.344533 -0.844981 1.438956 7
-1.380731 -0.831831 1.437811 7
-1.413719 -0.833355 1.436571 7
-1.440069 -0.861278 1.435250 7
-1.479104 -0.840006 1.433845 7
-1.518274 -0.820374 1.432339 7
-1.541143 -0.859710 1.430811 7
-1.581989 -0.836255 1.429117 7
-1.624914 -0.808168 1.427301 7
-1.655906 -0.820203 1.425484 7
-1.690442 -0.821252 1.423552 7
-1.715105 -0.852143 1.421653 7
-1.771779 -0.789680 1.419258 7
-1.794839 -0.825402 1.417219 7
-1.834076 -0.815811 1.414857 7
-1.869365 -0.817808 1.412465 7
-1.904002 -0.822006 1.409994 7
-1.931125 -0.845385 1.407590 7
-1.964670 -0.852569 1.404975 7
-2.001359 -0.852584 1.402200 7
-2.050296 -0.824976 1.399025 7
-2.083167 -0.835566 1.396142 7
-2.127804 -0.820471 1.392848 7
-2.156387 -0.841175 1.389900 7
-2.195925 -0.838660 1.386546 7
-2.230797 -0.846479 1.383234 7
-2.262952 -0.860049 1.379919 7
-2.324135 -0.817084 1.375520 7
-2.350385 -0.843344 1.372205 7
-2.361108 -0.898102 1.369396 7
-2.430578 -0.844058 1.364296 7
-2.456628 -0.870523 1.360739 7
0.991712 -0.317756 1.378005 1
0.954183 -0.306521 1.382595 1
0.897103 -0.346616 1.387723 1
0.850456 -0.361676 1.392357 1
0.822324 -0.327062 1.396340 1
0.785210 -0.316762 1.400501 1
0.746636 -0.310879 1.404605 1
0.701773 -0.324454 1.408743 1
0.656607 -0.340599 1.412756 1
0.624586 -0.316026 1.416430 1
0.586429 -0.311038 1.420120 1
0.546156 -0.313761 1.423737 1
0.415896 -0.640188 1.427930 1
0.369837 -0.678381 1.431091 1
0.341838 -0.650400 1.434066 1
0.353125 -0.463005 1.437062 1
0.343235 -0.349388 1.440175 1
-0.395064 -0.343161 1.482321 0
-0.431992 -0.360491 1.483304 0
-0.467076 -0.326779 1.484841 0
-0.503344 -0.321598 1.485945 0
-0.539968 -0.341894 1.486631 0
-0.576148 -0.315790 1.487849 0
-0.612656 -0.309747 1.488721 0
-0.649021 -0.318809 1.489305 0
-0.685025 -0.335531 1.489696 0
-0.721317 -0.336158 1.490226 0
-0.756381 -0.364087 1.490287 0
-0.794386 -0.329461 1.491155 0
-0.827012 -0.389247 1.490589 0
-0.867899 -0.322213 1.491765 0
-0.903536 -0.334180 1.491721 0
-0.942376 -0.309688 1.492122 0
-0.976050 -0.341048 1.491631 0
-1.014716 -0.322883 1.491774 0
-1.053526 -0.307002 1.491799 0
-1.072852 -0.443552 1.489555 8
-1.088031 -0.591810 1.487086 8
-1.095127 -0.775852 1.484064 7
-1.117076 -0.844907 1.482622 7
-1.151774 -0.831031 1.482271 7
-1.187574 -0.813038 1.481897 7
-1.212385 -0.855963 1.480623 7
-1.244418 -0.858694 1.479822 7
-1.281614 -0.836825 1.479266 7
-1.309274 -0.861436 1.478032 7
-1.360963 -0.778574 1.478066 7
-1.382669 -0.829856 1.476353 7
-1.420925 -0.810505 1.475422 7
-1.456393 -0.804109 1.474250 7
-1.479444 -0.845386 1.472470 7
-1.507645 -0.865641 1.470864 7
-1.549475 -0.837516 1.469684 7
-1.570382 -0.882424 1.467691 7
-1.618498 -0.836300 1.466492 7
-1.653312 -0.835698 1.464769 7
-1.693135 -0.820452 1.463078 7
-1.722988 -0.836273 1.461049 7
-1.754722 -0.846365 1.458990 7
-1.796267 -0.829149 1.457027 7
-1.833574 -0.825017 1.454878 7
-1.867603 -0.830384 1.452584 7
-1.903128 -0.832266 1.450220 7
-1.938159 -0.835922 1.447757 7
-1.966013 -0.857443 1.445152 7
-2.015598 -0.827162 1.442592 7
-2.062964 -0.804181 1.439875 7
-2.080893 -0.849109 1.436990 7
-2.118838 -0.848667 1.434059 7
-2.161805 -0.838191 1.431011 7
-2.208446 -0.821225 1.427823 7
-2.229947 -0.856961 1.424665 7
-2.280459 -0.834003 1.421219 7
-2.308653 -0.856195 1.417852 7
-2.366957 -0.820849 1.414055 7
-2.394291 -0.845359 1.410508 7
-2.429586 -0.855044 1.406771 7
-2.473003 -0.850585 1.402798 7
-2.498123 -0.878904 1.399049 7
-2.561500 -0.841569 1.394446 7
0.982271 -0.355561 1.424378 1
0.964851 -0.294005 1.428814 1
0.910489 -0.326123 1.433326 1
0.871552 -0.319473 1.437671 1
0.821693 -0.343354 1.441868 1
0.792619 -0.310322 1.446055 1
0.744298 -0.332420 1.449996 1
0.693910 -0.362905 1.453744 1
0.661114 -0.341220 1.457624 1
0.617880 -0.352472 1.461222 1
0.581952 -0.340879 1.464870 1
0.538832 -0.354009 1.468227 1
0.406422 -0.687852 1.468467 1
0.373760 -0.677595 1.471549 1
0.342243 -0.662798 1.474608 1
0.350281 -0.489191 1.479477 1
0.353038 -0.323920 1.484421 1
-0.429735 -0.338188 1.526582 0
-0.466376 -0.346823 1.527482 0
-0.502143 -0.321189 1.529122 0
-0.538750 -0.329477 1.529872 0
-0.575200 -0.340870 1.530463 0
-0.611845 -0.300426 1.532251 0
-0.647296 -0.373728 1.531145 0
-0.684146 -0.343292 1.532533 0
-0.720590 -0.340544 1.533155 0
-0.757625 -0.326478 1.533986 0
-0.793302 -0.342617 1.533974 0
-0.833159 -0.289490 1.535646 0
-0.865760 -0.349145 1.534363 0
-0.903389 -0.335323 1.534878 0
-0.938936 -0.347453 1.534649 0
-0.980864 -0.295360 1.535986 0
-1.013808 -0.333389 1.534935 0
-1.031291 -0.493917 1.530675 8
-1.032705 -0.754817 1.523795 7
-1.050321 -0.865025 1.520711 7
-1.087755 -0.829214 1.521275 7
-1.124447 -0.802938 1.521520 7
-1.145966 -0.870111 1.519345 7
-1.186345 -0.824905 1.519918 7
-1.218044 -0.831053 1.519134 7
-1.256408 -0.803493 1.519105 7
-1.294411 -0.780833 1.518872 7
-1.312819 -0.850932 1.516327 7
-1.355198 -0.810070 1.516379 7
-1.383027 -0.834556 1.514800 7
-1.416967 -0.832932 1.513765 7
-1.458656 -0.801873 1.513324 7
-1.486445 -0.825798 1.511551 7
-1.518524 -0.833108 1.510084 7
-1.559698 -0.808834 1.509229 7
-1.594836 -0.807127 1.507794 7
-1.627868 -0.812993 1.506121 7
-1.657831 -0.828754 1.504171 7
-1.694641 -0.823279 1.502574 7
-1.733074 -0.813969 1.500962 7
-1.762590 -0.831391 1.498757 7
-1.795596 -0.838720 1.496668 7
-1.839758 -0.816125 1.495026 7
-1.881688 -0.801294 1.493137 7
-1.891560 -0.869793 1.489788 7
-1.933692 -0.855091 1.487734 7
-1.977326 -0.838177 1.485601 7
-2.026472 -0.809801 1.483512 7
-2.055087 -0.830689 1.480629 7
-2.083685 -0.851243 1.477687 7
-2.120536 -0.853435 1.474895 7
-2.174333 -0.820072 1.472395 7
-2.202303 -0.842723 1.469176 7
-2.252207 -0.820434 1.466303 7
-2.280016 -0.843736 1.462912 7
-2.330999 -0.821726 1.459783 7
-2.356457 -0.849819 1.456193 7
-2.398216 -0.847159 1.452707 7
-2.446918 -0.832747 1.449150 7
-2.478763 -0.849599 1.445353 7
-2.508767 -0.869665 1.441472 7
-2.564563 -0.845797 1.437543 7
-2.598072 -0.860756 1.433458 7
-2.665849 -0.820029 1.429181 7
0.987874 -0.356085 1.470235 1
0.962806 -0.313728 1.475047 1
0.915533 -0.327474 1.479210 1
0.876778 -0.320013 1.483494 1
0.842715 -0.299979 1.487852 1
0.788194 -0.337465 1.491317 1
0.738299 -0.364500 1.494762 1
0.715854 -0.311332 1.499362 1
0.673870 -0.316211 1.502958 1
0.622713 -0.351607 1.505888 1
0.601455 -0.290903 1.510491 1
0.547612 -0.338631 1.512938 1
0.415860 -0.667847 1.509350 1
0.376192 -0.682329 1.511935 1
0.355261 -0.626757 1.515983 1
0.353886 -0.489476 1.521926 1
0.354301 -0.334107 1.528423 1
-0.465287 -0.353463 1.570169 0
-0.501875 -0.366098 1.570741 0
-0.537973 -0.357265 1.571990 0
-0.574157 -0.306044 1.574677 0
-0.610582 -0.349761 1.573912 0
-0.647237 -0.332060 1.575265 0
-0.684045 -0.321696 1.576283 0
-0.720830 -0.317973 1.576989 0
-0.758749 -0.291290 1.578456 0
-0.793245 -0.337024 1.577209 0
-0.829403 -0.343961 1.577298 0
-0.866722 -0.333960 1.577932 0
-0.903612 -0.332010 1.578197 0
-0.937216 -0.366606 1.577043 0
-0.966111 -0.441569 1.574328 8
-0.992838 -0.523802 1.571272 8
-0.986540 -0.866576 1.558576 7
-1.021598 -0.843107 1.559277 7
-1.055491 -0.831714 1.559466 7
-1.084040 -0.858023 1.558209 7
-1.121822 -0.823798 1.559096 7
-1.146427 -0.871994 1.556915 7
-1.178115 -0.875910 1.556280 7
-1.222052 -0.814987 1.557913 7
-1.250492 -0.838819 1.556420 7
-1.282053 -0.845989 1.555461 7
-1.318819 -0.829196 1.555282 7
-1.348569 -0.845254 1.553872 7
-1.384148 -0.836032 1.553280 7
-1.422524 -0.816838 1.552955 7
-1.447203 -0.852920 1.550654 7
-1.491366 -0.814068 1.550844 7
-1.522992 -0.823797 1.549303 7
-1.560593 -0.812687 1.548386 7
-1.589897 -0.830794 1.546427 7
-1.631510 -0.808373 1.545717 7
-1.663357 -0.818682 1.543867 7
-1.699046 -0.817284 1.542315 7
-1.721918 -0.854370 1.539492 7
-1.767955 -0.823643 1.538690 7
-1.799389 -0.835866 1.536491 7
-1.837979 -0.828740 1.534790 7
-1.888217 -0.792143 1.533844 7
-1.920705 -0.803422 1.531422 7
-1.943396 -0.839043 1.528260 7
-1.991317 -0.812546 1.526722 7
-2.014760 -0.845635 1.523503 7
-2.067919 -0.809621 1.521995 7
-2.087839 -0.850335 1.518452 7
-2.137346 -0.825257 1.516448 7
-2.180852 -0.814831 1.513971 7
-2.191647 -0.873491 1.509845 7
-2.249870 -0.833963 1.507819 7
-2.285550 -0.841594 1.504658 7
-2.316916 -0.857932 1.501239 7
-2.355505 -0.860587 1.498002 7
-2.386723 -0.877473 1.494414 7
-2.434939 -0.863597 1.491263 7
-2.493072 -0.833507 1.488228 7
-2.529937 -0.842267 1.484453 7
-2.565136 -0.854232 1.480538 7
-2.607792 -0.854081 1.476682 7
-2.638875 -0.873504 1.472490 7
0.995204 -0.352391 1.516225 1
0.951546 -0.356529 1.520362 1
0.914633 -0.344218 1.524763 1
0.868668 -0.356076 1.528501 1
0.835877 -0.333289 1.532982 1
0.793006 -0.338351 1.536680 1
0.744901 -0.359705 1.539826 1
0.714844 -0.329017 1.544290 1
0.680517 -0.310321 1.548367 1
0.639671 -0.311987 1.551774 1
0.590863 -0.340841 1.554251 1
0.546181 -0.358334 1.556943 1
0.406679 -0.714024 1.548596 1
0.375995 -0.696708 1.551935 1
0.361370 -0.617392 1.557318 1
0.353407 -0.505983 1.563849 1
0.359860 -0.326471 1.572865 1
-0.536280 -0.303718 1.617304 0
-0.573181 -0.312835 1.617755 0
-0.609641 -0.358511 1.616415 0
-0.646206 -0.347161 1.617671 0
-0.682583 -0.351646 1.618111 0
-0.719353 -0.343284 1.619088 0
-0.756791 -0.324211 1.620505 0
-0.793243 -0.330399 1.620651 0
-0.830643 -0.320550 1.621491 0
-0.864137 -0.366989 1.619568 0
-0.901533 -0.356427 1.620298 0
-0.925967 -0.488764 1.614110 8
-0.956657 -0.535718 1.611938 8
-0.962838 -0.794933 1.599523 7
-0.990224 -0.838785 1.597366 7
-1.023873 -0.828852 1.597725 7
-1.050831 -0.868535 1.595645 7
-1.082073 -0.875116 1.595089 7
-1.121934 -0.827454 1.597056 7
-1.152330 -0.841728 1.596003 7
-1.175628 -0.894681 1.593055 7
-1.215592 -0.854440 1.594464 7
-1.254246 -0.825327 1.595271 7
-1.288787 -0.819281 1.594919 7
-1.320900 -0.825499 1.593924 7
-1.350039 -0.844809 1.592257 7
-1.386414 -0.832697 1.591985 7
-1.425856 -0.809782 1.592134 7
-1.461593 -0.803608 1.591437 7
-1.487711 -0.834385 1.588990 7
-1.523903 -0.827322 1.588197 7
-1.558483 -0.826953 1.587029 7
-1.580255 -0.870119 1.583859 7
-1.623985 -0.839935 1.583873 7
-1.661004 -0.833345 1.582762 7
-1.692136 -0.845652 1.580758 7
-1.725404 -0.851548 1.578963 7
-1.768465 -0.829787 1.578264 7
-1.809842 -0.814597 1.577193 7
-1.847905 -0.809835 1.575599 7
-1.893969 -0.785074 1.574731 7
-1.918870 -0.816118 1.571522 7
-1.951610 -0.826766 1.569070 7
-1.978396 -0.851852 1.565989 7
-2.010140 -0.864673 1.563324 7
-2.066513 -0.821213 1.562699 7
-2.089791 -0.854350 1.559111 7
-2.130483 -0.848687 1.556881 7
-2.182706 -0.819524 1.555382 7
-2.218682 -0.826081 1.552514 7
-2.252209 -0.837981 1.549383 7
-2.287358 -0.846835 1.546276 7
-2.333389 -0.834997 1.543750 7
-2.369368 -0.843369 1.540476 7
-2.419760 -0.825514 1.537909 7
-2.441479 -0.860892 1.533648 7
-2.474449 -0.875623 1.529935 7
-2.544631 -0.826215 1.527894 7
-2.580909 -0.836950 1.524065 7
-2.606320 -0.865976 1.519687 7
-2.642787 -0.876659 1.515700 7
-2.714911 -0.831106 1.512908 7
1.007589 -0.336397 1.562773 1
0.966236 -0.333925 1.566942 1
0.914573 -0.358693 1.570064 1
0.881056 -0.337512 1.574684 1
0.843144 -0.327863 1.578821 1
0.803189 -0.324150 1.582655 1
0.755622 -0.343031 1.585524 1
0.725181 -0.312678 1.590216 1
0.671986 -0.351307 1.592074 1
0.643913 -0.313199 1.596949 1
0.591785 -0.352488 1.598531 1
0.563198 -0.315010 1.603261 1
0.416362 -0.693237 1.589764 1
0.372251 -0.723984 1.591080 1
0.362317 -0.627755 1.598024 1
0.363236 -0.481618 1.607326 1
0.367232 -0.311449 1.617878 1
0.367661 -0.142749 1.628512 1
-0.572191 -0.312751 1.661124 0
-0.609284 -0.286075 1.663477 0
-0.645544 -0.340338 1.661062 0
-0.682754 -0.319333 1.662952 0
-0.718304 -0.356766 1.661362 0
-0.756398 -0.322528 1.663897 0
-0.791996 -0.346589 1.662946 0
-0.831161 -0.308374 1.665588 0
-0.851220 -0.540654 1.652223 8
-0.885802 -0.545329 1.652191 8
-0.921834 -0.533967 1.653042 8
-0.940404 -0.696406 1.643558 7
-0.961299 -0.810790 1.636844 7
-0.991935 -0.827308 1.635855 7
-1.024517 -0.827098 1.635794 7
-1.059041 -0.813652 1.636455 7
-1.085078 -0.859046 1.633582 7
-1.122464 -0.828494 1.635130 7
-1.152958 -0.842670 1.633980 7
-1.185037 -0.847037 1.633349 7
-1.218180 -0.845908 1.632978 7
-1.252122 -0.841448 1.632740 7
-1.290113 -0.818587 1.633511 7
-1.321722 -0.827586 1.632359 7
-1.352371 -0.840597 1.630916 7
-1.382638 -0.854720 1.629350 7
-1.425239 -0.818655 1.630607 7
-1.458536 -0.821986 1.629530 7
-1.481030 -0.865896 1.626081 7
-1.528851 -0.816356 1.627878 7
-1.564140 -0.814288 1.626906 7
-1.582581 -0.869292 1.622674 7
-1.635042 -0.811341 1.624688 7
-1.662848 -0.834833 1.622095 7
-1.693207 -0.849747 1.619921 7
-1.740144 -0.815729 1.620347 7
-1.778120 -0.809889 1.619153 7
-1.810804 -0.819654 1.617045 7
-1.837699 -0.845037 1.614046 7
-1.892928 -0.795760 1.614913 7
-1.917632 -0.827254 1.611459 7
-1.950681 -0.837121 1.609072 7
-1.986443 -0.840614 1.606941 7
-2.019542 -0.850825 1.604399 7
-2.054052 -0.857967 1.601940 7
-2.105048 -0.828782 1.601185 7
-2.158772 -0.795799 1.600490 7
-2.177500 -0.839144 1.596037 7
-2.219288 -0.833503 1.593851 7
-2.272457 -0.805882 1.592581 7
-2.277916 -0.874223 1.586833 7
-2.346604 -0.818468 1.586622 7
-2.383931 -0.824942 1.583509 7
-2.407834 -0.856549 1.579237 7
-2.464821 -0.827995 1.577444 7
-2.487617 -0.861587 1.572953 7
-2.525388 -0.868705 1.569484 7
-2.590951 -0.829439 1.567737 7
-2.630163 -0.836062 1.564060 7
-2.675516 -0.833266 1.560638 7
-2.711686 -0.845901 1.556544 7
-2.766277 -0.830271 1.553349 7
1.012566 -0.338572 1.608970 1
0.982195 -0.308340 1.614275 1
0.933926 -0.323198 1.617434 1
0.894094 -0.317393 1.621454 1
0.846754 -0.332450 1.624375 1
0.800191 -0.347003 1.627201 1
0.757423 -0.352255 1.630378 1
0.717628 -0.349745 1.633855 1
0.680194 -0.340575 1.637596 1
0.635392 -0.354935 1.640018 1
0.607206 -0.316487 1.645171 1
0.558101 -0.347148 1.646531 1
0.410787 -0.726315 1.628492 1
0.386988 -0.683634 1.633448 1
0.365656 -0.628995 1.639071 1
0.360147 -0.508348 1.648488 1
0.362347 -0.346838 1.660369 1
0.358121 -0.199708 1.671542 1
-0.608104 -0.327456 1.704338 0
-0.644507 -0.356129 1.703093 0
-0.681998 -0.322355 1.706112 0
-0.718338 -0.339751 1.705515 0
-0.754994 -0.343346 1.705811 0
-0.785280 -0.463351 1.697904 8
-0.818154 -0.507758 1.695200 8
-0.853466 -0.508050 1.695519 8
-0.887580 -0.523318 1.694726 8
-0.906676 -0.698302 1.682650 7
-0.926399 -0.834956 1.673192 7
-0.957710 -0.844987 1.672572 7
-0.993072 -0.820592 1.674316 7
-1.025758 -0.820795 1.674273 7
-1.058484 -0.821244 1.674157 7
-1.091695 -0.818991 1.674172 7
-1.126394 -0.808285 1.674724 7
-1.155294 -0.833549 1.672694 7
-1.187427 -0.838640 1.672022 7
-1.222981 -0.825715 1.672553 7
-1.255974 -0.827515 1.671995 7
-1.287062 -0.838846 1.670714 7
-1.320432 -0.839319 1.670131 7
-1.350991 -0.852628 1.668600 7
-1.388884 -0.834718 1.669170 7
-1.423775 -0.830907 1.668701 7
-1.456749 -0.835401 1.667599 7
-1.488668 -0.844087 1.666150 7
-1.521690 -0.848797 1.664914 7
-1.551911 -0.863463 1.662942 7
-1.592966 -0.841601 1.663382 7
-1.631803 -0.828965 1.663124 7
-1.669500 -0.821330 1.662457 7
-1.709095 -0.809074 1.662025 7
-1.745109 -0.808696 1.660732 7
-1.759887 -0.869279 1.655366 7
-1.819489 -0.803414 1.658234 7
-1.861454 -0.789184 1.657627 7
-1.890406 -0.810267 1.654664 7
-1.932754 -0.796961 1.653844 7
-1.956331 -0.831245 1.649923 7
-1.979490 -0.865389 1.645973 7
-2.022956 -0.851033 1.645004 7
-2.076798 -0.814478 1.645312 7
-2.092463 -0.865092 1.640176 7
-2.149161 -0.825157 1.640496 7
-2.181269 -0.839741 1.637425 7
-2.235312 -0.809147 1.636963 7
-2.257118 -0.845536 1.632462 7
-2.304356 -0.830994 1.630866 7
-2.339967 -0.840153 1.627813 7
-2.376613 -0.847681 1.624777 7
-2.409936 -0.861705 1.621304 7
-2.452093 -0.860001 1.618620 7
-2.500081 -0.848881 1.616347 7
-2.542680 -0.848246 1.613405 7
-2.589226 -0.841768 1.610668 7
-2.620483 -0.861483 1.606484 7
-2.671207 -0.849801 1.603806 7
-2.733828 -0.820620 1.601859 7
-2.780531 -0.818027 1.598470 7
1.064149 -0.332034 1.651842 1
1.025915 -0.320465 1.656357 1
0.966850 -0.360939 1.657800 1
0.924121 -0.362647 1.661344 1
0.890183 -0.342081 1.666121 1
0.853026 -0.329815 1.670344 1
0.805258 -0.347203 1.672684 1
0.766459 -0.340627 1.676396 1
0.723532 -0.346650 1.679241 1
0.679175 -0.358194 1.681640 1
0.641338 -0.350637 1.685172 1
0.603850 -0.342174 1.688695 1
0.562185 -0.348000 1.691205 1
0.414480 -0.726679 1.668714 1
0.376145 -0.736601 1.670511 1
0.368131 -0.633507 1.679936 1
0.366952 -0.496072 1.691797 1
0.368542 -0.336706 1.705292 1
0.371574 -0.158302 1.720252 1
-0.644191 -0.327852 1.748383 0
-0.679345 -0.399098 1.743327 0
-0.718577 -0.316756 1.750596 0
-0.747415 -0.502144 1.736159 8
-0.782827 -0.502020 1.736654 8
-0.818321 -0.501249 1.737142 8
-0.850534 -0.545955 1.733877 8
-0.873064 -0.697665 1.721839 7
-0.891959 -0.857823 1.709035 7
-0.926824 -0.832145 1.711303 7
-0.960157 -0.825138 1.711998 7
-0.989989 -0.848652 1.710151 7
-1.024276 -0.835275 1.711259 7
-1.059726 -0.816048 1.712791 7
-1.089112 -0.840174 1.710734 7
-1.122609 -0.836296 1.710906 7
-1.158690 -0.818231 1.712179 7
-1.190332 -0.827415 1.711178 7
-1.222819 -0.831775 1.710515 7
-1.259095 -0.817299 1.711327 7
-1.288342 -0.838359 1.709200 7
-1.320488 -0.844887 1.708198 7
-1.354361 -0.843908 1.707748 7
-1.390124 -0.835718 1.707822 7
-1.422874 -0.840867 1.706764 7
-1.465089 -0.809749 1.708557 7
-1.493086 -0.834314 1.705827 7
-1.519093 -0.864813 1.702577 7
-1.556681 -0.853853 1.702576 7
-1.599790 -0.825889 1.703855 7
-1.641797 -0.803957 1.704581 7
-1.673812 -0.815182 1.702628 7
-1.702612 -0.836023 1.699868 7
-1.751396 -0.797846 1.701654 7
-1.778544 -0.823905 1.698370 7
-1.822063 -0.804064 1.698580 7
-1.850202 -0.827093 1.695421 7
-1.889271 -0.821119 1.694426 7
-1.921929 -0.832314 1.692056 7
-1.953853 -0.845373 1.689488 7
-2.000858 -0.822358 1.689563 7
-2.035128 -0.830863 1.687201 7
-2.065949 -0.847443 1.684181 7
-2.123682 -0.804350 1.685477 7
-2.148796 -0.834441 1.681330 7
-2.179579 -0.851842 1.678058 7
-2.230307 -0.828138 1.677669 7
-2.269568 -0.829262 1.675412 7
-2.314370 -0.820193 1.673793 7
-2.351870 -0.826245 1.671029 7
-2.364096 -0.880051 1.664908 7
-2.424786 -0.843532 1.664925 7
-2.442119 -0.886927 1.659427 7
-2.500941 -0.856576 1.658811 7
-2.539502 -0.862973 1.655644 7
-2.592524 -0.845631 1.653936 7
-2.635190 -0.846779 1.650922 7
-2.700861 -0.811714 1.650097 7
-2.738893 -0.822367 1.646271 7
-2.762878 -0.855037 1.641017 7
-2.822663 -0.833161 1.639006 7
1.070759 -0.330732 1.698641 1
1.020031 -0.348976 1.701079 1
0.978283 -0.346734 1.704820 1
0.950386 -0.309826 1.710921 1
0.889571 -0.357963 1.710931 1
0.845647 -0.364086 1.713808 1
0.816798 -0.329433 1.719571 1
0.777278 -0.324009 1.723151 1
0.737643 -0.319355 1.726600 1
0.701334 -0.305022 1.730709 1
0.649427 -0.339652 1.731028 1
0.614993 -0.320473 1.735360 1
0.576016 -0.316024 1.738500 1
0.411199 -0.751415 1.707097 1
0.381197 -0.731632 1.711015 1
0.366388 -0.653871 1.719515 1
0.370532 -0.496527 1.734447 1
0.374774 -0.326537 1.750535 1
0.368081 -0.189155 1.764102 1
-0.680590 -0.324313 1.792815 0
-0.711243 -0.509244 1.776451 8
-0.746266 -0.517827 1.776219 8
-0.781500 -0.520044 1.776518 8
-0.815321 -0.544352 1.774721 8
-0.837640 -0.719688 1.758898 7
-0.863626 -0.810852 1.750781 7
-0.895924 -0.815486 1.750616 7
-0.926218 -0.839422 1.748610 7
-0.962546 -0.805834 1.751888 7
-0.991344 -0.840142 1.748819 7
-1.027282 -0.815529 1.751166 7
-1.061557 -0.806682 1.752000 7
-1.096913 -0.792390 1.753288 7
-1.121402 -0.848163 1.748024 7
-1.154459 -0.847773 1.747922 7
-1.185024 -0.861846 1.746428 7
-1.223493 -0.833421 1.748821 7
-1.257320 -0.831634 1.748693 7
-1.288113 -0.845078 1.747104 7
-1.321135 -0.847755 1.746461 7
-1.350884 -0.865043 1.744419 7
-1.389183 -0.845823 1.745688 7
-1.422207 -0.849866 1.744761 7
-1.460879 -0.832480 1.745747 7
-1.497651 -0.824049 1.745851 7
-1.537474 -0.805969 1.746778 7
-1.559268 -0.851808 1.741822 7
-1.591542 -0.860315 1.740221 7
-1.642188 -0.809898 1.743902 7
-1.674248 -0.821111 1.741935 7
-1.725665 -0.774039 1.745160 7
-1.748023 -0.815215 1.740385 7
-1.770740 -0.853548 1.735831 7
-1.817639 -0.823929 1.737288 7
-1.873152 -0.773715 1.740487 7
-1.887322 -0.834045 1.733834 7
-1.920781 -0.843152 1.731663 7
-1.947457 -0.869049 1.727969 7
-1.992720 -0.849918 1.728147 7
-2.028183 -0.855215 1.726131 7
-2.079201 -0.825716 1.727044 7
-2.117886 -0.825598 1.725349 7
-2.142651 -0.856137 1.720979 7
-2.188283 -0.842082 1.720336 7
-2.240720 -0.815458 1.720660 7
-2.264556 -0.848031 1.715952 7
-2.310632 -0.836347 1.714865 7
-2.355725 -0.827803 1.713431 7
-2.397595 -0.826395 1.711328 7
-2.433989 -0.835783 1.708273 7
-2.482343 -0.824169 1.706830 7
-2.508127 -0.853211 1.702066 7
-2.552820 -0.849478 1.699835 7
-2.595829 -0.849487 1.697222 7
-2.654603 -0.824485 1.696445 7
-2.700313 -0.822242 1.693806 7
-2.734082 -0.839623 1.689595 7
-2.777655 -0.842041 1.686432 7
-2.827719 -0.835413 1.683843 7
-2.892063 -0.808821 1.682591 7
1.078599 -0.326594 1.745815 1
1.021397 -0.359865 1.746654 1
0.992342 -0.326174 1.752812 1
0.942467 -0.344305 1.754674 1
0.898605 -0.348548 1.757580 1
0.842432 -0.386941 1.757529 1
0.807522 -0.369494 1.762078 1
0.788029 -0.307738 1.770374 1
0.736420 -0.337440 1.770784 1
0.701513 -0.319068 1.775266 1
0.663787 -0.309096 1.778963 1
0.613905 -0.338655 1.779099 1
0.444569 -0.772164 1.743054 1
0.414175 -0.754231 1.746971 1
0.373345 -0.773281 1.747498 1
0.371555 -0.648228 1.761089 1
0.372102 -0.504833 1.776460 1
0.366440 -0.375521 1.790640 1
0.375666 -0.172978 1.811721 1
0.411248 1.094660 1.943822 1
0.386812 1.252130 1.961548 1
-0.678495 -0.380030 1.830623 8
-0.710473 -0.515570 1.817290 8
-0.745332 -0.528712 1.816508 8
-0.778651 -0.566243 1.813148 8
-0.807620 -0.661320 1.803767 7
-0.835461 -0.747470 1.795241 7
-0.863490 -0.811934 1.788899 7
-0.893743 -0.839538 1.786328 7
-0.927365 -0.829541 1.787616 7
-0.964994 -0.786035 1.792343 7
-0.997537 -0.791860 1.791895 7
-1.028139 -0.812190 1.789889 7
-1.058430 -0.832502 1.787836 7
-1.090991 -0.835715 1.787517 7
-1.123848 -0.837273 1.787322 7
-1.153094 -0.860424 1.784833 7
-1.184778 -0.868115 1.783907 7
-1.221249 -0.850421 1.785573 7
-1.252111 -0.863096 1.784034 7
-1.288799 -0.847431 1.785391 7
-1.317399 -0.870539 1.782674 7
-1.358924 -0.836063 1.785882 7
-1.375662 -0.908279 1.777987 7
-1.426085 -0.840690 1.784516 7
-1.467245 -0.814536 1.786697 7
-1.501442 -0.816699 1.785901 7
-1.539630 -0.805123 1.786467 7
-1.569669 -0.822964 1.783955 7
-1.597128 -0.848763 1.780584 7
-1.636213 -0.836224 1.781090 7
-1.680910 -0.807738 1.783164 7
-1.710545 -0.826900 1.780321 7
-1.749918 -0.817206 1.780361 7
-1.783595 -0.824809 1.778591 7
-1.822234 -0.819035 1.778117 7
-1.858615 -0.820256 1.776880 7
-1.899794 -0.809677 1.776767 7
-1.925989 -0.837991 1.772706 7
-1.977640 -0.803232 1.774877 7
-2.004898 -0.829030 1.770964 7
-2.044886 -0.824674 1.769985 7
-2.081160 -0.829615 1.768026 7
-2.112475 -0.845916 1.764898 7
-2.166332 -0.813724 1.766437 7
-2.195170 -0.836197 1.762590 7
-2.238717 -0.828244 1.761627 7
-2.289235 -0.807471 1.761815 7
-2.307924 -0.850434 1.755845 7
-2.358569 -0.831301 1.755727 7
-2.397004 -0.836497 1.753228 7
-2.435554 -0.841999 1.750634 7
-2.490304 -0.819184 1.750599 7
-2.532663 -0.819693 1.748309 7
-2.583193 -0.807038 1.747145 7
-2.606320 -0.841374 1.741621 7
-2.645133 -0.849462 1.738427 7
-2.708821 -0.818277 1.738666 7
-2.743800 -0.834086 1.734615 7
-2.780346 -0.847666 1.730698 7
-2.846781 -0.816665 1.730584 7
-2.882998 -0.832175 1.726329 7
1.073516 -0.352700 1.790440 1
1.043190 -0.321737 1.796638 1
0.993975 -0.336411 1.798540 1
0.949642 -0.340349 1.801354 1
0.901781 -0.354495 1.803114 1
0.861171 -0.350820 1.806487 1
0.823346 -0.340021 1.810481 1
0.778695 -0.348756 1.812516 1
0.737714 -0.348046 1.815395 1
0.692888 -0.359698 1.816982 1
0.652932 -0.357650 1.819849 1
0.624651 -0.318485 1.826374 1
0.444714 -0.784679 1.781879 1
0.403376 -0.804792 1.782029 1
0.375355 -0.779202 1.786768 1
0.387674 -0.601802 1.807087 1
0.385161 -0.468550 1.822996 1
0.376531 -0.349764 1.837496 1
0.384984 -0.149677 1.860568 1
0.621168 1.311982 2.019255 1
0.416132 0.589818 1.945463 1
0.388649 0.692700 1.958820 1
0.378728 0.899147 1.983295 1
0.368931 1.128321 2.010335 1
-0.640697 -0.400923 1.870549 8
-0.675999 -0.452345 1.865385 8
-0.708317 -0.561727 1.853526 8
-0.743293 -0.564543 1.853789 8
-0.779064 -0.552197 1.855744 8
-0.813008 -0.572888 1.853863 8
-0.833019 -0.778869 1.830633 7
-0.863096 -0.816130 1.826722 7
-0.895890 -0.816852 1.826969 7
-0.927761 -0.827024 1.826082 7
-0.961980 -0.815043 1.827706 7
-0.992428 -0.836539 1.825426 7
-1.030069 -0.800706 1.829716 7
-1.063016 -0.803645 1.829490 7
-1.092973 -0.826599 1.826908 7
-1.132027 -0.790773 1.831069 7
-1.162460 -0.810180 1.828809 7
-1.192613 -0.829619 1.826501 7
-1.218036 -0.872464 1.821448 7
-1.251319 -0.872433 1.821300 7
-1.289157 -0.851350 1.823536 7
-1.319641 -0.866145 1.821590 7
-1.362724 -0.825593 1.825974 7
-1.394595 -0.835649 1.824482 7
-1.419058 -0.875044 1.819574 7
-1.455361 -0.866606 1.820121 7
-1.507150 -0.802325 1.827023 7
-1.539868 -0.811104 1.825491 7
-1.565013 -0.845835 1.820947 7
-1.615243 -0.795836 1.826040 7
-1.646595 -0.810166 1.823732 7
-1.679721 -0.818721 1.822038 7
-1.725278 -0.790156 1.824512 7
-1.748921 -0.827597 1.819443 7
-1.776122 -0.853422 1.815654 7
-1.826863 -0.814090 1.819174 7
-1.855980 -0.835036 1.815840 7
-1.899622 -0.818031 1.816722 7
-1.916855 -0.868819 1.809956 7
-1.955210 -0.866034 1.809144 7
-2.013024 -0.817885 1.813317 7
-2.039321 -0.845776 1.808974 7
-2.073392 -0.855424 1.806609 7
-2.111729 -0.855915 1.805200 7
-2.163353 -0.828628 1.806777 7
-2.202530 -0.829380 1.805210 7
-2.248540 -0.816878 1.805023 7
-2.284528 -0.825640 1.802459 7
-2.326769 -0.822571 1.801115 7
-2.363702 -0.830459 1.798528 7
-2.395187 -0.848850 1.794762 7
-2.429477 -0.862077 1.791497 7
-2.504624 -0.802969 1.795814 7
-2.543533 -0.810107 1.793037 7
-2.576404 -0.827970 1.789078 7
-2.629516 -0.812221 1.788553 7
-2.666016 -0.824953 1.784998 7
-2.707719 -0.829669 1.782203 7
-2.742445 -0.845883 1.778168 7
-2.800048 -0.827307 1.777587 7
-2.848828 -0.823517 1.775415 7
-2.896677 -0.822086 1.772918 7
-2.967654 -0.788345 1.773519 7
1.077655 -0.357201 1.836819 1
1.045102 -0.331422 1.842671 1
0.994737 -0.348754 1.843938 1
0.956099 -0.338276 1.848065 1
0.917980 -0.326649 1.852259 1
0.884589 -0.302513 1.857751 1
0.826354 -0.346047 1.855860 1
0.781668 -0.354632 1.857660 1
0.736773 -0.365144 1.859170 1
0.707487 -0.330022 1.865651 1
0.669620 -0.320083 1.869312 1
0.618665 -0.352388 1.868192 1
0.448849 -0.783839 1.822025 1
0.412873 -0.784940 1.823992 1
0.381052 -0.771914 1.827512 1
0.379042 -0.647759 1.843706 1
0.373575 -0.527808 1.859504 1
0.382650 -0.340225 1.883192 1
0.389064 -0.148560 1.907501 1
0.425443 0.190505 1.949132 1
0.394426 0.251364 1.958482 1
0.381146 0.402375 1.978427 1
0.376629 0.611913 2.005361 1
-0.566600 -0.413015 1.910347 8
-0.602842 -0.468806 1.904177 8
-0.638701 -0.480249 1.903495 8
-0.671893 -0.589950 1.890439 8
-0.707488 -0.569969 1.893591 8
-0.742159 -0.580102 1.892919 8
-0.775906 -0.604315 1.890428 8
-0.798853 -0.791630 1.867322 7
-0.827825 -0.847870 1.860670 7
-0.862679 -0.820604 1.864513 7
-0.895712 -0.819269 1.865044 7
-0.929703 -0.809408 1.866614 7
-0.962101 -0.816040 1.866058 7
-0.990137 -0.858014 1.860984 7
-1.026855 -0.828348 1.864944 7
-1.059399 -0.832894 1.864530 7
-1.093575 -0.826643 1.865444 7
-1.127130 -0.825600 1.865658 7
-1.161896 -0.818189 1.866640 7
-1.191346 -0.841587 1.863672 7
-1.220894 -0.862626 1.860962 7
-1.257088 -0.849071 1.862601 7
-1.295481 -0.826965 1.865282 7
-1.325998 -0.843147 1.863066 7
-1.353724 -0.870608 1.859382 7
-1.396108 -0.835563 1.863574 7
-1.434672 -0.819174 1.865357 7
-1.466772 -0.829405 1.863728 7
-1.502568 -0.825890 1.863795 7
-1.531921 -0.846096 1.860824 7
-1.577630 -0.809580 1.864965 7
-1.601825 -0.847229 1.859713 7
-1.641033 -0.835102 1.860686 7
-1.669573 -0.857325 1.857297 7
-1.724878 -0.798807 1.863994 7
-1.762306 -0.796323 1.863607 7
-1.793191 -0.813019 1.860774 7
-1.830465 -0.811986 1.860113 7
-1.864193 -0.821065 1.858143 7
-1.904232 -0.814072 1.858126 7
-1.929332 -0.845494 1.853294 7
-1.974241 -0.827710 1.854513 7
-2.011569 -0.829501 1.853257 7
-2.041914 -0.847990 1.849896 7
-2.076914 -0.855767 1.847808 7
-2.121255 -0.843392 1.848138 7
-2.159941 -0.844411 1.846772 7
-2.211093 -0.820115 1.848428 7
-2.243933 -0.834942 1.845269 7
-2.291776 -0.820010 1.845658 7
-2.314577 -0.855063 1.839961 7
-2.375161 -0.817668 1.842920 7
-2.396899 -0.854634 1.836906 7
-2.437779 -0.856054 1.835092 7
-2.504662 -0.812148 1.838584 7
-2.536161 -0.832182 1.834429 7
-2.577339 -0.835739 1.832162 7
-2.604007 -0.863978 1.826951 7
-2.667346 -0.832330 1.828661 7
-2.732499 -0.799929 1.830351 7
-2.756903 -0.833055 1.824397 7
-2.827568 -0.795194 1.826524 7
-2.843358 -0.841579 1.818954 7
-2.930835 -0.782162 1.823318 7
-2.955244 -0.816312 1.817019 7
1.082631 -0.359778 1.883464 1
1.055307 -0.321344 1.890931 1
1.013652 -0.316664 1.894416 1
0.963229 -0.334571 1.895166 1
0.926520 -0.318853 1.899830 1
0.884340 -0.317572 1.902722 1
0.842700 -0.315533 1.905642 1
0.787459 -0.352557 1.903769 1
0.760737 -0.309649 1.911525 1
0.713758 -0.325635 1.912063 1
0.669003 -0.336546 1.913145 1
0.633673 -0.318725 1.917711 1
0.446043 -0.806087 1.859442 1
0.409342 -0.810081 1.860918 1
0.384277 -0.773538 1.867426 1
0.385604 -0.637151 1.886507 1
0.386919 -0.490701 1.906960 1
0.377666 -0.375288 1.923573 1
0.391793 -0.153140 1.953870 1
0.391163 0.023538 1.978512 1
0.373399 0.137542 1.995215 1
-0.565621 -0.412852 1.953223 8
-0.601927 -0.478156 1.945132 8
-0.636992 -0.542657 1.937083 8
-0.671683 -0.572694 1.933680 8
-0.706119 -0.593861 1.931442 8
-0.740605 -0.605211 1.930502 8
-0.764794 -0.804332 1.903753 7
-0.797576 -0.808073 1.903746 7
-0.830891 -0.804100 1.904763 7
-0.861354 -0.836026 1.900803 7
-0.895187 -0.825439 1.902655 7
-0.932411 -0.784316 1.908684 7
-0.961195 -0.826203 1.903231 7
-0.992101 -0.844553 1.900984 7
-1.030780 -0.801734 1.907146 7
-1.061912 -0.818768 1.905007 7
-1.094342 -0.825611 1.904237 7
-1.134435 -0.784678 1.910037 7
-1.167150 -0.792192 1.909101 7
-1.195010 -0.826300 1.904449 7
-1.221865 -0.862714 1.899440 7
-1.256354 -0.858137 1.900064 7
-1.294323 -0.838117 1.902786 7
-1.320373 -0.874410 1.897682 7
-1.364501 -0.829986 1.903702 7
-1.392639 -0.856125 1.899928 7
-1.428124 -0.851574 1.900358 7
-1.459747 -0.862736 1.898579 7
-1.509930 -0.805519 1.906198 7
-1.545824 -0.803673 1.906132 7
-1.578092 -0.814966 1.904215 7
-1.609478 -0.829024 1.901879 7
-1.652265 -0.806491 1.904539 7
-1.690500 -0.800093 1.904934 7
-1.731695 -0.785928 1.906351 7
-1.764885 -0.796427 1.904339 7
-1.808525 -0.777684 1.906291 7
-1.767234 -0.991620 1.876383 5
-1.795852 -1.009295 1.873309 5
-1.843902 -0.976758 1.877043 5
-1.869301 -1.003164 1.872700 5
-1.905645 -1.002230 1.872040 5
-1.927063 -1.037251 1.866461 5
-2.059506 -0.815718 1.895563 7
-2.094738 -0.824083 1.893459 7
-2.131809 -0.828716 1.891814 7
-2.186269 -0.796784 1.895035 7
-2.201594 -0.848467 1.886977 7
-2.255809 -0.819511 1.889685 7
-2.278013 -0.856044 1.883588 7
-2.314712 -0.863576 1.881321 7
-2.363264 -0.849105 1.881924 7
-2.422612 -0.816100 1.884910 7
-2.435572 -0.869062 1.876487 7
-2.493182 -0.841641 1.878608 7
-2.550716 -0.816319 1.880371 7
-2.584252 -0.833403 1.876522 7
-2.657158 -0.785489 1.881071 7
-2.691947 -0.802062 1.877166 7
-2.719007 -0.831000 1.871622 7
-2.781345 -0.804858 1.873110 7
-2.813295 -0.826770 1.868364 7
-2.858573 -0.828806 1.866103 7
-2.912661 -0.818773 1.865301 7
-2.959704 -0.820064 1.862989 7
-2.981699 -0.857228 1.856114 7
1.102817 -0.327254 1.934716 1
1.062609 -0.318275 1.938695 1
0.997639 -0.369952 1.934752 1
0.967331 -0.338525 1.941518 1
0.926210 -0.333958 1.944744 1
0.883081 -0.335247 1.947145 1
0.849126 -0.312367 1.952687 1
0.798996 -0.334380 1.952225 1
0.755927 -0.338078 1.954129 1
0.716210 -0.332758 1.957184 1
0.675891 -0.329728 1.959882 1
0.633641 -0.333436 1.961616 1
0.450063 -0.805633 1.899556 1
0.404957 -0.838003 1.897006 1
0.386932 -0.777219 1.907150 1
0.386939 -0.645948 1.927018 1
0.388472 -0.499129 1.949124 1
0.388836 -0.345660 1.972253 1
0.383639 -0.203012 1.993979 1
0.371198 -0.079985 2.013053 1
-0.564910 -0.475132 1.987028 8
-0.600756 -0.535937 1.978853 8
-0.635271 -0.607483 1.969029 8
-0.670682 -0.587153 1.972741 8
-0.704145 -0.635544 1.966240 8
-0.733882 -0.747803 1.950209 7
-0.763909 -0.814756 1.940837 7
-0.796436 -0.822377 1.940233 7
-0.829023 -0.827717 1.939933 7
-0.861968 -0.828061 1.940344 7
-0.894283 -0.835705 1.939633 7
-0.930989 -0.799589 1.945417 7
-0.963021 -0.812007 1.943929 7
-0.994873 -0.824501 1.942393 7
-1.028107 -0.825236 1.942580 7
-1.063441 -0.811635 1.944879 7
-1.095631 -0.821148 1.943687 7
-1.128907 -0.823366 1.943553 7
-1.157115 -0.855493 1.938905 7
-1.199604 -0.805951 1.946457 7
-1.233041 -0.809484 1.946025 7
-1.262394 -0.833560 1.942480 7
-1.294151 -0.844589 1.940856 7
-1.333218 -0.822230 1.944202 7
-1.363497 -0.840367 1.941445 7
-1.393420 -0.859067 1.938569 7
-1.431312 -0.845266 1.940528 7
-1.473076 -0.818420 1.944405 7
-1.509087 -0.815323 1.944689 7
-1.544136 -0.816484 1.944299 7
-1.580758 -0.812844 1.944592 7
-1.606608 -0.845510 1.939420 7
-1.654582 -0.806346 1.944948 7
-1.625891 -1.005966 1.914784 5
-1.643393 -1.056106 1.906926 5
-1.676841 -1.057793 1.906267 5
-1.701447 -1.084709 1.901817 5
-1.740760 -1.070758 1.903416 5
-1.768633 -1.088366 1.900286 5
-1.815498 -1.056999 1.904393 5
-1.858282 -1.038152 1.906596 5
-1.874093 -1.086268 1.898841 5
-1.920780 -1.059714 1.902104 5
-1.952584 -1.069345 1.899976 5
-1.981530 -1.085524 1.896848 5
-2.011956 -1.098318 1.894185 5
-2.050264 -1.094389 1.893944 5
-2.217268 -0.824521 1.932635 7
-2.255671 -0.828496 1.931073 7
-2.316811 -0.788109 1.935942 7
-2.335293 -0.832638 1.928370 7
-2.392745 -0.802433 1.931639 7
-2.426375 -0.818226 1.928169 7
-2.480007 -0.798074 1.929859 7
-2.509755 -0.821629 1.925178 7
-2.544194 -0.836863 1.921659 7
-2.597979 -0.819642 1.922755 7
-2.645591 -0.814127 1.922108 7
-2.704989 -0.790647 1.923962 7
-2.753248 -0.786561 1.922981 7
-2.794291 -0.794636 1.920215 7
-2.806078 -0.847519 1.911071 7
-2.858223 -0.839234 1.910523 7
-2.903562 -0.842024 1.908353 7
-2.948092 -0.846718 1.905856 7
-2.989844 -0.855973 1.902666 7
1.102512 -0.342174 1.980271 1
1.062694 -0.332333 1.984292 1
1.010143 -0.353681 1.983840 1
0.970795 -0.344094 1.987717 1
0.924427 -0.352783 1.988932 1
0.886845 -0.339576 1.993232 1
0.831072 -0.375851 1.990347 1
0.801979 -0.340361 1.997777 1
0.756897 -0.349644 1.998676 1
0.724080 -0.323722 2.004662 1
0.683610 -0.320451 2.007303 1
0.642322 -0.320341 2.009433 1
0.438180 -0.857632 1.932067 1
0.408614 -0.838306 1.936673 1
0.385294 -0.796106 1.944665 1
0.394194 -0.632971 1.970720 1
0.381366 -0.540612 1.986288 1
0.369780 -0.436465 2.003674 1
-0.564165 -0.523812 2.021720 8
-0.599704 -0.575014 2.014376 8
-0.635156 -0.565380 2.016661 8
-0.669684 -0.601644 2.011604 8
-0.700494 -0.726535 1.992359 7
-0.731156 -0.800164 1.981226 7
-0.764848 -0.791169 1.983250 7
-0.797838 -0.796586 1.982940 7
-0.832875 -0.773127 1.987225 7
-0.863239 -0.812162 1.981465 7
-0.896343 -0.813970 1.981640 7
-0.931398 -0.796971 1.984805 7
-0.964540 -0.800568 1.984635 7
-0.992970 -0.842778 1.978222 7
-1.030019 -0.813953 1.983205 7
-1.058833 -0.847798 1.978071 7
-1.097593 -0.812268 1.984080 7
-1.131911 -0.809186 1.984835 7
-1.162271 -0.830119 1.981686 7
-1.191081 -0.857894 1.977401 7
-1.229184 -0.834882 1.981280 7
-1.268281 -0.809838 1.985459 7
-1.295467 -0.844031 1.980044 7
-1.330517 -0.840288 1.980724 7
-1.364787 -0.840850 1.980679 7
-1.402648 -0.827169 1.982902 7
-1.433945 -0.841203 1.980619 7
-1.477909 -0.806600 1.986159 7
-1.501194 -0.850897 1.978927 7
-1.541673 -0.831998 1.981868 7
-1.525080 -1.008997 1.953159 5
-1.546964 -1.048181 1.946671 5
-1.572276 -1.074475 1.942236 5
-1.611034 -1.058429 1.944600 5
-1.641283 -1.069273 1.942597 5
-1.677543 -1.062768 1.943359 5
-1.718001 -1.045570 1.945809 5
-1.729531 -1.108301 1.935369 5
-1.781111 -1.062780 1.942308 5
-1.805321 -1.090351 1.937466 5
-1.860984 -1.038941 1.945269 5
-1.883564 -1.070863 1.939667 5
-1.910215 -1.092163 1.935742 5
-1.952686 -1.076786 1.937656 5
-1.999680 -1.052763 1.940910 5
-2.032126 -1.062239 1.938774 5
-2.064911 -1.071197 1.936689 5
-2.110086 -1.054769 1.938610 5
-2.136632 -1.077406 1.934279 5
-2.295013 -0.839937 1.971186 7
-2.329933 -0.851805 1.968440 7
-2.382149 -0.831367 1.970766 7
-2.439438 -0.803299 1.974241 7
-2.464750 -0.834669 1.968292 7
-2.526358 -0.801712 1.972432 7
-2.559789 -0.819361 1.968563 7
-2.605864 -0.815806 1.967980 7
-2.657500 -0.804068 1.968624 7
-2.698071 -0.811439 1.966232 7
-2.748346 -0.804047 1.966091 7
-2.780166 -0.826247 1.961304 7
-2.830367 -0.820625 1.960785 7
-2.873543 -0.826471 1.958440 7
-2.912250 -0.839415 1.954952 7
-2.972478 -0.822163 1.956052 7
-2.971054 -0.892233 1.943727 7
1.095798 -0.371734 2.023411 1
1.047883 -0.381411 2.024356 1
1.017605 -0.349779 2.031605 1
0.974369 -0.349405 2.034004 1
0.921971 -0.373248 2.032592 1
0.912521 -0.286276 2.048384 1
0.844649 -0.353220 2.040138 1
0.821908 -0.299040 2.050794 1
0.761153 -0.351717 2.044621 1
0.729669 -0.321588 2.051441 1
0.617172 -0.538887 2.018991 1
0.491285 -0.814120 1.977054 1
0.451616 -0.826169 1.976824 1
0.411733 -0.840484 1.976183 1
0.382979 -0.817290 1.981516 1
0.385431 -0.678773 2.005413 1
-0.563411 -0.566028 2.056554 8
-0.598850 -0.576479 2.055563 8
-0.634268 -0.574927 2.056587 8
-0.666013 -0.726082 2.031507 7
-0.700753 -0.703505 2.036040 7
-0.730415 -0.807452 2.018902 7
-0.764676 -0.788230 2.022800 7
-0.797826 -0.793056 2.022554 7
-0.829742 -0.814060 2.019503 7
-0.863516 -0.808253 2.021026 7
-0.897655 -0.800315 2.022891 7
-0.931794 -0.794493 2.024368 7
-0.963751 -0.809706 2.022198 7
-0.999090 -0.795379 2.025088 7
-1.030686 -0.812131 2.022597 7
-1.067891 -0.787639 2.027192 7
-1.100102 -0.799832 2.025432 7
-1.131651 -0.815223 2.023091 7
-1.164693 -0.820739 2.022428 7
-1.203952 -0.792084 2.027647 7
-1.233376 -0.818280 2.023354 7
-1.271100 -0.801400 2.026486 7
-1.294968 -0.852050 2.017904 7
-1.326572 -0.863896 2.016009 7
-1.365134 -0.845405 2.019340 7
-1.395876 -0.861297 2.016690 7
-1.436900 -0.835904 2.021165 7
-1.471541 -0.837359 2.020962 7
-1.512018 -0.818030 2.024333 7
-1.495739 -1.000330 1.992742 5
-1.519174 -1.035605 1.986598 5
-1.542130 -1.070616 1.980475 5
-1.585502 -1.039305 1.985815 5
-1.593832 -1.117867 1.972099 5
-1.644797 -1.065748 1.980987 5
-1.668901 -1.094566 1.975835 5
-1.703182 -1.093937 1.975754 5
-1.742478 -1.080422 1.977874 5
-1.773624 -1.089685 1.976026 5
-1.814820 -1.073450 1.978557 5
-1.840899 -1.096192 1.974326 5
-1.885491 -1.073736 1.977870 5
-1.911090 -1.097659 1.973382 5
-1.951601 -1.086930 1.974841 5
-1.996048 -1.068651 1.977568 5
-2.034491 -1.064977 1.977746 5
-2.064774 -1.079409 1.974779 5
-2.095475 -1.092950 1.971937 5
-2.142260 -1.074145 1.974618 5
-2.186545 -1.061832 1.976146 5
-2.343969 -0.833690 2.014583 7
-2.372432 -0.858538 2.009636 7
-2.431707 -0.826578 2.014362 7
-2.479670 -0.817075 2.015207 7
-2.527505 -0.809000 2.015765 7
-2.569234 -0.812525 2.014307 7
-2.597451 -0.839329 2.008858 7
-2.642569 -0.838090 2.008136 7
-2.675370 -0.857472 2.003882 7
-2.741397 -0.824692 2.008407 7
-2.777179 -0.840602 2.004659 7
-2.824649 -0.839102 2.003806 7
-2.872703 -0.837655 2.002898 7
-2.899899 -0.867257 1.996738 7
-2.968612 -0.837782 2.000431 7
-3.002439 -0.858746 1.995637 7
-3.068788 -0.835573 1.998156 7
1.161617 -0.337584 2.074238 1
1.107622 -0.358793 2.073048 1
1.077910 -0.325020 2.080906 1
1.029929 -0.334247 2.081600 1
0.983498 -0.340977 2.082654 1
0.935571 -0.352716 2.082818 1
0.897040 -0.341321 2.086814 1
0.850723 -0.351067 2.087214 1
0.807613 -0.353284 2.088836 1
0.626299 -0.752879 2.023010 1
0.560263 -0.837567 2.010319 1
0.526487 -0.829886 2.013269 1
0.483626 -0.851081 2.011253 1
0.444805 -0.861210 2.011081 1
0.434109 -0.777470 2.027013 1
-0.562552 -0.584045 2.094975 8
-0.598115 -0.551869 2.101614 8
-0.631187 -0.736866 2.068719 7
-0.666299 -0.688425 2.078253 7
-0.696972 -0.799351 2.058718 7
-0.729794 -0.811992 2.057060 7
-0.764918 -0.777514 2.063986 7
-0.796666 -0.807664 2.059079 7
-0.831672 -0.785699 2.063681 7
-0.865083 -0.788774 2.063678 7
-0.899176 -0.784417 2.065016 7
-0.935805 -0.756756 2.070609 7
-0.963432 -0.814652 2.060470 7
-0.995999 -0.823383 2.059331 7
-1.032583 -0.801019 2.063889 7
-1.068396 -0.787803 2.066745 7
-1.104680 -0.773831 2.069721 7
-1.135494 -0.795942 2.066026 7
-1.169411 -0.798069 2.065990 7
-1.206414 -0.783633 2.068987 7
-1.233974 -0.820449 2.062501 7
-1.264233 -0.840869 2.059015 7
-1.302862 -0.820574 2.063027 7
-1.334549 -0.833927 2.060799 7
-1.370941 -0.826537 2.062381 7
-1.393775 -0.876125 2.053402 7
-1.431587 -0.863250 2.055953 7
-1.423144 -1.027203 2.025755 5
-1.440651 -1.084769 2.015216 5
-1.488161 -1.033412 2.024817 5
-1.511844 -1.066947 2.018680 5
-1.551611 -1.046227 2.022566 5
-1.585061 -1.047452 2.022366 5
-1.615522 -1.058340 2.020354 5
-1.637370 -1.094603 2.013620 5
-1.675328 -1.083103 2.015708 5
-1.706452 -1.091893 2.014016 5
-1.746650 -1.076341 2.016808 5
-1.765782 -1.117423 2.009092 5
-1.813109 -1.085149 2.014931 5
-1.860100 -1.056134 2.020139 5
-1.884099 -1.084604 2.014688 5
-1.931082 -1.058441 2.019316 5
-1.975855 -1.039339 2.022610 5
-2.012832 -1.039188 2.022375 5
-2.024495 -1.094471 2.011880 5
-2.081707 -1.051616 2.019477 5
-2.120512 -1.049408 2.019543 5
-2.159482 -1.047663 2.019495 5
-2.202358 -1.039044 2.020686 5
-2.344083 -0.842354 2.056457 7
-2.400687 -0.814618 2.061074 7
-2.427522 -0.843296 2.055285 7
-2.480197 -0.825320 2.058039 7
-2.538013 -0.799949 2.062110 7
-2.560085 -0.837518 2.054607 7
-2.586251 -0.867420 2.048487 7
-2.627810 -0.871686 2.047033 7
-2.694334 -0.836654 2.052721 7
-2.732525 -0.848276 2.049850 7
-2.785538 -0.837529 2.051022 7
-2.827045 -0.845342 2.048774 7
-2.865748 -0.857813 2.045647 7
-2.916798 -0.852861 2.045647 7
-2.939940 -0.888358 2.038279 7
-3.039528 -0.817626 2.050100 7
-3.063343 -0.853274 2.042632 7
1.151979 -0.373158 2.116265 1
1.114398 -0.357500 2.121152 1
1.073763 -0.348970 2.124745 1
1.033386 -0.340182 2.128352 1
0.992592 -0.332760 2.131684 1
0.953037 -0.322590 2.135478 1
0.780022 -0.661229 2.076368 1
0.682151 -0.818720 2.049632 1
0.637930 -0.837845 2.047788 1
0.606547 -0.822174 2.052216 1
0.565489 -0.834727 2.051487 1
0.524562 -0.848396 2.050512 1
0.498351 -0.817333 2.057683 1
-0.522166 -0.325194 2.185720 8
-0.561361 -0.539357 2.145255 8
-0.597220 -0.560167 2.142037 8
-0.631033 -0.696989 2.116346 7
-0.664756 -0.726413 2.111376 7
-0.696013 -0.812366 2.095415 7
-0.729387 -0.811632 2.096222 7
-0.763997 -0.788551 2.101352 7
-0.795885 -0.816298 2.096588 7
-0.830954 -0.793588 2.101614 7
-0.865025 -0.788900 2.103119 7
-0.900138 -0.774560 2.106488 7
-0.932153 -0.793777 2.103295 7
-0.967371 -0.781738 2.106180 7
-1.000369 -0.790392 2.105006 7
-1.034566 -0.789296 2.105718 7
-1.066187 -0.807058 2.102720 7
-1.105997 -0.769333 2.110565 7
-1.133885 -0.810333 2.102973 7
-1.168714 -0.806894 2.104067 7
-1.202507 -0.810136 2.103831 7
-1.235243 -0.819143 2.102444 7
-1.270394 -0.815959 2.103431 7
-1.307814 -0.803048 2.106311 7
-1.331243 -0.854646 2.096491 7
-1.364980 -0.858176 2.096098 7
-1.402022 -0.848469 2.098290 7
-1.388148 -1.040551 2.060739 5
-1.410281 -1.082018 2.052804 5
-1.449190 -1.059929 2.057366 5
-1.487617 -1.041754 2.061141 5
-1.524961 -1.029140 2.063804 5
-1.555360 -1.040655 2.061692 5
-1.584029 -1.057456 2.058519 5
-1.620177 -1.050994 2.059914 5
-1.639091 -1.096385 2.051060 5
-1.682939 -1.068338 2.056676 5
-1.702318 -1.110399 2.048439 5
-1.745915 -1.085496 2.053397 5
-1.776941 -1.095477 2.051453 5
-1.816477 -1.083950 2.053733 5
-1.851662 -1.084428 2.053624 5
-1.893279 -1.070104 2.056417 5
-1.923509 -1.083772 2.053665 5
-1.961341 -1.080109 2.054313 5
-2.023733 -1.022931 2.065497 5
-2.046578 -1.054645 2.059124 5
-2.096813 -1.027844 2.064270 5
-2.111519 -1.075953 2.054624 5
-2.158295 -1.058215 2.057938 5
-2.202134 -1.047761 2.059793 5
-2.231015 -1.067054 2.055765 5
-2.395823 -0.832725 2.101647 7
-2.442301 -0.825417 2.102791 7
-2.478052 -0.838321 2.099933 7
-2.502433 -0.871235 2.093118 7
-2.553911 -0.857353 2.095478 7
-2.607038 -0.842126 2.098072 7
-2.642701 -0.856823 2.094762 7
-2.686307 -0.859046 2.093875 7
-2.722169 -0.874090 2.090447 7
-2.784109 -0.849482 2.094759 7
-2.836563 -0.840938 2.095891 7
-2.870672 -0.860492 2.091496 7
-2.934967 -0.836779 2.095527 7
-2.982781 -0.838089 2.094636 7
-3.011305 -0.866829 2.088366 7
-3.075448 -0.847217 2.091488 7
1.177925 -0.329922 2.172579 1
1.128788 -0.339016 2.172785 1
1.077799 -0.353757 2.171870 1
0.990881 -0.456086 2.154167 1
0.785680 -0.855776 2.079363 1
0.756625 -0.833594 2.085176 1
0.710307 -0.855750 2.082446 1
0.682132 -0.831317 2.088658 1
0.632071 -0.866531 2.083329 1
0.611904 -0.819523 2.093878 1
-0.521458 -0.352561 2.224943 8
-0.560373 -0.535431 2.188405 8
-0.595498 -0.766821 2.141835 7
-0.629390 -0.762237 2.143515 7
-0.663888 -0.736504 2.149520 7
-0.695132 -0.823139 2.132441 7
-0.729617 -0.796524 2.138593 7
-0.761582 -0.827630 2.132862 7
-0.797837 -0.781613 2.142989 7
-0.830915 -0.792164 2.141455 7
-0.863624 -0.805239 2.139381 7
-0.900172 -0.774704 2.146293 7
-0.935677 -0.760838 2.149755 7
-0.967807 -0.780002 2.146374 7
-0.998689 -0.806863 2.141378 7
-1.035770 -0.783485 2.146766 7
-1.074045 -0.755611 2.153079 7
-1.104661 -0.782256 2.148072 7
-1.135217 -0.806598 2.143521 7
-1.163875 -0.839720 2.137124 7
-1.199289 -0.832811 2.139025 7
-1.237710 -0.811658 2.143877 7
-1.270921 -0.818908 2.142806 7
-1.308135 -0.807322 2.145642 7
-1.344881 -0.799522 2.147677 7
-1.372032 -0.834080 2.140866 7
-1.357130 -1.038551 2.098578 5
-1.370853 -1.114521 2.083058 5
-1.403337 -1.114316 2.083418 5
-1.446184 -1.077112 2.091496 5
-1.474496 -1.094048 2.088248 5
-1.505527 -1.101213 2.087027 5
-1.550757 -1.062300 2.095432 5
-1.583122 -1.067056 2.094688 5
-1.620615 -1.056529 2.097129 5
-1.657966 -1.047715 2.099198 5
-1.681919 -1.078273 2.093005 5
-1.711884 -1.090988 2.090532 5
-1.736955 -1.116704 2.085318 5
-1.771708 -1.116348 2.085554 5
-1.816695 -1.090758 2.091067 5
-1.847588 -1.101892 2.088863 5
-1.894181 -1.075512 2.094515 5
-1.946136 -1.038714 2.102339 5
-1.969780 -1.068688 2.096135 5
-2.023297 -1.031825 2.103943 5
-2.065469 -1.021924 2.106077 5
-2.090134 -1.049943 2.100234 5
-2.122796 -1.060914 2.097953 5
-2.137815 -1.107288 2.088223 5
-2.199451 -1.061269 2.097873 5
-2.248156 -1.042728 2.101736 5
-2.281793 -1.053785 2.099369 5
-2.444493 -0.830551 2.146158 7
-2.480211 -0.843655 2.143320 7
-2.507582 -0.871460 2.137379 7
-2.557544 -0.860476 2.139558 7
-2.592993 -0.874875 2.136391 7
-2.653948 -0.848015 2.141857 7
-2.702358 -0.843072 2.142705 7
-2.722785 -0.882728 2.134184 7
-2.791414 -0.848110 2.141207 7
-2.816931 -0.880108 2.134252 7
-2.905668 -0.819260 2.146716 7
-2.929088 -0.855271 2.138878 7
-2.987616 -0.841478 2.141441 7
-3.023407 -0.860380 2.137140 7
-3.088654 -0.839773 2.141075 7
1.196914 -0.302386 2.227050 1
0.968592 -0.715179 2.145138 1
0.892245 -0.798403 2.129774 1
0.838315 -0.833512 2.124105 1
0.795037 -0.845219 2.123155 1
0.770742 -0.810488 2.131663 1
0.728093 -0.822039 2.130696 1
-0.520902 -0.388848 2.261810 8
-0.559658 -0.578987 2.221578 8
-0.595355 -0.596000 2.218700 8
-0.629493 -0.702482 2.196427 7
-0.664360 -0.689803 2.199923 7
-0.695465 -0.797657 2.177262 7
-0.727401 -0.837810 2.169245 7
-0.762958 -0.795524 2.179120 7
-0.795685 -0.811954 2.176225 7
-0.828648 -0.821284 2.174858 7
-0.859246 -0.857529 2.167609 7
-0.898618 -0.791985 2.182539 7
-0.930327 -0.814377 2.178283 7
-0.966931 -0.789938 2.184241 7
-1.001045 -0.790389 2.184752 7
-1.032908 -0.808373 2.181414 7
-1.071944 -0.774134 2.189498 7
-1.107570 -0.767361 2.191561 7
-1.140380 -0.779358 2.189497 7
-1.174371 -0.783741 2.189090 7
-1.213265 -0.761475 2.194524 7
-1.247540 -0.766096 2.194043 7
-1.279968 -0.779976 2.191512 7
-1.309889 -0.804900 2.186535 7
-1.349448 -0.785128 2.191385 7
-1.322048 -1.053564 2.132701 5
-1.342067 -1.106031 2.121566 5
-1.378565 -1.090204 2.125481 5
-1.412301 -1.086618 2.126686 5
-1.452371 -1.060964 2.132758 5
-1.481959 -1.074368 2.130191 5
-1.524857 -1.042661 2.137590 5
-1.565842 -1.019980 2.142988 5
-1.581871 -1.077726 2.130571 5
-1.618978 -1.068367 2.132998 5
-1.670214 -1.018750 2.144342 5
-1.687778 -1.068635 2.133618 5
-1.709492 -1.104677 2.125945 5
-1.746787 -1.097521 2.127843 5
-1.765441 -1.139844 2.118745 5
-1.826841 -1.072515 2.133989 5
-1.850298 -1.102665 2.127570 5
-1.887626 -1.098724 2.128715 5
-1.931024 -1.081552 2.132793 5
-1.977579 -1.058809 2.138102 5
-2.035680 -1.012478 2.148655 5
-2.068164 -1.024177 2.146282 5
-2.103819 -1.029348 2.145350 5
-2.112046 -1.090962 2.131832 5
-2.158361 -1.074423 2.135711 5
-2.189924 -1.088057 2.132855 5
-2.249531 -1.048510 2.141843 5
-2.284930 -1.056411 2.140242 5
-2.340913 -1.027377 2.146867 5
-2.432862 -0.936695 2.167237 5
-2.529211 -0.843197 2.188230 7
-2.567506 -0.852913 2.186182 7
-2.616353 -0.845538 2.187934 7
-2.654063 -0.857346 2.185390 7
-2.725020 -0.816759 2.194531 7
-2.762326 -0.830956 2.191426 7
-2.817981 -0.817532 2.194474 7
-2.842462 -0.851911 2.186834 7
-2.900481 -0.836880 2.190212 7
-2.968898 -0.808504 2.196555 7
-3.007015 -0.824542 2.192964 7
-3.068979 -0.808178 2.196593 7
-3.091674 -0.846109 2.188081 7
1.181559 -0.541408 2.222215 1
0.983360 -0.871673 2.152885 1
0.975288 -0.802852 2.169021 1
0.912229 -0.854924 2.159165 1
0.884204 -0.829562 2.165947 1
0.855298 -0.805639 2.172418 1
0.807213 -0.827921 2.168887 1
-0.519534 -0.373516 2.309792 8
-0.558814 -0.598675 2.259378 8
-0.594386 -0.625627 2.254036 8
-0.628794 -0.699640 2.237934 7
-0.664184 -0.669978 2.245469 7
-0.694544 -0.809497 2.214332 7
-0.728055 -0.812776 2.214301 7
-0.761825 -0.810547 2.215522 7
-0.794171 -0.832199 2.211261 7
-0.828632 -0.819535 2.214855 7
-0.863368 -0.807165 2.218380 7
-0.893366 -0.849150 2.209408 7
-0.929995 -0.819013 2.217002 7
-0.964558 -0.813150 2.219012 7
-0.997570 -0.821499 2.217742 7
-1.039166 -0.764503 2.231529 7
-1.073117 -0.769706 2.230975 7
-1.101424 -0.811775 2.221897 7
-1.142217 -0.772618 2.231571 7
-1.177157 -0.772497 2.232222 7
-1.213313 -0.766381 2.234254 7
-1.245539 -0.781866 2.231275 7
-1.276369 -0.803280 2.226909 7
-1.305800 -0.829817 2.221340 7
-1.298071 -1.020207 2.177707 5
-1.307645 -1.120676 2.154898 5
-1.342394 -1.110503 2.157778 5
-1.380735 -1.087696 2.163596 5
-1.413068 -1.089863 2.163599 5
-1.453125 -1.064550 2.170000 5
-1.488578 -1.057737 2.172087 5
-1.509638 -1.100327 2.162643 5
-1.551790 -1.072253 2.169680 5
-1.579164 -1.092938 2.165327 5
-1.631810 -1.036397 2.179017 5
-1.674977 -1.011874 2.185227 5
-1.701627 -1.036399 2.179956 5
-1.724401 -1.070737 2.172374 5
-1.744411 -1.111054 2.163374 5
-1.771407 -1.131560 2.159004 5
-1.825282 -1.083866 2.170626 5
-1.860383 -1.085425 2.170691 5
-1.882491 -1.118485 2.163348 5
-1.935945 -1.077815 2.173323 5
-1.979699 -1.061829 2.177498 5
-2.020841 -1.053084 2.179966 5
-2.052575 -1.065611 2.177422 5
-2.082455 -1.082073 2.173942 5
-2.117391 -1.088125 2.172906 5
-2.169763 -1.059938 2.179937 5
-2.217640 -1.042520 2.184429 5
-2.245200 -1.065111 2.179473 5
-2.318443 -1.002883 2.194540 5
-2.360839 -0.999987 2.195595 5
-2.409315 -0.987237 2.198974 5
-2.456270 -0.978442 2.201414 5
-2.579251 -0.842436 2.233954 7
-2.626641 -0.838011 2.235365 7
-2.658403 -0.859854 2.230549 7
-2.719239 -0.835624 2.236638 7
-2.774804 -0.821421 2.240350 7
-2.806158 -0.845352 2.235013 7
-2.845437 -0.857399 2.232485 7
-2.906744 -0.837820 2.237454 7
-2.958642 -0.833317 2.238840 7
-3.018515 -0.818781 2.242603 7
-3.041948 -0.855514 2.234179 7
-3.101763 -0.843009 2.237446 7
1.178597 -0.736089 2.222667 1
1.092099 -0.825633 2.203650 1
1.050581 -0.827021 2.204554 1
1.000863 -0.846714 2.201281 1
0.959647 -0.849606 2.201801 1
0.929257 -0.829119 2.207633 1
-0.470166 0.016758 2.447083 6
-0.522091 -0.599589 2.300616 8
-0.559345 -0.831359 2.245938 7
-0.593362 -0.673781 2.284453 8
-0.627965 -0.706254 2.277447 7
-0.662081 -0.732589 2.271894 8
-0.693826 -0.815266 2.252787 7
-0.728680 -0.788250 2.260021 7
-0.761644 -0.807605 2.256098 7
-0.794546 -0.822437 2.253253 7
-0.827734 -0.829891 2.252176 7
-0.864414 -0.793944 2.261566 7
-0.895183 -0.830064 2.253558 7
-0.931202 -0.808670 2.259437 7
-0.962907 -0.829940 2.254996 7
-0.994609 -0.848373 2.251229 7
-1.029807 -0.838306 2.254359 7
-1.073118 -0.773500 2.270769 7
-1.104691 -0.794580 2.266349 7
-1.138837 -0.797903 2.266231 7
-1.180639 -0.757288 2.276795 7
-1.210360 -0.787655 2.270094 7
-1.243694 -0.796805 2.268546 7
-1.281434 -0.784078 2.272325 7
-1.250719 -1.092568 2.197729 5
-1.281394 -1.100070 2.196509 5
-1.310319 -1.114944 2.193482 5
-1.343022 -1.113760 2.194374 5
-1.375571 -1.113867 2.194949 5
-1.412851 -1.096818 2.199724 5
-1.453246 -1.070435 2.206791 5
-1.479949 -1.094171 2.201570 5
-1.512070 -1.098677 2.201059 5
-1.546445 -1.096194 2.202262 5
-1.577046 -1.106282 2.200373 5
-1.619486 -1.080576 2.207287 5
-1.663495 -1.052553 2.214781 5
-1.704827 -1.034499 2.219826 5
-1.726716 -1.071562 2.211280 5
-1.749637 -1.104317 2.203782 5
-1.762616 -1.161512 2.190233 5
-1.813231 -1.121558 2.200680 5
-1.859868 -1.094188 2.208028 5
-1.893533 -1.099775 2.207224 5
-1.927786 -1.104365 2.206664 5
-1.985984 -1.055505 2.219357 5
-2.050727 -0.995507 2.234831 5
-2.081284 -1.012267 2.231263 5
-2.081350 -1.092388 2.211941 5
-2.114191 -1.102703 2.209952 5
-2.170763 -1.066191 2.219614 5
-2.222706 -1.041082 2.226448 5
-2.279629 -1.008471 2.235162 5
-2.305095 -1.036138 2.228851 5
-2.358794 -1.012395 2.235364 5
-2.398470 -1.015178 2.235259 5
-2.421084 -1.047979 2.227649 5
-2.590576 -0.832779 2.282075 7
-2.638978 -0.827207 2.284096 7
-2.682984 -0.829790 2.284075 7
-2.734214 -0.821716 2.286726 7
-2.773957 -0.832562 2.284634 7
-2.838991 -0.805613 2.292031 7
-2.862846 -0.841565 2.283631 7
-2.892489 -0.868537 2.277477 7
-2.949693 -0.856191 2.281210 7
-3.010907 -0.839675 2.286000 7
-3.058078 -0.843860 2.285580 7
-3.090405 -0.868610 2.279974 7
1.180254 -0.827953 2.244960 1
1.145929 -0.813338 2.249503 1
1.089457 -0.843502 2.243319 1
1.057859 -0.824481 2.248900 1
-0.521632 -0.636474 2.333842 8
-0.558209 -0.797179 2.294282 7
-0.592584 -0.651492 2.331670 8
-0.626856 -0.734122 2.311675 7
-0.660253 -0.784099 2.299865 7
-0.694486 -0.779213 2.301859 7
-0.727532 -0.804818 2.296162 7
-0.760546 -0.821981 2.292584 7
-0.796722 -0.783965 2.302942 7
-0.828209 -0.821377 2.294238 7
-0.861591 -0.827474 2.293444 7
-0.893543 -0.848264 2.288923 7
-0.928961 -0.831895 2.293817 7
-0.963667 -0.825354 2.296222 7
-0.999034 -0.815110 2.299571 7
-1.032200 -0.823595 2.298163 7
-1.064909 -0.834698 2.296085 7
-1.101417 -0.820151 2.300535 7
-1.137345 -0.811584 2.303467 7
-1.171800 -0.813141 2.303821 7
-1.211093 -0.788835 2.310778 7
-1.249722 -0.771155 2.316054 7
-1.231400 -1.034559 2.249437 5
-1.250975 -1.096735 2.234223 5
-1.278754 -1.117326 2.229639 5
-1.313327 -1.107843 2.232760 5
-1.352495 -1.081084 2.240321 5
-1.378401 -1.108812 2.233897 5
-1.414776 -1.095759 2.237948 5
-1.449100 -1.091692 2.239695 5
-1.485135 -1.082603 2.242739 5
-1.517002 -1.088714 2.241870 5
-1.552263 -1.084066 2.243777 5
-1.594188 -1.059594 2.250809 5
-1.734838 -0.739874 2.334173 7
-1.761379 -0.774126 2.326107 7
-1.802291 -0.766338 2.328914 7
-1.840943 -0.765917 2.329819 7
-1.885942 -0.749365 2.334912 7
-1.929779 -0.737493 2.338801 7
-1.973825 -0.726499 2.342471 7
-2.003931 -0.750804 2.336969 7
-2.049172 -0.738662 2.340949 7
-2.097806 -0.720091 2.346615 7
-2.149505 -0.696370 2.353637 7
-2.201212 -0.674620 2.360161 7
-2.069767 -1.044940 2.264249 5
-2.084484 -1.093893 2.252217 5
-2.134915 -1.068792 2.259553 5
-2.187436 -1.041482 2.267486 5
-2.243498 -1.009364 2.276699 5
-2.276778 -1.022402 2.274078 5
-2.317020 -1.022769 2.274787 5
-2.361651 -1.015977 2.277385 5
-2.400769 -1.019934 2.277162 5
-2.424392 -1.051085 2.269777 5
-2.489281 -1.012337 2.280824 5
-2.655541 -0.809582 2.335211 7
-2.679113 -0.845671 2.326574 7
-2.731753 -0.835360 2.330205 7
-2.768213 -0.851237 2.326913 7
-2.824810 -0.836980 2.331611 7
-2.876240 -0.831812 2.333915 7
-2.913725 -0.847883 2.330587 7
-2.962518 -0.848198 2.331451 7
-3.010163 -0.850999 2.331664 7
-3.071712 -0.835734 2.336702 7
-3.101132 -0.864746 2.329943 7
1.139717 -0.838157 2.287825 1
-0.520876 -0.654826 2.371303 8
-0.556223 -0.644417 2.374839 8
-0.591816 -0.620666 2.381893 8
-0.626602 -0.696369 2.362761 7
-0.660553 -0.743267 2.351192 7
-0.692834 -0.813147 2.333539 7
-0.726370 -0.821753 2.332040 7
-0.758053 -0.862818 2.321960 7
-0.794692 -0.812416 2.336061 7
-0.826061 -0.848900 2.327183 7
-0.860600 -0.838859 2.330620 7
-0.896394 -0.818055 2.336920 7
-0.927864 -0.843985 2.330827 7
-0.959680 -0.862834 2.326606 7
-0.994357 -0.855936 2.329227 7
-1.028745 -0.852874 2.330834 7
-1.062358 -0.856267 2.330727 7
-1.097939 -0.847004 2.333997 7
-1.130291 -0.859257 2.331533 7
-1.171061 -0.822257 2.342225 7
-1.207827 -0.811763 2.345852 7
-1.198188 -1.041758 2.285129 5
-1.222686 -1.082406 2.275018 5
-1.257782 -1.070461 2.278993 5
-1.282604 -1.105775 2.270296 5
-1.320148 -1.084646 2.276748 5
-1.353093 -1.084573 2.277555 5
-1.373582 -1.133567 2.265163 5
-1.416272 -1.096343 2.275976 5
-1.443393 -1.118508 2.270801 5
-1.483183 -1.095816 2.277726 5
-1.515453 -1.100442 2.277290 5
-1.549958 -1.098175 2.278722 5
-1.636887 -0.933681 2.324073 5
-1.721954 -0.786272 2.364890 7
-1.772567 -0.749268 2.375850 7
-1.809993 -0.752452 2.375927 7
-1.853141 -0.740516 2.380121 7
-1.895561 -0.731940 2.383415 7
-1.931635 -0.740919 2.381943 7
-1.975133 -0.731556 2.385475 7
-2.023059 -0.712691 2.391615 7
-2.063478 -0.713345 2.392443 7
-2.108036 -0.705197 2.395688 7
-2.144482 -0.716398 2.393652 7
-2.190946 -0.705940 2.397555 7
-2.079442 -1.032463 2.309025 5
-2.096380 -1.077288 2.297678 5
-2.152406 -1.041638 2.308442 5
-2.190790 -1.043209 2.308993 5
-2.234438 -1.035302 2.312166 5
-2.266615 -1.050050 2.309106 5
-2.312669 -1.039390 2.313066 5
-2.331187 -1.079325 2.303054 5
-2.393058 -1.042254 2.314350 5
-2.427097 -1.055263 2.311801 5
-2.460235 -1.069973 2.308784 5
-2.546560 -0.997715 2.329940 5
-2.727215 -0.778260 2.392114 7
-2.765529 -0.792186 2.389442 7
-2.796831 -0.817151 2.383697 7
-2.820401 -0.853556 2.374757 7
-2.869409 -0.851920 2.376446 7
-2.926255 -0.839954 2.381047 7
-2.971207 -0.846153 2.380583 7
-3.003202 -0.870911 2.374921 7
-3.080126 -0.834792 2.386379 7
-3.139749 -0.824002 2.390753 7
-0.475654 -0.337506 2.499897 8
-0.519590 -0.642129 2.417103 8
-0.555120 -0.625867 2.422374 8
-0.590853 -0.653606 2.415554 8
-0.625601 -0.715801 2.399242 8
-0.658308 -0.813754 2.373055 7
-0.692013 -0.821907 2.371593 7
-0.726814 -0.801104 2.378125 7
-0.760820 -0.803880 2.378159 7
-0.795731 -0.791946 2.382266 7
-0.827811 -0.822839 2.374535 7
-0.860481 -0.839709 2.370679 7
-0.893520 -0.849564 2.368767 7
-0.927171 -0.852146 2.368874 7
-0.959873 -0.863272 2.366615 7
-0.996097 -0.844573 2.372648 7
-1.027941 -0.862218 2.368587 7
-1.065329 -0.839310 2.375816 7
-1.104952 -0.805510 2.386101 7
-1.134943 -0.835365 2.378655 7
-1.164951 -0.862233 2.372035 7
-1.175717 -0.991115 2.336901 5
-1.202190 -1.026268 2.327925 5
-1.222153 -1.090227 2.310874 5
-1.250124 -1.111446 2.305776 5
-1.287989 -1.087501 2.313346 5
-1.318165 -1.098806 2.311039 5
-1.350917 -1.099314 2.311771 5
-1.385763 -1.092260 2.314639 5
-1.408554 -1.131318 2.304532 5
-1.453824 -1.087395 2.317811 5
-1.478039 -1.120030 2.309516 5
-1.517401 -1.100524 2.315945 5
-1.578530 -1.013099 2.341608 5
-1.632637 -0.954020 2.359309 5
-1.738528 -0.744141 2.419805 7
-1.775103 -0.749688 2.419309 7
-1.824648 -0.719124 2.429082 7
-1.865273 -0.715462 2.431236 7
-1.890450 -0.753603 2.421504 7
-1.937322 -0.734543 2.428067 7
-1.977000 -0.735248 2.429017 7
-2.017400 -0.734901 2.430282 7
-2.087047 -0.666371 2.451067 7
-2.100649 -0.730843 2.433822 7
-2.143607 -0.727121 2.436104 7
-2.180767 -0.736969 2.434509 7
-2.239253 -0.701883 2.445841 7
-2.154576 -0.965154 2.371339 5
-2.143521 -1.067832 2.342944 5
-2.183705 -1.065507 2.344791 5
-2.219759 -1.071942 2.344127 5
-2.276162 -1.040677 2.354383 5
-2.300938 -1.069480 2.347278 5
-2.338366 -1.075090 2.346898 5
-2.389460 -1.057324 2.353324 5
-2.416682 -1.081880 2.347471 5
-2.461251 -1.077153 2.350150 5
-2.539456 -1.018480 2.368594 5
-2.595883 -0.997936 2.375968 5
-2.746430 -0.831975 2.425938 7
-2.788538 -0.839794 2.425146 7
-2.832387 -0.845553 2.424977 7
-2.878808 -0.848185 2.425748 7
-2.928494 -0.846916 2.427691 7
-2.985380 -0.836485 2.432366 7
-3.032178 -0.841291 2.432578 7
-3.075214 -0.851909 2.431095 7
-3.116170 -0.865793 2.428663 7
-3.199169 -0.825623 2.442298 7
-0.434397 -0.306701 2.554232 8
-0.477577 -0.453919 2.512930 8
-0.515571 -0.474133 2.507970 8
-0.554424 -0.663531 2.454489 8
-0.589588 -0.812520 2.412531 8
-0.625317 -0.678172 2.451905 7
-0.657382 -0.826640 2.410044 7
-0.691964 -0.806878 2.416529 7
-0.725613 -0.818937 2.413869 7
-0.758728 -0.837143 2.409442 7
-0.793815 -0.818606 2.415615 7
-0.828412 -0.812533 2.418209 7
-0.860480 -0.839133 2.411376 7
-0.897940 -0.802458 2.422840 7
-0.930207 -0.824070 2.417462 7
-0.961655 -0.849673 2.410928 7
-0.997979 -0.832097 2.416913 7
-1.030789 -0.844169 2.414314 7
-1.062303 -0.864184 2.409412 7
-1.099110 -0.847744 2.415112 7
-1.135788 -0.834773 2.419824 7
-1.139656 -1.012185 2.369086 5
-1.171909 -1.016664 2.368695 5
-1.200393 -1.040600 2.362633 5
-1.219921 -1.106326 2.344357 5
-1.253743 -1.100070 2.347111 5
-1.277333 -1.140206 2.336298 5
-1.324294 -1.078699 2.355267 5
-1.353005 -1.096805 2.350926 5
-1.385994 -1.097455 2.351714 5
-1.424685 -1.077448 2.358591 5
-1.450680 -1.105018 2.351489 5
-1.491368 -1.080544 2.359721 5
-1.525463 -1.080348 2.360821 5
-1.578331 -1.020632 2.379518 5
-1.698840 -0.756212 2.458809 7
-1.744837 -0.732972 2.466891 7
-1.786402 -0.724772 2.470548 7
-1.826549 -0.721785 2.472683 7
-1.861708 -0.733271 2.470538 7
-1.905611 -0.721727 2.475256 7
-1.935778 -0.746773 2.469102 7
-1.981281 -0.732969 2.474537 7
-2.027507 -0.718932 2.480073 7
-2.049906 -0.762446 2.468430 7
-2.111543 -0.714592 2.484134 7
-2.132126 -0.761474 2.471492 7
-2.180763 -0.745823 2.477611 7
-2.131452 -0.938812 2.421031 5
-2.155181 -0.972344 2.412324 5
-2.173278 -1.016278 2.400476 5
-2.206892 -1.028382 2.398224 5
-2.228599 -1.063432 2.389045 5
-2.258212 -1.082791 2.384611 5
-2.292863 -1.092794 2.383021 5
-2.319021 -1.118224 2.376761 5
-2.383903 -1.075784 2.391153 5
-2.424725 -1.076979 2.392314 5
-2.449299 -1.105943 2.385024 5
-2.528109 -1.046100 2.404888 5
-2.597982 -1.003883 2.419442 5
-2.657634 -0.980221 2.428377 5
-2.782547 -0.858864 2.467393 7
-2.820245 -0.873688 2.464647 7
-2.892841 -0.837773 2.477567 7
-2.937473 -0.844265 2.477460 7
-2.999575 -0.826918 2.484761 7
-3.009241 -0.883191 2.469288 7
-3.084423 -0.850007 2.481584 7
-3.147762 -0.834710 2.488392 7
-3.197433 -0.838637 2.489261 7
-0.438880 -0.462304 2.554880 8
-0.477408 -0.492748 2.546608 8
-0.521231 -0.855542 2.439095 7
-0.553502 -0.670388 2.495178 8
-0.588890 -0.750684 2.471973 8
-0.623930 -0.728553 2.479400 7
-0.657205 -0.806026 2.457018 7
-0.690916 -0.822485 2.452902 7
-0.725713 -0.806128 2.458637 7
-0.758585 -0.833325 2.451318 7
-0.791322 -0.854527 2.445800 7
-0.827314 -0.825607 2.455361 7
-0.859874 -0.845861 2.450148 7
-0.891671 -0.870542 2.443606 7
-0.928921 -0.838000 2.454322 7
-0.961073 -0.857002 2.449513 7
-0.994905 -0.859850 2.449589 7
-1.032738 -0.832916 2.458684 7
-1.061568 -0.873088 2.447499 7
-1.098589 -0.855338 2.453856 7
-1.127646 -0.888931 2.444669 7
-1.150664 -0.953776 2.425989 5
-1.172569 -1.018007 2.407474 5
-1.196808 -1.064072 2.394460 5
-1.231741 -1.054104 2.398498 5
-1.265052 -1.053208 2.399792 5
-1.292202 -1.080182 2.392600 5
-1.315945 -1.119719 2.381568 5
-1.351702 -1.108024 2.386196 5
-1.382629 -1.116579 2.384649 5
-1.435671 -1.042940 2.408310 5
-1.451623 -1.108020 2.389469 5
-1.492154 -1.084385 2.397858 5
-1.539815 -1.039452 2.412836 5
-1.567855 -1.061042 2.407378 5
-1.705511 -0.743210 2.506596 7
-1.741625 -0.750339 2.505742 7
-1.780197 -0.750615 2.507023 7
-1.821458 -0.744062 2.510442 7
-1.853035 -0.764913 2.505396 7
-1.896375 -0.754278 2.510130 7
-1.923190 -0.787217 2.501354 7
-1.992294 -0.714051 2.525600 7
-2.024803 -0.734004 2.520913 7
-2.054611 -0.759949 2.514364 7
-2.088326 -0.776334 2.510807 7
-2.147245 -0.736610 2.524828 7
-2.176141 -0.764687 2.517657 7
-2.220349 -0.759818 2.520834 7
-2.261536 -0.762182 2.521771 7
-2.208724 -0.953647 2.463176 5
-2.226759 -0.998006 2.450826 5
-2.222936 -1.082707 2.425714 5
-2.261886 -1.084444 2.426803 5
-2.288415 -1.109443 2.420546 5
-2.329366 -1.108398 2.422563 5
-2.372404 -1.104527 2.425514 5
-2.411200 -1.108791 2.425909 5
-2.473319 -1.074914 2.438509 5
-2.502763 -1.096357 2.433490 5
-2.578437 -1.044237 2.452055 5
-2.643128 -1.012234 2.464261 5
-2.782115 -0.869441 2.512184 7
-2.849736 -0.839766 2.523869 7
-2.877142 -0.870824 2.516019 7
-2.938115 -0.853602 2.523798 7
-2.978473 -0.866808 2.521778 7
-3.046637 -0.842346 2.532027 7
-3.103697 -0.834705 2.536881 7
-3.228084 -0.739905 2.570245 7
-3.206315 -0.837988 2.540700 7
-0.398842 -0.444498 2.605088 8
-0.438042 -0.476085 2.596076 8
-0.475425 -0.466565 2.599833 8
-0.513386 -0.479251 2.596712 8
-0.551343 -0.524187 2.583577 8
-0.588038 -0.747923 2.514802 8
-0.623347 -0.713817 2.526236 7
-0.655514 -0.853262 2.483616 7
-0.690052 -0.832415 2.490941 7
-0.724309 -0.828737 2.492934 7
-0.758854 -0.821563 2.496039 7
-0.792826 -0.826496 2.495381 7
-0.825685 -0.846004 2.490177 7
-0.859702 -0.847348 2.490670 7
-0.895114 -0.833983 2.495792 7
-0.931851 -0.811009 2.503955 7
-0.960458 -0.864623 2.488099 7
-0.996145 -0.852616 2.492858 7
-1.025388 -0.891306 2.481693 7
-1.064372 -0.857402 2.493387 7
-1.097044 -0.869587 2.490591 7
-1.130872 -0.873850 2.490309 7
-1.167688 -0.861152 2.495402 7
-1.160910 -1.085890 2.425442 5
-1.197872 -1.063743 2.433506 5
-1.235505 -1.041187 2.441734 5
-1.263903 -1.064064 2.435585 5
-1.292289 -1.085486 2.429904 5
-1.320320 -1.107106 2.424165 5
-1.354965 -1.100855 2.427303 5
-1.392552 -1.084379 2.433727 5
-1.420625 -1.105092 2.428320 5
-1.462403 -1.075998 2.438830 5
-1.496776 -1.075097 2.440369 5
-1.543932 -1.032623 2.455248 5
-1.578443 -1.034114 2.456086 5
-1.719957 -0.706356 2.562677 7
-1.747424 -0.740830 2.553098 7
-1.784165 -0.747057 2.552613 7
-1.809448 -0.785619 2.541724 7
-1.857213 -0.761672 2.551014 7
-1.897238 -0.760211 2.553084 7
-1.942056 -0.747352 2.558877 7
-1.980557 -0.751611 2.559162 7
-2.019326 -0.755732 2.559519 7
-2.052103 -0.774401 2.555172 7
-2.080543 -0.802691 2.547705 7
-2.133289 -0.776372 2.558062 7
-2.191239 -0.740953 2.571455 7
-2.237820 -0.732033 2.576247 7
-2.269094 -0.755733 2.570387 7
-2.304505 -0.770782 2.567380 7
-2.383203 -0.701468 2.592155 7
-2.340051 -0.868234 2.539226 7
-2.316309 -0.991842 2.500393 5
-2.329700 -1.043068 2.485396 5
-2.340219 -1.097791 2.469216 5
-2.393149 -1.077316 2.477980 5
-2.445113 -1.060167 2.485703 5
-2.477991 -1.076158 2.482441 5
-2.518504 -1.079877 2.483300 5
-2.570527 -1.066004 2.490085 5
-2.617921 -1.060708 2.494057 5
-2.787194 -0.871677 2.559846 7
-2.839443 -0.865161 2.564471 7
-2.908188 -0.835846 2.576855 7
-2.964485 -0.826368 2.582624 7
-3.014337 -0.827185 2.584971 7
-3.065135 -0.827619 2.587504 7
-3.096903 -0.854418 2.581111 7
-3.218980 -0.762865 2.615160 7
-3.216194 -0.836150 2.592981 7
-0.397951 -0.456814 2.647136 8
-0.437450 -0.496203 2.635207 8
-0.474436 -0.476166 2.642460 8
-0.513317 -0.537869 2.623350 8
-0.552982 -0.843826 2.525309 7
-0.587187 -0.741027 2.559327 8
-0.620791 -0.864649 2.520144 7
-0.654889 -0.852513 2.524888 7
-0.689450 -0.834156 2.531676 7
-0.725314 -0.794263 2.545479 7
-0.758235 -0.826729 2.535837 7
-0.791898 -0.837383 2.533285 7
-0.827246 -0.822419 2.539081 7
-0.859488 -0.849335 2.531277 7
-0.892091 -0.867073 2.526471 7
-0.930566 -0.824942 2.541195 7
-0.962261 -0.850898 2.533750 7
-0.992682 -0.883499 2.524141 7
-1.028624 -0.870450 2.529461 7
-1.068682 -0.831313 2.543351 7
-1.102295 -0.839798 2.541689 7
-1.101998 -1.053743 2.472669 5
-1.138647 -1.031942 2.480917 5
-1.174294 -1.018595 2.486426 5
-1.201349 -1.051134 2.476873 5
-1.233568 -1.055966 2.476446 5
-1.268749 -1.047292 2.480494 5
-1.292358 -1.090893 2.467316 5
-1.331816 -1.064684 2.477203 5
-1.364065 -1.070306 2.476603 5
-1.399264 -1.064722 2.479738 5
-1.423212 -1.101823 2.468744 5
-1.457198 -1.100997 2.470343 5
-1.500278 -1.069730 2.482095 5
-1.522384 -1.110556 2.469893 5
-1.656247 -0.793348 2.577085 7
-1.704014 -0.763174 2.588741 7
-1.739591 -0.771950 2.587432 7
-1.781812 -0.761760 2.592500 7
-1.818107 -0.769445 2.591617 7
-1.865583 -0.747183 2.600819 7
-1.899291 -0.763058 2.597249 7
-1.933678 -0.777015 2.594345 7
-1.983302 -0.753281 2.604183 7
-2.029423 -0.740036 2.610538 7
-2.057445 -0.770522 2.602140 7
-2.126452 -0.707049 2.625611 7
-2.168326 -0.707694 2.627414 7
-2.193723 -0.744565 2.616931 7
-2.236614 -0.743639 2.619330 7
-2.266142 -0.770876 2.612155 7
-2.328381 -0.732333 2.627496 7
-2.338425 -0.798008 2.607207 7
-2.328533 -0.899177 2.574691 7
-2.375357 -0.891242 2.579627 7
-2.422552 -0.883800 2.584449 7
-2.346747 -1.094956 2.513815 5
-2.392827 -1.086718 2.518876 5
-2.431928 -1.091408 2.519510 5
-2.476345 -1.087895 2.523038 5
-2.539312 -1.055382 2.536722 5
-2.579077 -1.061726 2.536941 5
-2.638029 -1.038973 2.547385 5
-2.656977 -1.078492 2.536078 5
-2.851955 -0.856744 2.616611 7
-2.905518 -0.849994 2.621810 7
-2.960378 -0.842600 2.627310 7
-3.012176 -0.840692 2.630944 7
-3.085144 -0.811016 2.644507 7
-3.110548 -0.846869 2.634867 7
-3.216583 -0.777016 2.662957 7
-3.279147 -0.766553 2.670000 7
-0.397130 -0.470595 2.688723 8
-0.436178 -0.498778 2.680045 8
-0.474368 -0.517787 2.674455 8
-0.512032 -0.530076 2.671137 8
-0.551517 -0.783619 2.586920 7
-0.586184 -0.828498 2.572651 7
-0.620090 -0.861081 2.562516 7
-0.654245 -0.852428 2.566251 7
-0.688705 -0.840249 2.571201 7
-0.723734 -0.821008 2.578561 7
-0.758370 -0.817405 2.580688 7
-0.792340 -0.826255 2.578645 7
-0.825734 -0.841197 2.574566 7
-0.859244 -0.851678 2.572013 7
-0.894805 -0.838392 2.577515 7
-0.929583 -0.835954 2.579381 7
-0.959559 -0.876969 2.566559 7
-1.000910 -0.819758 2.587038 7
-1.034322 -0.831272 2.584261 7
-1.068359 -0.837451 2.583317 7
-1.071890 -1.040824 2.515342 5
-1.103074 -1.051582 2.512817 5
-1.140119 -1.028246 2.521930 5
-1.166301 -1.066609 2.510040 5
-1.212898 -0.997476 2.534862 5
-1.241223 -1.024350 2.526940 5
-1.268247 -1.055222 2.517657 5
-1.305701 -1.038094 2.524829 5
-1.336766 -1.049896 2.522118 5
-1.367032 -1.064511 2.518461 5
-1.393395 -1.093555 2.509858 5
-1.435323 -1.063458 2.521632 5
-1.552878 -0.767939 2.625020 7
-1.586782 -0.780887 2.622170 7
-1.645693 -0.711268 2.647904 7
-1.679653 -0.726503 2.644349 7
-1.712335 -0.745344 2.639567 7
-1.742007 -0.772585 2.631885 7
-1.791499 -0.741892 2.644370 7
-1.845315 -0.701839 2.660188 7
-1.872139 -0.737713 2.649592 7
-1.914239 -0.732254 2.653445 7
-1.953330 -0.735497 2.654299 7
-1.984121 -0.759753 2.647823 7
-2.035092 -0.735084 2.658550 7
-2.090404 -0.702430 2.672161 7
-2.119606 -0.731458 2.664112 7
-2.159072 -0.737094 2.664335 7
-2.202083 -0.735608 2.667118 7
-2.245923 -0.733254 2.670259 7
-2.288030 -0.735351 2.671872 7
-2.342017 -0.714524 2.681691 7
-2.359121 -0.767083 2.665424 7
-2.401364 -0.770337 2.666751 7
-2.409585 -0.837135 2.645376 3
-2.423430 -0.891478 2.628425 3
-2.344960 -1.106864 2.553543 5
-2.388503 -1.103033 2.557369 5
-2.440980 -1.085106 2.566346 5
-2.486564 -1.080110 2.570727 5
-2.525947 -1.086109 2.571184 5
-2.553353 -1.111507 2.564635 5
-2.623869 -1.070223 2.582410 5
-2.674057 -1.062164 2.588177 5
-2.870957 -0.838889 2.672868 7
-2.934406 -0.818575 2.683498 7
-2.986742 -0.815745 2.687800 7
-3.008308 -0.856567 2.676065 7
-3.089462 -0.815879 2.694503 7
-3.280704 -0.631629 2.766402 8
-3.232457 -0.837240 2.697255 7
-0.397372 -0.505842 2.722865 8
-0.435133 -0.507302 2.723095 8
-0.474422 -0.562924 2.704542 8
-0.513569 -0.671137 2.667718 7
-0.549935 -0.714738 2.653348 7
-0.585288 -0.859829 2.603667 7
-0.619410 -0.855063 2.606136 7
-0.653774 -0.844079 2.610804 7
-0.686976 -0.877344 2.600073 7
-0.722725 -0.834224 2.616016 7
-0.755881 -0.858399 2.608506 7
-0.788385 -0.885738 2.599905 7
-0.826499 -0.828549 2.620894 7
-0.862818 -0.807827 2.629178 7
-0.895163 -0.835085 2.620688 7
-0.925369 -0.878298 2.606615 7
-0.961199 -0.864728 2.612483 7
-0.997363 -0.851340 2.618329 7
-1.031692 -0.854346 2.618448 7
-1.045997 -0.996251 2.569676 5
-1.079504 -0.995684 2.571064 5
-1.110596 -1.010432 2.567079 5
-1.138058 -1.044708 2.556214 5
-1.175004 -1.024783 2.564527 5
-1.201828 -1.059089 2.553683 5
-1.243060 -1.020969 2.568523 5
-1.265833 -1.071948 2.551799 5
-1.303659 -1.052898 2.559955 5
-1.325002 -1.105111 2.542800 5
-1.376856 -1.031341 2.570526 5
-1.396913 -1.086305 2.552421 5
-1.440292 -1.051606 2.566336 5
-1.552845 -0.775261 2.666785 7
-1.598876 -0.746981 2.678665 7
-1.636336 -0.749612 2.679523 7
-1.677389 -0.741383 2.684323 7
-1.714657 -0.746019 2.684544 7
-1.751758 -0.751566 2.684474 7
-1.784018 -0.771347 2.679304 7
-1.829001 -0.755319 2.687104 7
-1.864911 -0.765401 2.685512 7
-1.915571 -0.737163 2.697857 7
-1.961089 -0.724340 2.704682 7
-1.981602 -0.774464 2.688654 7
-2.028869 -0.758628 2.696668 7
-2.072182 -0.753609 2.700801 7
-2.105355 -0.772541 2.696225 7
-2.151922 -0.761786 2.702562 7
-2.200065 -0.748998 2.709715 7
-2.233161 -0.769054 2.704849 7
-2.293610 -0.733260 2.720614 7
-2.330314 -0.747143 2.718125 7
-2.325899 -0.840717 2.686149 7
-2.396099 -0.789722 2.707760 7
-2.403608 -0.857503 2.685318 3
-2.317112 -1.092107 2.600615 5
-2.334928 -1.133272 2.587878 5
-2.393203 -1.103828 2.601581 5
-2.434493 -1.105001 2.603899 5
-2.488230 -1.086480 2.613691 5
-2.541893 -1.069694 2.622927 5
-2.587191 -1.067581 2.626710 5
-2.617715 -1.089070 2.621614 5
-2.669073 -1.079166 2.628483 5
-2.902965 -0.802106 2.737304 7
-2.945316 -0.813318 2.736563 7
-2.994786 -0.814966 2.739548 7
-3.059157 -0.796931 2.750181 7
-3.101077 -0.810944 2.748585 7
-3.148636 -0.817896 2.749777 7
-3.137980 -0.901039 2.721492 7
-3.221476 -0.929860 2.718261 7
-0.433816 -0.509105 2.768705 8
-0.473769 -0.583403 2.742729 8
-0.512772 -0.687590 2.705996 7
-0.550104 -0.841598 2.651304 7
-0.584470 -0.823610 2.658577 7
-0.618724 -0.848827 2.650307 7
-0.653222 -0.839149 2.654653 7
-0.687245 -0.851344 2.651137 7
-0.721264 -0.858278 2.649550 7
-0.755182 -0.865053 2.648050 7
-0.790394 -0.849383 2.654708 7
-0.825054 -0.846383 2.656817 7
-0.857729 -0.868786 2.649749 7
-0.894557 -0.842158 2.660502 7
-0.931231 -0.822950 2.668611 7
-0.962280 -0.857442 2.657238 7
-0.998581 -0.844398 2.663183 7
-1.031059 -0.862508 2.657819 7
-1.045483 -1.003564 2.607626 5
-1.083147 -0.976325 2.618822 5
-1.109074 -1.024110 2.602646 5
-1.140755 -1.034108 2.600299 5
-1.171351 -1.049423 2.596031 5
-1.210779 -1.018870 2.608615 5
-1.240505 -1.038807 2.602716 5
-1.270852 -1.054581 2.598368 5
-1.306943 -1.044412 2.603597 5
-1.333334 -1.076276 2.593375 5
-1.365268 -1.083884 2.592117 5
-1.404666 -1.062916 2.601456 5
-1.425696 -1.111771 2.585004 5
-1.562854 -0.747123 2.721861 7
-1.599883 -0.750989 2.722317 7
-1.638800 -0.749099 2.724955 7
-1.684279 -0.727305 2.735055 7
-1.722210 -0.730778 2.735803 7
-1.737850 -0.800575 2.711815 7
-1.790524 -0.760765 2.728812 7
-1.834194 -0.749107 2.735354 7
-1.868164 -0.764920 2.731647 7
-1.910592 -0.758527 2.736324 7
-1.957280 -0.742506 2.744692 7
-1.991929 -0.757679 2.741359 7
-2.027366 -0.770879 2.738806 7
-2.077494 -0.750086 2.749173 7
-2.117051 -0.755015 2.749861 7
-2.154501 -0.765085 2.748645 7
-2.192198 -0.774888 2.747575 7
-2.266045 -0.709744 2.775183 7
-2.299522 -0.730584 2.770041 7
-2.342948 -0.731526 2.772563 7
-2.326058 -0.849621 2.730102 7
-2.376726 -0.835639 2.738405 7
-2.284650 -1.085480 2.644894 5
-2.317333 -1.100490 2.641919 5
-2.352855 -1.110595 2.640885 5
-2.399941 -1.101204 2.647483 5
-2.427450 -1.125789 2.640916 5
-2.489163 -1.094093 2.656378 5
-2.515671 -1.120927 2.649029 5
-2.570628 -1.102873 2.659343 5
-2.640288 -1.063910 2.678011 5
-2.672019 -1.084270 2.673396 5
-2.935542 -0.764806 2.803501 7
-2.954349 -0.810878 2.789125 7
-3.027344 -0.779847 2.805471 7
-3.061295 -0.804771 2.799614 7
-3.125407 -0.789011 2.810111 7
-3.137192 -0.843922 2.792317 7
-0.433165 -0.527751 2.808373 8
-0.473083 -0.602621 2.781237 8
-0.514995 -0.857352 2.687093 7
-0.549101 -0.837929 2.695087 7
-0.583544 -0.897662 2.673596 7
-0.617843 -0.859602 2.688620 7
-0.652980 -0.819179 2.704583 7
-0.687820 -0.815157 2.706997 7
-0.718506 -0.913578 2.671127 7
-0.755585 -0.850417 2.695734 7
-0.790582 -0.842238 2.699816 7
-0.823910 -0.860081 2.694182 7
-0.859085 -0.851750 2.698400 7
-0.891282 -0.877954 2.689688 7
-0.925618 -0.878842 2.690517 7
-0.958733 -0.890947 2.687163 7
-1.001085 -0.827115 2.712449 7
-1.028133 -0.887752 2.690882 7
-1.046275 -1.001860 2.649122 5
-1.078337 -1.011528 2.646781 5
-1.111967 -1.011130 2.648281 5
-1.135525 -1.068586 2.627906 5
-1.179404 -1.011321 2.651028 5
-1.201547 -1.071007 2.629837 5
-1.245139 -1.022046 2.649936 5
-1.271259 -1.058430 2.637636 5
-1.308595 -1.043132 2.645043 5
-1.335366 -1.073850 2.634944 5
-1.369167 -1.074530 2.636337 5
-1.389746 -1.126312 2.618215 5
-1.468048 -0.962843 2.682584 5
-1.557274 -0.774134 2.756872 7
-1.596937 -0.768461 2.761060 7
-1.629037 -0.788646 2.755349 7
-1.686116 -0.729299 2.780338 7
-1.716752 -0.755322 2.772477 7
-1.756849 -0.752471 2.775810 7
-1.803391 -0.732166 2.785965 7
-1.839142 -0.743668 2.783854 7
-1.890961 -0.712226 2.798489 7
-1.928000 -0.721776 2.797253 7
-1.958905 -0.746975 2.789953 7
-2.005537 -0.733024 2.797990 7
-2.057824 -0.707193 2.810766 7
-2.087183 -0.736543 2.801976 7
-2.130226 -0.734330 2.805625 7
-2.188498 -0.699706 2.822121 7
-2.219009 -0.726836 2.814342 7
-2.268527 -0.713930 2.822440 7
-2.316883 -0.704841 2.829116 7
-2.356116 -0.715023 2.828215 7
-2.330750 -0.849836 2.777681 7
-2.268207 -1.048763 2.701350 5
-2.281919 -1.099251 2.684171 5
-2.309833 -1.122719 2.677814 5
-2.373024 -1.084205 2.696434 5
-2.374852 -1.153029 2.671886 5
-2.433793 -1.124195 2.686786 5
-2.481939 -1.115052 2.693836 5
-2.531095 -1.105501 2.701150 5
-2.579270 -1.098712 2.707442 5
-2.655147 -1.050760 2.730673 5
-2.890881 -0.766982 2.850868 7
-2.920889 -0.796855 2.842765 7
-2.980140 -0.784579 2.852087 7
-3.025903 -0.792660 2.853114 7
-3.071913 -0.801034 2.854104 7
-3.114864 -0.814146 2.853206 7
-0.431956 -0.532557 2.853281 8
-0.479328 -0.850960 2.731411 7
-0.514270 -0.874754 2.722956 7
-0.548590 -0.885627 2.719512 7
-0.582701 -0.863240 2.728933 7
-0.616779 -0.887324 2.720470 7
-0.651889 -0.839101 2.739963 7
-0.686217 -0.848248 2.737350 7
-0.720349 -0.858164 2.734476 7
-0.755592 -0.843308 2.741228 7
-0.789871 -0.849535 2.739863 7
-0.822653 -0.875335 2.730948 7
-0.857509 -0.870205 2.734062 7
-0.895841 -0.829454 2.751059 7
-0.929228 -0.845377 2.746094 7
-0.962328 -0.861570 2.741057 7
-0.993327 -0.892629 2.730262 7
-1.034773 -0.841821 2.751409 7
-1.050726 -0.974931 2.700850 5
-1.080905 -0.999182 2.692762 5
-1.113472 -1.006594 2.691286 5
-1.139906 -1.048510 2.676334 5
-1.172083 -1.055603 2.675043 5
-1.201587 -1.076090 2.668531 5
-1.239055 -1.056857 2.677660 5
-1.268318 -1.077606 2.671115 5
-1.306259 -1.059264 2.680004 5
-1.331334 -1.096698 2.666944 5
-1.378180 -1.044914 2.689156 5
-1.398962 -1.097463 2.670175 5
-1.452617 -1.026111 2.700301 5
-1.571750 -0.730524 2.819598 7
-1.608460 -0.736915 2.819223 7
-1.651444 -0.723088 2.826950 7
-1.680468 -0.754920 2.816537 7
-1.731966 -0.716964 2.834031 7
-1.769352 -0.723753 2.833724 7
-1.797372 -0.757480 2.822665 7
-1.851283 -0.718520 2.840822 7
-1.885780 -0.734526 2.836976 7
-1.939071 -0.701681 2.852870 7
-1.969615 -0.728673 2.844704 7
-2.006919 -0.738394 2.843554 7
-2.052040 -0.729811 2.849881 7
-2.093120 -0.731795 2.851997 7
-2.142259 -0.716392 2.861264 7
-2.177480 -0.732976 2.857572 7
-2.228001 -0.716984 2.867252 7
-2.290290 -0.678264 2.886357 7
-2.313278 -0.721620 2.871880 7
-2.218792 -0.994740 2.762742 5
-2.243595 -1.026370 2.752871 5
-2.256324 -1.079848 2.733968 5
-2.272868 -1.124573 2.718663 5
-2.285074 -1.175702 2.700677 5
-2.336025 -1.157689 2.711502 5
-2.385427 -1.143905 2.720678 5
-2.432727 -1.135022 2.727911 5
-2.488325 -1.113830 2.740426 5
-2.545845 -1.091323 2.753633 5
-2.603267 -1.070776 2.766156 5
-2.653372 -1.063090 2.773367 5
-2.905299 -0.756109 2.908060 7
-2.941331 -0.777677 2.903411 7
-3.008774 -0.754492 2.917980 7
-3.032009 -0.794960 2.905381 7
-3.101084 -0.772064 2.920096 7
-3.102985 -0.841013 2.895277 7
-0.478100 -0.849641 2.774955 7
-0.513028 -0.866650 2.768892 7
-0.547289 -0.852825 2.775147 7
-0.581830 -0.846483 2.778472 7
-0.616043 -0.884297 2.764238 7
-0.650110 -0.892286 2.761931 7
-0.684872 -0.873208 2.770473 7
-0.720141 -0.851945 2.779945 7
-0.753330 -0.880072 2.769725 7
-0.789314 -0.854327 2.781095 7
-0.824854 -0.842720 2.786865 7
-0.857202 -0.873296 2.775779 7
-0.891878 -0.872655 2.777246 7
-0.928416 -0.854753 2.785693 7
-0.958877 -0.894213 2.771141 7
-0.994883 -0.883024 2.776989 7
-1.029952 -0.881179 2.779131 7
-1.067324 -0.864362 2.787362 7
-1.087348 -0.961997 2.749449 5
-1.112716 -1.015722 2.729244 5
-1.142632 -1.037910 2.721800 5
-1.172833 -1.056697 2.715762 5
-1.206524 -1.056456 2.717474 5
-1.240779 -1.054165 2.720068 5
-1.277203 -1.042845 2.726388 5
-1.308020 -1.057584 2.722158 5
-1.346146 -1.041303 2.730615 5
-1.381641 -1.037521 2.734039 5
-1.408900 -1.066039 2.724307 5
-1.444086 -1.063967 2.727128 5
-1.489575 -1.026526 2.744520 5
-1.611872 -0.732983 2.867281 7
-1.644022 -0.755028 2.860569 7
-1.692628 -0.724549 2.875551 7
-1.729030 -0.733917 2.874179 7
-1.773244 -0.720490 2.882293 7
-1.816283 -0.712017 2.888440 7
-1.856456 -0.712708 2.890862 7
-1.889940 -0.731921 2.885644 7
-1.949392 -0.683697 2.908585 7
-1.983257 -0.703197 2.903382 7
-2.021811 -0.710943 2.903142 7
-2.071579 -0.692522 2.913941 7
-2.113334 -0.694334 2.916343 7
-2.154747 -0.697613 2.918202 7
-2.190039 -0.714844 2.914243 7
-2.173516 -0.841787 2.863893 7
-2.209124 -0.855372 2.861470 7
-2.242150 -0.874257 2.856847 7
-2.223570 -0.994234 2.809171 5
-2.250501 -1.022023 2.800723 5
-2.242093 -1.115223 2.764272 5
-2.262648 -1.151964 2.751951 5
-2.311285 -1.137768 2.761571 5
-2.351042 -1.140432 2.764027 5
-2.375985 -1.168904 2.755387 5
-2.453727 -1.109259 2.785039 5
-2.512903 -1.083199 2.800304 5
-2.574496 -1.055277 2.816545 5
-2.615178 -1.061844 2.817844 5
-2.838030 -0.792619 2.940456 7
-2.897262 -0.778736 2.951327 7
-2.956333 -0.766621 2.961572 7
-3.024650 -0.742834 2.977154 7
-3.043004 -0.790549 2.961091 7
-3.094197 -0.792517 2.965453 7
-0.443185 -0.873549 2.807903 7
-0.477250 -0.860910 2.813743 7
-0.512194 -0.878989 2.807014 7
-0.546505 -0.872799 2.810306 7
-0.580944 -0.883265 2.806797 7
-0.615233 -0.887719 2.805807 7
-0.649342 -0.897052 2.802855 7
-0.684298 -0.873299 2.813586 7
-0.718229 -0.886941 2.808955 7
-0.752919 -0.880994 2.812453 7
-0.788800 -0.858408 2.822879 7
-0.823655 -0.857144 2.824556 7
-0.858303 -0.859329 2.824858 7
-0.888910 -0.905146 2.807136 7
-0.924231 -0.896773 2.811900 7
-0.962920 -0.860979 2.828102 7
-0.998709 -0.855191 2.831922 7
-1.030396 -0.881403 2.822492 7
-1.062697 -0.900242 2.816162 7
-1.093590 -0.926233 2.806888 7
-1.127584 -0.930929 2.806529 5
-1.148364 -1.010394 2.774982 5
-1.173122 -1.060286 2.755778 5
-1.212215 -1.033133 2.768847 5
-1.254066 -0.996207 2.786098 5
-1.275091 -1.058307 2.761858 5
-1.309540 -1.057009 2.764266 5
-1.348604 -1.037353 2.774463 5
-1.375439 -1.068504 2.763311 5
-1.399437 -1.108485 2.748448 5
-1.439159 -1.088585 2.758926 5
-1.472443 -1.093432 2.759003 5
-1.565152 -0.898184 2.844072 7
-1.649463 -0.745098 2.911556 7
-1.704473 -0.695376 2.935304 7
-1.736346 -0.719832 2.927544 7
-1.770435 -0.736924 2.922966 7
-1.812520 -0.731023 2.928281 7
-1.853740 -0.728621 2.932179 7
-1.899679 -0.714595 2.941154 7
-1.934922 -0.729728 2.937667 7
-1.972791 -0.738180 2.937116 7
-2.032846 -0.693072 2.959800 7
-2.062899 -0.722055 2.950527 7
-2.105240 -0.722053 2.953877 7
-2.125884 -0.771238 2.935889 7
-2.165653 -0.777082 2.936808 7
-2.206609 -0.780913 2.938683 7
-2.201898 -0.879375 2.899133 5
-2.190580 -0.986902 2.855474 5
-2.169402 -1.109135 2.805184 5
-2.209205 -1.109761 2.808447 5
-2.245483 -1.117678 2.808565 5
-2.289432 -1.112040 2.814776 5
-2.347492 -1.082403 2.831785 5
-2.380287 -1.098709 2.828436 5
-2.430784 -1.085091 2.838549 5
-2.480895 -1.073535 2.847872 5
-2.545795 -1.039398 2.867505 5
-2.574162 -1.065366 2.860163 5
-2.782884 -0.812185 2.979462 7
-2.857158 -0.774247 3.001673 7
-2.870216 -0.829454 2.981601 7
-2.957404 -0.775914 3.011296 7
-3.009036 -0.775984 3.016650 7
-3.072814 -0.760178 3.029460 7
-3.116073 -0.773888 3.028800 7
-0.464865 -0.503893 3.008699 8
-0.510787 -0.864128 2.856743 7
-0.545247 -0.847822 2.864409 7
-0.580049 -0.854181 2.862517 7
-0.614659 -0.867030 2.857920 7
-0.649465 -0.857817 2.862746 7
-0.684758 -0.839532 2.871489 7
-0.720837 -0.811961 2.884250 7
-0.753371 -0.865069 2.862726 7
-0.788413 -0.860404 2.865845 7
-0.823970 -0.850580 2.871223 7
-0.859359 -0.845902 2.874468 7
-0.894105 -0.849836 2.874093 7
-0.928333 -0.858631 2.871693 7
-0.961861 -0.872616 2.867121 7
-0.997241 -0.870003 2.869708 7
-1.040447 -0.810423 2.896796 7
-1.065999 -0.881546 2.867861 7
-1.105016 -0.857372 2.879894 7
-1.143724 -0.838789 2.889604 7
-1.158897 -0.955917 2.840899 5
-1.173159 -1.065252 2.795490 5
-1.215768 -1.020709 2.816515 5
-1.249176 -1.025329 2.816377 5
-1.284166 -1.022950 2.819328 5
-1.317365 -1.029198 2.818598 5
-1.352628 -1.027002 2.821592 5
-1.382014 -1.048893 2.814167 5
-1.419366 -1.039421 2.820448 5
-1.445806 -1.071064 2.808854 5
-1.477917 -1.081080 2.806739 5
-1.515516 -1.072535 2.812805 5
-1.598481 -0.918204 2.882929 7
-1.635580 -0.918892 2.885210 7
-1.727801 -0.753785 2.960585 7
-1.769404 -0.748167 2.965929 7
-1.804128 -0.763088 2.962280 7
-1.860694 -0.718100 2.985224 7
-1.882440 -0.768904 2.965807 7
-1.929840 -0.751496 2.976722 7
-1.983947 -0.719167 2.994405 7
-2.021406 -0.729788 2.993048 7
-2.060038 -0.737835 2.992912 7
-2.097075 -0.749877 2.991055 7
-2.122898 -0.787003 2.977982 7
-2.109681 -0.907455 2.927355 5
-2.091364 -1.033119 2.874200 5
-2.101785 -1.094057 2.850181 5
-2.141764 -1.093504 2.854042 5
-2.184062 -1.089205 2.859702 5
-2.217089 -1.103516 2.856967 5
-2.265923 -1.088554 2.867696 5
-2.290064 -1.119820 2.857334 5
-2.342948 -1.099539 2.870725 5
-2.399047 -1.075435 2.886038 5
-2.435975 -1.085597 2.885650 5
-2.474614 -1.093286 2.886490 5
-2.524332 -1.083584 2.895523 5
-2.752391 -0.794043 3.035528 7
-2.812260 -0.777376 3.048539 7
-2.860906 -0.779285 3.052991 7
-2.919005 -0.768112 3.063749 7
-2.957228 -0.787059 3.060409 7
-3.022442 -0.768044 3.075199 7
-3.067870 -0.778169 3.076294 7
-3.143385 -0.748139 3.096737 7
-0.502786 -0.540759 3.042120 8
-0.544157 -0.840543 2.911840 7
-0.579130 -0.825038 2.919438 7
-0.613934 -0.860111 2.904958 7
-0.649466 -0.823518 2.921914 7
-0.684114 -0.841390 2.915075 7
-0.719579 -0.830842 2.920752 7
-0.754742 -0.831085 2.921758 7
-0.790873 -0.816215 2.929465 7
-0.826462 -0.813795 2.931769 7
-0.861020 -0.825123 2.928085 7
-0.894357 -0.847697 2.919499 7
-0.929962 -0.844448 2.922343 7
-0.964121 -0.855134 2.919101 7
-1.000185 -0.849369 2.923181 7
-1.038962 -0.825077 2.935525 7
-1.068434 -0.868884 2.917801 7
-1.103021 -0.874669 2.916953 7
-1.140204 -0.864820 2.923102 7
-1.181715 -0.832437 2.939341 7
-1.186070 -1.001844 2.865892 5
-1.217856 -1.015742 2.861600 5
-1.249380 -1.030110 2.857145 5
-1.288589 -1.008878 2.868644 5
-1.318780 -1.029248 2.861621 5
-1.353346 -1.030394 2.863252 5
-1.383534 -1.049372 2.856946 5
-1.418703 -1.048589 2.859564 5
-1.437863 -1.106637 2.835762 5
-1.474853 -1.098630 2.841735 5
-1.507796 -1.105464 2.841085 5
-1.547813 -1.089584 2.850776 5
-1.608775 -1.010141 2.889387 5
-1.655765 -0.978928 2.906296 5
-1.671360 -1.041911 2.880461 5
-1.802283 -0.776637 3.004300 7
-1.860812 -0.726359 3.030456 7
-1.892403 -0.751142 3.022419 7
-1.935557 -0.745569 3.028355 7
-1.971625 -0.758720 3.025780 7
-2.035795 -0.704037 3.054539 7
-1.961841 -0.977274 2.932005 5
-2.002677 -0.974312 2.936883 5
-2.017395 -1.030197 2.914541 5
-2.021713 -1.106292 2.882761 5
-2.078462 -1.068916 2.903831 5
-2.116539 -1.072446 2.905952 5
-2.168678 -1.048489 2.921051 5
-2.197388 -1.072072 2.913956 5
-2.235799 -1.076857 2.915765 5
-2.281052 -1.069517 2.923396 5
-2.305696 -1.100544 2.912961 5
-2.372707 -1.056162 2.938409 5
-2.390710 -1.099072 2.922456 5
-2.440948 -1.086562 2.933007 5
-2.504216 -1.054009 2.953331 5
-2.711451 -0.792355 3.084185 7
-2.757331 -0.796783 3.087451 7
-2.820772 -0.774952 3.103567 7
-2.851539 -0.804115 3.095093 7
-2.899599 -0.807535 3.099230 7
-2.982050 -0.762286 3.127340 7
-3.023320 -0.777914 3.125837 7
-3.084540 -0.766377 3.137838 7
-0.540252 -0.584245 3.072099 8
-0.578199 -0.811422 2.970561 7
-0.613580 -0.813015 2.970731 7
-0.649063 -0.808447 2.973744 7
-0.684070 -0.823304 2.968052 7
-0.720735 -0.790537 2.983940 7
-0.757703 -0.765833 2.996267 7
-0.790651 -0.815398 2.975058 7
-0.826282 -0.814012 2.976963 7
-0.860399 -0.831995 2.970151 7
-0.895836 -0.832386 2.971375 7
-0.930565 -0.840196 2.969294 7
-0.964755 -0.851958 2.965477 7
-1.005842 -0.807026 2.987525 7
-1.044854 -0.785146 2.999178 7
-1.073436 -0.838685 2.976516 7
-1.113867 -0.809857 2.991489 7
-1.149311 -0.815238 2.990920 7
-1.177670 -0.860510 2.972149 7
-1.190210 -0.985229 2.916971 5
-1.220821 -1.006446 2.909229 5
-1.250921 -1.028570 2.901113 5
-1.281047 -1.049057 2.893790 5
-1.316145 -1.046824 2.896987 5
-1.350708 -1.047652 2.898845 5
-1.379473 -1.071896 2.889942 5
-1.417466 -1.059949 2.897843 5
-1.444009 -1.091097 2.885837 5
-1.481560 -1.082160 2.892489 5
-1.514741 -1.089200 2.891792 5
-1.567189 -1.034214 2.920096 5
-1.599229 -1.047321 2.916747 5
-1.631471 -1.059602 2.913841 5
-1.684715 -1.010745 2.939681 5
-1.692932 -1.092286 2.904386 5
-1.716070 -1.128749 2.890256 5
-1.875045 -0.805576 3.045940 7
-1.918812 -0.797172 3.053431 7
-1.943007 -0.838577 3.037414 7
-1.935848 -0.953860 2.986288 5
-1.962066 -0.985264 2.974967 5
-1.975551 -1.044633 2.950315 5
-2.012297 -1.050041 2.951456 5
-2.039920 -1.075544 2.943036 5
-2.093543 -1.045949 2.961167 5
-2.108257 -1.098083 2.940041 5
-2.152054 -1.090452 2.947797 5
-2.199657 -1.076578 2.958707 5
-2.231431 -1.094102 2.954487 5
-2.262783 -1.112329 2.949986 5
-2.310279 -1.101380 2.959822 5
-2.358264 -1.090874 2.969587 5
-2.417354 -1.062583 2.988257 5
-2.455452 -1.071631 2.988696 5
-2.649215 -0.825887 3.115477 7
-2.700450 -0.820470 3.123717 7
-2.758279 -0.805872 3.136697 7
-2.827001 -0.776155 3.157439 7
-2.876045 -0.778157 3.162504 7
-2.944740 -0.752226 3.181799 7
-2.970498 -0.789953 3.169140 7
-3.034687 -0.773120 3.184213 7
-3.102353 -0.753215 3.201085 7
-0.537696 -0.459130 3.178809 8
-0.577036 -0.606250 3.111426 8
-0.614263 -0.651170 3.091512 8
-0.647536 -0.849635 3.000283 7
-0.684998 -0.772592 3.037138 7
-0.721322 -0.763832 3.042331 7
-0.755198 -0.807243 3.023304 7
-0.789866 -0.823682 3.016887 7
-0.823410 -0.851604 3.005171 7
-0.861025 -0.823738 3.019550 7
-0.899351 -0.795185 3.034345 7
-0.936471 -0.784758 3.040758 7
-0.970384 -0.805039 3.032874 7
-1.002951 -0.833345 3.021282 7
-1.043558 -0.798477 3.039380 7
-1.075407 -0.829366 3.026696 7
-1.104939 -0.871536 3.008747 7
-1.147157 -0.833163 3.028754 7
-1.181037 -0.846922 3.024300 7
-1.191398 -0.984353 2.961514 5
-1.223118 -1.000590 2.955927 5
-1.251417 -1.032060 2.943181 5
-1.286592 -1.030037 2.946347 5
-1.312647 -1.068107 2.930553 5
-1.342662 -1.087126 2.923839 5
-1.382822 -1.065273 2.936644 5
-1.414891 -1.076371 2.933837 5
-1.444986 -1.094371 2.927791 5
-1.498870 -1.029011 2.961710 5
-1.537311 -1.020861 2.968379 5
-1.572463 -1.024575 2.969444 5
-1.606198 -1.033116 2.968262 5
-1.639956 -1.041690 2.967135 5
-1.682697 -1.024355 2.978603 5
-1.690381 -1.107110 2.941709 5
-1.730700 -1.096740 2.949942 5
-1.767763 -1.096265 2.953473 5
-1.823342 -1.049314 2.979758 5
-1.865425 -1.039242 2.988218 5
-1.914689 -1.013226 3.004607 5
-1.948932 -1.024474 3.002859 5
-1.976111 -1.051862 2.993241 5
-2.015505 -1.051542 2.997330 5
-2.037732 -1.088845 2.982911 5
-2.091476 -1.059044 3.001789 5
-2.132613 -1.057212 3.006943 5
-2.163566 -1.076442 3.001707 5
-2.210611 -1.064351 3.012197 5
-2.253291 -1.061868 3.018018 5
-2.289577 -1.072057 3.017588 5
-2.314737 -1.102533 3.007011 5
-2.349842 -1.114926 3.005617 5
-2.410576 -1.083648 3.026486 5
-2.588528 -0.858555 3.146336 7
-2.638420 -0.853897 3.154396 7
-2.710513 -0.814879 3.180242 7
-2.768409 -0.800682 3.193601 7
-2.830447 -0.781720 3.209629 7
-2.873034 -0.793578 3.209911 7
-2.946665 -0.760528 3.233680 7
-2.996279 -0.764204 3.238567 7
-3.046341 -0.768084 3.243509 7
-0.536471 -0.453701 3.232256 8
-0.575991 -0.572484 3.176427 8
-0.613997 -0.584527 3.171639 8
-0.648161 -0.781099 3.078662 7
-0.684741 -0.760579 3.089546 7
-0.720176 -0.779605 3.081578 7
-0.754950 -0.804455 3.070880 7
-0.793531 -0.759525 3.093711 7
-0.829616 -0.763061 3.093386 7
-0.864074 -0.786095 3.083766 7
-0.900280 -0.785804 3.085421 7
-0.936786 -0.783351 3.088194 7
-0.971739 -0.795633 3.083946 7
-1.004675 -0.822675 3.072644 7
-1.040676 -0.823514 3.074046 7
-1.073987 -0.843328 3.066351 7
-1.110506 -0.840658 3.069597 7
-1.147680 -0.835106 3.074323 7
-1.180741 -0.853974 3.067285 7
-1.193515 -0.978626 3.008899 5
-1.223284 -1.005463 2.998025 5
-1.254214 -1.024689 2.990903 5
-1.290404 -1.018966 2.996009 5
-1.316250 -1.058874 2.978901 5
-1.350579 -1.061050 2.980284 5
-1.392285 -1.034760 2.995705 5
-1.426139 -1.040847 2.995348 5
-1.466826 -1.022471 3.007103 5
-1.511885 -0.991058 3.025403 5
-1.538274 -1.024954 3.011594 5
-1.576149 -1.020163 3.016954 5
-1.602242 -1.052906 3.003805 5
-1.637954 -1.055313 3.005753 5
-1.662581 -1.090292 2.991574 5
-1.699889 -1.088227 2.995895 5
-1.740641 -1.077664 3.004562 5
-1.773112 -1.090177 3.001787 5
-1.811040 -1.088760 3.006077 5
-1.850068 -1.085423 3.011437 5
-1.880710 -1.103085 3.006311 5
-1.920803 -1.098468 3.012513 5
-1.957579 -1.102337 3.014529 5
-1.994313 -1.106818 3.016331 5
-2.052005 -1.066919 3.040853 5
-2.089068 -1.072876 3.042159 5
-2.130486 -1.070438 3.047866 5
-2.168270 -1.076082 3.049544 5
-2.210901 -1.072864 3.055894 5
-2.246905 -1.083049 3.055447 5
-2.301494 -1.059420 3.072630 5
-2.337914 -1.070261 3.072086 5
-2.382861 -1.066486 3.079266 5
-2.525313 -0.897242 3.173225 7
-2.582990 -0.878042 3.189096 7
-2.658209 -0.832018 3.219324 7
-2.709900 -0.826442 3.228483 7
-2.772299 -0.805362 3.246053 7
-2.833655 -0.787735 3.262030 7
-2.871223 -0.807242 3.258392 7
-2.931869 -0.793254 3.272829 7
-2.984079 -0.792861 3.280180 7
-3.052714 -0.770573 3.299563 7
-0.611388 -0.778910 3.125755 7
-0.647223 -0.791629 3.120501 7
-0.683212 -0.790863 3.121956 7
-0.720137 -0.767942 3.134407 7
-0.756455 -0.767093 3.136071 7
-0.792177 -0.776932 3.132544 7
-0.827525 -0.789750 3.127618 7
-0.864140 -0.784612 3.131637 7
-0.901889 -0.769129 3.140860 7
-0.938363 -0.769794 3.142184 7
-0.972174 -0.794325 3.131760 7
-1.004790 -0.824933 3.118379 7
-1.041333 -0.822445 3.121489 7
-1.076865 -0.827920 3.120724 7
-1.114565 -0.819521 3.126946 7
-1.148778 -0.833672 3.122021 7
-1.187242 -0.823003 3.129555 7
-1.220266 -0.842961 3.121879 7
-1.215353 -1.050796 3.020212 5
-1.255484 -1.024631 3.035641 5
-1.280769 -1.068503 3.016029 5
-1.323674 -1.033366 3.036166 5
-1.363791 -1.013479 3.048763 5
-1.398520 -1.017082 3.049631 5
-1.432284 -1.024683 3.048561 5
-1.468654 -1.022970 3.052284 5
-1.510339 -1.003698 3.065008 5
-1.546227 -1.005852 3.066973 5
-1.576298 -1.027186 3.059264 5
-1.595958 -1.079878 3.035611 5
-1.645008 -1.041931 3.058280 5
-1.680255 -1.047028 3.059077 5
-1.698237 -1.100648 3.035053 5
-1.724724 -1.128589 3.024220 5
-1.780817 -1.078043 3.053898 5
-1.810403 -1.098505 3.047098 5
-1.862668 -1.062654 3.069530 5
-1.887334 -1.095548 3.056456 5
-1.922199 -1.103626 3.056328 5
-1.974304 -1.073087 3.076450 5
-1.994631 -1.114685 3.059013 5
-2.048944 -1.082226 3.080442 5
-2.088560 -1.082780 3.084711 5
-2.140771 -1.058562 3.102174 5
-2.177238 -1.067411 3.102332 5
-2.219573 -1.065309 3.108406 5
-2.261576 -1.064720 3.113812 5
-2.310729 -1.051872 3.125903 5
-2.329083 -1.095436 3.107945 5
-2.494817 -0.880863 3.228755 7
-2.550276 -0.864874 3.243358 7
-2.588138 -0.879762 3.241465 7
-2.656083 -0.845992 3.266105 7
-2.712292 -0.833286 3.279558 7
-2.758435 -0.837686 3.283874 7
-2.828377 -0.806715 3.307770 7
-2.867960 -0.823099 3.305874 7
-2.922599 -0.817878 3.316049 7
-2.965620 -0.830353 3.316607 7
-3.023737 -0.822302 3.328754 7
-0.574459 -0.834923 3.144071 7
-0.610217 -0.815625 3.154745 7
-0.646249 -0.803869 3.161698 7
-0.681096 -0.841124 3.143935 7
-0.719152 -0.779590 3.176267 7
-0.753775 -0.811986 3.161118 7
-0.792395 -0.768678 3.184430 7
-0.826392 -0.803124 3.168389 7
-0.862950 -0.798344 3.172335 7
-0.899420 -0.796276 3.174994 7
-0.933116 -0.822070 3.163556 7
-0.966655 -0.845110 3.153582 7
-1.002198 -0.848869 3.153507 7
-1.041339 -0.826214 3.167006 7
-1.074622 -0.847556 3.158124 7
-1.110750 -0.848566 3.159713 7
-1.140732 -0.886705 3.142358 7
-1.174253 -0.901130 3.137214 7
-1.210876 -0.898243 3.141039 7
-1.228847 -0.989282 3.096612 5
-1.257411 -1.021540 3.082440 5
-1.288060 -1.041914 3.074444 5
-1.325432 -1.032265 3.082030 5
-1.364403 -1.017634 3.092305 5
-1.400871 -1.014726 3.096615 5
-1.431232 -1.035593 3.088670 5
-1.472990 -1.014540 3.102608 5
-1.499121 -1.049723 3.087349 5
-1.542806 -1.024672 3.103598 5
-1.583947 -1.010285 3.114414 5
-1.610790 -1.041701 3.101329 5
-1.640907 -1.061903 3.094175 5
-1.668875 -1.087632 3.084168 5
-1.703343 -1.094294 3.084275 5
-1.733714 -1.112265 3.078488 5
-1.781170 -1.085246 3.096633 5
-1.835514 -1.043156 3.122969 5
-1.843824 -1.117274 3.087580 5
-1.899115 -1.075860 3.113851 5
-1.926764 -1.101518 3.104414 5
-1.969021 -1.093611 3.113056 5
-2.010805 -1.087913 3.120652 5
-2.050987 -1.086679 3.125978 5
-2.099598 -1.068795 3.140452 5
-2.146322 -1.056414 3.152123 5
-2.184233 -1.062778 3.153753 5
-2.218075 -1.077408 3.150981 5
-2.268479 -1.061131 3.165242 5
-2.293569 -1.092625 3.153430 5
-2.497424 -0.805189 3.317618 7
-2.513319 -0.858873 3.294174 7
-2.539869 -0.892842 3.281643 7
-2.591452 -0.884633 3.292659 7
-2.645334 -0.873968 3.305249 7
-2.724716 -0.824339 3.339934 7
-2.776972 -0.819817 3.349587 7
-2.829337 -0.816271 3.358893 7
-2.884291 -0.810007 3.369950 7
-2.939316 -0.804881 3.380584 7
-2.991000 -0.805688 3.388050 7
-0.645382 -0.810241 3.206138 7
-0.681028 -0.822184 3.201036 7
-0.718705 -0.777718 3.225377 7
-0.754184 -0.795957 3.217178 7
-0.789992 -0.803194 3.214790 7
-0.827286 -0.788271 3.224047 7
-0.863269 -0.793766 3.222747 7
-0.897524 -0.817274 3.212118 7
-0.932368 -0.830943 3.206705 7
-0.968433 -0.832085 3.207930 7
-1.002621 -0.848710 3.201128 7
-1.037609 -0.857508 3.198508 7
-1.075711 -0.844469 3.207445 7
-1.110040 -0.857863 3.202586 7
-1.143221 -0.877049 3.194753 7
-1.178921 -0.880537 3.195270 7
-1.221701 -0.847078 3.215394 7
-1.258358 -0.848409 3.217263 7
-1.299209 -0.830532 3.229405 7
-1.339621 -0.817100 3.239319 7
-1.373657 -0.832871 3.233835 7
-1.414112 -0.821769 3.242735 7
-1.400473 -1.023171 3.138433 5
-1.439060 -1.013388 3.146679 5
-1.469792 -1.033215 3.139198 5
-1.516135 -0.998459 3.161048 5
-1.545423 -1.023499 3.150949 5
-1.584031 -1.017676 3.157518 5
-1.618403 -1.025998 3.156577 5
-1.646478 -1.053150 3.145546 5
-1.672001 -1.086504 3.131202 5
-1.708125 -1.088961 3.133667 5
-1.751365 -1.072852 3.146342 5
-1.780826 -1.094321 3.138674 5
-1.823307 -1.082348 3.149353 5
-1.859236 -1.087848 3.150605 5
-1.899040 -1.084549 3.156799 5
-1.936609 -1.087333 3.159774 5
-1.973454 -1.092324 3.161647 5
-2.016952 -1.083270 3.171416 5
-2.048783 -1.100229 3.166890 5
-2.097965 -1.081186 3.182505 5
-2.146383 -1.065436 3.196479 5
-2.182514 -1.075372 3.196248 5
-2.235540 -1.053288 3.214130 5
-2.403918 -0.818043 3.352481 7
-2.483761 -0.756150 3.393741 7
-2.502781 -0.806065 3.371916 7
-2.536685 -0.828716 3.365605 7
-2.562398 -0.865051 3.351555 7
-2.603273 -0.875545 3.352362 7
-2.667660 -0.848510 3.374917 7
-2.717859 -0.845994 3.383601 7
-2.790718 -0.809582 3.412154 7
-2.850865 -0.794896 3.428413 7
-2.900418 -0.797440 3.434869 7
-0.680408 -0.821633 3.249396 7
-0.716535 -0.818922 3.252066 7
-0.753949 -0.792525 3.267506 7
-0.790682 -0.787116 3.271823 7
-0.827398 -0.784256 3.274875 7
-0.860650 -0.824831 3.254727 7
-0.895432 -0.840366 3.248080 7
-0.929555 -0.859725 3.239457 7
-0.966917 -0.847871 3.247701 7
-1.000012 -0.872785 3.236254 7
-1.035310 -0.878257 3.235357 7
-1.070426 -0.884842 3.233951 7
-1.108926 -0.869754 3.244348 7
-1.147687 -0.855756 3.254275 7
-1.187075 -0.840658 3.264920 7
-1.223618 -0.842933 3.266262 7
-1.259504 -0.848926 3.265684 7
-1.297131 -0.846809 3.269615 7
-1.334686 -0.845936 3.272978 7
-1.374099 -0.837947 3.280334 7
-1.421642 -0.798334 3.305112 7
-1.466953 -0.771593 3.323023 7
-1.500766 -0.790664 3.315952 7
-1.546674 -0.765708 3.333170 7
-1.508260 -1.032977 3.189544 5
-1.535577 -1.063583 3.176111 5
-1.575769 -1.051677 3.186240 5
-1.612480 -1.051995 3.189732 5
-1.640950 -1.077403 3.179398 5
-1.671817 -1.094948 3.173496 5
-1.713160 -1.083052 3.184097 5
-1.745781 -1.095993 3.180954 5
-1.789527 -1.079969 3.194139 5
-1.833301 -1.065569 3.206578 5
-1.874330 -1.059460 3.214512 5
-1.910291 -1.066453 3.215190 5
-1.948944 -1.067596 3.219293 5
-1.974803 -1.098049 3.206877 5
-2.027480 -1.069230 3.228264 5
-2.058663 -1.088226 3.222567 5
-2.105794 -1.074114 3.235919 5
-2.144879 -1.077662 3.239315 5
-2.190245 -1.069523 3.249583 5
-2.373425 -0.799885 3.411257 7
-2.416079 -0.805674 3.414302 7
-2.446712 -0.833849 3.404466 7
-2.501673 -0.818501 3.420116 7
-2.551118 -0.814300 3.429475 7
-2.589253 -0.830268 3.427172 7
-2.601196 -0.889534 3.399429 7
-2.691530 -0.820862 3.447425 7
-2.733794 -0.831811 3.448569 7
-2.783618 -0.831589 3.456536 7
-2.872563 -0.773549 3.499372 7
-0.716752 -0.800164 3.311073 7
-0.754045 -0.782395 3.322188 7
-0.792566 -0.751398 3.340693 7
-0.824730 -0.818974 3.305083 7
-0.860470 -0.826306 3.302691 7
-0.898695 -0.805952 3.315655 7
-0.932286 -0.835122 3.301414 7
-0.969102 -0.831373 3.305428 7
-1.003425 -0.848840 3.297815 7
-1.033139 -0.898066 3.272701 7
-1.069765 -0.893720 3.277321 7
-1.109356 -0.871891 3.291754 7
-1.148632 -0.855444 3.303332 7
-1.183801 -0.864529 3.300833 7
-1.224765 -0.842907 3.315540 7
-1.263201 -0.836871 3.321692 7
-1.301414 -0.833228 3.326628 7
-1.342574 -0.817506 3.338445 7
-1.390044 -0.777171 3.364207 7
-1.430368 -0.770236 3.371399 7
-1.464773 -0.787614 3.365042 7
-1.494740 -0.820764 3.349876 7
-1.546983 -0.772540 3.380725 7
-1.580226 -0.793930 3.372405 7
-1.614429 -0.811284 3.366449 7
-1.589039 -1.017266 3.253393 5
-1.614205 -1.054554 3.236030 5
-1.629621 -1.118771 3.203327 5
-1.672176 -1.101896 3.216965 5
-1.702665 -1.120144 3.210632 5
-1.760688 -1.064356 3.246922 5
-1.792987 -1.079360 3.242713 5
-1.841241 -1.054138 3.261823 5
-1.875625 -1.064922 3.260292 5
-1.910672 -1.074253 3.259709 5
-1.953731 -1.065406 3.269816 5
-1.988896 -1.075417 3.269084 5
-2.025765 -1.081941 3.270505 5
-2.065599 -1.082618 3.275482 5
-2.251407 -0.784065 3.456825 7
-2.277155 -0.822203 3.440512 7
-2.320027 -0.825853 3.444666 7
-2.368837 -0.818890 3.455287 7
-2.419720 -0.809299 3.467680 7
-2.465661 -0.809986 3.474141 7
-2.494805 -0.841155 3.462480 7
-2.544522 -0.836312 3.472579 7
-2.594107 -0.832819 3.482075 7
-2.643824 -0.830183 3.491266 7
-2.687364 -0.838495 3.494000 7
-2.749182 -0.818718 3.514087 7
-2.808490 -0.804622 3.530995 7
-0.751186 -0.830943 3.344676 7
-0.788554 -0.812247 3.356703 7
-0.821961 -0.855123 3.334076 7
-0.860307 -0.827560 3.351333 7
-0.893563 -0.861703 3.333808 7
-0.929501 -0.863646 3.334589 7
-0.964359 -0.875332 3.329951 7
-1.001295 -0.869132 3.335558 7
-1.040188 -0.850263 3.348481 7
-1.076090 -0.855189 3.348000 7
-1.115805 -0.836030 3.361343 7
-1.150872 -0.847538 3.357332 7
-1.190288 -0.834199 3.367610 7
-1.230896 -0.816880 3.380300 7
-1.272235 -0.798548 3.393716 7
-1.303592 -0.829644 3.378918 7
-1.346592 -0.806512 3.395350 7
-1.386414 -0.799785 3.402501 7
-1.425997 -0.795376 3.408451 7
-1.464064 -0.797963 3.410491 7
-1.504446 -0.792487 3.417318 7
-1.545395 -0.786187 3.424763 7
-1.581329 -0.798271 3.421668 7
-1.614562 -0.819074 3.413600 7
-1.666489 -0.779916 3.440600 7
-1.698031 -0.806549 3.429361 7
-1.649203 -1.068938 3.280030 5
-1.680102 -1.087365 3.273432 5
-1.727798 -1.059044 3.294436 5
-1.761799 -1.069759 3.292614 5
-1.798005 -1.074840 3.294230 5
-1.842014 -1.060813 3.307302 5
-1.883078 -1.055516 3.315366 5
-1.922013 -1.056291 3.319968 5
-1.954336 -1.072912 3.315239 5
-2.099960 -0.837289 3.461866 7
-2.154679 -0.812092 3.482913 7
-2.189368 -0.831244 3.477464 7
-2.241628 -0.814218 3.494005 7
-2.286969 -0.812732 3.501351 7
-2.318792 -0.838456 3.492314 7
-2.390534 -0.788110 3.529827 7
-2.408945 -0.839667 3.505271 7
-2.469243 -0.814098 3.528126 7
-2.513217 -0.819356 3.532259 7
-2.579336 -0.787261 3.559706 7
-2.615406 -0.807942 3.554692 7
-2.644128 -0.840608 3.542312 7
-2.685389 -0.852656 3.542908 7
-2.749884 -0.828798 3.566247 7
-0.787247 -0.828769 3.397225 7
-0.857411 -0.861983 3.381318 7
-0.892442 -0.874374 3.375952 7
-0.929344 -0.866883 3.382239 7
-0.967430 -0.851183 3.393423 7
-1.002527 -0.862678 3.388899 7
-1.040556 -0.851565 3.397657 7
-1.077659 -0.849072 3.401514 7
-1.117151 -0.832553 3.413688 7
-1.154579 -0.831066 3.417207 7
-1.192132 -0.829784 3.420727 7
-1.229346 -0.831134 3.422824 7
-1.270003 -0.816059 3.434697 7
-1.306653 -0.822029 3.434327 7
-1.345813 -0.816975 3.440573 7
-1.390437 -0.789997 3.459908 7
-1.434410 -0.768854 3.475973 7
-1.457774 -0.829920 3.443469 7
-1.505326 -0.797091 3.466741 7
-1.548313 -0.783882 3.478542 7
-1.594335 -0.762120 3.495612 7
-1.616942 -0.819562 3.465538 7
-1.657003 -0.818413 3.470550 7
-1.702674 -0.801029 3.485449 7
-1.732656 -0.831733 3.471611 7
-1.789492 -0.784879 3.504598 7
-1.807302 -0.849060 3.470757 7
-1.866997 -0.798583 3.506348 7
-1.898377 -0.824954 3.495566 7
-1.939535 -0.826106 3.500216 7
-1.979827 -0.830088 3.503293 7
-2.028649 -0.814595 3.518442 7
-2.065539 -0.828041 3.516040 7
-2.116427 -0.810502 3.532840 7
-2.159513 -0.811587 3.538372 7
-2.201942 -0.814829 3.542740 7
-2.254283 -0.798499 3.559437 7
-2.296649 -0.803718 3.562948 7
-2.332771 -0.821635 3.558684 7
-2.381724 -0.815280 3.569769 7
-2.419903 -0.829962 3.567831 7
-2.480578 -0.804398 3.591458 7
-2.522394 -0.814023 3.593091 7
-2.567501 -0.818465 3.598188 7
-2.602123 -0.841126 3.591840 7
-2.651514 -0.839563 3.601137 7
-2.706984 -0.829321 3.616254 7
-2.750699 -0.838788 3.618914 7
-0.857599 -0.858971 3.433193 7
-0.894998 -0.847587 3.441857 7
-0.935585 -0.808631 3.467089 7
-0.968013 -0.848759 3.445290 7
-1.008153 -0.821341 3.463915 7
-1.044007 -0.830353 3.460907 7
-1.077389 -0.855481 3.448356 7
-1.118646 -0.828212 3.467309 7
-1.153430 -0.843336 3.460972 7
-1.199631 -0.794165 3.493397 7
-1.234379 -0.811100 3.486225 7
-1.270456 -0.820360 3.483779 7
-1.314587 -0.791781 3.504304 7
-1.351372 -0.799368 3.503131 7
-1.387998 -0.807646 3.501658 7
-1.438100 -0.761583 3.533297 7
-1.470737 -0.787626 3.521312 7
-1.503825 -0.810563 3.511299 7
-1.549316 -0.788470 3.528871 7
-1.587554 -0.793542 3.530016 7
-1.624526 -0.803134 3.528521 7
-1.662524 -0.809556 3.529095 7
-1.696873 -0.827370 3.522784 7
-1.742449 -0.811804 3.537179 7
-1.778355 -0.825459 3.533690 7
-1.817360 -0.830512 3.535652 7
-1.862899 -0.818703 3.548241 7
-1.893707 -0.846252 3.536491 7
-1.935548 -0.845454 3.542533 7
-1.981201 -0.836298 3.553980 7
-2.029932 -0.821276 3.569316 7
-2.065005 -0.839017 3.564227 7
-2.134992 -0.779360 3.608176 7
-2.162530 -0.815127 3.592028 7
-2.201061 -0.826801 3.591250 7
-2.259974 -0.797193 3.616950 7
-2.285251 -0.836700 3.598727 7
-2.340772 -0.816608 3.618807 7
-2.383854 -0.821827 3.622864 7
-2.425353 -0.830573 3.624824 7
-2.473351 -0.828143 3.634204 7
-2.532737 -0.806835 3.656107 7
-2.557660 -0.846219 3.638656 7
-2.602331 -0.851789 3.643426 7
-2.657198 -0.841445 3.658880 7
-0.931323 -0.851381 3.492623 7
-0.966111 -0.867997 3.484644 7
-0.999500 -0.893538 3.471298 7
-1.046082 -0.819300 3.519242 7
-1.084241 -0.813770 3.525228 7
-1.120115 -0.824112 3.521591 7
-1.157566 -0.824548 3.524167 7
-1.191492 -0.845122 3.514454 7
-1.238287 -0.797077 3.547213 7
-1.277519 -0.792231 3.553478 7
-1.311465 -0.813258 3.543858 7
-1.352958 -0.799518 3.555909 7
-1.392091 -0.797779 3.560667 7
-1.428740 -0.806941 3.558781 7
-1.472148 -0.790055 3.573269 7
-1.502530 -0.823321 3.556591 7
-1.546099 -0.808053 3.570378 7
-1.581733 -0.821669 3.566222 7
-1.627550 -0.801780 3.583255 7
-1.660975 -0.823072 3.574536 7
-1.709330 -0.798380 3.594964 7
-1.747637 -0.805566 3.595435 7
-1.792084 -0.795706 3.606865 7
-1.818193 -0.837380 3.585697 7
-1.867004 -0.817155 3.604049 7
-1.903922 -0.829446 3.601838 7
-1.951741 -0.814735 3.617073 7
-1.973966 -0.863329 3.591825 7
-2.029468 -0.832131 3.618035 7
-2.076374 -0.823052 3.630236 7
-2.125700 -0.809973 3.645251 7
-2.165551 -0.818774 3.646270 7
-2.214663 -0.808627 3.659814 7
-2.244221 -0.839578 3.646686 7
-2.296484 -0.824880 3.663616 7
-2.345912 -0.817265 3.676148 7
-2.394691 -0.812133 3.687281 7
-2.431325 -0.830374 3.683140 7
-2.467830 -0.848842 3.678979 7
-2.523715 -0.833567 3.697516 7
-2.575177 -0.827453 3.710210 7
-2.617109 -0.838363 3.711701 7
-1.049844 -0.796025 3.586306 7
-1.077985 -0.860767 3.548237 7
-1.122466 -0.814550 3.580149 7
-1.161391 -0.807720 3.587410 7
-1.196551 -0.823209 3.580712 7
-1.227339 -0.860344 3.560417 7
-1.275323 -0.809737 3.595830 7
-1.314235 -0.807345 3.600862 7
-1.345795 -0.838415 3.584753 7
-1.388634 -0.819817 3.600377 7
-1.428904 -0.813976 3.608044 7
-1.459213 -0.847613 3.590618 7
-1.512665 -0.794135 3.629098 7
-1.539953 -0.837972 3.605365 7
-1.582629 -0.827037 3.616923 7
-1.624657 -0.819810 3.626276 7
-1.668305 -0.808811 3.638246 7
-1.697682 -0.842500 3.621458 7
-1.746325 -0.818437 3.642238 7
-1.787707 -0.817246 3.648370 7
-1.828202 -0.819342 3.652531 7
-1.870352 -0.817739 3.659279 7
-1.912285 -0.817594 3.665251 7
-1.948584 -0.832212 3.661693 7
-1.994203 -0.824396 3.673063 7
-2.036971 -0.824501 3.679407 7
-2.080454 -0.823808 3.686471 7
-2.134490 -0.800789 3.708589 7
-2.177671 -0.803093 3.714095 7
-2.204720 -0.839676 3.696838 7
-2.245026 -0.848335 3.698390 7
-2.301469 -0.825595 3.721279 7
-2.348930 -0.822144 3.731439 7
-2.380348 -0.849770 3.720740 7
-2.444935 -0.816398 3.751686 7
-2.496632 -0.808501 3.765610 7
-2.533627 -0.827421 3.761406 7
-2.777963 -0.495142 3.999307 4
-1.170261 -0.519976 3.823897 8
-1.158881 -0.828178 3.627795 7
-1.200529 -0.807414 3.644429 7
-1.239729 -0.802489 3.650970 7
-1.276568 -0.810417 3.649315 7
-1.318099 -0.796479 3.662026 7
-1.341957 -0.862586 3.622717 7
-1.382447 -0.853315 3.632653 7
-1.425182 -0.836646 3.647605 7
-1.469176 -0.817376 3.664457 7
-1.510309 -0.810985 3.673055 7
-1.540746 -0.843473 3.656231 7
-1.586247 -0.823307 3.674219 7
-1.632786 -0.802084 3.693128 7
-1.663530 -0.832588 3.677987 7
-1.712884 -0.805595 3.701114 7
-1.754498 -0.803782 3.707732 7
-1.787497 -0.827093 3.697763 7
-1.827791 -0.829844 3.701651 7
-1.876981 -0.809831 3.720983 7
-1.910884 -0.830805 3.712999 7
-1.965677 -0.799758 3.740217 7
-1.996906 -0.827794 3.727775 7
-2.048279 -0.808216 3.747723 7
-2.079306 -0.836502 3.735379 7
-2.141360 -0.796015 3.770060 7
-2.173917 -0.821487 3.759961 7
-2.226518 -0.804877 3.778867 7
-2.252838 -0.843050 3.760309 7
-2.296289 -0.846431 3.765854 7
-2.350947 -0.829065 3.786002 7
-2.392797 -0.837353 3.788601 7
-2.436838 -0.842139 3.793840 7
-2.499689 -0.814238 3.822226 7
-2.691781 -0.565029 4.006854 4
-2.715146 -0.613619 3.982576 4
-1.173844 -0.746354 3.736105 7
-1.207581 -0.774877 3.720535 7
-1.237895 -0.818538 3.694995 7
-1.276590 -0.817167 3.699509 7
-1.313408 -0.825375 3.697791 7
-1.354565 -0.814425 3.709014 7
-1.387469 -0.839835 3.696078 7
-1.432359 -0.815783 3.716415 7
-1.473546 -0.808750 3.725538 7
-1.509105 -0.823658 3.720071 7
-1.548219 -0.825647 3.723447 7
-1.581265 -0.848680 3.712755 7
-1.626498 -0.831260 3.729581 7
-1.671858 -0.815513 3.745497 7
-1.715636 -0.806437 3.757098 7
-1.751796 -0.820885 3.752854 7
-1.789184 -0.831705 3.751227 7
-1.831993 -0.827926 3.759762 7
-1.875720 -0.822788 3.769433 7
-1.907057 -0.850241 3.756840 8
-1.960199 -0.823170 3.782043 8
-1.982782 -0.871472 3.755279 7
-2.040039 -0.837453 3.785781 7
-2.088440 -0.826140 3.800788 7
-2.130130 -0.830980 3.804751 7
-2.168552 -0.843347 3.803624 7
-2.222633 -0.823530 3.825329 7
-2.258008 -0.843267 3.819398 7
-2.310276 -0.829757 3.837179 7
-2.342715 -0.855655 3.827216 7
-2.405547 -0.824622 3.858022 7
-2.575533 -0.601845 4.026693 4
-2.615227 -0.621306 4.022514 4
-2.655513 -0.639776 4.019217 4
-2.697123 -0.656116 4.017640 4
-1.240587 -0.811251 3.755199 7
-1.273869 -0.837370 3.741110 7
-1.318627 -0.808462 3.764732 7
-1.358300 -0.805522 3.770807 7
-1.392840 -0.825070 3.761630 7
-1.435136 -0.812670 3.774525 7
-1.470065 -0.830194 3.767018 7
-1.510166 -0.828128 3.773150 7
-1.554999 -0.810458 3.790250 7
-1.588795 -0.832027 3.780391 7
-1.629120 -0.831639 3.785893 7
-1.668552 -0.834841 3.789078 7
-1.720711 -0.800448 3.818665 7
-1.746847 -0.844526 3.793676 7
-1.791826 -0.833763 3.807174 7
-1.833871 -0.832439 3.814269 7
-1.870663 -0.845739 3.811258 7
-1.905012 -0.865198 3.804043 7
-1.961347 -0.830337 3.835453 8
-2.009940 -0.816818 3.852042 7
-2.050608 -0.823233 3.854689 7
-2.092253 -0.827930 3.858753 7
-2.144540 -0.810024 3.879232 7
-2.174717 -0.840805 3.864979 7
-2.235123 -0.808490 3.896372 7
-2.274730 -0.820483 3.896054 7
-2.426101 -0.614541 4.054374 4
-2.474496 -0.615997 4.062676 4
-2.503900 -0.653521 4.044822 4
-2.552939 -0.654655 4.053785 4
-2.589087 -0.679404 4.045592 4
-2.615791 -0.720142 4.025693 4
-2.654522 -0.739726 4.021574 4
-2.719832 -0.715847 4.050089 4
-1.315487 -0.830269 3.805965 7
-1.352022 -0.840621 3.802881 7
-1.392885 -0.832692 3.812785 7
-1.429945 -0.841372 3.811192 7
-1.468479 -0.844452 3.813702 7
-1.503136 -0.862140 3.806055 7
-1.560246 -0.800820 3.854491 7
-1.594284 -0.822429 3.844439 7
-1.631517 -0.832874 3.842446 7
-1.679455 -0.810135 3.864269 7
-1.715842 -0.824356 3.859945 7
-1.756047 -0.827371 3.863797 7
-1.792013 -0.842795 3.858922 7
-1.834539 -0.840332 3.867073 7
-1.867070 -0.864889 3.855925 7
-1.922363 -0.831265 3.887021 7
-1.960656 -0.842115 3.886168 7
-2.007308 -0.833316 3.899797 7
-2.051632 -0.831230 3.908780 7
-2.097743 -0.826118 3.920216 7
-2.145249 -0.819120 3.933293 7
-2.226850 -0.741381 3.998820 8
-2.277228 -0.732891 4.013720 8
-2.337692 -0.705598 4.042879 8
-2.380958 -0.714124 4.045744 4
-2.437209 -0.698523 4.066875 4
-2.471272 -0.725632 4.056298 4
-2.484528 -0.789779 4.017931 4
-2.536506 -0.783714 4.032590 4
-2.571483 -0.808004 4.024513 4
-2.591224 -0.857532 3.997328 4
-2.725738 -0.718456 4.114576 4
-2.616125 -0.074623 1.410358 6
-2.483264 -0.025948 1.350898 6
-2.511907 -0.103801 1.397164 6
-2.339302 -0.018500 1.308593 6
-2.280348 -0.023599 1.295060 6
-2.233310 -0.037896 1.289118 6
-2.171913 -0.039077 1.272691 6
-2.106261 -0.035352 1.252556 6
-2.046730 -0.035886 1.236029 6
-2.029370 -0.074415 1.249418 6
-1.966412 -0.070269 1.229385 6
-1.956395 -0.115967 1.247968 6
-1.981085 -0.196664 1.292904 8
-1.936472 -0.209873 1.285885 8
-1.892002 -0.222661 1.278559 8
-1.843516 -0.230665 1.267675 8
-1.809853 -0.253762 1.268025 8
-1.768425 -0.268255 1.261941 8
-1.723062 -0.277885 1.252294 8
-1.681130 -0.290750 1.245017 8
-1.672194 -0.341425 1.264848 8
-1.631890 -0.355966 1.258531 8
-1.589268 -0.367248 1.249882 8
-1.565446 -0.401208 1.257118 8
-1.557359 -0.455445 1.278192 8
-1.511013 -0.461579 1.265629 8
-1.500047 -0.513558 1.284474 8
-1.529351 -0.620974 1.340493 8
-1.550360 -0.720594 1.390224 7
-1.497154 -0.719113 1.371470 7
-1.444505 -0.717252 1.352588 7
-1.409566 -0.740226 1.350156 7
-1.378628 -0.769142 1.351458 7
-1.350721 -0.802921 1.355704 7
-1.305161 -0.809396 1.342167 7
-1.070116 -0.510429 1.134171 0
-1.069775 -0.582568 1.163714 0
-1.007639 -0.553050 1.128908 0
-1.002877 -0.619994 1.154422 0
-0.964973 -0.630648 1.144633 0
-0.944151 -0.671665 1.153368 0
-0.932414 -0.730488 1.172556 0
-0.915012 -0.780437 1.185883 0
-0.877354 -0.792444 1.176146 0
-0.857193 -0.838889 1.186720 0
-2.749072 -0.105011 1.525779 6
-2.677633 -0.107550 1.507581 6
-2.608433 -0.110588 1.490081 6
-2.373180 0.020426 1.358492 6
-2.321875 0.007997 1.350385 6
-2.259397 0.005595 1.333951 6
-2.221799 -0.016870 1.334421 6
-2.125310 0.012090 1.292402 6
-2.074121 0.003265 1.281922 6
-2.031137 -0.012204 1.276934 6
-1.929444 0.027076 1.227894 6
-1.907127 -0.005757 1.237138 6
-1.856698 -0.011794 1.224936 6
-1.838398 -0.048569 1.236989 6
-1.811742 -0.077412 1.242581 6
-1.803644 -0.125389 1.262779 6
-1.803977 -0.183110 1.290026 8
-1.775961 -0.211902 1.294736 8
-1.750067 -0.243126 1.301099 8
-1.700275 -0.247980 1.287515 8
-1.626910 -0.225164 1.253488 8
-1.637290 -0.297490 1.289961 8
-1.598434 -0.313483 1.284572 8
-1.565837 -0.336666 1.284353 8
-1.518417 -0.341451 1.270776 8
-1.499589 -0.381492 1.282433 8
-1.456861 -0.391371 1.272421 8
-1.433889 -0.426670 1.280273 8
-1.419514 -0.474046 1.296267 8
-1.412905 -0.533148 1.319961 8
-1.433227 -0.631714 1.370175 8
-1.435963 -0.708303 1.404480 7
-1.388384 -0.713202 1.389703 7
-1.346615 -0.725949 1.380237 7
-1.085002 -0.399795 1.145754 0
-1.062728 -0.434359 1.152403 0
-1.017236 -0.432124 1.134737 0
-1.008843 -0.489960 1.156107 0
-1.002542 -0.553072 1.180345 0
-0.950099 -0.538437 1.154442 0
-0.933520 -0.585559 1.167821 0
-0.904678 -0.611725 1.167648 0
-0.869450 -0.626288 1.160062 0
-0.862081 -0.693620 1.184950 0
-0.827044 -0.709280 1.177609 0
-0.808916 -0.758568 1.190578 0
-0.773051 -0.772895 1.182079 0
-0.751220 -0.816519 1.190974 0
-2.742582 -0.028369 1.549840 6
-2.777220 -0.110809 1.602859 6
-2.678963 -0.093925 1.566176 6
-2.478683 0.004609 1.457779 6
-2.422844 -0.006308 1.447324 6
-2.344938 0.001544 1.420669 6
-2.301601 -0.017693 1.417802 6
-2.221821 -0.005609 1.388130 6
-2.181215 -0.025679 1.386187 6
-2.114440 -0.022267 1.364457 6
-2.040343 -0.010909 1.336395 6
-2.012257 -0.040270 1.342425 6
-1.901980 0.007568 1.284933 6
-1.829853 0.021940 1.255547 6
-1.802284 -0.005647 1.260432 6
-1.743295 -0.001861 1.240039 6
-1.703297 -0.016236 1.234312 6
-1.694911 -0.063132 1.254200 6
-1.650205 -0.072253 1.244163 6
-1.643641 -0.122196 1.265820 6
-1.617127 -0.151037 1.270806 8
-1.625939 -0.220134 1.306293 8
-1.589524 -0.238703 1.302888 8
-1.548341 -0.251348 1.294975 8
-1.526939 -0.287394 1.304482 8
-1.479717 -0.292029 1.290525 8
-1.434169 -0.297914 1.277577 8
-1.425219 -0.350217 1.298420 8
-1.410035 -0.395551 1.313770 8
-1.370430 -0.408916 1.305884 8
-1.370928 -0.477064 1.336818 8
-1.324391 -0.480947 1.321907 8
-1.345405 -0.581232 1.374334 8
-1.078486 -0.260818 1.134621 0
-1.059793 -0.298693 1.144551 0
-1.051151 -0.352832 1.165240 0
-1.007960 -0.353994 1.149656 0
-0.984854 -0.386646 1.155255 0
-0.949741 -0.400002 1.147773 0
-0.943572 -0.461994 1.172296 0
-0.912818 -0.483359 1.169684 0
-0.901514 -0.539301 1.189351 0
-0.876019 -0.571162 1.193023 0
-0.836791 -0.577958 1.180455 0
-0.809104 -0.606133 1.181420 0
-0.801412 -0.673950 1.207030 0
-0.776921 -0.710421 1.212511 0
-0.731549 -0.704593 1.191594 0
-0.705510 -0.738392 1.195046 0
-0.691767 -0.799749 1.214929 0
-0.658681 -0.820074 1.209573 0
-2.811363 -0.062783 1.654447 6
-2.614540 0.025578 1.549637 6
-2.542891 0.024143 1.529299 6
-2.492316 0.007669 1.523012 6
-2.412557 0.014944 1.495346 6
-2.380275 -0.014558 1.501073 6
-2.303294 -0.007091 1.473836 6
-2.252967 -0.020513 1.465412 6
-2.162465 0.001372 1.426273 6
-2.120726 -0.017481 1.422994 6
-2.065832 -0.024099 1.409217 6
-1.990474 -0.011016 1.378854 6
-1.915350 0.003588 1.347652 6
-1.849014 0.011562 1.322446 6
-1.808053 -0.003787 1.316926 6
-1.745199 0.003181 1.293068 6
-1.680206 0.013735 1.266598 6
-1.654923 -0.015512 1.272668 6
-1.605218 -0.018969 1.257863 6
-1.578941 -0.046947 1.262714 6
-1.560794 -0.084088 1.274619 6
-1.611229 -0.199493 1.347471 8
-1.555617 -0.196054 1.326787 8
-1.544442 -0.243936 1.345835 8
-1.489928 -0.240447 1.325230 8
-1.455062 -0.259987 1.322280 8
-1.420503 -0.279702 1.319383 8
-1.389319 -0.303575 1.319503 8
-1.348853 -0.315201 1.310437 8
-1.352300 -0.385490 1.344386 8
-1.318125 -0.406015 1.341457 8
-1.107443 -0.177558 1.158846 0
-1.060109 -0.173142 1.139328 0
-1.059877 -0.237015 1.168443 0
-1.013105 -0.232629 1.148896 0
-0.990197 -0.263903 1.154411 0
-0.975720 -0.308994 1.169250 0
-0.945864 -0.330347 1.167385 0
-0.913962 -0.348332 1.163093 0
-0.899180 -0.395250 1.178251 0
-0.876919 -0.430454 1.185141 0
-0.849031 -0.456356 1.185557 0
-0.825058 -0.489685 1.190680 0
-0.796429 -0.514953 1.190262 0
-0.779781 -0.563496 1.204748 0
-0.743679 -0.575174 1.195096 0
-0.713185 -0.597753 1.192353 0
-0.690868 -0.637464 1.200279 0
-0.670893 -0.683258 1.211675 0
-0.650115 -0.728734 1.222463 0
-0.612097 -0.736799 1.209788 0
-0.604247 -0.814138 1.239430 0
-0.545503 -0.773451 1.196825 0
-2.897548 0.006979 1.710116 6
-2.804127 0.015580 1.677412 6
-2.760186 -0.009725 1.678033 6
-2.633529 0.026452 1.619883 6
-2.567413 0.019938 1.603217 6
-2.486782 0.025738 1.575286 6
-2.425403 0.017991 1.560434 6
-2.390362 -0.009950 1.564427 6
-2.311349 -0.001606 1.535182 6
-2.280266 -0.031856 1.541345 6
-2.214211 -0.032107 1.520443 6
-2.127508 -0.012992 1.482636 6
-2.052755 -0.002500 1.453033 6
-2.017937 -0.026850 1.454331 6
-1.931870 -0.003169 1.413929 6
-1.878603 -0.008573 1.399134 6
-1.839188 -0.026540 1.395218 6
-1.734137 0.021210 1.335797 6
-1.689791 0.010430 1.326309 6
-1.642336 0.003521 1.313684 6
-1.565093 0.029021 1.274500 6
-1.545126 -0.005382 1.284790 6
-1.508567 -0.021841 1.280286 6
-1.481264 -0.048427 1.283892 6
-1.458937 -0.080872 1.292005 6
-1.504626 -0.194056 1.363645 8
-1.449458 -0.189364 1.341665 8
-1.428637 -0.225774 1.351859 8
-1.402089 -0.255499 1.356615 8
-1.359950 -0.265363 1.345991 8
-1.324923 -0.283971 1.342038 8
-1.104916 -0.052866 1.150306 0
-1.075296 -0.072795 1.148733 0
-1.049392 -0.097902 1.150886 0
-1.020068 -0.118253 1.149383 0
-1.013773 -0.172586 1.172488 0
-0.984368 -0.193552 1.171000 0
-0.952842 -0.211235 1.167042 0
-0.919790 -0.226353 1.161177 0
-0.907376 -0.274682 1.178633 0
-0.889352 -0.315044 1.190083 0
-0.852639 -0.324567 1.179830 0
-0.825133 -0.349611 1.180235 0
-0.823171 -0.420575 1.211735 0
-0.779543 -0.417723 1.192682 0
-0.762990 -0.464602 1.207073 0
-0.722122 -0.465965 1.190806 0
-0.692827 -0.489273 1.189072 0
-0.683045 -0.552449 1.213215 0
-0.653789 -0.577327 1.211947 0
-0.642267 -0.640549 1.235121 0
-0.605254 -0.649994 1.223444 0
-0.587228 -0.701935 1.238580 0
-0.547038 -0.704036 1.222031 0
-0.535485 -0.773926 1.247614 0
-0.501261 -0.790770 1.239880 0
-2.964851 0.035626 1.784065 6
-2.928064 0.003122 1.791029 6
-2.821636 0.019702 1.748664 6
-2.759043 0.007049 1.736155 6
-2.651913 0.028056 1.690783 6
-2.595562 0.013337 1.681074 6
-2.497016 0.031781 1.639529 6
-2.461115 0.003328 1.643585 6
-2.386603 0.005943 1.618110 6
-2.324263 0.000072 1.601038 6
-2.274108 -0.014907 1.592716 6
-2.206910 -0.014655 1.570464 6
-2.151903 -0.023734 1.557090 6
-2.094106 -0.029439 1.540848 6
-2.025969 -0.024707 1.515469 6
-1.957761 -0.018460 1.489127 6
-1.888649 -0.009862 1.461105 6
-1.843782 -0.023247 1.452727 6
-1.780537 -0.017791 1.428085 6
-1.715235 -0.008843 1.400789 6
-1.635968 0.016116 1.360235 6
-1.579102 0.019570 1.338457 6
-1.534664 0.010832 1.327177 6
-1.484535 0.009091 1.310184 6
-1.472889 -0.035134 1.328381 6
-1.435058 -0.050001 1.322195 6
-1.398291 -0.065711 1.316693 6
-1.373956 -0.096056 1.322933 6
-1.413987 -0.206103 1.392452 8
-1.351958 -0.191293 1.362067 8
-1.344129 -0.244630 1.385454 8
-1.066608 0.056429 1.132968 0
-1.067001 -0.002634 1.162023 0
-1.028916 -0.010339 1.151232 0
-0.991435 -0.018278 1.140670 0
-0.976668 -0.058432 1.154371 0
-0.949893 -0.081747 1.155161 0
-0.933548 -0.120977 1.167569 0
-0.901690 -0.137057 1.162660 0
-0.891232 -0.186893 1.182234 0
-0.873359 -0.226111 1.193679 0
-0.836273 -0.234248 1.182552 0
-0.788614 -0.223732 1.158219 0
-0.808171 -0.329312 1.215797 0
-0.763887 -0.324691 1.195376 0
-0.742049 -0.360112 1.202824 0
-0.715773 -0.387968 1.204782 0
-0.700332 -0.437250 1.221104 0
-0.662379 -0.443326 1.207817 0
-0.646400 -0.493574 1.224115 0
-0.614329 -0.511730 1.218653 0
-0.602647 -0.573826 1.241987 0
-0.570901 -0.593824 1.237262 0
-0.544179 -0.625337 1.239850 0
-0.512772 -0.646570 1.235585 0
-0.483475 -0.673044 1.234502 0
-0.464187 -0.724944 1.249235 0
-0.437071 -0.758783 1.252195 0
-0.419470 -0.818814 1.271088 0
-3.135810 -0.001113 1.930460 6
-3.008154 0.024553 1.875006 6
-2.935265 0.015617 1.856787 6
-2.834788 0.027161 1.817823 6
-2.767303 0.017229 1.801599 6
-2.685341 0.018962 1.773901 6
-2.613364 0.014825 1.752628 6
-2.504852 0.039861 1.702800 6
-2.481833 0.000770 1.716969 6
-2.415995 -0.004505 1.697918 6
-2.334599 0.004064 1.665841 6
-2.287520 -0.014187 1.659974 6
-2.232418 -0.025065 1.647196 6
-2.165416 -0.024739 1.624097 6
-2.102449 -0.026670 1.603469 6
-2.025125 -0.014359 1.570033 6
-1.971014 -0.021773 1.555163 6
-1.885738 0.001279 1.512906 6
-1.853848 -0.025148 1.515746 6
-1.792859 -0.022725 1.492799 6
-1.705999 0.007173 1.445944 6
-1.663709 -0.006520 1.437943 6
-1.589594 0.013959 1.400377 6
-1.539132 0.010936 1.383573 6
-1.485568 0.012317 1.363216 6
-1.431173 0.015799 1.341342 6
-1.398924 -0.005023 1.340104 6
-1.367822 -0.027054 1.339794 6
-1.320823 -0.029837 1.323536 6
-1.320094 -0.088727 1.353268 6
-1.064956 0.171557 1.123921 0
-1.062318 0.119137 1.149412 0
-1.019208 0.118663 1.133005 0
-1.008662 0.075186 1.150719 0
-0.991818 0.039348 1.162042 0
-0.972208 0.006714 1.170570 0
-0.938114 -0.005533 1.163132 0
-0.930312 -0.056314 1.185121 0
-0.887096 -0.054852 1.167044 0
-0.886037 -0.117794 1.197506 0
-0.842936 -0.115944 1.179061 0
-0.813335 -0.135007 1.176225 0
-0.785455 -0.156896 1.175359 0
-0.765853 -0.193062 1.184728 0
-0.732035 -0.205106 1.176406 0
-0.725782 -0.266396 1.203247 0
-0.704682 -0.302434 1.211585 0
-0.682578 -0.337435 1.218884 0
-0.650655 -0.354148 1.213145 0
-0.636237 -0.405716 1.231401 0
-0.603670 -0.421776 1.224840 0
-0.573102 -0.441879 1.220946 0
-0.556440 -0.492229 1.237295 0
-0.532313 -0.527718 1.243243 0
-0.507678 -0.563007 1.248751 0
-0.482560 -0.598134 1.253848 0
-0.452717 -0.622733 1.251787 0
-0.431858 -0.670281 1.264349 0
-0.398267 -0.686654 1.256520 0
-0.367244 -0.709764 1.252865 0
-0.354900 -0.784808 1.281687 0
-0.322966 -0.807730 1.277275 0
-3.037226 0.023477 1.957580 6
-2.949919 0.023266 1.928716 6
-2.842817 0.038437 1.884142 6
-2.792609 0.015521 1.880556 6
-2.698178 0.025242 1.843085 6
-2.603730 0.036963 1.804309 6
-2.544846 0.023730 1.791774 6
-2.472612 0.021736 1.768121 6
-2.406523 0.016230 1.748431 6
-2.349338 0.004684 1.735093 6
-2.296765 -0.009797 1.724871 6
-2.216200 0.000174 1.691018 6
-2.171630 -0.019220 1.686074 6
-2.121552 -0.033262 1.676071 6
-2.053671 -0.030502 1.650302 6
-2.000536 -0.039947 1.636403 6
-1.914233 -0.017184 1.592760 6
-1.847391 -0.010944 1.565061 6
-1.786668 -0.009234 1.541928 6
-1.721662 -0.001909 1.514057 6
-1.650148 0.013651 1.479218 6
-1.569512 0.040698 1.434698 6
-1.527193 0.028803 1.425202 6
-1.495432 0.005868 1.425433 6
-1.439689 0.010043 1.402091 6
-1.386938 0.012074 1.380902 6
-1.349789 -0.003086 1.374618 6
-1.073567 0.270189 1.124853 0
-1.080881 0.207607 1.160349 0
-1.074794 0.160009 1.182714 0
-1.013532 0.182338 1.147060 0
-1.001758 0.141393 1.163531 0
-0.946158 0.158671 1.132513 0
-0.944910 0.102630 1.160726 0
-0.917094 0.082477 1.159804 0
-0.901493 0.044645 1.172724 0
-0.869126 0.030831 1.166519 0
-0.859877 -0.017783 1.187285 0
-0.845135 -0.059246 1.202075 0
-0.811312 -0.071348 1.194084 0
-0.796966 -0.114871 1.209856 0
-0.779502 -0.154362 1.222196 0
-0.729634 -0.139204 1.193529 0
-0.715617 -0.185394 1.210440 0
-0.684010 -0.201186 1.204679 0
-0.669490 -0.248480 1.221701 0
-0.651806 -0.291240 1.235013 0
-0.607214 -0.282652 1.211307 0
-0.587897 -0.323315 1.222656 0
-0.583852 -0.396721 1.256597 0
-0.536730 -0.381752 1.228328 0
-0.516153 -0.422802 1.238969 0
-0.499632 -0.474272 1.256359 0
-0.474859 -0.508597 1.261633 0
-0.450277 -0.544321 1.267551 0
-0.423437 -0.575559 1.270166 0
-0.388618 -0.587380 1.259692 0
-0.369498 -0.639832 1.275785 0
-0.348723 -0.690059 1.289927 0
-0.306784 -0.683385 1.266968 0
-0.281236 -0.722314 1.273261 0
-0.263850 -0.787088 1.295543 0
-3.036868 0.042219 2.019963 6
-2.955773 0.037135 1.995099 6
-2.887388 0.024736 1.978805 6
-2.803730 0.024192 1.950066 6
-2.742298 0.009207 1.937413 6
-2.411509 0.193893 1.713370 2
-2.372846 0.168054 1.714771 2
-2.484400 0.026544 1.836350 6
-2.396482 0.037466 1.798705 6
-2.367748 0.002583 1.808458 6
-2.292453 0.005969 1.779393 6
-2.251263 -0.017843 1.778049 6
-2.179532 -0.014999 1.750312 6
-2.127459 -0.027980 1.738586 6
-2.063315 -0.029314 1.715723 6
-1.997081 -0.027449 1.690161 6
-1.901476 0.003476 1.637297 6
-1.856427 -0.011608 1.628832 6
-1.803197 -0.018058 1.612375 6
-1.749137 -0.022718 1.594491 6
-1.657546 0.012262 1.540389 6
-1.599706 0.014516 1.517017 6
-1.555553 0.003327 1.506133 6
-1.511790 -0.007633 1.495156 6
-1.453911 -0.002055 1.469602 6
-1.091934 0.354820 1.135174 0
-1.081743 0.315104 1.152531 0
-1.063970 0.283658 1.162350 0
-1.030185 0.271453 1.155413 0
-1.014971 0.236255 1.168055 0
-0.996489 0.204602 1.177399 0
-0.948156 0.211826 1.153990 0
-0.936441 0.170910 1.170771 0
-0.907413 0.152955 1.168295 0
-0.883468 0.127919 1.171521 0
-0.870603 0.086587 1.187743 0
-0.847853 0.058900 1.192643 0
-0.822582 0.034677 1.194587 0
-0.802677 0.001881 1.203124 0
-0.781606 -0.029698 1.210435 0
-0.758192 -0.058032 1.214977 0
-0.719255 -0.060735 1.199620 0
-0.714788 -0.121941 1.228924 0
-0.676752 -0.125999 1.214440 0
-0.663275 -0.173788 1.232787 0
-0.632605 -0.191088 1.228034 0
-0.595428 -0.195841 1.213964 0
-0.575943 -0.234567 1.224763 0
-0.542642 -0.246508 1.215825 0
-0.525768 -0.292163 1.231059 0
-0.510812 -0.343464 1.249875 0
-0.485490 -0.373895 1.253464 0
-0.454477 -0.392157 1.248288 0
-0.435225 -0.437807 1.262003 0
-0.395456 -0.435873 1.242560 0
-0.382515 -0.499107 1.267678 0
-0.363773 -0.550400 1.284084 0
-0.330527 -0.565603 1.275806 0
-0.314189 -0.626692 1.297932 0
-0.294339 -0.680821 1.314863 0
-0.258325 -0.690354 1.302149 0
-3.104799 0.016459 2.134226 6
-2.995127 0.028796 2.087724 6
-2.929368 0.013378 2.073504 6
-2.445863 0.291731 1.732694 2
-2.391514 0.276885 1.721952 2
-2.328331 0.269295 1.703554 2
-2.289510 0.244514 1.704102 2
-2.219015 0.244323 1.678397 2
-2.229520 0.181935 1.718971 2
-2.375536 0.009285 1.874157 6
-2.345256 -0.025068 1.882957 6
-2.271237 -0.022806 1.853992 6
-2.183856 -0.007531 1.812337 6
-2.137568 -0.026233 1.805663 6
-2.063925 -0.019842 1.774060 6
-2.045783 -0.062751 1.791717 6
-1.952140 -0.035382 1.740220 6
-1.874570 -0.020868 1.702094 6
-1.815339 -0.022396 1.680027 6
-1.748668 -0.015249 1.650046 6
-1.643456 0.033043 1.581732 6
-1.572781 0.048507 1.545272 6
-1.517566 0.049272 1.523012 6
-1.495137 0.015240 1.533027 6
-1.064237 0.439657 1.125560 0
-1.073812 0.378563 1.163156 0
-1.033753 0.373961 1.149506 0
-1.030643 0.325677 1.174734 0
-0.985054 0.328396 1.154630 0
-0.977158 0.284739 1.175181 0
-0.937121 0.281428 1.160451 0
-0.912187 0.259002 1.162243 0
-0.896626 0.223810 1.174741 0
-0.887285 0.179290 1.194772 0
-0.839763 0.187690 1.170210 0
-0.815578 0.163608 1.172822 0
-0.807736 0.115016 1.195377 0
-0.791368 0.077984 1.208032 0
-0.755437 0.070640 1.196416 0
-0.744998 0.023105 1.216998 0
-0.689842 0.047556 1.180046 0
-0.680852 -0.003473 1.202904 0
-0.650530 -0.019312 1.197817 0
-0.651278 -0.090070 1.235108 0
-0.595544 -0.060772 1.194967 0
-0.561669 -0.069727 1.184410 0
-0.568230 -0.155812 1.231978 0
-0.539165 -0.175332 1.228868 0
-0.510804 -0.196331 1.226741 0
-0.487189 -0.227377 1.231858 0
-0.477066 -0.288133 1.258346 0
-0.439885 -0.291575 1.242834 0
-0.424657 -0.344110 1.262537 0
-0.398063 -0.372081 1.264285 0
-0.368878 -0.394397 1.261831 0
-0.353582 -0.451649 1.283588 0
-0.318480 -0.460430 1.271248 0
-0.292270 -0.492272 1.274719 0
-0.271158 -0.539100 1.288101 0
-0.263286 -0.625625 1.327776 0
-3.177671 -0.011685 2.255074 6
-3.037762 0.018815 2.184780 6
-2.419287 0.378148 1.735614 2
-2.357146 0.368741 1.718288 2
-2.308583 0.350698 1.711162 2
-2.281998 0.317239 1.721497 2
-2.204886 0.321353 1.689992 2
-2.168266 0.296169 1.691308 2
-2.152762 0.254722 1.710277 2
-2.080218 0.258309 1.680458 2
-2.051443 0.227666 1.687670 2
-1.979299 0.233209 1.656603 2
-2.222627 -0.029357 1.905894 6
-2.134794 -0.013031 1.862141 6
-2.120778 -0.060555 1.884547 6
-2.051784 -0.058564 1.856309 6
-1.985862 -0.057967 1.829968 6
-1.885859 -0.023362 1.770257 6
-1.840516 -0.039332 1.761441 6
-1.768202 -0.027722 1.725816 6
-1.660886 0.021556 1.654358 6
-1.588898 0.037358 1.616222 6
-1.092926 0.509444 1.145440 0
-1.061805 0.494896 1.141012 0
-1.055542 0.452767 1.162324 0
-1.018419 0.445065 1.151373 0
-1.012937 0.400820 1.174019 0
-0.980905 0.387380 1.168224 0
-0.949243 0.373828 1.162555 0
-0.935071 0.338581 1.176255 0
-0.893496 0.337947 1.159026 0
-0.880317 0.300776 1.174034 0
-0.864854 0.265864 1.186725 0
-0.845288 0.235909 1.194829 0
-0.835154 0.192091 1.214532 0
-0.782491 0.208890 1.182471 0
-0.775644 0.159290 1.206581 0
-0.741571 0.149738 1.196840 0
-0.726731 0.110597 1.211561 0
-0.709265 0.074660 1.223288 0
-0.668342 0.076475 1.204071 0
-0.659734 0.024820 1.228049 0
-0.632109 0.004404 1.226578 0
-0.610000 -0.025898 1.232810 0
-0.577397 -0.037642 1.224247 0
-0.552989 -0.064382 1.227336 0
-0.542551 -0.118517 1.251334 0
-0.516227 -0.143151 1.252229 0
-0.494967 -0.178457 1.261032 0
-0.457517 -0.180768 1.244738 0
-0.443762 -0.233317 1.265964 0
-0.414889 -0.254294 1.263343 0
-0.398180 -0.303326 1.281126 0
-0.363892 -0.312743 1.269668 0
-0.337974 -0.342020 1.272508 0
-0.323834 -0.401672 1.296775 0
-0.291833 -0.417675 1.289553 0
-0.256207 -0.423834 1.275348 0
-0.271542 -0.570750 1.359023 0
-2.410931 0.502072 1.720241 2
-2.374513 0.475189 1.723238 2
-2.347186 0.442384 1.733289 2
-2.285026 0.433601 1.714911 2
-2.252657 0.404784 1.720313 2
-2.187371 0.399909 1.698074 2
-2.147698 0.377243 1.696620 2
-2.074689 0.380224 1.666317 2
-2.029224 0.363338 1.658832 2
-2.021795 0.316797 1.684257 2
-1.961697 0.312268 1.663265 2
-1.942321 0.274991 1.678124 2
-1.893529 0.262349 1.666302 2
-1.877439 0.221962 1.684123 2
-1.838318 0.201527 1.680629 2
-2.047248 -0.044619 1.911856 6
-1.971542 -0.035435 1.875687 6
-1.875926 -0.005444 1.818952 6
-1.833398 -0.024511 1.812809 6
-1.775158 -0.027443 1.790588 6
-1.673563 0.015093 1.723656 6
-1.074871 0.580426 1.144459 0
-1.047756 0.562035 1.143879 0
-1.033561 0.529624 1.156776 0
-0.990501 0.528992 1.139020 0
-1.000169 0.468870 1.177846 0
-0.970204 0.453371 1.174043 0
-0.951864 0.424156 1.182993 0
-0.931439 0.397089 1.189730 0
-0.877649 0.411698 1.158207 0
-0.866857 0.372564 1.175810 0
-0.829918 0.367014 1.162885 0
-0.841030 0.297191 1.207265 0
-0.812418 0.279935 1.204431 0
-0.778350 0.270552 1.194668 0
-0.767654 0.227686 1.213984 0
-0.716269 0.244320 1.181754 0
-0.714576 0.186813 1.213104 0
-0.698274 0.150249 1.226123 0
-0.679607 0.116595 1.236365 0
-0.641985 0.113465 1.220983 0
-0.619788 0.085057 1.226533 0
-0.589091 0.070918 1.220221 0
-0.576682 0.024379 1.240083 0
-0.545735 0.010315 1.233433 0
-0.523799 -0.020481 1.240054 0
-0.492742 -0.034296 1.233034 0
-0.480137 -0.084626 1.254514 0
-0.452970 -0.106957 1.253784 0
-0.434984 -0.148903 1.267973 0
-0.402543 -0.160867 1.258922 0
-0.395257 -0.228777 1.292098 0
-0.353974 -0.221323 1.268116 0
-0.318202 -0.225392 1.252917 0
-0.314229 -0.306702 1.294632 0
-0.293562 -0.349847 1.307602 0
-0.267318 -0.380085 1.310820 0
-2.372003 0.592748 1.711866 2
-2.348517 0.558113 1.724844 2
-2.272774 0.557544 1.695433 2
-2.255708 0.519090 1.713150 2
-2.204832 0.503484 1.702890 2
-2.173290 0.474992 1.708341 2
-2.117439 0.464089 1.692914 2
-2.081802 0.439190 1.694253 2
-2.054015 0.408590 1.702204 2
-1.990886 0.405233 1.678807 2
-1.938110 0.394910 1.663824 2
-1.913365 0.362771 1.673641 2
-1.922657 0.302273 1.714752 2
-1.837155 0.320599 1.668406 2
-1.789489 0.308302 1.656305 2
-1.769271 0.272373 1.669889 2
-1.751074 0.234216 1.685564 2
-1.722618 0.205092 1.691373 2
-1.926519 -0.045027 1.928125 6
-1.836721 -0.019789 1.875128 6
-1.096354 0.655718 1.156132 0
-1.063620 0.643150 1.149779 0
-1.055672 0.605136 1.169116 0
-1.016500 0.599637 1.155630 0
-0.985522 0.585913 1.150470 0
-0.988792 0.534224 1.182506 0
-0.933725 0.547821 1.150596 0
-0.912996 0.522808 1.156303 0
-0.907151 0.479704 1.179066 0
-0.886405 0.453798 1.185124 0
-0.846938 0.451167 1.169239 0
-0.828766 0.421936 1.178211 0
-0.817709 0.382847 1.195997 0
-0.783053 0.374722 1.185197 0
-0.758665 0.352938 1.186823 0
-0.740591 0.322066 1.196457 0
-0.736375 0.270431 1.224234 0
-0.701962 0.262245 1.213243 0
-0.670879 0.249532 1.206282 0
-0.667926 0.192958 1.237211 0
-0.650861 0.157168 1.249699 0
-0.606192 0.166163 1.223844 0
-0.580506 0.144410 1.224184 0
-0.563620 0.107139 1.237339 0
-0.554612 0.054731 1.262657 0
-0.513281 0.059963 1.240149 0
-0.491484 0.029551 1.246862 0
-0.471229 -0.004552 1.256293 0
-0.446885 -0.031385 1.259608 0
-0.424027 -0.061795 1.265550 0
-0.405488 -0.102107 1.279011 0
-0.371565 -0.110144 1.266951 0
-0.346000 -0.136412 1.269007 0
-0.311666 -0.142842 1.255677 0
-0.305902 -0.217077 1.293852 0
-0.269572 -0.219342 1.277054 0
-0.262159 -0.294572 1.314778 0
0.338893 -0.556931 1.141842 1
-2.381647 0.700560 1.709641 2
-2.377427 0.654805 1.737955 2
-2.328841 0.635799 1.730791 2
-2.263664 0.627936 1.709548 2
-2.214615 0.610732 1.700812 2
-2.171133 0.590476 1.696212 2
-2.137910 0.563708 1.699902 2
-2.094806 0.544000 1.694897 2
-2.043110 0.530926 1.682000 2
-2.018807 0.498568 1.692634 2
-1.956802 0.494344 1.669621 2
-1.925396 0.467796 1.673409 2
-1.900607 0.436141 1.683091 2
-1.845871 0.428439 1.665009 2
-1.847595 0.375182 1.699229 2
-1.805043 0.358076 1.691986 2
-1.731601 0.368156 1.654556 2
-1.712812 0.331718 1.669271 2
-1.677201 0.310059 1.667518 2
-1.650673 0.280246 1.674613 2
-1.093018 0.753605 1.142165 0
-1.066961 0.734900 1.142425 0
-1.066289 0.691099 1.169034 0
-1.015631 0.697012 1.143345 0
-0.991061 0.677057 1.144785 0
-0.993678 0.628177 1.175700 0
-0.953486 0.624616 1.160141 0
-0.934110 0.598629 1.167300 0
-0.914453 0.572690 1.174228 0
-0.884328 0.558725 1.169192 0
-0.873858 0.521497 1.186865 0
-0.853024 0.496152 1.192673 0
-0.828759 0.474858 1.194431 0
-0.784859 0.478793 1.172155 0
-0.766268 0.450479 1.180516 0
-0.751485 0.416566 1.193864 0
-0.748359 0.365753 1.222494 0
-0.719944 0.349309 1.219077 0
-0.693899 0.329560 1.218628 0
-0.666070 0.312450 1.215716 0
-0.641125 0.291018 1.216607 0
-0.618683 0.265512 1.220976 0
-0.584426 0.258739 1.208759 0
-0.579953 0.203198 1.238973 0
-0.549546 0.189830 1.232260 0
-0.534253 0.150297 1.247860 0
-0.506839 0.131389 1.245626 0
-0.492294 0.088659 1.263273 0
-0.460826 0.076707 1.254903 0
-0.437975 0.048261 1.260130 0
-0.411809 0.025876 1.260174 0
-0.402250 -0.031192 1.288159 0
-0.368869 -0.039779 1.276590 0
-0.342135 -0.062424 1.276252 0
-0.305962 -0.063976 1.259117 0
-0.281092 -0.090972 1.262019 0
-0.263370 -0.135874 1.278592 0
-0.274198 -0.253873 1.350916 0
0.334581 -0.474769 1.152232 1
0.363345 -0.501899 1.151271 1
0.398941 -0.486604 1.122989 1
-2.377122 0.767799 1.727255 2
-2.309929 0.759421 1.705059 2
-2.260349 0.741668 1.696324 2
-2.229121 0.713310 1.702180 2
-2.221949 0.669919 1.727948 2
-2.144458 0.671249 1.694611 2
-2.093498 0.656611 1.682841 2
-2.087735 0.612103 1.709641 2
-2.000332 0.623523 1.665203 2
-1.946409 0.613136 1.649105 2
-1.942008 0.567578 1.676880 2
-1.909169 0.542402 1.679189 2
-1.881750 0.513248 1.686299 2
-1.835119 0.499083 1.675386 2
-1.819280 0.460925 1.693093 2
-1.748538 0.467303 1.658377 2
-1.735613 0.426765 1.678682 2
-1.706219 0.399754 1.683089 2
-1.674782 0.374554 1.685357 2
-1.633279 0.358515 1.677303 2
-1.070265 0.824094 1.134840 0
-1.082125 0.770149 1.174099 0
-1.036314 0.770391 1.153613 0
-1.014031 0.748355 1.157505 0
-1.003435 0.714411 1.173996 0
-0.957629 0.716368 1.152216 0
-0.941725 0.687632 1.162930 0
-0.915412 0.669812 1.162088 0
-0.907880 0.631177 1.182583 0
-0.854010 0.644531 1.149790 0
-0.863039 0.585975 1.189984 0
-0.828628 0.577543 1.179361 0
-0.798320 0.564637 1.173297 0
-0.796959 0.515669 1.202606 0
-0.767298 0.501696 1.197345 0
-0.736003 0.490159 1.189765 0
-0.723348 0.453783 1.205921 0
-0.702958 0.427268 1.212393 0
-0.677083 0.408185 1.211708 0
-0.642871 0.401271 1.199658 0
-0.628237 0.365657 1.214120 0
-0.608411 0.337135 1.221768 0
-0.587140 0.310369 1.227595 0
-0.574816 0.268677 1.246581 0
-0.546022 0.253125 1.241927 0
-0.512421 0.245946 1.229874 0
-0.492793 0.214850 1.238774 0
-0.460061 0.206677 1.227584 0
-0.463268 0.132360 1.273151 0
-0.432282 0.120077 1.265097 0
-0.410973 0.089115 1.272782 0
-0.385331 0.066141 1.273527 0
-0.360541 0.041074 1.275850 0
-0.339620 0.007242 1.285180 0
-0.308324 -0.004636 1.276339 0
-0.280772 -0.024716 1.274112 0
-0.266024 -0.075167 1.296048 0
-0.262920 -0.156164 1.341655 0
0.357726 -0.426754 1.164876 1
0.388143 -0.442443 1.156738 1
0.412523 -0.499002 1.175139 1
-2.398359 0.867011 1.733241 2
-2.342597 0.851121 1.720422 2
-2.292438 0.832896 1.711488 2
-2.224157 0.825836 1.687119 2
-2.199957 0.793832 1.698462 2
-2.152382 0.775975 1.690101 2
-2.111124 0.754801 1.686606 2
-2.088214 0.722322 1.698547 2
-2.036058 0.708892 1.684952 2
-1.987928 0.693558 1.674287 2
-1.956131 0.667649 1.677699 2
-1.925147 0.641309 1.681664 2
-1.886911 0.620330 1.678803 2
-1.836762 0.608549 1.664533 2
-1.817295 0.574266 1.678544 2
-1.781199 0.552606 1.676807 2
-1.770857 0.510722 1.699673 2
-1.725109 0.497039 1.688243 2
-1.696730 0.469510 1.693512 2
-1.661729 0.447638 1.692046 2
-1.071080 0.913034 1.124557 0
-1.058766 0.883015 1.138420 0
-1.063830 0.836579 1.170673 0
-1.037946 0.818037 1.170849 0
-1.004251 0.807139 1.162487 0
-0.962006 0.805158 1.144436 0
-0.948358 0.775162 1.157332 0
-0.936043 0.743314 1.171952 0
-0.933492 0.700548 1.197956 0
-0.876411 0.715912 1.161744 0
-0.884162 0.660882 1.200161 0
-0.836696 0.667065 1.174091 0
-0.836674 0.619131 1.204260 0
-0.814057 0.596836 1.207626 0
-0.776129 0.593190 1.192005 0
-0.757178 0.566493 1.199720 0
-0.733862 0.545049 1.202012 0
-0.707650 0.527322 1.200537 0
-0.691768 0.495678 1.212586 0
-0.659019 0.486812 1.202334 0
-0.648801 0.446368 1.222421 0
-0.622102 0.428887 1.220277 0
-0.596672 0.409569 1.219811 0
-0.592155 0.358013 1.249305 0
-0.558685 0.350457 1.237539 0
-0.534614 0.328238 1.239305 0
-0.500573 0.322435 1.226041 0
-0.483614 0.288039 1.238619 0
-0.463075 0.259032 1.246062 0
-0.445821 0.223447 1.259073 0
-0.429604 0.184909 1.274324 0
-0.403913 0.163335 1.274454 0
-0.375796 0.146326 1.270525 0
-0.356403 0.111614 1.281637 0
-0.338401 0.072938 1.295774 0
-0.297609 0.082176 1.269344 0
-0.271834 0.059632 1.269647 0
-0.253453 0.019728 1.284104 0
0.347100 -0.382029 1.197494 1
0.379943 -0.382589 1.179272 1
0.410131 -0.398519 1.171467 1
0.443949 -0.389701 1.147051 1
-2.379912 0.940500 1.738943 2
-2.320037 0.926527 1.722483 2
-2.243894 0.922353 1.691977 2
-2.232762 0.883291 1.714182 2
-2.204882 0.853382 1.722583 2
-2.128826 0.851854 1.690016 2
-2.079535 0.835665 1.679310 2
-2.039759 0.814283 1.676308 2
-2.002694 0.791591 1.675323 2
-1.981736 0.758736 1.688383 2
-1.943862 0.736978 1.686229 2
-1.909956 0.712860 1.687373 2
-1.862600 0.698404 1.675835 2
-1.831736 0.672781 1.679197 2
-1.799302 0.648437 1.680904 2
-1.768262 0.623215 1.683750 2
-1.739879 0.596058 1.689017 2
-1.686178 0.588987 1.669216 2
-1.673451 0.549638 1.689614 2
-1.636770 0.529609 1.686079 2
-1.076595 0.955961 1.145184 0
-1.068920 0.922149 1.164007 0
-1.023593 0.921369 1.143509 0
-0.998203 0.903313 1.143590 0
-0.982797 0.876014 1.154335 0
-0.975166 0.840911 1.173767 0
-0.940503 0.831695 1.163522 0
-0.915563 0.813223 1.163827 0
-0.900505 0.784627 1.175322 0
-0.899586 0.740653 1.203438 0
-0.866437 0.730439 1.194295 0
-0.832393 0.721706 1.183701 0
-0.794453 0.717958 1.167962 0
-0.801939 0.662015 1.207560 0
-0.780280 0.639087 1.211851 0
-0.750761 0.625623 1.206211 0
-0.711080 0.625226 1.187219 0
-0.720597 0.562415 1.231937 0
-0.674796 0.570434 1.204465 0
-0.670833 0.523170 1.232566 0
-0.639820 0.512028 1.224386 0
-0.621957 0.482541 1.234242 0
-0.592794 0.469023 1.228345 0
-0.582499 0.427431 1.249465 0
-0.561005 0.401875 1.254836 0
-0.519548 0.407562 1.230517 0
-0.499817 0.379206 1.238396 0
-0.483215 0.345049 1.251418 0
-0.461130 0.319411 1.256274 0
-0.429813 0.309657 1.246464 0
-0.413073 0.273860 1.260236 0
-0.386999 0.254472 1.258962 0
-0.377053 0.203908 1.285256 0
-0.347906 0.189458 1.279201 0
-0.310299 0.192485 1.257884 0
-0.300225 0.138747 1.285871 0
-0.282904 0.098454 1.301717 0
-0.263385 0.061606 1.314220 0
0.329963 -0.372965 1.254727 1
0.366652 -0.353494 1.222125 1
0.402494 -0.334770 1.190380 1
0.431650 -0.356019 1.186434 1
0.465733 -0.343140 1.159065 1
-2.389428 1.043745 1.734832 2
-2.340725 1.023372 1.727442 2
-2.297848 1.000654 1.724261 2
-2.247362 0.982399 1.714393 2
-2.229976 0.947010 1.731547 2
-2.140320 0.951348 1.687796 2
-2.108324 0.924802 1.691918 2
-2.053932 0.911493 1.676458 2
-2.023097 0.884946 1.680948 2
-1.987363 0.861550 1.680913 2
-1.952106 0.838148 1.681020 2
-1.912381 0.817916 1.676789 2
-1.897031 0.781959 1.694618 2
-1.840582 0.773551 1.674321 2
-1.817137 0.743154 1.684406 2
-1.784914 0.718904 1.686104 2
-1.730092 0.711384 1.665714 2
-1.688314 0.695077 1.657355 2
-1.692369 0.644056 1.694088 2
-1.631396 0.643104 1.666097 2
-1.101916 1.021921 1.159312 0
-1.080494 1.000193 1.163926 0
-1.044659 0.990660 1.153404 0
-1.014667 0.976614 1.148642 0
-0.970280 0.975715 1.128112 0
-0.968574 0.936845 1.153411 0
-0.966693 0.897220 1.179072 0
-0.943309 0.877238 1.181208 0
-0.925544 0.851762 1.189655 0
-0.894334 0.839546 1.182715 0
-0.877853 0.812552 1.192671 0
-0.843773 0.803789 1.181924 0
-0.825420 0.778565 1.189673 0
-0.828967 0.728784 1.224285 0
-0.790058 0.725743 1.207213 0
-0.752515 0.721953 1.191243 0
-0.737354 0.692221 1.203284 0
-0.723416 0.660457 1.217199 0
-0.667888 0.680277 1.176675 0
-0.655180 0.646945 1.192105 0
-0.650501 0.602246 1.218889 0
-0.636066 0.569418 1.233003 0
-0.614911 0.545197 1.238092 0
-0.588734 0.527853 1.236128 0
-0.547673 0.532386 1.212422 0
-0.545143 0.480175 1.244850 0
-0.512316 0.472937 1.232799 0
-0.485825 0.456240 1.230009 0
-0.463764 0.432387 1.234024 0
-0.450740 0.393040 1.252562 0
-0.423007 0.377835 1.247988 0
-0.402475 0.350000 1.255154 0
-0.388447 0.309693 1.273597 0
-0.362035 0.291315 1.271544 0
-0.333531 0.276931 1.265790 0
-0.319356 0.234152 1.285539 0
-0.289743 0.221522 1.277959 0
-0.275741 0.176085 1.299355 0
-0.260179 0.132243 1.318851 0
-0.626625 -0.775972 2.087880 7
0.351128 -0.335963 1.273418 1
0.388423 -0.311088 1.236548 1
0.423400 -0.295646 1.206781 1
0.450984 -0.326950 1.210129 1
0.483837 -0.321929 1.187896 1
0.820696 -0.340963 0.999082 1
0.850240 -0.342657 0.982134 1
0.879592 -0.283216 0.927589 1
-2.367136 1.116964 1.736574 2
-2.325869 1.092935 1.734890 2
-2.259674 1.081568 1.712378 2
-2.249078 1.043272 1.735112 2
-2.188808 1.030322 1.716343 2
-2.140828 1.011808 1.707238 2
-2.070625 1.006115 1.678459 2
-2.034422 0.982611 1.678292 2
-2.001176 0.957716 1.680432 2
-1.958639 0.938562 1.674033 2
-1.924257 0.914962 1.674566 2
-1.898340 0.886341 1.682587 2
-1.869175 0.859795 1.687526 2
-1.830923 0.839319 1.683794 2
-1.797613 0.815907 1.684406 2
-1.766922 0.790914 1.687304 2
-1.746145 0.759025 1.699702 2
-1.702848 0.743304 1.689928 2
-1.667410 0.722315 1.687533 2
-1.103811 1.105593 1.149341 0
-1.063412 1.099251 1.134235 0
-1.040244 1.079800 1.136493 0
-1.037883 1.043278 1.160594 0
-1.006102 1.030800 1.153740 0
-0.980135 1.013705 1.152842 0
-0.974205 0.979013 1.173773 0
-0.951818 0.958564 1.176815 0
-0.908151 0.957932 1.155785 0
-0.911557 0.913347 1.187902 0
-0.878542 0.903164 1.178527 0
-0.881203 0.857709 1.210754 0
-0.833079 0.863161 1.183149 0
-0.818690 0.834355 1.195494 0
-0.803411 0.806050 1.206998 0
-0.755286 0.813660 1.177760 0
-0.738236 0.787379 1.186899 0
-0.714960 0.767980 1.188217 0
-0.714620 0.721196 1.219440 0
-0.678653 0.716584 1.204313 0
-0.672757 0.674971 1.229143 0
-0.636722 0.670987 1.213446 0
-0.624086 0.636864 1.229729 0
-0.605078 0.610564 1.237485 0
-0.583694 0.587164 1.242037 0
-0.550695 0.580100 1.229712 0
-0.534315 0.549261 1.241658 0
-0.507510 0.533447 1.238212 0
-0.478730 0.520815 1.231580 0
-0.465438 0.483834 1.249011 0
-0.460682 0.431814 1.280743 0
-0.423925 0.431682 1.261540 0
-0.393743 0.421190 1.252533 0
-0.371608 0.396782 1.256830 0
-0.369210 0.335788 1.295452 0
-0.333090 0.335830 1.276232 0
-0.307206 0.317026 1.274699 0
-0.293467 0.273778 1.295524 0
-0.259682 0.270319 1.279651 0
-0.259062 0.197000 1.326953 0
-0.661883 -0.768073 2.170646 7
-0.612432 -0.767212 2.143307 7
-0.572701 -0.787571 2.134899 7
0.371567 -0.302155 1.293923 1
0.406200 -0.291926 1.267236 1
0.435000 -0.316917 1.266276 1
0.471255 -0.290423 1.228172 1
0.502271 -0.297958 1.214694 1
0.658677 -0.298426 1.121940 1
0.686406 -0.342384 1.133124 1
0.716845 -0.349024 1.118968 1
0.747832 -0.341235 1.095275 1
0.779209 -0.310693 1.056870 1
0.809205 -0.303710 1.034162 1
0.838758 -0.304436 1.016543 1
0.868311 -0.250901 0.964503 1
0.896961 -0.249764 0.946134 1
-2.489501 1.169028 1.821698 2
-2.357023 1.183757 1.747614 2
-2.284598 1.173844 1.720350 2
-2.252774 1.146078 1.725600 2
-2.185818 1.135537 1.701270 2
-2.133693 1.118762 1.688562 2
-2.092138 1.097332 1.684274 2
-2.061540 1.070597 1.689069 2
-2.021387 1.049203 1.685288 2
-1.966757 1.036318 1.668249 2
-1.924350 1.017326 1.661492 2
-1.896120 0.990528 1.667200 2
-1.876990 0.958325 1.681169 2
-1.843719 0.934677 1.682011 2
-1.783558 0.928377 1.657179 2
-1.762451 0.897724 1.668862 2
-1.714185 0.885100 1.654251 2
-1.687417 0.858474 1.660140 2
-1.676111 0.820974 1.681330 2
-1.648292 0.794872 1.686194 2
-1.095630 1.157968 1.155082 0
-1.036536 1.165641 1.120374 0
-1.039717 1.126221 1.149847 0
-1.001860 1.118652 1.136359 0
-1.002495 1.080200 1.163777 0
-0.978416 1.061605 1.164825 0
-0.948675 1.047986 1.159491 0
-0.935081 1.020450 1.171961 0
-0.898204 1.013621 1.158181 0
-0.897171 0.974203 1.185177 0
-0.863654 0.964702 1.174852 0
-0.844415 0.941809 1.181024 0
-0.832251 0.911683 1.195760 0
-0.794407 0.907350 1.179490 0
-0.760169 0.900003 1.167093 0
-0.781257 0.833654 1.223704 0
-0.747893 0.825063 1.212507 0
-0.693311 0.841069 1.173416 0
-0.690624 0.798575 1.201225 0
-0.670214 0.775983 1.206167 0
-0.652143 0.750337 1.214361 0
-0.653340 0.700157 1.249290 0
-0.611858 0.703276 1.225544 0
-0.590417 0.681071 1.229474 0
-0.588231 0.632548 1.261345 0
-0.555290 0.625247 1.249002 0
-0.522575 0.618229 1.236531 0
-0.510642 0.581288 1.255251 0
-0.482719 0.567445 1.249827 0
-0.461105 0.544047 1.254151 0
-0.446239 0.509575 1.269485 0
-0.409546 0.509950 1.249638 0
-0.395948 0.472402 1.267611 0
-0.380845 0.436299 1.283751 0
-0.349379 0.428335 1.272147 0
-0.328850 0.400809 1.279502 0
-0.300839 0.386841 1.273676 0
-0.278996 0.361012 1.279072 0
-0.251119 0.346784 1.273383 0
-0.269533 0.236500 1.356972 0
-0.557181 -0.457445 1.976729 8
-0.618992 -0.695372 2.168969 7
-0.572858 -0.813812 2.222158 7
0.353731 -0.296306 1.354676 1
0.389244 -0.283928 1.325709 1
0.417254 -0.315644 1.329903 1
0.452357 -0.301495 1.299897 1
0.487355 -0.283602 1.267447 1
0.518007 -0.295450 1.256924 1
0.547241 -0.319811 1.255346 1
0.579839 -0.313649 1.231794 1
0.611838 -0.309764 1.210025 1
0.639806 -0.352088 1.220729 1
0.673721 -0.318201 1.178137 1
0.703920 -0.331234 1.168293 1
0.736409 -0.297892 1.126799 1
0.766382 -0.306636 1.114179 1
0.798126 -0.250367 1.058097 1
0.826959 -0.282826 1.061493 1
0.856611 -0.266698 1.032703 1
0.885767 -0.258597 1.009386 1
0.915557 -0.327044 1.035433 1
-2.456052 1.289357 1.782205 2
-2.370920 1.281900 1.746066 2
-2.296781 1.271334 1.717602 2
-2.285862 1.234360 1.740042 2
-2.226300 1.219001 1.722220 2
-2.156335 1.209428 1.694864 2
-2.111846 1.188900 1.688219 2
-2.042351 1.181261 1.659518 2
-2.019169 1.151405 1.670246 2
-2.006821 1.115859 1.690516 2
-1.961358 1.097719 1.681351 2
-1.927465 1.073811 1.682150 2
-1.888428 1.053090 1.677968 2
-1.854401 1.029883 1.678056 2
-1.801355 1.018333 1.659988 2
-1.794376 0.979373 1.685074 2
-1.744693 0.966750 1.669354 2
-1.721044 0.938072 1.678410 2
-1.698900 0.908325 1.688942 2
-1.662154 0.888410 1.684876 2
-1.082796 1.248719 1.129820 0
-1.080846 1.214451 1.153685 0
-1.063682 1.190700 1.162158 0
-1.037779 1.173413 1.161462 0
-0.999773 1.165695 1.147643 0
-0.977327 1.146274 1.150152 0
-0.968049 1.116171 1.167033 0
-0.946702 1.095662 1.170790 0
-0.918325 1.081173 1.166573 0
-0.897654 1.060201 1.170912 0
-0.897592 1.020604 1.199135 0
-0.851874 1.022215 1.174328 0
-0.845628 0.987511 1.195769 0
-0.814110 0.976609 1.187128 0
-0.815350 0.933505 1.218325 0
-0.783844 0.922671 1.209545 0
-0.753021 0.911572 1.201259 0
-0.718131 0.905273 1.187406 0
-0.699877 0.881291 1.194700 0
-0.691156 0.846265 1.214735 0
-0.684156 0.808403 1.237621 0
-0.637522 0.816749 1.207089 0
-0.631253 0.777201 1.231446 0
-0.612331 0.752416 1.238707 0
-0.582490 0.741360 1.230516 0
-0.571710 0.705512 1.249740 0
-0.540948 0.695840 1.239995 0
-0.513082 0.682600 1.234234 0
-0.485659 0.668993 1.228918 0
-0.484827 0.616502 1.264850 0
-0.449672 0.613979 1.247580 0
-0.429702 0.588715 1.254215 0
-0.408491 0.565000 1.259056 0
-0.385933 0.543145 1.261831 0
-0.375582 0.500377 1.285628 0
-0.331825 0.514300 1.252079 0
-0.319167 0.474305 1.272604 0
-0.305661 0.434484 1.292493 0
-0.276056 0.423923 1.283386 0
-0.270456 0.366624 1.319518 0
-0.598776 -0.369593 2.005286 8
-0.552839 -0.369604 1.979727 8
-0.554176 -0.470236 2.049155 8
-0.611565 -0.701166 2.238715 7
-0.561712 -0.813897 2.287455 7
0.371985 -0.275192 1.384721 1
0.405709 -0.273244 1.363342 1
0.442799 -0.246771 1.323445 1
0.471579 -0.273109 1.323873 1
0.508370 -0.239755 1.279429 1
0.527737 -0.345381 1.338533 1
0.565584 -0.297508 1.283610 1
0.596355 -0.309595 1.273064 1
0.627283 -0.319867 1.261150 1
0.659016 -0.318904 1.241170 1
0.691622 -0.300067 1.208638 1
0.723625 -0.280603 1.176000 1
0.754561 -0.271181 1.150679 1
0.784937 -0.266225 1.128633 1
0.814847 -0.268184 1.111446 1
0.844951 -0.238819 1.073134 1
0.874173 -0.275976 1.079800 1
0.903495 -0.260994 1.051484 1
-2.472409 1.345878 1.814160 2
-2.351201 1.351268 1.748726 2
-2.298470 1.331327 1.737320 2
-2.273876 1.300340 1.748566 2
-2.223872 1.280352 1.738454 2
-2.139584 1.276334 1.698683 2
-2.075990 1.264444 1.675370 2
-2.019614 1.250233 1.657436 2
-2.002277 1.217912 1.673086 2
-1.964704 1.195550 1.670804 2
-1.934511 1.169768 1.674822 2
-1.867145 1.163895 1.644732 2
-1.854391 1.129497 1.664060 2
-1.822321 1.105586 1.665532 2
-1.817502 1.066186 1.692579 2
-1.749701 1.063488 1.659650 2
-1.727270 1.034540 1.669685 2
-1.696509 1.010720 1.671534 2
-1.701499 0.964119 1.708789 2
-1.665518 0.943502 1.705438 2
-1.071975 1.300818 1.132138 0
-1.054050 1.278354 1.139435 0
-1.041859 1.251715 1.152762 0
-1.001367 1.245488 1.136209 0
-0.985783 1.221309 1.145860 0
-0.999533 1.174330 1.187601 0
-0.956231 1.171080 1.167253 0
-0.936599 1.149533 1.172716 0
-0.889996 1.150362 1.147554 0
-0.894904 1.108312 1.180855 0
-0.869872 1.091327 1.180002 0
-0.858522 1.062212 1.195185 0
-0.831914 1.046672 1.192355 0
-0.779442 1.055782 1.157833 0
-0.779435 1.015540 1.186993 0
-0.753402 1.000078 1.184279 0
-0.722854 0.989417 1.175638 0
-0.742699 0.926493 1.231676 0
-0.695807 0.932891 1.201874 0
-0.689865 0.895546 1.225543 0
-0.649758 0.895826 1.203705 0
-0.635047 0.867677 1.215948 0
-0.626586 0.831589 1.237219 0
-0.593856 0.824209 1.224731 0
-0.585804 0.786491 1.247300 0
-0.558320 0.772748 1.242123 0
-0.548514 0.735888 1.263034 0
-0.518729 0.725141 1.254373 0
-0.487723 0.716509 1.243494 0
-0.472865 0.685251 1.257515 0
-0.432147 0.691340 1.230752 0
-0.429291 0.641424 1.264528 0
-0.401127 0.629083 1.257663 0
-0.393969 0.583382 1.285985 0
-0.355379 0.587863 1.261355 0
-0.346593 0.543046 1.288055 0
-0.316841 0.533221 1.278347 0
-0.300713 0.499310 1.293171 0
-0.268371 0.494449 1.278427 0
-0.258237 0.447849 1.305441 0
-0.594706 -0.284628 2.009014 8
-0.594682 -0.377647 2.074180 8
-0.556122 -0.394257 2.063948 8
-0.542885 -0.465510 2.106258 8
-0.613734 -0.728961 2.330700 8
-0.541098 -0.791647 2.332914 7
0.357824 -0.246954 1.429314 1
0.390219 -0.254156 1.414808 1
0.425620 -0.241362 1.384661 1
0.457129 -0.251027 1.372279 1
0.488960 -0.257720 1.357603 1
0.517454 -0.290241 1.362675 1
0.545523 -0.330498 1.373276 1
0.579822 -0.315421 1.341958 1
0.614073 -0.294202 1.306395 1
0.643052 -0.330125 1.313298 1
0.678574 -0.278457 1.255914 1
0.709268 -0.286649 1.242595 1
0.740309 -0.286216 1.223083 1
0.771942 -0.263142 1.187596 1
0.802454 -0.255844 1.163591 1
0.832579 -0.249910 1.140714 1
0.862254 -0.266559 1.133580 1
0.891946 -0.257386 1.108648 1
0.921458 -0.261514 1.092914 1
-2.425280 1.466525 1.763282 2
-2.364992 1.447705 1.746625 2
-2.331483 1.419782 1.750975 2
-2.306854 1.388678 1.762380 2
-2.201502 1.389881 1.706432 2
-2.190307 1.354332 1.728198 2
-2.105145 1.349982 1.687007 2
-2.049667 1.334235 1.670134 2
-2.031660 1.302377 1.685309 2
-2.011958 1.271159 1.699047 2
-1.940787 1.264599 1.666683 2
-1.916978 1.235917 1.676202 2
-1.905578 1.200903 1.697067 2
-1.857535 1.184755 1.684087 2
-1.832439 1.156926 1.692114 2
-1.777463 1.145723 1.671585 2
-1.735443 1.128071 1.662782 2
-1.726261 1.091691 1.685601 2
-1.694105 1.068679 1.686006 2
-1.665705 1.043577 1.689942 2
-1.086288 1.369694 1.134296 0
-1.074647 1.343371 1.147992 0
-1.028722 1.339804 1.126151 0
-1.049295 1.291278 1.173739 0
-1.026745 1.271815 1.176306 0
-0.983269 1.267650 1.156105 0
-0.987669 1.228624 1.187755 0
-0.932924 1.233932 1.154308 0
-0.947519 1.186083 1.197976 0
-0.914890 1.174882 1.188723 0
-0.895829 1.152929 1.194790 0
-0.838758 1.163168 1.156243 0
-0.823838 1.138249 1.166681 0
-0.810485 1.111649 1.179181 0
-0.790015 1.091209 1.183196 0
-0.778050 1.062713 1.197777 0
-0.758166 1.041391 1.202684 0
-0.735704 1.022518 1.204332 0
-0.708512 1.008474 1.199781 0
-0.685986 0.989829 1.201144 0
-0.685129 0.948000 1.231451 0
-0.656986 0.934940 1.225534 0
-0.636099 0.914008 1.229360 0
-0.603200 0.906863 1.216392 0
-0.594671 0.871369 1.237651 0
-0.572073 0.852123 1.239172 0
-0.574750 0.801165 1.277882 0
-0.515743 0.827819 1.225534 0
-0.524722 0.767055 1.274830 0
-0.479404 0.777689 1.241721 0
-0.465546 0.745999 1.256989 0
-0.434173 0.738665 1.244684 0
-0.433229 0.687020 1.281619 0
-0.404223 0.676012 1.273230 0
-0.379415 0.658831 1.271641 0
-0.351097 0.647301 1.263936 0
-0.339723 0.608092 1.285806 0
-0.299071 0.617416 1.255949 0
-0.291422 0.570446 1.285457 0
-0.270871 0.544950 1.292082 0
-0.262688 0.495866 1.322724 0
-0.601591 -0.222414 2.033643 8
-0.588246 -0.286806 2.072231 8
-0.582277 -0.369056 2.127830 8
-0.568113 -0.437938 2.169052 8
-0.569273 -0.543461 2.245339 8
-0.530167 -0.563602 2.237080 8
-0.524248 -0.778616 2.387404 7
0.378801 -0.210283 1.446782 1
0.409782 -0.225025 1.438352 1
0.445253 -0.210548 1.406473 1
0.479764 -0.198297 1.376705 1
0.497594 -0.310186 1.444844 1
0.530414 -0.314458 1.427692 1
0.563870 -0.310970 1.404617 1
0.597383 -0.303140 1.378392 1
0.632236 -0.274217 1.336396 1
0.663586 -0.280569 1.321424 1
0.694223 -0.296434 1.313562 1
0.726434 -0.283934 1.284653 1
0.758642 -0.259245 1.247098 1
0.788833 -0.275565 1.239691 1
0.819869 -0.256076 1.206444 1
0.849862 -0.279905 1.204364 1
0.880102 -0.249939 1.164133 1
0.909608 -0.227950 1.129945 1
0.940130 -0.283420 1.149710 1
-2.442162 1.522485 1.794990 2
-2.340672 1.516905 1.744979 2
-2.284967 1.496983 1.730884 2
-2.227530 1.478522 1.714650 2
-2.196865 1.450746 1.720135 2
-2.141495 1.432895 1.704430 2
-2.055947 1.428161 1.662065 2
-2.040865 1.395497 1.679654 2
-1.987114 1.379385 1.663303 2
-1.986352 1.340419 1.693481 2
-1.956407 1.314287 1.697765 2
-1.876636 1.312020 1.656341 2
-1.868398 1.276341 1.679755 2
-1.837317 1.251737 1.682084 2
-1.805235 1.227872 1.683247 2
-1.764884 1.208676 1.676233 2
-1.734167 1.184685 1.678142 2
-1.696492 1.164839 1.672996 2
-1.646672 1.152490 1.655369 2
-1.654176 1.106686 1.694889 2
-1.053707 1.433627 1.113916 0
-1.067441 1.392074 1.153480 0
-1.023456 1.386848 1.133380 0
-1.043267 1.339934 1.180333 0
-1.000740 1.334295 1.161278 0
-0.971336 1.320250 1.155859 0
-0.951133 1.299908 1.160297 0
-0.925201 1.283818 1.158284 0
-0.884359 1.279304 1.139153 0
-0.894302 1.235918 1.177747 0
-0.875540 1.214315 1.183801 0
-0.863888 1.186770 1.198286 0
-0.815962 1.189484 1.169578 0
-0.828767 1.140702 1.213722 0
-0.785388 1.140402 1.189762 0
-0.771801 1.113901 1.202232 0
-0.746067 1.098416 1.199545 0
-0.729541 1.074271 1.208519 0
-0.700576 1.062151 1.201409 0
-0.689326 1.032440 1.217468 0
-0.646390 1.035130 1.191281 0
-0.640391 0.999508 1.214671 0
-0.632487 0.965065 1.236063 0
-0.593135 0.965182 1.213722 0
-0.584740 0.930517 1.234931 0
-0.559639 0.914802 1.232447 0
-0.524539 0.911421 1.215026 0
-0.536882 0.849424 1.268340 0
-0.494271 0.855723 1.239343 0
-0.481420 0.824023 1.255621 0
-0.461183 0.801588 1.260740 0
-0.426959 0.798433 1.243467 0
-0.408761 0.773078 1.251854 0
-0.398018 0.736257 1.273001 0
-0.355014 0.747349 1.239994 0
-0.364565 0.677890 1.296961 0
-0.331245 0.674374 1.280293 0
-0.295302 0.676028 1.258243 0
-0.279960 0.643616 1.273283 0
-0.261477 0.615772 1.283088 0
-0.270880 0.536628 1.346940 0
-0.593179 -0.132113 2.027913 6
-0.587884 -0.209694 2.081945 8
-0.562790 -0.251398 2.097925 8
-0.547865 -0.315334 2.136170 8
-0.571253 -0.463641 2.258885 8
-0.560927 -0.546342 2.313514 8
-0.543628 -0.617327 2.355376 8
-0.528174 -0.816644 2.492294 7
0.359802 -0.208013 1.513207 1
0.393000 -0.212296 1.495894 1
0.429924 -0.191736 1.458206 1
0.465553 -0.174497 1.423683 1
0.493572 -0.208056 1.430682 1
0.511547 -0.326278 1.505276 1
0.548171 -0.300588 1.463874 1
0.581175 -0.301907 1.444261 1
0.614502 -0.296837 1.419772 1
0.647530 -0.290633 1.394604 1
0.679035 -0.300904 1.382284 1
0.713483 -0.259014 1.330277 1
0.743769 -0.282129 1.327942 1
0.776112 -0.254449 1.287469 1
0.806421 -0.275755 1.283721 1
0.837441 -0.262799 1.254664 1
0.867876 -0.277273 1.245802 1
0.898056 -0.242442 1.201348 1
0.928104 -0.253136 1.189910 1
0.959923 -0.326430 1.222638 1
-2.424952 1.628893 1.767557 2
-2.483155 1.571486 1.846152 2
-2.299898 1.590463 1.729513 2
-2.278338 1.558927 1.743021 2
-2.197550 1.548042 1.707064 2
-2.145345 1.528289 1.694029 2
-2.108850 1.503417 1.693770 2
-2.052582 1.486568 1.676063 2
-2.012223 1.464236 1.671536 2
-2.000645 1.430476 1.692102 2
-1.921396 1.425328 1.652134 2
-1.912523 1.390697 1.674813 2
-1.860662 1.375239 1.658230 2
-1.826583 1.352259 1.657504 2
-1.836713 1.308217 1.698139 2
-1.776486 1.298264 1.672387 2
-1.741534 1.276431 1.670137 2
-1.731824 1.241604 1.692254 2
-1.677069 1.230857 1.670067 2
-1.675520 1.191290 1.700419 2
-1.103986 1.479397 1.152521 0
-1.081546 1.460112 1.155088 0
-1.056223 1.442695 1.154533 0
-0.999819 1.444953 1.120995 0
-0.996849 1.414096 1.143514 0
-0.966481 1.400791 1.136794 0
-0.980754 1.357531 1.178694 0
-0.951804 1.343204 1.173510 0
-0.919938 1.331308 1.164745 0
-0.892994 1.316243 1.161209 0
-0.889288 1.283863 1.184312 0
-0.875892 1.258344 1.196539 0
-0.841458 1.249316 1.183956 0
-0.820591 1.229759 1.187239 0
-0.787425 1.220553 1.175454 0
-0.810808 1.163069 1.233304 0
-0.760926 1.168503 1.200574 0
-0.739310 1.149552 1.202831 0
-0.712143 1.135803 1.197861 0
-0.694190 1.113505 1.204738 0
-0.683810 1.083571 1.221817 0
-0.673394 1.053085 1.239267 0
-0.634852 1.051170 1.218518 0
-0.613210 1.032155 1.220619 0
-0.578701 1.027197 1.204470 0
-0.569445 0.994586 1.224093 0
-0.557673 0.964093 1.240604 0
-0.530548 0.951138 1.234760 0
-0.503236 0.938697 1.228383 0
-0.503786 0.891684 1.264582 0
-0.478658 0.876087 1.261820 0
-0.451080 0.863862 1.255026 0
-0.430562 0.842351 1.259396 0
-0.408854 0.822282 1.261941 0
-0.375433 0.818913 1.244892 0
-0.363373 0.784743 1.263747 0
-0.348713 0.753538 1.278790 0
-0.320406 0.742895 1.270170 0
-0.297294 0.724250 1.270646 0
-0.289732 0.679637 1.299936 0
-0.262314 0.667352 1.292986 0
-0.265372 0.601502 1.344560 0
-0.642915 -0.149823 2.136237 6
-0.588824 -0.136352 2.093876 6
-0.580265 -0.208920 2.143492 8
-0.569409 -0.280192 2.190715 8
-0.533112 -0.302024 2.185441 8
-0.588125 -0.519436 2.382017 8
-0.559615 -0.565237 2.399350 8
-0.537567 -0.627448 2.432851 8
-0.574077 -0.831734 2.608290 7
0.376370 -0.196556 1.551948 1
0.411064 -0.192492 1.527296 1
0.440881 -0.217308 1.527159 1
0.476701 -0.201739 1.493154 1
0.496730 -0.302088 1.555304 1
0.532575 -0.286308 1.521047 1
0.565752 -0.289171 1.502301 1
0.596187 -0.318261 1.504758 1
0.631077 -0.299046 1.468425 1
0.664257 -0.293453 1.443266 1
0.696995 -0.288660 1.418941 1
0.730660 -0.258563 1.375171 1
0.762097 -0.261313 1.357205 1
0.792954 -0.277690 1.349701 1
0.824494 -0.263674 1.319125 1
0.855256 -0.281855 1.312945 1
0.886105 -0.271064 1.285131 1
0.916715 -0.275301 1.268604 1
0.946734 -0.259665 1.237644 1
-2.406924 1.733121 1.739565 2
-2.456283 1.681095 1.810437 2
-2.340833 1.675813 1.749049 2
-2.273085 1.658175 1.724927 2
-2.214505 1.638734 1.707468 2
-2.160331 1.618743 1.692932 2
-2.144880 1.586300 1.710628 2
-2.052214 1.581108 1.661959 2
-2.063251 1.539585 1.702113 2
-2.014388 1.520017 1.690111 2
-1.948972 1.507671 1.662730 2
-1.933085 1.476306 1.679109 2
-1.914363 1.445964 1.692999 2
-1.864394 1.429102 1.678016 2
-1.849367 1.397325 1.695113 2
-1.776148 1.392275 1.657161 2
-1.766972 1.358098 1.679484 2
-1.711654 1.346237 1.657243 2
-1.697959 1.314226 1.675148 2
-1.687350 1.280314 1.696325 2
-1.677427 1.245635 1.718477 2
-1.604513 1.245431 1.676580 2
-1.079428 1.504740 1.165478 0
-1.017050 1.509027 1.125998 0
-1.017890 1.476604 1.152427 0
-1.022305 1.441286 1.183213 0
-0.976042 1.437500 1.159430 0
-0.963594 1.412474 1.172170 0
-0.954464 1.384954 1.188796 0
-0.895907 1.391314 1.149709 0
-0.904246 1.351488 1.186224 0
-0.853668 1.353698 1.155021 0
-0.867755 1.308498 1.199096 0
-0.839899 1.294309 1.194093 0
-0.807010 1.284425 1.182711 0
-0.794685 1.258317 1.196161 0
-0.778088 1.235428 1.204539 0
-0.777517 1.198580 1.233300 0
-0.742475 1.191217 1.218555 0
-0.712224 1.180166 1.209502 0
-0.690404 1.161708 1.211209 0
-0.670281 1.141660 1.215139 0
-0.642445 1.129117 1.208597 0
-0.621234 1.110235 1.210914 0
-0.617542 1.073200 1.237791 0
-0.573785 1.077757 1.208348 0
-0.563906 1.046570 1.226927 0
-0.541587 1.028628 1.227740 0
-0.523261 1.006096 1.234485 0
-0.504385 0.983967 1.240560 0
-0.496985 0.947637 1.264520 0
-0.462035 0.944751 1.245954 0
-0.450800 0.912201 1.264625 0
-0.434864 0.885026 1.276276 0
-0.398836 0.884639 1.255034 0
-0.378282 0.863586 1.259102 0
-0.340500 0.867120 1.233706 0
-0.347495 0.805510 1.285751 0
-0.322856 0.789516 1.283352 0
-0.296805 0.775805 1.278305 0
-0.277892 0.750738 1.286333 0
-0.278675 0.692311 1.332056 0
-0.274416 0.639969 1.369993 0
-0.638117 -0.067147 2.137067 6
-0.640050 -0.156183 2.207066 6
-0.577501 -0.127704 2.147100 6
-0.584921 -0.232349 2.232406 8
-0.564546 -0.286450 2.261750 8
-0.525453 -0.303662 2.251195 8
-0.516883 -0.386308 2.309666 8
-0.573739 -0.619257 2.523879 8
-0.631973 -0.870520 2.752996 7
-0.568599 -0.846897 2.695959 7
-0.525361 -0.869687 2.686939 7
0.390815 -0.198035 1.602359 1
0.430492 -0.164332 1.551540 1
0.462306 -0.175835 1.540204 1
0.498948 -0.151639 1.498501 1
0.513602 -0.296513 1.599855 1
0.546835 -0.304426 1.584770 1
0.581989 -0.292187 1.553038 1
0.613787 -0.310781 1.546951 1
0.647041 -0.312586 1.527083 1
0.681167 -0.297873 1.494013 1
0.714731 -0.282436 1.460715 1
0.748547 -0.247973 1.412701 1
0.780034 -0.252208 1.395679 1
0.811214 -0.263321 1.384070 1
0.842315 -0.281488 1.377859 1
0.873647 -0.253464 1.336221 1
0.904474 -0.259497 1.320861 1
0.935448 -0.277108 1.314205 1
0.965431 -0.256677 1.279132 1
-2.436234 1.860759 1.717899 2
-2.380851 1.836961 1.705355 2
-2.447812 1.783126 1.789582 2
-2.478270 1.736901 1.846020 2
-2.300286 1.746818 1.733348 2
-2.252910 1.722943 1.725429 2
-2.158664 1.713701 1.677785 2
-2.152268 1.678910 1.702939 2
-2.085629 1.663233 1.676792 2
-2.062641 1.634031 1.687491 2
-2.014864 1.613507 1.676388 2
-1.982809 1.587979 1.678648 2
-1.945033 1.564865 1.675510 2
-1.941554 1.528887 1.703169 2
-1.878566 1.516272 1.676446 2
-1.844418 1.492815 1.675636 2
-1.860144 1.448327 1.721541 2
-1.789842 1.440833 1.686190 2
-1.719198 1.434858 1.649358 2
-1.709075 1.401754 1.670544 2
-1.699869 1.367840 1.692907 2
-1.661352 1.348211 1.686184 2
-1.627553 1.326620 1.683832 2
-1.624359 1.289069 1.712641 2
-1.609615 1.257210 1.729918 2
-1.552778 1.248828 1.703018 2
-1.059150 1.495407 1.208728 0
-0.973563 1.513822 1.142846 0
-0.956949 1.492079 1.150657 0
-0.943836 1.468041 1.162394 0
-0.932037 1.442936 1.175759 0
-0.921373 1.416799 1.190614 0
-0.897329 1.399540 1.190260 0
-0.868917 1.385539 1.184634 0
-0.836207 1.375001 1.173611 0
-0.837308 1.339719 1.202808 0
-0.809388 1.325856 1.197293 0
-0.795883 1.300948 1.209313 0
-0.769068 1.286535 1.204857 0
-0.749774 1.266140 1.209715 0
-0.722394 1.252605 1.204165 0
-0.709011 1.227084 1.216658 0
-0.685394 1.210448 1.215821 0
-0.671033 1.185361 1.227327 0
-0.639519 1.176272 1.215619 0
-0.610621 1.165154 1.207094 0
-0.608404 1.127632 1.235841 0
-0.601224 1.094186 1.258295 0
-0.566831 1.088786 1.241795 0
-0.557316 1.056995 1.261463 0
-0.508702 1.068247 1.222973 0
-0.507765 1.026256 1.255953 0
-0.496536 0.995095 1.274006 0
-0.462298 0.991180 1.256293 0
-0.447767 0.963412 1.269581 0
-0.428357 0.941344 1.275328 0
-0.396266 0.935800 1.260151 0
-0.370689 0.922079 1.255438 0
-0.359894 0.887865 1.276044 0
-0.336417 0.870927 1.275127 0
-0.311427 0.856246 1.271464 0
-0.295212 0.828289 1.283706 0
-0.271653 0.811222 1.282768 0
-0.266291 0.764606 1.316436 0
-0.680475 0.014237 2.166305 6
-0.648866 -0.012941 2.168340 6
-0.631189 -0.065185 2.198789 6
-0.615653 -0.123257 2.235138 6
-0.574144 -0.134340 2.218213 6
-0.578597 -0.234767 2.300363 8
-0.548335 -0.270078 2.309490 8
-0.494740 -0.257305 2.266111 8
-0.497355 -0.364050 2.352004 8
-0.575655 -0.647028 2.624048 8
-0.561367 -0.733231 2.683130 7
-0.571756 -0.883716 2.808256 7
-0.513800 -0.872255 2.763001 7
0.378467 -0.156008 1.636795 1
0.411601 -0.163156 1.621221 1
0.443413 -0.177707 1.612267 1
0.480680 -0.154232 1.569982 1
0.496991 -0.283836 1.661077 1
0.529035 -0.304632 1.656776 1
0.563213 -0.307150 1.636751 1
0.600129 -0.278425 1.590458 1
0.632299 -0.294591 1.582357 1
0.665731 -0.294500 1.560678 1
0.699838 -0.278794 1.526304 1
0.732224 -0.284915 1.510106 1
0.764742 -0.284410 1.488604 1
0.796710 -0.294105 1.475415 1
0.829040 -0.280301 1.443563 1
0.860820 -0.267909 1.413145 1
0.892194 -0.273826 1.397297 1
0.923550 -0.284656 1.385276 1
0.954180 -0.267344 1.351669 1
0.984169 -0.248286 1.317085 1
-2.384732 1.895586 1.725519 2
-2.325116 1.872863 1.708769 2
-2.268515 1.850299 1.693679 2
-2.273735 1.812716 1.728625 2
-2.210867 1.792801 1.707451 2
-2.194182 1.760953 1.724255 2
-2.117749 1.746457 1.690247 2
-2.088734 1.718888 1.695927 2
-2.036251 1.698949 1.680947 2
-1.966513 1.685475 1.650053 2
-1.964408 1.650128 1.678494 2
-1.921603 1.628728 1.670527 2
-1.894293 1.602195 1.676237 2
-1.858312 1.579122 1.673760 2
-1.814514 1.559522 1.663603 2
-1.815839 1.522117 1.695723 2
-1.766485 1.505453 1.679684 2
-1.721083 1.487838 1.666815 2
-1.696018 1.461731 1.673378 2
-1.701226 1.421629 1.710010 2
-1.657567 1.404164 1.698001 2
-1.655812 1.366581 1.728245 2
-1.638618 1.336231 1.743035 2
-1.616050 1.308519 1.752329 2
-1.568848 1.294140 1.735492 2
-1.530856 1.275381 1.727887 2
-1.519338 1.241866 1.748668 2
-1.010739 1.502408 1.221853 0
-0.948200 1.507776 1.179172 0
-0.938781 1.481343 1.195299 0
-0.892381 1.478435 1.169303 0
-0.885195 1.450489 1.188010 0
-0.858796 1.435213 1.184453 0
-0.835840 1.417788 1.184762 0
-0.811026 1.401841 1.182693 0
-0.811466 1.367360 1.211394 0
-0.785588 1.352126 1.208045 0
-0.755634 1.340334 1.199335 0
-0.742934 1.315063 1.212315 0
-0.705244 1.310157 1.193139 0
-0.691532 1.285636 1.204840 0
-0.670514 1.267195 1.207024 0
-0.666806 1.233225 1.232616 0
-0.626727 1.231998 1.208868 0
-0.610441 1.209169 1.217516 0
-0.614503 1.166262 1.255178 0
-0.565755 1.174912 1.217919 0
-0.554859 1.146099 1.234744 0
-0.542924 1.117793 1.250491 0
-0.522043 1.098652 1.253178 0
-0.500321 1.080395 1.254600 0
-0.475785 1.065360 1.251623 0
-0.459970 1.040180 1.262330 0
-0.454693 1.001770 1.290367 0
-0.417393 1.002207 1.266767 0
-0.394169 0.985588 1.265820 0
-0.366263 0.975211 1.256850 0
-0.349532 0.950021 1.266895 0
-0.329249 0.929332 1.271040 0
-0.305453 0.913495 1.269021 0
-0.292538 0.881546 1.286892 0
-0.259683 0.879216 1.268184 0
-0.273096 0.804740 1.337062 0
-0.734887 -0.002921 2.282509 6
-0.689266 -0.008633 2.258458 6
-0.636982 -0.001652 2.219893 6
-0.619395 -0.054721 2.251820 6
-0.605705 -0.116952 2.293598 6
-0.566549 -0.133221 2.282057 6
-0.565078 -0.223320 2.354053 8
-0.515647 -0.220243 2.320304 8
-0.501052 -0.288853 2.366554 8
-0.491233 -0.371178 2.426890 8
-0.573511 -0.666465 2.717722 8
-0.533091 -0.693714 2.714073 7
-0.552075 -0.866026 2.865302 7
-0.493309 -0.852840 2.817269 7
-0.444246 -0.862148 2.793535 7
0.395015 -0.145611 1.677727 1
0.430080 -0.141726 1.651884 1
0.464421 -0.139696 1.627976 1
0.476187 -0.298996 1.748389 1
0.517250 -0.252807 1.684568 1
0.548529 -0.280147 1.686182 1
0.581526 -0.293799 1.675650 1
0.615086 -0.301289 1.659775 1
0.651040 -0.276519 1.616392 1
0.683894 -0.285230 1.601909 1
0.717664 -0.275847 1.572264 1
0.750096 -0.285810 1.559011 1
0.782929 -0.282281 1.534633 1
0.815260 -0.286454 1.516746 1
0.847704 -0.264800 1.478015 1
0.879439 -0.256039 1.450081 1
0.911012 -0.269830 1.440345 1
0.941796 -0.244834 1.399949 1
0.973065 -0.257285 1.389287 1
1.006298 -0.313188 1.412205 1
-2.385845 1.918633 1.774672 2
-2.305432 1.900083 1.740552 2
-2.243517 1.878506 1.720524 2
-2.169225 1.860983 1.689291 2
-2.139698 1.833037 1.694847 2
-2.082506 1.812871 1.676486 2
-2.045971 1.787705 1.675255 2
-2.008017 1.763360 1.672416 2
-1.967932 1.740109 1.667293 2
-1.936326 1.714618 1.669350 2
-1.923613 1.683082 1.688332 2
-1.852857 1.671524 1.654036 2
-1.844461 1.638764 1.676715 2
-1.807863 1.616224 1.673059 2
-1.760014 1.598463 1.658290 2
-1.764546 1.560400 1.693497 2
-1.689197 1.554799 1.651161 2
-1.679872 1.522353 1.672894 2
-1.653035 1.497330 1.677351 2
-1.651589 1.460803 1.707436 2
-1.627586 1.434345 1.714845 2
-1.619892 1.399959 1.739165 2
-1.578064 1.382327 1.727893 2
-1.552196 1.356986 1.733129 2
-1.520793 1.334704 1.732286 2
-1.492586 1.310922 1.734697 2
-1.485934 1.275027 1.760848 2
-1.450857 1.255228 1.755544 2
-0.974648 1.502272 1.247954 0
-0.928705 1.497867 1.222799 0
-0.866717 1.504693 1.178072 0
-0.830764 1.495960 1.162815 0
-0.830505 1.463684 1.189828 0
-0.789365 1.459175 1.167719 0
-0.776852 1.435012 1.180160 0
-0.766878 1.408704 1.195989 0
-0.741306 1.393825 1.192364 0
-0.737585 1.362168 1.216600 0
-0.715125 1.344823 1.216979 0
-0.685198 1.333735 1.207378 0
-0.664633 1.315168 1.209949 0
-0.647988 1.293204 1.217831 0
-0.625811 1.276012 1.218200 0
-0.615124 1.248335 1.234607 0
-0.579862 1.243379 1.216419 0
-0.575345 1.209308 1.242053 0
-0.553100 1.192058 1.242367 0
-0.522825 1.183113 1.230632 0
-0.491079 1.176239 1.216217 0
-0.480070 1.147483 1.233231 0
-0.466263 1.121222 1.246368 0
-0.449263 1.098139 1.254809 0
-0.433410 1.073391 1.265352 0
-0.400284 1.069208 1.247739 0
-0.372506 1.059113 1.238445 0
-0.377972 1.006692 1.285586 0
-0.344432 1.003817 1.266573 0
-0.317512 0.992772 1.258571 0
-0.311008 0.953437 1.287133 0
-0.280020 0.948128 1.271730 0
-0.252765 0.937960 1.262739 0
-0.263661 0.869644 1.326479 0
-0.780848 -0.002880 2.382620 6
-0.719752 0.014484 2.329021 6
-0.675232 0.006609 2.306984 6
-0.627027 0.006172 2.276387 6
-0.643887 -0.109511 2.383176 6
-0.573515 -0.069599 2.304819 6
-0.573272 -0.159800 2.379432 8
-0.544852 -0.198760 2.393410 8
-0.517733 -0.241482 2.411320 8
-0.485046 -0.273765 2.416968 8
-0.482058 -0.372091 2.496449 8
-0.453727 -0.418147 2.516265 8
-0.539180 -0.735478 2.834116 7
-0.527421 -0.836371 2.909974 7
0.380438 -0.115188 1.723146 1
0.411476 -0.136557 1.720396 1
0.449118 -0.116855 1.679423 1
0.483486 -0.114022 1.654491 1
0.495804 -0.275297 1.779337 1
0.529946 -0.284275 1.764250 1
0.563294 -0.299516 1.754828 1
0.600152 -0.278485 1.713177 1
0.633840 -0.285502 1.696712 1
0.668459 -0.277679 1.667383 1
0.701245 -0.292217 1.657672 1
0.734724 -0.293619 1.636658 1
0.769114 -0.264309 1.589716 1
0.801735 -0.266713 1.570055 1
0.834025 -0.277619 1.557601 1
0.866427 -0.258898 1.520643 1
0.898387 -0.270426 1.508881 1
0.930113 -0.267759 1.485560 1
0.961354 -0.258164 1.456834 1
0.993075 -0.271253 1.446460 1
-2.366088 1.946327 1.807297 2
-2.322695 1.919201 1.803079 2
-2.245109 1.900498 1.769590 2
-2.165031 1.883728 1.732808 2
-2.111087 1.861725 1.717322 2
-2.054742 1.841167 1.699024 2
-2.012640 1.817524 1.692529 2
-1.965739 1.795811 1.681264 2
-1.948286 1.765849 1.696041 2
-1.905739 1.743727 1.687897 2
-1.861497 1.722724 1.677680 2
-1.827519 1.698833 1.676542 2
-1.783009 1.679022 1.665091 2
-1.751913 1.654916 1.665963 2
-1.724739 1.629593 1.670392 2
-1.705778 1.601198 1.682743 2
-1.674763 1.577669 1.683125 2
-1.660367 1.547382 1.700017 2
-1.631251 1.523329 1.702044 2
-1.587488 1.506115 1.688732 2
-1.586648 1.469496 1.719769 2
-1.587405 1.431458 1.753043 2
-1.538497 1.417439 1.733621 2
-1.506826 1.395386 1.732208 2
-1.492676 1.364330 1.749824 2
-1.473984 1.335466 1.762611 2
-1.457042 1.305462 1.777492 2
-1.429513 1.281381 1.780439 2
-1.391723 1.263570 1.771362 2
-1.385453 1.226835 1.798872 2
-0.889535 1.500066 1.244038 0
-0.821885 1.511236 1.190755 0
-0.793544 1.497828 1.183947 0
-0.783358 1.472227 1.199322 0
-0.756689 1.458002 1.194275 0
-0.741470 1.435695 1.203549 0
-0.716234 1.420759 1.200016 0
-0.691844 1.405412 1.197372 0
-0.679132 1.380973 1.210063 0
-0.640951 1.377083 1.188660 0
-0.651666 1.332850 1.233443 0
-0.603258 1.338375 1.197336 0
-0.620708 1.286618 1.252899 0
-0.590400 1.276707 1.241705 0
-0.573023 1.255115 1.248872 0
-0.538119 1.250313 1.230308 0
-0.529885 1.219726 1.251072 0
-0.505765 1.204691 1.248228 0
-0.470129 1.201955 1.227393 0
-0.468472 1.163288 1.259294 0
-0.435173 1.158660 1.241571 0
-0.427580 1.125329 1.265037 0
-0.397578 1.117500 1.252168 0
-0.384414 1.089804 1.267182 0
-0.367558 1.066107 1.276375 0
-0.334130 1.063332 1.256934 0
-0.317431 1.039268 1.266519 0
-0.294326 1.023505 1.264847 0
-0.295715 0.973413 1.308366 0
-0.260267 0.974583 1.284205 0
-0.259457 0.925205 1.325658 0
-0.806051 0.032080 2.442350 6
-0.770387 0.007317 2.440052 6
-0.706902 0.028091 2.380834 6
-0.650762 0.039396 2.334453 6
-0.624228 0.001371 2.349351 6
-0.639475 -0.112901 2.456363 6
-0.534869 -0.010042 2.300421 6
-0.582737 -0.192220 2.486441 8
-0.526918 -0.178815 2.438403 8
-0.484280 -0.189980 2.419852 8
-0.478208 -0.278466 2.490901 8
-0.457269 -0.338824 2.528302 8
-0.436147 -0.401561 2.567582 8
0.397722 -0.101009 1.761438 1
0.435079 -0.084840 1.722901 1
0.469325 -0.084154 1.699510 1
0.475356 -0.284547 1.864903 1
0.512824 -0.272275 1.829541 1
0.548374 -0.271119 1.804841 1
0.585139 -0.254397 1.766156 1
0.617608 -0.277405 1.763909 1
0.650952 -0.292134 1.754063 1
0.685389 -0.290907 1.729986 1
0.720175 -0.277225 1.695137 1
0.754020 -0.271338 1.667490 1
0.787267 -0.271335 1.645201 1
0.820030 -0.282067 1.632294 1
0.852874 -0.281447 1.609726 1
0.885446 -0.278662 1.585496 1
0.917436 -0.255905 1.544766 1
0.949494 -0.265587 1.531387 1
0.980055 -0.233817 1.483974 1
1.012085 -0.252987 1.478605 1
-2.338183 1.975668 1.833123 2
-2.265169 1.954723 1.803378 2
-2.213816 1.930153 1.791124 2
-2.162870 1.906217 1.778570 2
-2.073020 1.892616 1.731203 2
-2.014000 1.872700 1.709757 2
-1.973840 1.848621 1.704427 2
-1.905280 1.833082 1.672805 2
-1.899850 1.800090 1.698250 2
-1.856490 1.778423 1.688655 2
-1.816586 1.756240 1.681791 2
-1.774275 1.735369 1.672172 2
-1.751903 1.708154 1.681303 2
-1.724433 1.682828 1.685394 2
-1.670255 1.667681 1.662874 2
-1.697026 1.622044 1.720662 2
-1.646109 1.606307 1.700798 2
-1.602392 1.588414 1.687582 2
-1.590747 1.557349 1.707138 2
-1.581909 1.524742 1.729896 2
-1.571882 1.492292 1.751721 2
-1.557604 1.461497 1.769272 2
-1.510252 1.446713 1.750881 2
-1.487977 1.419981 1.759558 2
-1.472391 1.389730 1.775740 2
-1.435855 1.370561 1.768328 2
-1.414624 1.343311 1.778126 2
-1.416600 1.302653 1.815031 2
-1.374398 1.287265 1.800529 2
-1.368040 1.250659 1.828348 2
-1.320646 1.239201 1.806947 2
-0.851070 1.501928 1.265729 0
-0.792827 1.507559 1.222171 0
-0.742723 1.509129 1.187557 0
-0.726436 1.488054 1.195169 0
-0.718173 1.461036 1.213296 0
-0.690359 1.448183 1.206059 0
-0.697742 1.408604 1.245532 0
-0.653532 1.408687 1.216097 0
-0.650693 1.376175 1.242597 0
-0.630521 1.357396 1.245586 0
-0.607218 1.341319 1.244128 0
-0.573725 1.334426 1.227878 0
-0.550556 1.318784 1.226116 0
-0.543221 1.288443 1.247702 0
-0.500985 1.291071 1.217312 0
-0.484406 1.269430 1.225146 0
-0.471380 1.243938 1.238697 0
-0.470406 1.205342 1.271685 0
-0.438691 1.198751 1.256307 0
-0.423488 1.174453 1.267348 0
-0.398059 1.161461 1.261722 0
-0.382876 1.136665 1.273195 0
-0.351611 1.130923 1.257352 0
-0.334458 1.108248 1.265654 0
-0.319554 1.082345 1.278259 0
-0.280915 1.087322 1.248147 0
-0.274804 1.049256 1.277190 0
-0.259986 1.022111 1.290914 0
-0.272584 0.954596 1.358054 0
-0.848377 0.042587 2.535853 6
-0.802458 0.032209 2.514195 6
-0.755414 0.024593 2.489374 6
-0.698267 0.034697 2.442383 6
-0.659893 0.015269 2.433605 6
-0.678834 -0.104186 2.550092 6
-0.641720 -0.128612 2.546481 6
-0.515685 0.013388 2.338736 6
-0.568290 -0.178979 2.541076 8
-0.527928 -0.196955 2.529654 8
-0.468217 -0.174315 2.469982 8
-0.452041 -0.242019 2.517936 8
-0.429916 -0.299784 2.553258 8
-0.400960 -0.344361 2.572540 8
-0.386058 -0.424490 2.632102 8
0.386257 -0.052610 1.789931 1
0.410484 -0.113948 1.826755 1
0.451993 -0.073511 1.763674 1
0.464323 -0.224267 1.886029 1
0.491939 -0.285750 1.920663 1
0.530623 -0.264931 1.876469 1
0.564861 -0.277244 1.863990 1
0.601243 -0.266718 1.830256 1
0.636395 -0.263860 1.803990 1
0.670362 -0.272109 1.788146 1
0.703816 -0.287006 1.778399 1
0.737660 -0.294843 1.762262 1
0.772372 -0.275788 1.722222 1
0.805759 -0.280949 1.704057 1
0.839234 -0.268009 1.670138 1
0.872129 -0.265946 1.646029 1
0.904772 -0.268853 1.626390 1
0.937067 -0.263621 1.599924 1
0.968394 -0.238904 1.557222 1
1.001515 -0.274301 1.565387 1
1.032917 -0.267261 1.537937 1
-2.309788 2.005000 1.858317 2
-2.263451 1.978280 1.850692 2
-2.182996 1.959544 1.812729 2
-2.108829 1.940786 1.779058 2
-2.066112 1.915774 1.772359 2
-2.007449 1.895324 1.750738 2
-1.957432 1.873533 1.736190 2
-1.894836 1.855956 1.709320 2
-1.836814 1.838124 1.685787 2
-1.778807 1.821252 1.661404 2
-1.743668 1.798181 1.658106 2
-1.701820 1.777703 1.647927 2
-1.695484 1.745724 1.672169 2
-1.712108 1.705257 1.719603 2
-1.665806 1.686895 1.704497 2
-1.645225 1.659434 1.715007 2
-1.621031 1.633393 1.721790 2
-1.565808 1.620151 1.696036 2
-1.542538 1.594343 1.703233 2
-1.529894 1.563928 1.721767 2
-1.542903 1.521594 1.768388 2
-1.502517 1.503267 1.757256 2
-1.495766 1.469183 1.783065 2
-1.446291 1.456019 1.761136 2
-1.456608 1.412777 1.806725 2
-1.407309 1.400290 1.784305 2
-1.414951 1.357300 1.827842 2
-1.377424 1.338927 1.818679 2
-1.336144 1.323244 1.804560 2
-1.329704 1.287141 1.832361 2
-1.300624 1.264498 1.832747 2
-1.291988 1.228926 1.858575 2
-1.276077 1.197559 1.875697 2
-0.780060 1.492662 1.274915 0
-0.702803 1.513292 1.203916 0
-0.696558 1.485067 1.224815 0
-0.667510 1.473238 1.215569 0
-0.650398 1.452707 1.222204 0
-0.638249 1.428171 1.235787 0
-0.621402 1.407103 1.243078 0
-0.584706 1.402440 1.222229 0
-0.571095 1.378792 1.234019 0
-0.571408 1.342551 1.266510 0
-0.513008 1.358574 1.212441 0
-0.505008 1.329510 1.232871 0
-0.499791 1.297123 1.258155 0
-0.460679 1.297415 1.231234 0
-0.451754 1.268043 1.251301 0
-0.427570 1.253965 1.247347 0
-0.417480 1.224901 1.266341 0
-0.389219 1.215317 1.255602 0
-0.371769 1.193847 1.262813 0
-0.359206 1.166377 1.278696 0
-0.346507 1.138455 1.294885 0
-0.307575 1.142610 1.264631 0
-0.282773 1.129891 1.259030 0
-0.298406 1.063878 1.328439 0
-0.261117 1.067051 1.300173 0
-0.271480 1.004433 1.362960 0
-0.917710 0.016502 2.682965 6
-0.845010 0.043156 2.609633 6
-0.793833 0.039982 2.577524 6
-0.743580 0.036803 2.546048 6
-0.694914 0.032473 2.516675 6
-0.640682 0.038977 2.473860 6
-0.680179 -0.117173 2.639722 6
-0.611447 -0.085615 2.564716 6
-0.566422 -0.094718 2.542060 6
-0.500788 -0.062631 2.468691 6
-0.515812 -0.189187 2.591503 8
-0.469727 -0.195562 2.565686 8
-0.445536 -0.248112 2.595888 8
-0.429508 -0.321259 2.649978 8
-0.393813 -0.352292 2.653176 8
-0.388019 -0.456634 2.741992 8
0.399453 -0.061225 1.851777 1
0.431762 -0.077904 1.844473 1
0.471813 -0.044082 1.786981 1
0.475427 -0.262552 1.978666 1
0.512834 -0.255467 1.946742 1
0.548120 -0.262131 1.928486 1
0.581935 -0.281352 1.922395 1
0.619582 -0.259216 1.876920 1
0.652134 -0.291547 1.883339 1
0.687446 -0.288652 1.856559 1
0.721955 -0.293565 1.837264 1
0.757230 -0.275518 1.797038 1
0.791432 -0.269294 1.768051 1
0.824670 -0.292414 1.765798 1
0.858549 -0.258374 1.712307 1
0.891561 -0.261612 1.692536 1
0.924626 -0.279380 1.685638 1
0.957690 -0.291456 1.673679 1
0.990407 -0.293710 1.653226 1
1.021079 -0.258513 1.600893 1
1.059226 -0.362694 1.667286 1
-2.293123 2.032046 1.893473 2
-2.203500 2.013607 1.847445 2
-2.142562 1.990792 1.825464 2
-2.102150 1.964419 1.821077 2
-2.076247 1.935169 1.829456 2
-2.035731 1.909634 1.824242 2
-1.914772 1.905223 1.743586 2
-1.870476 1.882699 1.733005 2
-1.798898 1.868461 1.695821 2
-1.763896 1.844789 1.692791 2
-1.684013 1.835281 1.645513 2
-1.680910 1.802787 1.672810 2
-1.659155 1.776069 1.681820 2
-1.664682 1.739945 1.718453 2
-1.629560 1.717764 1.714001 2
-1.593643 1.696286 1.708358 2
-1.552797 1.677153 1.697141 2
-1.569971 1.635227 1.747199 2
-1.533621 1.614531 1.740551 2
-1.532364 1.579108 1.771820 2
-1.458643 1.575503 1.723527 2
-1.473426 1.532520 1.772882 2
-1.479826 1.492404 1.813776 2
-1.436000 1.476222 1.797817 2
-1.393451 1.460081 1.782716 2
-1.372719 1.433085 1.792732 2
-1.357067 1.403253 1.808878 2
-1.347086 1.369978 1.832118 2
-1.316248 1.348333 1.830217 2
-1.298339 1.319217 1.844142 2
-1.273879 1.293927 1.850016 2
-1.267272 1.257306 1.878666 2
-1.225024 1.243356 1.861810 2
-1.227296 1.200055 1.902740 2
-0.730601 1.502661 1.280637 0
-0.676096 1.508194 1.237519 0
-0.639785 1.501801 1.217955 0
-0.638680 1.469417 1.246615 0
-0.600546 1.465177 1.223825 0
-0.591032 1.438757 1.241194 0
-0.569393 1.421915 1.241388 0
-0.547943 1.405007 1.241775 0
-0.538273 1.377838 1.259723 0
-0.513382 1.363900 1.255011 0
-0.479765 1.358330 1.236600 0
-0.448851 1.350901 1.221767 0
-0.448297 1.314153 1.254800 0
-0.431583 1.292667 1.262671 0
-0.419135 1.266495 1.277785 0
-0.382163 1.266187 1.252256 0
-0.360292 1.250177 1.251553 0
-0.343992 1.227883 1.260457 0
-0.328217 1.204656 1.270579 0
-0.303511 1.191857 1.264982 0
-0.291547 1.163422 1.282507 0
-0.266622 1.150922 1.276490 0
-0.258666 1.116209 1.302527 0
-0.905402 0.186465 2.599773 3
-0.977020 0.009373 2.810896 6
-0.908751 0.025954 2.748190 6
-0.854676 0.024083 2.712181 6
-0.797598 0.028482 2.668375 6
-0.736068 0.042016 2.613153 6
-0.698370 0.018812 2.607993 6
-0.644998 0.022495 2.567434 6
-0.662172 -0.096358 2.687606 6
-0.621473 -0.116081 2.677195 6
-0.555524 -0.087704 2.605399 6
-0.547088 -0.168107 2.672727 8
-0.520672 -0.216136 2.698053 8
-0.474280 -0.223891 2.672794 8
-0.444509 -0.266699 2.691036 8
-0.402402 -0.282990 2.676542 8
-0.431721 -0.467145 2.864667 8
0.386856 -0.017918 1.885864 1
0.420359 -0.027376 1.871193 1
0.456545 -0.019111 1.838513 1
0.466833 -0.183544 1.981180 1
0.500223 -0.204053 1.976666 1
0.530926 -0.247996 1.995372 1
0.567921 -0.240666 1.962994 1
0.600274 -0.276132 1.972838 1
0.635977 -0.277782 1.949545 1
0.673498 -0.249669 1.897875 1
0.708324 -0.250063 1.874054 1
0.741096 -0.287674 1.885573 1
0.775425 -0.297794 1.870966 1
0.810122 -0.289499 1.839327 1
0.844564 -0.261344 1.789770 1
0.878078 -0.271737 1.775986 1
0.911434 -0.270877 1.752061 1
0.944801 -0.282481 1.739489 1
0.977811 -0.283294 1.717334 1
1.009068 -0.250614 1.665880 1
1.040943 -0.245743 1.639339 1
-2.261106 2.061902 1.915213 2
-2.226499 2.032622 1.917173 2
-2.134170 2.015300 1.866576 2
-2.076253 1.992353 1.845948 2
-2.030418 1.967599 1.835691 2
-1.992658 1.941563 1.832439 2
-1.928989 1.922416 1.804200 2
-1.832273 1.912989 1.743232 2
-1.782561 1.892617 1.726190 2
-1.716737 1.844122 1.723458 2
-1.656031 1.829081 1.693618 2
-1.644280 1.799172 1.712722 2
-1.632881 1.768925 1.732397 2
-1.577540 1.753959 1.706376 2
-1.587503 1.715992 1.748557 2
-1.543119 1.697890 1.733329 2
-1.531219 1.667610 1.752710 2
-1.515714 1.638547 1.768384 2
-1.477579 1.618943 1.759062 2
-1.471900 1.585542 1.785823 2
-1.439408 1.563884 1.782472 2
-1.407454 1.542308 1.779441 2
-1.391966 1.513013 1.795385 2
-1.386499 1.478443 1.823413 2
-1.382303 1.442641 1.853503 2
-1.332873 1.430565 1.829168 2
-1.296079 1.412380 1.819567 2
-1.289106 1.377568 1.846774 2
-1.257917 1.356505 1.843878 2
-1.239886 1.327689 1.857613 2
-1.230009 1.293521 1.882164 2
-1.202058 1.270542 1.883393 2
-1.204764 1.227187 1.925498 2
-1.165025 1.212002 1.911069 2
-1.188055 1.152820 1.982435 2
-0.657166 1.497191 1.282589 0
-0.603132 1.504130 1.237426 0
-0.573018 1.494043 1.225201 0
-0.551560 1.477537 1.225139 0
-0.550098 1.444662 1.254594 0
-0.505678 1.447359 1.220280 0
-0.507807 1.410633 1.255895 0
-0.469724 1.408961 1.230186 0
-0.463412 1.378829 1.253649 0
-0.466480 1.339007 1.292829 0
-0.435421 1.331389 1.277690 0
-0.419236 1.309340 1.286601 0
-0.392291 1.298235 1.277657 0
-0.371669 1.280732 1.279185 0
-0.343697 1.271342 1.267926 0
-0.311705 1.267002 1.249105 0
-0.317690 1.218882 1.298131 0
-0.288637 1.211199 1.284532 0
-0.240739 1.227565 1.235114 0
-0.256156 1.164649 1.304656 0
-0.938975 0.214820 2.675729 2
-0.876872 0.224006 2.622884 2
-1.036269 -0.076732 3.016499 6
-0.928745 -0.006774 2.874715 6
-0.834698 0.049349 2.755431 6
-0.772132 0.062132 2.698949 6
-0.735319 0.036253 2.696834 6
-0.687468 0.028657 2.669838 6
-0.629168 0.040184 2.617599 6
-0.657570 -0.099382 2.767861 6
-0.566574 -0.028026 2.636626 6
-0.543559 -0.078903 2.667679 6
-0.532596 -0.155438 2.731229 8
-0.504443 -0.200752 2.753465 8
-0.546062 -0.395467 2.964589 8
-0.550008 -0.520421 3.083912 8
0.406406 0.008134 1.913246 1
0.436852 -0.019380 1.917457 1
0.470727 -0.026771 1.900464 1
0.491177 -0.128281 1.980856 1
0.523707 -0.152869 1.980893 1
0.555770 -0.183756 1.987151 1
0.589789 -0.199600 1.977989 1
0.619622 -0.262667 2.015898 1
0.657303 -0.239775 1.967992 1
0.692249 -0.245121 1.948400 1
0.726649 -0.257107 1.935404 1
0.761499 -0.257251 1.911038 1
0.795272 -0.284605 1.912860 1
0.829768 -0.289507 1.893207 1
0.864109 -0.290369 1.869899 1
0.898259 -0.301346 1.856183 1
0.931869 -0.284143 1.816530 1
0.964939 -0.270888 1.780952 1
0.998201 -0.275596 1.762031 1
1.030136 -0.257788 1.723013 1
1.060727 -0.228907 1.674603 1
-2.237774 2.090123 1.944450 2
-2.175517 2.065780 1.920966 2
-2.111193 2.042828 1.894669 2
-2.046629 2.020978 1.867184 2
-2.028704 1.990073 1.882724 2
-1.964636 1.969705 1.854255 2
-1.867621 1.958376 1.792957 2
-1.802625 1.940834 1.761194 2
-1.713360 1.897836 1.735276 2
-1.689089 1.871363 1.742068 2
-1.651378 1.849117 1.734969 2
-1.613455 1.827419 1.727216 2
-1.573887 1.806757 1.717290 2
-1.544194 1.783220 1.717379 2
-1.539106 1.751096 1.743733 2
-1.502072 1.730499 1.735665 2
-1.489881 1.700722 1.754594 2
-1.477693 1.670694 1.773776 2
-1.456074 1.644352 1.782540 2
-1.433484 1.618444 1.790193 2
-1.402964 1.596135 1.788620 2
-1.360419 1.579702 1.772654 2
-1.383579 1.532305 1.834350 2
-1.331259 1.521013 1.806357 2
-1.333626 1.482571 1.844304 2
-1.329376 1.446797 1.874870 2
-1.267545 1.442020 1.833769 2
-1.261078 1.407204 1.861827 2
-1.266581 1.364766 1.905910 2
-1.210703 1.358359 1.870779 2
-1.192406 1.329732 1.884323 2
-1.203262 1.282130 1.937269 2
-1.144064 1.279610 1.896068 2
-1.144302 1.237849 1.935707 2
-1.120003 1.212352 1.941935 2
-1.109422 1.176856 1.967723 2
-0.596338 1.517083 1.268596 0
-0.562150 1.509918 1.250250 0
-0.534408 1.498322 1.240846 0
-0.523996 1.472939 1.257238 0
-0.497853 1.460391 1.249933 0
-0.479838 1.441116 1.254979 0
-0.478541 1.406790 1.286570 0
-0.445983 1.400303 1.268844 0
-0.427561 1.381077 1.273580 0
-0.400451 1.370260 1.263979 0
-0.385593 1.347498 1.274703 0
-0.352081 1.343783 1.253692 0
-0.341580 1.316269 1.272141 0
-0.321925 1.298207 1.274923 0
-0.296025 1.287177 1.266465 0
-0.280391 1.264483 1.276613 0
-0.270767 1.234159 1.298418 0
-0.253316 1.212728 1.306059 0
-0.899816 0.338326 2.610011 2
-0.884684 0.286263 2.648521 2
-0.887976 0.207375 2.726024 3
-0.999253 -0.027253 3.030571 6
-0.966030 -0.064880 3.042202 6
-0.874883 -0.015934 2.929183 6
-0.775877 0.050381 2.793912 6
-0.726895 0.042622 2.765667 6
-0.663536 0.060017 2.703002 6
-0.623002 0.041162 2.691517 6
-0.655683 -0.107531 2.857090 6
-0.564733 -0.037216 2.723958 6
-0.529206 -0.065776 2.725425 6
-0.518673 -0.144121 2.792558 6
-0.571786 -0.357304 3.034579 8
-0.530280 -0.383083 3.029111 8
0.392367 0.043561 1.955721 1
0.424500 0.025866 1.949623 1
0.456172 0.004874 1.947026 1
0.487132 -0.022051 1.950636 1
0.518823 -0.045962 1.950851 1
0.547115 -0.099881 1.982248 1
0.577497 -0.144002 2.002783 1
0.608176 -0.193026 2.027818 1
0.640433 -0.233721 2.043765 1
0.675850 -0.239156 2.023705 1
0.710830 -0.248527 2.007742 1
0.745088 -0.271407 2.005247 1
0.780697 -0.261222 1.970138 1
0.815344 -0.269637 1.953544 1
0.850063 -0.260341 1.919952 1
0.884347 -0.285741 1.919919 1
0.918491 -0.278512 1.888746 1
0.952155 -0.269819 1.856528 1
0.986497 -0.291726 1.853155 1
1.019359 -0.278149 1.816860 1
1.051057 -0.254490 1.771748 1
1.082389 -0.236488 1.732330 1
1.160618 -0.792022 2.209046 1
-2.216131 2.118054 1.975203 2
-2.130085 2.097522 1.928959 2
-2.119088 2.064602 1.951681 2
-2.048684 2.043219 1.918216 2
-1.966076 2.025604 1.871906 2
-1.905345 2.004668 1.845439 2
-1.840258 1.985764 1.813750 2
-1.744525 1.975541 1.750500 2
-2.777575 1.675090 2.822571 2
-1.689707 1.923795 1.757863 2
-1.656124 1.899998 1.754902 2
-1.596197 1.884420 1.724093 2
-1.558616 1.862970 1.715900 2
-1.571710 1.825552 1.761488 2
-1.511941 1.811904 1.729023 2
-1.516805 1.776575 1.766401 2
-1.486957 1.753275 1.765935 2
-1.463028 1.727990 1.771883 2
-1.410668 1.714074 1.745389 2
-1.412241 1.678918 1.780183 2
-1.384505 1.655586 1.781434 2
-1.386647 1.619240 1.817838 2
-1.374595 1.588652 1.837979 2
-1.356921 1.560418 1.851621 2
-1.300470 1.551086 1.817759 2
-1.314019 1.507337 1.869991 2
-1.271091 1.492028 1.852155 2
-1.249090 1.466064 1.860421 2
-1.235728 1.435225 1.879935 2
-1.193630 1.420683 1.862051 2
-1.209068 1.372421 1.920153 2
-1.160452 1.362228 1.893197 2
-1.165667 1.318697 1.939055 2
-1.132870 1.298988 1.933262 2
-1.122564 1.264370 1.958849 2
-1.095011 1.241214 1.960381 2
-1.091811 1.200609 1.997147 2
-1.078213 1.166763 2.019567 2
-1.072537 1.126297 2.054375 2
-0.539724 1.501330 1.290478 0
-0.482500 1.513636 1.235483 0
-0.466969 1.492835 1.243913 0
-0.457557 1.466558 1.262262 0
-0.439113 1.447807 1.266549 0
-0.408938 1.439765 1.251659 0
-0.385979 1.425480 1.248258 0
-0.403982 1.371444 1.314163 0
-0.347356 1.390145 1.253535 0
-0.336768 1.363393 1.271555 0
-0.316003 1.346904 1.271999 0
-0.302778 1.322148 1.286136 0
-0.278434 1.309516 1.280184 0
-0.247304 1.305083 1.261203 0
-0.270180 1.236259 1.345231 0
-0.879027 0.434911 2.579727 2
-0.878632 0.365991 2.646500 2
-0.877305 0.295562 2.714072 2
-0.852697 0.254131 2.736064 3
-0.985154 -0.010111 3.092221 6
-0.944960 -0.038117 3.089572 6
-0.895539 -0.052151 3.066462 6
-0.816379 -0.018858 2.975105 6
-0.729888 0.030447 2.862706 6
-0.651413 0.071688 2.764158 6
-0.610080 0.053570 2.751158 6
-0.678034 -0.159349 3.009474 6
-0.550382 -0.023633 2.782276 6
-0.524917 -0.072175 2.810836 6
-0.594181 -0.311216 3.095724 8
-0.565488 -0.364045 3.126139 8
-0.531862 -0.408338 3.144589 8
0.376218 0.068629 2.010234 1
0.419053 0.108470 1.939923 1
0.445151 0.058164 1.970282 1
0.480930 0.064009 1.938512 1
0.506413 0.001124 1.981706 1
0.536582 -0.035328 1.995572 1
0.569703 -0.051203 1.987117 1
0.596961 -0.124837 2.039642 1
0.633145 -0.115794 2.004548 1
0.664711 -0.159332 2.024447 1
0.697645 -0.193301 2.033984 1
0.729718 -0.253944 2.070357 1
0.764536 -0.274338 2.065248 1
0.800173 -0.270726 2.035999 1
0.835310 -0.273666 2.013566 1
0.870255 -0.260253 1.975236 1
0.904632 -0.251815 1.942224 1
0.939165 -0.273574 1.938776 1
0.973275 -0.275225 1.915908 1
1.007062 -0.274700 1.891159 1
1.040043 -0.264593 1.857599 1
1.073187 -0.263943 1.833232 1
1.108642 -0.295648 1.839003 1
1.183702 -0.759593 2.240874 1
-2.337629 2.123863 2.139512 2
-2.276103 2.097086 2.116878 2
-2.148763 2.082975 2.030501 2
-2.114063 2.053826 2.031250 2
-1.919581 2.057243 1.875453 2
-1.823527 2.043854 1.813012 2
-1.741951 2.029084 1.763276 2
-2.768479 1.751616 2.834888 2
-2.760175 1.707583 2.870816 2
-1.673895 1.947628 1.788455 2
-1.621272 1.928959 1.765273 2
-1.604380 1.900798 1.779258 2
-1.555806 1.882192 1.759238 2
-1.533482 1.856045 1.767079 2
-1.495198 1.835260 1.757272 2
-1.475882 1.808443 1.768167 2
-1.439999 1.787567 1.760378 2
-1.421878 1.760501 1.772504 2
-1.406355 1.732360 1.787729 2
-1.389187 1.704732 1.801197 2
-1.369654 1.677984 1.811989 2
-1.372778 1.641323 1.850137 2
-1.341907 1.619226 1.847610 2
-1.308981 1.598386 1.842280 2
-1.275828 1.578025 1.836334 2
-1.277655 1.540504 1.874418 2
-1.261617 1.511419 1.890374 2
-1.238405 1.485952 1.897238 2
-1.228094 1.453343 1.921152 2
-1.200139 1.430374 1.921937 2
-1.177638 1.404348 1.929981 2
-1.155878 1.377828 1.939114 2
-1.148493 1.342154 1.968415 2
-1.107441 1.327741 1.950743 2
-1.088098 1.299424 1.963597 2
-1.078920 1.263840 1.991502 2
-1.056500 1.237054 2.000520 2
-1.046205 1.201202 2.027879 2
-1.050367 1.153655 2.077976 2
-1.032871 1.121692 2.095988 2
-0.518093 1.491686 1.333191 0
-0.456041 1.508472 1.268719 0
-0.432531 1.494290 1.264603 0
-0.422657 1.468240 1.282755 0
-0.380007 1.471623 1.246555 0
-0.375219 1.440629 1.273557 0
-0.347765 1.430797 1.262180 0
-0.337679 1.404031 1.280959 0
-0.321054 1.383412 1.288638 0
-0.302717 1.364393 1.293435 0
-0.269114 1.362005 1.270033 0
-0.257467 1.335664 1.287273 0
-0.263660 1.287865 1.339521 0
-0.888756 0.492194 2.609087 2
-0.872150 0.444827 2.643512 2
-0.884733 0.358632 2.738921 2
-0.859843 0.318213 2.760168 2
-1.034313 0.004034 3.206276 6
-0.987580 -0.016373 3.190995 6
-0.937978 -0.031964 3.168764 6
-0.876520 -0.028717 3.118757 6
-0.836550 -0.056834 3.116429 6
-0.762248 -0.029452 3.032643 6
-0.664287 0.041403 2.887513 6
-0.591673 0.075328 2.798545 6
-0.546167 0.064920 2.774469 6
-0.541580 -0.020567 2.856486 6
-0.517023 -0.072045 2.889411 6
-0.583582 -0.308190 3.176026 8
-0.548125 -0.348314 3.189426 8
-0.506387 -0.375911 3.185582 8
0.408991 0.163217 1.959507 1
0.439654 0.141499 1.958640 1
0.469057 0.110879 1.967686 1
0.496646 0.065165 1.993287 1
0.527717 0.038903 1.996774 1
0.560819 0.026674 1.984670 1
0.590759 -0.014087 2.003638 1
0.621467 -0.054169 2.021385 1
0.652638 -0.096860 2.041447 1
0.685838 -0.121206 2.041583 1
0.718487 -0.159919 2.056614 1
0.751506 -0.204640 2.077452 1
0.785660 -0.238513 2.086568 1
0.820300 -0.273777 2.096759 1
0.855937 -0.250087 2.046900 1
0.890777 -0.245850 2.017236 1
0.925518 -0.259555 2.005739 1
0.960036 -0.263928 1.985037 1
0.994848 -0.279843 1.975773 1
1.028631 -0.273942 1.945322 1
1.061332 -0.257266 1.904838 1
1.096367 -0.279971 1.902336 1
1.163557 -0.669659 2.246006 1
-2.553198 2.118216 2.397981 2
-2.439487 2.096615 2.327184 2
-2.341360 2.074521 2.269486 2
-2.234413 2.055846 2.201385 2
-2.003829 2.063171 2.008263 2
-1.759083 2.078508 1.795943 2
-2.745525 1.785539 2.877365 2
-1.681294 1.998524 1.811460 2
-1.634054 1.977687 1.793829 2
-1.616899 1.949485 1.807680 2
-1.600421 1.921038 1.822351 2
-1.534510 1.907144 1.782977 2
-1.525169 1.876996 1.805129 2
-1.461980 1.863990 1.767138 2
-1.439455 1.838474 1.774193 2
-1.410667 1.815244 1.773995 2
-1.398247 1.786266 1.792651 2
-1.360507 1.766725 1.781685 2
-1.380109 1.724948 1.838766 2
-1.341971 1.705742 1.827214 2
-1.299797 1.688801 1.810213 2
-1.291651 1.657419 1.834842 2
-1.289040 1.623059 1.866894 2
-1.276296 1.592904 1.886688 2
-1.242914 1.572638 1.880163 2
-1.243198 1.535528 1.917367 2
-1.211408 1.514600 1.912841 2
-1.188735 1.489004 1.920288 2
-1.168056 1.462269 1.930496 2
-1.133023 1.443845 1.920981 2
-1.129995 1.406512 1.955931 2
-1.092334 1.390008 1.942467 2
-1.094788 1.348178 1.986352 2
-1.083471 1.314419 2.011220 2
-1.050792 1.294789 2.004957 2
-1.064986 1.242236 2.069041 2
-1.043720 1.213885 2.080676 2
-1.040985 1.171330 2.121337 2
-1.024097 1.138703 2.140816 2
-1.018993 1.096136 2.179683 2
-0.463925 1.508547 1.324385 0
-0.430881 1.501932 1.304933 0
-0.384255 1.508014 1.261949 0
-0.353349 1.501289 1.244347 0
-0.345686 1.473420 1.266498 0
-0.325585 1.456904 1.267376 0
-0.313086 1.432835 1.281916 0
-0.291458 1.417713 1.280229 0
-0.264473 1.408389 1.268474 0
-0.255161 1.380176 1.289798 0
-0.283461 1.308708 1.384599 0
-0.881523 0.569170 2.605143 2
-0.866632 0.521086 2.642379 2
-0.862929 0.457682 2.704001 2
-0.844883 0.410263 2.738174 2
-0.954150 0.192696 3.045174 3
-1.049579 -0.018597 3.335022 6
-0.989783 -0.022410 3.292297 6
-0.916712 -0.004998 3.217624 6
-0.875763 -0.032969 3.214324 6
-0.807023 -0.017345 3.144941 6
-0.775707 -0.059273 3.163479 6
-0.704663 -0.035497 3.084067 6
-0.612720 0.028366 2.947501 6
-0.547071 0.051491 2.873025 6
-0.661412 -0.258466 3.278810 8
0.408153 0.262968 1.925065 1
0.440730 0.256523 1.907154 1
0.462470 0.187968 1.961470 1
0.492177 0.160593 1.967367 1
0.521284 0.126541 1.980634 1
0.550912 0.092349 1.993689 1
0.579302 0.042807 2.023542 1
0.613385 0.039602 2.001365 1
0.647327 0.037993 1.977682 1
0.676106 -0.027284 2.023585 1
0.706959 -0.080990 2.056037 1
0.739850 -0.114802 2.066477 1
0.773629 -0.138898 2.066267 1
0.806700 -0.202094 2.106975 1
0.841915 -0.195412 2.074005 1
0.876625 -0.250405 2.105107 1
0.911599 -0.239675 2.068210 1
0.946705 -0.257785 2.061023 1
0.981931 -0.275088 2.052952 1
1.015873 -0.262755 2.015273 1
1.050044 -0.263639 1.991106 1
1.083835 -0.262518 1.965184 1
1.120340 -0.297361 1.974425 1
1.179144 -0.561719 2.204232 1
-2.521977 2.150661 2.426084 2
-2.587708 2.101484 2.529108 2
-2.503855 2.074449 2.486191 2
-2.373403 2.056960 2.395230 2
-2.273389 2.036425 2.332584 2
-1.762216 2.099104 1.846599 2
-2.747931 1.859363 2.901555 2
-2.764630 1.810195 2.964224 2
-1.673406 2.020711 1.850852 2
-1.682160 1.985608 1.893052 2
-1.577152 1.979509 1.812200 2
-1.543381 1.956116 1.807602 2
-1.531278 1.926872 1.826816 2
-1.494128 1.904993 1.817990 2
-1.434008 1.890859 1.782461 2
-1.443069 1.855035 1.825877 2
-1.407827 1.833646 1.818255 2
-1.367436 1.814553 1.804116 2
-1.363584 1.782389 1.833312 2
-1.356223 1.751092 1.858781 2
-1.321966 1.730274 1.851555 2
-1.313575 1.698991 1.876239 2
-1.272636 1.681519 1.860210 2
-1.280118 1.642734 1.905623 2
-1.254041 1.618756 1.908484 2
-1.242359 1.587902 1.930185 2
-1.197175 1.573595 1.907617 2
-1.184679 1.543011 1.928456 2
-1.156124 1.520751 1.927695 2
-1.150392 1.485930 1.958471 2
-1.139031 1.453710 1.982025 2
-1.102091 1.436328 1.969545 2
-1.096467 1.400108 2.001956 2
-1.073163 1.374442 2.009170 2
-1.061702 1.340921 2.034132 2
-1.042767 1.311937 2.048390 2
-1.052995 1.262169 2.107775 2
-1.010964 1.248770 2.087305 2
-1.025327 1.193838 2.155442 2
-1.018196 1.153620 2.191013 2
-0.993759 1.126272 2.199320 2
-0.972835 1.095905 2.213630 2
-0.977096 1.043797 2.270823 2
-0.397767 1.502020 1.328587 0
-0.366796 1.494544 1.311246 0
-0.331030 1.492194 1.284759 0
-0.295748 1.490332 1.258190 0
-0.300603 1.449528 1.304362 0
-0.267955 1.445663 1.282051 0
-0.273837 1.401838 1.332243 0
-0.884010 0.695895 2.555840 2
-0.885162 0.632509 2.622609 2
-0.879842 0.574241 2.678908 2
-0.866001 0.524136 2.719931 2
-0.864020 0.457752 2.787449 2
-1.137088 0.035810 3.445469 6
-1.081476 0.023327 3.414037 6
-1.038933 -0.005791 3.410448 6
-0.982911 -0.015683 3.376103 6
-0.931419 -0.030790 3.350871 6
-0.856409 -0.009180 3.268619 6
-0.796169 -0.007152 3.218636 6
-0.753850 -0.032067 3.211122 6
-0.707161 -0.049377 3.192239 6
-0.649068 -0.045989 3.142704 6
-0.699600 -0.237130 3.382985 8
0.397829 0.311990 1.948257 1
0.428287 0.294958 1.942873 1
0.455575 0.259849 1.959062 1
0.481210 0.211142 1.990927 1
0.513778 0.202121 1.975582 1
0.542719 0.167640 1.989965 1
0.569355 0.109858 2.030785 1
0.603165 0.106866 2.008242 1
0.630694 0.041394 2.056601 1
0.665336 0.045468 2.026036 1
0.696420 0.004973 2.045362 1
0.729540 -0.011913 2.038210 1
0.761284 -0.062675 2.067984 1
0.794168 -0.107736 2.090911 1
0.828056 -0.142279 2.101996 1
0.862572 -0.161723 2.096674 1
0.897539 -0.221509 2.133751 1
0.932941 -0.243125 2.130154 1
0.968133 -0.250770 2.111973 1
1.003860 -0.273108 2.108986 1
1.038059 -0.263306 2.073173 1
1.070021 -0.227847 2.011918 1
1.108172 -0.284269 2.043330 1
1.138942 -0.247780 1.981958 1
-2.531018 2.177797 2.493644 2
-2.543147 2.136556 2.545230 2
-2.586518 2.089733 2.629132 2
-2.634561 2.040579 2.719419 2
-2.453685 2.030316 2.575436 2
-2.009625 2.073789 2.153035 2
-1.748633 2.090723 1.913489 2
-1.693759 2.069484 1.888154 2
-1.634613 2.050134 1.857321 2
-1.624917 2.019945 1.879611 2
-1.560082 2.003485 1.841104 2
-1.550943 1.973386 1.863871 2
-1.511002 1.951650 1.851992 2
-1.469566 1.930917 1.837870 2
-1.427035 1.911135 1.821894 2
-1.399168 1.887279 1.822574 2
-1.384549 1.859199 1.838860 2
-1.333808 1.843664 1.811715 2
-1.342404 1.807297 1.856264 2
-1.303209 1.788302 1.842543 2
-1.280093 1.763498 1.848452 2
-1.281082 1.728809 1.884972 2
-1.238967 1.711928 1.866744 2
-1.228405 1.681661 1.889031 2
-1.214122 1.652755 1.906817 2
-1.202707 1.622219 1.928755 2
-1.190552 1.591683 1.950115 2
-1.158403 1.571095 1.944362 2
-1.124077 1.552022 1.935249 2
-1.098278 1.528672 1.937801 2
-1.083123 1.499350 1.955560 2
-1.095971 1.453150 2.014462 2
-1.067692 1.430663 2.014172 2
-1.058138 1.396513 2.041803 2
-1.059272 1.354761 2.086379 2
-1.028882 1.333196 2.083499 2
-1.024729 1.293565 2.121526 2
-1.025734 1.249258 2.168814 2
-1.008810 1.217045 2.188492 2
-0.999046 1.178886 2.220437 2
-0.995071 1.135304 2.262955 2
-0.976950 1.102135 2.282791 2
-0.971524 1.057743 2.325056 2
-0.912291 1.059091 2.274442 2
-0.363417 1.503208 1.350210 0
-0.317344 1.510066 1.304781 0
-0.277279 1.512730 1.268798 0
-0.255408 1.498642 1.265629 0
-0.262964 1.454625 1.318514 0
-0.874627 0.771012 2.548156 2
-0.862852 0.723631 2.588751 2
-0.854417 0.671090 2.637631 2
-0.857229 0.603731 2.711568 2
-0.863951 0.528953 2.796666 2
-1.228026 0.007408 3.650666 6
-1.145188 0.026009 3.563003 6
-1.076032 0.029950 3.502241 6
-1.013989 0.026590 3.455152 6
-0.968045 0.002316 3.443608 6
-0.922048 -0.021436 3.431533 6
-0.861617 -0.022782 3.383813 6
-0.802831 -0.024674 3.338081 6
-0.733220 -0.006917 3.262587 6
0.385449 0.350627 1.983908 1
0.422078 0.364199 1.940564 1
0.448796 0.329327 1.957475 1
0.481696 0.326862 1.934504 1
0.505803 0.271020 1.976262 1
0.536025 0.249426 1.976197 1
0.561962 0.193293 2.016944 1
0.594942 0.187716 1.997475 1
0.625934 0.164995 1.998179 1
0.653825 0.104680 2.042094 1
0.685410 0.076616 2.048234 1
0.716996 0.042368 2.061130 1
0.749011 0.005666 2.076408 1
0.782452 -0.008637 2.066344 1
0.815030 -0.061308 2.098618 1
0.848937 -0.084921 2.098400 1
0.883176 -0.135940 2.127717 1
0.918355 -0.185064 2.154316 1
0.953080 -0.183228 2.126017 1
0.988427 -0.206022 2.124024 1
1.025352 -0.254304 2.148545 1
1.061314 -0.273375 2.142152 1
1.095587 -0.267568 2.110097 1
1.130760 -0.276675 2.093594 1
1.168632 -0.313390 2.105066 1
-2.570279 2.121207 2.674643 2
-2.612479 2.073465 2.760276 2
-2.559326 2.040266 2.747509 2
-2.608380 1.989264 2.842624 2
-1.937837 2.075830 2.166278 2
-1.662259 2.097196 1.902910 2
-1.620207 2.073930 1.889967 2
-1.586696 2.049286 1.885973 2
-1.532693 2.030054 1.858526 2
-1.505251 2.004888 1.860488 2
-1.482368 1.978712 1.867535 2
-1.430451 1.960942 1.840562 2
-1.399616 1.937759 1.837668 2
-1.390192 1.908173 1.860164 2
-1.363583 1.883945 1.862149 2
-1.321288 1.865308 1.844687 2
-1.286632 1.844602 1.836093 2
-1.270950 1.817244 1.851020 2
-1.244883 1.793793 1.852875 2
-1.249614 1.758027 1.894468 2
-1.235912 1.729214 1.912797 2
-1.205561 1.707458 1.909308 2
-1.176568 1.685387 1.907382 2
-1.176219 1.650031 1.944342 2
-1.146213 1.628467 1.941107 2
-1.133044 1.598627 1.961247 2
-1.102140 1.577797 1.956565 2
-1.090327 1.546862 1.979140 2
-1.063439 1.524027 1.980160 2
-1.069382 1.482139 2.029792 2
-1.076684 1.438248 2.082780 2
-1.046615 1.416462 2.080104 2
-1.042908 1.377856 2.118094 2
-1.033286 1.342301 2.147798 2
-0.992349 1.327715 2.128260 2
-1.005135 1.275454 2.195171 2
-0.996967 1.236857 2.229545 2
-0.986743 1.198956 2.261470 2
-0.981823 1.156059 2.303352 2
-0.965412 1.121373 2.326651 2
-0.933730 1.098931 2.323806 2
-0.906337 1.072978 2.328455 2
-0.891855 1.035423 2.356664 2
-0.889993 0.985388 2.409136 2
-0.289607 1.505668 1.337065 0
-0.267241 1.491250 1.333720 0
-0.872816 0.837021 2.555200 2
-0.868351 0.783058 2.609962 2
-0.872608 0.717763 2.684455 2
-0.863401 0.665004 2.734035 2
-1.363614 0.019101 3.857789 6
-1.301352 0.006557 3.819107 6
-1.235615 -0.000178 3.771264 6
-1.158015 0.010167 3.694930 6
-1.089067 0.012044 3.635168 6
-1.018564 0.018449 3.569241 6
-0.969977 -0.003596 3.552800 6
-0.918554 -0.020820 3.528800 6
0.375353 0.399318 2.006829 1
0.418352 0.442538 1.924569 1
0.436437 0.367512 1.993468 1
0.471776 0.377899 1.953863 1
0.503264 0.369558 1.938167 1
0.528731 0.322708 1.970074 1
0.553494 0.263921 2.015856 1
0.586754 0.263724 1.989870 1
0.613924 0.211414 2.026664 1
0.644742 0.186097 2.030636 1
0.675202 0.152522 2.044128 1
0.706629 0.125126 2.050045 1
0.738084 0.091391 2.063050 1
0.770264 0.061950 2.070768 1
0.802452 0.017814 2.094886 1
0.835529 -0.021532 2.113043 1
0.869357 -0.040651 2.108173 1
0.903546 -0.079755 2.125317 1
0.938528 -0.124096 2.147735 1
0.973609 -0.147978 2.147375 1
1.009350 -0.179563 2.155139 1
1.046834 -0.232299 2.185158 1
1.083417 -0.258340 2.186231 1
1.121154 -0.293923 2.197101 1
1.151173 -0.242491 2.117126 1
-2.573892 2.108922 2.783976 2
-2.534153 2.073482 2.784839 2
-2.552176 2.028461 2.847807 2
-2.059219 2.077066 2.352976 2
-1.927445 2.066036 2.245746 2
-1.559368 2.107631 1.870870 2
-1.501328 2.088901 1.838209 2
-1.520681 2.052878 1.893353 2
-1.455839 2.036920 1.851787 2
-1.441702 2.008827 1.868614 2
-2.573583 1.662164 3.250435 2
-1.420275 1.950238 1.911128 2
-1.366973 1.933618 1.880868 2
-1.345327 1.907817 1.888774 2
-1.320826 1.883030 1.893105 2
-1.285264 1.862261 1.883323 2
-1.256550 1.839458 1.881893 2
-1.252667 1.807435 1.912554 2
-1.232761 1.781259 1.922713 2
-1.212077 1.755375 1.931925 2
-1.200389 1.725602 1.953389 2
-1.188664 1.695519 1.975212 2
-1.149240 1.677981 1.958945 2
-1.125637 1.653422 1.964373 2
-1.097175 1.631355 1.962854 2
-1.077273 1.605073 1.973549 2
-1.060029 1.577267 1.988308 2
-1.066517 1.536009 2.038733 2
-1.055427 1.503744 2.063897 2
-1.014257 1.488977 2.043510 2
-1.029192 1.440191 2.109762 2
-1.021286 1.404382 2.141778 2
-1.029792 1.356967 2.200984 2
-0.986626 1.343456 2.177717 2
-0.999824 1.290827 2.246877 2
-0.989681 1.253447 2.278893 2
-0.977744 1.216634 2.308776 2
-0.955089 1.187460 2.320942 2
-0.938854 1.152865 2.344754 2
-0.899294 1.137153 2.327453 2
-0.899346 1.087919 2.381751 2
-0.891468 1.044165 2.423152 2
-0.890364 0.992963 2.478747 2
-0.875484 0.953173 2.509808 2
-0.866974 0.906194 2.554428 2
-0.857101 0.859195 2.597958 2
-0.851097 0.806733 2.650972 2
-0.869119 0.726449 2.755741 2
-1.524798 -0.072344 4.210241 4
-1.516460 -0.153735 4.293655 4
-1.273196 0.043415 3.864530 6
-1.218608 0.022790 3.840612 6
-1.088444 0.012233 3.740782 6
-1.030673 -0.000111 3.705171 6
0.412932 0.509729 1.920410 1
0.439912 0.482943 1.928987 1
0.466455 0.451895 1.942827 1
0.491673 0.410408 1.969686 1
0.522356 0.398077 1.958986 1
0.547433 0.347542 1.996383 1
0.575272 0.310064 2.016744 1
0.606747 0.298005 2.005280 1
0.635071 0.255720 2.030853 1
0.664710 0.219248 2.048812 1
0.694377 0.174724 2.075993 1
0.727336 0.170022 2.055206 1
0.758721 0.137258 2.067737 1
0.790664 0.105333 2.078933 1
0.823595 0.095954 2.063694 1
0.855968 0.030023 2.113476 1
0.889629 -0.014071 2.137398 1
0.923835 -0.042577 2.143175 1
0.958072 -0.058218 2.134318 1
0.994003 -0.111490 2.167137 1
1.028763 -0.124580 2.155095 1
1.066707 -0.184358 2.193909 1
1.102906 -0.207256 2.192076 1
1.143569 -0.275671 2.238777 1
1.177171 -0.262696 2.198176 1
-2.478699 2.070045 2.832981 2
-2.524655 2.020014 2.928425 2
-1.902615 2.094701 2.273139 2
-1.532450 2.133812 1.888905 2
-1.480554 2.113534 1.862433 2
-1.473662 2.083861 1.887666 2
-1.439524 2.060473 1.881068 2
-2.565286 1.740990 3.262966 2
-1.453057 1.992917 1.965893 2
-1.404391 1.973772 1.941536 2
-1.357415 1.954954 1.918454 2
-1.317149 1.934834 1.903029 2
-1.280466 1.914151 1.891578 2
-1.276354 1.882815 1.921699 2
-1.224510 1.868089 1.889982 2
-1.213552 1.839066 1.911431 2
-1.211438 1.806295 1.945144 2
-1.181694 1.784149 1.941994 2
-1.143062 1.766057 1.926337 2
-1.163387 1.722609 1.992476 2
-1.105534 1.713492 1.949529 2
-1.085840 1.687515 1.960040 2
-1.070825 1.659157 1.977508 2
-1.054391 1.631268 1.993230 2
-1.058053 1.592482 2.039357 2
-1.032084 1.568998 2.041664 2
-1.049561 1.520829 2.110872 2
-1.035119 1.489871 2.132072 2
-1.028496 1.453726 2.166195 2
-1.037065 1.407191 2.225712 2
-0.995441 1.392117 2.204820 2
-0.996427 1.348859 2.253965 2
-0.983605 1.314068 2.281251 2
-0.984331 1.268810 2.332540 2
-0.959794 1.241189 2.341386 2
-0.913158 1.230608 2.311308 2
-0.901794 1.192740 2.343647 2
-0.911335 1.136679 2.415280 2
-0.877506 1.115751 2.408556 2
-0.874573 1.067756 2.460078 2
-0.867921 1.021655 2.506213 2
-0.851762 0.983185 2.535315 2
-0.835320 0.944139 2.564894 2
-0.863290 0.859259 2.686008 2
-0.873285 0.789189 2.774431 2
-1.573122 -0.030073 4.325887 4
0.403140 0.555360 1.943426 1
0.428569 0.522401 1.960800 1
0.459846 0.516050 1.942353 1
0.482531 0.464187 1.984188 1
0.511150 0.440878 1.987862 1
0.539902 0.416685 1.992527 1
0.567901 0.384924 2.006717 1
0.596347 0.352593 2.021276 1
0.624898 0.316380 2.040355 1
0.657249 0.313246 2.017741 1
0.685957 0.269014 2.046205 1
0.714941 0.216168 2.084592 1
0.747583 0.210915 2.064428 1
0.778973 0.179963 2.075405 1
0.810763 0.145757 2.089938 1
0.843141 0.112658 2.102776 1
0.876069 0.088908 2.104309 1
0.909629 0.038270 2.136871 1
0.943538 0.013239 2.139268 1
0.977865 -0.013993 2.143982 1
1.013205 -0.053428 2.162247 1
1.050740 -0.116498 2.206505 1
1.083884 -0.104467 2.166444 1
1.122684 -0.163245 2.204842 1
1.159806 -0.193556 2.211339 1
1.199534 -0.242805 2.238025 1
-2.441211 2.063732 2.901374 2
-2.144192 2.075243 2.606084 2
-1.513204 2.158422 1.915642 2
-1.472841 2.135482 1.902036 2
-1.524448 2.092905 1.997251 2
-1.466446 2.074023 1.962624 2
-1.452145 2.045406 1.980182 2
-1.449643 2.013575 2.012524 2
-1.407717 1.992114 1.996204 2
-1.357498 1.973694 1.968766 2
-1.334040 1.948019 1.974724 2
-1.299359 1.926035 1.966071 2
-1.263302 1.904954 1.955196 2
-1.200993 1.893554 1.908889 2
-1.221425 1.853213 1.972835 2
-1.175958 1.836734 1.948203 2
-1.163771 1.807808 1.968854 2
-1.127777 1.788479 1.956468 2
-1.079637 1.774912 1.926298 2
-1.064161 1.747597 1.942276 2
-1.078950 1.705924 2.002830 2
-1.061015 1.678834 2.016394 2
-1.049348 1.648427 2.039633 2
-1.045622 1.613455 2.075522 2
-1.029231 1.584626 2.092713 2
-1.024977 1.548688 2.129350 2
-1.019919 1.512433 2.165670 2
-1.023229 1.470320 2.216509 2
-1.009885 1.437455 2.241420 2
-0.995599 1.404690 2.265422 2
-0.986302 1.368073 2.298524 2
-0.941585 1.355335 2.271614 2
-0.964024 1.295154 2.361192 2
-0.894870 1.300788 2.290818 2
-0.886831 1.261503 2.328455 2
-0.884680 1.216553 2.378106 2
-0.885056 1.168170 2.434114 2
-0.870587 1.130873 2.463789 2
-0.851037 1.097260 2.484636 2
-0.864849 1.032696 2.571889 2
-0.863213 0.980037 2.631324 2
-0.866613 0.920655 2.703233 2
-0.872432 0.856570 2.782892 2
0.397202 0.616312 1.944645 1
0.426461 0.602898 1.935917 1
0.453597 0.579464 1.941043 1
0.478104 0.540892 1.966571 1
0.508939 0.533903 1.949044 1
0.533707 0.490716 1.980024 1
0.560155 0.453004 2.003115 1
0.590079 0.436339 1.998162 1
0.620858 0.426269 1.984666 1
0.647117 0.373125 2.026636 1
0.677347 0.352071 2.026915 1
0.708922 0.346179 2.007977 1
0.736930 0.284434 2.059045 1
0.768253 0.264960 2.056759 1
0.799566 0.239586 2.061638 1
0.830868 0.195724 2.088787 1
0.862970 0.144786 2.123856 1
0.895820 0.132009 2.112604 1
0.928759 0.115626 2.105687 1
0.962839 0.068579 2.134726 1
0.997493 0.028826 2.154634 1
1.034312 -0.035428 2.202285 1
1.069009 -0.051331 2.193709 1
1.104809 -0.078958 2.198399 1
1.142797 -0.124962 2.223477 1
1.178952 -0.146119 2.220297 1
-2.454381 2.091149 2.983637 2
-2.525853 2.036451 3.113491 2
-1.490840 2.183660 1.938818 2
-1.858620 2.079835 2.412836 2
-1.629771 2.091707 2.175962 2
-1.475368 2.092466 2.024223 2
-1.437191 2.069206 2.012699 2
-1.412372 2.043103 2.017457 2
-1.385233 2.017774 2.019174 2
-1.342206 1.997128 2.000265 2
-1.314325 1.972685 2.000437 2
-1.265658 1.954945 1.972951 2
-1.242084 1.929896 1.978159 2
-1.193482 1.913509 1.949380 2
-1.197580 1.879180 1.992087 2
-1.147549 1.864295 1.960389 2
-1.099099 1.849761 1.929906 2
-1.095775 1.817797 1.962983 2
-1.083382 1.789087 1.983665 2
-1.087327 1.752857 2.028786 2
-1.057288 1.731348 2.024373 2
-1.049949 1.699286 2.054005 2
-1.052192 1.661913 2.099039 2
-1.033218 1.634549 2.112244 2
-1.034948 1.595936 2.158376 2
-1.006633 1.573031 2.157640 2
-0.999861 1.537893 2.191775 2
-0.990390 1.503646 2.222381 2
-0.987035 1.464964 2.264062 2
-0.974577 1.431177 2.291451 2
-0.957861 1.399641 2.312250 2
-0.954579 1.358431 2.357206 2
-0.903864 1.349964 2.318910 2
-0.893014 1.313275 2.351568 2
-0.881960 1.275947 2.384872 2
-0.879867 1.230697 2.436045 2
-0.852221 1.204990 2.440185 2
-0.867994 1.142502 2.528695 2
-0.862189 1.096362 2.577693 2
-0.866483 1.039667 2.648750 2
-0.869817 0.981756 2.720442 2
-0.882933 0.912168 2.815235 2
0.388903 0.665815 1.960686 1
0.418482 0.654518 1.948943 1
0.445691 0.632844 1.952054 1
0.473472 0.612887 1.952642 1
0.498008 0.574496 1.978727 1
0.527150 0.558778 1.973104 1
0.553499 0.524695 1.992506 1
0.580327 0.489666 2.012745 1
0.609196 0.465922 2.017460 1
0.639125 0.449132 2.012809 1
0.668300 0.423424 2.019846 1
0.696594 0.382398 2.046548 1
0.726411 0.352301 2.058609 1
0.757104 0.329688 2.060813 1
0.787878 0.302141 2.069107 1
0.818703 0.260250 2.095097 1
0.850516 0.234531 2.100448 1
0.882701 0.203097 2.112613 1
0.915580 0.160071 2.138563 1
0.948572 0.141835 2.133993 1
0.982324 0.109417 2.146346 1
1.017086 0.068412 2.168532 1
1.050974 0.051680 2.161647 1
1.087181 0.007778 2.186406 1
1.122150 -0.013796 2.184785 1
1.160683 -0.066649 2.218863 1
1.198862 -0.107541 2.238608 1
-2.410929 2.085889 3.047943 2
-2.197513 2.080796 2.838803 2
-1.890910 2.098265 2.510790 2
-1.828745 2.073861 2.475660 2
-1.559125 2.095320 2.180576 2
-1.423119 2.092939 2.046671 2
-1.371520 2.073248 2.017146 2
-1.358531 2.044520 2.036681 2
-1.344799 2.015810 2.055542 2
-1.302780 1.995047 2.037115 2
-1.252854 1.977336 2.007383 2
-1.232729 1.951079 2.017319 2
-1.216009 1.923691 2.032045 2
-1.146965 1.914455 1.973763 2
-1.121037 1.891044 1.974903 2
-1.100543 1.865745 1.983725 2
-1.078837 1.840930 1.990870 2
-1.049952 1.819136 1.987460 2
-1.051815 1.784287 2.029858 2
-1.043861 1.753045 2.058401 2
-1.021563 1.728046 2.065529 2
-1.042725 1.681803 2.140627 2
-1.042853 1.644580 2.184444 2
-1.020215 1.618472 2.192810 2
-1.006832 1.587254 2.216413 2
-0.983805 1.561102 2.224635 2
-0.983181 1.521673 2.270683 2
-0.979074 1.483343 2.312106 2
-0.958025 1.454844 2.325336 2
-0.945695 1.420411 2.354261 2
-0.895070 1.411478 2.315445 2
-0.900983 1.363792 2.378198 2
-0.884887 1.330618 2.402235 2
-0.881735 1.287089 2.451376 2
-0.868913 1.249880 2.483634 2
-0.859199 1.209337 2.523019 2
-0.871247 1.149443 2.606889 2
-0.883032 1.087386 2.693221 2
-0.880999 1.035277 2.754301 2
0.374468 0.690708 2.012623 1
0.412490 0.712966 1.950989 1
0.443050 0.707859 1.930447 1
0.464415 0.660615 1.971109 1
0.492716 0.643543 1.967785 1
0.519460 0.617275 1.977491 1
0.548126 0.600456 1.973704 1
0.576674 0.582240 1.971865 1
0.600502 0.527349 2.020447 1
0.631052 0.519115 2.004465 1
0.659287 0.489841 2.017109 1
0.687631 0.456447 2.034947 1
0.716679 0.424639 2.050270 1
0.746346 0.394172 2.063463 1
0.776779 0.369656 2.068583 1
0.807588 0.346529 2.071723 1
0.838388 0.305533 2.097527 1
0.870089 0.298553 2.079709 1
0.901881 0.269085 2.090306 1
0.934524 0.223709 2.120376 1
0.967709 0.187913 2.137990 1
1.000730 0.168158 2.135581 1
1.036136 0.114108 2.174596 1
1.068483 0.114869 2.147035 1
1.105960 0.054538 2.192469 1
1.140609 0.034465 2.189511 1
1.183273 -0.053686 2.266012 1
-2.403415 2.074716 3.157173 2
-2.071560 2.091107 2.795171 2
-1.838722 2.096583 2.548157 2
-1.805757 2.066444 2.548603 2
-1.508437 2.094911 2.208859 2
-1.376895 2.092222 2.076198 2
-1.363360 2.063346 2.095581 2
-1.351022 2.033982 2.116863 2
-1.309193 2.012602 2.098609 2
-1.266698 1.992072 2.078784 2
-1.194750 1.981321 2.017371 2
-1.206866 1.944918 2.072407 2
-1.144546 1.932826 2.022647 2
-1.113774 1.910841 2.016959 2
-1.090653 1.886346 2.022163 2
-1.057255 1.865949 2.012106 2
-1.047235 1.836461 2.036805 2
-1.040504 1.805191 2.067073 2
-1.045495 1.768196 2.116202 2
-1.036293 1.736774 2.144328 2
-1.002124 1.716872 2.133387 2
-1.003878 1.679445 2.180036 2
-0.992414 1.647925 2.206282 2
-0.983037 1.614802 2.236672 2
-0.973661 1.581086 2.267881 2
-0.975185 1.540389 2.318643 2
-0.958853 1.509360 2.339785 2
-0.966206 1.463068 2.403415 2
-0.890864 1.469123 2.320310 2
-0.863785 1.444955 2.322611 2
-0.873340 1.395224 2.392961 2
-0.851837 1.366237 2.406949 2
-0.852337 1.320455 2.463619 2
-0.857064 1.269912 2.530463 2
-0.873503 1.208132 2.622907 2
-0.870436 1.160088 2.679141 2
-0.885193 1.095070 2.774138 2
0.409668 0.781988 1.935377 1
0.434234 0.753472 1.949981 1
0.454398 0.702894 1.997113 1
0.484915 0.697179 1.977117 1
0.507446 0.650481 2.017304 1
0.540199 0.657197 1.979438 1
0.566473 0.626630 1.995629 1
0.594471 0.604611 1.999331 1
0.622215 0.578516 2.008627 1
0.648647 0.537004 2.039126 1
0.679305 0.531099 2.019919 1
0.707368 0.495534 2.041483 1
0.736478 0.465855 2.054610 1
0.766973 0.453755 2.043861 1
0.796697 0.421162 2.060428 1
0.826823 0.381148 2.086361 1
0.857672 0.335357 2.119258 1
0.889248 0.330159 2.099036 1
0.921401 0.284043 2.131443 1
0.953391 0.271886 2.120090 1
0.986521 0.235050 2.139850 1
1.020062 0.202719 2.153530 1
1.055618 0.150131 2.191864 1
1.089081 0.134911 2.183655 1
1.122995 0.116235 2.179652 1
1.159888 0.072524 2.205695 1
1.196430 0.038525 2.219564 1
-2.245312 2.089005 3.080127 2
-1.933976 2.104317 2.731238 2
-1.808323 2.090781 2.613478 2
-1.791826 2.057029 2.635432 2
-1.447421 2.097030 2.222964 2
-1.329116 2.092049 2.103350 2
-1.292827 2.069070 2.092004 2
-1.279008 2.040538 2.111133 2
-1.241974 2.018428 2.098187 2
-1.195162 1.999774 2.070903 2
-1.181609 1.971465 2.090370 2
-1.144490 1.950757 2.075987 2
-1.155246 1.913940 2.131498 2
-1.100951 1.899793 2.091353 2
-2.022245 1.514475 3.525050 2
-1.048416 1.852555 2.093190 2
-1.036306 1.823307 2.115949 2
-1.037840 1.787787 2.160736 2
-1.025598 1.757650 2.184653 2
-1.009628 1.728895 2.203092 2
-1.000087 1.696718 2.232542 2
-0.964445 1.677379 2.219135 2
-0.975834 1.633488 2.285003 2
-0.967012 1.599329 2.317972 2
-0.965389 1.560369 2.364459 2
-0.933998 1.538189 2.359422 2
-0.862435 1.541233 2.281618 2
-0.856542 1.504162 2.321678 2
-0.859061 1.460562 2.378668 2
-0.856339 1.419217 2.427557 2
-0.853598 1.376702 2.478005 2
-0.865460 1.322056 2.558776 2
-0.873253 1.268434 2.634210 2
-0.874598 1.217972 2.699195 2
-0.886393 1.157093 2.788115 2
0.403349 0.835069 1.942079 1
0.430191 0.817432 1.940596 1
0.452827 0.781138 1.967786 1
0.479413 0.759841 1.971584 1
0.507996 0.747499 1.961786 1
0.533763 0.719933 1.974843 1
0.558916 0.685966 1.997050 1
0.584434 0.650128 2.021512 1
0.614368 0.642254 2.004966 1
0.641633 0.613186 2.019070 1
0.669630 0.586583 2.029345 1
0.699453 0.576267 2.016454 1
0.727843 0.547252 2.029793 1
0.755552 0.498071 2.070646 1
0.785394 0.473744 2.076679 1
0.815417 0.443932 2.089950 1
0.845944 0.414588 2.102266 1
0.876959 0.401136 2.093132 1
0.908352 0.362726 2.116966 1
0.940425 0.326286 2.137700 1
0.972596 0.303970 2.139679 1
1.006338 0.258199 2.171607 1
1.039332 0.237063 2.171533 1
1.074365 0.194054 2.198912 1
1.105547 0.200914 2.163395 1
1.143213 0.142988 2.208593 1
1.180842 0.095584 2.239958 1
-2.286633 2.153998 3.154808 2
-2.257323 2.116800 3.166627 2
-2.129480 2.096906 3.050343 2
-1.794954 2.118683 2.658785 2
-1.778571 2.084842 2.681211 2
-1.506821 2.106005 2.359247 2
-1.335798 2.111121 2.166546 2
-1.289157 2.090154 2.140926 2
-1.280273 2.060171 2.167424 2
-1.221085 2.043698 2.122953 2
-1.230214 2.008578 2.175505 2
-1.218786 1.978837 2.199300 2
-1.207473 1.948762 2.223745 2
-1.178408 1.924387 2.222089 2
-1.145915 1.901490 2.215026 2
-1.135542 1.870725 2.241694 2
-1.063357 1.863687 2.172413 2
-1.028912 1.843041 2.160819 2
-1.025091 1.809803 2.197973 2
-1.009992 1.780913 2.217695 2
-0.983437 1.757068 2.218927 2
-0.974417 1.724894 2.249517 2
-0.982837 1.683378 2.310636 2
-0.967995 1.652763 2.333273 2
-0.952060 1.622365 2.354588 2
-0.939052 1.589951 2.381697 2
-0.899713 1.572557 2.361854 2
-0.865063 1.552956 2.349925 2
-0.869350 1.509029 2.410412 2
-0.863283 1.470523 2.453136 2
-0.852485 1.434282 2.488082 2
-0.873386 1.374685 2.586557 2
-0.897175 1.310424 2.694191 2
-0.887308 1.269117 2.737016 2
-0.885379 1.220440 2.797813 2
0.396601 0.885139 1.952443 1
0.419366 0.852786 1.974785 1
0.449181 0.847040 1.954441 1
0.474777 0.823858 1.961869 1
0.501239 0.803396 1.964893 1
0.526205 0.773966 1.981624 1
0.553803 0.756749 1.979389 1
0.580215 0.731304 1.989567 1
0.602680 0.675260 2.045186 1
0.633270 0.673210 2.019854 1
0.659706 0.636625 2.045521 1
0.688917 0.621797 2.039098 1
0.716161 0.581498 2.069318 1
0.744208 0.540876 2.099364 1
0.775010 0.539351 2.073687 1
0.805140 0.527906 2.062269 1
0.834767 0.492952 2.083502 1
0.864979 0.446237 2.120381 1
0.895854 0.438303 2.103850 1
0.927127 0.407513 2.118283 1
0.958786 0.380775 2.126964 1
0.991817 0.334953 2.160605 1
1.025072 0.300413 2.178774 1
1.059068 0.264437 2.198380 1
1.092649 0.240451 2.202107 1
1.127418 0.208358 2.215991 1
1.164401 0.162125 2.247380 1
1.198433 0.145865 2.240556 1
-2.212547 2.154041 3.180937 2
-2.244269 2.107140 3.273196 2
-2.008339 2.106429 3.008741 2
-1.777901 2.110524 2.744797 2
-1.748656 2.078927 2.750451 2
-1.444990 2.108130 2.373978 2
-1.355119 2.095210 2.289052 2
-1.278415 2.081055 2.220534 2
-2.114857 1.825966 3.471719 2
-1.201800 2.036319 2.190124 2
-1.193122 2.005997 2.218098 2
-1.156711 1.983981 2.204897 2
-1.135366 1.957511 2.214188 2
-1.121534 1.928451 2.235220 2
-1.115222 1.896404 2.268502 2
-1.083945 1.873340 2.262847 2
-1.047741 1.852578 2.248942 2
-0.988626 1.841900 2.196985 2
-1.006763 1.798902 2.271761 2
-0.977691 1.775868 2.269027 2
-0.964905 1.745344 2.293974 2
-0.950699 1.715115 2.317104 2
-0.958080 1.673367 2.378931 2
-0.949248 1.639016 2.413539 2
-0.859449 1.649288 2.301798 2
-0.867768 1.605390 2.367822 2
-0.855996 1.572155 2.398161 2
-0.875875 1.518401 2.489891 2
-0.859733 1.485977 2.514675 2
-0.876889 1.430462 2.606014 2
-0.876991 1.384697 2.666198 2
-0.898657 1.321688 2.772548 2
-0.924368 1.252855 2.891091 2
0.394257 0.949226 1.938404 1
0.415247 0.912888 1.968613 1
0.445229 0.909038 1.944956 1
0.470697 0.887599 1.950296 1
0.493265 0.851673 1.978751 1
0.521528 0.840464 1.967360 1
0.545385 0.805729 1.993150 1
0.566905 0.752750 2.046774 1
0.597993 0.754986 2.014260 1
0.625702 0.735841 2.014956 1
0.653293 0.714158 2.019432 1
0.680643 0.687495 2.031224 1
0.707629 0.651738 2.056206 1
0.735968 0.625151 2.067211 1
0.763627 0.578905 2.106504 1
0.794681 0.591052 2.060984 1
0.823729 0.554447 2.085738 1
0.853448 0.514140 2.115190 1
0.883941 0.488529 2.123468 1
0.914824 0.462929 2.131504 1
0.945842 0.445547 2.128026 1
0.977540 0.416738 2.140079 1
1.011214 0.362675 2.185881 1
1.042922 0.351802 2.173049 1
1.074448 0.342987 2.157622 1
1.108796 0.305366 2.180183 1
1.143356 0.272261 2.196364 1
1.180532 0.223220 2.232703 1
-2.143589 2.112116 3.263890 2
-1.806813 2.131359 2.850661 2
-1.768639 2.100726 2.844606 2
-1.704487 2.076012 2.801345 2
-1.385024 2.110158 2.390066 2
-1.294307 2.098093 2.300641 2
-2.079129 1.863942 3.499449 2
-2.044473 1.827338 3.505838 2
-1.185789 2.027854 2.264552 2
-1.152179 2.004651 2.255482 2
-1.139974 1.975014 2.279314 2
-1.110612 1.950862 2.276604 2
-1.084801 1.925727 2.279359 2
-1.064047 1.898861 2.290263 2
-1.037435 1.874243 2.291714 2
-1.022028 1.845216 2.311792 2
-0.987502 1.824102 2.299956 2
-0.949446 1.805027 2.281586 2
-0.968789 1.759786 2.362727 2
-0.938150 1.737167 2.357690 2
-0.936800 1.699977 2.405102 2
-0.860337 1.701573 2.316641 2
-0.865274 1.660612 2.376409 2
-0.861296 1.623471 2.421213 2
-0.871070 1.577172 2.493791 2
-0.889706 1.523714 2.585998 2
-0.890440 1.479632 2.645776 2
-0.901048 1.427540 2.727472 2
-0.885142 1.391956 2.757576 2
0.383771 0.983959 1.972589 1
0.415114 0.984998 1.939850 1
0.436677 0.951257 1.966693 1
0.461988 0.929904 1.972217 1
0.485673 0.900329 1.991242 1
0.513896 0.889778 1.978672 1
0.539520 0.866407 1.987150 1
0.564406 0.836994 2.005140 1
0.589803 0.807481 2.022902 1
0.619385 0.803705 1.999787 1
0.645260 0.773012 2.019033 1
0.673604 0.759685 2.011083 1
0.700256 0.728240 2.030920 1
0.728344 0.707729 2.033796 1
0.755468 0.667982 2.065381 1
0.784183 0.644302 2.072480 1
0.812723 0.604648 2.102861 1
0.842236 0.574095 2.119366 1
0.872391 0.581571 2.080676 1
0.902873 0.513995 2.149834 1
0.933161 0.514981 2.120627 1
0.964561 0.479653 2.142797 1
0.995927 0.457339 2.146405 1
1.028617 0.420224 2.170244 1
1.061497 0.389580 2.184740 1
1.094623 0.362019 2.194717 1
1.129258 0.324873 2.217267 1
1.160216 0.323477 2.191837 1
1.196469 0.281486 2.220192 1
-1.791841 2.122910 2.945885 2
-1.718646 2.098941 2.889397 2
-1.688570 2.067124 2.894301 2
-1.321572 2.113305 2.399790 2
-1.239416 2.099857 2.319711 2
-2.004868 1.866383 3.527294 2
-1.961710 1.832482 3.520144 2
-1.137500 2.028681 2.291323 2
-1.116367 2.001830 2.301392 2
-1.086088 1.977977 2.296904 2
-1.057198 1.953957 2.294420 2
-1.041620 1.925375 2.313748 2
-1.008586 1.903217 2.304234 2
-1.680447 1.600128 3.493969 2
-1.638871 1.569001 3.486679 2
-0.964892 1.814984 2.370417 2
-0.945143 1.787319 2.384385 2
-0.875911 1.783163 2.309266 2
-0.860687 1.753987 2.330834 2
-0.854512 1.719767 2.369874 2
-0.878798 1.668260 2.467798 2
-0.878548 1.628432 2.521608 2
-0.871346 1.591548 2.563530 2
-0.898822 1.532539 2.675816 2
-0.908900 1.481975 2.756673 2
-0.896816 1.444214 2.794657 2
0.370485 1.009849 2.023356 1
0.409904 1.036792 1.943468 1
0.432206 1.007600 1.963583 1
0.459039 0.993884 1.956486 1
0.484526 0.974653 1.958991 1
0.506009 0.936461 1.993557 1
0.535871 0.935337 1.965272 1
0.556127 0.884814 2.019490 1
0.585169 0.879026 1.999161 1
0.609860 0.846212 2.023129 1
0.636026 0.819567 2.036676 1
0.664158 0.805905 2.029264 1
0.689257 0.762197 2.069315 1
0.717609 0.745057 2.067096 1
0.744827 0.709715 2.093005 1
0.774763 0.711673 2.061310 1
0.803638 0.697768 2.054216 1
0.831797 0.651046 2.096455 1
0.861129 0.619954 2.114613 1
0.890897 0.608926 2.102833 1
0.921159 0.573489 2.126816 1
0.951443 0.556841 2.123143 1
0.983118 0.515402 2.154963 1
1.013703 0.504313 2.143078 1
1.045043 0.483593 2.144871 1
1.078587 0.441970 2.175672 1
1.112800 0.402105 2.203409 1
1.144666 0.388596 2.194507 1
1.179517 0.353316 2.215192 1
-1.940809 2.124002 3.232579 2
-1.731842 2.122947 2.978377 2
-1.670475 2.096967 2.937228 2
-1.643237 2.064584 2.946321 2
-1.267741 2.114542 2.422661 2
-1.909300 1.919417 3.461687 2
-1.889418 1.880239 3.489300 2
-1.129635 2.050968 2.338597 2
-1.093948 2.028305 2.325441 2
-1.048042 2.009384 2.295039 2
-1.028519 1.982482 2.307481 2
-1.703335 1.710555 3.490397 2
-1.040482 1.909564 2.420316 2
-1.003066 1.888471 2.403756 2
-1.015397 1.847612 2.474205 2
-0.982548 1.824729 2.465912 2
-0.839868 1.851442 2.257912 2
-0.850786 1.811061 2.326486 2
-0.855530 1.772306 2.385581 2
-0.853199 1.735970 2.433030 2
-0.898436 1.673306 2.573906 2
-0.896650 1.633639 2.626957 2
-0.899295 1.590293 2.690574 2
-0.900149 1.546646 2.752662 2
-0.911931 1.494750 2.839434 2
0.402701 1.080695 1.960214 1
0.427285 1.060530 1.964850 1
0.452083 1.040373 1.969390 1
0.478514 1.025890 1.963802 1
0.502121 0.999197 1.979724 1
0.526708 0.974944 1.991087 1
0.553283 0.958984 1.988003 1
0.575502 0.918071 2.027283 1
0.601793 0.896663 2.033020 1
0.630088 0.887417 2.018439 1
0.654088 0.845204 2.058313 1
0.681020 0.820983 2.068100 1
0.710324 0.818389 2.042846 1
0.736908 0.784739 2.067577 1
0.764581 0.757980 2.080916 1
0.792626 0.729590 2.096511 1
0.821782 0.722039 2.079514 1
0.850352 0.683189 2.110779 1
0.879719 0.660943 2.116197 1
0.909258 0.647375 2.108414 1
0.939759 0.604352 2.144604 1
0.970060 0.586136 2.143453 1
1.001626 0.550095 2.168327 1
1.032508 0.532930 2.165333 1
1.065214 0.497095 2.189127 1
1.097870 0.468651 2.201904 1
1.131773 0.433754 2.223470 1
1.164949 0.409656 2.229484 1
1.198216 0.387579 2.232509 1
-1.778190 2.141882 3.119417 2
-1.705323 2.116724 3.061200 2
-1.662977 2.086611 3.048184 2
-1.601020 2.061481 3.004062 2
-1.232225 2.111629 2.473790 2
-1.843262 1.920493 3.498060 2
-1.803734 1.886844 3.494218 2
-1.062869 2.057343 2.335372 2
-1.074646 2.020633 2.400272 2
-1.063578 1.990205 2.428218 2
-1.039620 1.963818 2.434707 2
-1.022857 1.934904 2.453818 2
-1.021649 1.899876 2.500912 2
-0.984741 1.878269 2.485202 2
-0.858706 1.894500 2.306405 2
-0.855889 1.860822 2.350132 2
-0.868472 1.819274 2.424110 2
-0.874488 1.779387 2.487817 2
-0.885002 1.735961 2.562241 2
-0.900322 1.688468 2.648519 2
-0.894070 1.650940 2.694335 2
-0.898971 1.606125 2.764392 2
0.398802 1.134098 1.958585 1
0.425133 1.121066 1.950388 1
0.445204 1.086063 1.983099 1
0.470066 1.066270 1.987247 1
0.497958 1.058113 1.970261 1
0.521458 1.031391 1.986910 1
0.548044 1.017396 1.980669 1
0.572368 0.991312 1.995755 1
0.595880 0.957819 2.023367 1
0.621640 0.934499 2.032952 1
0.647909 0.912432 2.040208 1
0.673358 0.880831 2.063320 1
0.700671 0.861596 2.065394 1
0.729662 0.859879 2.038584 1
0.756393 0.830154 2.057921 1
0.783675 0.800378 2.076936 1
0.811905 0.781621 2.077951 1
0.839982 0.745163 2.106911 1
0.868854 0.716825 2.122558 1
0.897973 0.712424 2.100742 1
0.927608 0.679351 2.123347 1
0.957906 0.645822 2.146174 1
0.987575 0.635517 2.133516 1
1.018902 0.601142 2.156986 1
1.049505 0.583398 2.155359 1
1.082761 0.540761 2.190195 1
1.115330 0.512293 2.203750 1
1.147918 0.487678 2.211443 1
1.183414 0.445214 2.244388 1
-1.723580 2.140946 3.163262 2
-1.671733 2.111904 3.135761 2
-1.629482 2.081639 3.122576 2
-1.168676 2.148585 2.434982 2
-1.127695 2.125840 2.413500 2
-1.095383 2.101474 2.405632 2
-1.084107 2.071599 2.432716 2
-1.088294 2.036793 2.486771 2
-1.056225 2.012503 2.479664 2
-1.025694 1.988063 2.474928 2
-1.015435 1.956817 2.505983 2
-0.989619 1.930869 2.509794 2
-0.970537 1.902422 2.525958 2
-0.960657 1.870063 2.559643 2
-0.890946 1.862817 2.481272 2
-0.885657 1.828521 2.523959 2
-0.885636 1.790976 2.578213 2
-0.909733 1.740505 2.681954 2
-0.905825 1.702277 2.732660 2
-0.942568 1.641171 2.868265 2
0.398466 1.196537 1.937553 1
0.418522 1.165240 1.965088 1
0.445799 1.156113 1.949510 1
0.466484 1.123796 1.978285 1
0.492495 1.109589 1.972504 1
0.511086 1.063883 2.025237 1
0.537628 1.049349 2.019716 1
0.564967 1.038773 2.007164 1
0.590770 1.020318 2.009025 1
0.616072 0.997681 2.018271 1
0.642232 0.978746 2.020836 1
0.666548 0.943602 2.051482 1
0.693235 0.923294 2.056009 1
0.722198 0.925094 2.022866 1
0.746894 0.876551 2.075083 1
0.775352 0.871975 2.053016 1
0.801779 0.825493 2.100459 1
0.829827 0.798852 2.114559 1
0.858538 0.791828 2.096654 1
0.887240 0.756193 2.124860 1
0.916139 0.746927 2.110699 1
0.945833 0.713406 2.134846 1
0.976047 0.682788 2.153984 1
1.007523 0.641728 2.188800 1
1.038208 0.621549 2.191061 1
1.070101 0.591459 2.208210 1
1.101163 0.574104 2.205917 1
1.134344 0.541160 2.226740 1
1.165505 0.527580 2.218650 1
1.199537 0.495683 2.237330 1
-1.683508 2.137507 3.230563 2
-1.636060 2.107562 3.209277 2
-1.214619 2.160643 2.573559 2
-1.181031 2.134877 2.565290 2
-1.107604 2.119578 2.489449 2
-1.093057 2.090156 2.512066 2
-1.050436 2.068548 2.486492 2
-1.037416 2.038672 2.512177 2
-1.007522 2.013919 2.508364 2
-0.999516 1.982001 2.544022 2
-1.008532 1.943429 2.611988 2
-0.963654 1.924037 2.581229 2
-0.945894 1.894692 2.600891 2
-0.938670 1.860707 2.641398 2
-0.893667 1.842638 2.609144 2
-0.921093 1.792077 2.719905 2
-0.920278 1.752881 2.777126 2
-0.925998 1.709279 2.849640 2
0.392609 1.240934 1.950174 1
0.417646 1.225980 1.946020 1
0.443354 1.213179 1.937742 1
0.465371 1.187804 1.954398 1
0.487248 1.160223 1.974990 1
0.515464 1.156111 1.950133 1
0.538880 1.132652 1.962565 1
0.563648 1.113897 1.965927 1
0.585126 1.076768 2.003307 1
0.609798 1.053187 2.015045 1
0.634557 1.027765 2.029888 1
0.659449 1.000106 2.048440 1
0.687782 0.997482 2.022172 1
0.711680 0.954003 2.068217 1
0.740066 0.952145 2.040970 1
0.766257 0.922464 2.062141 1
0.793487 0.902250 2.066759 1
0.820489 0.867090 2.096462 1
0.848438 0.844135 2.105196 1
0.876729 0.809663 2.132767 1
0.905314 0.802912 2.114431 1
0.934184 0.781879 2.119563 1
0.964155 0.743351 2.152633 1
0.993558 0.727659 2.148758 1
1.023876 0.701773 2.160962 1
1.055441 0.667085 2.186621 1
1.087124 0.637954 2.203175 1
1.116440 0.633044 2.182316 1
1.151291 0.585808 2.225958 1
1.183414 0.564050 2.230474 1
-1.710119 2.161464 3.352214 2
-1.666776 2.129686 3.338209 2
-1.592233 2.104997 3.271466 2
-1.203171 2.152697 2.669301 2
-1.157633 2.129388 2.640797 2
-1.123213 2.104000 2.630747 2
-1.116201 2.071483 2.668794 2
-1.066797 2.050866 2.631725 2
-1.021590 2.029907 2.601098 2
-0.996159 2.003260 2.606028 2
-0.975020 1.975223 2.619074 2
-0.943525 1.950929 2.612692 2
-0.936318 1.917545 2.653060 2
-0.897067 1.896585 2.631598 2
-0.886715 1.863868 2.667142 2
-0.881631 1.828194 2.714490 2
-0.925651 1.768449 2.864767 2
0.378943 1.263261 2.008868 1
0.414871 1.278957 1.940203 1
0.435927 1.252796 1.959542 1
0.460758 1.237506 1.956345 1
0.481815 1.208633 1.980595 1
0.507469 1.195147 1.973749 1
0.530687 1.171606 1.986854 1
0.556409 1.157743 1.980916 1
0.576010 1.113298 2.033838 1
0.605686 1.117999 1.992354 1
0.627636 1.079333 2.033192 1
0.653257 1.059679 2.037878 1
0.681450 1.058657 2.008285 1
0.705929 1.027177 2.034652 1
0.730862 0.993428 2.064547 1
0.757095 0.967511 2.079904 1
0.783514 0.936797 2.103385 1
0.811678 0.934935 2.076150 1
0.838939 0.908446 2.091910 1
0.866630 0.875304 2.118698 1
0.894901 0.853208 2.126285 1
0.923294 0.839235 2.120125 1
0.952582 0.805437 2.146895 1
0.980218 0.813116 2.105110 1
1.011555 0.761355 2.160640 1
1.039789 0.759490 2.134820 1
1.071798 0.718022 2.172560 1
1.105967 0.665908 2.226357 1
1.135641 0.657342 2.211019 1
1.168617 0.625796 2.231523 1
-1.421946 2.129614 3.116598 2
-1.427473 2.090317 3.182801 2
-1.271499 2.089927 2.963487 2
-1.234381 2.062626 2.952167 2
-1.221587 2.028927 2.984947 2
-1.180319 2.003364 2.965672 2
-1.142562 1.977300 2.952335 2
-1.148214 1.937071 3.021660 2
-1.105189 1.913037 2.998348 2
-1.065757 1.888346 2.981317 2
-1.036392 1.860216 2.983879 2
-0.987434 1.840438 2.946475 2
-0.946510 1.818116 2.924442 2
0.372580 1.305722 2.026422 1
0.409935 1.324342 1.948890 1
0.431739 1.301516 1.962030 1
0.454291 1.279912 1.972336 1
0.478457 1.262754 1.973185 1
0.501424 1.240770 1.984019 1
0.527934 1.231573 1.968626 1
0.554249 1.222394 1.953616 1
0.568628 1.157591 2.049575 1
0.595865 1.149379 2.032174 1
0.622124 1.136743 2.023802 1
0.646663 1.113103 2.036792 1
0.672338 1.095034 2.038945 1
0.696100 1.058959 2.074904 1
0.723461 1.051014 2.057837 1
0.750478 1.040972 2.045013 1
0.775723 1.004271 2.080964 1
0.802280 0.977892 2.097596 1
0.829608 0.961598 2.095930 1
0.856953 0.935418 2.111732 1
0.884668 0.933581 2.084739 1
0.912874 0.891816 2.127252 1
0.941699 0.859753 2.152320 1
0.971135 0.828530 2.175463 1
1.000225 0.811657 2.174079 1
1.030017 0.788490 2.183154 1
1.057014 0.797586 2.138981 1
1.090621 0.743136 2.199126 1
1.123559 0.704169 2.233127 1
1.153815 0.689900 2.226984 1
1.186697 0.659746 2.246071 1
-1.186324 2.062609 2.996542 2
-1.201081 2.020910 3.082602 2
-1.188825 1.986057 3.119183 2
-1.188830 1.946710 3.180779 2
-1.165368 1.914477 3.197624 2
-1.173219 1.870671 3.278102 2
0.376713 1.373744 1.985545 1
0.405238 1.369416 1.957473 1
0.429737 1.355151 1.952302 1
0.450534 1.329761 1.971742 1
0.475279 1.315594 1.966476 1
0.501371 1.306179 1.951260 1
0.522373 1.278316 1.975438 1
0.547529 1.265099 1.968548 1
0.567548 1.228956 2.009128 1
0.591086 1.205688 2.022589 1
0.618138 1.199561 2.001290 1
0.642247 1.177161 2.012902 1
0.665521 1.146522 2.040500 1
0.691175 1.129616 2.040812 1
0.717102 1.113912 2.038841 1
0.741057 1.074705 2.081647 1
0.768888 1.076934 2.045595 1
0.794283 1.042945 2.077751 1
0.820472 1.010045 2.107239 1
0.847629 0.991017 2.110848 1
0.875024 0.972446 2.113569 1
0.902849 0.940144 2.140753 1
0.930782 0.926042 2.135234 1
0.959040 0.906919 2.138607 1
0.987838 0.883250 2.149784 1
1.016865 0.861724 2.157058 1
1.046215 0.840322 2.163971 1
1.077742 0.802132 2.198966 1
1.106462 0.793132 2.184659 1
1.136959 0.771182 2.191964 1
1.171063 0.728248 2.233398 1
-0.998257 1.877636 3.132985 2
0.406514 1.428699 1.932005 1
0.422412 1.392710 1.977443 1
0.448771 1.383949 1.959722 1
0.472031 1.366463 1.962182 1
0.499203 1.361532 1.936794 1
0.520579 1.337271 1.954506 1
0.543654 1.317873 1.961323 1
0.563065 1.281871 2.003547 1
0.587289 1.263991 2.006539 1
0.609155 1.233037 2.036806 1
0.634354 1.217251 2.035139 1
0.660361 1.206122 2.024079 1
0.685059 1.185849 2.031744 1
0.707626 1.144683 2.080894 1
0.735022 1.142542 2.052130 1
0.761123 1.128846 2.046547 1
0.786577 1.103650 2.063272 1
0.812238 1.072466 2.091077 1
0.838585 1.041965 2.117026 1
0.865792 1.040824 2.087689 1
0.893011 0.999684 2.132808 1
0.920566 0.983611 2.131224 1
0.948716 0.957143 2.148476 1
0.976087 0.952303 2.126684 1
1.005489 0.917707 2.158048 1
1.034470 0.896053 2.166088 1
1.064303 0.869639 2.182236 1
1.095946 0.832440 2.216613 1
1.122366 0.839291 2.175285 1
1.156210 0.794059 2.222599 1
1.186360 0.777245 2.221513 1
0.394855 1.454550 1.984461 1
0.421762 1.447197 1.962471 1
0.443568 1.426859 1.971986 1
0.469125 1.416765 1.957391 1
0.492475 1.400350 1.957873 1
0.512707 1.372936 1.983494 1
0.536732 1.357348 1.981955 1
0.560616 1.340911 1.982425 1
0.578256 1.296356 2.044610 1
0.605795 1.293721 2.014569 1
0.632090 1.286837 1.994418 1
0.652320 1.244529 2.049686 1
0.679143 1.239962 2.024888 1
0.702772 1.212387 2.048220 1
0.727814 1.192871 2.054624 1
0.753394 1.176626 2.054336 1
0.778727 1.154678 2.065477 1
0.804481 1.134143 2.073624 1
0.830100 1.099722 2.108726 1
0.856877 1.091995 2.091583 1
0.883630 1.051881 2.136677 1
0.910856 1.035881 2.135287 1
0.938627 1.009419 2.153510 1
0.966601 0.988488 2.161140 1
0.994606 0.971659 2.161119 1
1.023952 0.941587 2.185117 1
1.053151 0.918954 2.195292 1
1.082904 0.894862 2.207864 1
1.109357 0.898504 2.171389 1
1.140451 0.868328 2.194548 1
1.173480 0.830199 2.230981 1
0.396431 1.511744 1.960261 1
0.422916 1.504324 1.938146 1
0.438372 1.469004 1.985691 1
0.462760 1.455827 1.978104 1
0.483733 1.432572 1.995051 1
0.515929 1.444439 1.928429 1
0.534360 1.412169 1.966875 1
0.550596 1.368255 2.031282 1
0.578264 1.366578 1.997919 1
0.598339 1.332356 2.038683 1
0.624237 1.323400 2.022400 1
0.648895 1.308448 2.019752 1
0.672074 1.283429 2.039057 1
0.696031 1.260621 2.053239 1
0.722037 1.252383 2.036324 1
0.746639 1.231156 2.047029 1
0.771328 1.206661 2.064299 1
0.796611 1.184630 2.076196 1
0.822484 1.168584 2.075782 1
0.848243 1.139545 2.101390 1
0.874616 1.110674 2.126148 1
0.901420 1.092932 2.128648 1
0.928406 1.076103 2.129361 1
0.955689 1.057056 2.134336 1
0.983532 1.033587 2.147611 1
1.011860 1.009281 2.162205 1
1.039741 0.993909 2.159941 1
1.067424 0.981590 2.152131 1
1.096911 0.956045 2.168541 1
1.129444 0.913135 2.215906 1
1.158876 0.895568 2.217160 1
1.186973 0.886830 2.202801 1
0.432262 1.508177 2.006751 1
0.458365 1.499697 1.986906 1
0.482734 1.487176 1.977868 1
0.509722 1.483063 1.948462 1
0.526187 1.445420 2.001579 1
0.548378 1.424486 2.013261 1
0.572447 1.409732 2.010101 1
0.595057 1.388444 2.022402 1
0.618553 1.369804 2.028374 1
0.641383 1.346379 2.045192 1
0.667673 1.341417 2.020129 1
0.691809 1.323845 2.023794 1
0.713926 1.288298 2.066918 1
0.738449 1.267247 2.077635 1
0.763413 1.247566 2.085233 1
0.789153 1.235717 2.076125 1
0.814480 1.215118 2.085615 1
0.840152 1.195644 2.092617 1
0.866084 1.174132 2.103691 1
0.892302 1.159229 2.101184 1
0.918996 1.131409 2.124654 1
0.946559 1.097083 2.160554 1
0.973163 1.090897 2.140554 1
0.998880 1.093809 2.103358 1
1.029478 1.041094 2.173764 1
1.059135 1.009140 2.203298 1
1.088384 0.985790 2.216075 1
1.113596 0.993204 2.171334 1
1.146368 0.950120 2.220586 1
1.176637 0.927156 2.232158 1
0.497596 1.503751 2.014899 1
0.528514 1.512004 1.953207 1
0.548794 1.487440 1.975429 1
0.568071 1.457167 2.011246 1
0.591703 1.441645 2.010318 1
0.615488 1.426448 2.008746 1
0.638441 1.406650 2.018224 1
0.663181 1.395430 2.007494 1
0.684155 1.360237 2.052498 1
0.708557 1.343835 2.053614 1
0.734036 1.335775 2.035993 1
0.758291 1.316402 2.044061 1
0.781399 1.277196 2.095626 1
0.807046 1.266501 2.084094 1
0.832924 1.264589 2.054031 1
0.857801 1.219015 2.117432 1
0.883748 1.216791 2.088454 1
0.909750 1.196752 2.097164 1
0.936329 1.170138 2.119231 1
0.963126 1.149154 2.129436 1
0.990929 1.119397 2.157090 1
1.017285 1.112305 2.139151 1
1.045338 1.088579 2.154341 1
1.075724 1.049843 2.198465 1
1.104984 1.025598 2.213799 1
1.133109 1.011395 2.209703 1
1.159746 1.006491 2.188160 1
1.190788 0.977663 2.211777 1
