ply
format ascii 1.0
element vertex 13256
property float x
property float y
property float z
property int scalar_Label
end_header
1.310932 0.079558 1.148685 6
1.343911 0.038016 1.230421 6
1.392394 0.000897 1.351476 6
1.519501 -0.017297 1.673445 6
1.723588 -0.011030 2.192629 6
1.852194 -0.014378 2.518902 6
1.877762 -0.040949 2.581152 6
1.862151 -0.079242 2.537471 6
1.871505 -0.110050 2.557571 6
1.751025 -0.187805 2.243186 8
1.829389 -0.194471 2.440210 8
1.847870 -0.222183 2.482874 8
1.845672 -0.258292 2.471880 8
1.862351 -0.285914 2.509412 8
1.880876 -0.311992 2.551534 8
1.869065 -0.353169 2.514646 8
1.878162 -0.383793 2.531732 8
1.888825 -0.413320 2.552640 8
1.878758 -0.455079 2.519105 8
1.877454 -0.492195 2.508049 8
1.880066 -0.527154 2.506885 8
1.885681 -0.560271 2.513277 8
1.870298 -0.608478 2.463925 8
1.852162 -0.660026 2.406675 8
1.808690 -0.732659 2.281501 7
1.872803 -0.721929 2.441587 7
1.884028 -0.751913 2.461050 7
1.890726 -0.785622 2.468134 7
1.891901 -0.824374 2.460045 7
1.264588 0.079441 1.186609 6
1.321890 0.041592 1.325984 6
1.359239 0.002795 1.415730 6
1.435425 -0.026283 1.601407 6
1.668194 -0.015591 2.175131 6
1.853954 -0.005600 2.632825 6
1.836273 -0.043606 2.585845 6
1.838325 -0.076609 2.587540 6
1.851608 -0.105958 2.616897 6
1.727413 -0.183646 2.303509 8
1.803382 -0.191629 2.488370 8
1.811462 -0.223522 2.503829 8
1.833675 -0.249124 2.554383 8
1.832443 -0.284531 2.546043 8
1.861886 -0.305432 2.614361 8
1.857777 -0.342132 2.598253 8
1.864305 -0.373623 2.608577 8
1.869410 -0.405853 2.615041 8
1.870902 -0.440235 2.612085 8
1.857182 -0.484210 2.570260 8
1.856082 -0.521156 2.559982 8
1.861659 -0.554042 2.566332 8
1.831610 -0.611843 2.481483 8
1.745924 -0.712088 2.253557 7
1.789502 -0.720149 2.355616 7
1.835548 -0.724247 2.464213 7
1.863576 -0.740773 2.526593 7
1.873453 -0.771399 2.542035 7
1.872150 -0.811666 2.528207 7
1.281771 0.042163 1.373536 6
1.322129 0.003842 1.467782 6
1.335425 -0.038131 1.496836 6
1.617263 -0.018996 2.170499 6
1.814503 -0.007582 2.641546 6
1.831380 -0.036185 2.679233 6
1.823400 -0.071519 2.656870 6
1.830838 -0.102418 2.671357 6
1.717879 -0.174890 2.395067 8
1.784629 -0.186320 2.552030 8
1.812015 -0.210252 2.613874 8
1.824438 -0.239332 2.639354 8
1.827207 -0.272316 2.641208 8
1.834084 -0.303455 2.652767 8
1.833704 -0.338096 2.646420 8
1.833498 -0.372924 2.640188 8
1.848956 -0.399449 2.671907 8
1.850905 -0.433218 2.670395 8
1.848108 -0.470037 2.656949 8
1.833917 -0.514467 2.615152 8
1.834804 -0.550135 2.610007 8
1.822890 -0.594825 2.572936 8
1.730660 -0.697401 2.336648 8
1.768366 -0.709886 2.421171 7
1.819630 -0.710366 2.539507 7
1.851938 -0.723417 2.610875 7
1.849556 -0.763531 2.595563 7
1.862290 -0.791421 2.617742 7
1.865717 -0.827232 2.616309 7
1.235846 0.041786 1.406002 6
1.279554 0.003837 1.505233 6
1.296568 -0.037453 1.542131 6
1.549863 -0.025943 2.128871 6
1.815181 0.000265 2.744177 6
1.807460 -0.034256 2.723489 6
1.785627 -0.073386 2.669578 6
1.814668 -0.097661 2.734174 6
1.740564 -0.155690 2.557399 8
1.767275 -0.180833 2.616039 8
1.766430 -0.215550 2.609948 8
1.792642 -0.239370 2.667098 8
1.810389 -0.265814 2.704237 8
1.812922 -0.298619 2.705401 8
1.821079 -0.328803 2.719566 8
1.800954 -0.373267 2.666712 8
1.818694 -0.398723 2.702998 8
1.836533 -0.423506 2.739376 8
1.821835 -0.466755 2.698347 8
1.829847 -0.497159 2.710922 8
1.821059 -0.538197 2.683207 8
1.798753 -0.589021 2.622788 8
1.793825 -0.629376 2.603428 8
1.720835 -0.719252 2.420271 7
1.776836 -0.717364 2.546365 7
1.818411 -0.723995 2.637975 7
1.841332 -0.743698 2.684624 7
1.837060 -0.785095 2.665252 7
1.838211 -0.822557 2.658651 7
1.409725 1.312630 1.857568 2
1.430059 1.257904 1.911257 2
1.437388 1.211011 1.934669 2
1.409333 1.181593 1.876801 2
1.421587 1.132958 1.910805 2
1.424472 1.089196 1.923044 2
1.421382 1.048248 1.921337 2
1.438448 0.999770 1.965159 2
1.431246 0.960955 1.953463 2
1.428732 0.920466 1.952126 2
1.432016 0.878276 1.963634 2
1.423181 0.839884 1.947387 2
1.432710 0.796446 1.972415 2
1.436703 0.754930 1.984598 2
1.437768 0.714375 1.989858 2
1.430047 0.675694 1.974993 2
1.443444 0.633184 2.007499 2
1.438940 0.594024 1.999322 2
1.453257 0.552403 2.033286 2
1.441575 0.514154 2.008368 2
1.442164 0.474464 2.010821 2
1.445991 0.434665 2.020283 2
1.445799 0.395208 2.020413 2
1.441587 0.355809 2.011209 2
1.448694 0.316354 2.027210 2
1.450026 0.277017 2.029930 2
1.443356 0.237268 2.014349 2
1.378217 0.192555 1.866788 2
1.188802 0.041214 1.435309 6
1.226378 0.001977 1.517812 6
1.260158 -0.036391 1.591515 6
1.508935 -0.026931 2.150603 6
1.773221 -0.002468 2.745236 6
1.785180 -0.032039 2.769745 6
1.797940 -0.060957 2.795871 6
1.795382 -0.094143 2.787100 6
1.718256 -0.152336 2.608918 8
1.719640 -0.186426 2.608406 8
1.745952 -0.211190 2.664321 8
1.755434 -0.241677 2.681808 8
1.776165 -0.267121 2.724734 8
1.795259 -0.292524 2.763794 8
1.795864 -0.326009 2.760451 8
1.782366 -0.366743 2.724560 8
1.803280 -0.390373 2.767221 8
1.800642 -0.426156 2.755665 8
1.802065 -0.460022 2.753160 8
1.804215 -0.493679 2.752061 8
1.802785 -0.529773 2.742426 8
1.777000 -0.582088 2.676097 8
1.774268 -0.620510 2.662706 8
1.695705 -0.712646 2.472633 7
1.750100 -0.712525 2.591302 7
1.798449 -0.714488 2.696122 7
1.814804 -0.739284 2.726229 7
1.819257 -0.773250 2.728253 7
1.802353 -0.825290 2.679703 7
1.415677 1.835318 1.889492 2
1.423656 1.780454 1.918489 2
1.440278 1.719762 1.966649 2
1.444366 1.670080 1.985783 2
1.431120 1.633921 1.965242 2
1.429679 1.589166 1.971137 2
1.435963 1.539516 1.994088 2
1.442296 1.490609 2.016731 2
1.436162 1.450375 2.010984 2
1.441758 1.403088 2.031225 2
1.452663 1.353364 2.062952 2
1.457631 1.307879 2.081013 2
1.440640 1.274770 2.049784 2
1.461646 1.221706 2.102892 2
1.459440 1.181305 2.103983 2
1.454663 1.142292 2.099084 2
1.462359 1.097837 2.121540 2
1.442210 1.065633 2.082068 2
1.476157 1.011425 2.161911 2
1.456502 0.978905 2.123024 2
1.474814 0.932496 2.167627 2
1.476893 0.892406 2.176126 2
1.471834 0.854755 2.168642 2
1.482193 0.812747 2.194786 2
1.466041 0.778168 2.162414 2
1.484194 0.734985 2.205096 2
1.478802 0.697730 2.195834 2
1.477786 0.659528 2.195913 2
1.479234 0.620977 2.201129 2
1.488889 0.581403 2.224049 2
1.490386 0.543335 2.228845 2
1.479138 0.506673 2.205505 2
1.477187 0.468848 2.202255 2
1.488701 0.430234 2.228189 2
1.488337 0.392557 2.227898 2
1.479095 0.354980 2.207949 2
1.482145 0.317136 2.214616 2
1.475070 0.279085 2.198896 2
1.471838 0.240914 2.191322 2
1.455299 0.201537 2.154391 2
1.147398 0.041436 1.476553 6
1.197506 0.004193 1.584157 6
1.209473 -0.038126 1.607997 6
1.657485 0.012110 2.587596 6
1.745810 -0.001733 2.779081 6
1.768154 -0.028624 2.825751 6
1.776242 -0.058606 2.840950 6
1.767547 -0.093419 2.819043 6
1.688861 -0.151500 2.642787 8
1.688329 -0.186183 2.638181 8
1.726002 -0.206903 2.717622 8
1.723142 -0.242035 2.707479 8
1.748159 -0.265866 2.758731 8
1.755609 -0.296479 2.770980 8
1.769164 -0.324125 2.796570 8
1.781891 -0.351764 2.820160 8
1.786075 -0.383415 2.824586 8
1.790835 -0.414812 2.830072 8
1.774868 -0.457873 2.789078 8
1.779173 -0.490135 2.793025 8
1.777181 -0.526327 2.782635 8
1.768773 -0.567012 2.757556 8
1.729516 -0.628828 2.662739 8
1.657657 -0.715362 2.493776 8
1.721710 -0.709244 2.630820 7
1.760510 -0.718838 2.711031 7
1.782710 -0.739491 2.753675 7
1.777883 -0.780757 2.734765 7
1.794121 -0.805498 2.763537 7
1.442466 1.826709 2.064142 2
1.469761 1.757217 2.134773 2
1.463248 1.716763 2.129980 2
1.472278 1.664479 2.159181 2
1.473824 1.618765 2.171466 2
1.473800 1.574748 2.179948 2
1.474175 1.530914 2.188972 2
1.485370 1.480280 2.221314 2
1.462530 1.452619 2.178988 2
1.481984 1.397944 2.228635 2
1.488624 1.352257 2.249964 2
1.471642 1.320791 2.219695 2
1.486966 1.271121 2.259225 2
1.484036 1.232098 2.258886 2
1.488229 1.189676 2.273661 2
1.469499 1.158706 2.238712 2
1.491182 1.108766 2.290599 2
1.464202 1.081101 2.237472 2
1.485843 1.032577 2.288620 2
1.466932 1.000925 2.252423 2
1.490196 0.953322 2.306403 2
1.472258 0.921008 2.271850 2
1.459701 0.886369 2.248623 2
1.467260 0.845403 2.268156 2
1.465099 0.807599 2.266665 2
1.466610 0.768932 2.272766 2
1.467841 0.730538 2.278016 2
1.471732 0.691777 2.288682 2
1.470791 0.654197 2.288811 2
1.485629 0.614105 2.322266 2
1.457224 0.580861 2.263511 2
1.463180 0.542352 2.277595 2
1.470725 0.504013 2.294809 2
1.479658 0.465951 2.314725 2
1.463630 0.429674 2.281386 2
1.454469 0.392506 2.262407 2
1.476191 0.354625 2.308766 2
1.465760 0.317344 2.286617 2
1.461037 0.279789 2.276353 2
1.474203 0.242982 2.303842 2
1.458927 0.204556 2.270689 2
1.161893 0.137904 1.638648 2
1.210813 0.099586 1.741232 2
1.119847 0.043565 1.546194 6
1.168061 0.006179 1.646762 6
1.196382 -0.032885 1.704809 6
1.628418 0.012736 2.622339 6
1.736947 0.003173 2.851437 6
1.748557 -0.026046 2.873979 6
1.751332 -0.057284 2.877497 6
1.746236 -0.090856 2.864005 6
1.645765 -0.155123 2.646390 8
1.664010 -0.183641 2.682182 8
1.681537 -0.211772 2.716287 8
1.695886 -0.240516 2.743431 8
1.708677 -0.269438 2.767072 8
1.730121 -0.294244 2.809154 8
1.733872 -0.326321 2.813039 8
1.732402 -0.360946 2.805461 8
1.760928 -0.380837 2.862395 8
1.749534 -0.420597 2.832965 8
1.755235 -0.451776 2.840242 8
1.749358 -0.489595 2.822195 8
1.749711 -0.524268 2.817398 8
1.760194 -0.552935 2.834406 8
1.726827 -0.609745 2.755581 8
1.668167 -0.685524 2.620910 8
1.687806 -0.710098 2.656949 7
1.736118 -0.713377 2.755833 7
1.769954 -0.725399 2.823052 7
1.769896 -0.762282 2.815580 7
1.767307 -0.801611 2.802220 7
1.483043 1.805623 2.260366 2
1.473630 1.768232 2.249508 2
1.478631 1.719247 2.269388 2
1.490292 1.665834 2.303163 2
1.471013 1.636928 2.270309 2
1.477653 1.588568 2.292646 2
1.484533 1.540831 2.315120 2
1.472979 1.506437 2.298046 2
1.464869 1.469631 2.288077 2
1.462560 1.429162 2.290165 2
1.479002 1.377556 2.331610 2
1.476523 1.338166 2.332733 2
1.460628 1.306534 2.305341 2
1.454492 1.269240 2.298306 2
1.458383 1.226822 2.312095 2
1.459714 1.186144 2.320227 2
1.437806 1.156696 2.279439 2
1.455171 1.109026 2.320626 2
1.465948 1.065188 2.347709 2
1.454272 1.031066 2.327661 2
1.463131 0.988888 2.350204 2
1.461735 0.950967 2.351121 2
1.452978 0.915639 2.336502 2
1.451142 0.877957 2.336056 2
1.461910 0.836718 2.361536 2
1.455026 0.800839 2.350145 2
1.449470 0.764482 2.341296 2
1.456748 0.725140 2.358810 2
1.459582 0.687139 2.366881 2
1.449948 0.651631 2.348934 2
1.461411 0.612437 2.374393 2
1.467609 0.574551 2.388731 2
1.462703 0.538305 2.379903 2
1.446826 0.502963 2.348207 2
1.456533 0.465092 2.369124 2
1.454738 0.428287 2.366074 2
1.461835 0.391151 2.381157 2
1.466281 0.354362 2.390549 2
1.458714 0.317640 2.374935 2
1.472557 0.281273 2.403285 2
1.455973 0.243861 2.368625 2
1.451952 0.206649 2.359668 2
1.221532 0.147551 1.882997 2
1.200585 0.103091 1.838489 2
1.077500 0.043523 1.582651 6
1.132319 0.007037 1.694103 6
1.165759 -0.031080 1.761177 6
1.616379 0.016750 2.691345 6
1.715967 0.005120 2.895550 6
1.714616 -0.027148 2.890682 6
1.736151 -0.053462 2.933070 6
1.722499 -0.089154 2.902313 6
1.654654 -0.142465 2.758752 8
1.655361 -0.176043 2.757247 8
1.643470 -0.214238 2.729317 8
1.659163 -0.242713 2.758585 8
1.680705 -0.268337 2.799909 8
1.678267 -0.303332 2.791050 8
1.707013 -0.324758 2.847159 8
1.726378 -0.349490 2.883567 8
1.721997 -0.385231 2.870089 8
1.734158 -0.412909 2.891091 8
1.731816 -0.448074 2.881453 8
1.724687 -0.486302 2.861490 8
1.718113 -0.524824 2.842418 8
1.736188 -0.548958 2.875153 8
1.691473 -0.612259 2.774842 8
1.652071 -0.674567 2.685197 8
1.635502 -0.723599 2.643498 7
1.715072 -0.705929 2.806154 7
1.757077 -0.712146 2.889077 7
1.743258 -0.758867 2.852710 7
1.738994 -0.799223 2.836429 7
1.741845 -0.834474 2.835117 7
1.415874 1.924307 2.211329 2
1.462507 1.836805 2.318936 2
1.457063 1.796195 2.316597 2
1.468149 1.742352 2.348543 2
1.465856 1.700184 2.352163 2
1.480730 1.645254 2.391218 2
1.449115 1.625985 2.333320 2
1.457764 1.576776 2.358826 2
1.455930 1.535684 2.362296 2
1.453666 1.495213 2.364611 2
1.441211 1.461595 2.345677 2
1.453645 1.412348 2.377737 2
1.466857 1.363595 2.411036 2
1.457111 1.328962 2.396944 2
1.442595 1.296834 2.372903 2
1.443648 1.256158 2.380502 2
1.446452 1.214954 2.391418 2
1.434445 1.181296 2.371906 2
1.429293 1.144230 2.366161 2
1.447820 1.096857 2.408312 2
1.460205 1.053102 2.437671 2
1.452177 1.018134 2.425372 2
1.433528 0.986968 2.391375 2
1.442367 0.945609 2.412831 2
1.437755 0.909226 2.406848 2
1.431031 0.873471 2.396397 2
1.440349 0.833039 2.418112 2
1.450223 0.793016 2.440701 2
1.432469 0.760224 2.407396 2
1.444945 0.720157 2.434782 2
1.443213 0.683563 2.433341 2
1.434547 0.648236 2.417754 2
1.451193 0.608673 2.452847 2
1.440080 0.573662 2.431937 2
1.434466 0.537626 2.421884 2
1.441126 0.500265 2.436275 2
1.448118 0.463209 2.451121 2
1.443980 0.427063 2.443421 2
1.442755 0.390681 2.441369 2
1.446196 0.354217 2.448475 2
1.439067 0.317791 2.434170 2
1.442311 0.281387 2.440478 2
1.443964 0.245018 2.443390 2
1.444529 0.208612 2.443918 2
1.251408 0.154006 2.055353 2
1.229524 0.110928 2.010275 2
1.045169 0.044808 1.638520 6
1.082001 0.005536 1.710800 6
1.104198 -0.034891 1.753469 6
1.582934 0.016310 2.714447 6
1.690533 0.005971 2.929170 6
1.711437 -0.020828 2.969342 6
1.699730 -0.055413 2.943653 6
1.697467 -0.087938 2.936799 6
1.612261 -0.146029 2.762295 8
1.586820 -0.188394 2.708073 8
1.609235 -0.215337 2.750349 8
1.641728 -0.237747 2.812918 8
1.629419 -0.276501 2.784618 8
1.642574 -0.305439 2.807728 8
1.658998 -0.332575 2.837339 8
1.692379 -0.351416 2.901318 8
1.692558 -0.384968 2.897642 8
1.699717 -0.415232 2.907999 8
1.692786 -0.452841 2.889406 8
1.697849 -0.484436 2.895095 8
1.696418 -0.519793 2.887293 8
1.684974 -0.561475 2.858710 8
1.702367 -0.586129 2.889110 8
1.621028 -0.673807 2.716049 8
1.619557 -0.712409 2.706941 7
1.663165 -0.720269 2.790778 7
1.723724 -0.714242 2.909845 7
1.730516 -0.745442 2.917556 7
1.729766 -0.782469 2.909384 7
1.723611 -0.824215 2.889682 7
1.293258 2.048072 2.062165 2
1.401911 1.903240 2.293973 2
1.429698 1.833411 2.359524 2
1.439862 1.780098 2.388660 2
1.470535 1.711425 2.459012 2
1.457996 1.678266 2.441318 2
1.439120 1.649715 2.410654 2
1.437226 1.608379 2.414106 2
1.453116 1.554918 2.453083 2
1.466845 1.504107 2.487332 2
1.452152 1.472937 2.464253 2
1.429781 1.446304 2.425661 2
1.432003 1.404063 2.436101 2
1.436951 1.360689 2.451715 2
1.424617 1.327586 2.432646 2
1.433777 1.282664 2.456147 2
1.431767 1.244234 2.457185 2
1.433136 1.204337 2.464706 2
1.420979 1.171165 2.445212 2
1.430548 1.127947 2.468519 2
1.434882 1.087642 2.481220 2
1.428458 1.052134 2.472463 2
1.433573 1.012133 2.486259 2
1.436117 0.973498 2.494763 2
1.431095 0.937757 2.488168 2
1.422605 0.903101 2.474570 2
1.443609 0.859423 2.518710 2
1.423455 0.828257 2.481832 2
1.437557 0.787570 2.511973 2
1.440441 0.750266 2.519900 2
1.427466 0.716631 2.496573 2
1.406785 0.684076 2.457999 2
1.418861 0.645055 2.483344 2
1.414996 0.609077 2.477308 2
1.425060 0.571167 2.498308 2
1.428657 0.534470 2.506467 2
1.444563 0.496846 2.538477 2
1.421782 0.462693 2.494735 2
1.419456 0.426599 2.490759 2
1.422801 0.390262 2.497667 2
1.422072 0.354120 2.496431 2
1.431933 0.318062 2.515681 2
1.427946 0.281977 2.507711 2
1.433227 0.246187 2.517646 2
1.445011 0.211052 2.540097 2
1.281783 0.160242 2.220529 2
1.214533 0.113495 2.088118 2
1.016335 0.046477 1.699490 6
1.029332 0.003694 1.723271 6
1.076569 -0.032679 1.813814 6
1.542668 0.014520 2.723921 6
1.674229 0.008723 2.979752 6
1.679725 -0.021544 2.988720 6
1.671675 -0.055180 2.970974 6
1.665639 -0.088710 2.956988 6
1.685237 -0.114944 2.993145 6
1.582055 -0.179872 2.787912 8
1.591451 -0.210831 2.803570 8
1.597504 -0.242773 2.812494 8
1.625159 -0.266322 2.863826 8
1.637114 -0.295250 2.884111 8
1.634921 -0.329916 2.876314 8
1.647304 -0.358329 2.897140 8
1.681130 -0.376299 2.960289 8
1.671193 -0.414627 2.936659 8
1.669514 -0.449375 2.929174 8
1.659846 -0.488757 2.905598 8
1.668926 -0.518317 2.919091 8
1.673295 -0.550498 2.923042 8
1.655178 -0.596429 2.881894 8
1.606540 -0.662757 2.779342 8
1.586345 -0.713088 2.733237 7
1.616221 -0.730792 2.787305 7
1.682983 -0.721563 2.915578 7
1.685699 -0.755973 2.915029 7
1.705122 -0.778101 2.948020 7
1.695002 -0.822558 2.921130 7
1.256250 2.095609 2.093301 2
1.359053 1.954756 2.307167 2
1.417463 1.857882 2.431680 2
1.438809 1.795402 2.482009 2
1.422977 1.764563 2.458456 2
1.427022 1.717869 2.473933 2
1.424247 1.677035 2.475700 2
1.437564 1.624700 2.508807 2
1.437195 1.583181 2.514751 2
1.431775 1.545543 2.510576 2
1.426089 1.508233 2.505679 2
1.424942 1.468140 2.509422 2
1.427936 1.425807 2.520993 2
1.422954 1.388718 2.516830 2
1.423649 1.348493 2.523475 2
1.406469 1.318470 2.495291 2
1.437362 1.262588 2.559910 2
1.422836 1.231371 2.536476 2
1.409366 1.199288 2.514941 2
1.419457 1.155980 2.538627 2
1.420770 1.117240 2.545181 2
1.425719 1.077271 2.558509 2
1.427888 1.038849 2.566287 2
1.429692 1.000872 2.573159 2
1.418160 0.967929 2.554287 2
1.423664 0.928976 2.567866 2
1.407550 0.897236 2.539904 2
1.407377 0.860308 2.542259 2
1.431870 0.816786 2.591512 2
1.408646 0.786480 2.549488 2
1.426131 0.745898 2.584949 2
1.427951 0.709471 2.590341 2
1.422816 0.674560 2.582307 2
1.407111 0.641350 2.553983 2
1.418113 0.603561 2.576323 2
1.416285 0.567973 2.574065 2
1.413346 0.532502 2.569523 2
1.418100 0.496274 2.579431 2
1.406286 0.461449 2.557674 2
1.404810 0.425666 2.555393 2
1.407660 0.389720 2.561158 2
1.411314 0.353896 2.568275 2
1.426373 0.318338 2.596887 2
1.413229 0.282530 2.571739 2
1.408945 0.246623 2.563250 2
1.407126 0.210692 2.559269 2
1.330033 0.167846 2.412019 2
1.204999 0.116547 2.173360 2
0.959728 0.044423 1.705672 6
0.994564 0.004588 1.770419 6
1.400884 0.029666 2.542129 6
1.520423 0.016215 2.768191 6
1.632393 0.005928 2.979886 6
1.671640 -0.016782 3.053010 6
1.667087 -0.049063 3.042513 6
1.658416 -0.082772 3.023985 6
1.671587 -0.110540 3.047001 6
1.559583 -0.177298 2.830576 8
1.558641 -0.211595 2.826144 8
1.548076 -0.249526 2.803105 8
1.567778 -0.276650 2.837875 8
1.583720 -0.304629 2.865325 8
1.589336 -0.336464 2.872823 8
1.615735 -0.359092 2.920135 8
1.643043 -0.380380 2.969135 8
1.661519 -0.404991 3.001056 8
1.654975 -0.441703 2.984589 8
1.651911 -0.477109 2.974633 8
1.647821 -0.513473 2.962487 8
1.639877 -0.552501 2.942656 8
1.633373 -0.591313 2.925381 8
1.645753 -0.619045 2.944591 8
1.554068 -0.713256 2.760959 7
1.589268 -0.727737 2.824103 7
1.646307 -0.725916 2.929965 7
1.663108 -0.750398 2.957216 7
1.682370 -0.772641 2.989206 7
1.672791 -0.816241 2.964416 7
1.259337 2.156740 2.193055 2
1.244120 2.120719 2.172771 2
1.289617 2.030444 2.269824 2
1.361285 1.920419 2.416702 2
1.415864 1.828928 2.529749 2
1.419642 1.782152 2.544412 2
1.436086 1.726028 2.583087 2
1.427331 1.690538 2.573142 2
1.424307 1.650824 2.573972 2
1.418648 1.613309 2.569559 2
1.411760 1.576812 2.562617 2
1.396036 1.546366 2.538700 2
1.390294 1.509089 2.533595 2
1.404902 1.459132 2.566849 2
1.406382 1.418157 2.574971 2
1.421422 1.369671 2.608477 2
1.420667 1.331059 2.611911 2
1.416078 1.294799 2.607927 2
1.407927 1.260484 2.597071 2
1.401713 1.225141 2.589694 2
1.380148 1.197106 2.553359 2
1.392117 1.153175 2.579748 2
1.399758 1.111876 2.597796 2
1.417062 1.067148 2.633690 2
1.411605 1.032274 2.626828 2
1.417484 0.993179 2.640955 2
1.398392 0.963262 2.608340 2
1.402105 0.925230 2.618080 2
1.410849 0.885970 2.636995 2
1.395932 0.854057 2.611715 2
1.391511 0.818872 2.605806 2
1.407171 0.778665 2.637027 2
1.403519 0.743622 2.632202 2
1.407463 0.706970 2.641306 2
1.398403 0.673028 2.626127 2
1.407099 0.635836 2.643705 2
1.403609 0.600883 2.638529 2
1.383818 0.567959 2.603009 2
1.389230 0.531580 2.614005 2
1.396055 0.495346 2.627449 2
1.405379 0.459254 2.645349 2
1.395158 0.424529 2.626919 2
1.393801 0.389164 2.624731 2
1.403123 0.353655 2.642137 2
1.381592 0.318215 2.602306 2
1.383610 0.282617 2.605876 2
1.399957 0.247789 2.635798 2
1.387071 0.211564 2.611469 2
1.348187 0.172487 2.538853 2
1.209325 0.120971 2.280946 2
1.172928 0.077051 2.212474 3
1.162228 0.035422 2.191376 3
1.366474 0.029416 2.568418 6
1.481600 0.014699 2.780377 6
1.585875 0.002229 2.972247 6
1.636633 -0.018368 3.064844 6
1.633501 -0.050405 3.057326 6
1.635212 -0.081380 3.058653 6
1.647522 -0.109348 3.079546 6
1.529082 -0.177350 2.857013 8
1.522661 -0.213429 2.842598 8
1.533185 -0.244001 2.859585 8
1.526017 -0.280868 2.843436 8
1.560133 -0.302057 2.904187 8
1.559503 -0.336342 2.899949 8
1.592136 -0.356442 2.957781 8
1.616080 -0.379326 2.999304 8
1.610717 -0.415352 2.985796 8
1.614536 -0.447272 2.989336 8
1.611700 -0.482720 2.980209 8
1.618601 -0.513284 2.989226 8
1.612274 -0.551249 2.973161 8
1.608276 -0.588409 2.961280 8
1.629788 -0.610567 2.997429 8
1.529910 -0.708420 2.803609 7
1.572791 -0.718083 2.879805 7
1.626845 -0.718601 2.977304 7
1.632361 -0.750841 2.982562 7
1.652966 -0.772307 3.016434 7
1.656430 -0.805937 3.017497 7
1.258491 2.121362 2.299866 2
1.229707 2.098435 2.254060 2
1.311599 1.977965 2.416295 2
1.381160 1.872601 2.554453 2
1.414676 1.800910 2.624329 2
1.419192 1.754569 2.639526 2
1.410184 1.719432 2.629245 2
1.400813 1.684606 2.618123 2
1.387853 1.652408 2.600177 2
1.400306 1.602069 2.629221 2
1.388219 1.569508 2.612543 2
1.367247 1.542676 2.579311 2
1.396617 1.483094 2.638879 2
1.392221 1.446025 2.635872 2
1.385763 1.410339 2.628896 2
1.389243 1.369005 2.640015 2
1.387288 1.331140 2.640953 2
1.382757 1.294862 2.636993 2
1.375390 1.260125 2.627681 2
1.377741 1.220612 2.635978 2
1.380832 1.181119 2.645432 2
1.373630 1.146599 2.635931 2
1.376067 1.107918 2.643839 2
1.389766 1.065006 2.672057 2
1.358920 1.039992 2.619077 2
1.381608 0.994437 2.663263 2
1.374036 0.960396 2.652299 2
1.382280 0.921112 2.669870 2
1.380230 0.885451 2.668604 2
1.378301 0.849830 2.667402 2
1.356756 0.819451 2.630548 2
1.375709 0.778480 2.666822 2
1.355184 0.747228 2.631546 2
1.366607 0.708755 2.653865 2
1.372905 0.671781 2.666753 2
1.372526 0.636252 2.667429 2
1.355694 0.603188 2.638265 2
1.364132 0.566354 2.654547 2
1.343270 0.533038 2.617834 2
1.367498 0.495033 2.662273 2
1.365210 0.459811 2.658751 2
1.380512 0.423682 2.686780 2
1.372143 0.388859 2.671996 2
1.366534 0.353700 2.662039 2
1.365431 0.318372 2.660050 2
1.363925 0.282984 2.657187 2
1.360698 0.247440 2.651071 2
1.363722 0.212171 2.656068 2
1.267324 0.168312 2.481684 3
1.197258 0.123472 2.354550 2
1.127064 0.075831 2.226955 3
1.118986 0.034428 2.211187 3
1.335170 0.029661 2.600004 6
1.463927 0.017115 2.831108 6
1.589845 0.008949 3.057142 6
1.605459 -0.019072 3.083894 6
1.597553 -0.052310 3.068005 6
1.602261 -0.082646 3.074790 6
1.604272 -0.113679 3.076561 6
1.498632 -0.177432 2.883142 8
1.490978 -0.213857 2.866971 8
1.495571 -0.246538 2.872852 8
1.495380 -0.280943 2.869904 8
1.514982 -0.307926 2.902782 8
1.532659 -0.335076 2.932067 8
1.544622 -0.364128 2.950850 8
1.589716 -0.378110 3.029929 8
1.574494 -0.418596 2.998934 8
1.595554 -0.442239 3.034020 8
1.589279 -0.479145 3.019024 8
1.573488 -0.521611 2.986406 8
1.587448 -0.548594 3.008121 8
1.584947 -0.584687 2.999499 8
1.583922 -0.620294 2.993409 8
1.486631 -0.715666 2.809796 7
1.531993 -0.724444 2.888656 7
1.585201 -0.726344 2.982092 7
1.635680 -0.728057 3.070613 7
1.601627 -0.787605 3.002523 7
1.634750 -0.800023 3.058804 7
1.622255 -0.845654 3.030225 7
1.209633 2.131037 2.313950 2
1.316726 1.987761 2.517908 2
1.357780 1.906912 2.600123 2
1.376896 1.846863 2.641792 2
1.370750 1.808681 2.637125 2
1.371912 1.764957 2.645552 2
1.360227 1.731552 2.630466 2
1.354595 1.693585 2.626197 2
1.375321 1.636908 2.669375 2
1.366276 1.602250 2.658531 2
1.349701 1.572646 2.633982 2
1.372003 1.517436 2.679227 2
1.365573 1.481610 2.672582 2
1.362957 1.443546 2.672620 2
1.355423 1.408583 2.663684 2
1.364594 1.364213 2.684467 2
1.365162 1.325206 2.689670 2
1.349459 1.294994 2.665683 2
1.351862 1.255354 2.673840 2
1.369238 1.208909 2.708456 2
1.382514 1.165317 2.735551 2
1.345649 1.144486 2.673416 2
1.345949 1.106853 2.677168 2
1.350430 1.067791 2.688165 2
1.339888 1.034791 2.672394 2
1.365382 0.988681 2.720242 2
1.353732 0.956317 2.702211 2
1.360328 0.917863 2.716285 2
1.338915 0.888186 2.680758 2
1.351483 0.848355 2.705068 2
1.353183 0.811973 2.710045 2
1.380816 0.769577 2.760556 2
1.336702 0.744171 2.684542 2
1.334057 0.708840 2.681442 2
1.356100 0.669028 2.721633 2
1.354629 0.633973 2.720300 2
1.349980 0.599397 2.713241 2
1.333211 0.566216 2.684748 2
1.347158 0.529237 2.710093 2
1.338724 0.494762 2.695974 2
1.347414 0.458867 2.711795 2
1.334639 0.424358 2.689778 2
1.353853 0.388473 2.723795 2
1.343765 0.353613 2.706221 2
1.364983 0.318671 2.743476 2
1.336192 0.283105 2.692785 2
1.336266 0.247801 2.692636 2
1.348598 0.213294 2.713874 3
1.328479 0.176442 2.677979 3
1.300233 0.137926 2.627649 2
1.109898 0.078189 2.292302 3
1.102356 0.037252 2.277942 3
1.312285 0.031237 2.645838 6
1.433971 0.017190 2.858623 6
1.558934 0.008402 3.077216 6
1.586766 -0.017033 3.124853 6
1.594956 -0.046192 3.137810 6
1.574865 -0.082465 3.100805 6
1.585662 -0.111032 3.118109 6
1.468350 -0.177505 2.909205 8
1.471252 -0.210516 2.912198 8
1.481517 -0.241079 2.928071 8
1.458345 -0.283355 2.884685 8
1.461880 -0.316646 2.888366 8
1.521175 -0.327805 2.990719 8
1.518098 -0.362829 2.982493 8
1.547068 -0.384135 3.031008 8
1.566146 -0.409004 3.061902 8
1.571102 -0.440076 3.067595 8
1.551540 -0.483429 3.029492 8
1.544002 -0.521574 3.012599 8
1.560532 -0.547246 3.038493 8
1.545681 -0.590156 3.008203 8
1.531482 -0.633595 2.978850 8
1.530918 -0.669674 2.973709 8
1.513473 -0.716682 2.938093 7
1.566485 -0.719001 3.028886 7
1.581947 -0.744539 3.052186 7
1.602597 -0.766128 3.084759 7
1.591850 -0.809640 3.060560 7
1.592015 -0.845937 3.055865 7
1.252088 2.106638 2.484282 2
1.284316 2.030666 2.549001 2
1.309270 1.963123 2.600307 2
1.331609 1.899519 2.646569 2
1.350094 1.840643 2.685629 2
1.335006 1.809792 2.664942 2
1.346933 1.757882 2.691875 2
1.333717 1.725795 2.674193 2
1.350052 1.672096 2.708423 2
1.329416 1.645565 2.677384 2
1.339485 1.597597 2.700162 2
1.339059 1.557384 2.704310 2
1.323688 1.527061 2.682131 2
1.336346 1.479155 2.708829 2
1.341261 1.436742 2.721782 2
1.332219 1.402880 2.710220 2
1.321728 1.369753 2.696010 2
1.339508 1.321441 2.730829 2
1.322342 1.292036 2.704732 2
1.341103 1.244552 2.740859 2
1.339558 1.207657 2.741577 2
1.345550 1.167552 2.755194 2
1.318204 1.142281 2.710990 2
1.312958 1.107067 2.704906 2
1.337190 1.060339 2.749572 2
1.332076 1.025662 2.743410 2
1.316577 0.994625 2.719221 2
1.332536 0.952722 2.749102 2
1.332864 0.916495 2.751905 2
1.333088 0.880470 2.754389 2
1.316164 0.849298 2.727263 2
1.346332 0.805622 2.780924 2
1.327290 0.774820 2.749909 2
1.334234 0.737784 2.763387 2
1.327809 0.703760 2.753788 2
1.316851 0.670399 2.736295 2
1.329970 0.632872 2.759948 2
1.333525 0.597265 2.767069 2
1.312786 0.564822 2.732444 2
1.330988 0.527647 2.764391 2
1.327333 0.493048 2.758775 2
1.312303 0.459099 2.733559 2
1.328604 0.423154 2.761849 2
1.319545 0.388554 2.746601 2
1.340455 0.353348 2.782515 2
1.328359 0.318621 2.761814 2
1.330359 0.283832 2.765107 2
1.309280 0.248024 2.728774 2
1.326033 0.213882 2.757062 3
1.210753 0.169209 2.559180 2
1.335099 0.144859 2.771432 2
1.071140 0.077816 2.318541 3
1.093468 0.041046 2.355770 3
1.298964 0.034263 2.706808 6
1.390285 0.014788 2.862198 6
1.509415 0.004175 3.065280 6
1.570818 -0.014497 3.169358 6
1.579081 -0.043439 3.182188 6
1.552823 -0.080959 3.135618 6
1.563986 -0.109350 3.153196 6
1.444627 -0.175693 2.946210 6
1.447152 -0.208700 2.948582 8
1.442180 -0.244246 2.937920 8
1.458219 -0.272762 2.963323 8
1.468575 -0.302926 2.978835 8
1.471537 -0.335749 2.981479 8
1.500552 -0.357944 3.029007 8
1.528606 -0.379593 3.074830 8
1.532388 -0.411259 3.078599 8
1.514836 -0.453032 3.045281 8
1.534420 -0.477499 3.076173 8
1.526138 -0.515660 3.058613 8
1.513154 -0.556911 3.032705 8
1.505068 -0.596252 3.015122 8
1.511275 -0.627997 3.022265 8
1.513443 -0.662170 3.022238 8
1.492317 -0.710910 2.981366 7
1.537749 -0.718403 3.056697 7
1.587822 -0.721193 3.140231 7
1.538483 -0.789882 3.049403 7
1.546331 -0.820846 3.058666 7
1.556776 -0.849937 3.072380 7
1.237530 2.086755 2.555219 2
1.268603 2.013033 2.615723 2
1.297022 1.943591 2.671216 2
1.330546 1.871790 2.735144 2
1.312699 1.843272 2.710071 2
1.302016 1.808829 2.697249 2
1.298857 1.768669 2.697234 2
1.306365 1.720972 2.715360 2
1.299539 1.684257 2.708706 2
1.317529 1.630503 2.744368 2
1.305316 1.598146 2.728172 2
1.317136 1.550066 2.752866 2
1.323729 1.506129 2.768435 2
1.296263 1.483449 2.725867 2
1.286604 1.449538 2.713517 2
1.292736 1.406639 2.727853 2
1.309884 1.358314 2.760683 2
1.311223 1.319256 2.766526 2
1.301515 1.286088 2.753531 2
1.301698 1.248020 2.757139 2
1.303626 1.209408 2.763547 2
1.288719 1.178575 2.741416 2
1.290716 1.140229 2.747674 2
1.297546 1.100233 2.761922 2
1.327186 1.051949 2.814384 2
1.316663 1.019665 2.799129 2
1.306836 0.986919 2.784937 2
1.308785 0.950128 2.790403 2
1.298504 0.917333 2.775222 2
1.319585 0.875263 2.812505 2
1.313840 0.841361 2.804678 2
1.311910 0.806421 2.803126 2
1.286553 0.776958 2.762244 2
1.318116 0.734543 2.816496 2
1.311179 0.700890 2.806202 2
1.294127 0.668849 2.778888 2
1.302465 0.632277 2.793898 2
1.320368 0.594767 2.824756 2
1.314500 0.560838 2.815780 2
1.317976 0.525803 2.822291 2
1.304227 0.492373 2.799928 2
1.314307 0.456941 2.817225 2
1.304809 0.422813 2.801728 2
1.319483 0.387690 2.826450 2
1.301078 0.353425 2.795856 2
1.298462 0.318633 2.791490 2
1.299297 0.283835 2.792765 2
1.316476 0.249806 2.821198 2
1.318034 0.215381 2.823446 3
1.335665 0.182314 2.852407 3
1.188567 0.133164 2.606228 2
1.053771 0.080000 2.380365 3
1.050652 0.039998 2.374212 3
1.234743 0.029179 2.680738 6
1.382833 0.018801 2.927160 6
1.510936 0.009974 3.140223 6
1.179062 -0.092058 2.583882 6
1.492065 -0.057281 3.106188 6
1.540341 -0.077139 3.185618 6
1.546686 -0.106579 3.194771 6
1.534040 -0.141370 3.171994 6
1.500072 -0.183319 3.113315 6
1.439628 -0.235343 3.010012 8
1.440841 -0.268531 3.010009 8
1.455765 -0.296832 3.032933 8
1.471847 -0.324283 3.057720 8
1.450677 -0.366328 3.019717 8
1.485024 -0.385892 3.075070 8
1.513282 -0.407001 3.120132 8
1.503085 -0.444999 3.100245 8
1.500397 -0.479995 3.092884 8
1.501951 -0.513194 3.092563 8
1.492736 -0.552204 3.073881 8
1.487231 -0.589825 3.061320 8
1.474549 -0.631985 3.036421 8
1.465292 -0.672945 3.017152 8
1.506894 -0.683774 3.084232 7
1.506012 -0.719788 3.078974 7
1.572094 -0.712752 3.187806 7
1.550489 -0.761916 3.147009 7
1.503276 -0.830040 3.062149 7
1.535856 -0.843678 3.113614 7
1.186162 2.100127 2.561449 2
1.263528 1.987049 2.698099 2
1.289729 1.920752 2.747935 2
1.300978 1.868284 2.772300 2
1.275875 1.845468 2.735417 2
1.274004 1.804195 2.737424 2
1.267088 1.767045 2.730829 2
1.282393 1.713978 2.761222 2
1.292070 1.665935 2.781986 2
1.278478 1.634508 2.763787 2
1.277193 1.594788 2.765965 2
1.262583 1.563870 2.745859 2
1.270353 1.518909 2.762797 2
1.264636 1.482642 2.757203 2
1.275514 1.436927 2.778953 2
1.275512 1.398002 2.782530 2
1.289875 1.351699 2.809692 2
1.273255 1.322194 2.785549 2
1.283819 1.278858 2.806130 2
1.277611 1.244163 2.798926 2
1.259454 1.214910 2.771955 2
1.271515 1.172023 2.794571 2
1.269437 1.135716 2.793806 2
1.284400 1.092779 2.820884 2
1.298028 1.051123 2.845608 2
1.258671 1.029190 2.783364 2
1.271650 0.988159 2.806779 2
1.265431 0.953952 2.798632 2
1.272998 0.915508 2.812922 2
1.254484 0.884893 2.784452 2
1.266900 0.845537 2.806423 2
1.269801 0.809118 2.812722 2
1.263586 0.775007 2.804024 2
1.284255 0.735150 2.839073 2
1.283957 0.700162 2.839796 2
1.279303 0.666008 2.833303 2
1.285301 0.630123 2.844064 2
1.301186 0.593188 2.870814 2
1.282047 0.561026 2.840398 2
1.268819 0.527635 2.819512 2
1.285649 0.491361 2.847460 2
1.281900 0.457043 2.841791 2
1.265955 0.423171 2.816164 2
1.285482 0.387780 2.848164 2
1.286811 0.353274 2.850435 2
1.270961 0.318665 2.824639 2
1.290024 0.284426 2.855557 2
1.287798 0.249900 2.851717 2
1.285699 0.215280 2.847975 3
1.334733 0.184723 2.927372 3
1.187423 0.136331 2.686970 2
1.192045 0.100445 2.693813 2
1.092558 0.050497 2.530939 6
1.488666 0.073351 3.175457 6
1.493958 0.043136 3.183206 6
1.510000 0.015093 3.208390 6
1.513109 -0.015151 3.212398 6
1.511237 -0.046506 3.208182 6
1.489817 -0.082843 3.171947 6
1.494736 -0.113106 3.178601 6
1.411888 -0.168185 3.041714 8
1.404817 -0.203588 3.028491 8
1.426631 -0.230126 3.062408 8
1.441890 -0.258218 3.085528 8
1.404036 -0.304949 3.021544 8
1.446961 -0.322763 3.089813 8
1.467372 -0.348052 3.121130 8
1.464603 -0.382389 3.114319 8
1.493368 -0.403289 3.159217 8
1.493295 -0.436396 3.156642 8
1.477277 -0.477287 3.127697 8
1.465370 -0.516998 3.105359 8
1.455128 -0.556560 3.085609 8
1.440165 -0.599301 3.057905 8
1.454408 -0.626708 3.078309 8
1.465356 -0.655703 3.093184 7
1.488346 -0.677363 3.127928 7
1.464190 -0.727412 3.084410 7
1.370287 -0.823191 2.924787 7
1.413462 -0.833052 2.992644 7
1.494068 -0.816010 3.122900 7
1.493430 -0.852789 3.117868 7
1.128923 2.118218 2.559065 2
1.203044 2.008736 2.686424 2
1.280021 1.900804 2.817885 2
1.242687 1.887889 2.761747 2
1.247808 1.840903 2.774991 2
1.256977 1.791550 2.794654 2
1.236684 1.764573 2.766128 2
1.261871 1.704867 2.811522 2
1.241957 1.677691 2.783389 2
1.237136 1.639989 2.779684 2
1.242155 1.596098 2.791797 2
1.242351 1.555795 2.795943 2
1.249281 1.511767 2.810837 2
1.243968 1.475520 2.805801 2
1.223147 1.448142 2.775640 2
1.243407 1.397835 2.811604 2
1.241399 1.360329 2.811532 2
1.269153 1.307966 2.859198 2
1.241847 1.283733 2.818203 2
1.245562 1.244207 2.826953 2
1.225956 1.215509 2.798174 2
1.258706 1.163854 2.853221 2
1.241509 1.134123 2.828096 2
1.246045 1.095460 2.837668 2
1.223261 1.067324 2.803437 2
1.251305 1.020579 2.850349 2
1.237954 0.988901 2.830996 2
1.251194 0.948496 2.853992 2
1.240022 0.915998 2.837919 2
1.230740 0.882710 2.824771 2
1.257664 0.839783 2.869213 2
1.265638 0.802562 2.883331 2
1.231844 0.775113 2.830847 2
1.255721 0.734665 2.870066 2
1.264851 0.697953 2.885698 2
1.262233 0.663659 2.882535 2
1.258822 0.629472 2.878013 2
1.261855 0.594373 2.883633 2
1.257434 0.560312 2.877307 2
1.259314 0.525530 2.880893 2
1.261493 0.490839 2.884851 2
1.241209 0.457665 2.853037 2
1.264909 0.421838 2.890971 2
1.238557 0.388215 2.849327 2
1.256893 0.353268 2.878541 2
1.275640 0.318981 2.908308 2
1.260929 0.284465 2.884850 2
1.279697 0.250903 2.914454 2
1.279281 0.216792 2.913498 3
1.281117 0.182818 2.916021 3
1.273909 0.147984 2.904078 3
1.179508 0.102729 2.753494 2
1.053646 0.049819 2.552744 6
1.478666 0.076007 3.227486 6
1.462279 0.042413 3.200629 6
1.457648 0.010365 3.192365 6
1.468681 -0.018704 3.208928 6
1.482480 -0.046843 3.229815 6
1.459001 -0.083613 3.191262 6
1.469425 -0.112508 3.206600 6
1.411743 -0.160135 3.113295 8
1.382303 -0.201608 3.064840 8
1.397665 -0.230155 3.087726 8
1.398863 -0.263014 3.087924 8
1.415642 -0.290483 3.112918 8
1.425182 -0.320178 3.126269 8
1.427454 -0.352525 3.127912 8
1.453114 -0.375388 3.166903 8
1.454260 -0.407970 3.166572 8
1.464954 -0.436430 3.181451 8
1.448834 -0.477205 3.153216 8
1.422159 -0.523956 3.107870 8
1.441362 -0.548767 3.136106 8
1.440174 -0.583782 3.131468 8
1.422545 -0.628061 3.100225 8
1.450867 -0.647330 3.142916 7
1.450406 -0.682586 3.139117 7
1.443980 -0.721758 3.125555 7
1.454132 -0.751109 3.138674 7
1.428995 -0.803175 3.094532 7
1.420235 -0.845676 3.076730 7
1.469305 -0.849064 3.152703 7
1.115062 2.098942 2.627614 2
1.157159 2.017699 2.700019 2
1.236671 1.908722 2.831748 2
1.218863 1.879927 2.807923 2
1.222390 1.834571 2.817971 2
1.215730 1.797348 2.811674 2
1.228436 1.746347 2.835989 2
1.218036 1.712415 2.823504 2
1.221573 1.669006 2.832979 2
1.256076 1.605796 2.891251 2
1.264061 1.561223 2.907402 2
1.271047 1.517933 2.921823 2
1.270409 1.479793 2.924090 2
1.261768 1.446550 2.913645 2
1.261848 1.408418 2.916819 2
1.236847 1.384033 2.880487 2
1.254580 1.336860 2.911165 2
1.267068 1.293252 2.933456 2
1.243130 1.267808 2.898549 2
1.249800 1.227632 2.911496 2
1.262235 1.185402 2.933333 2
1.250713 1.153965 2.917600 2
1.243323 1.120642 2.908239 2
1.271508 1.073572 2.954301 2
1.242345 1.048716 2.910776 2
1.230905 1.016808 2.894827 2
1.248580 0.975071 2.924143 2
1.231997 0.944789 2.900002 2
1.240719 0.906651 2.915161 2
1.231439 0.873915 2.902213 2
1.252396 0.833220 2.936181 2
1.245843 0.799967 2.927282 2
1.237353 0.767020 2.915289 2
1.258274 0.727912 2.948871 2
1.239347 0.697018 2.920494 2
1.236201 0.662900 2.916525 2
1.248165 0.626492 2.935905 2
1.236296 0.593720 2.918225 2
1.223839 0.560659 2.899548 2
1.241163 0.524337 2.926952 2
1.217485 0.491909 2.890707 2
1.234437 0.456191 2.917345 2
1.239590 0.421616 2.925602 2
1.220388 0.387883 2.896030 2
1.219623 0.353327 2.894936 2
1.238784 0.318923 2.924625 2
1.232668 0.284522 2.915057 2
1.222218 0.249704 2.898683 2
1.254400 0.217117 2.948282 3
1.251237 0.182839 2.943020 3
1.268900 0.150425 2.969949 3
1.175426 0.105893 2.824489 2
1.002021 0.047469 2.554926 6
1.464222 0.077900 3.271033 6
1.428319 0.041315 3.214603 6
1.466324 0.017058 3.272761 6
1.437708 -0.019437 3.227445 6
1.424930 -0.053546 3.206609 6
1.434268 -0.082931 3.220036 6
1.420296 -0.118065 3.197157 6
1.359631 -0.166635 3.101560 8
1.393997 -0.189710 3.153635 8
1.375835 -0.227997 3.123907 8
1.374769 -0.261461 3.120682 8
1.384160 -0.291483 3.133660 8
1.384691 -0.324559 3.132747 8
1.403293 -0.350838 3.159937 8
1.438546 -0.369893 3.213072 8
1.425792 -0.408056 3.191175 8
1.405633 -0.450153 3.157573 8
1.417482 -0.478510 3.173918 8
1.414737 -0.513613 3.167333 8
1.375900 -0.567007 3.104063 8
1.370473 -0.604862 3.093004 8
1.367732 -0.641738 3.086041 8
1.423444 -0.646480 3.170850 7
1.435051 -0.674692 3.186322 7
1.423872 -0.716293 3.165830 7
1.412051 -0.759025 3.144178 7
1.398501 -0.803636 3.119643 7
1.397009 -0.841201 3.114001 7
1.417273 -0.864429 3.142661 7
0.976636 2.135918 2.504800 2
1.254405 1.868122 2.941053 2
1.249646 1.830275 2.937695 2
1.252094 1.787265 2.945393 2
1.244702 1.751936 2.937727 2
1.227562 1.723591 2.914901 2
1.243997 1.671887 2.943844 2
1.257200 1.623382 2.967627 2
1.234478 1.598967 2.935914 2
1.224036 1.566301 2.923057 2
1.235311 1.520398 2.943499 2
1.226157 1.487234 2.932425 2
1.225377 1.449276 2.934116 2
1.231589 1.407758 2.946418 2
1.238323 1.366488 2.959395 2
1.218055 1.339483 2.930941 2
1.213131 1.304454 2.925890 2
1.226890 1.260690 2.949290 2
1.241600 1.217252 2.974009 2
1.232393 1.184958 2.962117 2
1.209883 1.158059 2.929875 2
1.206565 1.122925 2.926815 2
1.236494 1.075288 2.974273 2
1.219004 1.046006 2.949447 2
1.195485 1.018328 2.915391 2
1.210272 0.977557 2.939495 2
1.214626 0.940670 2.947637 2
1.221009 0.903503 2.958763 2
1.176452 0.880473 2.892495 2
1.206002 0.837274 2.938599 2
1.200996 0.803360 2.932188 2
1.189145 0.770871 2.915318 2
1.213501 0.730838 2.953234 2
1.203863 0.697948 2.939550 2
1.207323 0.662651 2.945625 2
1.203341 0.628648 2.940344 2
1.207350 0.593540 2.947078 2
1.212553 0.558497 2.955532 2
1.216920 0.523769 2.962634 2
1.209559 0.490148 2.951911 2
1.209575 0.455863 2.952264 2
1.200124 0.422016 2.938218 2
1.191438 0.387843 2.925245 2
1.208114 0.353163 2.950549 2
1.190552 0.318767 2.923989 2
1.206936 0.284641 2.948685 2
1.225668 0.251169 2.976853 2
1.207920 0.216119 2.949760 3
1.218409 0.182622 2.965298 3
1.234675 0.150002 2.989498 3
0.899576 0.078383 2.481917 3
0.933518 0.042986 2.532619 6
1.119825 0.031135 2.813910 6
1.417355 0.044023 3.263668 6
1.430360 0.015397 3.282622 6
1.406523 -0.020209 3.245690 6
1.407725 -0.051296 3.246609 6
1.415626 -0.080861 3.257609 6
1.414395 -0.112555 3.254689 6
1.412395 -0.144609 3.250522 6
1.372676 -0.187720 3.189012 8
1.349694 -0.227255 3.152784 8
1.379709 -0.250582 3.196973 8
1.355257 -0.291602 3.158314 8
1.373874 -0.318150 3.185051 8
1.382602 -0.347927 3.196681 8
1.372253 -0.385123 3.179185 8
1.373540 -0.418051 3.179316 8
1.392568 -0.443431 3.206421 8
1.385183 -0.480245 3.193164 8
1.360016 -0.525917 3.152638 8
1.333276 -0.573528 3.109556 8
1.353118 -0.598687 3.137580 8
1.333277 -0.644282 3.104795 8
1.343397 -0.674503 3.117777 8
1.405319 -0.675253 3.210153 7
1.399764 -0.713406 3.199000 7
1.367361 -0.768323 3.146463 7
1.371531 -0.801939 3.149994 7
1.380634 -0.832514 3.161031 7
1.400237 -0.856050 3.188184 7
1.064655 2.127413 2.719457 2
1.067549 2.078869 2.728169 2
1.100655 2.006806 2.782507 2
1.219776 1.869699 2.966739 2
1.181668 1.857125 2.912789 2
1.229275 1.780265 2.988246 2
1.182779 1.773144 2.921536 2
1.202429 1.718517 2.954492 2
1.203627 1.677527 2.959514 2
1.209842 1.633665 2.971965 2
1.185580 1.609765 2.938532 2
1.196839 1.563379 2.958346 2
1.179843 1.534605 2.935685 2
1.200725 1.483640 2.969680 2
1.184197 1.454640 2.947559 2
1.193781 1.411236 2.964411 2
1.170754 1.385418 2.932443 2
1.201001 1.332322 2.979931 2
1.193076 1.299016 2.970340 2
1.187115 1.264749 2.963601 2
1.181622 1.230287 2.957482 2
1.182954 1.192933 2.961440 2
1.182912 1.156403 2.963264 2
1.181337 1.120672 2.962724 2
1.172805 1.087669 2.951768 2
1.199339 1.042109 2.992796 2
1.183717 1.011867 2.971151 2
1.174735 0.979114 2.959294 2
1.166646 0.945929 2.948692 2
1.160314 0.912108 2.940620 2
1.174797 0.872660 2.963305 2
1.189289 0.833845 2.985906 2
1.158821 0.806055 2.941872 2
1.186033 0.764974 2.983127 2
1.167349 0.733965 2.956398 2
1.156972 0.700914 2.941889 2
1.159540 0.665491 2.946447 2
1.177265 0.628035 2.973325 2
1.156366 0.596195 2.943047 2
1.169131 0.559972 2.962435 2
1.162673 0.526038 2.953348 2
1.183400 0.489844 2.984337 2
1.188242 0.455340 2.991787 2
1.166164 0.422174 2.959407 2
1.161624 0.387829 2.952854 2
1.145774 0.353437 2.929525 2
1.168739 0.318840 2.963435 2
1.164694 0.284332 2.957387 2
1.159056 0.249605 2.948911 2
1.181365 0.216332 2.981631 3
1.198254 0.183376 3.006275 3
1.189479 0.148556 2.992943 3
1.176206 0.112894 2.972888 2
0.914201 0.044914 2.585225 6
1.037326 0.023750 2.766511 6
1.392107 0.044318 3.290234 6
1.397355 0.014301 3.297321 6
1.389813 -0.018126 3.285426 6
1.404369 -0.046169 3.306148 6
1.404990 -0.077021 3.306192 6
1.387656 -0.112417 3.279585 6
1.363728 -0.150279 3.243122 6
1.316589 -0.195681 3.172167 8
1.344373 -0.220287 3.212137 8
1.346563 -0.252213 3.214115 8
1.345745 -0.285216 3.211557 8
1.344820 -0.318437 3.208762 8
1.356649 -0.347099 3.224834 8
1.373959 -0.373363 3.248993 8
1.344760 -0.418182 3.203943 8
1.324187 -0.460565 3.171595 8
1.356479 -0.480364 3.217842 8
1.312683 -0.534455 3.150700 8
1.287614 -0.581355 3.111305 8
1.281006 -0.620174 3.099316 8
1.286055 -0.653428 3.104631 8
1.304143 -0.679723 3.129356 8
1.347224 -0.691659 3.191423 7
1.355907 -0.722053 3.202010 7
1.346441 -0.763209 3.185333 7
1.336236 -0.805478 3.167430 7
1.346467 -0.835467 3.180085 7
1.378978 -0.850769 3.226157 7
1.022799 2.132554 2.741723 2
1.033330 2.077903 2.761172 2
1.047855 2.021053 2.786359 2
1.181835 1.873831 2.987484 2
1.159494 1.849051 2.957862 2
1.160817 1.806627 2.963016 2
1.158869 1.766963 2.963257 2
1.159321 1.725968 2.966925 2
1.158963 1.685902 2.969306 2
1.170983 1.638200 2.989727 2
1.158405 1.606696 2.974012 2
1.185593 1.550938 3.016397 2
1.171739 1.520627 2.998648 2
1.152635 1.493074 2.973178 2
1.145908 1.458299 2.965721 2
1.166864 1.408880 2.998548 2
1.158074 1.375731 2.987913 2
1.154447 1.339971 2.984726 2
1.132473 1.313038 2.954775 2
1.143595 1.270434 2.972897 2
1.158208 1.226934 2.995989 2
1.134417 1.200323 2.963214 2
1.156270 1.154699 2.996636 2
1.147022 1.122016 2.984837 2
1.139442 1.088582 2.975393 2
1.140516 1.052037 2.978424 2
1.155804 1.010985 3.001962 2
1.148406 0.977758 2.992565 2
1.148594 0.942173 2.994082 2
1.138621 0.909577 2.980828 2
1.139861 0.873831 2.983725 2
1.145400 0.837198 2.992762 2
1.122371 0.807385 2.960445 2
1.124445 0.771599 2.964339 2
1.119498 0.737346 2.958020 2
1.130245 0.700243 2.974293 2
1.128021 0.665661 2.971766 2
1.122184 0.631596 2.963956 2
1.124652 0.596355 2.968064 2
1.133050 0.560610 2.980657 2
1.120246 0.527157 2.962594 2
1.136092 0.491152 2.985790 2
1.133960 0.456772 2.982985 2
1.125676 0.422605 2.971242 2
1.139418 0.387626 2.991193 2
1.140753 0.353223 2.993185 2
1.135228 0.318812 2.985219 2
1.114392 0.283827 2.955107 2
1.119433 0.249215 2.962240 2
1.139727 0.215649 2.991301 2
1.153787 0.182266 3.011308 3
1.164556 0.149016 3.026507 3
1.130493 0.111193 2.976967 2
0.862719 0.042719 2.590148 6
0.929244 0.012914 2.685532 6
1.363482 0.044053 3.311621 6
1.365488 0.013426 3.313911 6
1.375793 -0.015599 3.328125 6
1.360301 -0.049793 3.305023 6
1.354877 -0.082310 3.296391 6
1.359204 -0.112721 3.301786 6
1.337812 -0.149833 3.269935 6
1.285539 -0.196427 3.193330 8
1.320095 -0.219180 3.242239 8
1.323536 -0.250640 3.246081 8
1.329702 -0.281216 3.253805 8
1.323544 -0.316026 3.243615 8
1.308623 -0.354424 3.220644 8
1.330712 -0.379279 3.251258 8
1.297265 -0.425872 3.201246 8
1.301709 -0.457917 3.206124 8
1.290990 -0.496642 3.188907 8
1.292574 -0.530341 3.189482 8
1.254133 -0.583198 3.131759 8
1.238282 -0.626550 3.106769 8
1.259727 -0.651646 3.135997 8
1.173802 -0.733119 3.008663 7
1.346349 -0.676192 3.258154 7
1.318238 -0.726964 3.214975 7
1.344409 -0.747220 3.250971 7
1.307876 -0.804754 3.195242 7
1.323320 -0.831489 3.215422 7
1.321562 -0.869023 3.210351 7
1.002846 2.119745 2.795815 2
1.023127 2.057959 2.828446 2
1.031648 2.006595 2.843998 2
1.143962 1.877843 3.008536 2
1.130369 1.846393 2.991950 2
1.138669 1.799189 3.006701 2
1.142209 1.756009 3.014519 2
1.122895 1.728740 2.989531 2
1.117535 1.691952 2.984457 2
1.129744 1.644158 3.004411 2
1.112414 1.615356 2.982084 2
1.141414 1.558578 3.025800 2
1.099977 1.543908 2.968973 2
1.113919 1.497023 2.991031 2
1.115399 1.457686 2.995242 2
1.111464 1.421509 2.991672 2
1.115213 1.381584 2.998955 2
1.101521 1.350522 2.981382 2
1.126625 1.301071 3.018831 2
1.112944 1.270197 3.001139 2
1.118699 1.230666 3.010956 2
1.125899 1.190955 3.022741 2
1.093201 1.167520 2.977933 2
1.097654 1.129055 2.985697 2
1.110408 1.087931 3.005133 2
1.120614 1.048304 3.020881 2
1.119122 1.013021 3.020010 2
1.106342 0.981339 3.003121 2
1.106220 0.945664 3.004062 2
1.091604 0.914118 2.984471 2
1.135434 0.867103 3.047341 2
1.102965 0.840122 3.002423 2
1.110402 0.803195 3.013774 2
1.121311 0.765903 3.029954 2
1.115958 0.732181 3.023132 2
1.096436 0.700838 2.996273 2
1.093174 0.666363 2.992284 2
1.105240 0.629695 3.009838 2
1.088828 0.597031 2.987196 2
1.111770 0.559647 3.019945 2
1.103300 0.525932 3.008373 2
1.094926 0.491972 2.996880 2
1.103237 0.456803 3.008828 2
1.092178 0.422738 2.993433 2
1.105879 0.387712 3.012851 2
1.089048 0.353402 2.989207 2
1.113919 0.318885 3.024234 2
1.102385 0.284284 3.007930 2
1.107734 0.249987 3.015342 2
1.118298 0.216150 3.030041 2
1.105430 0.180892 3.011676 3
1.128051 0.148402 3.043241 3
1.107873 0.112016 3.014454 2
0.797024 0.038813 2.576015 3
0.862198 0.008160 2.667310 6
1.189035 0.020817 3.127409 6
1.321945 0.010530 3.314215 6
1.308144 -0.023399 3.294154 6
1.325046 -0.051495 3.317334 6
1.312848 -0.085645 3.299413 6
1.308534 -0.118399 3.292552 6
1.322977 -0.146555 3.312112 6
1.301169 -0.184316 3.280431 6
1.284374 -0.221472 3.255753 8
1.303128 -0.248325 3.281239 8
1.302648 -0.280955 3.279491 8
1.319764 -0.307691 3.302571 8
1.318390 -0.340667 3.299448 8
1.291357 -0.383572 3.259935 8
1.295214 -0.415346 3.264075 8
1.254630 -0.465565 3.205177 8
1.243504 -0.504690 3.187923 8
1.252836 -0.535211 3.199611 8
1.226700 -0.582194 3.160896 8
1.201320 -0.629973 3.123140 8
1.220989 -0.656209 3.149300 8
1.160374 -0.723890 3.061237 7
1.311115 -0.679810 3.273798 7
1.299547 -0.721155 3.255417 7
1.289759 -0.762168 3.239476 7
1.297904 -0.793126 3.249021 7
1.270403 -0.846008 3.207622 7
1.291701 -0.869265 3.235804 7
0.942977 2.139440 2.792502 2
0.981204 2.063514 2.849187 2
0.975157 2.023338 2.843624 2
1.100218 1.886141 3.021579 2
1.096145 1.847553 3.018467 2
1.108118 1.797936 3.037715 2
1.084298 1.773602 3.006861 2
1.108050 1.717164 3.042374 2
1.076112 1.697863 3.000098 2
1.073592 1.659302 2.998808 2
1.094544 1.606750 3.030130 2
1.092327 1.568915 3.029100 2
1.075732 1.539487 3.008010 2
1.077766 1.499484 3.012766 2
1.092320 1.453174 3.034836 2
1.103197 1.409556 3.051710 2
1.061393 1.392739 2.995426 2
1.099708 1.336341 3.050211 2
1.067357 1.314102 3.006962 2
1.079933 1.271046 3.025911 2
1.092770 1.228541 3.045141 2
1.074504 1.199385 3.021260 2
1.065413 1.166211 3.010029 2
1.085595 1.121983 3.039210 2
1.086200 1.085606 3.041257 2
1.053873 1.060589 2.997762 2
1.082038 1.015151 3.037757 2
1.069152 0.983350 3.021010 2
1.058742 0.950547 3.007632 2
1.061055 0.914077 3.011755 2
1.067938 0.876651 3.022118 2
1.064012 0.842150 3.017520 2
1.061069 0.807412 3.014225 2
1.063890 0.771502 3.018815 2
1.063513 0.736384 3.018944 2
1.055398 0.702671 3.008362 2
1.067862 0.665576 3.026063 2
1.060972 0.631650 3.017060 2
1.078043 0.594631 3.040986 2
1.078447 0.559995 3.041915 2
1.056545 0.527422 3.012094 2
1.051469 0.492941 3.005378 2
1.069912 0.456987 3.030967 2
1.042286 0.423537 2.993119 2
1.077297 0.387675 3.041393 2
1.075610 0.353265 3.039126 2
1.074331 0.318807 3.037367 2
1.065885 0.284128 3.025693 2
1.069556 0.249656 3.030638 2
1.049539 0.213933 3.002937 2
1.116462 0.183909 3.094807 3
1.121713 0.150505 3.101773 3
1.064860 0.110646 3.023216 2
0.802281 0.043693 2.661416 3
0.833018 0.008787 2.703248 3
1.211539 0.028813 3.223888 6
1.306023 0.012449 3.353503 6
1.300875 -0.019623 3.345887 6
1.296868 -0.051712 3.339791 6
1.285957 -0.085547 3.324129 6
1.294190 -0.115282 3.334798 6
1.299278 -0.145645 3.341085 6
1.291874 -0.179337 3.330098 6
1.253534 -0.222311 3.276372 8
1.270261 -0.249899 3.298559 8
1.282369 -0.278542 3.314330 8
1.289796 -0.308500 3.323597 8
1.268777 -0.348486 3.293515 8
1.267408 -0.382012 3.290516 8
1.247235 -0.423097 3.261458 8
1.256442 -0.453068 3.272965 8
1.242556 -0.492728 3.252463 8
1.228626 -0.533088 3.231825 8
1.193812 -0.583764 3.182171 8
1.183416 -0.624209 3.166254 8
1.175108 -0.664216 3.153158 8
1.124130 -0.726708 3.080763 7
1.299632 -0.670708 3.322738 7
1.261558 -0.726187 3.268167 7
1.267324 -0.758371 3.274425 7
1.258033 -0.799461 3.259677 7
1.257235 -0.836029 3.256671 7
1.239021 -0.883808 3.229328 7
0.921999 2.127857 2.844002 2
0.927226 2.078232 2.853785 2
0.944621 2.020153 2.880101 2
1.072700 1.882385 3.057407 2
1.035183 1.867727 3.008469 2
1.068108 1.803306 3.055560 2
1.044442 1.778569 3.025429 2
1.046288 1.736628 3.030003 2
1.057415 1.689221 3.047130 2
1.056466 1.650004 3.047756 2
1.050253 1.614220 3.041169 2
1.051795 1.574029 3.045059 2
1.052843 1.534474 3.048212 2
1.055647 1.494293 3.053684 2
1.043861 1.462145 3.039318 2
1.050938 1.420283 3.050461 2
1.026809 1.394191 3.019287 2
1.051901 1.344289 3.054694 2
1.055418 1.305297 3.060830 2
1.054761 1.268475 3.061263 2
1.073899 1.223545 3.088391 2
1.043659 1.199335 3.048745 2
1.033218 1.166661 3.035811 2
1.042794 1.126453 3.049852 2
1.046623 1.088766 3.056079 2
1.042828 1.053926 3.051966 2
1.037128 1.019724 3.045236 2
1.018922 0.989246 3.021604 2
1.023239 0.951905 3.028284 2
1.034833 0.912896 3.044715 2
1.015631 0.882131 3.019611 2
1.038914 0.840884 3.051676 2
1.031281 0.807259 3.042060 2
1.041363 0.769911 3.056240 2
1.043565 0.734449 3.059765 2
1.023612 0.702896 3.033434 2
1.035652 0.665876 3.050099 2
1.033617 0.631245 3.047781 2
1.027877 0.597059 3.040435 2
1.023672 0.562583 3.035108 2
1.029161 0.527163 3.042768 2
1.040288 0.491553 3.057960 2
1.027479 0.457680 3.040926 2
1.029504 0.422826 3.043787 2
1.030108 0.388090 3.044692 2
1.033204 0.353365 3.048900 2
1.050009 0.318852 3.071489 2
1.035082 0.284112 3.051378 2
1.023393 0.249010 3.035573 2
1.040488 0.215133 3.058414 2
1.094731 0.184467 3.131152 3
1.060507 0.147691 3.084913 3
1.027599 0.109910 3.040388 2
0.752109 0.041738 2.669592 3
0.784847 0.006787 2.713200 3
1.243158 0.037969 3.329223 6
1.279214 0.012462 3.377309 6
1.263975 -0.021463 3.356346 6
1.291093 -0.047411 3.392339 6
1.282141 -0.080428 3.379751 6
1.281946 -0.111775 3.378905 6
1.272546 -0.145537 3.365618 6
1.270837 -0.177657 3.362641 6
1.211269 -0.226389 3.281653 8
1.211583 -0.259210 3.281290 8
1.267346 -0.274547 3.355642 8
1.278123 -0.303191 3.369321 8
1.256985 -0.342822 3.339905 8
1.244380 -0.380179 3.321937 8
1.231498 -0.418232 3.303537 8
1.208034 -0.461151 3.270780 8
1.200078 -0.498553 3.258903 8
1.192790 -0.536129 3.247870 8
1.184201 -0.574749 3.235017 8
1.137315 -0.631937 3.170276 8
1.160979 -0.656490 3.200937 8
1.160118 -0.692871 3.198354 8
1.233673 -0.690485 3.296571 7
1.258353 -0.712230 3.328564 7
1.238563 -0.758268 3.300203 7
1.236505 -0.795024 3.295829 7
1.251580 -0.821898 3.314669 7
1.222009 -0.875990 3.272789 7
0.880565 2.132593 2.867053 2
0.891403 2.078788 2.883754 2
0.905710 2.023298 2.904990 2
1.018275 1.898135 3.056935 2
1.011049 1.861557 3.049253 2
1.031051 1.806547 3.077720 2
1.033343 1.764385 3.082567 2
1.019706 1.732914 3.066201 2
0.985975 1.713838 3.023133 2
1.022917 1.650979 3.073795 2
1.003965 1.622679 3.050255 2
1.021250 1.573331 3.074698 2
0.998049 1.547267 3.045453 2
1.023976 1.494391 3.081209 2
0.997375 1.469865 3.047390 2
1.009033 1.425557 3.064144 2
0.987244 1.398030 3.036627 2
1.006840 1.350759 3.063760 2
1.012611 1.310583 3.072566 2
1.003085 1.277410 3.061124 2
1.011334 1.236776 3.073102 2
0.994286 1.206653 3.051655 2
1.002857 1.166425 3.063959 2
1.001942 1.130110 3.063707 2
1.005872 1.092263 3.069795 2
1.003770 1.056702 3.067888 2
1.028555 1.012812 3.101350 2
0.995805 0.986952 3.058995 2
1.003943 0.948700 3.070444 2
1.001076 0.913752 3.067361 2
1.001508 0.878018 3.068577 2
1.008715 0.840847 3.078663 2
0.987861 0.810056 3.051799 2
1.008160 0.770500 3.079017 2
0.985722 0.739512 3.049997 2
1.005952 0.700765 3.077033 2
0.988834 0.668382 3.054933 2
1.014371 0.629764 3.088854 2
0.975865 0.599646 3.038574 2
0.979097 0.564054 3.043102 2
0.997775 0.527265 3.067882 2
0.988360 0.493114 3.055712 2
0.980678 0.458600 3.045781 2
1.003732 0.422652 3.076183 2
1.000996 0.388065 3.072669 2
0.976628 0.353574 3.040701 2
0.973323 0.318482 3.036360 2
1.006323 0.284143 3.079667 2
0.969389 0.248070 3.031072 2
0.981846 0.213546 3.047315 2
1.043332 0.182890 3.127930 3
1.066058 0.150772 3.157591 3
0.974744 0.107580 3.037383 2
0.737918 0.044112 2.725906 3
0.727308 0.003570 2.711605 3
1.137558 0.026151 3.250406 6
0.718254 -0.076718 2.698850 3
1.266458 -0.016054 3.419085 6
1.250485 -0.050175 3.397659 6
1.295826 -0.071696 3.456827 6
1.249590 -0.113030 3.395519 6
1.153016 -0.168422 3.267918 6
1.208412 -0.186959 3.340216 6
1.151024 -0.235406 3.264049 8
1.210674 -0.251141 3.341904 8
1.212826 -0.283044 3.344036 8
1.253419 -0.302342 3.396772 8
1.245736 -0.337148 3.385882 8
1.223390 -0.377677 3.355619 8
1.188215 -0.423982 3.308378 8
1.165738 -0.466602 3.277815 8
1.185477 -0.492711 3.302895 8
1.191175 -0.524379 3.309415 8
1.179809 -0.563681 3.293365 8
1.154788 -0.609925 3.259218 8
1.128430 -0.657893 3.223231 8
1.106278 -0.704904 3.192729 8
1.129176 -0.729640 3.221749 7
1.252656 -0.700039 3.383872 7
1.220663 -0.752196 3.340234 7
1.216257 -0.790017 3.333055 7
1.186746 -0.843038 3.292544 7
1.183427 -0.881521 3.286679 7
0.843400 2.133957 2.895941 2
0.857947 2.077601 2.916728 2
0.871501 2.022969 2.936147 2
0.967561 1.910826 3.062607 2
0.980875 1.859773 3.081504 2
0.975867 1.821887 3.076572 2
0.983081 1.776204 3.087440 2
0.991878 1.730131 3.100300 2
0.985082 1.694318 3.092909 2
0.966738 1.665486 3.070536 2
0.978718 1.618722 3.087368 2
0.979714 1.578860 3.089938 2
0.980854 1.539246 3.092647 2
0.961599 1.510697 3.068963 2
0.969668 1.467821 3.080544 2
0.956335 1.436020 3.064445 2
0.960594 1.395648 3.071021 2
0.978271 1.349514 3.094859 2
0.964891 1.317909 3.078591 2
0.974264 1.276416 3.091626 2
0.981196 1.236440 3.101470 2
0.953456 1.210447 3.066599 2
0.969438 1.167358 3.088023 2
0.970119 1.130452 3.089697 2
0.976484 1.091802 3.098648 2
0.948274 1.064760 3.063062 2
0.972154 1.020872 3.094479 2
0.979092 0.982862 3.104050 2
0.975125 0.948229 3.099558 2
0.963592 0.915567 3.085303 2
0.966368 0.879162 3.089415 2
0.977005 0.841166 3.103593 2
0.974854 0.806331 3.101299 2
0.960652 0.773892 3.083485 2
0.962336 0.738227 3.086053 2
0.960808 0.703227 3.084459 2
0.961862 0.667871 3.086148 2
0.972770 0.631306 3.100458 2
0.970994 0.596634 3.098443 2
0.941110 0.564819 3.060302 2
0.966666 0.527344 3.093317 2
0.959551 0.493009 3.084348 2
0.955320 0.458325 3.079049 2
0.950838 0.423544 3.073395 2
0.972544 0.388027 3.101327 2
0.976230 0.353340 3.106092 2
0.960652 0.318621 3.086093 2
0.970461 0.284006 3.098653 2
0.941557 0.248176 3.061481 2
0.952314 0.213593 3.075190 2
1.009964 0.182621 3.149073 3
0.970308 0.145051 3.097993 2
0.964444 0.109636 3.090264 2
0.672240 0.040370 2.714793 3
0.704698 0.005084 2.756177 3
0.854179 -0.011823 2.947837 6
0.680397 -0.077325 2.724251 3
1.032736 -0.053437 3.176498 8
1.271313 -0.040807 3.482659 6
1.249056 -0.076045 3.453680 6
1.063344 -0.149381 3.214567 6
1.139238 -0.164864 3.311648 6
1.204716 -0.180732 3.395340 6
1.121890 -0.235589 3.288306 8
1.146846 -0.261712 3.319837 8
1.177704 -0.285331 3.358944 8
1.177180 -0.318281 3.357649 8
1.210513 -0.339830 3.399903 8
1.168641 -0.387340 3.345313 8
1.139836 -0.431495 3.307489 8
1.158899 -0.458059 3.331278 8
1.152364 -0.494596 3.322059 8
1.137273 -0.535164 3.301768 8
1.132455 -0.571900 3.294675 8
1.113294 -0.615572 3.269039 8
1.067836 -0.672605 3.209413 8
1.012633 -0.736218 3.137124 7
1.130028 -0.714013 3.287642 7
1.212486 -0.706390 3.393104 7
1.205911 -0.744609 3.383538 7
1.188654 -0.789316 3.360113 7
1.136703 -0.855016 3.291746 7
0.949455 2.027234 3.106477 2
0.822575 2.077893 2.947069 2
0.832945 2.025798 2.961666 2
0.927445 1.915777 3.082750 2
0.941221 1.864511 3.101499 2
0.941943 1.822754 3.103675 2
0.942282 1.781624 3.105326 2
0.960305 1.729796 3.129295 2
0.942675 1.700587 3.108153 2
0.934873 1.665275 3.099406 2
0.935908 1.624942 3.101788 2
0.927828 1.589993 3.092627 2
0.945930 1.540992 3.116475 2
0.935894 1.507510 3.104778 2
0.936922 1.468387 3.107007 2
0.935627 1.430680 3.106273 2
0.953013 1.384417 3.129048 2
0.922406 1.360654 3.091316 2
0.944091 1.313339 3.119431 2
0.928058 1.282742 3.100009 2
0.939484 1.240782 3.115131 2
0.928317 1.208104 3.101780 2
0.941218 1.166361 3.118688 2
0.936932 1.131282 3.113937 2
0.933891 1.095812 3.110726 2
0.939787 1.057540 3.118722 2
0.949814 1.018352 3.131880 2
0.939485 0.985502 3.119417 2
0.927348 0.952950 3.104659 2
0.929808 0.916393 3.108217 2
0.953828 0.874840 3.138831 2
0.919557 0.847281 3.096190 2
0.928981 0.809597 3.108409 2
0.905674 0.778648 3.079495 2
0.929684 0.738633 3.109970 2
0.939994 0.701677 3.123212 2
0.934724 0.667405 3.116866 2
0.937645 0.631961 3.120774 2
0.925104 0.598459 3.105249 2
0.929197 0.562952 3.110575 2
0.937066 0.527297 3.120611 2
0.924764 0.493324 3.105308 2
0.930858 0.458011 3.113062 2
0.920778 0.423533 3.100494 2
0.931518 0.388281 3.114025 2
0.941178 0.353379 3.126173 2
0.946643 0.318745 3.133030 2
0.904713 0.283181 3.080388 2
0.907299 0.248029 3.083580 2
0.928930 0.213967 3.110643 2
0.919706 0.178406 3.098960 2
0.914545 0.142874 3.092347 2
0.933739 0.109586 3.116275 2
0.619968 0.038276 2.722259 3
0.611050 -0.002780 2.710819 3
0.762054 -0.020689 2.900104 6
0.626315 -0.080560 2.729397 3
1.218694 -0.015084 3.472852 6
1.213474 -0.046938 3.466012 6
1.208678 -0.078945 3.459680 6
1.038360 -0.148453 3.245414 6
1.115711 -0.163760 3.342197 6
1.072260 -0.207740 3.287200 8
1.082685 -0.238523 3.299863 8
1.114270 -0.262989 3.339100 8
1.113176 -0.296523 3.337241 8
1.132391 -0.323714 3.360893 8
1.157343 -0.348494 3.391740 8
1.148004 -0.384713 3.379440 8
1.131653 -0.423977 3.358286 8
1.111260 -0.465495 3.332007 8
1.122721 -0.495050 3.345784 8
1.095538 -0.540577 3.310883 8
1.118357 -0.565439 3.338909 8
1.106448 -0.605427 3.323172 8
1.054016 -0.665009 3.256328 8
1.099465 -0.679059 3.312799 7
1.124049 -0.702277 3.342965 7
1.167949 -0.714850 3.397483 7
1.181546 -0.742419 3.413772 7
1.173036 -0.782014 3.402137 7
0.780381 2.173799 2.966570 2
0.803427 2.111118 2.996265 2
0.896355 1.999077 3.112302 2
0.629614 2.144968 2.783710 2
0.901819 1.910641 3.121155 2
0.896289 1.872674 3.115327 2
0.919875 1.815892 3.145419 2
0.895548 1.790674 3.116329 2
0.896054 1.749625 3.117866 2
0.891969 1.711667 3.113711 2
0.909690 1.661208 3.136418 2
0.908424 1.622369 3.135679 2
0.895565 1.590110 3.120627 2
0.901797 1.547583 3.129076 2
0.892083 1.513707 3.117855 2
0.889738 1.476110 3.115687 2
0.900498 1.432408 3.129626 2
0.888514 1.399815 3.115541 2
0.903588 1.354996 3.134733 2
0.892282 1.322214 3.121438 2
0.878214 1.290411 3.104727 2
0.904940 1.242178 3.138161 2
0.889804 1.210923 3.120093 2
0.904126 1.168635 3.138218 2
0.915250 1.128095 3.152382 2
0.913583 1.092324 3.150802 2
0.891919 1.062981 3.124631 2
0.906664 1.022162 3.143171 2
0.883414 0.992766 3.115015 2
0.902258 0.951451 3.138540 2
0.901381 0.915848 3.137821 2
0.882004 0.884733 3.114366 2
0.905016 0.843709 3.142934 2
0.876670 0.814114 3.108431 2
0.877872 0.778089 3.110180 2
0.920043 0.734991 3.162187 2
0.905021 0.702443 3.143980 2
0.897738 0.668383 3.135250 2
0.902061 0.632662 3.140741 2
0.902827 0.597540 3.141846 2
0.868314 0.565986 3.099647 2
0.912195 0.526858 3.153606 2
0.911038 0.492191 3.152290 2
0.891480 0.458501 3.128379 2
0.918004 0.422486 3.160979 2
0.912485 0.388027 3.154249 2
0.910586 0.353383 3.151940 2
0.904096 0.318650 3.143979 2
0.891740 0.283581 3.128801 2
0.906568 0.249161 3.146949 2
0.905150 0.214309 3.145149 2
0.918036 0.180370 3.160874 2
0.679097 0.125701 2.867640 2
0.592331 0.078767 2.761055 3
0.579554 0.037588 2.745213 3
0.579971 -0.002331 2.745537 3
0.693183 -0.025953 2.884245 6
1.112274 0.002867 3.398314 6
1.185503 -0.016262 3.487978 6
1.151413 -0.053719 3.445918 6
1.156271 -0.084260 3.451640 6
1.003887 -0.149664 3.264310 6
1.106610 -0.159264 3.390129 6
1.027271 -0.211879 3.292402 8
1.046927 -0.240460 3.316202 8
1.054838 -0.271886 3.325563 8
1.087138 -0.295859 3.364866 8
1.107783 -0.322628 3.389840 8
1.105207 -0.356591 3.386268 8
1.121766 -0.384118 3.406189 8
1.107352 -0.422544 3.388025 8
1.085956 -0.464248 3.361249 8
1.074564 -0.502844 3.346743 8
1.042227 -0.550632 3.306450 8
1.060503 -0.577945 3.328378 8
1.049335 -0.617973 3.314066 8
1.043024 -0.656329 3.305700 8
1.059192 -0.684347 3.324980 7
1.024345 -0.737325 3.281430 7
1.133484 -0.717931 3.415170 7
1.151403 -0.743365 3.436579 7
1.128115 -0.790946 3.407195 7
0.682647 2.174104 2.923328 2
0.760488 2.072344 3.018039 2
0.860179 1.958630 3.139020 2
0.854960 1.920071 3.133459 2
0.847855 1.882937 3.125607 2
0.854190 1.837270 3.133928 2
0.855408 1.795367 3.136061 2
0.847332 1.759484 3.126981 2
0.851423 1.716459 3.132533 2
0.868643 1.666360 3.153866 2
0.847381 1.638538 3.128859 2
0.843612 1.600851 3.124892 2
0.840816 1.562804 3.122076 2
0.852298 1.517714 3.136416 2
0.844092 1.482884 3.127056 2
0.847851 1.442376 3.132067 2
0.827399 1.413264 3.107954 2
0.849171 1.365152 3.134580 2
0.835897 1.332800 3.119065 2
0.848947 1.289507 3.135167 2
0.821152 1.262809 3.102176 2
0.843552 1.216580 3.129473 2
0.860454 1.173222 3.150142 2
0.856588 1.137705 3.145848 2
0.847809 1.103839 3.135641 2
0.861672 1.062787 3.152604 2
0.839678 1.032946 3.126500 2
0.861201 0.990336 3.152623 2
0.835590 0.961035 3.122153 2
0.871075 0.915795 3.164996 2
0.843880 0.886467 3.132597 2
0.849605 0.849196 3.139691 2
0.857769 0.811705 3.149694 2
0.833738 0.780631 3.121055 2
0.864528 0.739405 3.158172 2
0.831497 0.709293 3.118708 2
0.831779 0.673485 3.119196 2
0.846464 0.635910 3.136944 2
0.863537 0.598567 3.157540 2
0.841499 0.565615 3.131209 2
0.847804 0.529699 3.138860 2
0.855613 0.493909 3.148299 2
0.861259 0.458499 3.155128 2
0.864327 0.423379 3.158852 2
0.879823 0.388088 3.177465 2
0.836330 0.353715 3.125319 2
0.856584 0.318519 3.149610 2
0.845074 0.283212 3.135791 2
0.851515 0.248222 3.143486 2
0.870665 0.214078 3.166409 3
0.849909 0.177787 3.141458 3
0.864821 0.143790 3.159269 2
0.538621 0.076865 2.767932 3
0.570727 0.040479 2.806325 3
0.553673 -0.001285 2.785737 3
0.631522 -0.030053 2.878973 6
0.890171 -0.027927 3.189096 6
1.129443 -0.021380 3.475991 6
1.122933 -0.053992 3.468025 6
0.939302 -0.122997 3.247523 8
0.977347 -0.149111 3.292974 6
1.050370 -0.165949 3.380395 6
0.933643 -0.228073 3.240086 8
0.981821 -0.250142 3.297666 8
1.013030 -0.275604 3.334874 8
1.023508 -0.306365 3.347186 8
1.019522 -0.341443 3.342122 8
1.037482 -0.369590 3.363392 8
1.079289 -0.389125 3.413290 8
1.052395 -0.432173 3.380673 8
1.062142 -0.462484 3.392045 8
0.993147 -0.523449 3.308807 8
1.038902 -0.540073 3.363406 8
1.023925 -0.581118 3.345023 8
1.027288 -0.614777 3.348661 8
1.020445 -0.653179 3.340015 8
0.882515 -0.753923 3.173744 7
0.969522 -0.749494 3.277887 7
0.937738 -0.802451 3.239177 7
1.079481 -0.766111 3.409180 7
1.103822 -0.788528 3.437974 7
1.100550 -0.825719 3.433531 7
0.651029 2.170895 2.960355 2
0.649233 2.126219 2.958734 2
0.741913 2.017030 3.068237 2
0.508222 2.129800 2.793824 2
0.787249 1.900853 3.122433 2
0.809598 1.844701 3.149124 2
0.795040 1.812410 3.132406 2
0.774017 1.783818 3.108079 2
0.788993 1.733869 3.126058 2
0.796994 1.688677 3.135823 2
0.781848 1.656740 3.118375 2
0.792887 1.610658 3.131685 2
0.788144 1.573345 3.126440 2
0.827290 1.514255 3.172738 2
0.802164 1.487692 3.143528 2
0.789852 1.454580 3.129360 2
0.782246 1.419184 3.120712 2
0.808718 1.368988 3.152067 2
0.773394 1.345667 3.110855 2
0.800468 1.296353 3.142891 2
0.762955 1.273025 3.099096 2
0.785477 1.226473 3.125765 2
0.795283 1.185318 3.137494 2
0.792693 1.148842 3.134664 2
0.798223 1.109821 3.141354 2
0.818097 1.066708 3.164864 2
0.794669 1.037024 3.137554 2
0.803186 0.997900 3.147718 2
0.807766 0.960199 3.153252 2
0.786038 0.929250 3.127914 2
0.758663 0.899064 3.095945 2
0.767708 0.860277 3.106690 2
0.783902 0.820426 3.125811 2
0.776186 0.785610 3.116876 2
0.812053 0.743187 3.159051 2
0.786257 0.711551 3.128893 2
0.788078 0.675315 3.131117 2
0.794052 0.638673 3.138202 2
0.803978 0.601828 3.149914 2
0.795734 0.567083 3.140307 2
0.812074 0.530130 3.159521 2
0.802883 0.495404 3.148787 2
0.796449 0.460292 3.141276 2
0.783186 0.425267 3.125750 2
0.812935 0.388908 3.160652 2
0.802698 0.353738 3.148658 2
0.805946 0.318368 3.152465 2
0.792189 0.282713 3.136326 2
0.812167 0.247890 3.159734 2
0.825390 0.213292 3.175214 3
0.784588 0.175457 3.127333 3
0.810116 0.141792 3.157224 2
0.013004 0.029481 2.222402 3
0.045517 -0.014219 2.260449 3
0.060543 -0.059225 2.277978 6
0.601563 -0.029574 2.912375 6
1.113670 0.011670 3.512890 6
1.090577 -0.023425 3.485722 6
1.065436 -0.059664 3.456140 6
0.916014 -0.121752 3.280772 8
0.961980 -0.146157 3.334573 6
1.047260 -0.160163 3.434487 6
0.899504 -0.229174 3.261024 8
0.947955 -0.251393 3.317720 8
0.985057 -0.275394 3.361098 8
0.977566 -0.311427 3.352151 8
0.993868 -0.340489 3.371114 8
1.031384 -0.362321 3.414964 8
1.020212 -0.399634 3.401672 8
0.997558 -0.441512 3.374894 8
1.035823 -0.461700 3.419606 8
0.976584 -0.518483 3.349862 8
1.011589 -0.539440 3.390734 8
0.998457 -0.579572 3.375089 8
1.003028 -0.612633 3.380217 8
0.991817 -0.652841 3.366805 8
0.951477 -0.707189 3.319171 7
0.948385 -0.745100 3.315265 7
0.938325 -0.786812 3.303165 7
1.069341 -0.756430 3.456780 7
1.065870 -0.793447 3.452414 7
1.055198 -0.834770 3.439573 7
0.576526 2.198340 2.947867 2
0.608084 2.129903 2.984258 2
0.630288 2.069323 3.009902 2
0.697646 1.980131 3.087367 2
0.749489 1.903613 3.147012 2
0.745696 1.864005 3.142794 2
0.740989 1.825156 3.137524 2
0.758984 1.773053 3.158303 2
0.741779 1.742078 3.138683 2
0.754399 1.694200 3.153284 2
0.753414 1.654389 3.152269 2
0.755237 1.613350 3.154473 2
0.756172 1.573090 3.155653 2
0.747220 1.537981 3.145487 2
0.761552 1.491752 3.162029 2
0.757606 1.454625 3.157599 2
0.720232 1.432437 3.114817 2
0.733232 1.387723 3.129822 2
0.761692 1.337260 3.162554 2
0.748970 1.304223 3.148044 2
0.744575 1.267809 3.143083 2
0.743063 1.230390 3.141424 2
0.762462 1.185783 3.163747 2
0.747032 1.153594 3.146119 2
0.722569 1.123976 3.118129 2
0.741216 1.080658 3.139578 2
0.754066 1.039727 3.154375 2
0.737630 1.007336 3.135582 2
0.751131 0.966837 3.151119 2
0.746765 0.931218 3.146163 2
0.728180 0.898831 3.124897 2
0.724471 0.862818 3.120689 2
0.737949 0.823379 3.136186 2
0.746427 0.785354 3.145946 2
0.733597 0.751266 3.131269 2
0.737502 0.714296 3.135780 2
0.742415 0.677373 3.141442 2
0.746053 0.640818 3.145640 2
0.742063 0.605266 3.141088 2
0.740369 0.569429 3.139166 2
0.738030 0.533638 3.136502 2
0.764421 0.495921 3.166778 2
0.745449 0.461334 3.145035 2
0.746227 0.425491 3.145936 2
0.764164 0.389310 3.166509 2
0.754889 0.353864 3.155877 2
0.757197 0.318235 3.158523 2
0.743757 0.282324 3.143109 2
0.772596 0.247556 3.176171 2
0.755110 0.211243 3.156113 2
0.791084 0.177918 3.197351 3
0.761692 0.140351 3.163634 2
0.407957 0.070988 2.758001 3
0.423241 0.031757 2.775504 3
0.433390 -0.007721 2.787116 3
0.542087 -0.033223 2.911727 6
1.079770 0.010566 3.528259 6
1.030725 -0.028967 3.471991 6
1.037398 -0.059778 3.479611 6
0.886514 -0.121775 3.306552 8
1.004528 -0.130910 3.441847 6
1.012547 -0.161752 3.451004 6
0.871235 -0.228820 3.288905 8
0.947190 -0.244054 3.375964 8
0.928381 -0.283048 3.354343 8
0.942428 -0.313240 3.370401 8
0.952534 -0.344330 3.381936 8
0.945734 -0.380642 3.374080 8
0.976577 -0.404707 3.409394 8
0.962265 -0.443773 3.392916 8
0.909716 -0.497407 3.332576 8
0.920330 -0.528771 3.344679 8
0.940126 -0.556336 3.367312 8
0.957961 -0.584267 3.387695 8
0.930496 -0.631212 3.356109 8
0.975758 -0.646939 3.407950 8
0.830194 -0.749168 3.240872 7
0.925968 -0.741437 3.350655 7
0.950820 -0.765737 3.379075 7
1.040102 -0.756718 3.481416 7
1.027752 -0.798327 3.467150 7
1.055435 -0.818922 3.498815 7
0.561345 2.137320 3.003807 2
0.574943 2.082609 3.018882 2
0.610490 2.014471 3.058550 2
0.710614 1.907008 3.170569 2
0.712241 1.864018 3.172257 2
0.693337 1.833723 3.150949 2
0.707804 1.783656 3.167030 2
0.705828 1.743690 3.164694 2
0.702786 1.704540 3.161167 2
0.711082 1.659521 3.170349 2
0.707259 1.621320 3.165954 2
0.699783 1.585089 3.157469 2
0.697471 1.546366 3.154774 2
0.719837 1.496226 3.179740 2
0.705922 1.463492 3.164050 2
0.677391 1.436948 3.131979 2
0.710354 1.383750 3.168835 2
0.698311 1.350100 3.155251 2
0.694328 1.313121 3.150704 2
0.714170 1.267251 3.172867 2
0.714086 1.229360 3.172697 2
0.700973 1.196141 3.157926 2
0.710321 1.155270 3.168336 2
0.703905 1.119808 3.161078 2
0.703101 1.082618 3.160114 2
0.690075 1.049031 3.145452 2
0.692962 1.010890 3.148631 2
0.678515 0.977389 3.132382 2
0.707093 0.933232 3.164370 2
0.689403 0.900477 3.144490 2
0.670210 0.867621 3.122928 2
0.702474 0.824203 3.159060 2
0.691204 0.789727 3.146386 2
0.692824 0.752854 3.148167 2
0.686588 0.717302 3.141143 2
0.704039 0.678377 3.160681 2
0.666751 0.646764 3.118845 2
0.680672 0.608562 3.134432 2
0.686941 0.571535 3.141440 2
0.695996 0.534511 3.151577 2
0.702305 0.497966 3.158636 2
0.698204 0.462159 3.154026 2
0.694110 0.426257 3.149427 2
0.680835 0.390452 3.134535 2
0.714414 0.353934 3.172185 2
0.711005 0.318123 3.168362 2
0.679005 0.281591 3.132483 2
0.699433 0.246018 3.155395 2
0.712900 0.210667 3.170504 2
0.743403 0.176791 3.204719 3
0.716819 0.139227 3.174925 2
0.261376 0.060516 2.664262 3
0.359820 0.028680 2.774668 6
0.379792 -0.010013 2.797088 6
0.520052 -0.031627 2.954384 6
0.991596 0.001224 3.483132 6
1.013872 -0.027193 3.508137 6
0.971428 -0.066776 3.460578 6
0.956492 -0.102280 3.443865 6
0.969568 -0.132396 3.458563 6
0.829882 -0.196691 3.301991 8
0.816895 -0.234745 3.287475 8
0.898801 -0.249062 3.379350 8
0.900206 -0.282808 3.380974 8
0.902452 -0.316388 3.383544 8
0.888840 -0.354786 3.368339 8
0.925787 -0.377787 3.409816 8
0.945284 -0.405574 3.431732 8
0.921250 -0.447954 3.404852 8
0.849368 -0.508476 3.324342 8
0.879396 -0.533035 3.358072 8
0.907732 -0.557503 3.389907 8
0.907354 -0.592957 3.389559 8
0.908929 -0.627779 3.391402 8
0.908407 -0.663662 3.390899 8
0.789498 -0.753484 3.257716 7
0.899709 -0.739676 3.381325 7
0.341701 -1.047011 2.756073 5
0.990900 -0.767012 3.483703 7
0.990351 -0.802709 3.483183 7
0.993209 -0.836839 3.486483 7
0.989323 -0.874827 3.482230 7
0.530664 2.088243 3.041041 2
0.540848 2.036646 3.051727 2
0.663301 1.915583 3.185194 2
0.643528 1.885477 3.163170 2
0.660012 1.833582 3.180809 2
0.658335 1.792992 3.178599 2
0.643031 1.760266 3.161490 2
0.677906 1.700092 3.199297 2
0.655801 1.671340 3.174768 2
0.638483 1.639704 3.155483 2
0.637382 1.599751 3.153957 2
0.655907 1.550610 3.173927 2
0.663960 1.507147 3.182446 2
0.640652 1.478214 3.156639 2
0.651760 1.433898 3.168525 2
0.649988 1.395511 3.166319 2
0.661389 1.351982 3.178550 2
0.660888 1.313598 3.177757 2
0.635745 1.284535 3.149979 2
0.677361 1.231115 3.195345 2
0.654635 1.201068 3.170231 2
0.649225 1.164855 3.164098 2
0.644390 1.128457 3.158603 2
0.655189 1.087431 3.170250 2
0.615752 1.061011 3.126853 2
0.642883 1.015798 3.156418 2
0.654239 0.975488 3.168706 2
0.652835 0.938659 3.167018 2
0.666053 0.898642 3.181367 2
0.626129 0.870183 3.137470 2
0.626289 0.832894 3.137522 2
0.639461 0.793368 3.151849 2
0.660039 0.753085 3.174305 2
0.641212 0.719399 3.153568 2
0.641570 0.682632 3.153873 2
0.648543 0.645132 3.161441 2
0.636651 0.609913 3.148331 2
0.659138 0.571208 3.172929 2
0.659104 0.534959 3.172839 2
0.655676 0.498964 3.169038 2
0.662519 0.462386 3.176507 2
0.636964 0.427183 3.148458 2
0.658072 0.390268 3.171588 2
0.656314 0.354128 3.169652 2
0.648625 0.317899 3.161220 2
0.657899 0.281810 3.171398 2
0.666568 0.245955 3.180922 2
0.634714 0.208306 3.146017 2
0.703333 0.176182 3.221297 3
0.651560 0.136530 3.164567 2
-0.031766 0.036686 2.415333 3
0.307320 0.026851 2.787219 6
0.364217 -0.007625 2.849684 6
0.466201 -0.034396 2.961590 6
0.969560 0.002061 3.513572 6
0.944010 -0.034201 3.485643 6
0.933996 -0.068482 3.474757 6
0.947111 -0.098646 3.489235 6
0.912470 -0.138456 3.451369 6
0.791068 -0.198698 3.318407 8
0.809730 -0.229318 3.338995 8
0.862456 -0.250908 3.396928 8
0.870151 -0.283074 3.405507 8
0.840735 -0.325578 3.373421 8
0.871541 -0.351227 3.407345 8
0.880595 -0.382859 3.417438 8
0.884803 -0.415939 3.422226 8
0.911673 -0.441303 3.451853 8
0.834285 -0.503141 3.367264 8
0.846941 -0.534041 3.381337 8
0.836151 -0.573784 3.369735 8
0.856972 -0.601332 3.392768 8
0.889422 -0.623574 3.428542 8
0.672634 -0.752789 3.191383 7
0.850398 -0.712176 3.386303 7
0.837683 -0.754537 3.372647 7
0.344582 -1.027719 2.833107 5
0.960622 -0.767670 3.507780 7
0.987292 -0.789431 3.537250 7
0.956633 -0.840772 3.503985 7
0.949912 -0.880337 3.496932 7
0.376695 2.118083 2.945880 2
0.610073 1.927572 3.194246 2
0.611005 1.884638 3.194579 2
0.618296 1.838338 3.201722 2
0.594083 1.810472 3.175238 2
0.618281 1.755409 3.200484 2
0.590239 1.729399 3.169936 2
0.592601 1.686965 3.171891 2
0.599148 1.642763 3.178340 2
0.608726 1.597541 3.188052 2
0.571992 1.574775 3.148257 2
0.616548 1.513910 3.195417 2
0.594812 1.483965 3.171690 2
0.600538 1.441848 3.177358 2
0.606233 1.400129 3.183012 2
0.599338 1.363780 3.175209 2
0.616280 1.318320 3.192938 2
0.588587 1.289918 3.162901 2
0.621856 1.239426 3.198149 2
0.609160 1.205577 3.184198 2
0.597849 1.171066 3.171743 2
0.594555 1.133913 3.167889 2
0.608805 1.091674 3.182844 2
0.605539 1.054862 3.179052 2
0.595797 1.019792 3.168334 2
0.616512 0.976980 3.190270 2
0.591871 0.945522 3.163615 2
0.595270 0.907291 3.167025 2
0.641964 0.860353 3.216858 2
0.602388 0.831363 3.174234 2
0.604532 0.793939 3.176345 2
0.628230 0.753150 3.201579 2
0.606939 0.719795 3.178594 2
0.588974 0.685454 3.159188 2
0.598485 0.647366 3.169257 2
0.589407 0.611571 3.159408 2
0.609046 0.572933 3.180368 2
0.594228 0.537567 3.164391 2
0.604571 0.500221 3.175411 2
0.600610 0.463902 3.171106 2
0.603521 0.427251 3.174185 2
0.607327 0.390680 3.178238 2
0.579563 0.354449 3.148448 2
0.616442 0.317893 3.188000 2
0.576636 0.280752 3.145323 2
0.617934 0.245339 3.189643 2
0.591925 0.207751 3.161792 2
0.677457 0.176489 3.253576 3
0.642199 0.138238 3.215835 3
0.582246 0.096690 3.151627 2
0.282736 0.028025 2.830556 6
0.306177 -0.010394 2.855819 6
0.924204 0.031654 3.518633 6
0.912606 -0.002308 3.506325 6
0.947859 -0.029034 3.544259 6
0.882756 -0.072590 3.474615 6
0.872791 -0.107528 3.464100 6
0.908398 -0.133456 3.502448 6
0.747579 -0.201682 3.330272 8
0.794794 -0.225845 3.381093 8
0.801245 -0.258897 3.388235 8
0.798560 -0.294277 3.385601 8
0.838376 -0.318031 3.428518 8
0.829365 -0.355034 3.419131 8
0.853042 -0.382381 3.444776 8
0.884504 -0.406657 3.478768 8
0.871149 -0.445240 3.464770 8
0.877191 -0.477540 3.471560 8
0.830509 -0.529143 3.421914 8
0.820081 -0.568468 3.411106 8
0.819954 -0.604191 3.411343 8
0.737292 -0.674081 3.323268 7
0.774502 -0.695487 3.363501 7
0.797597 -0.722199 3.388636 7
0.810397 -0.753118 3.402766 7
0.894438 -0.750149 3.493098 7
0.234139 -1.108496 2.787521 5
0.907557 -0.815156 3.508046 7
0.920954 -0.844131 3.522849 7
0.920962 -0.880092 3.523354 7
0.273513 2.159265 2.910142 2
0.312742 2.087835 2.949966 2
0.581577 1.881974 3.229181 2
0.538983 1.864635 3.183882 2
0.546852 1.817949 3.191216 2
0.559628 1.769134 3.203704 2
0.539310 1.738511 3.181686 2
0.564729 1.684044 3.207430 2
0.565760 1.642772 3.207749 2
0.533572 1.617810 3.173395 2
0.541940 1.573160 3.181421 2
0.559633 1.524788 3.199222 2
0.548979 1.489558 3.187426 2
0.559087 1.445469 3.197357 2
0.569422 1.401800 3.207553 2
0.561356 1.365847 3.198530 2
0.551831 1.330394 3.188001 2
0.560433 1.288279 3.196458 2
0.568158 1.246898 3.204025 2
0.543354 1.216732 3.177566 2
0.557387 1.173647 3.191782 2
0.566558 1.132598 3.200933 2
0.548788 1.099748 3.181893 2
0.578211 1.053559 3.212304 2
0.558908 1.021030 3.191697 2
0.563138 0.982280 3.195764 2
0.498073 0.959821 3.127239 2
0.520689 0.916551 3.150610 2
0.519376 0.878891 3.148927 2
0.536434 0.837816 3.166522 2
0.534413 0.800649 3.164140 2
-0.402494 0.913857 2.181611 2
-0.389472 0.861365 2.194966 2
-0.389957 0.811122 2.194185 2
-0.385342 0.760345 2.198780 2
-0.398153 0.711594 2.185129 2
-0.414026 0.662827 2.168292 2
-0.395144 0.611008 2.187933 2
-0.389583 0.560600 2.193630 2
-0.362042 0.509315 2.222410 2
-0.387667 0.460679 2.195450 2
-0.388503 0.410833 2.194520 2
-0.388735 0.360972 2.194250 2
-0.388546 0.311112 2.194448 2
-0.400231 0.261004 2.182218 2
0.099886 0.228386 2.706851 3
0.241681 0.192215 2.855648 3
0.479373 0.165988 3.105043 2
0.611817 0.138295 3.244054 3
-0.253085 0.023846 2.337083 6
0.283122 0.031786 2.899598 6
0.342073 -0.001946 2.961594 6
0.380399 -0.036821 3.001976 6
0.552706 -0.051024 3.182857 6
0.869596 -0.037196 3.515315 6
0.843249 -0.074543 3.487907 6
0.826537 -0.110885 3.470622 6
0.852968 -0.139011 3.498577 6
0.733151 -0.198271 3.373275 8
0.740296 -0.231619 3.381064 8
0.777063 -0.257578 3.419907 8
0.764862 -0.295337 3.407460 8
0.797496 -0.321244 3.442001 8
0.809521 -0.352287 3.454966 8
0.798195 -0.390195 3.443495 8
0.833549 -0.413713 3.480920 8
0.844119 -0.444584 3.492410 8
0.830533 -0.483678 3.478633 8
0.838943 -0.515357 3.487899 8
0.829786 -0.553564 3.478803 8
0.794920 -0.602278 3.442839 8
0.590623 -0.721097 3.229725 7
0.734843 -0.699284 3.381119 7
0.692137 -0.754959 3.337070 7
0.678100 -0.799175 3.323027 7
0.817158 -0.772522 3.468968 7
0.115144 2.184023 2.820235 2
0.084892 2.152696 2.788097 2
0.267120 1.999833 2.972303 2
0.433017 1.819044 3.138965 2
0.377136 1.805483 3.080937 2
0.387874 1.756704 3.090832 2
0.412202 1.701845 3.114632 2
0.390827 1.669759 3.091849 2
0.395639 1.625195 3.095815 2
0.401587 1.580510 3.100976 2
0.410068 1.535143 3.108761 2
0.403738 1.496418 3.101451 2
0.389256 1.460991 3.085839 2
0.407599 1.412643 3.103804 2
0.415616 1.368874 3.111252 2
0.418198 1.327470 3.113176 2
0.415915 1.287988 3.110154 2
0.405781 1.251192 3.099128 2
0.417631 1.207358 3.110627 2
0.432061 1.163246 3.124802 2
0.416784 1.128178 3.108594 2
0.412942 1.089711 3.104119 2
0.420126 1.048432 3.110965 2
0.435100 1.005588 3.125823 2
0.426619 0.968654 3.116681 2
0.435851 0.927786 3.125715 2
0.422175 0.891879 3.111302 2
0.453727 0.847238 3.143273 2
0.428538 0.813373 3.117108 2
0.444329 0.772377 3.132982 2
0.412572 0.738789 3.100130 2
0.420207 0.699224 3.107696 2
0.422095 0.660606 3.109395 2
0.428656 0.621613 3.115913 2
0.452241 0.581326 3.139922 2
0.449197 0.543750 3.136644 2
0.449872 0.505894 3.137206 2
0.440244 0.468583 3.127225 2
0.463619 0.429893 3.151127 2
0.438395 0.392867 3.125198 2
0.454325 0.354872 3.141515 2
0.475956 0.317359 3.163708 2
0.464190 0.279748 3.151662 2
0.454790 0.241885 3.142070 2
0.443511 0.203656 3.130577 2
0.466460 0.167216 3.154222 2
0.580562 0.138286 3.271396 3
-0.308861 0.022577 2.359238 6
0.213251 0.028195 2.894981 6
0.303313 -0.002451 2.987574 6
0.317077 -0.040663 3.001936 6
0.863984 -0.001259 3.563010 6
0.825451 -0.039737 3.523747 6
0.810672 -0.075247 3.508867 6
0.807136 -0.109141 3.505539 6
0.812267 -0.141470 3.511117 6
0.707362 -0.197377 3.403955 8
0.728333 -0.227512 3.425825 8
0.711648 -0.266305 3.409136 8
0.741612 -0.293678 3.440260 8
0.788421 -0.315742 3.488649 8
0.775794 -0.353564 3.476188 8
0.758520 -0.393261 3.459000 8
0.774019 -0.423284 3.475387 8
0.803223 -0.448493 3.505816 8
0.768848 -0.494813 3.471215 8
0.773876 -0.528186 3.476956 8
0.756086 -0.570062 3.459390 8
0.723417 -0.618379 3.426650 8
0.522142 -0.735541 3.221644 7
0.712040 -0.695958 3.416437 7
0.657615 -0.756299 3.361600 7
0.790470 -0.734895 3.498050 7
0.784477 -0.773752 3.492715 7
0.033598 2.110048 2.810312 2
0.000015 2.030402 2.773837 2
0.315927 1.818683 3.086868 2
0.302049 1.781965 3.071762 2
0.299405 1.739642 3.067879 2
0.336159 1.678962 3.103311 2
0.317501 1.644874 3.083553 2
0.322098 1.600221 3.087021 2
0.310259 1.562936 3.074130 2
0.317192 1.517804 3.080010 2
0.352695 1.461753 3.114468 2
0.338670 1.425867 3.099507 2
0.338032 1.384846 3.097953 2
0.331804 1.345968 3.090848 2
0.337960 1.302892 3.096160 2
0.326201 1.265978 3.083592 2
0.321874 1.226585 3.078490 2
0.335432 1.181926 3.091321 2
0.317882 1.146574 3.073054 2
0.314421 1.107092 3.068921 2
0.331500 1.062426 3.085392 2
0.341475 1.020069 3.094789 2
0.335632 0.981686 3.088377 2
0.340296 0.941020 3.092526 2
0.330870 0.903382 3.082588 2
0.355702 0.859257 3.107021 2
0.324829 0.825420 3.075648 2
0.356998 0.780916 3.107511 2
0.388586 0.737455 3.138833 2
0.347881 0.704296 3.097691 2
0.363842 0.663517 3.113410 2
0.344365 0.626852 3.093615 2
0.375067 0.585261 3.124189 2
0.364952 0.547606 3.113850 2
0.367499 0.508935 3.116246 2
0.372034 0.470268 3.120669 2
0.378424 0.431684 3.126985 2
0.332060 0.394367 3.080398 2
0.340051 0.355427 3.088385 2
0.365455 0.316827 3.113876 2
0.356251 0.278209 3.104673 2
0.379417 0.240431 3.127981 2
0.381017 0.202241 3.129681 2
0.461255 0.168889 3.210314 3
-0.064440 0.092324 2.683056 2
-0.370344 0.020836 2.376394 6
0.221039 0.032629 2.969905 6
0.261423 -0.003301 3.010680 6
0.301823 -0.038181 3.051498 6
0.773173 -0.010274 3.524502 6
0.735770 -0.049363 3.487301 6
0.735739 -0.083163 3.487606 6
0.758260 -0.112873 3.510546 6
0.751587 -0.147829 3.504248 6
0.653905 -0.202370 3.406784 8
0.657694 -0.236765 3.411046 8
0.698003 -0.262385 3.451920 8
0.683004 -0.301035 3.437417 8
0.708787 -0.329280 3.463784 8
0.719866 -0.361065 3.475452 8
0.712693 -0.398067 3.468878 8
0.696187 -0.438297 3.453000 8
0.702808 -0.471621 3.460296 8
0.716541 -0.502488 3.474731 8
0.692910 -0.546310 3.451838 8
0.680770 -0.586741 3.440475 8
0.361092 -0.745216 3.121908 7
0.621876 -0.682888 3.383303 7
0.628722 -0.717589 3.391031 7
0.625400 -0.756610 3.388642 7
0.751200 -0.739017 3.515107 7
0.744149 -0.778421 3.509024 7
0.134308 1.985322 2.980305 2
-0.034577 1.978905 2.812786 2
0.226841 1.801330 3.065444 2
0.228455 1.756420 3.065539 2
0.215139 1.718754 3.051145 2
0.228947 1.668739 3.063214 2
0.239234 1.620901 3.071912 2
0.225540 1.583684 3.057280 2
0.225499 1.540744 3.056003 2
0.231390 1.495690 3.060563 2
0.217618 1.458434 3.045973 2
0.246675 1.405421 3.073252 2
0.223961 1.371493 3.050011 2
0.249175 1.321050 3.073646 2
0.254478 1.277876 3.077872 2
0.243739 1.239934 3.066454 2
0.235780 1.201033 3.057792 2
0.228416 1.161890 3.049751 2
0.236863 1.118495 3.057225 2
0.257885 1.072308 3.077059 2
0.233018 1.037716 3.051999 2
0.262547 0.990399 3.080258 2
0.263588 0.949979 3.080656 2
0.246169 0.913310 3.063003 2
0.262215 0.870157 3.078186 2
0.246763 0.832847 3.062534 2
0.246657 0.792817 3.061966 2
0.285518 0.747343 3.099651 2
0.256490 0.711684 3.070798 2
0.271564 0.670251 3.085239 2
0.273893 0.630567 3.087218 2
0.246087 0.593632 3.059668 2
0.265785 0.552473 3.078766 2
0.274168 0.512566 3.086801 2
0.286912 0.472708 3.099155 2
0.273711 0.434088 3.086085 2
0.288376 0.394567 3.100403 2
0.273626 0.355648 3.085888 2
0.275543 0.316447 3.087769 2
0.269849 0.277141 3.082220 2
0.279840 0.238200 3.092101 2
0.283684 0.199222 3.095987 2
0.377890 0.165794 3.188584 3
0.050865 0.103704 2.867876 2
-0.436020 0.018774 2.390407 6
0.139728 0.027966 2.955591 6
0.210342 -0.005179 3.025181 6
0.281918 -0.036346 3.095739 6
0.713593 -0.014650 3.519473 6
0.705147 -0.049593 3.511549 6
0.698970 -0.084445 3.505887 6
0.703940 -0.117503 3.511186 6
0.720051 -0.148316 3.527436 6
0.596328 -0.208101 3.406696 8
0.628810 -0.236460 3.439067 8
0.626301 -0.272323 3.437190 8
0.674026 -0.295746 3.484537 8
0.684794 -0.327747 3.495718 8
0.709277 -0.355737 3.520351 8
0.662467 -0.404035 3.475253 8
0.669134 -0.437362 3.482525 8
0.627523 -0.486123 3.442624 8
0.640337 -0.517969 3.455985 8
0.633213 -0.556560 3.449893 8
0.604143 -0.603480 3.422408 8
0.606616 -0.639484 3.425782 7
0.576478 -0.688367 3.397366 7
0.589354 -0.720820 3.410976 7
0.581615 -0.761763 3.404515 7
0.713004 -0.742553 3.533714 7
0.685501 -0.791201 3.508030 7
0.032813 2.019113 2.953779 2
-0.100055 1.943120 2.821844 2
-0.077092 1.883894 2.841830 2
-0.124605 1.857972 2.794856 2
-0.119754 1.807656 2.797736 2
-0.098991 1.750895 2.815836 2
-0.136961 1.719398 2.778051 2
-0.156495 1.679652 2.757865 2
-0.143906 1.627144 2.768357 2
-0.154987 1.584045 2.756332 2
-0.157581 1.537801 2.752458 2
-0.211319 1.509329 2.699794 2
-0.185115 1.453097 2.723523 2
-0.177474 1.403668 2.729586 2
-0.202516 1.364540 2.704460 2
-0.225901 1.324412 2.680957 2
-0.220703 1.275928 2.684842 2
-0.213408 1.227195 2.690793 2
-0.238576 1.186865 2.665721 2
0.116835 1.056749 3.005150 2
0.175833 1.001907 3.060879 2
0.158519 0.964598 3.043568 2
0.154138 0.924417 3.038690 2
0.147471 0.884627 3.031665 2
0.163895 0.840894 3.046824 2
0.149495 0.802413 3.032475 2
0.176278 0.757858 3.057667 2
0.169231 0.718371 3.050460 2
0.165440 0.678389 3.046421 2
0.171076 0.637420 3.051471 2
0.168552 0.597356 3.048737 2
0.182547 0.556059 3.061901 2
0.175074 0.516454 3.054507 2
0.187268 0.475765 3.066033 2
0.183786 0.435943 3.062558 2
0.199263 0.395668 3.077326 2
0.174478 0.356080 3.053491 2
0.172519 0.315989 3.051610 2
0.172997 0.275891 3.052114 2
0.167390 0.235594 3.046821 2
0.183155 0.196126 3.062086 2
0.284090 0.162150 3.159137 3
0.160653 0.114422 3.040889 2
-0.516136 0.015517 2.391705 6
-0.470824 -0.029410 2.435565 6
0.183864 -0.004222 3.064096 6
0.244455 -0.036770 3.122619 6
0.663476 -0.017595 3.524941 6
0.658039 -0.052338 3.520140 6
0.656036 -0.086718 3.518671 6
0.675297 -0.117387 3.537624 6
0.669348 -0.152496 3.532448 6
0.518975 -0.217788 3.388935 8
0.597732 -0.236635 3.465016 8
0.572386 -0.277847 3.441406 8
0.626455 -0.300146 3.493878 8
0.644271 -0.330564 3.511664 8
0.636053 -0.367778 3.504572 8
0.646670 -0.399887 3.515541 8
0.600313 -0.449096 3.472069 8
0.583151 -0.490467 3.456575 8
0.557343 -0.535314 3.432876 8
0.562600 -0.570316 3.438908 8
0.550382 -0.611596 3.428298 8
0.508463 -0.664462 3.389402 7
0.504848 -0.703853 3.387121 7
0.523930 -0.734415 3.406527 7
0.507191 -0.779509 3.391832 7
0.598733 -0.778704 3.480321 7
0.656447 -0.790495 3.536568 7
-0.141727 1.895520 2.853854 2
-0.176343 1.863182 2.819683 2
0.173165 1.239972 3.128466 2
0.170036 1.199672 3.124421 2
0.175626 1.157053 3.128584 2
0.178457 1.115435 3.130223 2
0.164606 1.078112 3.116302 2
0.165648 1.037084 3.116370 2
0.151655 0.999481 3.102408 2
0.152801 0.958507 3.102674 2
0.188720 0.911003 3.135581 2
0.149107 0.878011 3.097755 2
0.164553 0.834973 3.111584 2
0.158130 0.795740 3.104964 2
0.142576 0.757673 3.089826 2
0.146390 0.716839 3.092904 2
0.139201 0.677397 3.085710 2
0.131419 0.637878 3.078007 2
0.146312 0.596263 3.091635 2
0.113199 0.558553 3.060256 2
0.115506 0.517912 3.062171 2
0.133835 0.476623 3.079176 2
0.094115 0.437746 3.041738 2
0.099403 0.396953 3.046601 2
0.108934 0.356281 3.055499 2
0.112768 0.315826 3.059098 2
0.080637 0.274759 3.028983 2
0.099864 0.234525 3.047135 3
0.165378 0.196909 3.108787 3
0.210998 0.159818 3.151808 3
0.074640 0.110740 3.024064 2
-0.666795 0.006311 2.328529 6
-0.465039 -0.024649 2.518297 6
0.161245 -0.002849 3.106393 6
0.642849 0.017349 3.558639 6
0.647036 -0.015805 3.562984 6
0.628315 -0.052377 3.545888 6
0.614253 -0.088740 3.533211 6
0.625146 -0.121098 3.543973 6
0.654930 -0.149620 3.572478 6
0.620844 -0.190513 3.541174 6
0.512423 -0.248634 3.440307 8
0.530568 -0.280426 3.458054 8
0.570066 -0.306592 3.495823 8
0.589644 -0.336952 3.514975 8
0.628604 -0.361613 3.552288 8
0.608695 -0.402162 3.534577 8
0.573503 -0.447954 3.502642 8
0.567389 -0.485728 3.497948 8
0.474672 -0.552129 3.412432 8
0.468734 -0.591654 3.408044 8
0.491649 -0.621264 3.430632 8
0.449286 -0.674461 3.392377 7
0.453737 -0.711099 3.397846 7
0.575271 -0.701344 3.512432 7
0.576555 -0.737741 3.514988 7
0.577348 -0.774493 3.517138 7
0.574466 -0.813029 3.515921 7
0.584829 -0.845836 3.527070 7
-0.107371 0.228946 2.920648 3
-0.115405 0.185719 2.913448 3
0.005495 0.149800 3.024675 3
-0.752083 0.002847 2.329967 6
-0.491834 -0.023166 2.569294 6
0.099366 -0.005840 3.112289 6
0.599945 0.015668 3.572023 6
0.584493 -0.020353 3.558315 6
0.542633 -0.060792 3.520443 6
0.596250 -0.086829 3.570172 6
0.556311 -0.128004 3.534172 6
0.590540 -0.156261 3.566203 6
0.584618 -0.191825 3.561485 6
0.473266 -0.250383 3.460268 8
0.505807 -0.279023 3.490898 8
0.509876 -0.313797 3.495501 8
0.540834 -0.341688 3.524752 8
0.548601 -0.375102 3.532824 8
0.579375 -0.401920 3.561972 8
0.557116 -0.443732 3.542693 8
0.495284 -0.498526 3.487347 8
0.384465 -0.570967 3.387395 8
0.404597 -0.602458 3.407066 8
0.411072 -0.638341 3.414322 8
0.382716 -0.686895 3.389887 7
0.370965 -0.730122 3.380662 7
0.506748 -0.716014 3.505798 7
0.518258 -0.748755 3.517794 7
0.511712 -0.788939 3.513420 7
0.530797 -0.818371 3.532396 7
0.547474 -0.848539 3.549221 7
-0.184734 0.227665 2.917876 3
-0.058577 0.148189 3.031596 3
-0.474850 -0.017484 2.659140 6
0.100639 -0.001850 3.176093 6
0.171278 -0.033137 3.240004 6
0.202617 -0.067969 3.268699 6
0.381332 -0.080212 3.429594 6
0.550723 -0.089386 3.582106 6
0.530773 -0.127201 3.564895 6
0.528070 -0.162378 3.563200 6
0.539241 -0.194925 3.573987 6
0.372401 -0.265244 3.425440 8
0.431935 -0.288759 3.479664 8
0.471323 -0.315634 3.515881 8
0.498423 -0.344680 3.541136 8
0.500211 -0.379853 3.543801 8
0.542291 -0.403833 3.582519 8
0.528125 -0.443275 3.571029 8
0.359428 -0.530521 3.421677 8
0.334856 -0.576376 3.401118 8
0.324348 -0.618353 3.393183 8
0.329909 -0.655200 3.399641 8
0.244203 -0.724922 3.324882 7
0.344772 -0.727528 3.416059 7
0.434356 -0.731814 3.497415 7
0.458021 -0.760261 3.520141 7
0.446641 -0.802782 3.511775 7
0.446824 -0.840846 3.513752 7
-2.218032 1.477059 1.214330 1
-2.154767 1.394514 1.267910 1
-2.166646 1.327677 1.255823 1
-2.202454 1.264805 1.222876 1
-2.162723 1.189114 1.256237 1
-2.158443 1.119768 1.258650 1
-2.183379 1.054557 1.235555 1
-2.198936 0.987682 1.220790 1
-2.157569 0.914352 1.256079 1
-2.168486 0.847153 1.245611 1
-2.178056 0.779640 1.236433 1
-2.157473 0.709843 1.253835 1
-2.190339 0.643681 1.224426 1
-2.151210 0.573529 1.258338 1
-2.187012 0.506787 1.226569 1
-2.171505 0.438183 1.239964 1
-2.179415 0.370137 1.232907 1
-2.161597 0.302058 1.248554 1
-2.173616 0.233859 1.238110 1
-2.175107 0.165673 1.237023 1
-2.185215 0.097041 1.228481 1
-2.172275 0.029433 1.240286 1
-2.161686 -0.038055 1.250136 1
-2.192057 -0.108715 1.224144 1
-0.497513 -0.015699 2.712044 6
0.061886 -0.002267 3.203488 6
0.126693 -0.034402 3.260924 6
0.395323 -0.037683 3.497158 6
0.415371 -0.070565 3.515377 6
0.444971 -0.101471 3.542017 6
0.176891 -0.182950 3.307850 8
0.235608 -0.210918 3.360168 8
0.254583 -0.245323 3.377714 8
0.299168 -0.273924 3.417727 8
0.357124 -0.298468 3.469473 8
0.324627 -0.343037 3.442128 8
0.324529 -0.380457 3.443194 8
0.282517 -0.429018 3.407701 8
0.294125 -0.463987 3.419137 8
0.285842 -0.504532 3.413267 8
0.329179 -0.529806 3.452502 8
0.272239 -0.585743 3.404333 8
0.247936 -0.632594 3.384728 8
0.272666 -0.663450 3.407915 8
0.248528 -0.711197 3.388619 7
0.334643 -0.719027 3.465293 7
0.368077 -0.744876 3.496154 7
0.380147 -0.778463 3.508492 7
0.379823 -0.816986 3.510129 7
0.384646 -0.853522 3.516299 7
-2.290385 1.479413 1.258533 1
-2.276198 1.406489 1.268718 1
-2.294099 1.339962 1.251558 1
-2.287969 1.269036 1.255100 1
-2.307774 1.202492 1.236543 1
-2.293632 1.130655 1.247203 1
-2.284893 1.060009 1.253359 1
-2.287218 0.991016 1.250153 1
-2.296739 0.922830 1.240895 1
-2.269110 0.850986 1.263635 1
-2.261220 0.781528 1.269564 1
-2.293316 0.715099 1.241291 1
-2.287212 0.645758 1.245929 1
-2.257985 0.575600 1.270540 1
-2.279386 0.507801 1.251804 1
-2.275782 0.439019 1.254658 1
-2.270713 0.370334 1.258891 1
-2.266865 0.301773 1.262196 1
-2.267465 0.233219 1.261800 1
-2.281862 0.164203 1.249678 1
-2.299462 0.094658 1.234928 1
-2.263795 0.027648 1.266032 1
-2.190686 -0.035923 1.329389 1
-2.117533 -0.097705 1.392886 1
-0.521193 -0.014040 2.763551 6
0.007574 -0.004327 3.217857 6
0.304250 -0.009065 3.472961 6
0.314715 -0.044196 3.482574 6
0.309043 -0.081457 3.478412 6
0.334378 -0.114037 3.500893 6
0.124608 -0.186080 3.322003 8
0.193870 -0.212466 3.382276 8
0.208794 -0.247806 3.396055 8
0.243081 -0.278814 3.426461 8
0.284447 -0.307468 3.462965 8
0.284167 -0.344913 3.463901 8
0.277973 -0.383931 3.459851 8
0.251448 -0.428507 3.438511 8
0.258531 -0.464707 3.445954 8
0.254676 -0.503976 3.444129 8
0.281826 -0.534196 3.468813 8
0.265486 -0.577422 3.456484 8
0.155188 -0.651798 3.364247 8
0.215778 -0.671360 3.417612 7
0.220515 -0.709131 3.423492 7
0.273246 -0.729411 3.470215 7
0.290768 -0.761780 3.487054 7
0.319194 -0.789578 3.513194 7
0.323029 -0.826762 3.518528 7
-2.424062 1.494327 1.252199 1
-2.432279 1.424873 1.243200 1
-2.405385 1.349015 1.263726 1
-2.441813 1.284650 1.231372 1
-2.403667 1.207884 1.261611 1
-2.410091 1.138591 1.254651 1
-2.429824 1.070995 1.236664 1
-2.416909 0.999150 1.246179 1
-2.430496 0.930528 1.233602 1
-2.413469 0.858798 1.246838 1
-2.388769 0.786947 1.266651 1
-2.424654 0.719920 1.235752 1
-2.381910 0.647658 1.270978 1
-2.389556 0.578695 1.264041 1
-2.411303 0.510016 1.245392 1
-2.413354 0.440454 1.243410 1
-2.420526 0.370888 1.237258 1
-2.403173 0.301302 1.251828 1
-2.406362 0.231758 1.249281 1
-2.410084 0.162104 1.246416 1
-2.403000 0.092802 1.252754 1
-2.422617 0.022148 1.236808 1
-2.391840 -0.045595 1.263293 1
-2.150983 -0.095648 1.466194 1
-0.522584 -0.010325 2.833306 6
0.206571 0.020459 3.445631 6
0.225191 -0.014619 3.461873 6
0.243046 -0.049384 3.477536 6
0.275482 -0.081667 3.505481 6
0.269906 -0.119123 3.501630 6
0.273175 -0.155295 3.505261 6
0.123534 -0.219138 3.380943 8
0.154937 -0.251777 3.408308 8
0.222942 -0.276159 3.466340 8
0.188114 -0.321426 3.438416 8
0.209777 -0.354586 3.457802 8
0.197889 -0.395499 3.449221 8
0.189765 -0.435856 3.443867 8
0.213222 -0.468007 3.464943 8
0.204596 -0.508754 3.459323 8
0.256895 -0.531825 3.504546 8
0.180708 -0.593351 3.442816 8
0.061419 -0.670865 3.345395 8
-0.013815 -0.736887 3.284829 7
-0.085542 -0.803821 3.227357 7
0.208154 -0.740857 3.473358 7
0.213159 -0.778376 3.479632 7
0.257797 -0.800574 3.518817 7
0.215205 -0.856732 3.485811 7
-2.521810 1.430068 1.276049 1
-2.559017 1.365415 1.243474 1
-2.533078 1.289464 1.262717 1
-2.574464 1.224673 1.226981 1
-2.539025 1.148093 1.254309 1
-2.540995 1.077347 1.251141 1
-2.552145 1.007732 1.240589 1
-2.529327 0.934384 1.258029 1
-2.530435 0.863893 1.255997 1
-2.538713 0.794022 1.248223 1
-2.538889 0.723465 1.247236 1
-2.549190 0.653519 1.238080 1
-2.527329 0.581982 1.255461 1
-2.529810 0.511764 1.253004 1
-2.533554 0.441534 1.249650 1
-2.528964 0.371175 1.253279 1
-2.529078 0.300906 1.253185 1
-2.551289 0.230221 1.235092 1
-2.545547 0.159834 1.240086 1
-2.501804 0.091198 1.276411 1
-2.519559 0.020202 1.262397 1
-2.531731 -0.050899 1.253109 1
-2.515419 -0.120078 1.267333 1
-0.598825 -0.013585 2.840406 6
-0.103068 -0.008491 3.247700 6
0.048043 -0.031513 3.372315 6
0.099518 -0.063738 3.415277 6
0.213469 -0.085891 3.509477 6
0.121283 -0.137053 3.434856 6
-0.023025 -0.199255 3.317698 8
0.103754 -0.216592 3.422562 8
0.149370 -0.246391 3.461025 8
0.154799 -0.283334 3.466673 8
0.158504 -0.320603 3.470986 8
0.146792 -0.361408 3.462784 8
0.120876 -0.406043 3.443078 8
0.071501 -0.457409 3.404341 8
0.097949 -0.489891 3.427549 8
0.100487 -0.528512 3.431333 8
0.025886 -0.589764 3.372401 8
-0.256595 -0.716538 3.144541 7
-0.180765 -0.736696 3.208371 7
-0.132991 -0.764352 3.249409 7
0.056507 -0.742178 3.405479 7
0.071962 -0.777391 3.420266 7
0.071387 -0.818303 3.422134 7
0.073444 -0.858396 3.426223 7
0.087059 -0.894036 3.439742 7
-2.695905 1.451127 1.242675 1
-2.667750 1.373467 1.262901 1
-2.678853 1.303117 1.251889 1
-2.677268 1.230696 1.251182 1
-2.662226 1.156554 1.261408 1
-2.664730 1.085140 1.257740 1
-2.672272 1.014354 1.250187 1
-2.649189 0.940310 1.267332 1
-2.683805 0.872180 1.238373 1
-2.688458 0.800911 1.233585 1
-2.638573 0.725946 1.272696 1
-2.677180 0.657093 1.240973 1
-2.658530 0.584908 1.255335 1
-2.697401 0.514959 1.223693 1
-2.662952 0.442754 1.251038 1
-2.627166 0.371393 1.279608 1
-2.650823 0.300545 1.260622 1
-2.679344 0.229029 1.237882 1
-2.654007 0.158441 1.258516 1
-2.665734 0.086868 1.249555 1
-2.647338 0.016622 1.264915 1
-2.666867 -0.055757 1.249999 1
-2.686961 -0.128711 1.234786 1
-0.610529 -0.010870 2.900804 6
-0.120961 -0.006612 3.294039 6
-0.024063 -0.035874 3.372460 6
0.058736 -0.064622 3.439623 6
0.158948 -0.088956 3.520768 6
0.020810 -0.147233 3.411123 6
-1.961651 -0.512862 1.825802 1
-0.190039 -0.262605 3.244693 8
0.028859 -0.262874 3.421010 8
0.139396 -0.279685 3.510651 8
0.056563 -0.335267 3.445854 8
-0.133916 -0.417399 3.295302 8
-0.592613 -0.710785 2.937365 7
-0.403635 -0.703825 3.089974 7
-0.323305 -0.725051 3.156106 7
-0.234101 -0.741602 3.229279 7
-0.176114 -0.766263 3.277664 7
-0.076038 -0.775285 3.359426 7
-0.078430 -0.818083 3.359993 7
-0.056076 -0.852057 3.380238 7
-0.020918 -0.880779 3.410663 7
-2.831108 1.464397 1.244135 1
-2.808620 1.386932 1.259265 1
-2.811986 1.314376 1.254360 1
-2.830459 1.244152 1.237800 1
-2.838081 1.172101 1.229885 1
-2.801849 1.094429 1.256470 1
-2.806558 1.022427 1.251170 1
-2.782122 0.947421 1.268866 1
-2.815276 0.878290 1.241600 1
-2.826404 0.806710 1.231749 1
-2.790719 0.731829 1.258763 1
-2.804797 0.660556 1.246921 1
-2.818081 0.588954 1.235861 1
-2.814545 0.516562 1.238153 1
-2.816023 0.444371 1.236672 1
-2.782551 0.371948 1.262770 1
-2.809826 0.299970 1.241373 1
-2.817195 0.227690 1.235752 1
-2.819637 0.155367 1.234158 1
-2.802624 0.083778 1.247984 1
-2.830794 0.010119 1.226534 1
-2.828629 -0.062256 1.229037 1
-2.822405 -0.134315 1.234884 1
-2.798741 -0.204715 1.254559 1
-0.160389 -0.006965 3.323079 6
-0.044712 -0.034236 3.414498 6
0.039888 -0.062693 3.481612 6
-0.066295 -0.115614 3.399433 6
-0.136632 -0.165768 3.345455 6
-1.886868 -0.491508 1.977850 1
-1.871197 -0.550635 1.992022 1
-1.839566 -0.606512 2.018792 1
-1.924423 -0.685002 1.954718 1
-0.602513 -0.702051 2.999056 7
-0.447907 -0.705107 3.121592 7
-0.321818 -0.712965 3.221897 7
-0.244966 -0.733137 3.283945 7
-0.192964 -0.759577 3.326731 7
-0.111786 -0.775045 3.392130 7
-2.954262 1.475099 1.257758 1
-2.993176 1.407633 1.225439 1
-2.967722 1.328995 1.242457 1
-2.964476 1.254420 1.242691 1
-2.932764 1.176142 1.264878 1
-2.959036 1.106000 1.242889 1
-2.950311 1.031369 1.247848 1
-2.961948 0.959103 1.237394 1
-2.958130 0.885263 1.238946 1
-2.929918 0.809701 1.259361 1
-2.968903 0.739274 1.228463 1
-2.932438 0.663932 1.255555 1
-2.952265 0.591847 1.239675 1
-2.951641 0.518717 1.239641 1
-2.958490 0.445759 1.234048 1
-2.947829 0.372549 1.242051 1
-2.923228 0.299680 1.260914 1
-2.960782 0.226282 1.232291 1
-2.949799 0.153420 1.241053 1
-2.958511 0.079974 1.234887 1
-2.942501 0.007611 1.247842 1
-2.936769 -0.065088 1.253088 1
-2.954841 -0.139547 1.240266 1
-2.931411 -0.210795 1.259411 1
-2.704023 -0.260901 1.434899 1
-0.234554 -0.051775 3.326747 6
-0.353406 -0.107672 3.236757 6
-0.283533 -0.140585 3.291294 6
-2.939392 -0.578595 1.261869 1
-2.967942 -0.656949 1.242289 1
-2.968651 -0.731301 1.244172 1
-2.974937 -0.806849 1.241976 1
-0.529020 -0.670884 3.123224 7
-0.504483 -0.709796 3.144302 7
-0.387762 -0.721016 3.235358 7
-0.501629 -0.033892 3.185931 6
-0.481859 -0.075363 3.201681 6
-0.400450 -0.108785 3.263614 6
-2.814163 -0.259255 1.558810 1
-2.266710 -0.268866 1.960502 1
-2.150552 -0.318593 2.046989 1
-2.296232 -0.265755 2.031800 1
-2.207855 -0.318667 2.096557 1
-2.313310 -0.261326 2.111299 1
-2.209483 -0.312022 2.185403 1
-2.372764 -0.261507 2.161097 1
-2.273773 -0.312921 2.230273 1
-2.381373 -0.256245 2.245250 1
-2.297959 -0.309050 2.302526 1
-3.026714 0.946878 1.192107 1
-3.020040 1.018077 1.229084 1
-2.988520 1.028736 1.222992 1
-2.978547 1.087811 1.251744 1
-2.946672 1.096784 1.244323 1
-2.918889 1.114733 1.243293 1
-2.885327 1.120652 1.233277 1
-2.853045 1.129648 1.225316 1
-2.850420 1.196759 1.260701 1
-2.813132 1.195470 1.244882 1
-2.788655 1.218753 1.247426 1
-2.761104 1.236155 1.245412 1
-2.712579 1.216703 1.214806 1
-2.717611 1.290759 1.256426 1
-2.676031 1.284191 1.235348 1
-2.664127 1.327155 1.253019 1
-2.636046 1.343183 1.249402 1
-2.622163 1.381353 1.263436 1
-2.583950 1.381691 1.246932 1
-2.568615 1.416755 1.258450 1
-2.534141 1.423374 1.246606 1
-2.509825 1.444917 1.246874 1
-2.490972 1.473902 1.253296 1
-2.456377 1.481205 1.241364 1
-2.430112 1.500057 1.238985 1
-2.398092 1.511538 1.230098 1
-2.355730 1.510365 1.209915 1
-2.327211 1.527232 1.205104 1
-3.011741 0.830971 1.173633 1
-3.018593 0.939475 1.234935 1
-3.008151 1.001541 1.264615 1
-2.968504 0.993841 1.245670 1
-2.938418 1.008723 1.242333 1
-2.908205 1.023336 1.238676 1
-2.879798 1.041790 1.237634 1
-2.872516 1.103370 1.267609 1
-2.816681 1.065691 1.225797 1
-2.801544 1.109849 1.243198 1
-2.783033 1.146193 1.255008 1
-2.755358 1.164643 1.253612 1
-2.717577 1.164856 1.238452 1
-2.691114 1.185732 1.238561 1
-2.674770 1.223725 1.251601 1
-2.630897 1.214853 1.228832 1
-2.628942 1.275443 1.259285 1
-2.594371 1.282238 1.248232 1
-2.574401 1.312207 1.255108 1
-2.546018 1.328912 1.251499 1
-2.514001 1.340345 1.243524 1
-2.505501 1.386099 1.262974 1
-2.451032 1.365773 1.228948 1
-2.441248 1.408889 1.246256 1
-2.417801 1.432547 1.247674 1
-2.401027 1.464841 1.256231 1
-2.384224 1.496567 1.264369 1
-2.361935 1.520885 1.266255 1
-2.311856 1.510800 1.238520 1
-2.261260 1.501455 1.210783 1
-2.236522 1.523936 1.210274 1
-3.023384 0.778463 1.200818 1
-3.022971 0.872264 1.250303 1
-2.989139 0.880246 1.242358 1
-2.968120 0.918763 1.255006 1
-2.930361 0.917651 1.240596 1
-2.901053 0.936220 1.239485 1
-2.868280 0.947131 1.232958 1
-2.850310 0.989375 1.248178 1
-2.809565 0.983689 1.229763 1
-2.778819 0.999040 1.225928 1
-2.757289 1.032296 1.234756 1
-2.746960 1.085829 1.258239 1
-2.711480 1.091284 1.247098 1
-2.684626 1.112781 1.247434 1
-2.649851 1.120241 1.237345 1
-2.628706 1.151434 1.244641 1
-2.611154 1.187968 1.255964 1
-2.578995 1.199922 1.248831 1
-2.549610 1.216582 1.245073 1
-2.528038 1.245429 1.250515 1
-2.475791 1.227475 1.219747 1
-2.463321 1.269951 1.235518 1
-2.460971 1.325981 1.262137 1
-2.448577 1.366213 1.276586 1
-2.404444 1.361813 1.255446 1
-2.388163 1.396010 1.265027 1
-2.369493 1.426450 1.271624 1
-2.321002 1.418076 1.246291 1
-2.294648 1.438850 1.244606 1
-2.268915 1.460414 1.243452 1
-2.242204 1.480800 1.241175 1
-2.213193 1.498541 1.236488 1
-2.183917 1.516166 1.231502 1
-3.019638 0.683340 1.201158 1
-3.009049 0.755461 1.234740 1
-2.992446 0.809085 1.256563 1
-2.954909 0.809817 1.243700 1
-2.924922 0.829068 1.242891 1
-2.888113 0.832553 1.231449 1
-2.866232 0.869736 1.242469 1
-2.824962 0.864032 1.224476 1
-2.816698 0.928559 1.254124 1
-2.788507 0.949934 1.254432 1
-2.757741 0.965948 1.250950 1
-2.727447 0.982910 1.248000 1
-2.695533 0.996831 1.242788 1
-2.662529 1.008927 1.236122 1
-2.644147 1.047431 1.248130 1
-2.617211 1.070013 1.248784 1
-2.585588 1.084409 1.243429 1
-2.537402 1.071523 1.217959 1
-2.523136 1.115077 1.233588 1
-2.502929 1.148087 1.241552 1
-2.489237 1.190516 1.256618 1
-2.444218 1.184637 1.235354 1
-2.417615 1.207069 1.235210 1
-2.409694 1.256290 1.255563 1
-2.366976 1.255244 1.237210 1
-2.351063 1.292030 1.248032 1
-2.333470 1.325844 1.256610 1
-2.288246 1.322767 1.235869 1
-2.276579 1.363898 1.250186 1
-2.261271 1.399593 1.260264 1
-2.231265 1.416604 1.255133 1
-2.214633 1.449913 1.263284 1
-2.189893 1.473196 1.263121 1
-3.022006 0.600636 1.211688 1
-3.008890 0.669614 1.242026 1
-2.979984 0.694833 1.244879 1
-2.953275 0.724852 1.250769 1
-2.914361 0.724612 1.237179 1
-2.897222 0.776117 1.256883 1
-2.854097 0.766621 1.236962 1
-2.841120 0.824999 1.261309 1
-2.789386 0.797967 1.229384 1
-2.770593 0.841973 1.244293 1
-2.744953 0.870628 1.249033 1
-2.703879 0.868168 1.232719 1
-2.689949 0.918969 1.252382 1
-2.648146 0.915799 1.235209 1
-2.631074 0.958892 1.249700 1
-2.614074 1.000868 1.263557 1
-2.558980 0.975448 1.230207 1
-2.544236 1.020606 1.246221 1
-2.530502 1.066179 1.262706 1
-2.485885 1.060583 1.242564 1
-2.463816 1.091737 1.248666 1
-2.442300 1.123209 1.255017 1
-2.418448 1.150629 1.258404 1
-2.393176 1.175623 1.259959 1
-2.359136 1.187805 1.251843 1
-2.340510 1.222018 1.260171 1
-2.305287 1.232843 1.250701 1
-2.292017 1.273600 1.264032 1
-2.259572 1.288326 1.257278 1
-2.245531 1.326983 1.269085 1
-2.217775 1.347681 1.266796 1
-2.184292 1.361400 1.258791 1
-3.022271 0.393599 1.161767 1
-3.022017 0.507728 1.217877 1
-3.000330 0.557280 1.235118 1
-2.981598 0.612379 1.255933 1
-2.944770 0.618913 1.246841 1
-2.904270 0.616886 1.232218 1
-2.875579 0.644172 1.235749 1
-2.843339 0.662525 1.233609 1
-2.826884 0.716413 1.254004 1
-2.787907 0.718719 1.241528 1
-2.766737 0.759839 1.253877 1
-2.720160 0.746835 1.231122 1
-2.702393 0.793711 1.247203 1
-2.665626 0.801612 1.237721 1
-2.649568 0.849758 1.254787 1
-2.614888 0.861538 1.247672 1
-2.591311 0.893877 1.254254 1
-2.568108 0.926192 1.260845 1
-2.523309 0.920379 1.241326 1
-2.519441 0.985037 1.270114 1
-2.466678 0.966752 1.241518 1
-2.451469 1.010815 1.256155 1
-2.406646 1.007106 1.237139 1
-2.395879 1.056883 1.255901 1
-2.371515 1.084878 1.259219 1
-2.342837 1.106198 1.257667 1
-2.315664 1.129652 1.257569 1
-2.265428 1.120647 1.233412 1
-2.264346 1.180407 1.259978 1
-2.235687 1.201503 1.257867 1
-2.193467 1.204851 1.242165 1
-2.195767 1.266115 1.270431 1
-3.017244 0.275792 1.157600 1
-3.020045 0.404854 1.220408 1
-3.000877 0.465093 1.243139 1
-2.963739 0.473879 1.235391 1
-2.930545 0.493348 1.233896 1
-2.914083 0.554963 1.257805 1
-2.871875 0.550494 1.241740 1
-2.838044 0.567194 1.238368 1
-2.804663 0.584893 1.235500 1
-2.771532 0.603074 1.232827 1
-2.747191 0.640408 1.242034 1
-2.728812 0.689320 1.258599 1
-2.670898 0.654612 1.222268 1
-2.655940 0.709302 1.242488 1
-2.625516 0.731691 1.242135 1
-2.602732 0.768481 1.251050 1
-2.550806 0.749973 1.223888 1
-2.530494 0.790815 1.235327 1
-2.516848 0.842406 1.254001 1
-2.488132 0.866341 1.254400 1
-2.436682 0.851665 1.228704 1
-2.427021 0.907512 1.250441 1
-2.396279 0.927744 1.248061 1
-2.372733 0.959289 1.253377 1
-2.331525 0.963206 1.239467 1
-2.309045 0.995992 1.245516 1
-2.303308 1.052792 1.268595 1
-2.277924 1.079843 1.270743 1
-2.222052 1.063938 1.241898 1
-2.219876 1.123240 1.267129 1
-2.167466 1.113631 1.242187 1
-0.994156 1.351473 0.838062 0
-1.004867 1.414688 0.867032 0
-1.015340 1.476464 0.895212 0
-0.985578 1.507759 0.893390 0
-3.024571 0.190068 1.174671 1
-3.017566 0.295567 1.221814 1
-2.994978 0.350242 1.240303 1
-2.959381 0.366173 1.236572 1
-2.923915 0.382383 1.232897 1
-2.899080 0.426205 1.245285 1
-2.871107 0.460374 1.252088 1
-2.836691 0.477659 1.248901 1
-2.801008 0.491854 1.243763 1
-2.775769 0.530283 1.253075 1
-2.734146 0.530719 1.239437 1
-2.691083 0.528925 1.224185 1
-2.690065 0.617398 1.264114 1
-2.651725 0.624997 1.254506 1
-2.614243 0.634854 1.246102 1
-2.573597 0.638939 1.233885 1
-2.552464 0.681001 1.245445 1
-2.520862 0.702413 1.243951 1
-2.487197 0.719967 1.239888 1
-2.470564 0.767744 1.255254 1
-2.430555 0.773798 1.243579 1
-2.403645 0.802585 1.246593 1
-2.396639 0.863704 1.271009 1
-2.364171 0.882014 1.267153 1
-2.331754 0.900506 1.263284 1
-2.290829 0.906066 1.250497 1
-2.261046 0.929024 1.249333 1
-2.254164 0.985436 1.271180 1
-2.199565 0.972028 1.244689 1
-2.184372 1.015311 1.257496 1
-1.003135 1.187089 0.840759 0
-1.001273 1.243226 0.861238 0
-0.995958 1.295679 0.878682 0
-1.013882 1.365438 0.912699 0
-1.012617 1.419048 0.932097 0
-0.985123 1.452280 0.932198 0
-0.982390 1.503587 0.949837 0
-3.014644 0.045606 1.161299 1
-3.022768 0.204409 1.235956 1
-2.990028 0.232628 1.238876 1
-2.959662 0.266714 1.245062 1
-2.912888 0.254207 1.225027 1
-2.888580 0.303561 1.239753 1
-2.868546 0.361899 1.259745 1
-2.828588 0.367570 1.249687 1
-2.787757 0.371721 1.238558 1
-2.763505 0.415846 1.250502 1
-2.726012 0.427947 1.243774 1
-2.690555 0.444874 1.239745 1
-2.662967 0.478933 1.245788 1
-2.635095 0.511507 1.250968 1
-2.594417 0.516935 1.239788 1
-2.578432 0.572544 1.258876 1
-2.541117 0.584579 1.251512 1
-2.517526 0.623080 1.260298 1
-2.471764 0.619467 1.242988 1
-2.453543 0.666832 1.257265 1
-2.406255 0.661535 1.238474 1
-2.368375 0.673667 1.230405 1
-2.350724 0.720210 1.244196 1
-2.337662 0.773068 1.262220 1
-2.304534 0.792266 1.258546 1
-2.266570 0.803977 1.249828 1
-2.238027 0.830548 1.250733 1
-2.206229 0.852034 1.248187 1
-2.194078 0.902255 1.264874 1
-1.007704 1.072093 0.861170 0
-1.014006 1.136950 0.888094 0
-1.014892 1.196001 0.910439 0
-0.986290 1.229999 0.910863 0
-1.015620 1.310123 0.952833 0
-0.984599 1.341274 0.950929 0
-0.996343 1.405135 0.979173 0
-1.010016 1.469144 1.008180 0
-0.979088 1.499350 1.005605 0
-3.021462 -0.051910 1.176750 1
-3.031844 0.121110 1.256322 1
-2.989679 0.123196 1.244836 1
-2.948265 0.128325 1.234805 1
-2.919100 0.168908 1.243925 1
-2.884262 0.192249 1.243652 1
-2.850411 0.217725 1.244504 1
-2.816002 0.241166 1.244186 1
-2.785664 0.274359 1.249271 1
-2.759827 0.317499 1.259979 1
-2.712728 0.308953 1.241454 1
-2.685445 0.347281 1.249400 1
-2.660938 0.390631 1.260293 1
-2.625131 0.408089 1.256285 1
-2.583553 0.413402 1.245077 1
-2.549445 0.434744 1.243072 1
-2.519817 0.464903 1.246201 1
-2.485894 0.486125 1.243990 1
-2.458519 0.519685 1.249101 1
-2.441723 0.572130 1.265665 1
-2.404529 0.586146 1.258977 1
-2.361498 0.590177 1.245986 1
-2.353298 0.654866 1.270317 1
-2.307150 0.653797 1.253901 1
-2.282270 0.688607 1.259747 1
-2.250462 0.711705 1.258191 1
-2.218214 0.734047 1.256060 1
-2.186784 0.757618 1.254621 1
-1.002652 0.882135 0.850727 0
-1.042298 0.980948 0.903414 0
-1.015224 1.017845 0.906013 0
-1.000382 1.065244 0.917336 0
-0.978208 1.105853 0.923052 0
-0.991972 1.176088 0.954192 0
-1.015866 1.253041 0.991823 0
-1.007811 1.302720 1.006285 0
-1.029329 1.374767 1.040933 0
-0.986487 1.396116 1.030558 0
-1.029202 1.481799 1.078678 0
-0.977555 1.496422 1.062002 0
-3.029561 -0.150047 1.194039 1
-3.026109 -0.014284 1.251442 1
-2.996104 0.029587 1.261673 1
-2.941640 -0.002611 1.232127 1
-2.914790 0.049120 1.246423 1
-2.881642 0.080639 1.250130 1
-2.840892 0.090322 1.242175 1
-2.801524 0.104059 1.236248 1
-2.769608 0.137104 1.240650 1
-2.733678 0.159156 1.239072 1
-2.704646 0.197606 1.246424 1
-2.667109 0.214844 1.242108 1
-2.643044 0.262869 1.254813 1
-2.616057 0.302739 1.263079 1
-2.572540 0.305716 1.250592 1
-2.531891 0.315549 1.241771 1
-2.522878 0.390606 1.270113 1
-2.487975 0.411151 1.267380 1
-2.452892 0.431279 1.264312 1
-2.413667 0.443542 1.256541 1
-2.371352 0.450482 1.245457 1
-2.344594 0.486098 1.251190 1
-2.310115 0.507426 1.248398 1
-2.277023 0.531120 1.246932 1
-2.247493 0.560665 1.248945 1
-2.214927 0.584877 1.247660 1
-2.187505 0.617200 1.251307 1
-1.017781 0.701485 0.853519 0
-0.994803 0.745529 0.860735 0
-1.018025 0.832861 0.901672 0
-1.002391 0.881997 0.913372 0
-1.021028 0.961570 0.949454 0
-1.018385 1.020354 0.969523 0
-0.998517 1.063139 0.976909 0
-1.031615 1.150580 1.021196 0
-1.018418 1.197244 1.032394 0
-1.006485 1.244394 1.044157 0
-0.988664 1.286290 1.051591 0
-0.994972 1.346662 1.075123 0
-1.029643 1.427535 1.117180 0
-0.993519 1.453558 1.111339 0
-0.999030 1.510301 1.132964 0
-3.023212 -0.303635 1.185903 1
-3.022366 -0.150350 1.249702 1
-2.982068 -0.134701 1.244966 1
-2.944240 -0.111430 1.243995 1
-2.902241 -0.101296 1.236273 1
-2.882195 -0.026926 1.261380 1
-2.843840 -0.007937 1.258166 1
-2.800606 -0.002442 1.247853 1
-2.758615 0.007001 1.239428 1
-2.729893 0.050851 1.248980 1
-2.690749 0.067220 1.244039 1
-2.664403 0.114499 1.255499 1
-2.620932 0.119981 1.244592 1
-2.585222 0.143826 1.243435 1
-2.562503 0.196123 1.257736 1
-2.527403 0.219938 1.256549 1
-2.481224 0.220274 1.242306 1
-2.462191 0.277000 1.259238 1
-2.434363 0.314329 1.265480 1
-2.398724 0.335635 1.262703 1
-2.368498 0.367107 1.265629 1
-2.326612 0.376560 1.255903 1
-2.296847 0.408344 1.258900 1
-2.266361 0.438350 1.260853 1
-2.229771 0.457504 1.256405 1
-2.195597 0.480818 1.254297 1
-1.017064 0.565253 0.867940 0
-1.001431 0.618362 0.881210 0
-1.022613 0.707005 0.920983 0
-1.008987 0.759760 0.934649 0
-1.022030 0.836958 0.967025 0
-1.028019 0.905826 0.993646 0
-1.022966 0.963227 1.011886 0
-0.985197 0.990613 1.006908 0
-1.014981 1.076958 1.048474 0
-1.023887 1.143355 1.074913 0
-1.010131 1.189518 1.085435 0
-1.026456 1.259661 1.115842 0
-1.011503 1.303328 1.124826 0
-1.011747 1.358424 1.143573 0
-1.001143 1.404329 1.154822 0
-0.992999 1.451549 1.167385 0
-1.000839 1.509863 1.189916 0
-3.018086 -0.461739 1.179571 1
-3.018067 -0.295881 1.246818 1
-2.982267 -0.260618 1.251338 1
-2.924443 -0.297650 1.220484 1
-2.907069 -0.205568 1.252826 1
-2.870407 -0.176502 1.254299 1
-2.826793 -0.168464 1.245260 1
-2.781939 -0.163384 1.234581 1
-2.755546 -0.107499 1.249423 1
-2.722984 -0.070250 1.254937 1
-2.675328 -0.072705 1.240135 1
-2.639479 -0.044773 1.240778 1
-2.598832 -0.028951 1.235097 1
-2.570711 0.016235 1.244666 1
-2.535404 0.043637 1.244957 1
-2.503012 0.076998 1.248374 1
-2.473964 0.116773 1.255228 1
-2.433616 0.131862 1.248847 1
-2.402939 0.166874 1.253135 1
-2.396011 0.248200 1.282751 1
-2.337904 0.227560 1.256631 1
-2.288713 0.225771 1.240528 1
-2.272139 0.285035 1.258256 1
-2.240850 0.316086 1.260320 1
-2.206152 0.340725 1.258727 1
-1.004788 0.337932 0.847391 0
-1.030279 0.438865 0.892427 0
-1.016102 0.495348 0.907266 0
-0.998897 0.547783 0.919466 0
-1.016918 0.634944 0.956592 0
-1.004858 0.690236 0.971449 0
-0.999277 0.750905 0.990451 0
-1.019460 0.834833 1.026918 0
-0.997348 0.877530 1.033374 0
-1.026233 0.966090 1.074455 0
-1.022228 1.023184 1.092386 0
-0.994538 1.058725 1.093996 0
-1.017896 1.137611 1.129403 0
-1.045302 1.217975 1.166736 0
-1.026237 1.258500 1.172982 0
-1.008613 1.299877 1.179961 0
-1.030137 1.371474 1.211833 0
-1.003237 1.404473 1.212290 0
-1.011767 1.463967 1.234989 0
-0.973218 1.487939 1.227800 0
-3.027828 -0.573870 1.198623 1
-3.012866 -0.452964 1.242226 1
-2.980743 -0.399256 1.254776 1
-2.975344 -0.259816 1.308000 1
-2.931916 -0.250893 1.299765 1
-2.881187 -0.264078 1.280806 1
-2.834600 -0.262981 1.268459 1
-2.790319 -0.254261 1.259619 1
-2.743490 -0.252159 1.247401 1
-2.716369 -0.195899 1.261622 1
-2.671099 -0.189557 1.251290 1
-2.629403 -0.173472 1.245642 1
-2.585913 -0.161699 1.237720 1
-2.566598 -0.091696 1.259084 1
-2.523677 -0.079490 1.251298 1
-2.481153 -0.066015 1.244017 1
-2.455644 -0.014809 1.256073 1
-2.422640 0.018670 1.259050 1
-2.388264 0.048576 1.260162 1
-2.345977 0.061930 1.252520 1
-2.308720 0.085599 1.250208 1
-2.271095 0.108423 1.247368 1
-2.249260 0.160845 1.260414 1
-2.219096 0.196493 1.264498 1
-2.175252 0.207010 1.254833 1
-1.009329 0.193352 0.864708 0
-0.979970 0.237167 0.869750 0
-1.021137 0.357836 0.925948 0
-1.001867 0.410103 0.937224 0
-0.997121 0.476870 0.958493 0
-1.001836 0.552017 0.985870 0
-1.023117 0.642151 1.024136 0
-1.015088 0.701062 1.041242 0
-0.991013 0.743443 1.046909 0
-1.010411 0.826581 1.081824 0
-0.997427 0.877703 1.094219 0
-1.027857 0.967466 1.135138 0
-1.018685 1.019754 1.149107 0
-1.016692 1.077504 1.167404 0
-1.030526 1.147713 1.195506 0
-1.014734 1.191716 1.204031 0
-1.015955 1.249148 1.223120 0
-1.019444 1.307382 1.243215 0
-1.013076 1.356875 1.256731 0
-1.000653 1.401062 1.266191 0
-1.012144 1.462672 1.290078 0
-1.002482 1.507605 1.300629 0
-3.020356 -0.758808 1.187560 1
-3.004966 -0.629335 1.232940 1
-2.973100 -0.567433 1.248229 1
-2.939055 -0.516557 1.258661 1
-2.959380 -0.289046 1.350342 1
-2.923792 -0.254440 1.354006 1
-2.874706 -0.262622 1.337786 1
-2.823055 -0.276825 1.318510 1
-2.789695 -0.236586 1.324626 1
-2.734515 -0.258461 1.301318 1
-2.692217 -0.243280 1.295379 1
-2.635055 -0.266722 1.270751 1
-2.586119 -0.266900 1.257029 1
-2.544352 -0.248400 1.252201 1
-2.517942 -0.193270 1.265270 1
-2.468810 -0.192819 1.251446 1
-2.444833 -0.134651 1.266150 1
-2.398593 -0.127358 1.255508 1
-2.349643 -0.125164 1.242102 1
-2.327429 -0.066477 1.257229 1
-2.284443 -0.051767 1.249992 1
-2.250316 -0.019261 1.251807 1
-2.224877 0.029395 1.262022 1
-2.180802 0.041797 1.253339 1
-1.040277 -0.006842 0.873545 0
-1.002488 0.029459 0.873343 0
-1.023441 0.134167 0.916030 0
-1.005349 0.191357 0.929336 0
-1.016850 0.280671 0.963406 0
-1.015507 0.353637 0.987504 0
-1.013151 0.423904 1.010247 0
-1.007612 0.489329 1.030181 0
-0.996077 0.547295 1.045469 0
-1.007470 0.627352 1.075900 0
-1.016539 0.703220 1.104043 0
-1.043948 0.795060 1.143725 0
-1.019473 0.835448 1.148337 0
-1.004629 0.884469 1.159048 0
-0.996486 0.938932 1.173790 0
-1.011678 1.013252 1.203103 0
-1.029996 1.088604 1.233766 0
-1.012320 1.131589 1.241158 0
-1.007025 1.184491 1.256046 0
-0.993070 1.229522 1.265241 0
-1.023459 1.309468 1.301329 0
-1.016977 1.358650 1.314350 0
-1.005423 1.403284 1.324025 0
-1.014071 1.462554 1.345511 0
-0.992356 1.498493 1.348615 0
-3.015466 -0.746057 1.254131 1
-2.960116 -0.765196 1.233051 1
-2.928545 -0.697650 1.249848 1
-2.879328 -0.694079 1.238505 1
-2.841981 -0.650722 1.244740 1
-2.919741 -0.245259 1.413570 1
-2.860742 -0.284215 1.383822 1
-2.822174 -0.259236 1.382741 1
-2.770136 -0.273306 1.363750 1
-2.739241 -0.227000 1.372316 1
-2.679805 -0.258968 1.344655 1
-2.634787 -0.250510 1.335485 1
-2.585494 -0.252270 1.321360 1
-2.525421 -0.279234 1.295076 1
-2.470637 -0.291026 1.275639 1
-2.429500 -0.269564 1.271882 1
-2.387959 -0.249099 1.267564 1
-2.339870 -0.242954 1.256178 1
-2.296037 -0.226988 1.249422 1
-2.276117 -0.161236 1.267165 1
-2.240829 -0.128770 1.268558 1
-2.235349 -0.038245 1.299091 1
-2.203186 -0.002299 1.302447 1
-1.011014 -0.208740 0.864475 0
-1.018949 -0.112913 0.899042 0
-1.015894 -0.033034 0.924640 0
-1.017759 0.050785 0.953042 0
-0.989384 0.097295 0.959145 0
-0.994864 0.181918 0.988792 0
-1.020878 0.287395 1.031941 0
-1.018034 0.358347 1.054170 0
-1.013628 0.426095 1.074741 0
-1.002807 0.485716 1.090445 0
-0.987002 0.539156 1.102390 0
-1.003694 0.624499 1.135423 0
-1.015070 0.702492 1.164216 0
-0.997794 0.751009 1.173811 0
-1.000110 0.817440 1.195668 0
-0.996277 0.876834 1.213110 0
-1.007206 0.948554 1.239404 0
-1.018526 1.019051 1.265361 0
-1.011683 1.072230 1.279558 0
-1.027740 1.144082 1.307403 0
-1.018048 1.192878 1.319083 0
-1.037556 1.264849 1.347998 0
-1.032522 1.315598 1.361739 0
-1.012994 1.354279 1.366628 0
-1.012637 1.407395 1.382571 0
-1.024759 1.469010 1.405410 0
-1.029874 1.524279 1.423778 0
-2.838743 -0.805003 1.251188 1
-2.793552 -0.783714 1.247231 1
-2.893766 -0.305330 1.442265 1
-2.852783 -0.287524 1.437984 1
-2.817578 -0.252898 1.441058 1
-2.760224 -0.282434 1.415656 1
-2.715702 -0.273753 1.406992 1
-2.673037 -0.259620 1.400652 1
-2.624249 -0.261128 1.387118 1
-2.572073 -0.270004 1.370017 1
-2.525931 -0.262604 1.360145 1
-2.473153 -0.270273 1.343138 1
-2.419289 -0.278942 1.325404 1
-2.374792 -0.265092 1.317976 1
-2.318739 -0.276066 1.298672 1
-2.263633 -0.283356 1.280822 1
-2.244453 -0.214978 1.299028 1
-2.222418 -0.154738 1.313546 1
-2.207247 -0.082974 1.333878 1
-2.182050 -0.032858 1.343860 1
-1.010003 -0.476761 0.846124 0
-1.000948 -0.395998 0.869736 0
-1.013063 -0.289799 0.908114 0
-1.004557 -0.212769 0.930482 0
-1.001237 -0.131107 0.955876 0
-0.995361 -0.054536 0.978727 0
-0.991836 0.023062 1.002555 0
-1.019016 0.134610 1.046915 0
-1.027403 0.221522 1.077325 0
-1.016879 0.285125 1.094173 0
-1.009928 0.351406 1.112929 0
-1.014629 0.428828 1.138873 0
-1.011789 0.496551 1.159235 0
-1.024991 0.579356 1.189453 0
-0.997495 0.619201 1.192885 0
-1.020764 0.708814 1.228346 0
-0.993439 0.747308 1.231245 0
-1.019364 0.835934 1.267107 0
-1.008579 0.888318 1.279587 0
-1.028364 0.967641 1.310394 0
-1.050946 1.047556 1.342235 0
-1.020297 1.079266 1.341543 0
-1.014546 1.132230 1.355559 0
-1.012776 1.187698 1.371593 0
-1.008744 1.240398 1.385954 0
-1.030921 1.313227 1.415135 0
-1.024019 1.361653 1.427096 0
-1.008760 1.403038 1.434045 0
-1.026200 1.468566 1.459224 0
-1.039439 1.529636 1.481580 0
-0.928515 1.500470 1.434771 0
-2.852548 -0.267614 1.501650 1
-2.815498 -0.239425 1.501805 1
-2.761924 -0.258779 1.481473 1
-2.706366 -0.281331 1.459469 1
-2.656054 -0.287537 1.444294 1
-2.617102 -0.263066 1.442395 1
-2.574392 -0.248383 1.436125 1
-2.513511 -0.277611 1.410166 1
-2.465776 -0.273123 1.398977 1
-2.421465 -0.259966 1.391537 1
-2.355334 -0.295128 1.361951 1
-2.323704 -0.252425 1.367674 1
-2.257257 -0.284471 1.338888 1
-2.221173 -0.251247 1.340078 1
-2.197855 -0.192998 1.353020 1
-2.183150 -0.119724 1.373249 1
-2.167592 -0.050608 1.391788 1
-1.001589 -0.675846 0.851702 0
-1.004492 -0.573966 0.885023 0
-1.022263 -0.454906 0.928159 0
-1.023074 -0.361864 0.957858 0
-1.007111 -0.293013 0.974758 0
-1.029517 -0.177054 1.018036 0
-1.030049 -0.091640 1.044974 0
-1.049520 0.014603 1.084133 0
-1.018832 0.058232 1.088276 0
-1.010070 0.126958 1.106894 0
-1.002538 0.195643 1.125794 0
-1.026527 0.298067 1.164820 0
-1.024868 0.369641 1.186272 0
-1.006561 0.421836 1.196486 0
-1.012792 0.498997 1.221959 0
-1.022497 0.577946 1.248992 0
-0.995158 0.617781 1.252353 0
-1.001169 0.690214 1.276082 0
-1.019429 0.772883 1.306722 0
-1.012095 0.829353 1.321238 0
-0.993043 0.874033 1.328390 0
-0.983811 0.927157 1.341145 0
-1.029058 1.027851 1.385540 0
-0.998467 1.059836 1.384974 0
-1.035613 1.149550 1.423356 0
-0.990582 1.168414 1.414086 0
-1.004331 1.235858 1.438164 0
-1.031503 1.312610 1.469286 0
-1.001449 1.342765 1.468001 0
-1.011845 1.404021 1.488974 0
-0.999042 1.446705 1.496860 0
-0.995152 1.495522 1.509392 0
-0.948610 1.513067 1.498742 0
-2.831804 -0.309765 1.538796 1
-2.802216 -0.258826 1.548130 1
-2.757776 -0.251959 1.539192 1
-2.717321 -0.233632 1.534950 1
-2.657276 -0.267213 1.508669 1
-2.617457 -0.245872 1.505435 1
-2.552151 -0.288215 1.474806 1
-2.502805 -0.288486 1.461931 1
-2.455202 -0.283586 1.451119 1
-2.406895 -0.279504 1.439786 1
-2.368339 -0.252891 1.438239 1
-2.314548 -0.259595 1.421827 1
-2.262166 -0.261898 1.407137 1
-2.206785 -0.269149 1.389981 1
-2.170600 -0.236525 1.390713 1
-2.182320 -0.110980 1.434082 1
-2.146516 -0.080941 1.433944 1
-1.000902 -0.770924 0.895003 0
-1.020859 -0.642553 0.940437 0
-1.005645 -0.566686 0.959390 0
-1.012444 -0.462920 0.993245 0
-1.000763 -0.386497 1.013225 0
-1.018632 -0.273687 1.052921 0
-0.997575 -0.213412 1.065042 0
-1.023147 -0.096502 1.108095 0
-1.015390 -0.023451 1.127873 0
-1.020158 0.062842 1.155306 0
-1.017149 0.137923 1.176956 0
-1.016651 0.214158 1.199628 0
-1.033213 0.307670 1.232538 0
-1.019017 0.365129 1.245308 0
-1.014607 0.432077 1.263796 0
-1.010280 0.497745 1.281856 0
-1.018958 0.575454 1.307376 0
-1.010760 0.634391 1.322118 0
-1.028020 0.717362 1.351680 0
-1.020292 0.774204 1.365810 0
-1.006736 0.824577 1.376179 0
-1.024268 0.903030 1.404298 0
-0.996488 0.938557 1.405793 0
-1.016022 1.016006 1.434113 0
-1.020903 1.078900 1.453585 0
-1.033990 1.147561 1.477225 0
-1.013076 1.186395 1.481557 0
-1.024758 1.251608 1.503642 0
-1.023162 1.304869 1.518062 0
-1.001488 1.341568 1.521352 0
-1.017156 1.406726 1.544499 0
-1.021943 1.462372 1.561438 0
-1.023280 1.514524 1.576233 0
-0.920210 1.490877 1.536297 0
-2.793074 -0.266204 1.599379 1
-2.747515 -0.262478 1.589302 1
-2.702426 -0.256694 1.579927 1
-2.656483 -0.252492 1.569777 1
-2.602416 -0.268280 1.551232 1
-2.555508 -0.264362 1.540621 1
-2.497538 -0.286287 1.519032 1
-2.452745 -0.275075 1.511115 1
-2.412129 -0.253904 1.507316 1
-2.351942 -0.276199 1.484847 1
-2.301177 -0.275915 1.471784 1
-2.244580 -0.286823 1.453657 1
-2.204603 -0.262054 1.450878 1
-2.157700 -0.251262 1.441884 1
-2.156824 -0.150355 1.472819 1
-2.122641 -0.116512 1.474173 1
-1.025095 -0.729582 0.987356 0
-1.016540 -0.642575 1.010919 0
-0.988842 -0.584182 1.020472 0
-1.018002 -0.450249 1.068502 0
-1.011023 -0.368178 1.090803 0
-1.018919 -0.268937 1.122348 0
-1.015641 -0.186550 1.145645 0
-1.008841 -0.110546 1.165977 0
-1.004647 -0.033136 1.187399 0
-1.031051 0.078768 1.227693 0
-1.014242 0.137247 1.239782 0
-1.041803 0.245189 1.279116 0
-1.010800 0.284811 1.281443 0
-1.003667 0.350235 1.298163 0
-0.991016 0.408460 1.311115 0
-1.003600 0.492117 1.338760 0
-1.015895 0.573442 1.365586 0
-1.016949 0.641520 1.385220 0
-1.029474 0.719483 1.411025 0
-1.018684 0.773137 1.422892 0
-1.020057 0.837450 1.441361 0
-1.018793 0.898056 1.457927 0
-1.022927 0.962436 1.477121 0
-0.983810 0.987131 1.472041 0
-1.047302 1.101422 1.523071 0
-1.030092 1.143638 1.529413 0
-1.026734 1.197023 1.543023 0
-1.038127 1.261612 1.564187 0
-1.015395 1.297590 1.566934 0
-1.014825 1.350794 1.581173 0
-1.010297 1.400117 1.593071 0
-1.009424 1.451495 1.606603 0
-1.002695 1.497794 1.616881 0
-0.969437 1.524461 1.613537 0
0.216072 1.780547 1.297041 2
0.236069 1.826479 1.301638 2
0.281473 1.861083 1.295080 2
0.323742 1.897626 1.289947 2
0.525569 1.867700 1.216258 2
-2.772643 -0.306197 1.637753 1
-2.744923 -0.251629 1.647646 1
-2.685631 -0.284830 1.623113 1
-2.658016 -0.231913 1.632412 1
-2.599692 -0.259281 1.609769 1
-2.547804 -0.268137 1.594259 1
-2.499979 -0.265705 1.583109 1
-2.455639 -0.254233 1.575496 1
-2.396304 -0.276392 1.553937 1
-2.358920 -0.247807 1.553101 1
-2.293892 -0.279138 1.527229 1
-2.247623 -0.268469 1.518646 1
-2.201613 -0.256735 1.510386 1
-2.146626 -0.262369 1.494580 1
-2.132608 -0.187120 1.513358 1
-2.115327 -0.120632 1.528627 1
-1.019817 -0.730707 1.057519 0
-1.021534 -0.629566 1.087130 0
-1.024600 -0.529441 1.116744 0
-1.036933 -0.419661 1.151610 0
-1.012515 -0.361485 1.161470 0
-1.007045 -0.279911 1.183197 0
-1.015210 -0.183121 1.212984 0
-1.006564 -0.109728 1.231358 0
-0.997198 -0.038848 1.248751 0
-1.011798 0.058910 1.280411 0
-1.029233 0.157328 1.312991 0
-1.018756 0.221348 1.327938 0
-1.017056 0.293894 1.347703 0
-1.030674 0.381558 1.375993 0
-1.037582 0.459842 1.399689 0
-1.016831 0.507329 1.406838 0
-1.013930 0.572547 1.423970 0
-0.998679 0.624058 1.433693 0
-1.004928 0.695999 1.455202 0
-1.004569 0.760002 1.472555 0
-1.003365 0.821960 1.489044 0
-0.993095 0.874362 1.500220 0
-1.008757 0.949498 1.525114 0
-1.026123 1.024441 1.550399 0
-1.002153 1.061714 1.553281 0
-1.066438 1.174008 1.602364 0
-1.035468 1.203556 1.600991 0
-1.044658 1.266044 1.620293 0
-1.018689 1.299168 1.621249 0
-1.011952 1.347342 1.631888 0
-1.031442 1.414995 1.655477 0
-1.028001 1.463968 1.667209 0
-1.020465 1.509244 1.676686 0
-0.963642 1.518540 1.661829 0
0.175457 1.513918 1.308500 2
0.189751 1.563867 1.316159 2
0.243029 1.593761 1.306653 2
-0.239843 1.889797 1.529877 2
-0.191818 1.916943 1.521236 2
0.334725 1.719953 1.307965 2
0.168928 1.852213 1.391793 2
0.419238 1.794617 1.298859 2
0.220694 1.936951 1.395311 2
0.355032 1.933848 1.351861 2
0.435394 1.955546 1.331301 2
-2.735078 -0.261164 1.697616 1
-2.687966 -0.261319 1.686322 1
-2.643681 -0.253076 1.678103 1
-2.593547 -0.259138 1.664254 1
-2.543848 -0.262766 1.651164 1
-2.500535 -0.249883 1.644371 1
-2.452387 -0.247934 1.633171 1
-2.390727 -0.275638 1.610013 1
-2.332748 -0.292709 1.590783 1
-2.298114 -0.257752 1.592294 1
-2.247095 -0.257768 1.579599 1
-2.198957 -0.250848 1.569563 1
-2.135056 -0.274482 1.546746 1
-2.123048 -0.195407 1.566375 1
-2.098995 -0.141836 1.575607 1
-1.026979 -0.714049 1.135413 0
-1.020526 -0.625055 1.158420 0
-1.018460 -0.532391 1.183548 0
-0.992147 -0.474797 1.192410 0
-1.032701 -0.330254 1.243182 0
-1.008930 -0.273177 1.252455 0
-1.032005 -0.158009 1.290297 0
-1.010440 -0.101341 1.299929 0
-1.001520 -0.030341 1.316860 0
-1.022557 0.074606 1.351168 0
-1.022536 0.152197 1.372207 0
-1.007542 0.210968 1.383966 0
-1.011051 0.289299 1.406059 0
-1.018154 0.369727 1.429653 0
-0.992195 0.412920 1.434003 0
-1.017332 0.509194 1.466750 0
-0.973803 0.532510 1.460766 0
-1.030377 0.656799 1.509671 0
-1.041174 0.732357 1.532715 0
-1.015004 0.770541 1.535392 0
-1.009538 0.828073 1.548973 0
-1.011370 0.891369 1.566086 0
-1.008263 0.948960 1.580245 0
-1.008610 1.008622 1.595878 0
-1.036841 1.091460 1.625468 0
-1.026248 1.139172 1.634759 0
-1.000420 1.173555 1.636170 0
-1.016863 1.242429 1.658606 0
-0.996638 1.280468 1.662474 0
-1.033213 1.362815 1.694091 0
-0.999545 1.389194 1.690980 0
-1.001185 1.442366 1.704911 0
-0.979902 1.477827 1.707616 0
0.187605 1.266752 1.309131 2
0.174518 1.334451 1.329375 2
0.243944 1.354766 1.313377 2
0.242259 1.415199 1.328325 2
0.292615 1.447077 1.320710 2
0.310419 1.496590 1.327053 2
-0.137211 1.782726 1.530118 2
-0.240390 1.885955 1.585658 2
-0.238383 1.935187 1.596550 2
-0.181298 1.958018 1.584475 2
-0.151512 1.994284 1.583783 2
0.150942 1.909101 1.471747 2
0.198754 1.941341 1.464506 2
0.712423 1.777580 1.269695 2
0.742425 1.823992 1.271024 2
0.527066 1.968353 1.369852 2
0.358818 2.088953 1.448768 2
-2.716922 -0.293737 1.739054 1
-2.695415 -0.224401 1.753480 1
-2.642572 -0.239760 1.736756 1
-2.592109 -0.247213 1.722759 1
-2.530344 -0.280965 1.698685 1
-2.488915 -0.263307 1.693751 1
-2.437909 -0.267804 1.680305 1
-2.392338 -0.258763 1.671882 1
-2.338620 -0.267053 1.656631 1
-2.290251 -0.262422 1.646210 1
-2.243351 -0.253912 1.637169 1
-2.185634 -0.266732 1.619544 1
-2.136268 -0.261305 1.608950 1
-2.097284 -0.235012 1.606606 1
-2.094505 -0.140694 1.631854 1
-2.041302 -0.142523 1.618167 1
-1.002308 -0.844263 1.164649 0
-0.995636 -0.752598 1.187517 0
-1.000272 -0.647559 1.216830 0
-1.006440 -0.543437 1.246233 0
-1.008044 -0.448404 1.271965 0
-1.016496 -0.346942 1.301136 0
-1.014489 -0.261763 1.323188 0
-1.024637 -0.163415 1.351863 0
-1.003028 -0.106924 1.361056 0
-0.998951 -0.030199 1.380159 0
-1.024074 0.079316 1.415568 0
-1.011185 0.141658 1.428445 0
-1.002584 0.207685 1.443377 0
-1.026702 0.308788 1.476156 0
-1.019576 0.373089 1.490928 0
-1.022835 0.447218 1.510992 0
-1.001856 0.494330 1.517475 0
-1.024889 0.585995 1.547311 0
-1.021471 0.648734 1.562478 0
-1.020220 0.712404 1.578423 0
-1.037630 0.792829 1.603698 0
-1.041029 0.858099 1.621226 0
-1.042476 0.920248 1.637377 0
-1.017521 0.957265 1.639847 0
-0.995341 0.996573 1.643614 0
-1.020468 1.076786 1.670721 0
-1.044211 1.153896 1.696618 0
-1.029108 1.196757 1.703100 0
-1.009932 1.235866 1.707466 0
-0.946124 1.238968 1.690365 0
0.712514 -0.007367 0.916979 6
0.193510 0.947249 1.296309 2
0.190473 1.013332 1.312976 2
0.204600 1.067640 1.321855 2
0.238596 1.109263 1.321954 2
0.273920 1.150236 1.321458 2
0.310044 1.190934 1.320609 2
-0.128809 1.505259 1.521238 2
-0.153453 1.574180 1.544474 2
-0.182010 1.643948 1.568990 2
-0.166274 1.688618 1.574761 2
-0.174944 1.745858 1.590491 2
-0.183561 1.802271 1.605965 2
-0.235165 1.879275 1.638666 2
-0.198950 1.911898 1.635492 2
-0.187693 1.956691 1.642351 2
-0.177964 2.001965 1.649718 2
-0.166180 2.046074 1.656169 2
-0.116171 2.073359 1.647543 2
0.215255 1.982262 1.529446 2
0.840692 1.777636 1.299233 2
0.840313 1.837391 1.312544 2
0.526741 2.018133 1.445198 2
-2.674815 -0.262837 1.792585 1
-2.626885 -0.264448 1.781119 1
-2.582426 -0.256232 1.773051 1
-2.538697 -0.245692 1.765732 1
-2.482441 -0.264507 1.747593 1
-2.428177 -0.276667 1.731657 1
-2.368811 -0.298617 1.711866 1
-2.341869 -0.247382 1.719179 1
-2.276864 -0.278924 1.695414 1
-2.225030 -0.280439 1.682711 1
-2.184870 -0.257174 1.679321 1
-2.127220 -0.268528 1.662533 1
-2.079335 -0.259437 1.653450 1
-2.090832 -0.138089 1.688261 1
-2.028270 -0.157309 1.668080 1
-0.998583 -0.842924 1.235525 0
-1.009285 -0.726777 1.268182 0
-1.000758 -0.641034 1.288118 0
-1.012974 -0.529089 1.319965 0
-1.010074 -0.440696 1.341894 0
-1.040588 -0.310739 1.382882 0
-1.018106 -0.252901 1.391922 0
-1.030752 -0.151870 1.420877 0
-1.025956 -0.075126 1.439145 0
-1.009863 -0.013806 1.450553 0
-1.011659 0.067521 1.471577 0
-1.011883 0.145072 1.491193 0
-1.001348 0.208614 1.504450 0
-1.022625 0.306302 1.534489 0
-1.005619 0.359679 1.543420 0
-1.016520 0.442026 1.566824 0
-1.029955 0.525041 1.591011 0
-1.006095 0.567823 1.595370 0
-1.010918 0.639010 1.614269 0
-1.010075 0.703089 1.629872 0
-0.999933 0.756951 1.640454 0
-1.015575 0.834329 1.663606 0
-1.004093 0.884815 1.672916 0
-1.031790 0.970116 1.701128 0
-0.975486 0.978673 1.688167 0
-0.964349 1.027520 1.697042 0
0.268216 0.034373 1.125771 6
0.360922 0.035149 1.101012 6
0.459450 0.033016 1.073925 6
0.510710 0.070771 1.069122 6
0.602608 0.077058 1.045728 6
0.736059 0.053169 1.003802 6
0.804597 0.081164 0.991802 6
0.956689 0.048578 0.942615 6
0.169608 0.696501 1.310590 2
0.215466 0.731471 1.306259 2
0.208214 0.803521 1.325139 2
0.227536 0.856458 1.332196 2
0.304951 0.870664 1.314179 2
0.287246 0.947698 1.336940 2
-0.162344 1.296264 1.541852 2
-0.163952 1.354534 1.555723 2
-0.133814 1.392861 1.556159 2
-0.192336 1.483627 1.593194 2
-0.182570 1.532748 1.601671 2
-0.189747 1.591017 1.616906 2
-0.195919 1.647909 1.631504 2
-0.161302 1.682139 1.629530 2
-0.215266 1.763061 1.662833 2
-0.222036 1.817916 1.677007 2
-0.243726 1.879481 1.696828 2
-0.211781 1.913931 1.695477 2
-0.243714 1.978884 1.718849 2
-0.201340 2.008319 1.713360 2
-0.156089 2.037022 1.706854 2
-0.176769 2.095129 1.725410 2
-0.068432 2.097523 1.695194 2
-0.011555 2.123285 1.684619 2
0.219059 2.080309 1.609743 2
0.935404 1.853246 1.356906 2
0.663899 2.015359 1.469032 2
1.011625 2.003527 1.367176 2
-2.641914 -0.333801 1.821215 1
-2.617566 -0.272600 1.831483 1
-2.571957 -0.267250 1.822542 1
-2.523424 -0.268324 1.811251 1
-2.468319 -0.283900 1.794705 1
-2.436691 -0.243523 1.797820 1
-2.375707 -0.270101 1.777036 1
-2.316792 -0.289738 1.758463 1
-2.285585 -0.248406 1.761803 1
-2.217765 -0.283988 1.737029 1
-2.176432 -0.263236 1.732702 1
-2.120902 -0.270404 1.717934 1
-2.091855 -0.225266 1.722588 1
-2.056825 -0.192437 1.722681 1
-2.017497 -0.167955 1.719613 1
-1.019008 -0.806409 1.320468 0
-1.002849 -0.729739 1.335547 0
-1.018370 -0.610640 1.368810 0
-1.006319 -0.532852 1.385073 0
-1.025225 -0.415473 1.418646 0
-1.038567 -0.308883 1.448149 0
-1.003610 -0.267340 1.449720 0
-1.003867 -0.181868 1.470720 0
-1.012478 -0.088245 1.495739 0
-1.008454 -0.012328 1.513254 0
-1.014890 0.074211 1.535918 0
-1.026146 0.164167 1.560574 0
-0.999910 0.209295 1.564930 0
-1.021127 0.306670 1.593796 0
-1.031846 0.390026 1.616596 0
-1.010129 0.436747 1.622350 0
-1.023661 0.519762 1.645697 0
-1.028544 0.591907 1.664207 0
-1.026488 0.655509 1.678872 0
-1.010034 0.703711 1.686158 0
-0.986247 0.744225 1.689704 0
-0.954775 0.777176 1.689450 0
-0.011069 -0.034103 1.255366 6
0.049329 -0.010317 1.245430 6
0.131382 -0.004989 1.225520 6
0.218696 -0.002686 1.203491 6
0.267985 0.033757 1.199246 6
0.354284 0.039645 1.178217 6
0.444837 0.043686 1.155602 6
0.403586 0.155114 1.192196 3
0.174585 0.411276 1.311245 2
0.179993 0.478589 1.325351 2
0.213750 0.523623 1.326853 2
0.238888 0.574995 1.332025 2
0.278995 0.615302 1.330679 2
0.294375 0.673278 1.339834 2
-0.166191 1.059573 1.549283 2
-0.166682 1.120168 1.563137 2
-0.183256 1.190553 1.583423 2
-0.182380 1.248364 1.596202 2
-0.189644 1.310576 1.612093 2
-0.226241 1.389978 1.639606 2
-0.175614 1.414901 1.631645 2
-0.246764 1.512481 1.672356 2
-0.214693 1.547861 1.671601 2
-0.231506 1.611025 1.690055 2
-0.227747 1.661789 1.700213 2
-0.236865 1.718970 1.715205 2
-0.238405 1.771356 1.727067 2
-0.288895 1.848191 1.757427 2
-0.286931 1.897023 1.767493 2
-0.255311 1.930956 1.766272 2
-0.238230 1.972066 1.770502 2
-0.200814 2.003716 1.767142 2
-0.166069 2.037003 1.764822 2
-0.168717 2.087029 1.776207 2
-0.151103 2.127916 1.780093 2
-0.083600 2.148140 1.765959 2
0.016058 2.156600 1.740526 2
0.236223 2.119917 1.672621 2
0.034751 2.247652 1.754502 2
0.421932 2.154074 1.628892 2
0.689070 2.111650 1.546799 2
0.719046 2.156617 1.547870 2
0.886547 2.155965 1.501691 2
-2.620297 -0.249788 1.892010 1
-2.563123 -0.274196 1.873356 1
-2.522398 -0.256298 1.868711 1
-2.468388 -0.269749 1.853384 1
-2.414056 -0.282204 1.838198 1
-2.377988 -0.252155 1.837472 1
-2.338140 -0.230886 1.833718 1
-2.255481 -0.300446 1.798109 1
-2.216360 -0.275484 1.795353 1
-2.171040 -0.263199 1.788071 1
-2.115696 -0.270155 1.773798 1
-2.074116 -0.249321 1.769378 1
-2.052101 -0.191811 1.778291 1
-1.983513 -0.220999 1.755497 1
-1.014680 -0.806095 1.389388 0
-1.006436 -0.718448 1.408296 0
-1.021274 -0.600884 1.439732 0
-1.009928 -0.522622 1.455595 0
-1.038620 -0.392689 1.493171 0
-1.010119 -0.341670 1.498426 0
-1.019247 -0.243132 1.523842 0
-1.048384 -0.122142 1.559298 0
-1.006910 -0.091633 1.556500 0
-1.034587 0.022324 1.589878 0
-1.008663 0.069704 1.594705 0
-1.011731 0.150038 1.614204 0
-1.009015 0.221910 1.630291 0
-1.001071 0.286410 1.643358 0
-1.041517 0.402309 1.680101 0
-1.016900 0.445497 1.684091 0
-1.024919 0.522369 1.703813 0
-0.954400 0.517045 1.685297 0
-0.952278 0.581891 1.699691 0
-0.332725 0.038258 1.422393 6
-0.233253 0.018993 1.393440 6
-0.112208 -0.018275 1.355002 6
-0.019591 -0.026100 1.330275 6
0.052233 -0.013066 1.315411 6
0.135487 -0.008984 1.295631 6
-0.056172 0.236027 1.398837 3
0.099501 0.176655 1.346567 3
0.130662 0.225464 1.349763 3
0.222545 0.224369 1.326490 2
0.218347 0.302168 1.344976 2
0.276462 0.329690 1.336509 2
0.276904 0.402290 1.352582 2
-0.144827 0.791701 1.545623 2
-0.191903 0.890493 1.579435 2
-0.190259 0.951699 1.592556 2
-0.196425 1.017558 1.608648 2
-0.206226 1.084862 1.625945 2
-0.194110 1.136191 1.634121 2
-0.232134 1.220250 1.662206 2
-0.228451 1.275404 1.673298 2
-0.251979 1.347137 1.694922 2
-0.219861 1.383009 1.694476 2
-0.278498 1.474011 1.729205 2
-0.234716 1.502112 1.724017 2
-0.269961 1.576434 1.749069 2
-0.255821 1.621277 1.755041 2
-0.249771 1.670342 1.763970 2
-0.283687 1.740490 1.787685 2
-0.290167 1.794763 1.800895 2
-0.300670 1.850379 1.815399 2
-0.260558 1.879882 1.811225 2
-0.268078 1.933099 1.824383 2
-0.247691 1.972365 1.827323 2
-0.218010 2.007344 1.826914 2
-0.197339 2.046633 1.829720 2
-0.177862 2.086484 1.832922 2
-0.153259 2.124167 1.834303 2
-0.148766 2.170343 1.842665 2
-0.073607 2.187708 1.826561 2
0.151466 2.147701 1.759357 2
0.033513 2.242867 1.809769 2
0.456321 2.135562 1.676849 2
0.614299 2.132097 1.634614 2
0.678899 2.164099 1.624094 2
0.796938 2.179241 1.596060 2
0.923819 2.193743 1.565528 2
-2.596580 -0.295020 1.929932 1
-2.556468 -0.275753 1.925771 1
-2.524774 -0.236210 1.928163 1
-2.467191 -0.258756 1.910351 1
-2.415788 -0.264939 1.897689 1
-2.359081 -0.281603 1.881390 1
-2.312313 -0.274814 1.872717 1
-2.251206 -0.297657 1.853954 1
-2.225003 -0.246388 1.860121 1
-2.163200 -0.268146 1.841400 1
-2.104900 -0.280923 1.825515 1
-2.033098 -0.317834 1.801000 1
-2.045622 -0.194520 1.832377 1
-1.969925 -0.236697 1.805716 1
-1.013586 -0.801122 1.459656 0
-1.023569 -0.687942 1.487745 0
-1.009855 -0.611150 1.502078 0
-1.019533 -0.504270 1.528595 0
-1.016165 -0.417882 1.547421 0
-1.024057 -0.318966 1.571652 0
-1.044004 -0.207314 1.601520 0
-0.995695 -0.184546 1.595456 0
-1.017749 -0.074866 1.625304 0
-1.019700 0.007496 1.644291 0
-1.007989 0.071735 1.655987 0
-0.992715 0.130593 1.665613 0
-1.040459 0.259799 1.705718 0
-1.020745 0.310261 1.712364 0
-0.986238 0.343918 1.711752 0
-0.604204 0.007081 1.546740 6
-0.549421 0.026916 1.538211 6
-0.462375 0.014409 1.514845 6
-0.410615 0.039305 1.508086 6
-0.331981 0.038317 1.489196 6
-0.221073 0.007825 1.456092 6
-0.121023 -0.009606 1.428414 6
-0.009400 -0.035415 1.396100 6
0.064498 -0.024303 1.380861 6
-0.131425 0.227851 1.482926 3
-0.085334 0.260878 1.479071 3
-0.017819 0.275972 1.466127 3
0.095694 0.253709 1.433959 3
-0.154590 0.531971 1.554638 2
-0.186976 0.625880 1.582773 2
-0.180487 0.687083 1.594410 2
-0.202585 0.769444 1.617500 2
-0.213526 0.841679 1.635673 2
-0.213654 0.904617 1.649194 2
-0.210889 0.964524 1.661332 2
-0.211641 1.026098 1.674652 2
-0.245644 1.109787 1.700767 2
-0.285005 1.195253 1.728538 2
-0.294526 1.258985 1.744369 2
-0.250271 1.286805 1.739397 2
-0.255225 1.346341 1.753163 2
-0.290036 1.423520 1.777950 2
-0.276662 1.469821 1.784369 2
-0.295408 1.534845 1.802595 2
-0.316656 1.600157 1.821469 2
-0.285339 1.634539 1.820887 2
-0.314847 1.702743 1.842348 2
-0.310985 1.751589 1.851507 2
-0.310039 1.801503 1.861581 2
-0.298100 1.845245 1.867627 2
1.005374 1.241579 1.419571 2
1.005760 1.306664 1.432810 2
1.044199 1.352975 1.432696 2
-0.238371 2.012504 1.886978 2
-0.222193 2.053460 1.891262 2
-0.202731 2.092905 1.894391 2
-0.135747 2.112036 1.881500 2
-0.148102 2.165333 1.895335 2
-0.161945 2.218522 1.909493 2
-0.042549 2.218643 1.879563 2
0.167682 2.186481 1.820346 2
0.445126 2.133862 1.740133 2
0.557331 2.146387 1.714397 2
0.629302 2.175006 1.701946 2
0.729450 2.195356 1.680732 2
1.013521 2.157727 1.601694 2
0.956317 2.233181 1.630941 2
-2.548989 -0.279430 1.977278 1
-2.506262 -0.266700 1.971057 1
-2.446927 -0.292619 1.952658 1
-2.420626 -0.240773 1.958616 1
-2.379563 -0.223453 1.953707 1
-2.314257 -0.258474 1.931937 1
-2.234363 -0.321444 1.900802 1
-2.202240 -0.282048 1.902650 1
-2.159059 -0.265717 1.896976 1
-2.098191 -0.283708 1.879852 1
-2.015771 -0.340883 1.849365 1
-2.021064 -0.230935 1.874838 1
-1.972658 -0.222703 1.866146 1
-1.020658 -0.784341 1.533740 0
-1.024866 -0.680068 1.557416 0
-1.016090 -0.596854 1.573590 0
-1.006465 -0.516890 1.588841 0
-1.008385 -0.423465 1.609563 0
-1.010917 -0.331726 1.630030 0
-1.016159 -0.238924 1.651306 0
-0.995911 -0.180524 1.659397 0
-1.011151 -0.079569 1.684626 0
-1.000479 -0.012545 1.696680 0
-0.971830 0.031907 1.699794 0
-0.851679 -0.029816 1.659389 0
-0.597403 -0.239565 1.556837 8
-0.656577 -0.091773 1.601927 6
-0.659087 -0.010015 1.619996 6
-0.602687 0.007162 1.610845 6
-0.519323 -0.003052 1.589685 6
-0.451008 0.004016 1.575611 6
-0.361144 -0.009308 1.552251 6
-0.328976 0.036147 1.554542 6
-0.225900 0.013041 1.526029 6
-0.137843 0.006617 1.504463 6
-0.002708 -0.041494 1.463246 6
-0.235609 0.247740 1.577831 3
-0.173821 0.265207 1.567266 2
-0.201126 0.361181 1.593732 2
-0.236541 0.461860 1.623032 2
-0.203487 0.502871 1.623965 2
-0.236494 0.597964 1.651486 2
-0.250847 0.675869 1.671065 2
-0.242861 0.734675 1.681451 2
-0.232159 0.790620 1.690584 2
-0.222310 0.846554 1.699887 2
-0.244420 0.925431 1.721372 2
-0.263454 1.000471 1.741320 2
-0.265650 1.062122 1.754544 2
-0.243399 1.105913 1.758342 2
-0.277055 1.187433 1.782975 2
-0.312398 1.268285 1.807841 2
-0.335448 1.339372 1.827798 2
-0.334104 1.393579 1.838544 2
-0.319615 1.438953 1.844371 2
-0.322285 1.494455 1.856280 2
-0.298554 1.533554 1.858605 2
-0.325446 1.602001 1.878814 2
-0.303984 1.641712 1.881754 2
-0.349581 1.718493 1.908027 2
-0.344153 1.765932 1.916277 2
-0.342017 1.814688 1.925551 2
-0.292060 1.838344 1.918415 2
-0.300306 1.891959 1.931085 2
-0.254682 1.918479 1.925507 2
-0.253566 1.966874 1.934863 2
-0.198218 1.989592 1.926167 2
-0.156194 2.019217 1.921998 2
1.152938 1.490672 1.504830 2
1.184009 1.541154 1.507344 2
1.189561 1.602444 1.518060 2
1.203636 1.659850 1.525943 2
-0.023990 2.206321 1.927125 2
0.204268 2.167130 1.864716 2
0.417835 2.138200 1.807809 2
0.491897 2.163905 1.795005 2
0.587977 2.183193 1.775640 2
1.014805 2.092586 1.655435 2
-2.537923 -0.292020 2.025958 1
-2.511335 -0.240388 2.031413 1
-2.464319 -0.238327 2.022090 1
-2.404352 -0.264847 2.003994 1
-2.350261 -0.275965 1.990369 1
-2.309084 -0.257646 1.985655 1
-2.245316 -0.286731 1.966171 1
-2.195786 -0.284155 1.956344 1
-2.151165 -0.270860 1.949794 1
-1.988389 -0.487555 1.869854 1
-1.992610 -0.374979 1.894486 1
-2.010982 -0.240343 1.926730 1
-1.928983 -0.293015 1.898328 1
-1.009665 -0.793848 1.597574 0
-1.024024 -0.675288 1.625352 0
-1.026737 -0.576495 1.646491 0
-1.026370 -0.484633 1.665504 0
-1.036730 -0.380911 1.689272 0
-0.993295 -0.350335 1.686229 0
-0.965249 -0.299991 1.690589 0
-0.951536 -0.232391 1.701604 0
-0.923556 -0.183690 1.705597 0
-0.900507 -0.129672 1.711739 0
-0.880565 -0.072809 1.719123 0
-0.853466 -0.025128 1.723037 0
-0.799601 -0.008273 1.714752 0
-0.693710 -0.048404 1.683378 6
-0.671244 0.005116 1.689442 6
-0.586960 -0.007904 1.668315 6
-0.525744 0.005113 1.657553 6
-0.450531 0.004763 1.640965 6
-0.354490 -0.014967 1.615823 6
-0.311364 0.019617 1.613377 6
-0.216979 0.005008 1.589600 6
-0.109062 -0.020220 1.560657 6
-0.206604 0.147296 1.616205 2
-0.200667 0.215945 1.628804 2
-0.238233 0.322138 1.658614 2
-0.212628 0.370684 1.662746 2
-0.239117 0.463357 1.687326 2
-0.232571 0.526299 1.698553 2
-0.244057 0.603094 1.716558 2
-0.268234 0.688591 1.739119 2
-0.291374 0.771419 1.760892 2
-0.271237 0.819150 1.765956 2
-0.280752 0.888910 1.782032 2
-0.305929 0.968998 1.803654 2
-0.294951 1.021243 1.811611 2
-0.306008 1.088550 1.827485 2
-0.280649 1.129432 1.829918 2
-0.310961 1.208020 1.852318 2
-0.290060 1.250925 1.856116 2
-0.346266 1.343762 1.887123 2
-0.337317 1.392860 1.894800 2
-0.329029 1.441914 1.902599 2
-0.304855 1.480857 1.904806 2
-0.302300 1.532642 1.914400 2
-0.348586 1.612211 1.940466 2
-0.366506 1.673832 1.956583 2
-0.324175 1.700994 1.952305 2
-0.350626 1.765909 1.970962 2
-0.370092 1.825893 1.987059 2
-0.311868 1.844782 1.977512 2
-0.259361 1.867494 1.969990 2
-0.275111 1.924494 1.984611 2
-0.232274 1.952585 1.980295 2
-0.216128 1.993683 1.984550 2
-0.212212 2.040255 1.992628 2
-0.121618 2.048150 1.973487 2
-0.078625 2.078231 1.969450 2
-0.048650 2.114335 1.969521 2
-0.118001 2.191117 2.000048 2
-0.043626 2.209078 1.986470 2
0.210578 2.159339 1.918837 2
0.393462 2.141551 1.873587 2
0.495960 2.156523 1.852949 2
0.545726 2.191845 1.848232 2
0.998040 2.091483 1.725534 2
-2.499329 -0.255221 2.079071 1
-2.458705 -0.238050 2.074295 1
-2.406235 -0.247668 2.061713 1
-2.350168 -0.263739 2.047090 1
-2.287669 -0.291817 2.028732 1
-2.249361 -0.266751 2.025966 1
-2.195309 -0.274093 2.013469 1
-1.956946 -0.647471 1.889882 1
-1.951968 -0.547721 1.908867 1
-1.962613 -0.421947 1.936251 1
-1.980946 -0.286742 1.967086 1
-1.916802 -0.306056 1.950061 1
-1.026203 -0.763487 1.674939 0
-1.018105 -0.677753 1.690278 0
-0.981436 -0.633891 1.691353 0
-0.976519 -0.547313 1.707490 0
-0.926067 -0.523564 1.701677 0
-0.919094 -0.442719 1.716220 0
-0.912198 -0.363697 1.730403 0
-0.850720 -0.354824 1.719301 0
-0.861661 -0.256138 1.741068 0
-0.829224 -0.212161 1.742944 0
-0.805903 -0.157839 1.748755 0
-0.785539 -0.100896 1.755688 0
-0.741605 -0.071488 1.752238 0
-0.727732 -0.008545 1.761686 6
-0.657587 -0.007819 1.747057 6
-0.601130 0.008862 1.738429 6
-0.541228 0.022721 1.728505 6
-0.437389 -0.007452 1.700672 6
-0.377604 0.009214 1.691293 6
-0.289080 -0.001503 1.670470 6
-0.215613 0.004249 1.656034 6
-0.107656 -0.021210 1.628189 6
-0.258740 0.195647 1.702469 3
-0.239087 0.250683 1.709002 2
-0.251070 0.333238 1.727590 2
-0.294582 0.441564 1.757872 2
-0.290658 0.506658 1.769659 2
-0.314725 0.594138 1.791731 2
-0.289920 0.639628 1.795242 2
-0.297590 0.710944 1.810662 2
-0.311206 0.785643 1.827991 2
-0.329344 0.862384 1.846666 2
-0.320791 0.917438 1.855440 2
-0.323358 0.980048 1.868035 2
-0.332794 1.046653 1.882856 2
-0.309659 1.089019 1.886026 2
-0.307506 1.145798 1.896449 2
-0.333301 1.220808 1.916352 2
-0.290120 1.248439 1.912357 2
-0.315793 1.321330 1.931802 2
-0.350827 1.398714 1.954106 2
-0.323842 1.435820 1.955365 2
-0.356981 1.509576 1.976544 2
-0.343763 1.554193 1.982175 2
-0.325687 1.595707 1.986155 2
-0.355065 1.664051 2.005457 2
-0.348122 1.710865 2.012822 2
-0.360230 1.767615 2.026172 2
-0.383773 1.829551 2.042964 2
-0.334348 1.852660 2.036624 2
-0.315364 1.891838 2.039893 2
-0.277027 1.921471 2.037159 2
-0.247297 1.955683 2.037140 2
-0.217874 1.990284 2.037249 2
-0.191285 2.026420 2.038248 2
-0.172180 2.066054 2.041515 2
-0.108671 2.086548 2.031544 2
-0.122731 2.140651 2.044698 2
-0.156292 2.201961 2.063424 2
-0.058146 2.209882 2.043538 2
0.243332 2.141381 1.965165 2
0.387312 2.138184 1.933207 2
0.463039 2.162565 1.921222 2
0.798271 2.097100 1.836016 2
0.972100 2.093579 1.797449 2
1.108844 2.105689 1.769845 2
-2.475038 -0.299340 2.118847 1
-2.439627 -0.269101 2.117606 1
-2.393627 -0.263412 2.109587 1
-2.348474 -0.255169 2.102215 1
-2.285905 -0.283706 2.084383 1
-2.247753 -0.258757 2.081563 1
-2.184972 -0.284238 2.064256 1
-1.927485 -0.694609 1.935093 1
-1.953267 -0.534455 1.970654 1
-1.967237 -0.403169 1.998372 1
-1.929597 -0.372397 1.996722 1
-0.917880 -0.813792 1.710760 0
-0.889661 -0.755617 1.716071 0
-0.863985 -0.694996 1.722345 0
-0.833467 -0.641904 1.726215 0
-0.807177 -0.584071 1.731821 0
-0.807337 -0.493425 1.748927 0
-0.775102 -0.445547 1.751442 0
-0.782312 -0.349868 1.770897 0
-0.739334 -0.316878 1.768426 0
-0.701968 -0.277203 1.768336 0
-0.700538 -0.196265 1.783249 0
-0.752750 -0.056508 1.820042 6
-0.760260 0.029603 1.837716 6
-0.654044 -0.009771 1.808829 6
-0.583648 -0.008079 1.794885 6
-0.516857 -0.001265 1.782622 6
-0.434951 -0.008722 1.764614 6
-0.385418 0.018042 1.759567 6
-0.276263 -0.013317 1.731540 6
-0.172720 -0.036503 1.706172 6
-0.111436 -0.017306 1.697297 6
-0.302290 0.236049 1.783384 2
-0.273240 0.281554 1.785956 2
-0.329513 0.402663 1.819980 2
-0.299472 0.445328 1.821803 2
-0.294131 0.508940 1.832550 2
-0.343077 0.617002 1.862627 2
-0.314464 0.658713 1.864538 2
-0.344141 0.747136 1.887016 2
-0.308019 0.781772 1.886064 2
-0.321299 0.854668 1.902296 2
-0.298346 0.898817 1.905783 2
-0.346263 0.995175 1.933427 2
-0.342356 1.051626 1.943073 2
-0.333774 1.104019 1.951003 2
-0.329185 1.158611 1.960149 2
-0.352806 1.231709 1.978486 2
-0.360282 1.292604 1.991253 2
-0.349884 1.340902 1.998024 2
-0.344646 1.392059 2.006372 2
-0.331026 1.437442 2.011930 2
-0.359279 1.508033 2.030717 2
-0.355476 1.558105 2.039138 2
-0.362604 1.614015 2.050871 2
-0.368860 1.668630 2.062179 2
-0.349528 1.708265 2.065469 2
-0.337293 1.751687 2.070906 2
-0.356070 1.811312 2.085688 2
-0.344975 1.854466 2.091296 2
-0.302655 1.881612 2.087537 2
-0.302619 1.930137 2.096391 2
-0.254418 1.955037 2.090995 2
-0.225644 1.989732 2.091385 2
-0.209082 2.030228 2.095344 2
-0.156201 2.054533 2.088852 2
-0.118260 2.086111 2.086760 2
-0.113644 2.132169 2.094176 2
-0.141947 2.191384 2.110776 2
-0.025058 2.191816 2.086694 2
0.240851 2.136979 2.021778 2
0.343967 2.148803 2.002594 2
0.409120 2.176354 1.994101 2
0.747754 2.108571 1.911774 2
0.984023 2.082849 1.858225 2
1.082571 2.107430 1.842258 2
-2.436227 -0.263725 2.171046 1
-2.395007 -0.247599 2.165995 1
-2.332457 -0.278141 2.148438 1
-2.295224 -0.251993 2.145951 1
-2.223987 -0.297052 2.124104 1
-1.906278 -0.614775 2.005672 1
-1.871177 -0.574782 2.006072 1
-0.814161 -0.757306 1.768673 0
-0.776051 -0.713268 1.769168 0
-0.731178 -0.678410 1.766704 0
-0.713836 -0.608440 1.775866 0
-0.747490 -0.476153 1.806079 8
-0.771188 -0.359941 1.831479 8
-0.737062 -0.316340 1.832654 8
-0.735274 -0.235063 1.846848 8
-0.772175 -0.111037 1.876201 6
-0.806201 0.006220 1.903783 6
-0.728220 -0.003778 1.886839 6
-0.666780 0.005933 1.876631 6
-0.601776 0.012862 1.865229 6
-0.521976 0.005506 1.848395 6
-0.443721 0.001458 1.832450 6
-0.370118 0.003699 1.818530 6
-0.295395 0.006250 1.804444 6
-0.229835 0.019051 1.793969 6
-0.085037 -0.041892 1.754903 6
-0.310865 0.244087 1.849907 2
-0.318244 0.322269 1.865293 2
-0.347326 0.418200 1.888069 2
-0.324219 0.466398 1.892162 2
-0.323109 0.533008 1.903821 2
-0.327596 0.603198 1.917207 2
-0.322924 0.664626 1.927242 2
-0.314605 0.722216 1.935881 2
-0.331067 0.798563 1.952689 2
-0.336588 0.864955 1.965589 2
-0.351082 0.937000 1.981242 2
-0.340526 0.989136 1.988462 2
-0.348525 1.054160 2.001593 2
-0.351862 1.114779 2.013028 2
-0.324533 1.153161 2.014520 2
-0.350156 1.227573 2.032753 2
-0.370974 1.297270 2.049208 2
-0.382273 1.359426 2.062460 2
-0.357610 1.397619 2.064429 2
-0.358719 1.451881 2.074283 2
-0.382934 1.519537 2.091028 2
-0.354893 1.554718 2.091794 2
-0.342526 1.599164 2.097266 2
-0.384153 1.674102 2.118699 2
-0.377399 1.720422 2.125595 2
-0.386363 1.774902 2.137009 2
-0.368326 1.814265 2.140460 2
-0.329138 1.842589 2.137816 2
-0.365225 1.909470 2.156725 2
-0.307951 1.928872 2.148958 2
-0.257297 1.952384 2.143211 2
-0.264169 2.003649 2.153632 2
-0.230100 2.035567 2.152614 2
-0.198843 2.069105 2.152431 2
-0.139674 2.090844 2.144694 2
-0.160018 2.147087 2.158623 2
-0.156383 2.192606 2.165958 2
-0.153542 2.238126 2.173447 2
0.260934 2.123868 2.072094 2
0.314014 2.154520 2.067113 2
0.594943 2.102832 2.002961 2
0.707691 2.116501 1.983288 2
0.921832 2.097519 1.937987 2
1.057438 2.108894 1.913426 2
1.189072 2.124104 1.890316 2
-2.418294 -0.291972 2.215704 1
-2.376728 -0.276099 2.210577 1
-2.319961 -0.293328 2.197000 1
-2.269467 -0.295313 2.187181 1
-2.226254 -0.281063 2.181478 1
-0.761144 -0.728087 1.831437 7
-0.696750 -0.718533 1.821033 7
-0.756439 -0.549884 1.860813 8
-0.797692 -0.409601 1.892338 8
-0.785631 -0.338745 1.902122 8
-0.751448 -0.295852 1.903031 8
-0.750082 -0.214730 1.916561 8
-0.774869 -0.105321 1.939780 6
-0.813357 0.016606 1.967685 6
-0.735194 0.006030 1.951315 6
-0.666614 0.007618 1.938803 6
-0.596781 0.009193 1.926057 6
-0.507526 -0.008131 1.906481 6
-0.422762 -0.018753 1.888885 6
-0.360444 -0.005006 1.879619 6
-0.302856 0.014344 1.872192 6
-0.212453 0.002862 1.853408 6
-0.115642 -0.012672 1.832744 6
-0.323968 0.256314 1.917339 2
-0.330264 0.333070 1.931592 2
-0.313769 0.388069 1.937899 2
-0.351801 0.489948 1.962342 2
-0.355244 0.559787 1.974893 2
-0.360023 0.629499 1.987674 2
-0.323761 0.664294 1.986871 2
-0.340159 0.741574 2.003108 2
-0.359559 0.819667 2.020044 2
-0.385305 0.901061 2.038725 2
-0.359580 0.941787 2.040904 2
-0.334510 0.982893 2.043272 2
-0.352158 1.054871 2.058849 2
-0.355220 1.115105 2.069713 2
-0.387036 1.194429 2.089181 2
-0.383601 1.248026 2.097710 2
-0.343263 1.276365 2.095074 2
-0.347397 1.334127 2.105725 2
-0.381798 1.410374 2.125156 2
-0.351020 1.444274 2.125252 2
-0.340849 1.490938 2.131358 2
-0.375253 1.563853 2.150227 2
-0.386434 1.621661 2.162204 2
-0.356200 1.654934 2.162304 2
-0.382594 1.719997 2.178350 2
-0.379209 1.767589 2.185884 2
-0.380037 1.816966 2.194508 2
-0.345137 1.847237 2.193238 2
-0.330815 1.888302 2.197634 2
-0.351668 1.946622 2.211509 2
-0.321581 1.979378 2.211564 2
-0.278452 2.006265 2.208199 2
-0.227501 2.030149 2.202872 2
-0.192751 2.062034 2.201921 2
-0.156675 2.093728 2.200695 2
-0.172255 2.147691 2.212859 2
-0.117582 2.171980 2.206923 2
-0.182922 2.245125 2.231597 2
-0.040209 2.235553 2.203553 2
0.282107 2.161071 2.131117 2
0.553504 2.112077 2.072491 2
0.682269 2.119362 2.049937 2
0.862889 2.111259 2.015146 2
1.042823 2.106951 1.981139 2
1.217287 2.107929 1.949058 2
-2.381431 -0.253006 2.268056 1
-2.338015 -0.241817 2.261894 1
-2.269150 -0.284337 2.242571 1
-0.772058 -0.803699 1.888715 7
-0.770490 -0.710746 1.903342 7
-0.705784 -0.702147 1.893104 7
-0.814107 -0.472290 1.949452 8
-0.814519 -0.384806 1.963584 8
-0.773326 -0.350289 1.961754 8
-0.772812 -0.267054 1.975054 8
-0.735093 -0.229421 1.974365 8
-0.791762 -0.083287 2.008040 6
-0.812188 0.017579 2.027951 6
-0.721604 -0.006923 2.007825 6
-0.651636 -0.006767 1.995367 6
-0.604049 0.018550 1.990973 6
-0.488251 -0.026794 1.963010 6
-0.435728 -0.004303 1.957296 6
-0.350218 -0.014265 1.940468 6
-0.291574 0.004027 1.933003 6
-0.193574 -0.014767 1.912541 6
-0.124477 -0.004006 1.902016 6
-0.346453 0.277220 1.987073 2
-0.334389 0.336712 1.994600 2
-0.321392 0.394551 2.001701 2
-0.341398 0.480401 2.019215 2
-0.332585 0.539768 2.027323 2
-0.321961 0.596792 2.034737 2
-0.352072 0.686516 2.054696 2
-0.338981 0.739454 2.061023 2
-0.355520 0.815160 2.076312 2
-0.375292 0.891861 2.092342 2
-0.369275 0.947496 2.100383 2
-0.369951 1.007376 2.110307 2
-0.353305 1.053791 2.114981 2
-0.394030 1.140649 2.136399 2
-0.362365 1.175093 2.136479 2
-0.367367 1.234671 2.147147 2
-0.378380 1.297354 2.159390 2
-0.391774 1.360546 2.172143 2
-0.386268 1.410577 2.179415 2
-0.394102 1.468418 2.190325 2
-0.383060 1.513841 2.195881 2
-0.376110 1.561370 2.202510 2
-0.378580 1.613975 2.211636 2
-0.348689 1.647418 2.211929 2
-0.362355 1.705390 2.223920 2
-0.392837 1.771621 2.240230 2
-0.376085 1.811358 2.243888 2
-0.352701 1.847543 2.245803 2
-0.316842 1.877466 2.244505 2
-0.291502 1.912992 2.245983 2
-0.297022 1.963573 2.255365 2
-0.229391 1.979073 2.246137 2
-0.215554 2.020450 2.250620 2
-0.188659 2.055864 2.251836 2
-0.191525 2.104447 2.260450 2
-0.156343 2.136406 2.259659 2
-0.086132 2.154319 2.250420 2
-0.161693 2.231913 2.276578 2
0.199205 2.137291 2.197865 2
0.374394 2.120717 2.164585 2
0.511674 2.121594 2.140840 2
0.675130 2.115801 2.111428 2
0.850422 2.109133 2.079818 2
1.041434 2.100654 2.045179 2
1.180737 2.112659 2.022989 2
1.230562 2.155259 2.021518 2
-2.343838 -0.324540 2.303216 1
-2.330835 -0.245549 2.312599 1
-0.783241 -0.783281 1.961446 7
-0.757569 -0.722951 1.966131 7
-0.673127 -0.739909 1.949010 7
-0.810925 -0.472226 2.013271 8
-0.810162 -0.386466 2.026141 8
-0.768890 -0.352222 2.024251 8
-0.764424 -0.273923 2.035383 8
-0.737011 -0.224270 2.038240 8
-0.805061 -0.065426 2.074076 6
-0.794221 -0.000397 2.082139 6
-0.706417 -0.021637 2.063909 6
-0.655848 -0.000352 2.058541 6
-0.604229 0.020361 2.052921 6
-0.481015 -0.032910 2.023802 6
-0.447510 0.008923 2.024527 6
-0.359254 -0.004239 2.007529 6
-0.256210 -0.029931 1.986111 6
-0.179505 -0.027763 1.973458 6
-0.351678 0.210724 2.039348 2
-0.368261 0.297498 2.055546 2
-0.371586 0.370351 2.067369 2
-0.343668 0.414065 2.069430 2
-0.364399 0.499972 2.086235 2
-0.353297 0.556804 2.093188 2
-0.357114 0.625398 2.104489 2
-0.377532 0.706418 2.120525 2
-0.392379 0.781250 2.134675 2
-0.374020 0.828427 2.138961 2
-0.387295 0.899670 2.152315 2
-0.379428 0.953568 2.159433 2
-0.368446 1.004504 2.165581 2
-0.366958 1.061806 2.174323 2
-0.380758 1.129189 2.187212 2
-0.403851 1.201831 2.202488 2
-0.378609 1.240050 2.204311 2
-0.382853 1.297935 2.214151 2
-0.406693 1.367780 2.229147 2
-0.360185 1.391253 2.225146 2
-0.378422 1.455856 2.238408 2
-0.378641 1.508268 2.246763 2
-0.405594 1.576046 2.261997 2
-0.381493 1.612596 2.263831 2
-0.401788 1.674599 2.277068 2
-0.392155 1.718756 2.282529 2
-0.371586 1.756628 2.285192 2
-0.378715 1.809272 2.294798 2
-0.331368 1.832813 2.290777 2
-0.313392 1.871974 2.294110 2
-0.349794 1.938084 2.310730 2
-0.267426 1.945295 2.298359 2
-0.279751 1.998759 2.309010 2
-0.260166 2.036782 2.311942 2
-0.195244 2.054494 2.304166 2
-0.189634 2.099211 2.310496 2
-0.183357 2.143356 2.316636 2
-0.129355 2.167497 2.311726 2
-0.160382 2.226684 2.326439 2
0.140744 2.154933 2.265530 2
0.379103 2.113416 2.219822 2
0.530616 2.108840 2.194346 2
0.656172 2.116507 2.175123 2
0.831749 2.109214 2.145303 2
0.963837 2.119961 2.125550 2
1.216847 2.093917 2.080061 2
1.228159 2.148828 2.087276 2
-2.321352 -0.254299 2.362122 1
-0.808431 -0.744018 2.038298 7
-0.756621 -0.719313 2.033226 7
-0.699777 -0.700742 2.026472 7
-0.803278 -0.477851 2.075267 8
-0.828353 -0.360070 2.096187 8
-0.793620 -0.318581 2.096404 8
-0.784392 -0.246884 2.105146 8
-0.728166 -0.231758 2.098107 8
-0.821539 -0.043947 2.140328 6
-0.794869 0.002611 2.142671 6
-0.705375 -0.020719 2.124733 6
-0.651868 -0.002824 2.118615 6
-0.564940 -0.019748 2.102059 6
-0.539355 0.029246 2.105008 6
-0.425296 -0.012571 2.080490 6
-0.347594 -0.014938 2.067598 6
-0.273142 -0.012551 2.055942 6
-0.197322 -0.010073 2.044100 6
-0.341767 0.201679 2.098263 2
-0.376243 0.304982 2.118922 2
-0.363117 0.362571 2.125270 2
-0.355565 0.424354 2.133145 2
-0.339374 0.477680 2.138415 2
-0.356030 0.558486 2.152995 2
-0.396853 0.657865 2.174189 2
-0.355665 0.687472 2.172030 2
-0.383460 0.772926 2.189127 2
-0.393733 0.842670 2.201130 2
-0.379859 0.892470 2.206358 2
-0.413816 0.978010 2.224498 2
-0.383821 1.014164 2.225178 2
-0.399954 1.083902 2.238178 2
-0.391003 1.134468 2.244369 2
-0.397450 1.195236 2.254533 2
-0.388851 1.244771 2.260659 2
-0.399551 1.306703 2.271701 2
-0.381903 1.349062 2.275359 2
-0.405869 1.417863 2.289551 2
-0.380470 1.454393 2.291148 2
-0.376617 1.504169 2.298138 2
-0.397720 1.568379 2.311235 2
-0.336002 1.582852 2.303861 2
-0.386868 1.662889 2.324040 2
-0.393795 1.716409 2.333347 2
-0.365698 1.750022 2.334178 2
-0.376770 1.804758 2.344346 2
-0.354108 1.841077 2.346469 2
-0.322727 1.873009 2.346582 2
-0.308400 1.913707 2.350703 2
-0.271637 1.943384 2.349668 2
-0.247653 1.979532 2.351626 2
-0.220238 2.014215 2.352844 2
-0.200883 2.052729 2.355917 2
-0.162273 2.082835 2.354732 2
-0.141182 2.120888 2.357498 2
-0.132197 2.164041 2.362939 2
0.078783 2.125515 2.324594 2
0.162416 2.141312 2.314330 2
0.320128 2.130382 2.288531 2
0.481965 2.121054 2.262377 2
0.639054 2.116623 2.237746 2
0.801787 2.113292 2.212451 2
0.954295 2.116567 2.189790 2
1.138950 2.112279 2.161049 2
1.258411 2.132135 2.146116 2
1.212740 2.204467 2.164728 2
-0.833560 -0.704947 2.113723 7
-0.771627 -0.694618 2.105276 7
-0.757409 -0.621553 2.112743 8
-0.810798 -0.464233 2.142130 8
-0.818172 -0.369025 2.156007 8
-0.805472 -0.300709 2.163159 8
-0.768552 -0.262690 2.162479 8
-0.735865 -0.219866 2.163133 8
-0.819611 -0.043646 2.199942 6
-0.798036 0.008442 2.203627 6
-0.706763 -0.017129 2.186006 6
-0.630254 -0.024391 2.173180 6
-0.566704 -0.016254 2.164476 6
-0.486137 -0.024757 2.150906 6
-0.431424 -0.005131 2.145182 6
-0.357260 -0.004295 2.133925 6
-0.267431 -0.017401 2.118381 6
-0.213047 0.005597 2.113250 6
-0.377965 0.236138 2.170226 2
-0.388933 0.316821 2.183071 2
-0.376281 0.374415 2.189153 2
-0.397327 0.461207 2.204425 2
-0.403221 0.532877 2.215323 2
-0.404402 0.599185 2.224784 2
-0.383020 0.645458 2.228065 2
-0.386143 0.711518 2.237832 2
-0.394343 0.780546 2.248802 2
-0.366968 0.820256 2.250331 2
-0.411495 0.915487 2.270483 2
-0.367375 0.941238 2.267582 2
-0.384632 1.013031 2.280388 2
-0.365377 1.056888 2.283808 2
-0.377266 1.122681 2.295006 2
-0.387307 1.186032 2.305602 2
-0.358387 1.221696 2.306486 2
-0.342084 1.265882 2.310480 2
-0.376384 1.342944 2.326696 2
-0.367935 1.390942 2.332441 2
-0.350289 1.432725 2.335955 2
-0.368378 1.496265 2.347894 2
-0.370692 1.549212 2.356000 2
-0.394000 1.613811 2.368897 2
-0.382779 1.657385 2.373698 2
-0.345616 1.686123 2.372562 2
-0.352800 1.739575 2.381536 2
-0.360279 1.792462 2.390489 2
-0.360631 1.840912 2.397773 2
-0.330015 1.873030 2.398171 2
-0.289701 1.900576 2.396508 2
-0.253581 1.930666 2.395851 2
-0.243112 1.973327 2.400793 2
-0.227487 2.013399 2.404626 2
-0.194686 2.045658 2.404836 2
-0.207499 2.098281 2.414685 2
-0.129040 2.111179 2.405467 2
-0.118787 2.153848 2.410547 2
0.053331 2.130868 2.382534 2
0.164233 2.135468 2.367490 2
0.322191 2.124186 2.343337 2
0.436063 2.132388 2.328474 2
0.589366 2.128526 2.306179 2
0.765016 2.119844 2.279995 2
0.978547 2.101794 2.247023 2
1.098864 2.118490 2.232675 2
1.315044 2.107034 2.200416 2
1.237576 2.189656 2.224365 2
-0.829414 -0.799749 2.166849 7
-0.838068 -0.693763 2.181217 7
-0.782375 -0.675616 2.175020 7
-0.751452 -0.624798 2.176644 8
-0.813951 -0.456195 2.207002 8
-0.827605 -0.353603 2.221836 8
-0.811626 -0.289820 2.227417 8
-0.805022 -0.216021 2.235684 8
-0.758900 -0.190049 2.232090 8
-0.807611 -0.054916 2.256358 6
-0.805685 0.019301 2.265464 6
-0.734243 0.015240 2.254419 6
-0.647608 -0.003782 2.239268 6
-0.592752 0.012993 2.233374 6
-0.530768 0.023077 2.225613 6
-0.446523 0.011450 2.211850 6
-0.381302 0.020723 2.203575 6
-0.288983 0.004496 2.188109 6
-0.236457 0.028654 2.183663 6
-0.393061 0.250682 2.235125 2
-0.365565 0.295302 2.237010 2
-0.368605 0.367354 2.246893 2
-0.372336 0.438694 2.256811 2
-0.385211 0.516705 2.268942 2
-0.367811 0.567260 2.273169 2
-0.373361 0.636548 2.283164 2
-0.359613 0.688740 2.288184 2
-0.398411 0.782688 2.306220 2
-0.341146 0.798573 2.300312 2
-0.384944 0.893513 2.319241 2
-0.347858 0.924847 2.318298 2
-0.366991 0.998199 2.330919 2
-0.357336 1.049163 2.336518 2
-0.389107 1.129123 2.351851 2
-0.374031 1.174637 2.356009 2
-0.364430 1.223563 2.361420 2
-0.360232 1.275636 2.368036 2
-0.367588 1.334680 2.377232 2
-0.356932 1.381261 2.382254 2
-0.365056 1.439255 2.391462 2
-0.343460 1.478109 2.393964 2
-0.355013 1.536837 2.403796 2
-0.355538 1.588162 2.411113 2
-0.361597 1.642060 2.419570 2
-0.342529 1.681108 2.422547 2
-0.343581 1.731138 2.429830 2
-0.332722 1.774211 2.434540 2
-0.347007 1.830213 2.444509 2
-0.345316 1.877179 2.451060 2
-0.313827 1.908815 2.451434 2
-0.263936 1.931773 2.448117 2
-0.231073 1.963562 2.448380 2
-0.226261 2.008683 2.454349 2
-0.209208 2.047948 2.457860 2
-0.170695 2.077740 2.457158 2
-0.156581 2.118465 2.461324 2
-0.104688 2.143353 2.458179 2
0.039467 2.131596 2.437446 2
0.147160 2.137087 2.424113 2
0.301915 2.126566 2.402226 2
0.431080 2.128622 2.385616 2
0.610218 2.115094 2.360137 2
0.716868 2.130493 2.348551 2
0.924390 2.113593 2.318914 2
1.085311 2.116106 2.298348 2
1.257757 2.118026 2.276224 2
1.296384 2.164362 2.278358 2
-0.819215 -0.808266 2.230454 7
-0.824794 -0.706548 2.242857 7
-0.755003 -0.706936 2.232723 7
-0.772231 -0.593500 2.248229 8
-0.819428 -0.445240 2.272088 8
-0.826243 -0.351626 2.283892 8
-0.803897 -0.295858 2.287188 8
-0.764664 -0.261105 2.285676 8
-0.743068 -0.205752 2.289103 8
-0.810398 -0.049219 2.316970 6
-0.763637 -0.025756 2.313181 6
-0.717440 -0.001270 2.309629 6
-0.675883 0.028611 2.307399 6
-0.568031 -0.011632 2.287643 6
-0.528545 0.022140 2.286237 6
-0.438177 0.004105 2.271630 6
-0.381852 0.022226 2.266097 6
-0.311636 0.027461 2.257139 6
-0.225778 0.018910 2.244410 6
-0.381497 0.240073 2.292589 2
-0.360407 0.290629 2.295950 2
-0.374090 0.372233 2.307860 2
-0.394991 0.458562 2.321361 2
-0.371063 0.503900 2.323802 2
-0.356845 0.557238 2.328572 2
-0.360766 0.625175 2.337617 2
-0.370339 0.696577 2.347883 2
-0.355386 0.746892 2.352279 2
-0.371800 0.821482 2.363918 2
-0.339077 0.856573 2.364110 2
-0.358039 0.930975 2.376127 2
-0.361442 0.992346 2.384474 2
-0.380757 1.064352 2.396294 2
-0.346715 1.096890 2.396118 2
-0.389489 1.183318 2.412912 2
-0.346190 1.208823 2.410689 2
-0.354059 1.269119 2.419636 2
-0.364127 1.329915 2.428961 2
-0.355378 1.377646 2.434187 2
-0.343908 1.423233 2.438813 2
-0.349545 1.479002 2.447000 2
-0.327437 1.517288 2.449363 2
-0.323279 1.566113 2.455442 2
-0.346465 1.630194 2.467056 2
-0.335280 1.673756 2.471600 2
-0.337777 1.724575 2.478876 2
-0.338991 1.774104 2.485846 2
-0.350195 1.828327 2.494736 2
-0.285077 1.842641 2.488662 2
-0.282070 1.889145 2.494780 2
-0.299620 1.945284 2.504811 2
-0.241902 1.964681 2.500451 2
-0.221812 2.002482 2.503335 2
-0.204389 2.041525 2.506753 2
-0.128578 2.054790 2.499400 2
-0.159874 2.115408 2.511899 2
-0.121694 2.145849 2.511648 2
-0.075251 2.173404 2.510009 2
0.131707 2.138121 2.479867 2
0.244098 2.143443 2.467089 2
0.422475 2.126238 2.443098 2
0.549417 2.131220 2.428586 2
0.661643 2.143768 2.416991 2
0.859085 2.129346 2.391228 2
1.012117 2.133454 2.373569 2
1.164581 2.140646 2.356478 2
-0.803527 -0.824308 2.292546 7
-0.794793 -0.741805 2.299988 7
-0.757501 -0.698859 2.299378 7
-0.775784 -0.584518 2.313981 8
-0.810132 -0.453014 2.332644 8
-0.799770 -0.380812 2.338949 8
-0.796574 -0.301403 2.347040 8
-0.748851 -0.276866 2.343269 8
-0.740219 -0.206264 2.349764 8
-0.790543 -0.069492 2.371360 6
-0.781538 -0.003383 2.377399 6
-0.727564 0.011910 2.371956 6
-0.641096 -0.007201 2.358482 6
-0.578362 0.000917 2.351177 6
-0.512276 0.006597 2.343206 6
-0.469841 0.037555 2.341177 6
-0.393247 0.034569 2.330956 6
-0.279183 -0.003629 2.311972 6
-0.236485 0.029737 2.310311 6
-0.370672 0.230161 2.350342 2
-0.381385 0.310133 2.360902 2
-0.363391 0.362431 2.364678 2
-0.349135 0.417486 2.369287 2
-0.374178 0.506152 2.382782 2
-0.343726 0.545374 2.383594 2
-0.376431 0.637500 2.398532 2
-0.348630 0.677753 2.399874 2
-0.366344 0.754588 2.411223 2
-0.320311 0.779513 2.408571 2
-0.328079 0.846609 2.417611 2
-0.361454 0.931982 2.432019 2
-0.340733 0.975219 2.434780 2
-0.321562 1.019358 2.437877 2
-0.364781 1.107788 2.453961 2
-0.325997 1.136801 2.452915 2
-0.394731 1.239822 2.473934 2
-0.331758 1.251782 2.467955 2
-0.317311 1.296673 2.471896 2
-0.330450 1.359006 2.481331 2
-0.354235 1.427002 2.492773 2
-0.329990 1.464119 2.494685 2
-0.313702 1.506048 2.498179 2
-0.281801 1.538590 2.498683 2
-0.318046 1.610653 2.512243 2
-0.342489 1.674552 2.523412 2
-0.335347 1.719872 2.528547 2
-0.340584 1.771501 2.535967 2
-0.332567 1.815510 2.540898 2
-0.289015 1.840964 2.539344 2
-0.282561 1.885595 2.544605 2
-0.245354 1.914858 2.544351 2
-0.233194 1.956506 2.548634 2
-0.223150 1.998977 2.553301 2
-0.211180 2.040374 2.557641 2
-0.186134 2.075841 2.559738 2
-0.137512 2.101320 2.557860 2
-0.087297 2.126842 2.555847 2
-0.100621 2.179033 2.564637 2
0.138900 2.130221 2.531330 2
0.289450 2.120686 2.513413 2
0.371246 2.139857 2.507168 2
0.472653 2.153314 2.497995 2
0.652034 2.141107 2.476653 2
0.772873 2.152429 2.465132 2
0.952046 2.146662 2.444827 2
1.133340 2.143675 2.424740 2
1.140456 2.198150 2.431982 2
-0.791914 -0.834747 2.355974 7
-0.788837 -0.744712 2.364188 7
-0.723185 -0.739255 2.356131 7
-0.783645 -0.570010 2.380378 8
-0.812198 -0.446421 2.396106 8
-0.795201 -0.382811 2.400152 8
-0.801309 -0.292298 2.409851 8
-0.762918 -0.257015 2.408467 8
-0.754171 -0.187158 2.414327 8
-0.789905 -0.067734 2.430798 6
-0.779875 -0.003020 2.436074 6
-0.710042 -0.005387 2.427149 6
-0.664211 0.019577 2.424031 6
-0.598704 0.024058 2.416433 6
-0.494846 -0.010148 2.400191 6
-0.434718 0.002904 2.394232 6
-0.327799 -0.029921 2.377856 6
-0.220724 -0.060211 2.361777 6
-0.161075 -0.042261 2.356537 6
-0.364977 0.225087 2.409327 2
-0.374935 0.304264 2.419002 2
-0.363713 0.362627 2.423980 2
-0.341687 0.410575 2.426607 2
-0.354621 0.488627 2.436649 2
-0.352383 0.552137 2.443376 2
-0.315623 0.585685 2.442847 2
-0.343423 0.672495 2.455711 2
-0.341097 0.733101 2.462241 2
-0.350780 0.802299 2.471150 2
-0.341023 0.855192 2.476052 2
-0.343957 0.917116 2.483459 2
-0.349932 0.980337 2.491399 2
-0.331300 1.024586 2.494444 2
-0.323299 1.076162 2.499564 2
-0.354914 1.154907 2.512285 2
-0.306871 1.177357 2.509656 2
-0.324848 1.244762 2.519625 2
-0.351951 1.316941 2.531200 2
-0.364890 1.378559 2.540012 2
-0.326712 1.406943 2.539331 2
-0.309306 1.448520 2.542528 2
-0.325124 1.509977 2.551752 2
-0.344939 1.572764 2.561607 2
-0.302255 1.598365 2.560265 2
-0.298930 1.646711 2.565956 2
-0.348439 1.723739 2.580842 2
-0.326766 1.760600 2.583241 2
-0.319881 1.805275 2.588215 2
-0.280306 1.832797 2.587640 2
-0.247204 1.864048 2.588253 2
-0.218382 1.897719 2.589660 2
-0.190014 1.931832 2.591210 2
-0.177813 1.973708 2.595471 2
-0.115109 1.992454 2.591577 2
-0.093955 2.030648 2.594520 2
-0.086348 2.074758 2.599663 2
-0.014806 2.091754 2.594761 2
-0.025881 2.143774 2.602929 2
0.100793 2.140343 2.589814 2
0.293918 2.113651 2.566930 2
0.413745 2.118391 2.555702 2
0.527775 2.127495 2.545697 2
0.661692 2.131666 2.533086 2
0.780695 2.143477 2.523061 2
0.939471 2.144250 2.507623 2
1.110130 2.144219 2.490957 2
1.211934 2.168868 2.484584 2
-0.804093 -0.812614 2.425311 7
-0.792997 -0.734062 2.430734 7
-0.750664 -0.698350 2.428607 7
-0.758883 -0.597577 2.438474 8
-0.787378 -0.473811 2.452910 8
-0.769303 -0.411230 2.456294 8
-0.783194 -0.310960 2.466972 8
-0.761200 -0.255993 2.469307 8
-0.737318 -0.204049 2.471195 8
-0.785478 -0.070322 2.489162 6
-0.786561 0.006708 2.496409 6
-0.703462 -0.010624 2.485094 6
-0.660043 0.016858 2.482635 6
-0.597814 0.024686 2.476204 6
-0.470942 -0.033611 2.456128 6
-0.402744 -0.028522 2.448858 6
-0.338773 -0.017998 2.442645 6
-0.244365 -0.036286 2.430262 6
-0.134672 -0.067117 2.414998 6
-0.095518 -0.028749 2.414447 6
-0.351228 0.282432 2.473599 2
-0.338485 0.339644 2.477942 2
-0.333237 0.402773 2.483751 2
-0.326552 0.463670 2.489228 2
-0.362179 0.559881 2.502927 2
-0.327883 0.595157 2.502911 2
-0.333072 0.663004 2.510527 2
-0.355178 0.743325 2.521288 2
-0.326133 0.781524 2.522282 2
-0.330550 0.845636 2.529572 2
-0.338983 0.911756 2.537543 2
-0.314894 0.952526 2.539473 2
-0.343089 1.031326 2.550946 2
-0.299362 1.057044 2.549321 2
-0.318491 1.127278 2.559026 2
-0.331976 1.192320 2.567632 2
-0.342340 1.254140 2.575612 2
-0.295493 1.277300 2.573575 2
-0.333968 1.356044 2.586357 2
-0.317853 1.398628 2.589665 2
-0.306306 1.443817 2.593767 2
-0.290515 1.486119 2.597165 2
-0.338099 1.565684 2.611113 2
-0.322594 1.606949 2.614507 2
-0.285198 1.635668 2.614355 2
-0.273596 1.679038 2.618462 2
-0.267825 1.725310 2.623517 2
-0.265874 1.773218 2.629176 2
-0.261629 1.819484 2.634462 2
-0.218921 1.846002 2.633763 2
-0.189557 1.879627 2.635232 2
-0.185527 1.925633 2.640639 2
-0.132589 1.948408 2.638658 2
-0.123629 1.992033 2.643399 2
-0.088297 2.023716 2.644252 2
-0.039601 2.050007 2.643241 2
-0.032681 2.094610 2.648428 2
-0.006697 2.131149 2.650890 2
0.060647 2.151379 2.647544 2
0.214215 2.139275 2.632265 2
0.413308 2.113023 2.611099 2
0.600408 2.095145 2.592170 2
0.691133 2.115188 2.586920 2
0.855654 2.111395 2.571993 2
1.022842 2.109865 2.557198 2
1.122163 2.133450 2.551843 2
-0.790501 -0.825774 2.488096 7
-0.776371 -0.751293 2.492209 7
-0.728484 -0.722752 2.488841 7
-0.730426 -0.629857 2.496401 8
-0.800855 -0.452831 2.518614 8
-0.784134 -0.389216 2.521813 8
-0.770933 -0.322500 2.525724 8
-0.755462 -0.259764 2.529112 8
-0.728069 -0.212053 2.529989 8
-0.798750 -0.052664 2.551090 6
-0.775178 -0.003855 2.552596 6
-0.705502 -0.006374 2.544777 6
-0.656313 0.014611 2.541243 6
-0.557441 -0.016497 2.527932 6
-0.466808 -0.036528 2.516521 6
-0.382707 -0.047772 2.506631 6
-0.331711 -0.024106 2.503370 6
-0.231858 -0.047804 2.490841 6
-0.171347 -0.031322 2.486067 6
-0.050494 -0.070890 2.470056 6
-0.330177 0.263057 2.529226 2
-0.339965 0.340890 2.537428 2
-0.299884 0.372811 2.536389 2
-0.341327 0.476098 2.550262 2
-0.315739 0.519500 2.551863 2
-0.347680 0.610961 2.563783 2
-0.310460 0.643422 2.563302 2
-0.325177 0.717990 2.572016 2
-0.311242 0.768454 2.575657 2
-0.342042 0.853112 2.587019 2
-0.299191 0.879927 2.585657 2
-0.316334 0.951870 2.594558 2
-0.319546 1.012280 2.601033 2
-0.300569 1.055901 2.603775 2
-0.267701 1.089542 2.604253 2
-0.304934 1.171501 2.616257 2
-0.279371 1.209417 2.617955 2
-0.297142 1.275876 2.626657 2
-0.280835 1.319165 2.629865 2
-0.280771 1.372483 2.635657 2
-0.270113 1.418598 2.639775 2
-0.241351 1.453412 2.641108 2
-0.249578 1.510256 2.648169 2
-0.276011 1.576829 2.657950 2
-0.243336 1.608684 2.658762 2
-0.249135 1.662105 2.665376 2
-0.208519 1.689727 2.665124 2
-0.242009 1.757007 2.675786 2
-0.249144 1.809343 2.682535 2
-0.248585 1.857135 2.688154 2
-0.204976 1.883270 2.687673 2
-0.180430 1.919140 2.689980 2
-0.165825 1.959797 2.693731 2
-0.085415 1.970282 2.688486 2
-0.083776 2.017289 2.694166 2
-0.024496 2.038897 2.692101 2
0.002786 2.074970 2.694458 2
0.033013 2.110047 2.696505 2
0.004697 2.168843 2.706255 2
0.206327 2.137149 2.686337 2
0.389639 2.116453 2.669327 2
0.569599 2.100621 2.653267 2
0.774214 2.079531 2.634660 2
0.893658 2.091912 2.627117 2
1.041420 2.096987 2.616483 2
-0.775546 -0.747352 2.557238 7
-0.736582 -0.707394 2.555716 7
-0.673118 -0.699186 2.549363 7
-0.770330 -0.487377 2.574880 8
-0.812514 -0.350499 2.589201 8
-0.758692 -0.334004 2.584675 8
-0.758362 -0.253267 2.590545 8
-0.712278 -0.227681 2.587627 8
-0.745752 -0.110809 2.599824 6
-0.752856 -0.026680 2.606909 6
-0.692880 -0.018262 2.601459 6
-0.626180 -0.016128 2.594909 6
-0.542278 -0.030970 2.585380 6
-0.473059 -0.028666 2.578718 6
-0.414474 -0.014255 2.574126 6
-0.322836 -0.032026 2.563795 6
-0.241415 -0.037697 2.555498 6
-0.173072 -0.029136 2.549685 6
-0.084135 -0.038848 2.540470 6
-0.305970 0.240765 2.584777 2
-0.306436 0.310374 2.590740 2
-0.315057 0.386027 2.598036 2
-0.294955 0.435161 2.600472 2
-0.284703 0.492292 2.604562 2
-0.255457 0.532737 2.605531 2
-0.282915 0.619770 2.615775 2
-0.303397 0.699277 2.624783 2
-0.279123 0.741743 2.626556 2
-0.248548 0.779139 2.627374 2
-0.271532 0.857298 2.636655 2
-0.232717 0.887803 2.636240 2
-0.248882 0.958785 2.644381 2
-0.255604 1.021701 2.651014 2
-0.249728 1.074782 2.655703 2
-0.252260 1.133037 2.661650 2
-0.262018 1.195338 2.668645 2
-0.204449 1.212245 2.665700 2
-0.241579 1.291184 2.676689 2
-0.223390 1.333457 2.679585 2
-0.195817 1.369752 2.681178 2
-0.179605 1.413016 2.684443 2
-0.181619 1.466882 2.690296 2
-0.216249 1.539001 2.700659 2
-0.176357 1.567396 2.700686 2
-0.247436 1.657756 2.715901 2
-0.205950 1.684793 2.715768 2
-0.180257 1.720695 2.717848 2
-0.205545 1.783089 2.726716 2
-0.247388 1.852739 2.737673 2
-0.182355 1.868186 2.734717 2
-0.171334 1.910720 2.738837 2
-0.143561 1.945194 2.740871 2
-0.063268 1.955819 2.736420 2
-0.074248 2.008625 2.743473 2
-0.005373 2.026015 2.740739 2
0.031580 2.058088 2.742057 2
1.397228 1.542464 2.584725 2
0.042651 2.148753 2.752437 2
0.163896 2.148534 2.744154 2
0.324982 2.135498 2.731618 2
0.462015 2.134471 2.722279 2
0.684229 2.105578 2.703741 2
0.935134 2.071142 2.682641 2
-0.778266 -0.738690 2.622684 7
-0.722286 -0.721424 2.617943 7
-0.660108 -0.711478 2.612193 7
-0.763425 -0.492115 2.636251 8
-0.745536 -0.429638 2.638385 8
-0.752083 -0.338675 2.644827 8
-0.732525 -0.280923 2.646636 8
-0.698155 -0.241349 2.645888 8
-0.671682 -0.192964 2.646552 8
-0.755816 -0.021147 2.666085 6
-0.726131 0.020292 2.666113 6
-0.644655 0.005580 2.657517 6
-0.571014 0.001010 2.650418 6
-0.492371 -0.007257 2.642669 6
-0.396401 -0.031505 2.632281 6
-0.328808 -0.025114 2.626717 6
-0.246830 -0.031654 2.619003 6
-0.173349 -0.028344 2.612835 6
-0.061325 -0.060039 2.600766 6
-0.285291 0.221736 2.641452 3
-0.269690 0.276938 2.644408 2
-0.255290 0.332553 2.647566 2
-0.260203 0.404359 2.653677 2
-0.240609 0.453895 2.656058 2
-0.239390 0.518424 2.661216 2
-0.269554 0.607786 2.671005 2
-0.246710 0.652367 2.672917 2
-0.229688 0.701304 2.675719 2
-0.202942 0.742275 2.677150 2
-0.210020 0.808887 2.683467 2
-0.194488 0.857527 2.686554 2
-0.216307 0.933077 2.694903 2
-0.229397 1.000900 2.701973 2
-0.206127 1.042011 2.704000 2
-0.223625 1.111056 2.711631 2
-0.191544 1.145443 2.712522 2
-0.164877 1.183566 2.714213 2
-0.175855 1.246045 2.720948 2
-0.190900 1.310113 2.728184 2
-0.145596 1.335721 2.727550 2
-0.173708 1.406404 2.736458 2
-0.156005 1.448538 2.739468 2
-0.167360 1.507394 2.746180 2
-0.138302 1.542426 2.747831 2
-0.161464 1.606619 2.755993 2
-0.130976 1.640560 2.757557 2
-0.150790 1.701405 2.765270 2
-0.113306 1.731551 2.766101 2
-0.149697 1.799500 2.775749 2
-0.188973 1.867517 2.785645 2
-0.166559 1.904374 2.788329 2
-0.136583 1.937748 2.790216 2
-0.053161 1.946844 2.786167 2
-0.062530 1.998968 2.792683 2
1.385999 1.414540 2.638679 2
1.406279 1.469306 2.643866 2
-0.016882 2.121092 2.804224 2
1.358916 1.614021 2.663782 2
0.118219 2.161298 2.801213 2
0.272630 2.150023 2.791012 2
0.409203 2.148342 2.783061 2
0.577082 2.138015 2.772338 2
0.806137 2.109632 2.756001 2
1.036331 2.085382 2.740190 2
0.952091 2.168447 2.755444 2
-0.751331 -0.769655 2.682879 7
-0.714657 -0.726705 2.681550 7
-0.648532 -0.721912 2.675494 7
-0.725457 -0.535944 2.692641 8
-0.745245 -0.426350 2.700414 8
-0.724280 -0.368996 2.701642 8
-0.730916 -0.279786 2.707236 8
-0.681623 -0.257809 2.704061 8
-0.671558 -0.190578 2.707056 8
-0.693990 -0.088197 2.715037 6
-0.709909 0.004438 2.721947 6
-0.614328 -0.025343 2.711973 6
-0.542922 -0.027137 2.705837 6
-0.482038 -0.016622 2.701422 6
-0.382885 -0.044108 2.691511 6
-0.337488 -0.015505 2.689672 6
-0.212152 -0.064890 2.676369 6
-0.165668 -0.035202 2.674666 6
-0.052924 -0.067642 2.663646 6
-0.280235 0.217158 2.700807 3
-0.244574 0.254052 2.700665 2
-0.220049 0.300900 2.702141 2
-0.222445 0.370924 2.707363 2
-0.195881 0.414942 2.708631 2
-0.210321 0.493187 2.715483 2
-0.234095 0.577596 2.723540 2
-0.198168 0.612006 2.723633 2
-0.206784 0.681851 2.729649 2
-0.207188 0.744099 2.734574 2
-0.181712 0.785713 2.736164 2
-0.187888 0.850830 2.741850 2
-0.177111 0.902499 2.745379 2
-0.193521 0.973144 2.752335 2
-0.179836 1.021361 2.755524 2
-0.164088 1.067768 2.758495 2
-0.168079 1.127177 2.763903 2
-0.175152 1.187778 2.769676 2
-0.169904 1.239504 2.773969 2
-0.181674 1.301470 2.780284 2
-0.127188 1.321357 2.778854 2
-0.111212 1.365420 2.782005 2
-0.119903 1.423927 2.788017 2
-0.104857 1.467799 2.791336 2
-0.129980 1.534307 2.799186 2
-0.131027 1.586222 2.804324 2
-0.092232 1.615898 2.805120 2
-0.112609 1.677437 2.812411 2
-0.099682 1.720667 2.816109 2
-0.105048 1.772982 2.821781 2
-0.167047 1.852730 2.833356 2
-0.165328 1.899737 2.838228 2
-0.099330 1.916012 2.836578 2
-0.078033 1.953951 2.839601 2
1.360736 1.355986 2.702029 2
1.343601 1.427002 2.710745 2
1.357288 1.483958 2.716461 2
0.032013 2.096080 2.850024 2
0.181896 2.082767 2.841328 2
1.288550 1.696694 2.744166 2
0.224350 2.163125 2.848718 2
0.438679 2.131829 2.835090 2
0.561698 2.137679 2.830167 2
0.712405 2.136129 2.823161 2
1.009508 2.087828 2.803926 2
-0.721905 -0.803881 2.743487 7
-0.689555 -0.754833 2.742672 7
-0.669641 -0.690423 2.743712 7
-0.661701 -0.612126 2.746500 8
-0.724600 -0.448170 2.759360 8
-0.729023 -0.359915 2.763830 8
-0.682277 -0.334439 2.761125 8
-0.722110 -0.207911 2.770532 8
-0.643507 -0.220070 2.763540 8
-0.674545 -0.107729 2.771691 6
-0.689509 -0.015992 2.777591 6
-0.606684 -0.031800 2.770313 6
-0.541259 -0.027326 2.765533 6
-0.469360 -0.028415 2.760038 6
-0.400155 -0.025381 2.755053 6
-0.354098 0.002014 2.753227 6
-0.202255 -0.073845 2.737863 6
-0.136973 -0.062251 2.733898 6
-0.077683 -0.043983 2.730836 6
-0.227331 0.168326 2.754164 3
-0.222735 0.234139 2.757952 3
-0.195165 0.278461 2.758918 2
-0.184042 0.336918 2.761962 2
-0.193713 0.412430 2.767558 2
-0.214172 0.495595 2.774434 2
-0.203116 0.551082 2.777519 2
-0.189632 0.603948 2.780349 2
-0.173656 0.654283 2.782925 2
-0.146860 0.695754 2.784292 2
-0.160781 0.768139 2.790396 2
-0.122155 0.799965 2.790512 2
-0.154239 0.883838 2.798675 2
-0.137949 0.931221 2.801391 2
-0.157973 1.003801 2.808158 2
-0.123955 1.037789 2.808995 2
-0.155706 1.116375 2.817023 2
-0.133868 1.157907 2.819266 2
-0.148247 1.222785 2.825401 2
-0.085821 1.237867 2.823485 2
-0.114773 1.310694 2.831178 2
-0.089623 1.349217 2.833286 2
1.373669 0.532095 2.689983 2
1.327019 0.630906 2.701071 2
1.342077 0.692591 2.705974 2
1.334938 0.766245 2.713104 2
1.342937 0.830732 2.718780 2
1.356326 0.891824 2.723986 2
1.347262 0.964219 2.731365 2
1.344496 1.032516 2.738162 2
1.340862 1.100521 2.745061 2
-0.132110 1.879608 2.885194 2
-0.154765 1.938025 2.892084 2
1.276378 1.325002 2.770606 2
1.298448 1.378074 2.775283 2
1.264167 1.455798 2.784884 2
0.010918 2.052819 2.897627 2
0.114643 2.056934 2.894124 2
1.191815 1.668887 2.810872 2
1.214065 1.719612 2.815727 2
1.201137 1.783833 2.823477 2
0.333334 2.165415 2.898339 2
0.527603 2.144147 2.889020 2
0.687446 2.138750 2.882837 2
0.900672 2.118238 2.873101 2
-0.680599 -0.761814 2.806560 7
-0.644384 -0.718396 2.805109 7
-0.569651 -0.723717 2.798916 7
-0.693677 -0.482622 2.817576 8
-0.693159 -0.399922 2.820660 8
-0.677907 -0.336546 2.821954 8
-0.657969 -0.279733 2.822721 8
-0.605642 -0.260723 2.819629 8
-0.654127 -0.128329 2.828724 6
-0.641474 -0.066741 2.830477 6
-0.605619 -0.031169 2.829532 6
-0.556745 -0.009397 2.827144 6
-0.453422 -0.043583 2.818541 6
-0.377556 -0.047222 2.813308 6
-0.316509 -0.034570 2.809927 6
-0.201557 -0.073789 2.800569 6
-0.153874 -0.045486 2.799005 6
-0.079111 -0.042322 2.794532 6
0.009200 -0.050334 2.788723 6
-0.172150 0.188143 2.812630 3
-0.158162 0.245231 2.815006 3
-0.073397 0.239818 2.809815 3
0.016668 0.231549 2.804242 3
0.113135 0.219733 2.798189 3
0.219277 0.201947 2.791333 3
0.310873 0.198195 2.786216 3
0.403057 0.195761 2.781241 3
0.411977 0.259827 2.784938 3
0.431031 0.315393 2.787656 3
0.707771 0.177935 2.764756 3
0.800736 0.182274 2.760568 3
0.874484 0.202102 2.758471 3
0.993953 0.190867 2.752135 3
1.113895 0.181703 2.746026 3
1.188399 0.205620 2.744489 3
1.314107 0.196733 2.738349 3
1.342517 0.253412 2.741498 2
1.357108 0.318700 2.746001 2
-0.133102 1.319133 2.886536 2
-0.156818 1.387028 2.892988 2
-0.155306 1.438658 2.897189 2
-0.136228 1.479487 2.899886 2
-0.125958 1.525241 2.903407 2
-0.127049 1.577025 2.907941 2
-0.110118 1.618405 2.910986 2
-0.137541 1.683318 2.917767 2
-0.125884 1.726687 2.921322 2
-0.109514 1.767440 2.924549 2
-0.080659 1.801894 2.926847 2
-0.107249 1.863473 2.933582 2
-0.038987 1.879038 2.932961 2
1.239413 1.336378 2.840466 2
1.205410 1.414161 2.849264 2
-0.036852 2.021583 2.947161 2
0.061112 2.026662 2.944895 2
1.180104 1.607731 2.869939 2
1.181025 1.667078 2.876214 2
0.311863 2.069651 2.942647 2
0.422862 2.076352 2.940500 2
0.497504 2.098654 2.941079 2
0.459389 2.163073 2.949260 2
0.620118 2.156347 2.944604 2
0.757473 2.160657 2.941854 2
-0.643653 -0.805317 2.867542 7
-0.634599 -0.726518 2.868906 7
-0.571402 -0.717382 2.864513 7
-0.477044 -0.745626 2.856924 7
-0.639535 -0.461314 2.876701 8
-0.661787 -0.352569 2.881538 8
-0.632417 -0.306626 2.880986 8
-0.585303 -0.281352 2.878669 8
-0.535108 -0.259173 2.876138 8
-0.632875 -0.074170 2.888853 6
-0.629659 -0.003515 2.891201 6
-0.556524 -0.008075 2.886537 6
-0.452593 -0.043082 2.878938 6
-0.353135 -0.070905 2.871975 6
-0.311360 -0.038769 2.870882 6
-0.212435 -0.062401 2.864305 6
-0.180146 -0.019723 2.864376 6
-0.096181 -0.025917 2.859567 6
-0.019620 -0.023575 2.855635 6
-0.207023 0.219687 2.876795 3
-0.129548 0.219465 2.872879 3
-0.131417 0.290002 2.876488 2
-0.103167 0.333538 2.877358 2
-0.129693 0.422941 2.883298 2
-0.115931 0.477213 2.885590 2
-0.138191 0.560029 2.891157 2
-0.121688 0.610420 2.893288 2
-0.113685 0.666977 2.896225 2
-0.107412 0.724172 2.899358 2
-0.129107 0.801574 2.904934 2
-0.127633 0.860488 2.908536 2
-0.098385 0.898653 2.909842 2
-0.117337 0.970796 2.915235 2
-0.091664 1.010817 2.916962 2
-0.090590 1.067433 2.920765 2
-0.074404 1.113328 2.923391 2
-0.105440 1.189600 2.929822 2
-0.053141 1.211371 2.929703 2
-0.077953 1.281861 2.935679 2
-0.089883 1.343199 2.940656 2
-0.074999 1.387604 2.943622 2
-0.057630 1.430333 2.946467 2
-0.080283 1.495770 2.952314 2
-0.072341 1.542975 2.955936 2
-0.039061 1.575982 2.957803 2
-0.053615 1.634814 2.963132 2
-0.028739 1.672190 2.965736 2
-0.046122 1.731210 2.971308 2
-0.047358 1.781283 2.975793 2
-0.045064 1.829137 2.980079 2
-0.001940 1.857199 2.981752 2
1.215186 1.403994 2.914482 2
0.022405 1.990958 2.994030 2
0.216770 1.955122 2.986948 2
0.258275 1.987138 2.989428 2
0.356268 1.996675 2.988745 2
0.454319 2.007945 2.988322 2
0.475949 2.050406 2.992449 2
0.534297 2.079202 2.994653 2
0.808973 2.030183 2.985408 2
0.773201 2.096279 2.993175 2
-0.615612 -0.837122 2.930505 7
-0.650303 -0.702039 2.935173 7
-0.566209 -0.719769 2.929258 7
-0.484377 -0.732723 2.923685 7
-0.611836 -0.491333 2.936759 8
-0.651649 -0.361492 2.942061 8
-0.600860 -0.340458 2.939459 8
-0.577070 -0.288167 2.939313 8
-0.540210 -0.251147 2.938118 8
-0.623574 -0.082366 2.947330 6
-0.632417 0.001211 2.950150 6
-0.522997 -0.041920 2.943003 6
-0.440323 -0.054437 2.938285 6
-0.359741 -0.063033 2.933892 6
-0.302636 -0.046533 2.931593 6
-0.217127 -0.057074 2.927084 6
-0.195506 -0.004451 2.927942 6
-0.093992 -0.027669 2.922422 6
-0.009534 -0.032799 2.918455 6
0.025388 0.008694 2.918589 6
-0.119280 0.210030 2.932960 3
-0.082669 0.246938 2.933031 3
-0.050331 0.287590 2.933533 2
-0.089411 0.388235 2.939595 2
-0.051069 0.422707 2.939777 2
-0.041909 0.480970 2.942253 2
-0.051465 0.553366 2.946177 2
-0.065792 0.628214 2.950483 2
-0.046744 0.676229 2.952383 2
-0.068838 0.754692 2.957316 2
-0.032085 0.788466 2.958074 2
-0.055494 0.865725 2.963162 2
-0.024468 0.903124 2.964475 2
-0.038203 0.971528 2.968953 2
-0.024086 1.019926 2.971563 2
-0.053867 1.097085 2.977176 2
-0.034515 1.140792 2.979537 2
-0.000544 1.175019 2.981022 2
0.003331 1.228223 2.984542 2
-0.016420 1.295287 2.989607 2
0.008608 1.334458 2.991884 2
0.014499 1.384838 2.995426 2
0.001576 1.445529 3.000159 2
-0.001647 1.499889 3.004333 2
-0.022173 1.563078 3.009557 2
-0.000184 1.602477 3.012331 2
0.002868 1.651787 3.016264 2
0.043537 1.681440 3.018149 2
0.028928 1.739155 3.023183 2
0.024546 1.791059 3.027680 2
0.030470 1.837493 3.031668 2
0.065051 1.870308 3.034231 2
1.129925 1.436852 2.984720 2
1.135230 1.494950 2.990041 2
0.287323 1.919870 3.036856 2
0.325316 1.954005 3.039849 2
0.411179 1.969029 3.040748 2
0.482354 1.991372 3.042548 2
0.556780 2.013615 3.044408 2
0.578160 2.057007 3.048771 2
0.755929 2.043401 3.046662 2
0.852796 2.061875 3.048314 2
-0.581705 -0.785291 2.994667 7
-0.558628 -0.725147 2.993866 7
-0.500940 -0.708499 2.990697 7
-0.416012 -0.723988 2.985711 7
-0.507483 -0.528915 2.993329 8
-0.523582 -0.427296 2.995667 8
-0.511360 -0.360410 2.996089 8
-0.455692 -0.343241 2.993568 8
-0.604521 -0.101244 3.005329 6
-0.563721 -0.070918 3.003984 6
-0.561459 0.000237 3.005379 6
-0.431441 -0.062277 2.998156 6
-0.377099 -0.044239 2.996228 6
-0.338765 -0.009562 2.995492 6
-0.230143 -0.043603 2.990180 6
-0.153997 -0.043800 2.987188 6
-0.106506 -0.015563 2.986220 6
0.005493 -0.046591 2.981176 6
0.044034 -0.008329 2.981053 6
-0.079906 0.174676 2.991413 3
0.024051 0.153217 2.987274 2
-0.004975 0.248037 2.991654 3
0.051025 0.269293 2.990784 2
0.020490 0.362647 2.995359 2
0.027788 0.423370 2.997655 2
0.046776 0.474028 2.999317 2
0.025002 0.556019 3.003485 2
0.034950 0.612185 3.005816 2
0.037889 0.672978 3.008625 2
0.036753 0.735961 3.011726 2
0.018806 0.810150 3.015832 2
0.011453 0.875525 3.019375 2
0.017893 0.930358 3.022200 2
0.022233 0.986018 3.025202 2
0.043946 1.029512 3.027332 2
0.043209 1.087469 3.030734 2
0.034984 1.149470 3.034576 2
0.060660 1.189417 3.036723 2
0.041603 1.256701 3.041214 2
0.035373 1.315179 3.045090 2
0.057847 1.356076 3.047610 2
0.036085 1.422276 3.052332 2
0.038023 1.474069 3.055956 2
0.074870 1.506214 3.058027 2
0.084437 1.553330 3.061445 2
0.062135 1.616838 3.066340 2
0.047245 1.675503 3.070923 2
0.070031 1.714475 3.073933 2
0.088332 1.755690 3.077221 2
0.112414 1.794104 3.080360 2
0.077058 1.860276 3.085945 2
0.351590 1.784522 3.079573 2
0.339043 1.841622 3.084571 2
1.019753 1.598866 3.064273 2
0.378175 1.926684 3.092370 2
0.495438 1.929243 3.093041 2
0.575626 1.948739 3.095250 2
0.684207 1.958570 3.096763 2
0.764151 1.981140 3.099463 2
0.846778 2.004051 3.102311 2
0.936960 2.025650 3.105179 2
-0.561713 -0.806358 3.059106 7
-0.573275 -0.702691 3.059802 7
-0.487406 -0.721273 3.055378 7
-0.408528 -0.729407 3.051450 7
-0.371955 -0.685888 3.049906 7
-0.329993 -0.648886 3.048189 7
-0.422368 -0.459054 3.053733 8
-0.346090 -0.463235 3.050403 8
-0.304437 -0.427974 3.049028 8
-0.565617 -0.067094 3.063680 6
-0.526965 -0.034608 3.062610 6
-0.472148 -0.018772 3.060805 6
-0.388744 -0.031263 3.057637 6
-0.310539 -0.036777 3.054871 6
-0.248732 -0.024684 3.053078 6
-0.155985 -0.041369 3.049843 6
-0.084917 -0.035596 3.047850 6
-0.044587 -0.000174 3.047527 6
0.039759 -0.004554 3.045142 6
0.071473 0.039580 3.045489 6
0.060985 0.120447 3.047991 3
0.061687 0.190205 3.050023 3
0.102370 0.225230 3.050230 3
0.127370 0.273404 3.051290 2
0.134261 0.335960 3.053292 2
0.080181 0.446112 3.058176 2
0.131267 0.471709 3.058298 2
0.099064 0.561506 3.062279 2
0.106318 0.619861 3.064547 2
0.125029 0.669115 3.066392 2
0.110844 0.741729 3.069741 2
0.103224 0.808462 3.072859 2
0.120466 0.856963 3.074998 2
0.115160 0.920446 3.078147 2
0.114515 0.979923 3.081165 2
0.114429 1.038279 3.084223 2
0.120007 1.092305 3.087123 2
0.149547 1.130817 3.089180 2
0.139860 1.193419 3.092808 2
0.153420 1.241196 3.095632 2
0.131446 1.309513 3.099809 2
0.127596 1.366268 3.103378 2
0.149178 1.408063 3.106130 2
0.133833 1.470085 3.110209 2
0.150839 1.513811 3.113269 2
0.143475 1.570196 3.117189 2
0.135263 1.626317 3.121181 2
0.153090 1.668691 3.124437 2
0.468126 1.565536 3.119126 2
0.483365 1.612448 3.122901 2
0.485883 1.665150 3.127113 2
0.528806 1.699043 3.130326 2
0.541391 1.746903 3.134454 2
0.815275 1.681552 3.132266 2
0.766967 1.757639 3.138254 2
0.588394 1.885694 3.147152 2
0.685720 1.899165 3.149811 2
0.800409 1.907587 3.152373 2
0.862453 1.937980 3.156262 2
-0.530392 -0.752224 3.123029 7
-0.359637 -0.874177 3.116295 7
-0.436062 -0.692669 3.118605 7
-0.325691 -0.737215 3.114277 7
-0.278033 -0.706065 3.112342 7
-0.254309 -0.647479 3.111400 7
-0.382511 -0.420167 3.116106 8
-0.303662 -0.426644 3.113398 8
-0.510227 -0.124831 3.121161 6
-0.480101 -0.082470 3.120434 6
-0.437729 -0.053050 3.119376 6
-0.387075 -0.031817 3.118132 6
-0.289586 -0.056729 3.115332 6
-0.212164 -0.059734 3.113380 6
-0.165376 -0.031832 3.112640 6
-0.128422 0.005710 3.112363 6
-0.019384 -0.023377 3.109697 6
0.027377 0.006579 3.109333 6
0.101763 0.012298 3.108150 6
0.065702 0.115821 3.110842 3
0.168402 0.098007 3.108960 3
0.153801 0.181074 3.111123 3
0.216633 0.198651 3.110835 3
0.173689 0.302783 3.114096 2
0.185979 0.360665 3.115650 2
0.207299 0.410881 3.117017 2
0.187672 0.492056 3.119750 2
0.193530 0.552606 3.121773 2
0.201593 0.610795 3.123816 2
0.163356 0.701699 3.127303 2
0.231153 0.715753 3.127779 2
0.180281 0.813065 3.131750 2
0.193518 0.864652 3.133970 2
0.178573 0.934575 3.137041 2
0.451232 0.815901 3.132590 2
0.446557 0.880812 3.135689 2
0.459095 0.934092 3.138427 2
0.491359 0.974896 3.140776 2
0.502097 1.028737 3.143754 2
0.526989 1.073861 3.146496 2
0.706491 1.030130 3.145905 2
0.698194 1.095758 3.149695 2
0.696679 1.156806 3.153409 2
0.692000 1.218893 3.157258 2
0.708947 1.268894 3.160759 2
0.663130 1.350961 3.165519 2
0.646581 1.416686 3.169763 2
0.656225 1.468634 3.173612 2
0.650483 1.527645 3.177796 2
0.619452 1.597833 3.182425 2
0.595672 1.663516 3.186968 2
0.598813 1.716214 3.191181 2
0.561179 1.786207 3.195978 2
0.565564 1.837164 3.200292 2
0.584613 1.881756 3.204529 2
-0.385832 -0.838090 3.184454 7
-0.429547 -0.696938 3.184067 7
-0.352160 -0.702636 3.181537 7
-0.265685 -0.717297 3.178940 7
-0.171255 -0.739077 3.176297 7
-0.082308 -0.752533 3.173872 7
-0.292205 -0.437007 3.177510 8
-0.495721 -0.138604 3.181200 6
-0.483315 -0.077506 3.180715 6
-0.411055 -0.079291 3.179146 6
-0.379912 -0.037950 3.178518 6
-0.316160 -0.029306 3.177352 6
-0.257174 -0.014977 3.176401 6
-0.167646 -0.029134 3.174963 6
-0.104399 -0.016616 3.174174 6
-0.025707 -0.017426 3.173209 6
0.034745 -0.000210 3.172734 6
0.126639 -0.010166 3.171783 6
0.071001 0.110687 3.173792 3
0.128082 0.131877 3.173757 3
0.183253 0.155394 3.173891 3
0.243469 0.175400 3.174066 3
0.314774 0.187232 3.174181 2
0.427825 0.167030 3.173707 3
0.528806 0.158629 3.173622 3
0.590893 0.181962 3.174371 3
0.697562 0.172677 3.174534 3
0.784579 0.179951 3.175203 3
0.835648 0.214659 3.176610 3
1.215727 0.017221 3.173176 6
1.303346 0.032135 3.174501 6
1.435472 0.018240 3.175388 6
-0.320885 -0.823956 3.249518 7
-0.353745 -0.697451 3.247766 7
-0.254348 -0.727343 3.245890 7
-0.179234 -0.727181 3.244171 7
-0.077145 -0.755697 3.242478 7
0.007026 -0.762137 3.240947 7
-0.210065 -0.443463 3.240653 8
-0.250140 -0.321630 3.239916 8
-0.395408 -0.094109 3.239773 6
-0.301525 -0.116381 3.238788 6
-0.296955 -0.047509 3.238306 6
-0.262911 -0.008643 3.237819 6
-0.181766 -0.015062 3.237242 6
-0.123614 0.001798 3.236889 6
-0.049247 0.004445 3.236587 6
0.055911 -0.019523 3.236274 6
0.152928 -0.033893 3.236132 6
0.282270 -0.074488 3.235988 6
0.338030 -0.048919 3.236309 6
0.441006 -0.062469 3.236574 6
0.324598 0.107293 3.237853 3
0.377778 0.134875 3.238577 3
0.439017 0.156618 3.239411 3
0.491723 0.185825 3.240418 3
0.607504 0.167326 3.241381 3
0.690298 0.175982 3.242613 3
1.005785 0.014801 3.243471 6
1.111744 0.012859 3.245073 6
1.193558 0.029982 3.246910 6
1.279277 0.045682 3.248923 6
1.418179 0.026598 3.251083 6
-0.256902 -0.721309 3.312968 7
-0.159043 -0.747269 3.312120 7
-0.077992 -0.752160 3.311128 7
-0.011954 -0.739041 3.310048 7
-0.029706 -0.635053 3.308040 8
-0.122839 -0.454043 3.305306 8
-0.102446 -0.395625 3.304146 8
-0.283850 -0.133153 3.300813 6
-0.289287 -0.054211 3.299711 6
-0.222343 -0.047589 3.299554 6
-0.195652 -0.001218 3.299077 6
-0.145591 0.022810 3.298981 6
-0.002938 -0.038273 3.299985 6
0.059768 -0.023127 3.300264 6
0.133070 -0.016518 3.300781 6
0.272635 -0.066594 3.302117 6
0.364660 -0.072503 3.303095 6
0.467724 -0.085918 3.304329 6
0.545642 -0.076449 3.305448 6
0.630565 -0.071368 3.306789 6
0.709971 -0.060411 3.308225 6
0.797625 -0.054588 3.309908 6
0.868832 -0.034646 3.311572 6
0.925965 -0.003107 3.313239 6
1.042536 -0.014726 3.315744 6
1.107347 0.013340 3.317832 6
1.200799 0.021941 3.320430 6
1.308669 0.022140 3.323391 6
-0.095830 -0.904376 3.385063 7
-0.124345 -0.783785 3.381157 7
-0.073468 -0.754606 3.379883 7
-0.003794 -0.745624 3.379298 7
0.044123 -0.712203 3.378203 7
0.141980 -0.731137 3.378661 7
-0.032028 -0.466930 3.371672 8
-0.024532 -0.395068 3.369983 8
-0.193184 -0.148981 3.363729 6
-0.239025 -0.030552 3.361028 6
-0.164960 -0.030156 3.361655 6
-0.105872 -0.014297 3.362006 6
0.023103 -0.062247 3.364270 6
0.076394 -0.038321 3.364706 6
0.185354 -0.063406 3.366678 6
0.291159 -0.083318 3.368688 6
0.364422 -0.073042 3.370011 6
0.461038 -0.081248 3.372052 6
0.532941 -0.067127 3.373618 6
0.628302 -0.070924 3.375912 6
0.704777 -0.057885 3.377886 6
0.797471 -0.056294 3.380416 6
0.897921 -0.058964 3.383299 6
0.974064 -0.041490 3.385738 6
1.019048 0.000099 3.387556 6
1.127120 -0.003644 3.391133 6
1.235520 -0.005585 3.394902 6
0.116948 -0.875157 3.453960 7
0.173567 -0.848907 3.453265 7
0.197171 -0.787386 3.451246 7
0.278590 -0.786346 3.451938 7
0.129629 -0.550175 3.442818 8
0.148051 -0.487771 3.441189 8
0.010608 -0.273821 3.433187 8
-0.081205 -0.110000 3.427399 6
-0.092744 -0.026352 3.425169 6
0.008018 -0.048194 3.427692 6
0.119772 -0.077796 3.430754 6
0.174804 -0.054322 3.431640 6
0.274537 -0.069313 3.434440 6
0.380296 -0.087409 3.437596 6
0.457774 -0.079458 3.439758 6
0.517888 -0.055856 3.441376 6
0.619026 -0.064790 3.444745 6
0.716474 -0.068802 3.448110 6
0.777330 -0.042391 3.450197 6
0.879040 -0.046550 3.454029 6
0.974609 -0.044171 3.457781 6
1.052256 -0.026860 3.460998 6
1.188866 -0.051003 3.466683 6
0.396887 -0.819863 3.527206 7
0.473583 -0.810767 3.528442 7
0.577628 -0.827160 3.531375 7
0.103079 -0.286269 3.501473 8
0.454474 -0.460880 3.516473 8
0.113658 -0.072352 3.495407 6
0.225260 -0.099593 3.499689 6
0.268081 -0.064196 3.500309 6
0.360247 -0.070943 3.503753 6
0.436747 -0.062701 3.506471 6
0.553475 -0.086453 3.511480 6
0.629420 -0.074616 3.514429 6
0.724986 -0.077194 3.518566 6
0.755480 -0.027140 3.519392 6
0.872485 -0.043572 3.524961 6
0.969724 -0.042770 3.529632 6
-0.928379 1.484068 0.864956 0
-0.926896 1.112493 0.846586 0
-0.968864 1.022941 0.841566 0
0.605418 0.033009 0.828492 6
0.558526 0.030746 0.830340 6
0.497332 -0.136271 0.823013 6
0.456553 -0.083317 0.827683 6
-0.933995 1.511065 0.937924 0
-0.935601 1.155629 0.916421 0
-0.931919 0.808234 0.895355 0
-0.929128 0.500448 0.876589 0
-0.927915 0.229987 0.859991 0
-0.928435 -0.007579 0.845301 0
-0.960688 -0.079350 0.840235 0
0.618759 -0.625761 0.836433 7
0.579350 -0.615011 0.838949 7
0.533679 -0.661558 0.837644 7
0.498480 -0.610723 0.842648 7
0.274618 -0.145856 0.882724 6
0.231857 -0.082574 0.888332 6
0.186921 -0.065647 0.890720 6
0.142039 -0.018694 0.895099 6
0.096205 0.000865 0.897531 6
-0.928802 1.470418 1.006848 0
-0.929819 1.113281 0.981328 0
-0.938110 0.834455 0.961249 0
-0.927079 0.481399 0.935940 0
-0.930696 0.235794 0.918120 0
-0.871470 -0.288204 0.880892 0
-0.905954 -0.337601 0.876716 0
-0.939488 -0.387661 0.872432 0
-0.929049 -0.618416 0.855601 0
-0.937248 -0.756479 0.845175 0
-0.961129 -0.823995 0.839578 0
0.986899 0.014838 0.918571 6
0.949953 0.076208 0.925621 6
0.699143 -0.653322 0.878085 7
0.658559 -0.652434 0.880050 7
0.617752 -0.653946 0.881762 7
0.573596 -0.685016 0.881147 7
0.528424 -0.731845 0.879227 7
0.497390 -0.644524 0.887546 7
0.457444 -0.639735 0.889468 7
0.416878 -0.642407 0.890743 7
0.377727 -0.626247 0.893420 7
0.337377 -0.625746 0.894811 7
0.291209 -0.741422 0.886982 7
0.253404 -0.707080 0.890880 7
0.216524 -0.623183 0.898663 7
0.176170 -0.626302 0.899497 7
0.143797 0.013629 0.951600 6
0.097424 -0.005178 0.951186 6
0.051360 -0.016968 0.951251 6
0.005076 -0.001861 0.953400 6
-0.040585 -0.022810 0.952571 6
-0.933171 1.489554 1.079841 0
-0.934151 1.130543 1.050240 0
-0.931845 0.791291 1.022198 0
-0.938335 0.532572 1.000663 0
-0.814608 -0.354377 0.928116 0
-0.858404 -0.358223 0.927247 0
-0.909018 -0.331425 0.928784 0
-0.924576 -0.460647 0.917642 0
-0.934216 -0.604575 0.905285 0
-0.934223 -0.776298 0.890675 0
-0.959654 -0.837422 0.884928 0
-0.999073 -0.842798 0.883593 0
1.218271 -0.045847 0.955310 6
1.164757 -0.069648 0.956186 6
1.118325 -0.063724 0.959410 6
1.070776 -0.063546 0.962080 6
0.959456 -0.389749 0.937304 8
0.924950 -0.338550 0.943946 8
0.828231 -0.635471 0.921022 7
0.778757 -0.684320 0.918907 7
0.735571 -0.699912 0.919532 7
0.693301 -0.712107 0.920367 7
0.650839 -0.728194 0.920788 7
0.608188 -0.748973 0.920720 7
0.562256 -0.801745 0.917769 7
0.519518 -0.835179 0.916413 7
0.500519 -0.635248 0.935576 7
0.457046 -0.667781 0.934210 7
0.410191 -0.751545 0.928196 7
0.370290 -0.759527 0.928833 7
0.328716 -0.798574 0.926618 7
0.294311 -0.711855 0.935631 7
0.253607 -0.738635 0.934390 7
0.215495 -0.700526 0.938946 7
0.175364 -0.721730 0.938076 7
0.136208 -0.698582 0.941171 7
0.096523 -0.706678 0.941365 7
0.052375 -0.003279 1.006543 6
0.006533 -0.031800 1.004875 6
-0.039926 -0.015582 1.007233 6
-0.086955 0.007366 1.010144 6
-0.131505 -0.035754 1.006905 6
-0.177930 -0.029846 1.008107 6
-0.935823 1.497916 1.152400 0
-0.931282 1.105435 1.115740 0
-0.730959 -0.332808 0.982103 0
-0.774150 -0.340342 0.981082 0
-0.815590 -0.356686 0.979178 0
-0.867578 -0.321976 0.981926 0
-0.908266 -0.342652 0.979484 0
-0.933602 -0.429168 0.970908 0
-0.938310 -0.595278 0.954963 0
-0.924112 -0.824424 0.933211 0
-0.967556 -0.814747 0.933369 0
-1.005293 -0.827651 0.931392 0
1.317829 -0.054183 1.003970 6
1.255832 -0.108377 1.001838 6
1.207033 -0.112318 1.004237 6
1.137803 -0.207674 0.997996 6
1.095884 -0.186627 1.002532 6
0.956666 -0.635277 0.962541 7
0.903823 -0.690977 0.959421 7
0.862837 -0.689901 0.961613 7
0.815487 -0.725434 0.960219 7
0.771617 -0.745103 0.960260 7
0.726051 -0.778763 0.958861 7
0.679366 -0.825219 0.956121 7
0.660536 -0.676984 0.972357 7
0.617139 -0.698696 0.971933 7
0.583696 -0.640727 0.979300 7
0.528873 -0.769701 0.968113 7
0.489470 -0.769065 0.969670 7
0.445000 -0.825663 0.965451 7
0.409608 -0.783053 0.971078 7
0.373467 -0.740234 0.976696 7
0.333504 -0.747598 0.977222 7
0.292642 -0.776095 0.975547 7
0.254453 -0.754225 0.978907 7
0.215068 -0.757501 0.979665 7
0.177935 -0.664058 0.990223 7
0.137004 -0.727960 0.984692 7
0.097493 -0.733593 0.985041 7
0.058020 -0.727954 0.986488 7
0.019078 -0.763246 0.983671 7
-0.036283 -0.125722 1.050079 6
-0.081178 -0.137272 1.049688 6
-0.130051 -0.055273 1.058894 6
-0.177311 -0.032870 1.061893 6
-0.223943 -0.027830 1.063034 6
-0.638764 -0.359761 1.031022 0
-0.686006 -0.341874 1.032778 0
-0.736126 -0.310763 1.035845 0
-0.776022 -0.337443 1.032835 0
-0.823140 -0.326176 1.033708 0
-0.870667 -0.314837 1.034521 0
-0.910941 -0.338287 1.031657 0
-0.928118 -0.460879 1.018457 0
-0.924226 -0.661710 0.997121 0
-0.927990 -0.816498 0.980536 0
-0.963431 -0.838344 0.977660 0
-1.010228 -0.817330 0.979147 0
-2.173203 1.507109 1.206559 1
-2.173955 1.321475 1.185858 1
-2.208151 1.234220 1.175059 1
-2.271621 1.226304 1.172163 1
-2.337766 1.224348 1.169761 1
-2.418672 1.257364 1.170731 1
-2.483221 1.248497 1.167419 1
-2.574148 1.299980 1.169955 1
-2.627342 1.262392 1.163589 1
-2.714717 1.300666 1.164555 1
-2.814909 1.363292 1.167736 1
-2.891059 1.371235 1.165446 1
-2.977396 1.398310 1.164867 1
1.299604 -0.143473 1.050125 6
1.243773 -0.175604 1.049491 6
1.199147 -0.164202 1.053297 6
1.150389 -0.170841 1.055147 6
0.972812 -0.771321 0.994215 7
0.984160 -0.519946 1.022980 8
0.901110 -0.721879 1.003612 7
0.863479 -0.703901 1.007532 7
0.820810 -0.713041 1.008493 7
0.777891 -0.725514 1.009025 7
0.737096 -0.726878 1.010691 7
0.675612 -0.868697 0.997007 7
0.642597 -0.825779 1.003335 7
0.610432 -0.770512 1.010997 7
0.564238 -0.824790 1.006588 7
0.524797 -0.827718 1.007754 7
0.489369 -0.791718 1.013176 7
0.450592 -0.785946 1.015209 7
0.410150 -0.800260 1.014952 7
0.371656 -0.791719 1.017187 7
0.331366 -0.810652 1.016294 7
0.293752 -0.785494 1.020290 7
0.255684 -0.760447 1.024235 7
0.216015 -0.770895 1.024133 7
0.176571 -0.781151 1.023994 7
0.137140 -0.806442 1.022093 7
0.098671 -0.699038 1.035203 7
0.059186 -0.764539 1.028627 7
0.019599 -0.743596 1.031828 7
-0.019980 -0.739493 1.033061 7
-0.057176 -0.806695 1.026088 7
-0.125784 -0.138190 1.103306 6
-0.170666 -0.147401 1.102947 6
-0.216419 -0.140899 1.104329 6
-0.269195 -0.041045 1.116383 6
-0.561254 -0.290306 1.090015 0
-0.604235 -0.301973 1.088760 0
-0.640210 -0.356566 1.082489 0
-0.686743 -0.343794 1.083938 0
-0.737638 -0.309043 1.087865 0
-0.779593 -0.325643 1.085804 0
-0.819283 -0.352701 1.082477 0
-0.869260 -0.329103 1.084935 0
-0.906944 -0.364223 1.080563 0
-0.919304 -0.506943 1.063746 0
-0.942138 -0.594951 1.053190 0
-0.935487 -0.794187 1.029811 0
-0.966293 -0.835099 1.024601 0
-1.014623 -0.809058 1.027023 0
-2.157304 1.085380 1.231202 1
-2.163253 0.932866 1.212291 1
-2.157723 0.758842 1.190976 1
-2.179825 0.660470 1.178121 1
-2.222683 0.615463 1.171175 1
-2.301264 0.654257 1.173455 1
-2.371521 0.671200 1.173200 1
-2.425049 0.649422 1.168575 1
-2.484433 0.640115 1.165239 1
-2.575244 0.695755 1.168901 1
-2.652811 0.720562 1.169061 1
-2.705280 0.693049 1.163433 1
-2.782108 0.712976 1.162838 1
-2.865273 0.742815 1.163177 1
-2.949516 0.772078 1.163315 1
1.348855 -0.157281 1.100392 6
1.167605 -0.671708 1.043910 7
1.109377 -0.734388 1.038968 7
1.056951 -0.778873 1.036009 7
1.071945 -0.532899 1.066796 8
0.980754 -0.751348 1.043412 7
0.945187 -0.724628 1.048570 7
0.901236 -0.738261 1.048934 7
0.862283 -0.727585 1.052109 7
0.812483 -0.777260 1.048060 7
0.775305 -0.758680 1.052059 7
0.735160 -0.757245 1.053966 7
0.685330 -0.821404 1.047935 7
0.648567 -0.801464 1.051942 7
0.605752 -0.826036 1.050527 7
0.569215 -0.802908 1.054831 7
0.531537 -0.786822 1.058243 7
0.492096 -0.785965 1.059755 7
0.448547 -0.831075 1.055592 7
0.411646 -0.805531 1.060019 7
0.375486 -0.763414 1.066451 7
0.334533 -0.786746 1.064788 7
0.296621 -0.760960 1.069132 7
0.255490 -0.800367 1.065365 7
0.217731 -0.760603 1.071356 7
0.178016 -0.773364 1.070785 7
0.138286 -0.806618 1.067606 7
0.099369 -0.795939 1.069847 7
0.060133 -0.765893 1.074468 7
0.021161 -0.790851 1.072162 7
-0.017651 -0.803620 1.071328 7
-0.056873 -0.798060 1.072744 7
-0.096859 -0.778295 1.075901 7
-0.168391 -0.181310 1.151713 6
-0.215551 -0.149520 1.156384 6
-0.260103 -0.162501 1.155358 6
-0.320211 0.014376 1.178260 6
-0.357222 -0.095954 1.164829 6
-0.509000 -0.352596 1.133774 0
-0.548654 -0.384340 1.129964 0
-0.596621 -0.357746 1.133498 0
-0.642553 -0.347824 1.134865 0
-0.685514 -0.357225 1.133727 0
-0.729258 -0.362053 1.133116 0
-0.779472 -0.333256 1.136715 0
-0.824773 -0.332596 1.136690 0
-0.870645 -0.330095 1.136843 0
-0.914285 -0.338745 1.135527 0
-0.936573 -0.439912 1.122435 0
-0.935103 -0.631942 1.097797 0
-0.926885 -0.836058 1.071608 0
-0.965144 -0.847230 1.069799 0
-1.014390 -0.817869 1.073061 0
-2.199969 0.696345 1.249493 1
-2.152326 0.435718 1.215649 1
-2.175666 0.351248 1.203559 1
-2.179207 0.225545 1.186384 1
-2.205666 0.155293 1.175999 1
-2.267084 0.162127 1.174986 1
-2.328294 0.167138 1.173664 1
-2.384485 0.160634 1.170858 1
-2.459077 0.189895 1.172292 1
-2.512543 0.175738 1.168390 1
-2.593258 0.212750 1.170546 1
-2.626900 0.159818 1.161837 1
-2.706824 0.191895 1.163196 1
-2.788933 0.225288 1.164584 1
-2.883666 0.277918 1.168109 1
-2.941101 0.263934 1.163661 1
-3.017143 0.280193 1.162659 1
1.287520 -0.719369 1.079580 7
1.237604 -0.744344 1.078785 7
1.189123 -0.766718 1.078231 7
1.227239 -0.458367 1.119446 8
1.130988 -0.663871 1.095636 7
1.068969 -0.744710 1.087461 7
1.029026 -0.737220 1.090462 7
0.980746 -0.767852 1.088515 7
0.943938 -0.747369 1.093080 7
0.902238 -0.750157 1.094598 7
0.856959 -0.772940 1.093464 7
0.813542 -0.788630 1.093184 7
0.768343 -0.817448 1.091123 7
0.731323 -0.799317 1.095147 7
0.687028 -0.828172 1.092954 7
0.644837 -0.846798 1.092040 7
0.615704 -0.768561 1.103882 7
0.568781 -0.826294 1.097691 7
0.534178 -0.783492 1.104787 7
0.493016 -0.798273 1.104185 7
0.452631 -0.808454 1.104141 7
0.414844 -0.789877 1.107899 7
0.376091 -0.780551 1.110379 7
0.335905 -0.792209 1.109994 7
0.297029 -0.783922 1.112248 7
0.257291 -0.792908 1.112126 7
0.218432 -0.781355 1.114735 7
0.179133 -0.779983 1.115925 7
0.139597 -0.794951 1.114850 7
0.100413 -0.796058 1.115610 7
0.061187 -0.785999 1.117848 7
0.022503 -0.824730 1.113385 7
-0.017285 -0.789576 1.118965 7
-0.055936 -0.807655 1.117226 7
-0.095471 -0.798421 1.119181 7
-0.135647 -0.781272 1.122181 7
-0.173481 -0.806864 1.119272 7
-0.261850 -0.136006 1.212085 6
-0.309574 -0.113126 1.215835 6
-0.368967 0.030147 1.236126 6
-0.421563 -0.350696 1.184567 0
-0.470902 -0.307488 1.190911 0
-0.513229 -0.324735 1.188864 0
-0.552762 -0.360117 1.184260 0
-0.599024 -0.347230 1.186275 0
-0.642674 -0.352906 1.185676 0
-0.692622 -0.321924 1.190097 0
-0.737003 -0.325879 1.189637 0
-0.775663 -0.360167 1.184931 0
-0.822564 -0.350864 1.186205 0
-0.872083 -0.330857 1.188910 0
-0.913764 -0.348918 1.186298 0
-0.929468 -0.478504 1.168218 0
-0.940705 -0.616493 1.148938 0
-0.931134 -0.826744 1.119642 0
-0.974777 -0.818180 1.120539 0
-1.022131 -0.797384 1.123076 0
-2.172266 0.197489 1.245193 1
-2.181531 0.090113 1.229208 1
-2.167309 -0.063033 1.207067 1
-2.174111 -0.166047 1.191673 1
-2.201116 -0.224152 1.182283 1
-2.225720 -0.285268 1.172461 1
-2.293182 -0.261651 1.173879 1
-2.336476 -0.285790 1.168875 1
-2.399366 -0.273670 1.168608 1
-2.486632 -0.219119 1.173845 1
-2.531434 -0.242975 1.168662 1
-2.600687 -0.224637 1.168941 1
-2.664890 -0.216691 1.167767 1
-2.736136 -0.198531 1.167828 1
-2.796303 -0.200160 1.165226 1
-2.874058 -0.174986 1.165990 1
-2.930992 -0.184271 1.162218 1
-3.012551 -0.156926 1.163042 1
1.464498 -0.128690 1.208757 6
1.410366 -0.146240 1.208884 6
1.271834 -0.477341 1.165768 8
1.161444 -0.727606 1.133423 7
1.109065 -0.767682 1.129920 7
1.069175 -0.760000 1.132972 7
1.016776 -0.806761 1.128381 7
0.978765 -0.793234 1.132141 7
0.942646 -0.770177 1.137206 7
0.909567 -0.730373 1.144603 7
0.854771 -0.801463 1.136306 7
0.819004 -0.775503 1.141666 7
0.773968 -0.801765 1.139575 7
0.736183 -0.786782 1.143298 7
0.687769 -0.841308 1.137049 7
0.650434 -0.825374 1.140816 7
0.611373 -0.821007 1.142888 7
0.572818 -0.812507 1.145515 7
0.537086 -0.777854 1.151881 7
0.492191 -0.827741 1.145992 7
0.455510 -0.799305 1.151388 7
0.412962 -0.836580 1.147209 8
0.375123 -0.819350 1.150904 7
0.339636 -0.759862 1.160734 7
0.299212 -0.772963 1.159943 7
0.258433 -0.801005 1.156916 7
0.219736 -0.783763 1.160476 7
0.181588 -0.730059 1.169363 7
0.140549 -0.809684 1.158610 7
0.101424 -0.804425 1.160293 7
0.062295 -0.817420 1.159244 7
0.023298 -0.822915 1.159258 7
-0.016529 -0.791059 1.164759 7
-0.055848 -0.792556 1.165289 7
-0.094140 -0.817342 1.162323 7
-0.135053 -0.785083 1.167784 7
-0.172032 -0.825351 1.162430 7
-0.214545 -0.779962 1.169775 7
-0.256107 -0.757377 1.173695 7
-0.337975 -0.305130 1.241651 0
-0.378679 -0.341818 1.236708 0
-0.421158 -0.357071 1.234914 0
-0.474871 -0.278556 1.247086 0
-0.514340 -0.320585 1.241202 0
-0.559433 -0.317868 1.241962 0
-0.597039 -0.365709 1.235111 0
-0.648980 -0.319682 1.242264 0
-0.686089 -0.366331 1.235497 0
-0.734745 -0.344986 1.238868 0
-0.782792 -0.329857 1.241264 0
-0.829621 -0.323092 1.242362 0
-0.879402 -0.303826 1.245289 0
-0.925400 -0.304218 1.245223 0
-0.928350 -0.491153 1.217156 0
-0.935585 -0.645442 1.193942 0
-0.938432 -0.805398 1.169845 0
-0.971656 -0.837856 1.164811 0
-2.157778 -0.095334 1.262079 1
-2.169886 -0.186713 1.247374 1
-2.158374 -0.322504 1.226160 1
-2.170219 -0.406728 1.212492 1
-2.170590 -0.510140 1.196019 1
-2.174109 -0.603830 1.180964 1
-2.204011 -0.645639 1.173432 1
-2.274245 -0.613924 1.176499 1
-2.327036 -0.615280 1.174710 1
-2.364768 -0.643478 1.168994 1
-2.422497 -0.637760 1.168100 1
-2.486791 -0.622460 1.168504 1
-2.553222 -0.605366 1.169081 1
-2.617003 -0.594197 1.168730 1
-2.668736 -0.603157 1.165443 1
-2.745256 -0.575265 1.167293 1
-2.806100 -0.572829 1.165457 1
-2.889963 -0.538127 1.168062 1
-2.942566 -0.550424 1.163987 1
-2.996200 -0.561909 1.159956 1
1.596930 -0.040518 1.272391 6
1.528197 -0.099556 1.266218 6
1.279079 -0.779456 1.167816 7
1.226489 -0.814956 1.164596 7
1.199188 -0.761043 1.174647 7
1.138703 -0.830396 1.166233 7
1.108222 -0.786946 1.174662 7
1.076994 -0.743684 1.183057 7
1.018597 -0.814932 1.174130 7
0.983419 -0.788448 1.179917 7
0.948836 -0.757382 1.186379 7
0.898292 -0.803450 1.181061 7
0.865819 -0.760431 1.189285 7
0.821437 -0.779293 1.188014 7
0.775800 -0.808479 1.185099 7
0.732164 -0.829607 1.183362 7
0.700243 -0.776682 1.193005 7
0.654155 -0.817503 1.188136 7
0.617970 -0.789778 1.193831 7
0.574423 -0.818958 1.190659 7
0.533682 -0.828891 1.190427 7
0.499050 -0.781509 1.199097 7
0.458318 -0.791097 1.198847 7
0.419991 -0.774519 1.202654 7
0.379289 -0.787003 1.201869 7
0.341197 -0.762592 1.206843 7
0.298554 -0.815763 1.199569 7
0.259299 -0.815447 1.200671 7
0.220156 -0.812479 1.202156 7
0.180902 -0.812594 1.203117 7
0.141320 -0.836754 1.200231 7
0.102498 -0.799018 1.207123 7
0.063340 -0.838613 1.201703 7
0.024245 -0.831129 1.203724 7
-0.015856 -0.789108 1.211217 7
-0.055911 -0.772879 1.214576 7
-0.092858 -0.835223 1.205353 7
-0.133030 -0.815524 1.209192 7
-0.173086 -0.804354 1.211638 7
-0.211886 -0.814032 1.210712 7
-0.250602 -0.823123 1.209841 7
-0.295922 -0.759694 1.220573 7
-0.337859 -0.742117 1.223921 7
-0.421008 -0.361178 1.285650 0
-0.424038 -0.698565 1.231873 7
-0.468517 -0.672188 1.236542 7
-0.504150 -0.712586 1.230425 7
-0.543253 -0.725574 1.228682 7
-0.653739 -0.296131 1.298230 0
-0.692960 -0.332538 1.292663 0
-0.733018 -0.361138 1.288311 0
-0.774068 -0.382379 1.285103 0
-0.822924 -0.363615 1.288313 0
-0.874954 -0.332466 1.293483 0
-0.927246 -0.303800 1.298213 0
-0.936746 -0.462802 1.272595 0
-0.930132 -0.675687 1.238231 0
-0.931954 -0.838675 1.211887 0
-0.982730 -0.803506 1.217510 0
-2.145830 -0.132644 1.315716 1
-2.141813 -0.256635 1.294945 1
-2.142576 -0.366024 1.276495 1
-2.154131 -0.449961 1.262081 1
-2.166476 -0.529434 1.248362 1
-2.169972 -0.622848 1.232425 1
-2.185388 -0.691081 1.220461 1
-2.163035 -0.825010 1.198131 1
-2.211845 -0.829019 1.196257 1
-2.282808 -0.795753 1.200180 1
-2.305761 -0.845508 1.191026 1
-2.361181 -0.840728 1.190369 1
-2.419268 -0.832821 1.190138 1
-2.467634 -0.841527 1.187258 1
-2.536450 -0.819327 1.189118 1
-2.561954 -0.864432 1.180487 1
-2.625782 -0.852026 1.180703 1
-2.691761 -0.838024 1.181088 1
-2.744995 -0.843709 1.178375 1
-2.819130 -0.821142 1.179918 1
-2.878140 -0.821152 1.177929 1
-2.923652 -0.840279 1.172965 1
-2.966987 -0.862600 1.167463 1
1.373979 -0.765906 1.214089 7
1.319740 -0.801797 1.210396 7
1.274803 -0.809436 1.211148 7
1.223122 -0.842218 1.207811 7
1.182305 -0.838533 1.210274 7
1.156649 -0.777666 1.221937 7
1.095766 -0.852100 1.211695 7
1.066595 -0.802742 1.221454 7
1.018367 -0.831933 1.218423 7
0.979237 -0.823581 1.221457 7
0.943052 -0.801295 1.226740 7
0.905165 -0.785990 1.230856 7
0.865745 -0.777854 1.233767 7
0.821087 -0.798443 1.231911 7
0.779127 -0.806485 1.232075 7
0.741101 -0.791941 1.235936 7
0.696615 -0.818860 1.232891 7
0.656253 -0.821214 1.233876 7
0.609718 -0.871500 1.226839 7
0.575582 -0.829058 1.235210 7
0.535786 -0.830386 1.236256 7
0.495134 -0.841097 1.235694 7
0.461404 -0.780066 1.247131 7
0.421287 -0.782523 1.247897 7
0.380875 -0.790475 1.247702 7
0.341693 -0.782229 1.250202 7
0.300399 -0.811243 1.246378 7
0.261631 -0.796259 1.249950 7
0.222069 -0.796858 1.250857 7
0.182243 -0.809720 1.249650 7
0.142939 -0.804839 1.251419 7
0.103369 -0.836953 1.246864 7
0.064096 -0.802130 1.253667 7
0.025116 -0.834210 1.249041 7
-0.014952 -0.796498 1.256288 7
-0.055039 -0.780390 1.259826 7
-0.091662 -0.851183 1.248466 7
-0.131893 -0.829490 1.252893 7
-0.172529 -0.808752 1.257133 7
-0.211316 -0.819542 1.255937 7
-0.248628 -0.846268 1.251970 7
-0.290242 -0.821606 1.256799 7
-0.330231 -0.818217 1.257943 7
-0.381430 -0.716314 1.276024 7
-0.469659 -0.328484 1.343374 0
-0.462566 -0.721221 1.276171 7
-0.508693 -0.685070 1.282858 7
-0.545494 -0.715769 1.277978 7
-0.644962 -0.356290 1.340465 0
-0.691993 -0.344467 1.342893 0
-0.739264 -0.333429 1.345152 0
-0.782988 -0.342844 1.343840 0
-0.827350 -0.348979 1.343058 0
-0.879667 -0.317862 1.348690 0
-0.918928 -0.349127 1.343487 0
-0.929521 -0.501742 1.317229 0
-0.939391 -0.645265 1.292501 0
-0.943583 -0.800333 1.265731 0
-0.984095 -0.806167 1.264780 0
-2.110902 -0.099916 1.381435 1
-2.135774 -0.165814 1.369373 1
-2.133050 -0.286422 1.347888 1
-2.144327 -0.374048 1.332056 1
-2.140954 -0.487296 1.311817 1
-2.133627 -0.603814 1.291015 1
-2.143234 -0.684178 1.276395 1
-2.177140 -0.717324 1.269827 1
-2.167301 -0.828252 1.249962 1
-2.203351 -0.854860 1.244462 1
-2.257263 -0.850654 1.244168 1
-2.319783 -0.833156 1.246081 1
-2.353115 -0.865198 1.239539 1
-2.439842 -0.811202 1.247523 1
-2.480086 -0.833437 1.242549 1
-2.536071 -0.831542 1.241604 1
-2.589787 -0.834144 1.239847 1
-2.652282 -0.824710 1.240059 1
-2.702059 -0.835060 1.236893 1
-2.772227 -0.817177 1.238398 1
-2.814388 -0.839906 1.233056 1
-2.889522 -0.817989 1.235102 1
-2.928829 -0.845748 1.228821 1
-3.020682 -0.804901 1.233860 1
1.548078 -0.658743 1.275055 7
1.483445 -0.715714 1.267445 7
1.405978 -0.816518 1.252258 7
1.362960 -0.816076 1.254254 7
1.334520 -0.768737 1.264256 7
1.278816 -0.811171 1.258821 7
1.243263 -0.786772 1.264834 7
1.196281 -0.802983 1.263809 7
1.150399 -0.817099 1.263096 7
1.109895 -0.811954 1.265681 7
1.075942 -0.780223 1.272862 7
1.026478 -0.813064 1.268764 7
0.997294 -0.758670 1.279864 7
0.947799 -0.795386 1.274998 7
0.909013 -0.783678 1.278578 7
0.867760 -0.784337 1.279954 7
0.825535 -0.791183 1.280206 7
0.792579 -0.745809 1.289650 7
0.738390 -0.826438 1.276777 7
0.701716 -0.803431 1.282206 7
0.660585 -0.809277 1.282489 7
0.620712 -0.807277 1.284135 7
0.581598 -0.799533 1.286776 7
0.541100 -0.803478 1.287301 7
0.499595 -0.818737 1.285769 7
0.462067 -0.795262 1.291142 7
0.422956 -0.786057 1.293937 7
0.384611 -0.764740 1.298885 7
0.344310 -0.768381 1.299320 7
0.301031 -0.829415 1.289372 7
0.261986 -0.822325 1.291668 7
0.222869 -0.814120 1.294142 7
0.183234 -0.821365 1.293793 7
0.144422 -0.783657 1.301563 7
0.104433 -0.833848 1.293365 7
0.065062 -0.806214 1.299263 7
0.025168 -0.780259 1.304839 7
-0.014869 -0.769894 1.307558 7
-0.052624 -0.833433 1.296776 7
-0.093804 -0.790772 1.305330 7
-0.133090 -0.799823 1.304423 7
-0.169132 -0.858064 1.294487 7
-0.211534 -0.814262 1.303188 7
-0.251221 -0.814305 1.303842 7
-0.290262 -0.821994 1.303066 7
-0.331634 -0.806170 1.306578 7
-0.373341 -0.790852 1.309974 7
-0.424617 -0.700458 1.327151 7
-0.468395 -0.681057 1.331264 7
-0.504837 -0.716725 1.325214 7
-0.542462 -0.740685 1.321286 7
-0.647953 -0.343704 1.394920 0
-0.700246 -0.302810 1.402932 0
-0.736862 -0.353305 1.394058 0
-0.782114 -0.354406 1.394264 0
-0.837502 -0.306128 1.403560 0
-0.876942 -0.338328 1.397962 0
-0.920852 -0.348349 1.396429 0
-0.937663 -0.474623 1.373367 0
-0.930442 -0.689825 1.333809 0
-0.933090 -0.849387 1.304495 0
-0.981168 -0.825102 1.309164 0
-2.097082 -0.141698 1.433490 1
-2.121727 -0.207283 1.420920 1
-2.113224 -0.338868 1.396152 1
-2.113594 -0.447296 1.375643 1
-2.126926 -0.526155 1.360567 1
-2.134797 -0.612748 1.344049 1
-2.127881 -0.723947 1.322992 1
-2.136590 -0.802488 1.307930 1
-2.172094 -0.830584 1.302115 1
-2.503808 -0.341233 1.391173 1
-2.570194 -0.327398 1.392889 1
-2.619128 -0.344382 1.388913 1
-2.690911 -0.324378 1.391661 1
-2.733496 -0.353017 1.385470 1
-2.783250 -0.370331 1.381310 1
-2.881291 -0.314024 1.390519 1
-2.947093 -0.309567 1.390219 1
1.598060 -0.662348 1.323122 7
1.544737 -0.683871 1.321176 7
1.463389 -0.790282 1.303708 7
1.409559 -0.820707 1.299983 7
1.375236 -0.792583 1.306912 7
1.338704 -0.770513 1.312719 7
1.301350 -0.750459 1.318140 7
1.236784 -0.824950 1.306118 7
1.195890 -0.819948 1.308685 7
1.154607 -0.816816 1.310878 7
1.104884 -0.847384 1.306790 7
1.063389 -0.847630 1.308283 7
1.032222 -0.804531 1.317818 7
0.991335 -0.801718 1.319837 7
0.948220 -0.809858 1.319779 7
0.916211 -0.764972 1.329620 7
0.867260 -0.803858 1.323739 7
0.827105 -0.799773 1.325883 7
0.787991 -0.789977 1.329076 7
0.746038 -0.797168 1.329043 7
0.705803 -0.794848 1.330774 7
0.659243 -0.837187 1.324025 7
0.619090 -0.838503 1.325002 7
0.577610 -0.851561 1.323721 7
0.543315 -0.804261 1.333888 7
0.501998 -0.816592 1.332696 7
0.461365 -0.824978 1.332223 7
0.421104 -0.831680 1.332043 7
0.383693 -0.802372 1.338723 7
0.341661 -0.836991 1.333146 7
0.301665 -0.847389 1.332173 7
0.264446 -0.800764 1.342124 7
0.222904 -0.853245 1.333013 7
0.184808 -0.809530 1.342376 7
0.145129 -0.814761 1.342300 7
0.105643 -0.804638 1.345160 7
0.065860 -0.771917 1.352369 7
0.026242 -0.796483 1.348485 7
-0.013833 -0.782505 1.352032 7
-0.053772 -0.781313 1.353083 7
-0.092536 -0.808285 1.348646 7
-0.132330 -0.806700 1.349722 7
-0.172811 -0.795425 1.352660 7
-0.210215 -0.830030 1.346651 7
-0.248156 -0.850620 1.343337 7
-0.287946 -0.847582 1.344600 7
-0.326094 -0.861842 1.342466 7
-0.369346 -0.828899 1.349523 7
-0.428393 -0.672937 1.380607 7
-0.473657 -0.645282 1.386623 7
-0.509439 -0.688889 1.378677 7
-0.551642 -0.685353 1.379928 7
-0.583723 -0.745376 1.368702 7
-0.694646 -0.341681 1.448367 0
-0.739484 -0.345613 1.448126 0
-0.779942 -0.372699 1.443313 0
-0.826911 -0.365779 1.445150 0
-0.880536 -0.329081 1.452815 0
-0.931492 -0.308542 1.457284 0
-0.940515 -0.470295 1.425875 0
-0.933690 -0.684214 1.384146 0
-0.938859 -0.834290 1.354928 0
-0.975614 -0.853929 1.351353 0
-2.074616 -0.201977 1.481118 1
-2.086978 -0.292150 1.463132 1
-2.093401 -0.391094 1.443394 1
-2.091826 -0.502270 1.421225 1
-2.094446 -0.600936 1.401504 1
-2.120397 -0.651408 1.391257 1
-2.110072 -0.768140 1.367943 1
-2.131216 -0.823157 1.356761 1
-2.172096 -0.841488 1.352775 1
-2.522743 -0.320615 1.454760 1
-2.571810 -0.337150 1.451012 1
-2.633545 -0.332945 1.451305 1
-2.686508 -0.344303 1.448506 1
-2.754549 -0.332229 1.450267 1
-2.811355 -0.339315 1.448231 1
-2.890799 -0.312634 1.452770 1
1.648719 -0.665617 1.371693 7
1.603736 -0.662213 1.374185 7
1.505568 -0.810898 1.347171 7
1.469632 -0.787092 1.353501 7
1.430253 -0.773000 1.357930 7
1.379802 -0.793518 1.355589 7
1.339826 -0.782288 1.359407 7
1.293494 -0.792438 1.359016 7
1.245873 -0.808644 1.357401 7
1.203951 -0.806272 1.359398 7
1.159487 -0.814076 1.359364 7
1.123668 -0.789480 1.365691 7
1.071450 -0.830496 1.359038 7
1.037940 -0.796244 1.367236 7
0.993073 -0.810218 1.365864 7
0.952309 -0.807172 1.367839 7
0.909368 -0.815274 1.367572 7
0.873215 -0.790014 1.373928 7
0.835945 -0.768828 1.379462 7
0.796217 -0.760110 1.382490 7
0.758162 -0.740886 1.387605 7
0.710750 -0.780818 1.380839 7
0.667295 -0.799561 1.378284 7
0.620080 -0.849984 1.369320 7
0.580953 -0.843959 1.371680 7
0.547121 -0.791165 1.383459 7
0.507707 -0.782758 1.386276 7
0.468174 -0.774641 1.389017 7
0.426111 -0.795444 1.385882 7
0.387863 -0.771253 1.391842 7
0.344291 -0.822981 1.382374 7
0.302822 -0.855668 1.376731 7
0.263804 -0.848875 1.379090 7
0.224090 -0.858906 1.378003 7
0.185388 -0.837547 1.383298 7
0.146239 -0.818988 1.388011 7
0.106588 -0.826089 1.387465 7
0.066943 -0.801107 1.393465 7
0.026911 -0.783985 1.397845 7
-0.012705 -0.799048 1.395610 7
-0.053002 -0.785707 1.399183 7
-0.091548 -0.819369 1.393080 7
-0.131297 -0.818704 1.394008 7
-0.171378 -0.813659 1.395821 7
-0.210715 -0.820875 1.395089 7
-0.249957 -0.828202 1.394312 7
-0.293018 -0.793477 1.402200 7
-0.330089 -0.824543 1.396483 7
-0.366297 -0.858507 1.390138 7
-0.405571 -0.862638 1.389940 7
-0.445715 -0.860291 1.391065 7
-0.509363 -0.693968 1.426172 7
-0.548426 -0.711489 1.423165 7
-0.588642 -0.720501 1.421901 7
-0.694797 -0.347147 1.500065 0
-0.741929 -0.338939 1.502392 0
-0.789261 -0.331383 1.504567 0
-0.831634 -0.349842 1.501307 0
-0.879045 -0.343743 1.503139 0
-0.933892 -0.305772 1.511595 0
-0.939103 -0.484254 1.474901 0
-0.929183 -0.710412 1.428199 0
-0.943110 -0.825248 1.404669 0
-0.986428 -0.820925 1.405984 0
-2.051415 -0.143879 1.552272 1
-2.062837 -0.239013 1.532384 1
-2.075888 -0.326998 1.513970 1
-2.071478 -0.447406 1.488725 1
-2.091165 -0.514858 1.474572 1
-2.078299 -0.643537 1.447542 1
-2.088263 -0.723679 1.430680 1
-2.102873 -0.792420 1.416191 1
-2.142065 -0.814294 1.411517 1
-2.465822 -0.330746 1.512890 1
-2.503784 -0.365967 1.505356 1
-2.576313 -0.342010 1.510213 1
-2.649665 -0.318807 1.514882 1
-2.704789 -0.327319 1.512872 1
-2.772261 -0.316940 1.514794 1
-2.831940 -0.320251 1.513817 1
1.606504 -0.793825 1.396798 7
1.551801 -0.820638 1.392900 7
1.505565 -0.825948 1.393383 7
1.468741 -0.804880 1.399280 7
1.423922 -0.807428 1.400285 7
1.383963 -0.795789 1.404202 7
1.335358 -0.812121 1.402298 7
1.299254 -0.788574 1.408647 7
1.261748 -0.768974 1.414168 7
1.213542 -0.787262 1.411777 7
1.164113 -0.812383 1.407923 7
1.136817 -0.754072 1.421487 7
1.081445 -0.805709 1.412026 7
1.036941 -0.816587 1.411064 7
0.990697 -0.836971 1.408076 7
0.959225 -0.791452 1.418929 7
0.914887 -0.804933 1.417350 7
0.869094 -0.828090 1.413700 7
0.838045 -0.774724 1.426196 7
0.794211 -0.789200 1.424340 7
0.753262 -0.788697 1.425632 7
0.713404 -0.781848 1.428252 7
0.666336 -0.824766 1.420278 7
0.628357 -0.807218 1.425133 7
0.587110 -0.813904 1.424814 7
0.551970 -0.769169 1.435448 7
0.508273 -0.798581 1.430245 7
0.466491 -0.814705 1.427851 7
0.427744 -0.799558 1.432131 7
0.389697 -0.771832 1.439098 7
0.346179 -0.820715 1.429616 7
0.304806 -0.848965 1.424527 7
0.265438 -0.845999 1.426127 7
0.225634 -0.854566 1.425227 7
0.186638 -0.838922 1.429529 7
0.146407 -0.883228 1.420881 7
0.107546 -0.844114 1.430225 7
0.067984 -0.821888 1.435918 7
0.027971 -0.799203 1.441706 7
-0.011571 -0.815994 1.438931 7
-0.051581 -0.809546 1.441177 7
-0.090626 -0.828956 1.437795 7
-0.128786 -0.858508 1.432186 7
-0.171045 -0.814459 1.442565 7
-0.210421 -0.822576 1.441587 7
-0.249636 -0.831393 1.440439 7
-0.291188 -0.813829 1.445028 7
-0.329860 -0.828428 1.442589 7
-0.372580 -0.805217 1.448392 7
-0.408299 -0.843603 1.440719 7
-0.442791 -0.886189 1.432099 7
-0.489430 -0.838321 1.443265 7
-0.552405 -0.690449 1.476354 7
-0.634288 -0.445428 1.530791 8
-0.694001 -0.358106 1.550673 0
-0.748496 -0.309787 1.562000 0
-0.785490 -0.357999 1.552105 0
-0.836339 -0.334079 1.558049 0
-0.880691 -0.343703 1.556602 0
-0.929529 -0.333251 1.559559 0
-0.941160 -0.483393 1.527105 0
-0.928247 -0.721955 1.475092 0
-0.941628 -0.838750 1.449875 0
-0.988208 -0.822101 1.454083 0
-2.047210 -0.164882 1.607420 1
-2.045391 -0.288088 1.580328 1
-2.054080 -0.384162 1.559245 1
-2.068654 -0.464498 1.541640 1
-2.052260 -0.603622 1.510908 1
-2.061423 -0.687391 1.492482 1
-2.075189 -0.759438 1.476646 1
-2.115184 -0.780444 1.472170 1
-2.397270 -0.362731 1.565538 1
-2.451427 -0.368563 1.564432 1
-2.522782 -0.345414 1.569774 1
-2.586165 -0.337854 1.571622 1
-2.655949 -0.321108 1.575502 1
-2.729005 -0.300883 1.580142 1
-2.764893 -0.341578 1.571163 1
2.207131 -0.202099 1.563267 4
2.130197 -0.252671 1.554227 4
2.065545 -0.278588 1.550436 4
1.708437 -0.662470 1.473954 7
1.603222 -0.817607 1.441725 7
1.568717 -0.789263 1.449341 7
1.519115 -0.802665 1.447846 7
1.479826 -0.787687 1.452524 7
1.434102 -0.791948 1.452980 7
1.371944 -0.848495 1.441949 7
1.357845 -0.754974 1.463816 7
1.296612 -0.812847 1.452429 7
1.262551 -0.781815 1.460568 7
1.218038 -0.786768 1.460771 7
1.183025 -0.757473 1.468517 7
1.129907 -0.796910 1.461062 7
1.090672 -0.784304 1.465093 7
1.036027 -0.836492 1.454743 7
0.990145 -0.855534 1.451708 7
0.965417 -0.779283 1.469836 7
0.909440 -0.848038 1.455705 7
0.873045 -0.824661 1.462060 7
0.833015 -0.819099 1.464436 7
0.793404 -0.811287 1.467304 7
0.755174 -0.794940 1.472071 7
0.708938 -0.828864 1.465569 7
0.671924 -0.804696 1.472067 7
0.630716 -0.808781 1.472218 7
0.590283 -0.808096 1.473426 7
0.554075 -0.771356 1.482737 7
0.510794 -0.795734 1.478280 7
0.469570 -0.804383 1.477347 7
0.431511 -0.778691 1.484153 7
0.386174 -0.843694 1.470452 7
0.346003 -0.850158 1.469958 7
0.305648 -0.863056 1.467991 7
0.267039 -0.844078 1.473237 7
0.225849 -0.887620 1.464284 7
0.188297 -0.824716 1.479493 7
0.148065 -0.852460 1.474097 7
0.108954 -0.788481 1.489565 7
0.068818 -0.788177 1.490536 7
0.028860 -0.802019 1.488269 7
-0.010961 -0.810642 1.487176 7
-0.051234 -0.801223 1.490194 7
-0.090827 -0.812545 1.488461 7
-0.130991 -0.809561 1.489988 7
-0.169933 -0.827615 1.486684 7
-0.211068 -0.811358 1.491235 7
-0.249483 -0.832559 1.487181 7
-0.290062 -0.826591 1.489354 7
-0.331992 -0.809336 1.494115 7
-0.367681 -0.851241 1.485254 7
-0.409317 -0.838562 1.488945 7
-0.451409 -0.825083 1.492816 7
-0.490533 -0.835012 1.491280 7
-0.528466 -0.852161 1.488065 7
-0.579029 -0.790398 1.503075 7
-0.628533 -0.742727 1.514839 7
-0.746720 -0.326286 1.611988 0
-0.792306 -0.329838 1.611966 0
-0.836104 -0.342653 1.609785 0
-0.886642 -0.323585 1.614988 0
-0.935125 -0.316275 1.617458 0
-0.936616 -0.510696 1.573044 0
-0.937120 -0.693473 1.531263 0
-0.948969 -0.817717 1.503034 0
-0.984215 -0.845010 1.497334 0
-2.021265 -0.233609 1.651121 1
-2.046096 -0.298112 1.636526 1
-2.032057 -0.441545 1.603310 1
-2.051387 -0.510973 1.587495 1
-2.042008 -0.635058 1.558764 1
-2.059264 -0.702534 1.543353 1
-2.086880 -0.748170 1.533074 1
-2.133160 -0.758115 1.531206 1
-2.413878 -0.344871 1.629334 1
-2.467780 -0.351933 1.628175 1
-2.532853 -0.340459 1.631392 1
-2.586560 -0.349761 1.629686 1
-2.636017 -0.366767 1.626145 1
-2.707589 -0.348404 1.630969 1
2.252744 -0.463677 1.558292 4
2.198618 -0.466116 1.559319 4
2.135269 -0.489320 1.555603 4
2.090653 -0.473776 1.560669 4
2.083620 -0.374096 1.584904 4
2.070065 -0.285059 1.606757 4
2.081562 -0.132869 1.643088 4
2.081260 -0.001880 1.674645 4
1.667690 -0.782870 1.498487 7
1.598180 -0.845958 1.485283 7
1.555909 -0.839367 1.488066 7
1.519327 -0.817187 1.494431 7
1.477980 -0.808273 1.497733 7
1.419835 -0.850020 1.489315 7
1.378907 -0.842007 1.492375 7
1.343022 -0.818077 1.499114 7
1.319012 -0.753788 1.515219 7
1.269042 -0.775043 1.511473 7
1.223511 -0.782865 1.510827 7
1.181189 -0.780191 1.512607 7
1.144155 -0.757657 1.519008 7
1.100439 -0.760971 1.519375 7
1.041834 -0.828040 1.504825 7
0.996073 -0.845524 1.501831 7
0.953477 -0.850872 1.501659 7
0.923278 -0.797564 1.515233 7
0.878769 -0.812327 1.512838 7
0.836542 -0.817242 1.512741 7
0.795150 -0.818776 1.513427 7
0.761763 -0.773025 1.525242 7
0.721502 -0.766245 1.527880 7
0.677115 -0.787634 1.523860 7
0.629793 -0.834620 1.513771 7
0.592386 -0.810969 1.520361 7
0.549919 -0.827773 1.517373 7
0.515211 -0.775073 1.530847 7
0.469026 -0.832167 1.518281 7
0.430550 -0.813349 1.523713 7
0.389819 -0.820160 1.523051 7
0.346182 -0.873966 1.511192 7
0.307818 -0.853357 1.517031 7
0.267748 -0.861733 1.515959 7
0.228562 -0.851059 1.519424 7
0.190092 -0.805877 1.531133 7
0.149577 -0.832142 1.525766 7
0.109967 -0.799767 1.534420 7
0.069734 -0.772160 1.541939 7
0.029975 -0.821521 1.531002 7
-0.010189 -0.812065 1.534158 7
-0.050599 -0.801445 1.537592 7
-0.089046 -0.842015 1.528713 7
-0.130048 -0.819828 1.534917 7
-0.170245 -0.818134 1.536188 7
-0.208399 -0.845654 1.530410 7
-0.250518 -0.819369 1.537600 7
-0.291993 -0.806381 1.541585 7
-0.328995 -0.840186 1.534256 7
-0.369896 -0.834122 1.536556 7
-0.407537 -0.856331 1.532006 7
-0.448877 -0.848054 1.534832 7
-0.493660 -0.817573 1.543044 7
-0.525798 -0.874491 1.530043 7
-0.575415 -0.817945 1.544588 7
-0.608950 -0.861552 1.534793 7
-0.748711 -0.322246 1.666861 0
-0.786962 -0.364564 1.657453 0
-0.831586 -0.372230 1.656473 0
-0.872423 -0.397671 1.651149 0
-0.898628 -0.486721 1.630277 0
-0.942977 -0.491564 1.629947 0
-0.945883 -0.665588 1.588232 0
-0.950819 -0.818252 1.551675 0
-0.995005 -0.812422 1.553882 0
-1.998140 -0.295877 1.694997 1
-1.997555 -0.413329 1.666670 1
-2.020052 -0.477838 1.651458 1
-2.020137 -0.585671 1.625445 1
-2.039693 -0.650664 1.610056 1
-2.060455 -0.711179 1.595757 1
-2.072945 -0.785423 1.578014 1
-2.379444 -0.314808 1.696163 1
-2.428176 -0.331341 1.692872 1
-2.487664 -0.329247 1.694230 1
-2.543200 -0.335128 1.693595 1
-2.601740 -0.336780 1.694016 1
-2.665248 -0.331276 1.696229 1
-2.740493 -0.308213 1.702845 1
2.239893 -0.610552 1.578785 4
2.202433 -0.581504 1.587041 4
2.146097 -0.591039 1.586047 4
2.096692 -0.587322 1.588216 4
2.090899 -0.489428 1.613013 4
2.065638 -0.430831 1.628396 4
2.091006 -0.253903 1.672316 4
2.079250 -0.155782 1.697310 4
2.088822 -0.001523 1.735908 4
1.695117 -0.844313 1.533462 7
1.647019 -0.850987 1.532965 7
1.611878 -0.824706 1.540442 7
1.560041 -0.843099 1.537083 7
1.514264 -0.846485 1.537349 7
1.475866 -0.829568 1.542543 7
1.427322 -0.842708 1.540418 7
1.377256 -0.862270 1.536712 7
1.334979 -0.859109 1.538532 7
1.303117 -0.822055 1.548623 7
1.272928 -0.777350 1.560597 7
1.224538 -0.794917 1.557343 7
1.180955 -0.796885 1.557895 7
1.134988 -0.809016 1.555946 7
1.094216 -0.802118 1.558656 7
1.060088 -0.767573 1.568157 7
1.002617 -0.832977 1.553079 7
0.963064 -0.823157 1.556488 7
0.925263 -0.804708 1.562022 7
0.881324 -0.816248 1.560160 7
0.834714 -0.844126 1.554250 7
0.805352 -0.778466 1.571448 7
0.758887 -0.808203 1.565064 7
0.721529 -0.784389 1.571925 7
0.675240 -0.819093 1.564284 7
0.638318 -0.790993 1.572208 7
0.598100 -0.785306 1.574573 7
0.552136 -0.828886 1.564686 7
0.514908 -0.799198 1.573010 7
0.473526 -0.807314 1.571926 7
0.431408 -0.826639 1.568040 7
0.388088 -0.867585 1.558745 7
0.349203 -0.854710 1.562873 7
0.310831 -0.828973 1.570219 7
0.269542 -0.855896 1.564395 7
0.230319 -0.841652 1.568868 7
0.190477 -0.840912 1.569959 7
0.151995 -0.758434 1.591559 7
0.111302 -0.762974 1.591338 7
0.070718 -0.773505 1.589606 7
0.030439 -0.791758 1.585925 7
-0.008997 -0.831498 1.576823 7
-0.049234 -0.823690 1.579686 7
-0.087599 -0.863798 1.570463 7
-0.129746 -0.817962 1.582922 7
-0.171768 -0.789312 1.591056 7
-0.208825 -0.837450 1.579779 7
-0.249725 -0.828256 1.582994 7
-0.288563 -0.843984 1.579898 7
-0.328738 -0.844363 1.580687 7
-0.372998 -0.809179 1.590501 7
-0.410818 -0.832895 1.585368 7
-0.452828 -0.822239 1.588964 7
-0.491613 -0.836358 1.586260 7
-0.528255 -0.863344 1.580273 7
-0.569681 -0.858419 1.582409 7
-0.613893 -0.838765 1.588305 7
-0.654155 -0.843530 1.587976 7
-0.771000 -0.453926 1.688438 0
-0.802853 -0.520231 1.672452 0
-0.835236 -0.578508 1.658492 0
-0.871329 -0.615744 1.649900 0
-0.899425 -0.684445 1.633224 0
-0.924370 -0.760909 1.614526 0
-0.950821 -0.826027 1.598711 0
-0.999126 -0.804972 1.605027 0
-1.987629 -0.209748 1.775239 1
-1.978677 -0.349893 1.739769 1
-1.998142 -0.423368 1.721659 1
-1.989971 -0.551557 1.689210 1
-2.024181 -0.588553 1.680579 1
-2.013086 -0.714266 1.648690 1
-2.049699 -0.742893 1.642211 1
-2.319857 -0.331210 1.751325 1
-2.384821 -0.317160 1.756159 1
-2.428520 -0.343041 1.750505 1
-2.499436 -0.321010 1.757462 1
-2.564829 -0.310532 1.761396 1
-2.615973 -0.325541 1.758621 1
-2.658884 -0.354522 1.752158 1
2.222365 -0.660722 1.621785 4
2.156953 -0.688839 1.615718 4
2.119866 -0.660928 1.623793 4
2.067242 -0.665398 1.623682 4
2.069598 -0.551798 1.653465 4
2.075776 -0.424650 1.686732 4
2.090483 -0.272146 1.726487 4
2.064161 -0.208635 1.743706 4
1.754841 -0.825663 1.587942 7
1.703456 -0.838513 1.585620 7
1.657761 -0.838446 1.586576 7
1.597292 -0.878099 1.577403 7
1.574537 -0.818800 1.593455 7
1.539590 -0.790725 1.601556 7
1.473512 -0.851483 1.586959 7
1.433700 -0.838844 1.591109 7
1.384609 -0.854749 1.587953 7
1.345164 -0.841865 1.592164 7
1.289270 -0.883137 1.582486 7
1.258228 -0.843285 1.593616 7
1.220068 -0.826477 1.598839 7
1.191402 -0.774151 1.613202 7
1.145798 -0.783391 1.611738 7
1.099376 -0.797503 1.609013 7
1.059952 -0.784451 1.613284 7
1.018572 -0.779553 1.615455 7
0.966124 -0.825596 1.604468 7
0.921912 -0.837495 1.602287 7
0.875319 -0.863447 1.596463 7
0.840570 -0.829968 1.606018 7
0.799115 -0.831172 1.606597 7
0.758770 -0.826680 1.608652 7
0.722649 -0.795528 1.617631 7
0.683445 -0.781822 1.622090 7
0.638013 -0.812363 1.615047 7
0.594869 -0.830527 1.611213 7
0.558091 -0.798093 1.620552 7
0.516907 -0.801620 1.620530 7
0.477180 -0.791604 1.624041 7
0.435583 -0.801644 1.622319 7
0.390879 -0.855601 1.609113 7
0.349119 -0.882403 1.602988 7
0.310282 -0.867882 1.607673 7
0.272421 -0.827127 1.619242 7
0.232026 -0.833983 1.618342 7
0.192544 -0.812773 1.624808 7
0.152872 -0.778760 1.634650 7
0.112152 -0.799404 1.630136 7
0.071912 -0.843363 1.619478 7
0.031882 -0.836395 1.622218 7
-0.008828 -0.806390 1.631038 7
-0.049457 -0.797678 1.634255 7
-0.089710 -0.802506 1.633903 7
-0.128486 -0.834185 1.626454 7
-0.169449 -0.821658 1.630690 7
-0.211982 -0.791672 1.639557 7
-0.248034 -0.847998 1.625567 7
-0.291521 -0.812727 1.635851 7
-0.331573 -0.818476 1.635266 7
-0.371625 -0.823928 1.634761 7
-0.415121 -0.801212 1.641749 7
-0.447316 -0.867605 1.625032 7
-0.487839 -0.867187 1.626089 7
-0.536236 -0.816233 1.640627 7
-0.575342 -0.829165 1.638143 7
-0.616012 -0.832321 1.638270 7
-0.656119 -0.838941 1.637474 7
-0.735480 -0.643664 1.690714 0
-0.772072 -0.677791 1.682604 0
-0.798586 -0.756270 1.662593 0
-0.838359 -0.769497 1.660061 0
-0.874616 -0.797236 1.653631 0
-0.916014 -0.802538 1.653226 0
-0.952112 -0.828803 1.647185 0
-0.995864 -0.825179 1.649188 0
-1.960086 -0.283013 1.815274 1
-1.959884 -0.402244 1.783955 1
-1.974703 -0.484481 1.762729 1
-1.969879 -0.604271 1.731153 1
-1.977903 -0.693161 1.708015 1
-1.997854 -0.755180 1.692234 1
-2.271903 -0.326281 1.811716 1
-2.326401 -0.331044 1.811839 1
-2.390371 -0.319263 1.816546 1
-2.449026 -0.318615 1.818200 1
-2.495164 -0.341004 1.813494 1
-2.549876 -0.348797 1.812838 1
-2.627631 -0.318757 1.822697 1
2.228665 -0.763467 1.649106 4
2.181953 -0.755378 1.652014 4
2.132736 -0.752867 1.653443 4
2.070537 -0.777848 1.647565 4
2.074363 -0.665962 1.678090 4
2.082406 -0.540100 1.712379 4
2.077212 -0.437916 1.740407 4
2.071895 -0.331499 1.769602 4
2.067307 -0.218542 1.800584 4
1.755489 -0.839095 1.635783 7
1.714945 -0.825060 1.640287 7
1.679018 -0.799332 1.647923 7
1.624737 -0.821041 1.642880 7
1.565454 -0.858442 1.633629 7
1.524058 -0.849232 1.636854 7
1.482407 -0.841007 1.639820 7
1.445438 -0.819197 1.646436 7
1.393306 -0.843256 1.640748 7
1.336252 -0.885436 1.630184 7
1.297062 -0.872748 1.634359 7
1.260992 -0.849318 1.641431 7
1.217149 -0.852405 1.641376 7
1.172506 -0.859487 1.640245 7
1.157222 -0.755718 1.669005 7
1.110813 -0.768017 1.666489 7
1.065171 -0.779022 1.664321 7
1.028152 -0.754363 1.671790 7
0.979829 -0.779646 1.665766 7
0.923648 -0.845797 1.648675 7
0.875537 -0.879070 1.640466 7
0.797232 -1.076844 1.587663 5
0.760463 -1.065279 1.591563 5
0.719045 -1.080708 1.588146 5
0.676913 -1.103389 1.582755 5
0.655246 -0.991417 1.613965 5
0.613758 -1.007714 1.610329 5
0.577183 -0.988817 1.616272 5
0.532668 -1.035074 1.604476 5
0.500704 -0.973794 1.621988 5
0.460037 -0.990088 1.618361 5
0.420575 -0.997084 1.617272 5
0.389409 -0.899137 1.644868 7
0.352648 -0.856069 1.657500 7
0.310633 -0.890661 1.648897 7
0.273002 -0.847750 1.661518 7
0.235184 -0.787640 1.678879 7
0.193791 -0.815723 1.672073 7
0.153393 -0.819541 1.671924 7
0.113247 -0.800141 1.678161 7
0.072798 -0.810977 1.676097 7
0.032601 -0.825139 1.673119 7
-0.008252 -0.798584 1.681360 7
-0.048055 -0.821046 1.676104 7
-0.088948 -0.808109 1.680615 7
-0.129365 -0.809828 1.681090 7
-0.169875 -0.810237 1.681935 7
-0.209986 -0.816724 1.681106 7
-0.247312 -0.856025 1.671194 7
-0.292823 -0.799317 1.687885 7
-0.330271 -0.832831 1.679580 7
-0.373037 -0.814015 1.685799 7
-0.407579 -0.865843 1.672402 7
-0.447202 -0.872375 1.671589 7
-0.492075 -0.842114 1.681026 7
-0.533056 -0.841939 1.682103 7
-0.571008 -0.861033 1.677816 7
-0.620140 -0.814391 1.691882 7
-0.657826 -0.835792 1.686968 7
-0.699716 -0.834093 1.688514 7
-0.758191 -0.752450 1.712457 0
-0.799784 -0.757806 1.712072 0
-0.843814 -0.752667 1.714639 0
-0.880253 -0.780880 1.707855 0
-0.912649 -0.823845 1.696920 0
-0.955141 -0.824868 1.697776 0
-1.948193 -0.321035 1.863893 1
-1.940718 -0.455216 1.826971 1
-1.961075 -0.524556 1.808614 1
-1.964881 -0.625594 1.781106 1
-1.991679 -0.676276 1.768059 1
-1.993887 -0.773801 1.741478 1
-2.262594 -0.356213 1.863692 1
-2.338886 -0.319829 1.875952 1
-2.386940 -0.337866 1.872498 1
-2.448825 -0.331420 1.876161 1
-2.522800 -0.305230 1.885593 1
-2.568792 -0.329095 1.880511 1
2.215252 -0.804284 1.692360 4
2.167710 -0.798442 1.694486 4
2.115834 -0.801916 1.694023 4
2.078337 -0.777083 1.701464 4
2.077466 -0.675056 1.730468 4
2.077116 -0.567560 1.761033 4
2.080847 -0.446334 1.795470 4
2.075713 -0.339685 1.825873 4
2.074343 -0.219420 1.860122 4
1.752391 -0.861497 1.681106 7
1.720955 -0.825302 1.691797 7
1.670477 -0.836156 1.689329 7
1.622004 -0.843293 1.687907 7
1.589979 -0.807480 1.698533 7
1.540845 -0.817753 1.696249 7
1.490410 -0.833263 1.692499 7
1.436593 -0.860634 1.685422 7
1.378283 -0.904414 1.673735 7
1.340002 -0.888749 1.678753 7
1.306018 -0.858724 1.687824 7
1.258915 -0.871827 1.684773 7
1.223255 -0.846447 1.692564 7
1.174318 -0.868478 1.687012 7
1.132932 -0.864354 1.688835 7
1.111344 -0.782136 1.712698 7
1.074438 -0.756978 1.720491 7
1.030371 -0.761353 1.719960 7
0.983293 -0.780610 1.715229 7
0.929321 -0.835401 1.700452 7
0.838962 -1.078847 1.632279 5
0.803466 -1.060021 1.638291 5
0.758368 -1.093384 1.629531 5
0.723422 -1.071426 1.636451 5
0.680553 -1.097321 1.629813 5
0.647051 -1.064413 1.639867 5
0.604745 -1.091085 1.633016 5
0.568494 -1.075451 1.638191 5
0.530697 -1.070985 1.640203 5
0.496581 -1.032286 1.651972 5
0.450395 -1.109817 1.630654 5
0.413539 -1.099506 1.634356 5
0.376437 -1.090433 1.637718 5
0.338142 -1.097071 1.636607 5
0.299991 -1.104259 1.635347 5
0.261453 -1.123400 1.630676 5
0.224597 -1.108690 1.635692 5
0.188476 -1.057401 1.651199 5
0.150150 -1.074247 1.647213 5
0.112823 -1.003989 1.668211 5
0.074078 -0.928003 1.690896 5
0.032955 -0.783910 1.733191 7
-0.007100 -0.816054 1.724897 7
-0.047943 -0.804818 1.729082 7
-0.087381 -0.832608 1.722046 7
-0.129008 -0.808852 1.729865 7
-0.168984 -0.819789 1.727700 7
-0.211411 -0.794698 1.735943 7
-0.251362 -0.806360 1.733592 7
-0.287674 -0.855431 1.720430 7
-0.324964 -0.886106 1.712580 7
-0.369009 -0.852253 1.723423 7
-0.407533 -0.869529 1.719470 7
-0.452232 -0.838593 1.729515 7
-0.489706 -0.863133 1.723474 7
-0.534721 -0.836111 1.732429 7
-0.577330 -0.827884 1.735942 7
-0.615866 -0.844744 1.732165 7
-0.660697 -0.826388 1.738664 7
-0.698547 -0.846544 1.733946 7
-0.755471 -0.772562 1.756742 0
-0.802503 -0.752337 1.763873 0
-1.938250 -0.354599 1.913249 1
-1.926884 -0.496426 1.872513 1
-1.942087 -0.575833 1.850457 1
-1.940451 -0.686928 1.818823 1
-1.968246 -0.734341 1.806325 1
-2.215949 -0.349176 1.924445 1
-2.280198 -0.334563 1.930874 1
-2.345300 -0.320100 1.937306 1
-2.395001 -0.335483 1.934733 1
-2.446518 -0.347996 1.933053 1
-2.502996 -0.352384 1.933871 1
-2.573865 -0.333167 1.941916 1
2.216956 -0.816251 1.743329 4
2.156987 -0.834456 1.738248 4
2.091065 -0.866354 1.729180 4
2.080838 -0.787232 1.752568 4
2.060944 -0.725220 1.770981 4
2.085778 -0.564998 1.818133 4
2.051794 -0.526760 1.829649 8
2.007210 -0.511401 1.834492 8
1.945299 -0.536409 1.827541 8
1.764241 -0.848157 1.736664 7
1.726551 -0.826662 1.743324 7
1.687491 -0.808257 1.749098 7
1.634994 -0.824584 1.744713 7
1.594002 -0.811945 1.748828 7
1.553563 -0.797857 1.753385 7
1.501100 -0.818015 1.747913 7
1.469911 -0.777709 1.760193 7
1.406952 -0.832236 1.744658 7
1.357296 -0.849496 1.740067 7
1.305198 -0.876782 1.732541 7
1.268527 -0.854758 1.739514 7
1.219942 -0.873676 1.734468 7
1.173437 -0.887314 1.730983 7
1.126420 -0.904809 1.726373 7
1.094152 -0.866294 1.738263 7
1.074262 -0.774162 1.765974 7
1.022295 -0.812774 1.755188 7
0.932280 -1.027682 1.692417 5
0.890046 -1.038219 1.689892 5
0.850661 -1.036410 1.691022 5
0.808866 -1.047830 1.688257 5
0.768388 -1.054002 1.687053 5
0.726550 -1.069697 1.683045 5
0.689894 -1.055638 1.687847 5
0.646341 -1.086656 1.679322 5
0.608878 -1.079135 1.682216 5
0.565082 -1.120373 1.670674 5
0.528439 -1.109078 1.674710 5
0.488666 -1.125280 1.670603 5
0.449537 -1.139015 1.667236 5
0.413389 -1.122822 1.672770 5
0.375680 -1.123167 1.673407 5
0.334092 -1.181377 1.656839 5
0.298524 -1.156724 1.664934 5
0.265083 -1.078063 1.689145 5
0.227339 -1.072066 1.691737 5
0.188837 -1.089790 1.687268 5
0.150984 -1.091877 1.687475 5
0.113470 -1.056898 1.698772 5
0.075223 -1.007653 1.714366 5
0.036136 -0.970973 1.726237 5
-0.006668 -0.801327 1.777968 7
-0.048399 -0.770770 1.788102 7
-0.087087 -0.827165 1.772180 7
-0.127688 -0.826171 1.773479 7
-0.166199 -0.859648 1.764436 7
-0.207618 -0.844494 1.770020 7
-0.246899 -0.859604 1.766519 7
-0.282155 -0.915521 1.750733 7
-0.325182 -0.885686 1.760793 7
-0.368911 -0.855716 1.770928 7
-0.406199 -0.883679 1.763596 7
-0.450625 -0.854628 1.773507 7
-0.494457 -0.834583 1.780728 7
-0.532361 -0.856465 1.775277 7
-0.575753 -0.842949 1.780567 7
-0.622233 -0.814097 1.790541 7
-0.653128 -0.873510 1.773730 7
-0.700961 -0.840651 1.784972 7
-1.904194 -0.441647 1.945387 1
-1.916224 -0.530633 1.919561 1
-1.904815 -0.665477 1.879288 1
-1.928088 -0.723216 1.863170 1
-2.161800 -0.357201 1.980500 1
-2.216376 -0.360335 1.981780 1
-2.287505 -0.332768 1.992801 1
-2.329181 -0.362445 1.985774 1
-2.404926 -0.329807 1.998517 1
-2.454900 -0.345567 1.995969 1
-2.508271 -0.355800 1.995210 1
2.247087 -0.870123 1.781614 4
2.192357 -0.877902 1.779190 4
2.116929 -0.927044 1.764149 4
2.095690 -0.872170 1.780917 4
2.079430 -0.805357 1.801356 4
2.073691 -0.714157 1.829271 4
2.080790 -0.591740 1.866751 4
2.020614 -0.611366 1.860844 8
1.974128 -0.602184 1.863765 8
1.816629 -0.850277 1.788059 7
1.772454 -0.843671 1.790228 7
1.736090 -0.818477 1.798102 7
1.681309 -0.839046 1.792003 7
1.646758 -0.809300 1.801312 7
1.596882 -0.819534 1.798414 7
1.544229 -0.838920 1.792734 7
1.505507 -0.820834 1.798540 7
1.465585 -0.805942 1.803391 7
1.427730 -0.784633 1.810228 7
1.372778 -0.816331 1.800852 7
1.319540 -0.845562 1.792246 7
1.270161 -0.864784 1.786722 7
1.224813 -0.872204 1.784830 7
1.179843 -0.879652 1.782948 7
1.143328 -0.856580 1.790446 7
1.098221 -0.866200 1.787934 7
1.007774 -1.063716 1.727754 5
0.963541 -1.081513 1.722742 5
0.926002 -1.071648 1.726242 5
0.891368 -1.047862 1.734041 5
0.839489 -1.107969 1.716066 5
0.808670 -1.065145 1.729759 5
0.766443 -1.081295 1.725329 5
0.726157 -1.088762 1.723586 5
0.691691 -1.061576 1.732535 5
0.648479 -1.089798 1.724431 5
0.613181 -1.066203 1.732316 5
0.570137 -1.099514 1.722667 5
0.527016 -1.139911 1.710836 5
0.486867 -1.161317 1.704876 5
0.448016 -1.174732 1.701396 5
0.410314 -1.178987 1.700761 5
0.373076 -1.179165 1.701404 5
0.337997 -1.148602 1.711584 5
0.301811 -1.127181 1.718962 5
0.266353 -1.082523 1.733571 5
0.228760 -1.070913 1.737964 5
0.190134 -1.088500 1.733314 5
0.152286 -1.083533 1.735683 5
0.114547 -1.053621 1.745830 5
0.076288 -1.064015 1.743467 5
0.038223 -1.073676 1.741347 5
-0.005946 -0.799235 1.827781 7
-0.045010 -0.855673 1.811171 7
-0.085392 -0.854719 1.812469 7
-0.125452 -0.861004 1.811527 7
-0.165785 -0.861580 1.812387 7
-0.204918 -0.879267 1.807915 7
-0.244685 -0.885670 1.806989 7
-0.282424 -0.913247 1.799444 7
-0.324754 -0.891541 1.807369 7
-0.364714 -0.895412 1.807296 7
-0.406539 -0.884253 1.811968 7
-0.446446 -0.889903 1.811381 7
-0.488865 -0.878030 1.816333 7
-0.529316 -0.881251 1.816557 7
-0.575588 -0.849426 1.827863 7
-0.620328 -0.830888 1.835017 7
-0.662617 -0.828427 1.837124 7
-0.697917 -0.862722 1.827623 7
-0.744820 -0.838011 1.836824 7
-1.872359 -0.523412 1.977364 1
-1.888644 -0.601267 1.954207 1
-1.916438 -0.651902 1.939922 1
-1.955183 -0.678497 1.933510 1
-2.175730 -0.341257 2.046631 1
-2.219471 -0.366317 2.040962 1
-2.297615 -0.325735 2.056954 1
-2.355572 -0.325654 2.059670 1
-2.400545 -0.350218 2.054287 1
-2.472360 -0.327150 2.064717 1
2.234924 -0.907550 1.824317 4
2.182686 -0.911124 1.822863 4
2.143982 -0.889747 1.829403 4
2.080680 -0.916818 1.820510 4
2.081929 -0.815553 1.852594 4
2.074955 -0.727120 1.880604 4
2.050544 -0.672169 1.897957 8
2.002208 -0.667545 1.899285 8
1.967731 -0.632537 1.910332 8
1.818922 -0.860070 1.837691 7
1.796962 -0.800728 1.856556 7
1.747726 -0.805353 1.855051 7
1.684374 -0.846530 1.841920 7
1.648945 -0.818963 1.850733 7
1.599632 -0.827520 1.848055 7
1.562828 -0.803182 1.855893 7
1.516935 -0.803875 1.855774 7
1.472103 -0.802382 1.856379 7
1.416846 -0.833134 1.846725 7
1.383248 -0.799190 1.857731 7
1.340312 -0.793892 1.859627 7
1.280347 -0.846164 1.843176 7
1.234834 -0.852928 1.841269 7
1.192705 -0.848814 1.842858 7
1.080890 -1.107397 1.760584 5
1.041119 -1.106036 1.761323 5
1.001201 -1.105922 1.761685 5
0.961520 -1.105548 1.762153 5
0.928938 -1.074099 1.772578 5
0.880334 -1.115603 1.759702 5
0.846132 -1.090975 1.767995 5
0.805760 -1.096571 1.766644 5
0.765870 -1.100907 1.765716 5
0.732599 -1.067836 1.776790 5
0.691262 -1.081426 1.772945 5
0.652818 -1.078410 1.774441 5
0.612962 -1.085766 1.772634 5
0.573661 -1.090762 1.771604 5
0.528138 -1.149312 1.753404 5
0.489203 -1.159376 1.750779 5
0.447545 -1.199639 1.738469 5
0.412494 -1.175751 1.746792 5
0.374102 -1.188719 1.743288 5
0.341150 -1.127341 1.763733 5
0.304954 -1.100717 1.773030 5
0.268577 -1.067528 1.784476 5
0.230192 -1.069741 1.784542 5
0.192076 -1.064911 1.786903 5
0.153893 -1.059298 1.789542 5
0.115345 -1.084894 1.782122 5
0.077264 -1.081471 1.784097 5
0.039430 -1.105347 1.777264 5
0.001170 -1.088340 1.783683 5
-0.040059 -0.990043 1.816480 5
-0.084034 -0.874391 1.854980 7
-0.124091 -0.879161 1.854475 7
-0.161824 -0.920362 1.842158 7
-0.203806 -0.892168 1.852409 7
-0.244150 -0.891431 1.853767 7
-0.287979 -0.854057 1.867085 7
-0.326932 -0.872115 1.862379 7
-0.366548 -0.881812 1.860420 7
-0.408578 -0.871096 1.865149 7
-0.453874 -0.838355 1.877114 7
-0.491819 -0.862071 1.870652 7
-0.535384 -0.846969 1.876920 7
-0.577418 -0.843815 1.879309 7
-0.621649 -0.829251 1.885475 7
-0.660035 -0.848599 1.880538 7
-0.703241 -0.842062 1.884133 7
-0.747228 -0.833181 1.888536 7
-1.878997 -0.633011 2.000621 1
-1.905735 -0.685312 1.985328 1
-2.213948 -0.277061 2.130166 1
-2.236212 -0.345812 2.109524 1
-2.284172 -0.363547 2.106373 1
-2.346873 -0.354187 2.112582 1
-2.403052 -0.358147 2.114275 1
2.225187 -0.940373 1.867952 4
2.162279 -0.964330 1.859396 4
2.112881 -0.964468 1.858812 4
2.076655 -0.939640 1.866571 4
2.076038 -0.842705 1.898342 4
2.073248 -0.746249 1.929969 4
2.053725 -0.681224 1.951166 8
2.000876 -0.686262 1.949107 8
1.952995 -0.681423 1.950366 8
1.840453 -0.825733 1.902125 7
1.776034 -0.865450 1.888669 7
1.735141 -0.851228 1.893160 7
1.694524 -0.836379 1.897891 7
1.653778 -0.821862 1.902544 7
1.609193 -0.817516 1.903853 7
1.564973 -0.812781 1.905323 7
1.516994 -0.819210 1.903120 7
1.472602 -0.816487 1.903986 7
1.438110 -0.784655 1.914543 7
1.388157 -0.799604 1.909608 7
1.349056 -0.781499 1.915672 7
1.296509 -0.807838 1.907019 7
1.252954 -0.805843 1.907799 7
1.134183 -1.075474 1.818447 5
1.084995 -1.106949 1.808165 5
1.050475 -1.084567 1.815788 5
1.002366 -1.116371 1.805448 5
0.959625 -1.128963 1.801512 5
0.929610 -1.086744 1.815812 5
0.876413 -1.149610 1.795224 5
0.851543 -1.080305 1.818586 5
0.808046 -1.100878 1.812103 5
0.773699 -1.074371 1.821303 5
0.732979 -1.082480 1.819018 5
0.695077 -1.074946 1.821964 5
0.655431 -1.078660 1.821194 5
0.614508 -1.092742 1.816997 5
0.575777 -1.093003 1.817429 5
0.527075 -1.176901 1.790006 5
0.492276 -1.150898 1.799237 5
0.455521 -1.139887 1.803500 5
0.412278 -1.199406 1.784249 5
0.377484 -1.168712 1.795135 5
0.343288 -1.121152 1.811694 5
0.307859 -1.078844 1.826541 5
0.270585 -1.057384 1.834457 5
0.232374 -1.049612 1.837827 5
0.192295 -1.101928 1.821100 5
0.154471 -1.091236 1.825498 5
0.116542 -1.068714 1.833896 5
0.078214 -1.083461 1.829823 5
0.040262 -1.105408 1.823352 5
0.001495 -1.069983 1.836184 5
-0.036450 -1.083555 1.832580 5
-0.077088 -1.027103 1.852571 5
-0.122543 -0.900930 1.896112 7
-0.164411 -0.874157 1.906235 7
-0.204203 -0.884255 1.903960 7
-0.250330 -0.815960 1.928190 7
-0.283914 -0.898471 1.901510 7
-0.326967 -0.873512 1.911176 7
-0.367977 -0.871832 1.913006 7
-0.407283 -0.884965 1.909847 7
-0.453238 -0.847167 1.923996 7
-0.490249 -0.877552 1.915043 7
-0.539755 -0.823786 1.934718 7
-0.586258 -0.795749 1.945706 7
-0.619967 -0.844787 1.930486 7
-0.665235 -0.826871 1.938105 7
-0.705642 -0.836408 1.936398 7
-0.750652 -0.823503 1.942393 7
-2.245032 -0.340883 2.173583 1
-2.309178 -0.328458 2.181283 1
-2.357756 -0.346472 2.178174 1
-2.421782 -0.336850 2.185026 1
2.213631 -0.976384 1.910015 4
2.175941 -0.953656 1.917053 4
2.119557 -0.966509 1.911795 4
2.083450 -0.941211 1.919802 4
2.073247 -0.863548 1.945975 4
2.080857 -0.746171 1.985909 4
2.032506 -0.741885 1.986730 8
1.990220 -0.725178 1.991887 8
1.952524 -0.698303 2.000598 8
1.849546 -0.820224 1.957938 7
1.797897 -0.829200 1.954357 7
1.752514 -0.824445 1.955560 7
1.701558 -0.834176 1.951802 7
1.650887 -0.844647 1.947830 7
1.611811 -0.826034 1.953933 7
1.572158 -0.808710 1.959627 7
1.527707 -0.804630 1.960790 7
1.486881 -0.790644 1.965407 7
1.432653 -0.816754 1.956236 7
1.399355 -0.780639 1.968556 7
1.358199 -0.768044 1.972803 7
1.304913 -0.795750 1.963195 7
1.178584 -1.078634 1.865664 5
1.134191 -1.090455 1.861603 5
1.091307 -1.098381 1.858918 5
1.053772 -1.086945 1.862940 5
1.005218 -1.120006 1.851655 5
0.968386 -1.107105 1.856247 5
0.935448 -1.076452 1.866995 5
0.884540 -1.127295 1.849670 5
0.846051 -1.123282 1.851294 5
0.808489 -1.114796 1.854494 5
0.771609 -1.102365 1.859088 5
0.732392 -1.102726 1.859300 5
0.701937 -1.049886 1.877914 5
0.659855 -1.067127 1.872364 5
0.618990 -1.079045 1.868681 5
0.577622 -1.097429 1.862791 5
0.539129 -1.095933 1.863803 5
0.490622 -1.185340 1.833400 5
0.453151 -1.183897 1.834444 5
0.417646 -1.161082 1.842918 5
0.381817 -1.137234 1.851788 5
0.344674 -1.125979 1.856333 5
0.309303 -1.081961 1.872275 5
0.271622 -1.067265 1.878091 5
0.232444 -1.083798 1.873104 5
0.193218 -1.114290 1.863293 5
0.155407 -1.103825 1.867737 5
0.117464 -1.085402 1.874985 5
0.079195 -1.104991 1.869045 5
0.040936 -1.091001 1.874822 5
0.003328 -1.121045 1.865292 5
-0.035185 -1.103921 1.872231 5
-0.074462 -1.077535 1.882444 5
-0.122211 -0.899374 1.945723 7
-0.165498 -0.851906 1.963446 7
-0.204494 -0.877768 1.955575 7
-0.243433 -0.898672 1.949461 7
-0.287040 -0.865448 1.962343 7
-0.329849 -0.847315 1.969988 7
-0.374581 -0.816253 1.982222 7
-0.412678 -0.844752 1.973580 7
-0.454730 -0.840117 1.976614 7
-0.494483 -0.852837 1.973578 7
-0.537910 -0.840873 1.979274 7
-0.584500 -0.812036 1.990975 7
-0.617378 -0.865486 1.973661 7
-0.668838 -0.813836 1.993525 7
-0.711889 -0.811261 1.996091 7
-0.750570 -0.830831 1.990849 7
-2.246291 -0.350706 2.232823 1
-2.315081 -0.329727 2.244188 1
-2.374567 -0.327976 2.248512 1
2.205139 -1.006680 1.953593 4
2.167414 -0.984449 1.960504 4
2.095701 -1.026818 1.944166 4
2.059664 -1.002581 1.951898 4
2.062968 -0.899341 1.988111 4
2.073039 -0.777873 2.030884 4
2.024186 -0.775069 2.030986 8
1.987017 -0.747831 2.039920 8
1.941643 -0.738274 2.042543 8
1.850121 -0.834293 2.007314 7
1.802715 -0.833272 2.006986 7
1.757431 -0.827991 2.008233 7
1.693550 -0.869394 1.992789 8
1.657522 -0.843073 2.001672 7
1.619229 -0.821988 2.008718 7
1.565250 -0.843001 2.000729 7
1.524168 -0.830151 2.004912 7
1.478814 -0.829675 2.004708 7
1.447352 -0.788558 2.019090 7
1.397445 -0.802428 2.013837 7
1.351589 -0.805195 2.012601 7
1.308396 -0.800194 2.014185 7
1.185917 -1.068373 1.918121 5
1.157019 -1.023889 1.933915 5
1.101008 -1.077400 1.914708 5
1.053371 -1.103752 1.905251 5
1.014175 -1.099052 1.906935 5
0.973780 -1.099770 1.906719 5
0.924204 -1.141931 1.891721 5
0.890670 -1.114556 1.901625 5
0.848955 -1.125041 1.898027 5
0.812986 -1.107860 1.904361 5
0.768250 -1.137151 1.894107 5
0.736341 -1.096761 1.908819 5
0.691581 -1.130800 1.896935 5
0.723691 -0.666542 2.063472 7
0.674718 -0.705378 2.049979 7
0.638725 -0.652743 2.069283 7
0.596443 -0.643731 2.073008 7
0.488981 -1.219460 1.867174 5
0.454382 -1.191947 1.877539 5
0.421947 -1.135121 1.898463 5
0.417293 -0.719702 2.048135 7
0.378341 -0.671963 2.065963 7
0.334119 -0.696485 2.057888 7
0.289951 -0.730816 2.046319 7
0.248715 -0.709830 2.054670 7
0.194833 -1.103264 1.913953 5
0.156500 -1.108373 1.912918 5
0.118669 -1.071110 1.927182 5
0.080169 -1.122877 1.909405 5
0.041725 -1.085841 1.923675 5
0.002827 -1.063446 1.932715 5
-0.034905 -1.093157 1.922981 5
-0.074072 -1.074637 1.930706 5
-0.112103 -1.085935 1.927690 5
-0.163782 -0.874653 2.005303 7
-0.203550 -0.888323 2.001558 7
-0.246936 -0.855559 2.014689 7
-0.285207 -0.885831 2.004997 7
-0.326433 -0.882188 2.007651 7
-0.372224 -0.839729 2.024468 7
-0.411830 -0.855059 2.020317 7
-0.455701 -0.836998 2.028368 7
-0.500925 -0.812934 2.038666 7
-0.542278 -0.817856 2.038441 7
-0.580373 -0.842635 2.030997 7
-0.618745 -0.863671 2.024948 7
-0.665730 -0.836902 2.036445 7
-0.714310 -0.805680 2.049645 7
-0.750109 -0.840020 2.038837 7
-0.798476 -0.814199 2.050171 7
-2.272634 -0.312179 2.310909 1
-2.301106 -0.368521 2.293132 1
2.191968 -1.045339 1.993653 4
2.171405 -0.991948 2.012297 4
2.099175 -1.034933 1.994866 4
2.075008 -0.987530 2.011349 4
2.085794 -0.869009 2.054452 4
2.083137 -0.772852 2.089187 4
2.023886 -0.791319 2.081134 8
1.975197 -0.788987 2.080909 8
1.928144 -0.783859 2.081784 8
1.862299 -0.822046 2.066576 7
1.811541 -0.828091 2.063409 7
1.764700 -0.825995 2.063328 7
1.721999 -0.814463 2.066810 7
1.663240 -0.843970 2.055086 7
1.616325 -0.845140 2.053953 7
1.575017 -0.832126 2.058141 7
1.527329 -0.836938 2.055757 7
1.481881 -0.836494 2.055376 7
1.443893 -0.814704 2.062964 7
1.394452 -0.827507 2.057766 7
1.352259 -0.818998 2.060522 7
1.310382 -0.809674 2.063627 7
1.202665 -1.026060 1.983126 5
1.146670 -1.076063 1.964355 5
1.113304 -1.047102 1.974889 5
1.064999 -1.074138 1.964721 5
1.030608 -1.048308 1.974181 5
0.991075 -1.042556 1.976246 5
0.935460 -1.107878 1.952027 5
0.892632 -1.121316 1.947070 5
0.847653 -1.147356 1.937485 5
0.809654 -1.141221 1.939861 5
0.766754 -1.161672 1.932427 5
0.815486 -0.659357 2.118743 7
0.773691 -0.646467 2.123776 7
0.726050 -0.670785 2.115063 7
0.681789 -0.675848 2.113532 7
0.638871 -0.672407 2.115198 7
0.593541 -0.688962 2.109493 7
0.549944 -0.693928 2.108131 7
0.505184 -0.712181 2.101880 7
0.462703 -0.710421 2.103100 7
0.421348 -0.695168 2.109379 7
0.377549 -0.710855 2.104209 7
0.337448 -0.671623 2.119497 7
0.292833 -0.706995 2.107094 7
0.250267 -0.710162 2.106708 7
0.195593 -1.121457 1.954384 5
0.157664 -1.109639 1.959583 5
0.119056 -1.144898 1.947277 5
0.081128 -1.122830 1.956382 5
0.042701 -1.096883 1.966986 5
0.003438 -1.057054 1.982831 5
-0.034374 -1.090106 1.971495 5
-0.073427 -1.077733 1.977177 5
-0.111465 -1.090522 1.973487 5
-0.166335 -0.828656 2.072747 7
-0.205029 -0.865375 2.060240 7
-0.247895 -0.843207 2.069859 7
-0.289839 -0.836629 2.073681 7
-0.330752 -0.842116 2.073019 7
-0.369521 -0.866237 2.065387 7
-0.415104 -0.832108 2.079731 7
-0.457643 -0.826687 2.083322 7
-0.498514 -0.834341 2.082031 7
-0.543090 -0.817863 2.089903 7
-0.580931 -0.844914 2.081369 7
-0.619977 -0.862682 2.076379 7
-0.665627 -0.843845 2.085306 7
-0.705174 -0.858757 2.081487 7
-0.754197 -0.827349 2.095317 7
-0.793510 -0.844229 2.090848 7
2.211566 -1.024783 2.056169 4
2.168514 -1.012222 2.059397 4
2.123527 -1.003655 2.061132 4
2.067681 -1.016637 2.054560 4
2.067874 -0.919943 2.090609 4
2.070138 -0.815031 2.129840 4
2.035156 -0.783415 2.140681 8
1.998381 -0.754930 2.150358 8
1.934894 -0.784663 2.137576 8
1.862591 -0.836906 2.116183 7
1.816788 -0.831402 2.117172 7
1.758184 -0.857097 2.106186 7
1.715131 -0.846947 2.109091 7
1.680162 -0.816622 2.119824 7
1.614032 -0.866653 2.099663 7
1.571817 -0.856351 2.102799 7
1.542518 -0.810422 2.119690 7
1.480021 -0.857515 2.100860 7
1.429345 -0.873628 2.094008 7
1.396635 -0.836666 2.107602 7
1.348080 -0.848208 2.102616 7
1.249679 -1.025357 2.034120 5
1.192261 -1.076862 2.013930 5
1.164296 -1.028774 2.032010 5
1.112754 -1.064553 2.017963 5
1.068931 -1.074465 2.013891 5
1.031204 -1.061592 2.018605 5
0.982217 -1.095507 2.005429 5
0.949056 -1.063981 2.017390 5
0.910037 -1.057086 2.019955 5
0.868764 -1.061167 2.018361 5
0.815596 -1.127126 1.993095 5
0.862226 -0.663442 2.170909 7
0.819267 -0.656687 2.173621 7
0.770383 -0.685935 2.162582 7
0.728987 -0.671402 2.168380 7
0.688337 -0.650407 2.176709 7
0.636895 -0.707979 2.154953 7
0.599932 -0.658267 2.174403 7
0.551213 -0.704739 2.156998 7
0.505538 -0.731664 2.147137 7
0.460669 -0.756699 2.138045 7
0.424302 -0.684642 2.166298 7
0.384627 -0.639041 2.184454 7
0.336349 -0.719953 2.154030 7
0.295733 -0.683475 2.168787 7
0.252476 -0.694608 2.165284 7
0.198710 -1.061626 2.024790 5
0.158627 -1.121355 2.002582 5
0.120391 -1.118121 2.004664 5
0.082095 -1.123580 2.003441 5
0.043214 -1.064559 2.027150 5
0.005108 -1.100807 2.014138 5
-0.034451 -1.067369 2.028088 5
-0.072809 -1.080102 2.024246 5
-0.114836 -1.017565 2.049580 5
-0.152143 -1.052569 2.037212 5
-0.206780 -0.838609 2.121402 7
-0.246536 -0.858913 2.114875 7
-0.291284 -0.821747 2.130707 7
-0.332340 -0.828531 2.129531 7
-0.372096 -0.846296 2.124130 7
-0.413847 -0.845765 2.125895 7
-0.454125 -0.857041 2.123110 7
-0.504176 -0.800017 2.147031 7
-0.538415 -0.853234 2.127975 7
-0.581844 -0.845092 2.132934 7
-0.623521 -0.848634 2.133378 7
-0.667535 -0.840067 2.138625 7
-0.723205 -0.774220 2.166427 7
-0.751638 -0.846702 2.139970 7
-0.792772 -0.854899 2.138805 7
2.220200 -1.024203 2.111718 4
2.162155 -1.038851 2.103864 4
2.117253 -1.030420 2.105403 4
2.078551 -1.010547 2.111614 4
2.086608 -0.898134 2.155089 4
2.080014 -0.810636 2.188534 4
2.036297 -0.796789 2.192431 8
1.975000 -0.820709 2.181252 8
1.941929 -0.784977 2.194053 8
1.870733 -0.834107 2.172947 7
1.823871 -0.830576 2.172997 7
1.776844 -0.828157 2.172669 7
1.739224 -0.803467 2.181298 7
1.677656 -0.838631 2.166106 7
1.625894 -0.851349 2.159947 7
1.577434 -0.856899 2.156714 7
1.541345 -0.829485 2.166671 7
1.500998 -0.813318 2.172204 7
1.447233 -0.836533 2.162133 7
1.404105 -0.829758 2.164052 7
1.362766 -0.817717 2.168123 7
1.229692 -1.106111 2.052940 5
1.191549 -1.094454 2.057015 5
1.158643 -1.064194 2.068525 5
1.105748 -1.105710 2.051608 5
1.070266 -1.084859 2.059491 5
1.035682 -1.059401 2.069250 5
0.981767 -1.113079 2.047685 5
0.946911 -1.089342 2.056867 5
0.902698 -1.106922 2.049724 5
0.870427 -1.069553 2.064412 5
0.840266 -1.018203 2.084691 5
0.819802 -0.909758 2.127648 5
0.813430 -0.708907 2.207281 7
0.775332 -0.675255 2.220711 7
0.727175 -0.702861 2.209919 7
0.683271 -0.705855 2.208938 7
0.646347 -0.658018 2.228165 7
0.600803 -0.672771 2.222636 7
0.553447 -0.707095 2.209397 7
0.511657 -0.695012 2.214619 7
0.466311 -0.719561 2.205362 7
0.424525 -0.707750 2.210588 7
0.382110 -0.702142 2.213410 7
0.340873 -0.676339 2.224312 7
0.296433 -0.703633 2.214175 7
0.254193 -0.691677 2.219691 7
0.210528 -0.719176 2.209570 7
0.160214 -1.102587 2.057822 5
0.122195 -1.047304 2.080680 5
0.083062 -1.084177 2.066890 5
0.044407 -1.094925 2.063550 5
0.005496 -1.083297 2.069185 5
-0.032862 -1.097875 2.064414 5
-0.072293 -1.079914 2.072688 5
-0.110874 -1.086286 2.071295 5
-0.151101 -1.064652 2.081158 5
-0.206786 -0.835949 2.174032 7
-0.249874 -0.817755 2.182724 7
-0.287801 -0.859901 2.167274 7
-0.330730 -0.845938 2.174386 7
-0.372143 -0.848632 2.174869 7
-0.412636 -0.859051 2.172300 7
-0.455098 -0.854006 2.176011 7
-0.501488 -0.823379 2.190102 7
-0.543111 -0.828313 2.189923 7
-0.584374 -0.835579 2.188858 7
-0.627904 -0.829936 2.193072 7
-0.665747 -0.856092 2.184469 7
-0.710971 -0.842943 2.191847 7
-0.755946 -0.833125 2.197950 7
-0.799317 -0.832391 2.200433 7
2.221784 -1.036376 2.162479 4
2.162890 -1.052428 2.153545 4
2.113557 -1.052282 2.151476 4
2.083155 -1.016687 2.164267 4
2.068750 -0.948725 2.190578 4
2.084442 -0.817428 2.243241 4
2.064548 -0.754022 2.267660 8
2.000498 -0.782160 2.254121 8
1.943068 -0.798315 2.245655 8
1.891685 -0.802736 2.242141 7
1.827477 -0.837921 2.225982 7
1.776401 -0.844893 2.221588 7
1.732480 -0.835725 2.223939 7
1.683563 -0.839474 2.221027 7
1.635146 -0.843064 2.218257 7
1.597610 -0.818731 2.227065 7
1.545655 -0.833446 2.219854 7
1.502417 -0.825226 2.222157 7
1.459940 -0.815097 2.225310 7
1.409867 -0.828242 2.218964 7
1.364472 -0.828467 2.217997 7
1.244848 -1.071711 2.117332 5
1.201014 -1.077592 2.114223 5
1.155414 -1.090943 2.108113 5
1.107856 -1.113328 2.098364 5
1.077178 -1.074057 2.113952 5
1.028654 -1.103114 2.101593 5
0.981734 -1.128916 2.090632 5
0.943776 -1.118937 2.094389 5
0.902792 -1.122562 2.092631 5
0.882844 -1.026426 2.131777 5
0.918491 -0.639650 2.289960 7
0.876794 -0.622938 2.296685 7
0.818753 -0.697634 2.266056 7
0.779688 -0.668410 2.278030 7
0.731474 -0.694905 2.267258 7
0.690300 -0.677549 2.274499 7
0.645975 -0.681747 2.272978 7
0.602764 -0.678532 2.274554 7
0.553083 -0.732466 2.252783 7
0.513992 -0.695608 2.268261 7
0.467059 -0.735729 2.252262 7
0.424470 -0.734158 2.253404 7
0.386011 -0.675795 2.277894 7
0.342204 -0.685217 2.274657 7
0.298557 -0.696143 2.270861 7
0.255569 -0.697439 2.271076 7
0.210930 -0.753835 2.248720 7
0.168859 -0.743072 2.254000 7
0.126624 -0.727675 2.261251 7
0.084056 -1.087125 2.114355 5
0.045133 -1.080367 2.118092 5
0.005528 -1.047840 2.132503 5
-0.033044 -1.071179 2.123961 5
-0.071786 -1.079399 2.121700 5
-0.110707 -1.081546 2.121997 5
-0.151190 -1.058425 2.132790 5
-0.206875 -0.832109 2.227677 7
-0.248483 -0.833836 2.228408 7
-0.290524 -0.831277 2.230976 7
-0.329644 -0.858274 2.221353 7
-0.374618 -0.829652 2.234856 7
-0.417479 -0.823628 2.239058 7
-0.458886 -0.830111 2.238128 7
-0.498726 -0.847234 2.232827 7
-0.543493 -0.831203 2.241395 7
-0.586850 -0.826471 2.245329 7
-0.625225 -0.851264 2.237000 7
-0.676498 -0.805281 2.258320 7
-0.715779 -0.825535 2.252013 7
-0.757681 -0.831979 2.251547 7
-0.791722 -0.874375 2.236043 7
2.219836 -1.054893 2.210689 4
2.177569 -1.040614 2.214361 4
2.114969 -1.064577 2.201589 4
2.078080 -1.041455 2.209249 4
2.079952 -0.942045 2.249833 4
2.066367 -0.869603 2.278792 4
2.083948 -0.730017 2.336611 4
2.022664 -0.751123 2.325415 8
1.963878 -0.768903 2.315756 8
1.876290 -0.852992 2.277812 7
1.812460 -0.888137 2.260965 7
1.799438 -0.806178 2.294268 7
1.756247 -0.793714 2.297920 7
1.697837 -0.819520 2.285323 7
1.644096 -0.835771 2.276897 7
1.600309 -0.827470 2.279016 7
1.572391 -0.776012 2.299567 7
1.506349 -0.830072 2.275306 7
1.473381 -0.791835 2.290363 7
1.424014 -0.801501 2.285137 7
1.377082 -0.805098 2.282566 7
1.240727 -1.100363 2.156391 5
1.202376 -1.088322 2.160663 5
1.165100 -1.072387 2.166646 5
1.113299 -1.108883 2.150489 5
1.071333 -1.111897 2.148582 5
1.032097 -1.105157 2.150867 5
0.988755 -1.115581 2.145956 5
0.947475 -1.118836 2.144142 5
0.932897 -1.001881 2.193212 5
0.973779 -0.608840 2.359021 7
0.920630 -0.647532 2.342387 7
0.868512 -0.686001 2.325920 7
0.828791 -0.660059 2.336741 7
0.782627 -0.670305 2.332340 7
0.737961 -0.673204 2.331111 7
0.692267 -0.684432 2.326431 7
0.651223 -0.663874 2.335249 7
0.605723 -0.676430 2.330142 7
0.562415 -0.672955 2.331877 7
0.517808 -0.682146 2.328325 7
0.470840 -0.719480 2.312938 7
0.429694 -0.696940 2.322933 7
0.385282 -0.713730 2.316361 7
0.343416 -0.696136 2.324402 7
0.300931 -0.684276 2.330088 7
0.256765 -0.707757 2.320874 7
0.212379 -0.754677 2.301787 7
0.170535 -0.727531 2.314147 7
0.128066 -0.707421 2.323600 7
0.085054 -1.102297 2.157000 5
0.046295 -1.107840 2.155607 5
0.007756 -1.119174 2.151810 5
-0.031252 -1.108297 2.157513 5
-0.070323 -1.102049 2.161314 5
-0.109244 -1.101923 2.162574 5
-0.150463 -1.065362 2.179423 5
-0.207303 -0.823536 2.283919 7
-0.249397 -0.821997 2.286072 7
-0.293398 -0.801055 2.296585 7
-0.332777 -0.829811 2.285927 7
-0.375715 -0.822825 2.290616 7
-0.417438 -0.827566 2.290355 7
-0.461805 -0.812751 2.298549 7
-0.496815 -0.865232 2.277924 7
-0.544691 -0.828905 2.295507 7
-0.585409 -0.840960 2.292369 7
-0.630704 -0.826545 2.300701 7
-0.667961 -0.857347 2.289606 7
-0.713494 -0.843963 2.297646 7
-0.755021 -0.851895 2.296553 7
-0.799501 -0.846444 2.301324 7
2.217754 -1.073654 2.258814 4
2.194840 -1.024338 2.278090 4
2.123620 -1.063458 2.257896 4
2.070874 -1.070243 2.252278 4
2.071455 -0.974076 2.292613 4
2.078687 -0.860604 2.340618 4
2.077246 -0.760029 2.382854 4
2.030846 -0.749999 2.384914 8
1.985501 -0.738122 2.387880 8
1.877343 -0.866395 2.328926 7
1.848409 -0.821499 2.346721 7
1.807494 -0.803175 2.352834 7
1.762372 -0.794903 2.354589 7
1.703455 -0.821458 2.341084 7
1.660722 -0.808976 2.344870 7
1.611440 -0.813971 2.341047 7
1.552601 -0.846299 2.325307 7
1.524759 -0.794191 2.346736 7
1.480645 -0.786923 2.348545 7
1.425790 -0.812434 2.336067 7
1.388976 -0.784311 2.347176 7
1.257569 -1.061098 2.224891 5
1.204575 -1.096307 2.208505 5
1.173949 -1.057051 2.224765 5
1.120171 -1.099433 2.205406 5
1.089301 -1.059589 2.222051 5
1.051225 -1.045499 2.227507 5
1.011696 -1.036929 2.230621 5
0.962611 -1.069565 2.215826 5
1.008799 -0.675247 2.387327 7
0.961272 -0.686929 2.381776 7
0.921000 -0.664388 2.391223 7
0.874190 -0.674762 2.386395 7
0.824923 -0.701034 2.374714 7
0.780824 -0.700657 2.374722 7
0.742534 -0.664088 2.390575 7
0.701364 -0.642767 2.399857 7
0.653019 -0.671780 2.387279 7
0.606857 -0.689106 2.379865 7
0.565008 -0.672933 2.387124 7
0.515713 -0.725629 2.364435 7
0.471184 -0.740199 2.358433 7
0.431658 -0.699431 2.376634 7
0.388183 -0.701832 2.376084 7
0.346717 -0.673924 2.388831 7
0.301406 -0.709152 2.374098 7
0.258787 -0.698619 2.379409 7
0.215184 -0.713115 2.373862 7
0.172041 -0.721087 2.371231 7
0.125057 -1.096046 2.208179 5
0.086058 -1.108997 2.203418 5
0.046590 -1.047187 2.231448 5
0.008080 -1.097147 2.210612 5
-0.031227 -1.087746 2.215837 5
-0.070957 -1.073463 2.223276 5
-0.110861 -1.062273 2.229433 5
-0.146937 -1.117635 2.206424 5
-0.204978 -0.853112 2.324109 7
-0.249498 -0.819985 2.340221 7
-0.291614 -0.820927 2.341424 7
-0.334675 -0.813340 2.346462 7
-0.375076 -0.831267 2.340319 7
-0.418153 -0.825458 2.344722 7
-0.460460 -0.827054 2.345931 7
-0.498406 -0.859171 2.333700 7
-0.539383 -0.868319 2.331695 7
-0.588737 -0.826877 2.352212 7
-0.631864 -0.826298 2.354692 7
-0.674412 -0.829671 2.355495 7
-0.710884 -0.864030 2.342567 7
-0.761818 -0.826715 2.361657 7
2.190782 -1.046940 2.324924 4
2.121901 -1.081723 2.305874 4
2.089194 -1.050480 2.317408 4
2.062940 -1.006047 2.335071 4
2.072259 -0.889266 2.386008 4
2.077927 -0.774853 2.435805 4
2.063448 -0.697719 2.468485 4
2.019880 -0.680214 2.473902 8
1.980355 -0.653775 2.483484 8
1.864152 -0.801597 2.413641 7
1.799584 -0.837775 2.394935 7
1.751379 -0.837528 2.392946 7
1.720735 -0.794584 2.410465 7
1.680792 -0.773744 2.417998 7
1.612089 -0.828386 2.391359 7
1.581789 -0.782916 2.410241 7
1.532439 -0.788910 2.405870 7
1.483131 -0.796085 2.401059 7
1.432594 -0.808342 2.394045 7
1.386217 -0.809420 2.392179 7
1.247871 -1.107834 2.256158 5
1.216664 -1.071310 2.271520 5
1.174224 -1.071776 2.270261 5
1.129475 -1.081432 2.264940 5
1.090470 -1.071083 2.268711 5
1.045425 -1.084354 2.261922 5
0.999747 -1.102212 2.253149 5
0.964699 -1.076897 2.263879 5
1.013869 -0.670616 2.445988 7
0.972598 -0.651692 2.453928 7
0.920696 -0.684636 2.438634 7
0.876329 -0.682467 2.439206 7
0.833477 -0.672442 2.443387 7
0.783463 -0.704541 2.428726 7
0.739021 -0.706506 2.427681 7
0.700624 -0.668540 2.444650 7
0.653440 -0.689872 2.435065 7
0.613739 -0.656274 2.450231 7
0.561575 -0.725262 2.419396 7
0.518089 -0.726295 2.419161 7
0.474851 -0.725791 2.419693 7
0.432411 -0.716523 2.424242 7
0.388618 -0.723834 2.421417 7
0.347448 -0.692947 2.435843 7
0.303490 -0.703492 2.431719 7
0.260465 -0.698104 2.434839 7
0.216543 -0.718109 2.426607 7
0.164903 -1.114862 2.248773 5
0.125985 -1.114826 2.249625 5
0.087094 -1.085109 2.263929 5
0.048212 -1.121577 2.248463 5
0.008594 -1.083765 2.266575 5
-0.031348 -1.061914 2.277572 5
-0.069885 -1.086396 2.267712 5
-0.108404 -1.101975 2.261936 5
-0.149969 -1.063560 2.280663 5
-0.206101 -0.834851 2.385703 7
-0.250063 -0.812361 2.397489 7
-0.292107 -0.816333 2.397362 7
-0.334531 -0.816617 2.398986 7
-0.375149 -0.833484 2.393150 7
-0.415019 -0.854290 2.385585 7
-0.462521 -0.816172 2.404933 7
-0.502032 -0.839211 2.396500 7
-0.545764 -0.832934 2.401515 7
-0.588839 -0.832197 2.404088 7
-0.637083 -0.803277 2.419650 7
-0.671804 -0.850203 2.400557 7
-0.717225 -0.839180 2.408097 7
-0.766827 -0.810205 2.423992 7
2.203408 -1.039458 2.386058 4
2.163806 -1.019475 2.392279 4
2.105944 -1.034008 2.382166 4
2.070279 -1.007186 2.391833 4
2.060092 -0.929281 2.425792 4
2.082191 -0.782421 2.492391 4
2.066703 -0.707471 2.524901 4
2.062083 -0.606119 2.569885 4
2.068727 -0.475349 2.628715 4
1.862068 -0.822489 2.462543 7
1.802202 -0.847692 2.448250 7
1.761876 -0.828361 2.455001 7
1.715934 -0.822698 2.455425 7
1.659786 -0.843621 2.443491 7
1.618470 -0.827795 2.448876 7
1.584527 -0.791890 2.463730 7
1.537049 -0.792427 2.461632 7
1.482402 -0.814639 2.449519 7
1.441441 -0.798339 2.455474 7
1.385663 -0.827661 2.440261 7
1.346082 -0.808025 2.447948 7
1.224854 -1.059656 2.329555 5
1.181387 -1.062709 2.326941 5
1.137959 -1.066686 2.323985 5
1.085592 -1.105302 2.305036 5
1.047959 -1.090466 2.310988 5
1.003893 -1.101371 2.305078 5
0.967166 -1.082711 2.312958 5
0.913925 -1.137072 2.287078 5
0.954557 -0.755355 2.463276 3
0.926149 -0.676303 2.499301 3
0.890288 -0.628282 2.521028 7
0.839063 -0.660808 2.505552 7
0.793176 -0.666776 2.502460 7
0.745363 -0.686558 2.493062 7
0.704403 -0.663719 2.503470 7
0.659058 -0.670141 2.500425 7
0.616046 -0.660101 2.505081 7
0.565763 -0.711667 2.481320 7
0.523053 -0.702708 2.485643 7
0.477729 -0.720084 2.477865 7
0.434434 -0.718662 2.478867 7
0.391917 -0.707201 2.484600 7
0.349155 -0.696680 2.489983 7
0.306383 -0.683089 2.496874 7
0.260662 -0.732582 2.474621 7
0.217111 -0.747869 2.468291 7
0.166094 -1.118232 2.297368 5
0.127415 -1.090135 2.311239 5
0.088110 -1.100443 2.307371 5
0.048608 -1.067076 2.323860 5
0.009190 -1.073898 2.321765 5
-0.029920 -1.086908 2.316865 5
-0.069311 -1.087025 2.318034 5
-0.108623 -1.089359 2.318247 5
-0.151023 -1.041438 2.341961 5
-0.205992 -0.833656 2.440364 7
-0.247560 -0.841897 2.438154 7
-0.290145 -0.838130 2.441632 7
-0.334742 -0.816493 2.453558 7
-0.376685 -0.822904 2.452456 7
-0.415044 -0.857775 2.438094 7
-0.460603 -0.834758 2.450947 7
-0.498671 -0.867227 2.437845 7
-0.547845 -0.825164 2.459851 7
-0.593184 -0.812204 2.468289 7
-0.630667 -0.845742 2.454908 7
-0.675134 -0.839287 2.460459 7
-0.714521 -0.859790 2.453364 7
-0.765345 -0.824672 2.472670 7
2.240203 -0.988831 2.469317 4
2.182533 -1.000510 2.459921 4
2.138456 -0.988138 2.462480 4
2.075475 -1.012624 2.447085 4
2.065111 -0.935109 2.481744 4
2.079316 -0.804609 2.542270 4
2.074252 -0.708370 2.586010 4
2.069179 -0.607970 2.631753 4
2.073591 -0.482220 2.689795 4
1.856794 -0.850600 2.507968 7
1.835103 -0.787296 2.535981 7
1.766206 -0.834194 2.510685 7
1.729959 -0.804390 2.522638 7
1.685399 -0.794805 2.524905 7
1.628624 -0.817510 2.511697 7
1.584046 -0.809655 2.513344 7
1.526552 -0.838195 2.497573 7
1.472231 -0.860409 2.484975 7
1.441813 -0.813839 2.505538 7
1.393050 -0.821440 2.500166 7
1.341474 -0.839472 2.489899 7
1.227088 -1.068016 2.378884 5
1.182616 -1.074327 2.374526 5
1.130090 -1.110818 2.355823 5
1.089104 -1.108094 2.355982 5
1.048372 -1.104950 2.356429 5
1.002858 -1.121768 2.347428 5
0.963008 -1.116846 2.348899 5
0.926356 -1.097957 2.357118 5
0.938183 -0.850467 2.474447 7
0.900783 -0.820591 2.488022 7
0.884169 -0.679640 2.554622 3
0.839581 -0.677526 2.555118 7
0.796026 -0.669938 2.558315 7
0.749640 -0.679969 2.553209 7
0.708049 -0.660050 2.562461 7
0.666624 -0.636727 2.573424 7
0.620272 -0.649054 2.567499 7
0.567825 -0.716652 2.535343 7
0.521485 -0.741082 2.523833 7
0.477523 -0.746907 2.521271 7
0.434756 -0.741005 2.524385 7
0.393312 -0.716576 2.536415 7
0.350570 -0.705237 2.542301 7
0.307393 -0.698412 2.546126 7
0.264360 -0.685842 2.552781 7
0.216701 -0.807258 2.495607 7
0.168422 -1.071129 2.370480 5
0.128446 -1.101370 2.356885 5
0.089177 -1.080622 2.367717 5
0.050014 -1.120120 2.349841 5
0.010152 -1.082147 2.369080 5
-0.029330 -1.084032 2.369347 5
-0.069188 -1.076393 2.374255 5
-0.109702 -1.059716 2.383584 5
-0.149347 -1.063636 2.383128 5
-0.206686 -0.821265 2.500992 7
-0.250927 -0.800285 2.512766 7
-0.290127 -0.839031 2.495923 7
-0.333691 -0.828562 2.502829 7
-0.374266 -0.847006 2.495902 7
-0.420650 -0.816570 2.512629 7
-0.465002 -0.806720 2.519538 7
-0.505708 -0.824069 2.513402 7
-0.544925 -0.849356 2.503498 7
-0.592298 -0.823550 2.518422 7
-0.629636 -0.857941 2.504261 7
-0.674483 -0.849529 2.510952 7
-0.722105 -0.828969 2.523664 7
-0.766317 -0.827525 2.527188 7
2.207781 -0.969934 2.534697 4
2.157427 -0.968224 2.531716 4
2.111581 -0.958738 2.532796 4
2.067513 -0.946233 2.535514 4
2.075867 -0.827963 2.591578 4
2.066387 -0.741461 2.631607 4
2.077587 -0.607200 2.695584 4
2.052088 -0.546997 2.722385 4
2.063668 -0.400966 2.792153 4
1.818723 -0.841681 2.568819 7
1.766501 -0.849774 2.561985 7
1.723849 -0.835805 2.566269 7
1.676410 -0.834015 2.564595 7
1.635934 -0.814898 2.571643 7
1.594062 -0.799238 2.577067 7
1.529166 -0.847376 2.550965 7
1.486718 -0.835260 2.554860 7
1.437817 -0.842348 2.549353 7
1.398826 -0.820395 2.558313 7
1.344974 -0.845034 2.544355 7
1.225768 -1.088213 2.422717 5
1.187856 -1.072261 2.429103 5
1.136940 -1.102240 2.412951 5
1.097596 -1.092533 2.416450 5
1.045941 -1.130502 2.396585 5
1.002514 -1.139368 2.391144 5
0.969995 -1.103627 2.407716 5
0.934743 -1.077341 2.419718 5
0.895975 -1.065591 2.424665 5
0.883228 -0.925332 2.492756 5
0.866103 -0.792829 2.557086 7
0.815995 -0.827035 2.539721 7
0.790640 -0.721495 2.590971 7
0.749444 -0.701603 2.600315 7
0.709979 -0.668130 2.616407 7
0.660775 -0.700573 2.600293 7
0.619323 -0.678757 2.610864 7
0.574153 -0.685502 2.607536 7
0.527605 -0.707342 2.596907 7
0.480536 -0.740250 2.580948 7
0.437658 -0.733255 2.584637 7
0.393917 -0.736627 2.583340 7
0.351936 -0.714734 2.594523 7
0.299647 -0.875491 2.516228 7
0.256449 -0.906297 2.501730 7
0.217298 -0.835395 2.537228 7
0.169954 -1.061181 2.427179 5
0.129791 -1.087246 2.415223 5
0.090224 -1.085683 2.416918 5
0.050826 -1.107588 2.407162 5
0.010222 -1.043923 2.439580 5
-0.027912 -1.108662 2.408909 5
-0.067903 -1.094332 2.417237 5
-0.109420 -1.056632 2.437184 5
-0.149343 -1.058591 2.437680 5
-0.205663 -0.832699 2.550779 7
-0.247624 -0.839514 2.549149 7
-0.288471 -0.857546 2.542061 7
-0.331407 -0.852539 2.546458 7
-0.375242 -0.841394 2.554001 7
-0.418780 -0.835324 2.559134 7
-0.460676 -0.843124 2.557481 7
-0.508828 -0.807840 2.577347 7
-0.550231 -0.821167 2.573149 7
-0.593517 -0.822385 2.575074 7
-0.634064 -0.839611 2.569109 7
-0.681449 -0.819604 2.581836 7
-0.724793 -0.822765 2.583098 7
-0.767325 -0.830275 2.582280 7
2.180185 -0.941576 2.605771 4
2.129284 -0.940725 2.602172 4
2.089631 -0.918715 2.609709 4
2.081647 -0.832718 2.650527 4
2.092095 -0.705033 2.712906 4
2.060658 -0.660443 2.732256 4
2.063620 -0.539371 2.791129 4
2.064417 -0.417422 2.850395 4
1.810606 -0.876753 2.610655 7
1.774185 -0.847878 2.622472 7
1.732546 -0.830973 2.628234 7
1.674748 -0.854651 2.613315 7
1.638240 -0.825478 2.625583 7
1.589585 -0.827890 2.621800 7
1.541736 -0.829151 2.618728 7
1.500121 -0.813597 2.624346 7
1.449940 -0.823190 2.617262 7
1.401162 -0.830070 2.611684 7
1.350670 -0.843777 2.602757 7
1.307875 -0.834089 2.605833 7
1.194288 -1.066317 2.486306 5
1.150486 -1.070128 2.482842 5
1.112007 -1.055381 2.488883 5
1.064565 -1.074772 2.477738 5
1.017874 -1.093689 2.466947 5
0.987160 -1.047767 2.489040 5
0.937639 -1.081389 2.471021 5
0.893897 -1.092375 2.464547 5
0.849376 -1.109147 2.455254 5
0.809205 -1.106099 2.456064 5
0.769026 -1.103518 2.456732 5
0.734466 -1.068663 2.473768 5
0.701635 -1.019185 2.498260 5
0.709771 -0.690593 2.663516 7
0.667838 -0.671408 2.672896 7
0.623699 -0.667035 2.674913 7
0.574686 -0.703998 2.656204 7
0.528043 -0.727103 2.644580 7
0.478509 -0.785960 2.615040 7
0.433407 -0.808773 2.603759 7
0.387086 -0.854896 2.580825 7
0.344450 -0.860252 2.578531 7
0.302278 -0.860046 2.579139 7
0.253281 -1.015398 2.501376 5
0.210375 -1.087599 2.465613 5
0.170619 -1.089834 2.465234 5
0.131244 -1.066171 2.478025 5
0.091315 -1.072819 2.475603 5
0.051630 -1.092272 2.466797 5
0.011716 -1.078957 2.474647 5
-0.028534 -1.064496 2.483178 5
-0.068691 -1.060651 2.486435 5
-0.110842 -1.019836 2.508528 5
-0.165842 -0.784181 2.629584 7
-0.205522 -0.831844 2.607095 7
-0.249837 -0.811853 2.619044 7
-0.290745 -0.833832 2.609767 7
-0.334448 -0.825164 2.616174 7
-0.375422 -0.842782 2.609296 7
-0.418478 -0.841543 2.612124 7
-0.465134 -0.814800 2.628083 7
-0.511258 -0.796423 2.639901 7
-0.549934 -0.828741 2.625896 7
-0.589221 -0.854104 2.615522 7
-0.635857 -0.836139 2.627462 7
-0.676766 -0.851234 2.622543 7
-0.724097 -0.833522 2.634600 7
2.167748 -0.883442 2.693879 4
2.127719 -0.860371 2.701963 4
2.070154 -0.872296 2.691464 4
2.061389 -0.785310 2.733858 4
2.074675 -0.647997 2.803010 4
2.065639 -0.552683 2.849749 4
1.790820 -0.825033 2.694785 7
1.728670 -0.856962 2.674772 7
1.685461 -0.844286 2.678449 7
1.639909 -0.837806 2.678979 7
1.597823 -0.822600 2.684215 7
1.541469 -0.846599 2.668978 7
1.490905 -0.856648 2.661212 7
1.461139 -0.807100 2.684797 7
1.405409 -0.834034 2.668433 7
1.358569 -0.835769 2.665390 7
1.309055 -0.847279 2.657365 7
1.199458 -1.064901 2.541939 5
1.148707 -1.092675 2.525784 5
1.108261 -1.085618 2.527901 5
1.066858 -1.082450 2.528097 5
1.027157 -1.072981 2.531674 5
0.975931 -1.111851 2.510224 5
0.949699 -1.045225 2.543705 5
0.905128 -1.057503 2.536286 5
0.854692 -1.100494 2.513038 5
0.818202 -1.077308 2.524240 5
0.775057 -1.088467 2.517724 5
0.729092 -1.118171 2.501700 5
0.696130 -1.072212 2.524995 5
0.654583 -1.077366 2.521896 5
0.613886 -1.078039 2.521219 5
0.575507 -1.061703 2.529450 5
0.529849 -1.104497 2.507154 5
0.521428 -0.812137 2.658542 7
0.481534 -0.779577 2.675475 7
0.436958 -0.793790 2.668288 7
0.392240 -0.814680 2.657744 7
0.333912 -1.050460 2.535956 5
0.293014 -1.061207 2.530843 5
0.252387 -1.071774 2.525918 5
0.213182 -1.047810 2.538994 5
0.173239 -1.034596 2.546600 5
0.132521 -1.061001 2.533748 5
0.092404 -1.069429 2.530316 5
0.052325 -1.061632 2.535406 5
0.012371 -1.069892 2.532253 5
-0.027404 -1.079002 2.528750 5
-0.069098 -1.036087 2.552419 5
-0.121803 -0.794255 2.679833 7
-0.164819 -0.795268 2.680951 7
-0.207875 -0.796232 2.682200 7
-0.250378 -0.804460 2.679763 7
-0.292178 -0.819173 2.674037 7
-0.334987 -0.821955 2.674647 7
-0.376212 -0.838872 2.667961 7
-0.419644 -0.836070 2.671704 7
-0.462247 -0.840634 2.671695 7
-0.507284 -0.828749 2.680436 7
-0.553479 -0.811968 2.691880 7
-0.590045 -0.855376 2.671752 7
-0.636517 -0.839075 2.683176 7
-0.682985 -0.825492 2.693304 7
-0.727330 -0.824786 2.696757 7
1.793275 -0.835949 2.750160 7
1.741539 -0.842362 2.743283 7
1.687850 -0.854983 2.733194 7
1.638428 -0.858340 2.728279 7
1.602050 -0.828201 2.741613 7
1.532932 -0.886773 2.707146 7
1.504564 -0.834741 2.732532 7
1.459130 -0.830041 2.732489 7
1.412028 -0.830971 2.729543 7
1.363663 -0.836842 2.724070 7
1.324495 -0.814064 2.734112 7
1.265723 -0.856797 2.709119 7
1.157050 -1.079573 2.587814 5
1.118121 -1.065886 2.593436 5
1.078327 -1.055154 2.597581 5
1.032133 -1.069864 2.588229 5
0.985110 -1.090227 2.575981 5
0.946809 -1.075139 2.582785 5
0.911549 -1.045310 2.597555 5
0.866521 -1.060515 2.588400 5
0.828689 -1.041357 2.597679 5
0.783088 -1.062911 2.585365 5
0.744761 -1.046003 2.593654 5
0.698853 -1.074300 2.577973 5
0.658128 -1.073262 2.578023 5
0.615822 -1.084070 2.571872 5
0.571586 -1.112291 2.556560 5
0.532869 -1.100162 2.562828 5
0.497227 -1.058155 2.585097 5
0.455007 -1.074855 2.576229 5
0.415919 -1.060585 2.583946 5
0.374068 -1.079144 2.574294 5
0.333756 -1.081208 2.573523 5
0.294052 -1.073888 2.577851 5
0.255810 -1.031368 2.601030 5
0.215418 -1.026054 2.604505 5
0.175855 -0.981829 2.628823 5
0.134384 -1.012492 2.613338 5
0.093686 -0.995909 2.623145 5
0.053126 -1.040790 2.600263 5
0.012328 -1.022595 2.611142 5
-0.028056 -1.032503 2.607122 5
-0.077525 -0.809974 2.727479 7
-0.119880 -0.822742 2.722215 7
-0.165630 -0.776326 2.748745 7
-0.208722 -0.781528 2.747766 7
-0.252263 -0.780753 2.750101 7
-0.295728 -0.781788 2.751582 7
-0.335922 -0.814959 2.735906 7
-0.379868 -0.809980 2.740835 7
-0.423948 -0.805603 2.745561 7
-0.467193 -0.808890 2.746277 7
-0.507369 -0.833419 2.735642 7
-0.549526 -0.842849 2.733254 7
-0.596437 -0.823691 2.746445 7
-0.635215 -0.853004 2.733517 7
-0.685666 -0.818501 2.755299 7
1.753951 -0.829191 2.812192 7
1.698955 -0.844130 2.800368 7
1.654732 -0.833327 2.803045 7
1.598529 -0.854448 2.788109 7
1.568941 -0.805216 2.812394 7
1.524797 -0.794680 2.815300 7
1.470600 -0.813670 2.801988 7
1.420673 -0.822024 2.794721 7
1.372172 -0.827427 2.789230 7
1.334062 -0.800408 2.801770 7
1.278218 -0.831988 2.782114 7
1.235617 -0.820553 2.786310 7
1.126512 -1.051887 2.657063 5
1.073162 -1.091644 2.633467 5
1.037510 -1.065378 2.646290 5
0.988326 -1.093818 2.629183 5
0.951153 -1.073408 2.639010 5
0.908476 -1.076980 2.635791 5
0.871246 -1.055434 2.646453 5
0.828101 -1.062452 2.641575 5
0.783868 -1.076991 2.632699 5
0.746291 -1.055937 2.643416 5
0.699677 -1.088222 2.625064 5
0.657125 -1.099250 2.618457 5
0.623139 -1.052298 2.643661 5
0.576459 -1.095381 2.619752 5
0.540725 -1.055865 2.641105 5
0.497488 -1.077967 2.628888 5
0.454984 -1.098230 2.617787 5
0.415168 -1.093669 2.620361 5
0.374884 -1.094688 2.619993 5
0.335287 -1.086510 2.624761 5
0.293821 -1.109409 2.612647 5
0.254280 -1.101382 2.617549 5
0.215854 -1.057137 2.642374 5
0.176638 -1.007455 2.670299 5
0.135177 -1.046959 2.649529 5
0.094907 -0.963691 2.696094 5
0.053749 -0.994267 2.680429 5
0.008900 -0.789929 2.793664 7
-0.033758 -0.811326 2.783299 7
-0.077277 -0.800373 2.790799 7
-0.119773 -0.815178 2.784272 7
-0.162651 -0.819342 2.783703 7
-0.205078 -0.829385 2.780014 7
-0.248981 -0.819721 2.787289 7
-0.289399 -0.850522 2.772386 7
-0.333406 -0.841214 2.779704 7
-0.379506 -0.816215 2.795821 7
-0.423140 -0.816004 2.798383 7
-0.467459 -0.811629 2.803375 7
-0.512728 -0.802276 2.811256 7
-0.550182 -0.844523 2.790638 7
-0.595417 -0.836077 2.798257 7
-0.634241 -0.865146 2.785141 7
1.702991 -0.851076 2.858455 7
1.662615 -0.830226 2.866817 7
1.613604 -0.831725 2.862534 7
1.565389 -0.832092 2.859051 7
1.518765 -0.828942 2.857721 7
1.461597 -0.857123 2.838714 7
1.415579 -0.854677 2.837291 7
1.382320 -0.813203 2.858152 7
1.330385 -0.829894 2.846136 7
1.286274 -0.822509 2.847912 7
1.232603 -0.848804 2.830769 7
1.190486 -0.836163 2.835794 7
1.089319 -1.047181 2.714665 5
1.054778 -1.014052 2.731596 5
1.010069 -1.020810 2.726140 5
0.975362 -0.985602 2.744455 5
0.937758 -0.960875 2.756968 5
0.880873 -1.027047 2.718449 5
0.836287 -1.039026 2.710568 5
0.790686 -1.058693 2.698493 5
0.751266 -1.046320 2.704549 5
0.707774 -1.057918 2.697256 5
0.665013 -1.067204 2.691384 5
0.624783 -1.060937 2.694362 5
0.582840 -1.067450 2.690283 5
0.540053 -1.082915 2.681300 5
0.505392 -1.028356 2.711720 5
0.455684 -1.114329 2.663412 5
0.415651 -1.112692 2.664370 5
0.376610 -1.098640 2.672407 5
0.336754 -1.093045 2.675815 5
0.296911 -1.085896 2.680210 5
0.257688 -1.062656 2.693753 5
0.215998 -1.096371 2.675435 5
0.176162 -1.084493 2.682830 5
0.136364 -1.052266 2.701780 5
0.095830 -1.037111 2.711262 5
0.053332 -0.804813 2.843010 7
0.009137 -0.752322 2.873823 7
-0.034327 -0.764719 2.868254 7
-0.076298 -0.809007 2.844830 7
-0.119918 -0.802433 2.850178 7
-0.162919 -0.809142 2.848161 7
-0.204128 -0.839687 2.832800 7
-0.249540 -0.812072 2.850414 7
-0.292659 -0.816279 2.850177 7
-0.335335 -0.824695 2.847678 7
-0.376652 -0.844214 2.839002 7
-0.420181 -0.843577 2.841873 7
-0.465174 -0.833132 2.850448 7
-0.512694 -0.807903 2.867578 7
-0.555294 -0.818097 2.864698 7
-0.599363 -0.819140 2.867156 7
-0.639338 -0.843625 2.856355 7
1.672644 -0.821919 2.934547 7
1.621851 -0.827315 2.927715 7
1.568756 -0.840231 2.916650 7
1.511763 -0.865843 2.898337 7
1.478876 -0.824411 2.919385 7
1.431557 -0.824181 2.916485 7
1.385771 -0.820098 2.915982 7
1.328799 -0.852615 2.894322 7
1.291787 -0.821835 2.909651 7
1.242849 -0.830947 2.901921 7
1.184332 -0.876367 2.873280 7
1.142795 -0.862489 2.879204 7
1.093101 -0.880407 2.866839 7
1.056381 -0.847341 2.884133 7
1.011023 -0.849298 2.881284 7
0.959192 -0.881734 2.860961 7
0.920417 -0.856007 2.874387 7
0.840093 -1.038181 2.767930 5
0.795747 -1.050205 2.759873 5
0.752082 -1.060677 2.752846 5
0.706934 -1.082340 2.739497 5
0.665422 -1.084276 2.737649 5
0.629098 -1.051075 2.756165 5
0.585524 -1.068018 2.745915 5
0.545144 -1.062492 2.748731 5
0.501193 -1.088956 2.733249 5
0.461251 -1.081802 2.737245 5
0.415307 -1.141037 2.703139 5
0.376740 -1.123220 2.713514 5
0.336270 -1.128657 2.710620 5
0.296605 -1.122802 2.714346 5
0.256979 -1.114162 2.719797 5
0.216564 -1.123344 2.715100 5
0.177142 -1.101252 2.728546 5
0.137116 -1.089273 2.736288 5
0.097564 -0.865319 2.866441 7
0.054900 -0.873025 2.863136 7
0.010620 -0.782387 2.916746 7
-0.033341 -0.771359 2.924545 7
-0.075949 -0.801501 2.908679 7
-0.119265 -0.805428 2.908088 7
-0.164492 -0.777400 2.926131 7
-0.202489 -0.859586 2.880456 7
-0.247070 -0.841190 2.893175 7
-0.287989 -0.867183 2.880274 7
-0.335795 -0.822355 2.908637 7
-0.376003 -0.852992 2.893281 7
-0.425751 -0.803257 2.924835 7
-0.467286 -0.822434 2.916407 7
-0.506649 -0.854347 2.900654 7
-0.553687 -0.834241 2.915403 7
-0.600291 -0.820150 2.926801 7
1.619408 -0.851071 2.976899 7
1.582724 -0.819962 2.991905 7
1.522491 -0.853283 2.968326 7
1.481984 -0.833014 2.977108 7
1.428271 -0.851602 2.962746 7
1.381780 -0.850148 2.960560 7
1.338497 -0.839215 2.964193 7
1.290567 -0.843805 2.958702 7
1.234855 -0.876587 2.936564 7
1.187407 -0.883195 2.930206 7
1.146190 -0.867842 2.937069 7
1.100047 -0.871335 2.932861 7
1.052923 -0.880054 2.925698 7
1.013090 -0.859101 2.936297 7
0.971517 -0.844768 2.943096 7
0.910862 -0.920650 2.896561 7
0.876939 -0.871465 2.924297 7
0.806716 -1.010589 2.840667 5
0.754625 -1.065365 2.807164 5
0.716406 -1.044573 2.818513 5
0.681092 -1.002884 2.842339 5
0.632303 -1.049295 2.814211 5
0.586586 -1.081036 2.794896 5
0.543625 -1.096673 2.785231 5
0.506931 -1.059885 2.806664 5
0.463294 -1.085023 2.791643 5
0.415156 -1.167176 2.743076 5
0.375483 -1.165354 2.744233 5
0.338081 -1.130445 2.765057 5
0.298925 -1.113758 2.775246 5
0.258596 -1.115332 2.774772 5
0.217803 -1.131543 2.765771 5
0.184713 -0.856680 2.928993 7
0.141704 -0.860432 2.927662 7
0.098886 -0.835896 2.943203 7
0.055767 -0.844337 2.939368 7
0.012364 -0.827328 2.950739 7
-0.032890 -0.758961 2.992697 7
-0.076566 -0.769086 2.988291 7
-0.119711 -0.786327 2.979791 7
-0.160164 -0.842600 2.948232 7
-0.206687 -0.797890 2.976787 7
-0.247124 -0.839654 2.954076 7
-0.290482 -0.841194 2.955414 7
-0.335038 -0.831739 2.963445 7
-0.378507 -0.834359 2.964422 7
-0.418310 -0.866515 2.947891 7
-0.464111 -0.850500 2.960273 7
-0.508096 -0.849996 2.963532 7
-0.553804 -0.839548 2.972899 7
1.574314 -0.860142 3.031341 7
1.542229 -0.816091 3.054743 7
1.489865 -0.828095 3.043734 7
1.439744 -0.835217 3.035916 7
1.383574 -0.862381 3.015976 7
1.352677 -0.811874 3.043863 7
1.294787 -0.847797 3.018911 7
1.249697 -0.843401 3.018834 7
1.201739 -0.849828 3.012298 7
1.150738 -0.869078 2.998099 7
1.109042 -0.854584 3.004657 7
1.058700 -0.874963 2.990103 7
1.018588 -0.854362 3.000673 7
0.969259 -0.874037 2.986872 7
0.925858 -0.868570 2.988522 7
0.879769 -0.876811 2.981987 7
0.841304 -0.846495 2.999018 7
0.757958 -1.065812 2.864671 5
0.723804 -1.019891 2.891492 5
0.679769 -1.031755 2.883389 5
0.636004 -1.044379 2.874967 5
0.589233 -1.082337 2.851334 5
0.552958 -1.042451 2.875011 5
0.506587 -1.085739 2.848429 5
0.462971 -1.111899 2.832360 5
0.420926 -1.127745 2.822674 5
0.376455 -1.179210 2.791543 5
0.337286 -1.170496 2.796995 5
0.298611 -1.150777 2.809244 5
0.274508 -0.813579 3.014014 7
0.230291 -0.830620 3.004299 7
0.186237 -0.856500 2.989361 7
0.143537 -0.829464 3.006647 7
0.100089 -0.844331 2.998661 7
0.056594 -0.805177 3.023604 7
0.013538 -0.840169 3.003676 7
-0.030329 -0.820603 3.017025 7
-0.076369 -0.757040 3.057290 7
-0.119945 -0.771244 3.050424 7
-0.161161 -0.820132 3.022565 7
-0.206788 -0.793378 3.040913 7
-0.246073 -0.851519 3.007640 7
-0.288091 -0.867635 3.000111 7
-0.330816 -0.874433 2.998405 7
-0.375042 -0.867711 3.005111 7
-0.416487 -0.885080 2.997213 7
-0.464242 -0.854409 3.018906 7
-0.511348 -0.833522 3.034787 7
-0.552743 -0.852329 3.026442 7
1.538032 -0.845527 3.101094 7
1.489249 -0.847717 3.095899 7
1.440549 -0.850742 3.090360 7
1.397151 -0.838680 3.094502 7
1.349593 -0.839845 3.090479 7
1.299369 -0.850804 3.080476 7
1.256853 -0.837117 3.086124 7
1.208165 -0.845237 3.078251 7
1.152904 -0.879417 3.054238 7
1.112220 -0.860858 3.063419 7
1.065209 -0.867198 3.057179 7
1.017157 -0.879469 3.047402 7
0.974240 -0.870859 3.050824 7
0.927729 -0.879159 3.043850 7
0.892380 -0.833676 3.070549 7
0.848743 -0.827408 3.072950 7
0.808651 -0.801382 3.087797 7
0.728495 -1.011885 2.955648 5
0.681467 -1.041296 2.936365 5
0.641555 -1.027079 2.944357 5
0.598461 -1.035013 2.938724 5
0.550503 -1.084511 2.907414 5
0.507985 -1.096145 2.899775 5
0.463121 -1.134111 2.875924 5
0.421635 -1.144826 2.869138 5
0.378438 -1.180597 2.846929 5
0.364138 -0.811003 3.076612 7
0.321066 -0.797725 3.085164 7
0.277164 -0.796715 3.086245 7
0.233033 -0.802218 3.083428 7
0.188608 -0.824508 3.070324 7
0.145256 -0.808615 3.081100 7
0.101465 -0.815812 3.077670 7
0.057803 -0.819663 3.076467 7
0.013638 -0.790362 3.096054 7
-0.030008 -0.802955 3.089709 7
-0.074390 -0.790447 3.099155 7
-0.117349 -0.812845 3.086984 7
-0.163271 -0.779168 3.109957 7
-0.207595 -0.778924 3.112223 7
-0.250865 -0.792407 3.106058 7
-0.294122 -0.803730 3.101384 7
-0.334495 -0.841228 3.080448 7
-0.376611 -0.857302 3.073057 7
-0.416451 -0.889486 3.055681 7
-0.459846 -0.891406 3.057443 7
-0.503940 -0.889167 3.061977 7
1.486719 -0.872851 3.144774 7
1.445913 -0.852971 3.153811 7
1.401232 -0.844382 3.155702 7
1.358810 -0.828934 3.162184 7
1.299902 -0.867328 3.134133 7
1.251710 -0.873120 3.127298 7
1.210409 -0.855806 3.135496 7
1.159250 -0.874433 3.120767 7
1.114928 -0.869150 3.121569 7
1.065138 -0.886404 3.108091 7
1.028038 -0.852355 3.127645 7
0.986309 -0.836389 3.135761 7
0.938128 -0.849886 3.125193 7
0.897470 -0.828501 3.137082 7
0.857794 -0.800335 3.153445 7
0.813200 -0.796943 3.154144 7
0.774333 -0.759978 3.176412 7
0.723323 -0.795857 3.152389 7
0.678947 -0.792692 3.153422 7
0.634997 -0.786742 3.156388 7
0.559262 -1.036198 2.996870 5
0.513233 -1.072782 2.973102 5
0.502905 -0.769589 3.165783 7
0.458565 -0.766406 3.167615 7
0.410837 -0.805228 3.142868 7
0.367273 -0.797374 3.147988 7
0.323037 -0.798883 3.147304 7
0.278428 -0.809695 3.140852 7
0.234833 -0.800442 3.147332 7
0.189654 -0.844525 3.119992 7
0.146303 -0.833328 3.128017 7
0.102807 -0.801964 3.149059 7
0.058914 -0.817071 3.140633 7
0.014671 -0.793259 3.157192 7
-0.029294 -0.798761 3.155206 7
-0.073609 -0.793003 3.160567 7
-0.117580 -0.797534 3.159513 7
-0.160792 -0.813837 3.151080 7
-0.204096 -0.824727 3.146256 7
-0.248653 -0.818366 3.152638 7
-0.296548 -0.778532 3.180664 7
-0.335471 -0.834046 3.147664 7
-0.378647 -0.842907 3.144746 7
-0.421122 -0.856634 3.138847 7
-0.460815 -0.889282 3.120897 7
1.394800 -0.882184 3.196398 7
1.344425 -0.892649 3.185826 7
1.310352 -0.851563 3.209510 7
1.257168 -0.873046 3.192033 7
1.216341 -0.853496 3.201810 7
1.172993 -0.842480 3.206121 7
1.119974 -0.868628 3.186161 7
1.077090 -0.857258 3.191056 7
1.031461 -0.857272 3.188642 7
0.998444 -0.802234 3.222497 7
0.946250 -0.831818 3.201027 7
0.906807 -0.802732 3.218169 7
0.867235 -0.771794 3.236667 7
0.819314 -0.784170 3.226991 7
0.769489 -0.810307 3.208500 7
0.725154 -0.806303 3.209884 7
0.680202 -0.806761 3.208517 7
0.639047 -0.780282 3.224902 7
0.591843 -0.798356 3.212368 7
0.542748 -0.837362 3.186349 7
0.500847 -0.815790 3.200019 7
0.460024 -0.778247 3.224265 7
0.413517 -0.801435 3.209062 7
0.369689 -0.794603 3.213603 7
0.327316 -0.761644 3.235351 7
0.279308 -0.830881 3.190593 7
0.236990 -0.789870 3.217924 7
0.192652 -0.791829 3.217383 7
0.148246 -0.801737 3.211814 7
0.103983 -0.826950 3.196405 7
0.060084 -0.821605 3.201114 7
0.016050 -0.815938 3.206200 7
-0.028518 -0.796318 3.220583 7
-0.072280 -0.809507 3.213666 7
-0.116566 -0.807141 3.217093 7
-0.162745 -0.775159 3.240105 7
-0.206192 -0.792123 3.231200 7
-0.251993 -0.776826 3.243632 7
-0.291190 -0.836826 3.206751 7
-0.339733 -0.795369 3.236726 7
-0.377805 -0.853542 3.201294 7
1.260941 -0.878939 3.253694 7
1.217114 -0.869646 3.256691 7
1.172189 -0.864496 3.257067 7
1.129967 -0.849429 3.264304 7
1.088696 -0.830059 3.274601 7
1.042688 -0.829628 3.272321 7
0.994878 -0.838007 3.264304 7
0.956078 -0.806296 3.283391 7
0.909528 -0.809966 3.278891 7
0.870783 -0.774442 3.300849 7
0.822127 -0.790035 3.288708 7
0.782667 -0.754560 3.310952 7
0.731555 -0.788235 3.287068 7
0.684184 -0.802577 3.276314 7
0.636775 -0.820403 3.263411 7
0.591876 -0.822298 3.261340 7
0.548537 -0.811836 3.267700 7
0.504075 -0.810842 3.267901 7
0.459117 -0.815837 3.264271 7
0.413905 -0.826133 3.257270 7
0.372243 -0.790393 3.281199 7
0.330470 -0.744325 3.312202 7
0.283643 -0.781711 3.287609 7
0.239748 -0.764405 3.299738 7
0.193818 -0.809044 3.270623 7
0.149349 -0.824578 3.261129 7
0.105221 -0.840789 3.251342 7
0.061124 -0.800345 3.279643 7
0.017025 -0.814028 3.271887 7
-0.027721 -0.794113 3.286808 7
-0.071875 -0.801833 3.283385 7
-0.115797 -0.811695 3.278689 7
-0.161878 -0.783012 3.300043 7
-0.203014 -0.833422 3.268438 7
-0.250642 -0.792294 3.298533 7
1.162488 -0.744778 3.403067 7
0.965601 -0.782741 3.366225 7
0.922834 -0.765788 3.375697 7
0.874287 -0.777602 3.365584 7
0.831798 -0.758560 3.376847 7
0.784304 -0.767160 3.369320 7
0.735283 -0.787402 3.354002 7
0.691879 -0.773830 3.362054 7
0.642782 -0.800299 3.342850 7
0.596830 -0.807445 3.337074 7
0.556327 -0.769683 3.362225 7
0.508570 -0.794234 3.344892 7
0.463348 -0.798335 3.341739 7
0.420844 -0.771435 3.359982 7
0.372888 -0.813453 3.331236 7
0.330017 -0.787499 3.349187 7
0.284886 -0.796558 3.343352 7
0.241116 -0.776330 3.357744 7
0.196763 -0.762069 3.368235 7
0.151100 -0.808750 3.337161 7
0.106796 -0.796580 3.346573 7
0.062308 -0.800490 3.345145 7
0.017534 -0.782534 3.358892 7
-0.027745 -0.761303 3.375079 7
-0.070995 -0.806257 3.346008 7
-0.115966 -0.797027 3.354315 7
-0.158524 -0.832127 3.332321 7
-2.979034 -0.736185 1.167695 1
-2.898463 -0.750324 1.152025 1
-2.852601 -0.792782 1.160084 1
-2.806063 -0.834631 1.167418 1
-2.986262 -0.564467 1.171373 1
-2.918252 -0.589204 1.164544 1
-2.853473 -0.615774 1.159369 1
-2.817365 -0.665444 1.174152 1
-2.774900 -0.710019 1.184250 1
-2.692683 -0.720280 1.164980 1
-2.611263 -0.729896 1.145402 1
-2.607770 -0.808447 1.183575 1
-2.564021 -0.851491 1.191631 1
-2.969203 -0.378063 1.156935 1
-2.930413 -0.424786 1.170368 1
-2.837565 -0.429730 1.145439 1
-2.797662 -0.474974 1.157328 1
-2.768696 -0.529180 1.176988 1
-2.699292 -0.550480 1.167031 1
-2.643661 -0.582506 1.166624 1
-2.576187 -0.603910 1.156884 1
-2.531157 -0.644208 1.163579 1
-2.486660 -0.684951 1.170456 1
-2.437954 -0.721825 1.173833 1
-2.399063 -0.767737 1.184676 1
-2.345139 -0.799493 1.183393 1
-2.279667 -0.819603 1.172359 1
-3.008637 -0.236562 1.180193 1
-2.918095 -0.245565 1.157838 1
-2.869681 -0.284183 1.164196 1
-2.803611 -0.309276 1.157618 1
-2.771341 -0.359672 1.174879 1
-2.708729 -0.386501 1.169887 1
-2.675156 -0.436041 1.185872 1
-2.599118 -0.450984 1.169933 1
-2.541102 -0.479912 1.166882 1
-2.500848 -0.523551 1.177019 1
-2.438845 -0.548242 1.170061 1
-2.392361 -0.586138 1.174788 1
-2.327965 -0.607547 1.164942 1
-2.294171 -0.656737 1.179246 1
-2.241709 -0.688523 1.178257 1
-2.172617 -0.703766 1.163092 1
-2.149700 -0.763940 1.186016 1
-2.991541 -0.057796 1.163302 1
-2.956718 -0.105859 1.179642 1
-2.872743 -0.119556 1.161234 1
-2.801277 -0.140928 1.150817 1
-2.749572 -0.175868 1.153952 1
-2.709669 -0.219342 1.165342 1
-2.654546 -0.251198 1.165294 1
-2.592874 -0.277479 1.159897 1
-2.540553 -0.310584 1.161037 1
-2.513274 -0.363834 1.181034 1
-2.422132 -0.364209 1.151432 1
-2.404070 -0.425274 1.178268 1
-2.333534 -0.441434 1.163532 1
-2.298969 -0.488634 1.177105 1
-2.255597 -0.528133 1.183451 1
-2.183748 -0.541117 1.166010 1
-2.161627 -0.600254 1.189496 1
-2.173523 -0.693318 1.242152 1
-2.127804 -0.731537 1.246249 1
-0.968194 -0.739307 0.827408 0
-0.939510 -0.788779 0.840225 0
-2.985953 0.109082 1.153260 1
-2.952372 0.061175 1.170384 1
-2.892033 0.030950 1.168597 1
-2.829213 0.003015 1.164506 1
-2.781947 -0.035108 1.171051 1
-2.741419 -0.077841 1.182208 1
-2.638490 -0.075017 1.147058 1
-2.590833 -0.111455 1.151948 1
-2.561255 -0.161467 1.170222 1
-2.532872 -0.212802 1.189441 1
-2.463048 -0.231555 1.176543 1
-2.413338 -0.265715 1.178728 1
-2.349657 -0.287963 1.169449 1
-2.292433 -0.314914 1.164755 1
-2.242515 -0.347654 1.165530 1
-2.188401 -0.376370 1.162491 1
-2.173411 -0.440148 1.191767 1
-2.176140 -0.521452 1.236464 1
-2.163205 -0.589760 1.268521 1
-2.132011 -0.641653 1.285190 1
-2.139069 -0.731968 1.335660 1
-2.142970 -0.821331 1.384310 1
-0.979571 -0.582097 0.827246 0
-0.947547 -0.624810 0.836066 0
-0.931977 -0.691348 0.863068 0
-0.938714 -0.791858 0.915604 0
-3.003891 0.258154 1.158338 1
-2.958580 0.218105 1.167441 1
-2.916032 0.176474 1.178196 1
-2.833885 0.160611 1.160565 1
-2.778811 0.128046 1.161488 1
-2.737513 0.086593 1.171993 1
-2.679474 0.056802 1.169943 1
-2.596861 0.045018 1.149037 1
-2.581018 -0.013883 1.177636 1
-2.511879 -0.034020 1.165727 1
-2.450766 -0.059301 1.159313 1
-2.410708 -0.100225 1.168838 1
-2.342049 -0.118488 1.155485 1
-2.295031 -0.153323 1.158804 1
-2.260302 -0.198124 1.171827 1
-2.219712 -0.238196 1.179973 1
-2.162160 -0.263614 1.173797 1
-2.177829 -0.353226 1.229014 1
-2.156895 -0.411975 1.253951 1
-2.141463 -0.476677 1.283957 1
-2.125099 -0.541628 1.313581 1
-2.130245 -0.628492 1.362783 1
-2.138524 -0.720558 1.415771 1
-2.099281 -0.766996 1.426433 1
-1.020919 -0.468549 0.858135 0
-0.960146 -0.472474 0.836116 0
-0.939961 -0.529945 0.857631 0
-0.940736 -0.617650 0.902879 0
-0.915376 -0.671098 0.919945 0
-0.933429 -0.788500 0.986998 0
-3.025179 0.403461 1.164699 1
-2.955750 0.377643 1.157277 1
-2.900762 0.344021 1.159263 1
-2.837794 0.315770 1.155130 1
-2.800223 0.272243 1.168625 1
-2.746092 0.239340 1.169933 1
-2.714592 0.191976 1.187442 1
-2.628313 0.181298 1.164122 1
-2.562412 0.158017 1.155130 1
-2.552136 0.096333 1.187926 1
-2.482235 0.076726 1.175029 1
-2.405959 0.062804 1.156399 1
-2.371551 0.018497 1.170049 1
-2.301122 0.001800 1.154752 1
-2.249671 -0.028824 1.154086 1
-2.213363 -0.071266 1.165470 1
-2.171431 -0.109214 1.172086 1
-2.163361 -0.175674 1.207051 1
-2.154389 -0.242592 1.241777 1
-2.157695 -0.321583 1.287656 1
-2.140423 -0.383812 1.316346 1
-2.135269 -0.458229 1.356184 1
-2.123604 -0.528081 1.390873 1
-2.093580 -0.581610 1.409429 1
-2.104024 -0.675600 1.465469 1
-2.070595 -0.727872 1.481686 1
-0.978255 -0.331801 0.841394 0
-0.943222 -0.367941 0.846448 0
-0.916055 -0.414728 0.860172 0
-0.924347 -0.510185 0.913845 0
-0.926023 -0.599589 0.961477 0
-0.920895 -0.682172 1.002581 0
-0.927622 -0.784437 1.058716 0
-2.992064 0.512377 1.173256 1
-2.905707 0.496078 1.153633 1
-2.861287 0.456747 1.162660 1
-2.820271 0.415575 1.173836 1
-2.737306 0.400060 1.154391 1
-2.673193 0.374078 1.147807 1
-2.660428 0.316052 1.178720 1
-2.581273 0.300679 1.160021 1
-2.534123 0.265121 1.164762 1
-2.464027 0.245544 1.151497 1
-2.439859 0.194769 1.173295 1
-2.401321 0.153822 1.183866 1
-2.346459 0.124826 1.181233 1
-2.305609 0.085831 1.189472 1
-2.246325 0.061026 1.182412 1
-2.177807 0.044149 1.167125 1
-2.164294 -0.015870 1.197302 1
-2.161258 -0.085451 1.236792 1
-2.121544 -0.125624 1.245318 1
-2.130836 -0.207924 1.296479 1
-2.127925 -0.281471 1.337821 1
-2.124780 -0.356359 1.379677 1
-2.115667 -0.427372 1.416872 1
-2.085371 -0.479918 1.435243 1
-2.093316 -0.569755 1.489368 1
-2.051031 -0.612556 1.497237 1
-2.064929 -0.711886 1.558695 1
-0.992719 -0.190529 0.842117 0
-0.968734 -0.239017 0.858836 0
-0.911947 -0.247029 0.839886 0
-0.886231 -0.294045 0.854809 0
-0.928692 -0.431838 0.947043 0
-0.923559 -0.510460 0.987334 0
-0.933814 -0.612671 1.046628 0
-0.942228 -0.715719 1.105445 0
-0.934030 -0.798154 1.146041 0
-2.976227 0.673855 1.152392 1
-2.928846 0.635874 1.159844 1
-2.851659 0.614525 1.145935 1
-2.841369 0.556670 1.178907 1
-2.779176 0.527971 1.174688 1
-2.702746 0.508373 1.159453 1
-2.641272 0.480851 1.154428 1
-2.602159 0.440181 1.165565 1
-2.557476 0.403088 1.172287 1
-2.476139 0.389997 1.150569 1
-2.449209 0.342077 1.170176 1
-2.388032 0.317109 1.162879 1
-2.363344 0.267463 1.184057 1
-2.286397 0.254608 1.163185 1
-2.243019 0.218542 1.168810 1
-2.219661 0.167698 1.190743 1
-2.170702 0.135859 1.191401 1
-2.159370 0.074977 1.223610 1
-2.181922 -0.013980 1.285364 1
-2.158812 -0.067917 1.308613 1
-2.128598 -0.116579 1.325840 1
-2.125672 -0.188994 1.367500 1
-2.083262 -0.228395 1.374213 1
-2.091841 -0.313395 1.427430 1
-2.099076 -0.399250 1.480457 1
-2.059221 -0.443159 1.490319 1
-2.062716 -0.528735 1.541377 1
-2.046674 -0.597284 1.574641 1
-2.032026 -0.668536 1.609854 1
-2.030990 -0.755158 1.659199 1
-1.006670 -0.052610 0.841725 0
-0.983176 -0.099916 0.858633 0
-0.926710 -0.108384 0.839871 0
-0.923963 -0.181895 0.879859 0
-0.911230 -0.244886 0.909642 0
-0.848146 -0.244530 0.882766 0
-0.841884 -0.317706 0.920676 0
-0.932872 -0.524408 1.073811 0
-0.931558 -0.611896 1.121463 0
-0.945246 -0.723400 1.188643 0
-0.933779 -0.802291 1.226890 0
-2.999490 0.812511 1.157650 1
-2.931285 0.784860 1.150830 1
-2.902633 0.737634 1.171093 1
-2.807009 0.725680 1.143686 1
-2.776041 0.680212 1.161645 1
-2.737268 0.638945 1.173851 1
-2.680398 0.608070 1.172508 1
-2.647112 0.563966 1.188264 1
-2.551158 0.557326 1.156544 1
-2.495736 0.527515 1.154604 1
-2.476801 0.475296 1.180441 1
-2.414420 0.450517 1.172392 1
-2.336655 0.436655 1.151491 1
-2.315040 0.386122 1.174799 1
-2.285700 0.340421 1.191987 1
-2.224431 0.317042 1.182884 1
-2.188648 0.275960 1.194427 1
-2.171278 0.221134 1.221433 1
-2.701256 -0.249873 1.717052 1
-2.626712 -0.271475 1.701060 1
-2.528660 -0.273330 1.663622 1
-2.163251 -0.055832 1.387265 1
-2.100701 -0.078238 1.376000 1
-2.106372 -0.157908 1.426281 1
-2.089256 -0.219594 1.456485 1
-2.067543 -0.278201 1.482842 1
-2.044219 -0.336212 1.508035 1
-2.059635 -0.431188 1.570765 1
-2.061472 -0.515761 1.621638 1
-2.017950 -0.558123 1.628849 1
-1.987297 -0.613429 1.648810 1
-1.998202 -0.711889 1.711102 1
-0.985811 0.048573 0.845295 0
-0.946644 0.020455 0.844980 0
-0.914989 -0.016369 0.852742 0
-0.931172 -0.110952 0.913970 0
-0.934746 -0.193104 0.962543 0
-0.921465 -0.256510 0.993019 0
-0.881981 -0.287718 0.993685 0
-0.787091 -0.245812 0.928603 0
-0.774320 -0.311419 0.960152 0
-0.921547 -0.600412 1.187969 0
-0.934946 -0.712243 1.256833 0
-0.944628 -0.822651 1.323106 0
-3.026279 0.948483 1.164508 1
-2.979736 0.909724 1.172936 1
-2.924334 0.875549 1.174817 1
-2.862421 0.845132 1.171584 1
-2.796441 0.817487 1.164823 1
-2.744419 0.783336 1.167518 1
-2.688680 0.751626 1.167039 1
-2.615518 0.730073 1.153086 1
-2.594364 0.680144 1.177495 1
-2.550861 0.642751 1.184987 1
-2.482411 0.620391 1.172936 1
-2.436840 0.585031 1.178018 1
-2.350604 0.575320 1.150605 1
-2.320829 0.531013 1.167314 1
-2.274623 0.497253 1.170691 1
-2.224686 0.466285 1.170679 1
-2.187524 0.426952 1.180884 1
-2.175938 0.369620 1.212480 1
-2.168619 0.308343 1.248120 1
-2.646929 -0.268410 1.800948 1
-2.548586 -0.271263 1.762855 1
-2.437085 -0.261512 1.711444 1
-2.117581 -0.077019 1.467098 1
-2.094012 -0.132679 1.491647 1
-2.072624 -0.190965 1.518553 1
-2.062403 -0.260017 1.556505 1
-2.038783 -0.318263 1.582160 1
-2.022402 -0.384084 1.615279 1
-2.020962 -0.465314 1.663828 1
-2.004920 -0.534257 1.698667 1
-1.969240 -0.584988 1.714103 1
-1.967347 -0.670630 1.764647 1
-1.017075 0.161684 0.862104 0
-0.974802 0.137242 0.858458 0
-0.936158 0.109033 0.858489 0
-0.922505 0.052321 0.886073 0
-0.932171 -0.032980 0.940533 0
-0.933419 -0.110814 0.986801 0
-0.928189 -0.182961 1.026767 0
-0.927746 -0.263131 1.073405 0
-0.861678 -0.261120 1.042936 0
-0.809894 -0.276348 1.028717 0
-0.730225 -0.253103 0.979594 0
-0.709127 -0.308396 1.002067 0
-0.931421 -0.710744 1.334402 0
-0.938993 -0.819121 1.400153 0
-0.078116 -0.812879 0.992388 7
-2.982036 1.055510 1.162347 1
-2.909841 1.028745 1.152534 1
-2.874512 0.985745 1.167967 1
-2.815778 0.953981 1.166507 1
-2.739012 0.931714 1.151434 1
-2.716492 0.883141 1.175217 1
-2.678150 0.842443 1.187348 1
-2.598116 0.824026 1.167984 1
-2.515171 0.808432 1.145447 1
-2.487432 0.763240 1.164353 1
-2.450824 0.722925 1.176360 1
-2.402840 0.689338 1.179245 1
-2.372159 0.645653 1.195569 1
-2.281695 0.638817 1.163565 1
-2.259478 0.590333 1.186166 1
-2.218030 0.553911 1.192993 1
-2.143399 0.539742 1.171768 1
-2.154689 0.468174 1.222549 1
-2.576121 -0.274811 1.870733 1
-2.469492 -0.270420 1.823274 1
-2.361140 -0.262298 1.772585 1
-2.114404 -0.134998 1.588583 1
-2.061706 -0.167222 1.586390 1
-2.052775 -0.237738 1.626536 1
-2.028460 -0.295768 1.652207 1
-2.000854 -0.351588 1.674952 1
-2.004071 -0.437350 1.729312 1
-1.948566 -0.468303 1.724389 1
-1.971420 -0.576602 1.800816 1
-1.943708 -0.636734 1.825569 1
-0.981343 0.274514 0.848188 0
-0.928379 0.262429 0.832288 0
-0.929196 0.192575 0.875070 0
-0.931190 0.119505 0.920206 0
-0.921210 0.058064 0.952879 0
-0.928199 -0.024732 1.005873 0
-0.929216 -0.102894 1.053287 0
-0.941010 -0.196589 1.114740 0
-0.925173 -0.258589 1.144635 0
-0.877389 -0.280926 1.136259 0
-0.785510 -0.244596 1.072768 0
-0.719814 -0.240343 1.040167 0
-0.678932 -0.268780 1.038194 0
-0.625478 -0.279275 1.019704 0
-0.931988 -0.813660 1.476551 0
-0.118002 -0.801782 1.080606 7
-0.043811 -0.762774 1.021687 7
-0.002608 -0.792314 1.018109 7
0.051920 -0.791853 0.990683 7
-3.009738 1.188696 1.168586 1
-2.926509 1.165519 1.151396 1
-2.874297 1.130061 1.155040 1
-2.838360 1.087778 1.169818 1
-2.782508 1.054721 1.170066 1
-2.711551 1.029376 1.158769 1
-2.656925 0.997046 1.158745 1
-2.603072 0.964869 1.158797 1
-2.542718 0.936553 1.153439 1
-2.493842 0.902895 1.156265 1
-2.460875 0.861028 1.171032 1
-2.401258 0.833899 1.164780 1
-2.353897 0.800496 1.167665 1
-2.321581 0.758662 1.182288 1
-2.256187 0.736546 1.169900 1
-2.211164 0.702822 1.173583 1
-2.175823 0.663290 1.185030 1
-2.165416 0.607653 1.217435 1
-2.482364 -0.263212 1.918847 1
-2.376271 -0.258109 1.869644 1
-2.289314 -0.266724 1.837376 1
-2.070853 -0.160633 1.674492 1
-2.013129 -0.188934 1.667231 1
-2.008714 -0.264686 1.713320 1
-1.985744 -0.325012 1.741340 1
-1.981643 -0.404107 1.789398 1
-1.963031 -0.471012 1.823208 1
-0.978296 0.417257 0.827445 0
-0.953308 0.377067 0.841408 0
-0.953656 0.310104 0.883335 0
-0.946194 0.249675 0.917570 0
-0.934021 0.192925 0.947283 0
-0.942977 0.111358 1.001836 0
-0.929429 0.053007 1.031689 0
-0.941164 -0.036241 1.092023 0
-0.920159 -0.089126 1.114867 0
-0.933380 -0.185070 1.179762 0
-0.926686 -0.259166 1.221965 0
-0.851848 -0.247572 1.180118 0
-0.786189 -0.245937 1.148492 0
-0.730033 -0.255522 1.128008 0
-0.667485 -0.255169 1.098380 0
-0.603352 -0.251007 1.065584 0
-0.573494 -0.295140 1.078041 0
-0.533872 -0.710975 1.308121 7
-0.461367 -0.692764 1.262049 7
-0.313034 -0.749964 1.223294 7
-0.260736 -0.762443 1.204826 7
-0.209776 -0.776630 1.187906 7
-0.162250 -0.796950 1.176185 7
-0.098717 -0.783484 1.136480 7
-0.040177 -0.778251 1.103991 7
0.037920 -0.727741 1.034999 7
0.108574 -0.689377 0.976760 7
0.177507 -0.650959 0.919249 7
0.233355 -0.640250 0.884456 7
0.254257 -0.715143 0.917292 7
0.285194 -0.767432 0.931712 7
-3.022617 1.327020 1.163987 1
-2.962508 1.293495 1.163002 1
-2.903834 1.260047 1.162425 1
-2.858271 1.221759 1.170574 1
-2.787059 1.194798 1.159959 1
-2.725103 1.164698 1.155273 1
-2.707543 1.115135 1.182613 1
-2.651315 1.083250 1.181314 1
-2.594900 1.052043 1.179339 1
-2.518304 1.031407 1.161423 1
-2.490411 0.987193 1.180208 1
-2.434391 0.957477 1.176992 1
-2.381067 0.926922 1.175372 1
-2.337304 0.891646 1.180922 1
-2.279028 0.864819 1.174401 1
-2.219959 0.839140 1.166636 1
-2.177356 0.804405 1.171948 1
-2.191323 0.735453 1.224588 1
-2.155987 0.695764 1.236130 1
-2.474997 -0.239557 1.996384 1
-2.369978 -0.236111 1.947357 1
-2.299009 -0.258808 1.930446 1
-2.206789 -0.262309 1.891383 1
-2.041653 -0.199992 1.776697 1
-1.978891 -0.224526 1.764248 1
-1.965170 -0.293348 1.802442 1
-1.015266 0.517631 0.849032 0
-0.950461 0.516454 0.820250 0
-0.941416 0.461649 0.851206 0
-0.934554 0.403441 0.885236 0
-0.929490 0.342010 0.922045 0
-0.938727 0.263902 0.975959 0
-0.935129 0.197415 1.016449 0
-0.928607 0.132434 1.054517 0
-0.937870 0.047791 1.112260 0
-0.946433 -0.038671 1.170710 0
-0.927583 -0.095052 1.197259 0
-0.936109 -0.186229 1.258427 0
-0.939682 -0.274149 1.315100 0
-0.869812 -0.270262 1.279446 0
-0.796578 -0.260111 1.238171 0
-0.739572 -0.269813 1.216887 0
-0.668554 -0.258961 1.176008 0
-0.617050 -0.273772 1.160311 0
-0.558357 -0.277286 1.134043 0
-0.514114 -0.301102 1.127198 0
-0.588132 -0.706476 1.412212 7
-0.446600 -0.679268 1.325567 7
-0.404799 -0.712992 1.325301 7
-0.352301 -0.727575 1.307935 7
-0.306270 -0.753369 1.300498 7
-0.242786 -0.745515 1.263772 7
-0.188824 -0.754309 1.241808 7
-0.109499 -0.710374 1.175021 7
-0.091722 -0.791044 1.214581 7
-0.021662 -0.762106 1.161324 7
0.043823 -0.739838 1.114307 7
0.142267 -0.638658 1.002842 7
0.188980 -0.652033 0.986663 7
0.239088 -0.656326 0.963178 7
0.299793 -0.632364 0.917177 7
0.345872 -0.643477 0.899651 7
0.393240 -0.650214 0.878734 7
0.394403 -0.786001 0.958879 7
0.531329 -0.826483 0.909940 7
-2.970701 1.431629 1.154736 1
-2.918944 1.395084 1.159078 1
-2.850948 1.365294 1.151487 1
-2.809758 1.325673 1.162319 1
-2.753443 1.292492 1.161925 1
-2.686565 1.264378 1.153249 1
-2.655668 1.221430 1.170521 1
-2.612111 1.184121 1.178204 1
-2.538012 1.161195 1.162368 1
-2.495782 1.124201 1.170165 1
-2.427646 1.100104 1.157507 1
-2.382225 1.065544 1.161972 1
-2.348904 1.025069 1.175744 1
-2.312456 0.986241 1.186883 1
-2.236677 0.968887 1.165707 1
-2.201283 0.930174 1.176999 1
-2.160921 0.894345 1.183990 1
-2.172298 0.828246 1.234624 1
-2.418609 -0.258547 2.080758 1
-2.330954 -0.269118 2.047516 1
-2.211778 -0.251175 1.980701 1
-2.122876 -0.256648 1.943232 1
-2.000415 -0.230301 1.869073 1
-0.981484 0.620286 0.835232 0
-0.955637 0.582729 0.847845 0
-0.925096 0.549326 0.855443 0
-0.938814 0.472206 0.912299 0
-0.944027 0.401362 0.960960 0
-0.933679 0.344611 0.993003 0
-0.941430 0.267429 1.046788 0
-0.928672 0.210197 1.077798 0
-0.934267 0.131287 1.131473 0
-0.923954 0.068118 1.167280 0
-0.935096 -0.021656 1.230406 0
-0.930164 -0.095122 1.275210 0
-0.947461 -0.197914 1.349445 0
-0.923662 -0.252646 1.372905 0
-0.848906 -0.242874 1.330289 0
-0.815006 -0.284916 1.340513 0
-0.744306 -0.277631 1.301239 0
-0.671675 -0.265650 1.257928 0
-0.619296 -0.280307 1.241364 0
-0.546926 -0.264882 1.195784 0
-0.498638 -0.283224 1.183361 0
-0.439745 -0.284617 1.154872 0
-0.577518 -0.698760 1.483958 7
-0.515856 -0.702304 1.455100 7
-0.428666 -0.660431 1.384824 7
-0.382571 -0.687112 1.378075 7
-0.339482 -0.719092 1.376045 7
-0.292206 -0.743389 1.366983 7
-0.228151 -0.735085 1.328952 7
-0.166251 -0.728836 1.293192 7
-0.122941 -0.758500 1.289163 7
-0.018497 -0.659453 1.173742 7
0.038288 -0.656052 1.142066 7
0.070019 -0.706948 1.156843 7
0.140666 -0.669346 1.096628 7
0.180494 -0.701289 1.095279 7
0.238665 -0.688321 1.056563 7
0.302512 -0.658209 1.004219 7
0.358047 -0.646277 0.967329 7
0.404489 -0.656737 0.948886 7
0.464878 -0.626528 0.898021 7
0.514087 -0.625334 0.870773 7
0.548905 -0.666520 0.877027 7
0.576134 -0.733511 0.903004 7
0.604217 -0.801412 0.928968 7
-2.983983 1.511753 1.189873 1
-2.903283 1.485025 1.173955 1
-2.861510 1.445092 1.184783 1
-2.756317 1.429558 1.149618 1
-2.716652 1.390049 1.160841 1
-2.673461 1.352165 1.169206 1
-2.605447 1.324929 1.158703 1
-2.598762 1.272208 1.193828 1
-2.517234 1.251999 1.172005 1
-2.464013 1.220147 1.171097 1
-2.419592 1.184707 1.176595 1
-2.371076 1.151556 1.178508 1
-2.320892 1.119655 1.178670 1
-2.249497 1.099048 1.161129 1
-2.219663 1.057719 1.176955 1
-2.162013 1.031273 1.169551 1
-2.169346 0.969574 1.216399 1
-2.358457 -0.275279 2.162450 1
-2.258995 -0.275613 2.115577 1
-1.024612 0.712493 0.862617 0
-0.955192 0.714069 0.828501 0
-0.929030 0.677764 0.840399 0
-0.933625 0.612404 0.886412 0
-0.931525 0.551714 0.925997 0
-0.947217 0.472066 0.986713 0
-0.923231 0.429879 1.003224 0
-0.936815 0.348422 1.063938 0
-0.926433 0.289753 1.097802 0
-0.939501 0.204341 1.160697 0
-0.924479 0.147372 1.190979 0
-0.922385 0.074439 1.238024 0
-0.933533 -0.015997 1.302995 0
-0.936837 -0.100023 1.359788 0
-0.937494 -0.183435 1.414766 0
-0.917617 -0.243661 1.444285 0
-0.871872 -0.271984 1.439995 0
-0.782823 -0.242876 1.376552 0
-0.728899 -0.258182 1.359485 0
-0.674473 -0.271939 1.341056 0
-0.610107 -0.270589 1.307722 0
-0.545549 -0.267252 1.272901 0
-0.489620 -0.275097 1.249579 0
-0.420100 -0.260755 1.204931 0
-0.370091 -0.275004 1.188550 0
-0.499300 -0.580860 1.451275 8
-0.435210 -0.578043 1.416506 8
-0.378025 -0.585259 1.391618 8
-0.328176 -0.604199 1.377918 8
-0.261854 -0.592467 1.335974 8
-0.108112 -0.414058 1.142114 8
-0.071472 -0.449934 1.145784 8
-0.008487 -0.433842 1.102501 8
0.036417 -0.452298 1.090566 8
0.079207 -0.474775 1.082198 8
0.145381 -0.445912 1.028841 8
0.189941 -0.462350 1.015520 8
0.242789 -0.458914 0.985131 8
0.293576 -0.458580 0.957707 8
0.305736 -0.552936 1.010580 8
0.317274 -0.653890 1.067842 7
0.367855 -0.655967 1.041756 7
0.415100 -0.665694 1.022184 7
0.465000 -0.666744 0.995628 7
0.520717 -0.648695 0.953832 7
0.563548 -0.667467 0.942046 7
0.613528 -0.662826 0.911595 7
0.671356 -0.629468 0.858781 7
0.673679 -0.786768 0.955578 7
-2.772407 1.506156 1.186493 1
-2.683979 1.484580 1.162048 1
-2.663812 1.437982 1.187257 1
-2.594872 1.410581 1.175833 1
-2.558625 1.370652 1.188540 1
-2.499168 1.340687 1.183151 1
-2.421200 1.319521 1.162686 1
-2.366431 1.289107 1.159581 1
-2.324352 1.253412 1.166091 1
-2.266401 1.225554 1.159452 1
-2.198585 1.203235 1.144117 1
-2.193689 1.150147 1.180191 1
-2.140750 1.121200 1.176368 1
-2.161218 1.053689 1.234459 1
-2.393576 -0.287265 2.287753 1
-0.975765 0.823703 0.831646 0
-0.964270 0.775451 0.859253 0
-0.928052 0.748223 0.860246 0
-0.947923 0.670175 0.923488 0
-0.926777 0.627941 0.941987 0
-0.934153 0.557898 0.993440 0
-0.931372 0.495817 1.034363 0
-0.930207 0.430552 1.078166 0
-0.933096 0.359404 1.127887 0
-0.914326 0.309061 1.152637 0
-0.924929 0.226050 1.214053 0
-0.926445 0.150494 1.265795 0
-0.936206 0.063366 1.329380 0
-0.951024 -0.032449 1.401258 0
-0.938759 -0.099187 1.439848 0
-0.938078 -0.181845 1.494872 0
-0.922382 -0.248226 1.531286 0
-0.874558 -0.274964 1.524773 0
-0.810956 -0.280524 1.495984 0
-0.746609 -0.283646 1.465091 0
-0.683818 -0.287393 1.435313 0
-0.619324 -0.287213 1.401953 0
-0.534509 -0.255528 1.337135 0
-0.399865 -0.145362 1.194516 6
-0.313999 -0.103048 1.121940 6
-0.346635 -0.245378 1.232736 0
-0.143631 -0.008684 0.970816 6
-0.170985 -0.144458 1.074356 6
-0.239938 -0.358500 1.251044 8
-0.182528 -0.358446 1.220693 8
-0.115402 -0.338947 1.172383 8
-0.030451 -0.283014 1.090711 8
0.026923 -0.275704 1.055361 8
0.066340 -0.302349 1.051641 8
0.106375 -0.327799 1.046721 8
0.119260 -0.411165 1.093950 8
0.167974 -0.419445 1.073026 8
0.207227 -0.448138 1.070363 8
0.259042 -0.447586 1.041854 8
0.325714 -0.409212 0.980700 8
0.373897 -0.412990 0.956791 8
0.408578 -0.450555 0.961998 8
0.425133 -0.538156 1.009342 8
0.434249 -0.651471 1.077260 8
0.474962 -0.679796 1.072919 7
0.532519 -0.657574 1.026645 7
0.578465 -0.668244 1.007868 7
0.632109 -0.652688 0.967873 7
0.672946 -0.677713 0.960979 7
0.719921 -0.681110 0.936690 7
0.762594 -0.698953 0.923983 7
0.882185 -0.787176 0.912274 7
-2.712004 1.501997 1.248253 1
-2.552079 1.507965 1.168097 1
-2.493089 1.477429 1.162979 1
-2.445969 1.442780 1.166468 1
-2.398648 1.408623 1.169400 1
-2.339810 1.379846 1.162758 1
-2.311023 1.338432 1.179713 1
-2.258591 1.307764 1.177338 1
-2.224221 1.269141 1.189377 1
-2.151215 1.249316 1.168977 1
-2.151913 1.193857 1.210019 1
-1.008914 0.921449 0.847910 0
-0.974363 0.893173 0.850613 0
-0.921667 0.880253 0.833368 0
-0.937130 0.809498 0.890788 0
-0.948575 0.740236 0.945068 0
-0.952963 0.675401 0.992621 0
-0.931122 0.633181 1.011078 0
-0.933060 0.567769 1.057637 0
-0.943617 0.492207 1.115541 0
-0.941548 0.427021 1.159746 0
-0.933047 0.366717 1.197208 0
-0.949753 0.278467 1.266786 0
-0.935115 0.221118 1.298898 0
-0.926642 0.155668 1.339670 0
-0.928909 0.076346 1.395424 0
-0.947092 -0.023887 1.473666 0
-0.930115 -0.085697 1.507282 0
-0.933856 -0.174337 1.569919 0
-0.928631 -0.254622 1.622091 0
-0.852323 -0.245848 1.576338 0
-0.790361 -0.253802 1.549384 0
-0.733908 -0.267907 1.529407 0
-0.687703 -0.295308 1.523751 0
-0.458748 -0.061074 1.244260 6
-0.392212 -0.051007 1.202300 6
-0.322572 -0.034110 1.153990 6
-0.244446 -0.001537 1.090499 6
-0.208055 -0.032144 1.091763 6
-0.155047 -0.035704 1.065853 6
-0.098169 -0.031401 1.032500 6
-0.026579 0.000219 0.972814 6
0.022121 -0.005683 0.950544 6
0.095019 0.034090 0.884525 6
0.120382 -0.012348 0.901860 6
0.158021 -0.036173 0.897337 6
0.192163 -0.067033 0.899336 6
0.223151 -0.104895 0.907648 6
0.187981 -0.285617 1.047272 8
0.245449 -0.271389 1.006224 8
0.283044 -0.300090 1.004572 8
0.323406 -0.322577 0.997184 8
0.351019 -0.376227 1.017445 8
0.396704 -0.386179 0.998629 8
0.456272 -0.358657 0.947189 8
0.491606 -0.393485 0.950444 8
0.525937 -0.432111 0.956688 8
0.557835 -0.479190 0.969797 8
0.570405 -0.587473 1.034088 8
0.600891 -0.645799 1.055242 7
0.631917 -0.705430 1.076864 7
0.690666 -0.672144 1.021496 7
0.728462 -0.709880 1.024689 7
0.776712 -0.709428 0.996728 7
0.829210 -0.689918 0.953731 7
0.902544 -0.777793 0.968957 7
0.941349 -0.815754 0.971288 7
-2.486999 1.506276 1.222672 1
-2.394952 1.489182 1.190510 1
-2.342959 1.457129 1.189213 1
-2.281603 1.429600 1.179818 1
-2.223964 1.401234 1.172794 1
-2.154880 1.378743 1.155634 1
-2.141097 1.331544 1.184184 1
-2.177242 1.259939 1.255565 1
-1.015446 0.984160 0.875057 0
-0.915319 1.007973 0.806739 0
-0.935649 0.936354 0.868617 0
-0.933398 0.881480 0.906826 0
-0.933715 0.823145 0.948761 0
-0.921392 0.774498 0.977184 0
-0.939559 0.697438 1.041554 0
-0.938691 0.635613 1.085146 0
-0.923515 0.585781 1.112714 0
-0.928828 0.515082 1.165669 0
-0.944041 0.432500 1.232126 0
-0.933092 0.374053 1.267770 0
-0.932572 0.303310 1.317476 0
-0.921403 0.242028 1.354845 0
-0.939310 0.147181 1.431053 0
-0.940708 0.067779 1.487621 0
-0.940855 -0.012590 1.544123 0
-0.934642 -0.087855 1.593596 0
-0.931735 -0.169360 1.649105 0
-0.879455 -0.191476 1.636762 0
-0.834584 -0.222518 1.634509 0
-0.804110 -0.272471 1.653040 0
-0.724844 -0.257117 1.599898 0
-0.665999 -0.267617 1.575600 0
-0.509927 -0.137721 1.401445 6
-0.332885 0.031918 1.188341 6
-0.297472 -0.001505 1.192320 6
-0.230085 0.014467 1.144736 6
-0.183255 0.000059 1.129223 6
-0.138751 -0.017445 1.117036 6
-0.072333 0.002673 1.066889 6
-0.005598 0.026078 1.014229 6
0.037501 0.010024 1.001586 6
0.079969 -0.006646 0.989639 6
0.142436 0.015274 0.940123 6
0.149045 -0.069590 0.994570 6
0.182632 -0.103654 0.999226 6
0.230854 -0.107755 0.975190 6
0.219773 -0.238579 1.070661 8
0.269480 -0.240938 1.044458 8
0.298576 -0.289353 1.061111 8
0.353492 -0.277861 1.022398 8
0.401835 -0.280121 0.996664 8
0.513090 -0.119812 0.824853 6
0.475840 -0.340202 0.995536 8
0.519867 -0.351734 0.978314 8
0.556087 -0.384777 0.980042 8
0.604134 -0.383490 0.951692 8
0.635069 -0.433342 0.967668 8
0.675721 -0.454212 0.958392 8
0.686854 -0.574570 1.033252 8
0.725013 -0.608659 1.034186 8
0.755289 -0.673015 1.060026 8
0.787634 -0.733560 1.082016 8
0.836243 -0.732031 1.052632 7
0.912502 -0.609996 0.925881 7
0.939163 -0.695903 0.968029 7
0.978557 -0.728737 0.966927 7
1.013213 -0.787095 0.985693 7
-2.322769 1.490812 1.237029 1
-2.201009 1.488301 1.177231 1
-2.173491 1.447440 1.194472 1
-2.180681 1.391021 1.241132 1
-0.999150 1.117298 0.838096 0
-0.958093 1.094771 0.833205 0
-0.896447 1.088523 0.805492 0
-0.931056 1.007405 0.883194 0
-0.936979 0.946894 0.930645 0
-0.933839 0.892359 0.968883 0
-0.921251 0.844648 0.997084 0
-0.932763 0.774958 1.053988 0
-0.920253 0.724830 1.083855 0
-0.930755 0.652524 1.141990 0
-0.931179 0.587617 1.189325 0
-0.948473 0.504637 1.258676 0
-0.932969 0.451605 1.288772 0
-0.942569 0.371895 1.351502 0
-0.928950 0.314001 1.385970 0
-0.939827 0.228502 1.453409 0
-0.942750 0.148999 1.512179 0
-0.927061 0.088081 1.547479 0
-0.944248 -0.012402 1.628856 0
-0.911630 -0.057181 1.643268 0
-0.878114 -0.101457 1.656751 0
-0.850006 -0.153084 1.678348 0
-0.811284 -0.192030 1.685028 0
-0.756381 -0.209892 1.667760 0
-0.610197 -0.102997 1.511631 6
-0.432310 0.055756 1.301161 6
-0.368518 0.061448 1.262034 6
-0.331916 0.029016 1.264856 6
-0.290699 0.003353 1.260261 6
-0.250468 -0.023698 1.257122 6
-0.185548 -0.011133 1.212212 6
-0.146506 -0.038896 1.210090 6
-0.079008 -0.018398 1.158004 6
-0.017694 -0.005885 1.114926 6
0.031506 -0.012845 1.092261 6
0.089472 -0.002390 1.052365 6
0.139341 -0.005208 1.026277 6
0.206813 0.028100 0.964849 6
0.189129 -0.108327 1.070445 6
0.281086 -0.021530 0.957555 6
0.281932 -0.125320 1.029662 6
0.338383 -0.109659 0.986563 6
0.392163 -0.097502 0.947365 6
0.394344 -0.206979 1.022478 8
0.433420 -0.230774 1.016637 8
0.454102 -0.302153 1.054444 8
0.506757 -0.291500 1.016665 8
0.546266 -0.314873 1.010072 8
0.584747 -0.341315 1.006137 8
0.640691 -0.315517 0.955718 8
0.674019 -0.356728 0.964892 8
0.718150 -0.364300 0.944367 8
0.754394 -0.397652 0.946251 8
0.777580 -0.478900 0.988893 8
0.788703 -0.611185 1.073879 8
0.825920 -0.651879 1.080060 8
0.861370 -0.701932 1.093680 8
0.901946 -0.732801 1.090935 7
0.946883 -0.744757 1.072465 7
0.999731 -0.717155 1.021906 7
1.034896 -0.775237 1.040945 7
1.079482 -0.786410 1.021922 7
-0.977247 1.198711 0.833960 0
-0.964862 1.155620 0.859699 0
-0.930803 1.128031 0.862095 0
-0.943806 1.064530 0.916674 0
-0.924548 1.024641 0.936134 0
-0.930313 0.964070 0.984497 0
-0.932405 0.904966 1.029718 0
-0.930582 0.847704 1.071385 0
-0.941054 0.778353 1.128652 0
-0.929516 0.726692 1.160753 0
-0.916125 0.675673 1.191304 0
-0.938302 0.590161 1.266742 0
-0.932630 0.528731 1.309084 0
-0.919086 0.473565 1.342422 0
-0.942297 0.379831 1.424302 0
-0.938315 0.311245 1.472647 0
-0.935252 0.239794 1.523537 0
-0.923634 0.175715 1.564221 0
-0.940936 0.077386 1.645948 0
-0.884378 -0.021465 1.687038 0
-0.836128 -0.047799 1.679495 0
-0.771851 -0.053668 1.648010 0
-0.761764 -0.127795 1.696464 0
-0.574809 0.029637 1.477296 6
-0.502498 0.041795 1.427969 6
-0.440616 0.041768 1.393281 6
-0.382107 0.038576 1.362718 6
-0.315515 0.048790 1.317808 6
-0.286573 0.004109 1.333857 6
-0.220963 0.015728 1.288350 6
-0.172002 0.002923 1.269872 6
-0.130243 -0.020916 1.263386 6
-0.082904 -0.035047 1.246654 6
-0.023703 -0.027593 1.207529 6
0.040934 -0.008229 1.156652 6
0.097625 -0.000853 1.118888 6
0.141433 -0.016170 1.104768 6
0.214825 0.027817 1.030970 6
0.271051 0.041108 0.989033 6
0.244205 -0.118900 1.119289 6
0.299900 -0.107592 1.078956 6
0.349707 -0.107170 1.049767 6
0.392676 -0.121071 1.034737 6
0.454528 -0.088518 0.975434 6
0.499814 -0.093553 0.952591 6
0.581592 -0.002144 0.839488 6
0.587848 -0.106532 0.910283 6
0.584461 -0.244619 1.010708 8
0.636090 -0.231088 0.970654 8
0.661396 -0.294898 1.001140 8
0.702498 -0.312131 0.989075 8
0.740248 -0.340150 0.986607 8
0.779814 -0.362516 0.978977 8
0.822510 -0.373674 0.961459 8
0.849206 -0.444936 0.996099 8
0.882784 -0.493836 1.010689 8
0.883446 -0.684663 1.145614 8
0.927360 -0.701825 1.131364 8
0.978140 -0.686260 1.089719 7
1.011213 -0.754814 1.118280 7
1.056958 -0.762259 1.095838 7
1.105310 -0.753266 1.060114 7
1.146835 -0.781735 1.054977 7
-1.019699 1.285611 0.859363 0
-0.971770 1.267489 0.846924 0
-0.921478 1.251706 0.831335 0
-0.920211 1.201288 0.869245 0
-0.937752 1.135824 0.928990 0
-0.928280 1.089045 0.959479 0
-0.923822 1.037481 0.996338 0
-0.937701 0.970091 1.055363 0
-0.937879 0.912047 1.099617 0
-0.937482 0.853064 1.144208 0
-0.932068 0.796972 1.183754 0
-0.934870 0.732268 1.234351 0
-0.942058 0.661812 1.291692 0
-0.930898 0.606531 1.327240 0
-0.920635 0.549167 1.364804 0
-0.930761 0.470336 1.429935 0
-0.935875 0.394132 1.490211 0
-0.939971 0.316684 1.550787 0
-0.922812 0.259581 1.584029 0
-0.921571 0.183754 1.640249 0
-0.777270 -0.058982 1.739985 0
-0.667778 -0.006356 1.638297 6
-0.597380 -0.000691 1.593863 6
-0.524586 0.010319 1.544014 6
-0.442635 0.036494 1.477574 6
-0.387829 0.026887 1.453239 6
-0.312620 0.048579 1.393876 6
-0.270753 0.022537 1.389059 6
-0.205022 0.033976 1.342637 6
-0.173884 -0.007942 1.355651 6
-0.115997 -0.006345 1.320930 6
-0.077206 -0.035601 1.320026 6
-0.026879 -0.044677 1.297458 6
0.034723 -0.032185 1.252352 6
0.085425 -0.037645 1.226778 6
0.152207 -0.010739 1.167908 6
0.215522 0.012653 1.113596 6
0.275081 0.031491 1.064780 6
0.331626 0.046804 1.020269 6
0.397968 0.086350 0.952138 6
0.371966 -0.080130 1.089625 6
0.407227 -0.112314 1.092358 6
0.451356 -0.123465 1.074366 6
0.498149 -0.126982 1.049146 6
0.543411 -0.133069 1.026660 6
0.626843 -0.033484 0.904085 6
0.666764 -0.047957 0.890807 6
0.687773 -0.117922 0.929325 6
0.731483 -0.121984 0.906065 6
0.724894 -0.286689 1.030187 8
0.763059 -0.313701 1.026890 8
0.807541 -0.319026 1.003918 8
0.853228 -0.318422 0.975841 8
0.898805 -0.316160 0.946565 8
0.933467 -0.356152 0.954615 8
0.980715 -0.344202 0.917160 8
0.993964 -0.483389 1.010292 8
1.004005 -0.652389 1.126997 8
1.036497 -0.725165 1.159974 7
1.092982 -0.673926 1.088080 7
1.137595 -0.682145 1.066603 7
1.186083 -0.664432 1.023852 7
1.216801 -0.761440 1.075272 7
-0.992477 1.368020 0.849009 0
-0.943070 1.351041 0.834420 0
-0.937156 1.305234 0.866906 0
-0.932016 1.258027 0.900877 0
-0.917003 1.216979 0.924403 0
-0.933410 1.152198 0.984193 0
-0.930151 1.100442 1.022632 0
-0.923561 1.050142 1.057996 0
-0.936378 0.983316 1.117190 0
-0.954850 0.909939 1.184637 0
-0.929516 0.871165 1.200230 0
-0.920566 0.817867 1.236372 0
-0.928052 0.748845 1.294020 0
-0.909923 0.701152 1.320473 0
-0.946238 0.601761 1.417978 0
-0.921660 0.557188 1.438219 0
-0.941734 0.468016 1.518414 0
-0.934453 0.403481 1.563856 0
-0.938727 0.325271 1.626411 0
-0.938574 0.249370 1.684580 0
-0.655156 0.010380 1.702751 6
-0.614825 -0.024261 1.705585 6
-0.535233 -0.005663 1.644874 6
-0.480598 -0.019094 1.623081 6
-0.395604 0.012149 1.549473 6
-0.321013 0.031576 1.490891 6
-0.262586 0.029265 1.458257 6
-0.214130 0.012905 1.442093 6
-0.158370 0.009069 1.412077 6
-0.110751 -0.006830 1.395949 6
-0.059371 -0.015557 1.372116 6
-0.008538 -0.024091 1.348407 6
0.049205 -0.018871 1.310151 6
0.094579 -0.034880 1.295224 6
0.167327 0.002896 1.223366 6
0.232040 0.028744 1.165243 6
0.289092 0.042117 1.121044 6
0.344449 0.054428 1.078609 6
0.390883 0.049465 1.054470 6
0.444576 0.062461 1.012419 6
0.418506 -0.111648 1.158903 6
0.451506 -0.151296 1.168758 6
0.514728 -0.114837 1.103193 8
0.558925 -0.124347 1.083566 6
0.602162 -0.135490 1.065694 6
0.646394 -0.142886 1.044360 6
0.736315 -0.012108 0.891715 6
0.755589 -0.089133 0.937604 6
0.784098 -0.141066 0.959037 6
0.820735 -0.168152 0.956868 6
0.853740 -0.208908 0.967094 6
0.900142 -0.201389 0.932980 6
0.914952 -0.315893 1.009371 8
0.959927 -0.315029 0.981003 8
1.002935 -0.320530 0.958550 8
1.031935 -0.389609 0.992134 8
1.068113 -0.429427 0.999401 8
1.075765 -0.621998 1.138198 8
1.104458 -0.720173 1.193508 7
1.160671 -0.663940 1.116576 7
1.192834 -0.752237 1.162255 7
1.289175 -0.721098 1.078736 7
-1.018814 1.463975 0.857005 0
-0.949203 1.458838 0.820814 0
-0.908928 1.436414 0.815381 0
-0.921947 1.379439 0.868374 0
-0.943679 1.315073 0.932273 0
-0.943025 1.264334 0.972277 0
-0.945774 1.210058 1.017030 0
-0.924717 1.171918 1.035064 0
-0.943747 1.103238 1.100651 0
-0.946237 1.045279 1.148047 0
-0.925129 1.004598 1.167936 0
-0.955178 0.921735 1.251058 0
-0.938056 0.875573 1.277522 0
-0.915754 0.833101 1.297992 0
-0.938694 0.750139 1.376893 0
-0.951086 0.673993 1.444182 0
-0.923652 0.632564 1.460677 0
-0.931471 0.556980 1.524739 0
-0.931899 0.486341 1.580512 0
-0.946093 0.399800 1.656844 0
-0.731375 0.001487 1.841081 6
-0.667857 -0.005452 1.808608 6
-0.609423 -0.017630 1.783200 6
-0.518243 0.015902 1.702584 6
-0.466728 -0.002296 1.685895 6
-0.416296 -0.021295 1.670426 6
-0.343179 -0.005982 1.614644 6
-0.268412 0.014555 1.553763 6
-0.201471 0.025801 1.504750 6
-0.149634 0.015037 1.481848 6
-0.113701 -0.021172 1.488205 6
-0.049321 -0.008970 1.439849 6
-0.011306 -0.041013 1.441627 6
0.046076 -0.037922 1.404459 6
0.107278 -0.025668 1.357846 6
0.163706 -0.020187 1.319317 6
0.247669 0.042898 1.219532 6
0.290011 0.025240 1.207340 6
0.356693 0.060539 1.139427 6
0.395208 0.037145 1.133904 6
0.458976 0.072160 1.067902 6
0.504868 0.068588 1.042513 6
0.470918 -0.132198 1.217802 6
0.522053 -0.126910 1.182290 6
0.563318 -0.145889 1.171460 6
0.634208 -0.081793 1.078500 8
0.678733 -0.087240 1.055175 8
0.717373 -0.109180 1.048106 8
0.794917 -0.007893 0.922352 6
0.819111 -0.072264 0.956698 6
0.849841 -0.118158 0.972776 6
0.888661 -0.137157 0.963167 6
0.919229 -0.187642 0.982777 6
0.962799 -0.189062 0.956653 6
0.977446 -0.311358 1.041107 8
1.019297 -0.323357 1.024069 8
1.058964 -0.344885 1.015648 8
1.091352 -0.403620 1.040212 8
1.125494 -0.458249 1.060489 8
1.153444 -0.553860 1.115953 8
1.171866 -0.720492 1.231667 7
1.224292 -0.682205 1.169246 7
1.257350 -0.775704 1.219726 7
-0.982537 1.501566 0.874725 0
-0.943176 1.477819 0.870633 0
-0.946581 1.427393 0.913662 0
-0.920694 1.394892 0.924639 0
-0.931518 1.337705 0.977510 0
-0.953739 1.271173 1.044725 0
-0.936403 1.230622 1.067226 0
-0.943907 1.171489 1.119582 0
-0.945191 1.115454 1.165674 0
-0.910984 1.085311 1.169552 0
-0.937036 1.007714 1.247824 0
-0.930081 0.954338 1.286717 0
-0.919870 0.902500 1.322377 0
-0.948040 0.816756 1.408375 0
-0.943188 0.757104 1.453470 0
-0.932850 0.700935 1.492420 0
-0.940707 0.626628 1.556870 0
-0.941362 0.556928 1.613237 0
-0.950567 0.476878 1.683027 0
-0.729813 0.004983 1.926358 6
-0.664986 -0.001241 1.891782 6
-0.590417 0.006986 1.839704 6
-0.525435 0.004543 1.801931 6
-0.469209 -0.008425 1.777843 6
-0.391566 0.010580 1.715178 6
-0.352735 -0.025039 1.719660 6
-0.284392 -0.015852 1.670410 6
-0.206834 0.010234 1.602045 6
-0.142553 0.018185 1.556188 6
-0.093022 0.003741 1.537123 6
-0.040142 -0.004055 1.510687 6
0.005824 -0.022880 1.497209 6
0.114311 0.073747 1.353681 2
0.178829 0.095034 1.296913 3
0.201353 0.037107 1.328749 2
0.266543 0.063461 1.267482 2
0.304912 0.037121 1.264451 6
0.361787 0.050825 1.218261 6
0.397586 0.019856 1.220407 6
0.462309 0.055777 1.151723 6
0.512098 0.060028 1.117292 6
0.575241 0.099872 1.046428 6
0.603348 0.053188 1.065615 6
0.655451 0.069608 1.020036 6
0.638645 -0.105548 1.168455 6
0.708233 -0.039309 1.072619 8
0.753301 -0.040758 1.045410 8
0.779574 -0.100836 1.076104 8
0.819667 -0.118124 1.064408 6
0.893678 -0.015546 0.937064 6
0.903897 -0.136788 1.025849 6
0.945230 -0.147492 1.008085 6
0.983101 -0.171449 1.002884 6
1.018671 -0.205927 1.007366 6
1.040682 -0.304533 1.070754 8
1.078579 -0.335560 1.070973 8
1.118388 -0.358235 1.063383 8
1.150811 -0.422543 1.093119 8
1.184809 -0.484231 1.119755 8
1.214437 -0.580906 1.176576 8
1.234493 -0.757767 1.302340 7
1.284545 -0.734807 1.252224 7
1.329765 -0.744072 1.230420 7
1.375822 -0.743577 1.200389 7
-0.992648 1.511496 0.942934 0
-0.937160 1.496955 0.921061 0
-0.914910 1.462513 0.935971 0
-0.928146 1.404936 0.991717 0
-0.928024 1.354677 1.033200 0
-0.926916 1.303983 1.074409 0
-0.908488 1.264335 1.095845 0
-0.944712 1.184747 1.183746 0
-0.918852 1.148524 1.197733 0
-0.922474 1.089555 1.248548 0
-0.932501 1.024044 1.308658 0
-0.933032 0.964318 1.358132 0
-0.932391 0.904040 1.407306 0
-0.926383 0.846789 1.450654 0
-0.948024 0.764000 1.531992 0
-0.932278 0.712049 1.564912 0
-0.941936 0.635611 1.633574 0
-0.933634 0.573836 1.679081 0
-0.736395 -0.001669 2.026816 6
-0.667046 -0.003359 1.984942 6
-0.603232 -0.010501 1.950923 6
-0.525591 0.002719 1.891658 6
-0.474055 -0.017939 1.876234 6
-0.396039 0.000304 1.812575 6
-0.187401 0.215707 1.506846 3
-0.121011 0.228178 1.455091 3
-0.074902 0.211140 1.439985 3
-0.021773 0.206186 1.410631 3
0.014643 0.174588 1.413362 3
0.069439 0.174518 1.378934 3
0.109315 0.149498 1.374089 3
0.179532 0.180558 1.304654 2
0.221203 0.160964 1.294219 3
0.271312 0.158383 1.264651 3
0.322412 0.159356 1.231548 3
0.358487 0.130396 1.232134 3
0.425567 0.168853 1.158538 3
0.428593 0.066733 1.239150 6
0.483206 0.079938 1.193806 6
0.529644 0.075985 1.167485 6
0.566313 0.048749 1.166145 6
0.616167 0.055868 1.128649 6
0.663903 0.059581 1.095221 6
0.700905 0.034750 1.091635 6
0.752310 0.052558 1.044436 6
0.799903 0.061960 1.006419 6
0.847330 0.073577 0.966694 6
0.877113 0.027978 0.984346 6
0.927232 0.052657 0.932312 6
0.934803 -0.078381 1.032978 6
1.004111 0.023544 0.906351 6
1.029743 -0.043955 0.944188 6
1.039820 -0.186127 1.052114 6
1.082473 -0.190226 1.027899 6
1.124410 -0.196027 1.005484 6
1.138840 -0.347158 1.117716 8
1.181893 -0.353436 1.094901 8
1.216975 -0.407041 1.115272 8
1.245529 -0.510091 1.179599 8
1.270610 -0.653492 1.278585 8
1.302968 -0.763020 1.345582 7
1.356393 -0.706129 1.265087 7
1.402106 -0.707548 1.236440 7
1.442069 -0.768679 1.259489 7
-0.950816 1.504378 0.994499 0
-0.952981 1.454146 1.038224 0
-0.926221 1.421300 1.049087 0
-0.926286 1.370688 1.091766 0
-0.913376 1.327739 1.119804 0
-0.923314 1.268193 1.176170 0
-0.928294 1.210588 1.227757 0
-0.941276 1.145606 1.290564 0
-0.923739 1.101884 1.316240 0
-0.936380 1.033992 1.381226 0
-0.931216 0.978361 1.424657 0
-0.939817 0.910098 1.487353 0
-0.939207 0.847646 1.539330 0
-0.936119 0.785708 1.589283 0
-0.954426 0.703028 1.670119 0
-0.806834 0.003161 2.160927 6
-0.725286 0.013825 2.100067 6
-0.652248 0.016207 2.051501 6
-0.607200 -0.016300 2.049810 6
-0.526043 0.000455 1.984038 6
-0.463339 -0.005696 1.949082 6
-0.228379 0.238654 1.595649 3
-0.174801 0.229719 1.568788 3
-0.093445 0.264638 1.487672 3
-0.039466 0.260180 1.456782 3
0.012367 0.253676 1.428941 3
0.062713 0.245987 1.403010 3
0.116578 0.245639 1.368705 3
0.172399 0.250501 1.328794 2
0.211114 0.225682 1.324473 2
0.251574 0.204242 1.316201 3
0.320797 0.240065 1.241924 3
0.354556 0.207364 1.247252 3
0.380657 0.157779 1.271479 3
0.432741 0.163520 1.233098 3
0.485019 0.171888 1.192393 3
0.493800 0.079606 1.263079 2
0.534379 0.060186 1.252885 6
0.567873 0.022930 1.262005 6
0.618146 0.029156 1.224272 6
0.679203 0.067691 1.152807 6
0.717688 0.046146 1.145630 6
0.758575 0.031843 1.130882 6
0.799568 0.018495 1.115253 6
0.850186 0.037669 1.066473 6
0.894427 0.038599 1.036889 6
0.937564 0.037620 1.009577 6
0.983036 0.047547 0.971715 6
0.987221 -0.106348 1.096001 6
1.031006 -0.106371 1.067405 6
1.063671 -0.154502 1.085752 6
1.130635 -0.041033 0.948306 6
1.153700 -0.135618 1.011213 6
1.189401 -0.171520 1.017411 6
1.201833 -0.347739 1.154569 8
1.242412 -0.369567 1.145911 8
1.277465 -0.430359 1.172985 8
1.313591 -0.491017 1.199217 8
1.329277 -0.731126 1.386807 7
1.382459 -0.672769 1.303650 7
1.429283 -0.661689 1.263623 7
1.472623 -0.684016 1.253401 7
1.511605 -0.768382 1.297157 7
-1.004928 1.488006 1.116339 0
-0.914340 1.493721 1.052958 0
-0.931457 1.433341 1.115860 0
-0.919055 1.390509 1.144616 0
-0.937841 1.326045 1.212067 0
-0.937228 1.273078 1.257100 0
-0.930537 1.223215 1.295525 0
-0.936130 1.163334 1.350463 0
-0.934832 1.107055 1.397840 0
-0.923507 1.057181 1.433221 0
-0.963407 0.965521 1.537527 0
-0.927414 0.932687 1.542310 0
-0.933980 0.864036 1.605294 0
-0.945341 0.789227 1.676633 0
-0.813410 -0.002086 2.266052 6
-0.733722 0.004935 2.208121 6
-0.686220 -0.026909 2.204250 6
-0.588194 0.008294 2.110322 6
-0.515524 0.013103 2.058787 6
-0.471739 -0.020338 2.058635 6
-0.222057 0.244088 1.670596 3
-0.151169 0.260122 1.610617 3
-0.088700 0.266026 1.564735 3
-0.039920 0.252386 1.544401 3
0.027410 0.270011 1.485340 3
0.079786 0.265289 1.455039 3
0.172340 0.332097 1.337642 2
0.209627 0.305490 1.335778 2
0.255302 0.294421 1.315203 2
0.278955 0.241892 1.344250 2
0.317667 0.217443 1.339566 3
0.359564 0.199588 1.327176 3
0.422748 0.227726 1.261766 3
0.464991 0.213282 1.246221 3
0.522795 0.235314 1.189493 3
0.569991 0.235474 1.158272 2
0.596112 0.185085 1.183759 2
0.623419 0.135476 1.207785 2
0.617300 -0.006346 1.331963 6
0.675381 0.021693 1.269873 6
0.717192 0.006525 1.255103 6
0.768106 0.019816 1.210200 6
0.807091 -0.001845 1.202759 6
0.864778 0.039207 1.129841 6
0.907054 0.032124 1.107847 6
0.951329 0.033799 1.077100 6
0.996059 0.039559 1.042578 6
1.042837 0.056599 0.997137 6
1.051898 -0.086982 1.112584 6
1.093059 -0.097078 1.093793 6
1.132243 -0.115802 1.083593 6
1.169528 -0.144600 1.083158 6
1.228211 -0.053608 0.967177 6
1.247775 -0.184750 1.065038 6
1.262889 -0.364432 1.206885 8
1.301678 -0.402431 1.213158 8
1.341146 -0.438991 1.217743 8
1.376485 -0.515861 1.259137 8
1.404539 -0.678463 1.377842 7
1.449190 -0.695005 1.361989 7
1.496274 -0.679935 1.317773 7
1.544443 -0.636825 1.249113 7
-1.007853 1.502850 1.181038 0
-0.929364 1.500354 1.131190 0
-0.913575 1.460230 1.155824 0
-0.923992 1.402623 1.213121 0
-0.938670 1.340626 1.277072 0
-0.932908 1.290875 1.316745 0
-0.953773 1.221285 1.391416 0
-0.925693 1.185101 1.404399 0
-0.928721 1.125446 1.458527 0
-0.952442 1.048303 1.541661 0
-0.934385 1.001690 1.570374 0
-0.938208 0.936495 1.629836 0
-0.921038 0.887067 1.661573 0
-0.744535 -0.006872 2.323173 6
-0.652111 0.017500 2.240312 6
-0.555655 0.050799 2.146975 6
-0.518185 0.007750 2.159426 6
-0.310978 0.202673 1.851516 3
-0.234147 0.222774 1.782726 3
-0.187877 0.200379 1.771295 3
-0.029927 0.350534 1.535185 2
0.018107 0.337371 1.514524 2
0.060781 0.316334 1.504281 2
0.187830 0.438682 1.312968 2
0.217620 0.400620 1.326118 2
0.254564 0.374635 1.323975 2
0.284560 0.335579 1.337828 2
0.308066 0.282962 1.367799 2
0.348090 0.261482 1.359647 2
0.389541 0.243190 1.347760 2
0.420678 0.203131 1.361677 3
0.503587 0.277512 1.241503 3
0.561494 0.301423 1.181905 2
0.590513 0.259375 1.198938 2
0.624633 0.228520 1.202821 2
0.654944 0.187001 1.218508 2
0.672798 0.109948 1.273386 2
0.682881 0.006039 1.356780 6
0.718775 -0.028686 1.362787 6
0.776051 0.001738 1.297885 6
0.823484 0.005177 1.263002 6
0.870433 0.009409 1.227746 6
0.920548 0.027554 1.178281 6
0.969195 0.044266 1.131036 6
1.015510 0.055746 1.089887 6
1.065502 0.086304 1.029708 6
1.102765 0.065954 1.022241 6
1.106613 -0.113595 1.175329 6
1.155150 -0.088019 1.120418 6
1.184179 -0.162242 1.165182 6
1.228010 -0.158345 1.132221 6
1.285050 -0.067271 1.014757 6
1.313458 -0.154220 1.070941 6
1.329013 -0.351282 1.231246 8
1.369231 -0.380578 1.229453 8
1.402990 -0.472396 1.286209 8
1.444922 -0.497865 1.279918 8
1.471740 -0.706350 1.442463 7
1.518772 -0.696850 1.402390 7
1.567091 -0.655091 1.333475 7
1.612857 -0.637676 1.287377 7
1.649293 -0.854965 1.450990 7
-0.973109 1.490072 1.246135 0
-0.939302 1.460015 1.249912 0
-0.924659 1.417796 1.277574 0
-0.954729 1.345412 1.362565 0
-0.938782 1.301945 1.390444 0
-0.948328 1.239965 1.452179 0
-0.926857 1.198638 1.474382 0
-0.927309 1.140535 1.526461 0
-0.936774 1.074067 1.592128 0
-0.933317 1.015825 1.641660 0
-0.740161 0.000320 2.414146 6
-0.671728 -0.007129 2.374091 6
-0.602677 -0.012037 2.331350 6
-0.319569 0.277011 1.880980 2
-0.301666 0.212980 1.925736 3
-0.246012 0.201640 1.897846 3
-0.025556 0.438147 1.536967 2
0.029527 0.436314 1.501000 2
0.155891 0.549754 1.313823 2
0.200207 0.537311 1.294636 2
0.216423 0.477936 1.336379 2
0.241346 0.431552 1.360617 2
0.271506 0.393232 1.374103 2
0.324253 0.396462 1.335205 2
0.350121 0.349340 1.359445 2
0.375918 0.300442 1.385307 2
0.418052 0.283892 1.371239 2
0.448722 0.243055 1.386597 3
0.562088 0.387062 1.181076 2
0.588427 0.340621 1.204369 2
0.620713 0.306706 1.212457 2
0.650219 0.264787 1.229558 2
0.681921 0.226983 1.241497 2
0.720188 0.205855 1.234116 2
0.750634 0.162309 1.252011 2
0.742140 -0.000205 1.402294 6
0.791074 0.004557 1.364592 6
0.838726 0.007693 1.329208 6
0.889155 0.022941 1.281155 6
0.940724 0.046151 1.225240 6
0.988670 0.060203 1.179940 6
1.038653 0.086410 1.122440 6
1.073512 0.052907 1.128360 6
1.116711 0.055747 1.096264 6
1.158364 0.053876 1.069412 6
1.168284 -0.111384 1.209500 6
1.213696 -0.099465 1.167810 6
1.250827 -0.132864 1.172064 6
1.310470 -0.021091 1.031875 6
1.341055 -0.093844 1.075581 6
1.356733 -0.295296 1.243873 8
1.393889 -0.349380 1.266478 8
1.431466 -0.408295 1.293086 8
1.470600 -0.461262 1.313335 8
1.497364 -0.685213 1.494009 7
1.543929 -0.682772 1.459918 7
1.591499 -0.652617 1.400504 7
1.636305 -0.662004 1.378122 7
1.676977 -0.804206 1.476597 7
-0.972307 1.507246 1.308794 0
-0.920761 1.487686 1.290528 0
-0.927968 1.431569 1.346545 0
-0.950979 1.363634 1.424350 0
-0.936973 1.318537 1.455536 0
-0.913309 1.279423 1.474540 0
-0.922206 1.216618 1.537830 0
-0.945214 1.141621 1.622065 0
-0.930391 1.092878 1.656009 0
-0.751650 -0.012227 2.536250 6
-0.657395 0.011883 2.448548 6
-0.331149 0.346939 1.916048 2
-0.338623 0.249334 2.010084 2
-0.312402 0.195008 2.041235 3
-0.026015 0.517171 1.548285 2
0.025359 0.509629 1.519321 2
0.160690 0.633301 1.312384 2
0.183868 0.587595 1.337826 2
0.230209 0.578779 1.313543 2
0.254149 0.532838 1.338676 2
0.295503 0.516189 1.325007 2
0.316657 0.463221 1.358486 2
0.351803 0.434693 1.359966 2
0.374680 0.381858 1.392130 2
0.417261 0.366915 1.376067 2
0.412059 0.252115 1.484225 3
0.563398 0.472311 1.178289 2
0.576066 0.396862 1.238171 2
0.621975 0.395582 1.207363 2
0.656317 0.367620 1.208912 2
0.676425 0.302765 1.253977 2
0.712094 0.275691 1.253801 2
0.746306 0.244093 1.258764 3
0.784340 0.222694 1.251779 3
0.815725 0.181042 1.267874 3
0.796770 -0.023212 1.467115 6
0.857775 0.022072 1.383417 6
0.897859 0.000596 1.375090 6
0.951540 0.029564 1.311357 6
0.996111 0.028393 1.281420 6
1.034629 0.004319 1.276562 6
1.091486 0.060539 1.185805 6
1.133368 0.056283 1.160559 6
1.178674 0.071170 1.115496 6
1.224345 0.092832 1.064012 6
1.234998 -0.082181 1.216058 6
1.276474 -0.090017 1.194371 6
1.311542 -0.139787 1.215347 6
1.368672 -0.030683 1.076244 6
1.400450 -0.104606 1.121520 6
1.421902 -0.287301 1.273080 8
1.460277 -0.336673 1.291410 8
1.496412 -0.422504 1.344520 8
1.529704 -0.572079 1.457691 8
1.568874 -0.676679 1.525803 7
1.614795 -0.682430 1.499165 7
1.661031 -0.671497 1.457109 7
1.703971 -0.774298 1.520977 7
-1.003030 1.506035 1.412437 0
-0.928875 1.499139 1.365596 0
-0.941785 1.439047 1.430505 0
-0.935924 1.389439 1.472246 0
-0.945610 1.328398 1.535744 0
-0.938315 1.277360 1.577805 0
-0.945835 1.214720 1.641253 0
-0.927639 1.169151 1.670453 0
-0.250888 0.613524 1.702405 2
-0.324405 0.440216 1.916124 2
-0.360045 0.308117 2.064482 2
-0.064881 0.621598 1.562180 2
-0.003014 0.628156 1.511960 2
0.045467 0.617442 1.487375 2
0.172445 0.725684 1.296089 2
0.201130 0.690318 1.308589 2
0.235880 0.663990 1.308361 2
0.254296 0.610519 1.345060 2
0.274284 0.557786 1.379964 2
0.323734 0.555325 1.347067 2
0.352711 0.516883 1.362279 2
0.377236 0.468979 1.389486 2
0.422703 0.460582 1.364988 2
0.354328 0.220937 1.637004 3
0.555475 0.536021 1.200300 2
0.592088 0.515321 1.193597 2
0.614050 0.461236 1.228442 2
0.655780 0.451593 1.207815 2
0.685118 0.412266 1.223681 2
0.709418 0.358426 1.256671 2
0.739323 0.316872 1.274234 2
0.768695 0.272016 1.295267 2
0.803335 0.240509 1.300120 2
0.845944 0.232615 1.277302 3
0.879079 0.195339 1.288627 2
0.867939 0.005638 1.473581 6
0.922808 0.034605 1.407710 6
0.968992 0.036284 1.373469 6
1.014637 0.038389 1.339224 6
1.062132 0.051048 1.293829 6
1.109249 0.066128 1.246451 6
1.144373 0.028060 1.257185 6
1.198959 0.087612 1.163026 6
1.234596 0.053877 1.169373 6
1.250533 -0.100381 1.302194 6
1.296831 -0.080700 1.251154 6
1.337690 -0.092643 1.233496 6
1.372518 -0.150688 1.263164 6
1.427097 -0.045808 1.126738 6
1.449417 -0.226527 1.279831 8
1.483590 -0.321051 1.344069 8
1.521243 -0.395562 1.387173 8
1.559234 -0.486867 1.445742 8
1.598217 -0.593988 1.518399 8
1.639951 -0.687216 1.576155 7
1.685068 -0.725902 1.580590 7
1.731482 -0.717684 1.540309 7
-0.940044 1.509141 1.446225 0
-0.925352 1.465859 1.476258 0
-0.935213 1.406132 1.539921 0
-0.949657 1.341698 1.611424 0
-0.931221 1.297831 1.639311 0
-0.265000 0.674890 1.741507 2
-0.328875 0.517920 1.937473 2
-0.364598 0.389138 2.086088 2
-0.048357 0.720471 1.539981 2
-0.000224 0.708446 1.516323 2
0.048502 0.698259 1.490500 2
0.179035 0.808354 1.290519 2
0.196166 0.756808 1.327151 2
0.232377 0.733163 1.323322 2
0.271349 0.714055 1.313177 2
0.292434 0.665614 1.344027 2
0.331178 0.645880 1.334681 2
0.355784 0.601326 1.359299 2
0.390638 0.574209 1.359860 2
0.429641 0.554804 1.350067 2
0.312178 0.225897 1.749200 3
0.561796 0.628277 1.184085 2
0.593595 0.598814 1.189171 2
0.623653 0.564913 1.199774 2
0.647552 0.515846 1.229338 2
0.674586 0.472063 1.251606 2
0.698626 0.418933 1.284985 2
0.738645 0.404790 1.269577 2
0.774276 0.379348 1.268155 2
0.805938 0.342212 1.280795 2
0.838474 0.306170 1.291778 2
0.868081 0.259478 1.315074 2
0.909882 0.250273 1.293749 3
0.949868 0.235984 1.278612 3
0.981117 0.190455 1.299668 3
0.980532 0.019209 1.463922 6
1.032346 0.044124 1.402824 6
1.077903 0.047538 1.366817 6
1.128176 0.075829 1.303634 6
1.165616 0.047255 1.304108 6
1.215578 0.083750 1.233333 6
1.255443 0.071065 1.216895 6
1.294899 0.056730 1.202348 6
1.337469 0.064073 1.164834 6
1.362519 -0.053920 1.259885 6
1.402110 -0.073986 1.250785 6
1.439785 -0.112390 1.260634 6
1.486145 -0.065887 1.182985 6
1.502810 -0.357336 1.450210 8
1.548693 -0.332753 1.393933 8
1.584659 -0.460874 1.491002 8
1.625165 -0.549920 1.547431 8
1.663725 -0.749106 1.710760 7
1.711460 -0.727784 1.656371 7
1.758357 -0.697967 1.594463 7
-0.963834 1.512042 1.545440 0
-0.918972 1.486570 1.536027 0
-0.903963 1.442590 1.567031 0
-0.948716 1.358633 1.681733 0
-0.301698 0.709960 1.823280 2
-0.327297 0.602231 1.947175 2
-0.377249 0.459326 2.123514 2
-0.039740 0.806815 1.533305 2
0.005580 0.791440 1.514448 2
0.057128 0.785368 1.481912 2
0.185266 0.888851 1.285584 2
0.206830 0.845419 1.311847 2
0.233505 0.808465 1.328015 2
0.267081 0.781456 1.329375 2
0.289301 0.736002 1.357197 2
0.323718 0.709443 1.357543 2
0.353943 0.675514 1.368222 2
0.395954 0.661970 1.350278 2
0.423492 0.622397 1.368513 2
0.255960 0.207108 1.898372 3
0.559967 0.701829 1.189820 2
0.588894 0.667502 1.201976 2
0.616251 0.628850 1.219545 2
0.650187 0.603572 1.219199 2
0.678332 0.564544 1.236602 2
0.708788 0.529662 1.248271 2
0.736667 0.487125 1.269355 2
0.768770 0.453867 1.278270 2
0.797487 0.410185 1.299909 2
0.836230 0.393343 1.287913 2
0.860289 0.332456 1.329879 2
0.892692 0.294074 1.343693 2
0.929611 0.268958 1.341221 2
0.960686 0.222769 1.363714 3
0.990917 0.170546 1.392765 3
1.039081 0.185176 1.343170 3
1.050202 0.049293 1.468289 6
1.095912 0.052267 1.431972 6
1.145461 0.076589 1.371940 6
1.184952 0.056024 1.363307 6
1.229390 0.062325 1.324736 6
1.269782 0.048729 1.308661 6
1.311577 0.044990 1.281920 6
1.353021 0.041472 1.255243 6
1.393033 0.029702 1.237733 6
1.433869 0.026303 1.211433 6
1.459104 -0.126237 1.342886 6
1.504313 -0.094547 1.279020 6
1.544860 -0.107554 1.262443 6
1.569814 -0.362937 1.495155 8
1.614316 -0.355019 1.455225 8
1.653675 -0.463016 1.532862 8
1.694828 -0.588105 1.626018 8
1.738414 -0.727777 1.731770 7
1.785339 -0.726719 1.696947 7
-1.006744 1.504252 1.673082 0
-0.931780 1.495790 1.623190 0
-0.906320 1.457769 1.640772 0
-0.319504 0.768254 1.869721 2
-0.335200 0.674346 1.975075 2
-0.366313 0.557852 2.114724 2
-0.030240 0.892580 1.524725 2
0.024157 0.889333 1.486392 2
0.052570 0.853216 1.500666 2
0.171949 0.941007 1.322132 2
0.202458 0.910713 1.329072 2
0.241539 0.892606 1.317363 2
0.268698 0.856961 1.332255 2
0.288576 0.809199 1.364810 2
0.335789 0.804017 1.334117 2
0.351198 0.746995 1.379379 2
0.400137 0.745728 1.343531 2
0.430930 0.713552 1.352364 2
0.221687 0.234000 1.990329 3
0.555978 0.769826 1.201456 2
0.584078 0.734866 1.215209 2
0.618702 0.712500 1.211460 2
0.646440 0.675199 1.227893 2
0.677402 0.643906 1.235908 2
0.702989 0.599198 1.261447 2
0.734358 0.566665 1.270465 2
0.776099 0.559653 1.246131 2
0.800633 0.507999 1.279522 2
0.826451 0.457085 1.311240 2
0.857972 0.419989 1.324851 2
0.897768 0.406695 1.308411 2
0.930154 0.370241 1.320797 2
0.945114 0.272848 1.407430 2
0.980543 0.240345 1.413643 3
1.029062 0.256109 1.361640 3
1.047916 0.156910 1.447285 3
1.097937 0.180922 1.385945 3
1.114540 0.058404 1.496772 6
1.155881 0.042112 1.482468 6
1.200634 0.044217 1.447169 6
1.243475 0.038909 1.420777 6
1.283876 0.020926 1.408976 6
1.325240 0.009504 1.389898 6
1.368746 0.015236 1.352014 6
1.407254 -0.014777 1.353819 6
1.449950 -0.009411 1.316971 6
1.493621 0.012292 1.262997 6
1.532301 -0.014234 1.261270 6
1.566717 -0.105487 1.327861 6
1.596098 -0.318103 1.520350 8
1.639036 -0.338147 1.509080 8
1.682844 -0.333889 1.472746 8
1.722955 -0.490344 1.600952 8
1.765698 -0.753893 1.835096 7
1.813297 -0.763118 1.809684 7
-0.319088 0.846930 1.881789 2
-0.339711 0.749931 1.996499 2
-0.068829 0.988706 1.541435 2
-0.012523 0.986542 1.499530 2
0.027952 0.966361 1.488392 2
0.070562 0.949379 1.472368 2
0.174952 1.014950 1.324029 2
0.206929 0.987457 1.327101 2
0.237811 0.958262 1.332804 2
0.269247 0.929599 1.337573 2
0.299205 0.898438 1.346081 2
0.328533 0.865840 1.356588 2
0.371964 0.855537 1.333399 2
0.395939 0.813572 1.357717 2
0.431132 0.789821 1.354749 2
0.462442 0.759078 1.361984 2
0.551311 0.835491 1.215035 2
0.578833 0.800366 1.229765 2
0.619487 0.790739 1.208272 2
0.640840 0.741623 1.242179 2
0.676321 0.721127 1.235894 2
0.701566 0.677478 1.261276 2
0.733621 0.648085 1.266834 2
0.777305 0.646742 1.234708 2
0.794116 0.577796 1.292655 2
0.824476 0.541021 1.307214 2
0.860336 0.518303 1.303160 2
0.893197 0.486504 1.310775 2
0.918208 0.429104 1.350747 2
0.946001 0.376944 1.383250 2
0.968470 0.302913 1.442352 2
1.007012 0.281531 1.435089 2
1.039442 0.236370 1.456989 3
1.084351 0.239409 1.419834 3
1.115365 0.184599 1.452832 3
1.126623 0.032469 1.601081 6
1.169900 0.021799 1.579415 6
1.213712 0.015471 1.552916 6
1.255568 -0.000116 1.537479 6
1.298277 -0.009618 1.515172 6
1.341729 -0.012106 1.485117 6
1.382115 -0.034938 1.478389 6
1.428177 -0.009844 1.418014 6
1.465330 -0.060573 1.442574 6
1.509901 -0.038084 1.386090 6
1.552747 -0.024673 1.340304 6
1.593128 -0.038002 1.323992 6
1.621822 -0.281803 1.554276 8
1.664909 -0.297453 1.538437 8
1.706849 -0.357875 1.569706 8
1.749387 -0.457958 1.641516 8
1.794009 -0.536438 1.689533 8
1.841429 -0.722345 1.846418 7
2.078660 -0.799597 1.751775 4
2.116579 -0.700128 1.621381 4
-0.333588 0.908918 1.922258 2
-0.361412 0.806140 2.051322 2
-0.025872 1.108634 1.467469 2
-0.018318 1.050830 1.521493 2
0.020325 1.028418 1.513821 2
0.056585 1.003372 1.510850 2
0.189803 1.102873 1.300612 2
0.219505 1.073545 1.307446 2
0.238422 1.029148 1.338656 2
0.271360 1.003295 1.339377 2
0.298953 0.969542 1.352653 2
0.340140 0.955777 1.334276 2
0.375567 0.933726 1.329187 2
0.400432 0.894654 1.350337 2
0.442499 0.883470 1.328704 2
0.525053 0.943944 1.200008 2
0.558920 0.922461 1.195749 2
0.584094 0.884697 1.215472 2
0.623040 0.872629 1.197422 2
0.649748 0.836499 1.214313 2
0.670658 0.786958 1.249895 2
0.702727 0.759661 1.253388 2
0.732080 0.725661 1.266103 2
0.764208 0.697209 1.270856 2
0.798040 0.672375 1.270518 2
0.826006 0.631881 1.291292 2
0.853456 0.588131 1.315944 2
0.889809 0.567667 1.309181 2
0.924088 0.540981 1.310635 2
0.935047 0.439830 1.408747 2
0.969564 0.408541 1.414967 2
1.000713 0.364180 1.437634 2
1.030612 0.312353 1.469194 2
1.063076 0.266802 1.492200 2
1.097881 0.227838 1.506498 3
1.137960 0.209997 1.494481 3
1.181670 0.209900 1.460983 3
1.172670 -0.060054 1.753100 6
1.219173 -0.060090 1.717500 6
1.269892 -0.030998 1.647942 6
1.312654 -0.045637 1.630748 6
1.359170 -0.031859 1.580699 6
1.405046 -0.016005 1.528997 6
1.445711 -0.039353 1.522772 6
1.492387 -0.001516 1.447318 6
1.533576 -0.012368 1.427582 6
1.573168 -0.043993 1.431085 6
1.615682 -0.030726 1.384932 6
1.654930 -0.075188 1.402382 6
1.689644 -0.291620 1.605278 8
1.733034 -0.308216 1.590229 8
1.776084 -0.389119 1.643543 8
1.820965 -0.500768 1.728080 8
1.869974 -0.704055 1.906565 7
2.075595 -0.987841 2.053766 4
2.089246 -0.541228 1.571134 4
2.136025 -0.577616 1.575011 4
2.185231 -0.632388 1.596597 4
2.233555 -0.670976 1.601774 4
-0.333592 0.985947 1.935273 2
-0.350100 0.897919 2.042255 2
-0.054827 1.146082 1.535523 2
-0.000036 1.141820 1.494959 2
0.048676 1.132028 1.465331 2
0.072991 1.094079 1.485754 2
0.187934 1.167872 1.312914 2
0.212014 1.131837 1.331605 2
0.242216 1.103184 1.337470 2
0.287109 1.094437 1.310139 2
0.309540 1.054931 1.334049 2
0.340590 1.027032 1.338582 2
0.367070 0.991940 1.354583 2
0.407938 0.978724 1.335533 2
0.423605 0.925185 1.380180 2
0.527270 1.018285 1.196398 2
0.562546 1.000131 1.187334 2
0.591443 0.970682 1.195601 2
0.621405 0.942677 1.201512 2
0.647310 0.906220 1.219826 2
0.670886 0.863820 1.246456 2
0.692582 0.815715 1.280788 2
0.731611 0.803826 1.262293 2
0.762032 0.772861 1.271289 2
0.790440 0.736178 1.288110 2
0.818344 0.696811 1.308282 2
0.855034 0.678939 1.298325 2
0.893445 0.666115 1.281607 2
0.922459 0.626754 1.301055 2
0.936426 0.539477 1.384234 2
0.966914 0.498202 1.404692 2
0.998716 0.459078 1.421845 2
1.026065 0.401795 1.462202 2
1.057028 0.353794 1.489730 2
1.085057 0.290415 1.536263 2
1.122897 0.263587 1.535597 2
1.157324 0.220061 1.555742 3
1.201013 0.218877 1.522854 3
1.236164 0.174967 1.542969 2
1.245532 -0.022472 1.749571 6
1.290342 -0.028373 1.721105 6
1.333307 -0.044356 1.705063 6
1.381690 -0.017981 1.638969 6
1.424610 -0.027803 1.616411 6
1.468255 -0.028293 1.583237 6
1.511703 -0.025678 1.546910 6
1.554726 -0.021566 1.509348 6
1.597482 -0.012741 1.466941 6
1.639640 -0.002516 1.423536 6
1.679206 -0.044905 1.439258 6
1.715463 -0.258176 1.642974 8
1.758610 -0.297670 1.652948 8
1.802401 -0.364044 1.691661 8
1.847818 -0.455367 1.756276 8
1.895390 -0.557076 1.830595 8
1.944182 -0.635887 1.879213 8
2.079338 -0.601335 1.739950 4
2.110355 -0.443451 1.545438 4
2.155000 -0.464020 1.534329 4
2.203297 -0.515914 1.554525 4
-0.169835 1.285212 1.568145 2
-0.351148 1.044858 1.981992 2
-0.079244 1.252529 1.526827 2
-0.051466 1.218946 1.539777 2
0.002550 1.213516 1.500078 2
0.047682 1.199584 1.477175 2
0.093203 1.186986 1.452560 2
0.185267 1.231185 1.327038 2
0.216758 1.205019 1.329121 2
0.259936 1.193776 1.305191 2
0.281307 1.154553 1.330126 2
0.314367 1.130363 1.328927 2
0.339523 1.094973 1.346634 2
0.374570 1.073352 1.341093 2
0.409946 1.052422 1.334585 2
0.440626 1.024301 1.339923 2
0.530806 1.093243 1.189492 2
0.566740 1.076990 1.177576 2
0.585353 1.030676 1.213068 2
0.605096 0.984553 1.247479 2
0.630789 0.947858 1.266675 2
0.673513 0.943681 1.236122 2
0.699160 0.905793 1.256793 2
0.730060 0.877808 1.262303 2
0.764335 0.856812 1.257404 2
0.790690 0.817349 1.279418 2
0.826389 0.799019 1.270539 2
0.856926 0.767755 1.280213 2
0.877683 0.709327 1.327925 2
0.909561 0.678370 1.336297 2
0.934401 0.625610 1.374555 2
0.969621 0.601637 1.372622 2
0.986695 0.517917 1.451559 2
1.020470 0.484697 1.461164 2
1.046767 0.422572 1.508882 2
1.081713 0.388861 1.518224 2
1.112979 0.338143 1.549444 2
1.149718 0.307414 1.554180 2
1.176042 0.225706 1.623872 3
1.233417 0.293011 1.503485 2
1.258416 0.195690 1.591703 2
1.267440 -0.011514 1.814710 6
1.313097 -0.013371 1.780655 6
1.356304 -0.029313 1.764260 6
1.399933 -0.041062 1.742947 6
1.445617 -0.032199 1.697177 6
1.489577 -0.033440 1.664068 6
1.533015 -0.035457 1.632303 6
1.577617 -0.014338 1.573971 6
1.619996 -0.014969 1.541636 6
1.661576 -0.024553 1.519953 6
1.703571 -0.013774 1.475367 6
1.741589 -0.208686 1.662770 8
1.784500 -0.312199 1.744774 8
1.828680 -0.315227 1.714079 8
1.874384 -0.401758 1.775187 8
1.921271 -0.471247 1.816503 8
1.968180 -0.512707 1.826699 8
2.017114 -0.577488 1.861367 8
2.067194 -0.641342 1.894208 4
2.087627 -0.335877 1.538944 4
2.133522 -0.377448 1.550340 4
2.180003 -0.418131 1.560380 4
2.225094 -0.441603 1.552411 4
-0.311715 1.222761 1.848413 2
-0.336570 1.134822 1.967283 2
-0.058342 1.341002 1.497342 2
-0.043673 1.295309 1.535264 2
0.028111 1.308351 1.458619 2
0.054482 1.274863 1.473012 2
0.106020 1.269145 1.434864 2
0.188115 1.300264 1.329435 2
0.225699 1.281942 1.317495 2
0.263317 1.264137 1.305020 2
0.298301 1.243447 1.298096 2
0.313054 1.196187 1.338274 2
0.353469 1.182566 1.318938 2
0.387332 1.160393 1.314843 2
0.423142 1.141226 1.305792 2
0.450840 1.110011 1.317229 2
0.523783 1.149862 1.210510 2
0.547521 1.113628 1.231086 2
0.592991 1.113396 1.192846 2
0.615781 1.074718 1.217111 2
0.633948 1.026222 1.256401 2
0.673363 1.016249 1.234447 2
0.708492 0.998713 1.224697 2
0.729206 0.951612 1.260479 2
0.761465 0.927273 1.260955 2
0.784636 0.882160 1.292574 2
0.814490 0.850649 1.303306 2
0.845848 0.821878 1.309755 2
0.877458 0.793014 1.316172 2
0.909648 0.764917 1.321309 2
0.926067 0.691211 1.391270 2
0.957102 0.655670 1.405946 2
0.981556 0.597755 1.451507 2
1.015570 0.567445 1.457941 2
1.042740 0.511859 1.498775 2
1.078545 0.484213 1.500863 2
1.108361 0.431793 1.536083 2
1.139341 0.379929 1.569798 2
1.176577 0.351927 1.571354 2
1.194690 0.229291 1.696206 3
1.253277 0.303595 1.564159 2
1.283810 0.233392 1.619420 3
1.278098 -0.073011 1.973025 6
1.331848 -0.027891 1.878371 6
1.377921 -0.027013 1.840383 6
1.421874 -0.039325 1.819213 6
1.469263 -0.016291 1.755086 6
1.513144 -0.019737 1.724035 6
1.556829 -0.020431 1.690082 6
1.600273 -0.017550 1.652329 6
1.642566 -0.027385 1.630071 6
1.685853 -0.003208 1.568313 6
1.727580 -0.002016 1.534086 6
1.768023 -0.100583 1.614759 6
1.810833 -0.247507 1.748827 8
1.855562 -0.310824 1.786091 8
1.901136 -0.362034 1.808970 8
1.946141 -0.378769 1.793049 8
1.992967 -0.427952 1.812815 8
2.042391 -0.503124 1.860301 8
2.076197 -0.363447 1.674908 4
2.113474 -0.302447 1.576645 4
2.155535 -0.304842 1.547072 4
2.203177 -0.357598 1.570712 4
2.245013 -0.357364 1.538481 4
-0.313301 1.293807 1.864822 2
-0.350731 1.196698 2.007949 2
-0.043927 1.421151 1.480464 2
-0.009340 1.396366 1.477736 2
0.037059 1.383715 1.450829 2
0.068271 1.356162 1.454404 2
0.171820 1.406808 1.305065 2
0.202633 1.381358 1.306763 2
0.218496 1.338599 1.341465 2
0.266905 1.333576 1.304505 2
0.286901 1.294758 1.331224 2
0.322476 1.274917 1.322639 2
0.345463 1.238704 1.343910 2
0.392934 1.235299 1.306239 2
0.419947 1.204262 1.318213 2
0.450018 1.177210 1.323023 2
0.534655 1.233420 1.184735 2
0.553836 1.191660 1.216082 2
0.588907 1.174609 1.205279 2
0.614687 1.142059 1.220453 2
0.641762 1.110986 1.232879 2
0.670839 1.082882 1.240229 2
0.692328 1.039655 1.271654 2
0.732736 1.032561 1.245141 2
0.760372 1.000000 1.259113 2
0.790488 0.971861 1.265920 2
0.807553 0.913367 1.319110 2
0.843701 0.896879 1.307429 2
0.873970 0.866156 1.317336 2
0.902820 0.830752 1.333959 2
0.929809 0.788756 1.359892 2
0.951846 0.730253 1.409269 2
0.979149 0.683676 1.440422 2
1.018413 0.672528 1.420388 2
1.037482 0.593978 1.495824 2
1.071162 0.560878 1.506190 2
1.105012 0.526793 1.517645 2
1.135676 0.477864 1.549141 2
1.165791 0.422480 1.588704 2
1.167885 0.230917 1.810435 3
1.248762 0.409314 1.535384 2
1.278255 0.340467 1.591431 2
1.309475 0.272897 1.644650 2
1.305959 -0.030799 2.002282 6
1.354037 -0.022616 1.953365 6
1.399291 -0.030550 1.925688 6
1.446094 -0.021302 1.876761 6
1.490403 -0.029713 1.850602 6
1.534921 -0.032018 1.817228 6
1.579435 -0.027859 1.776394 6
1.623675 -0.017633 1.728777 6
1.666333 -0.028035 1.706656 6
1.709723 -0.005042 1.644974 6
1.751909 0.006550 1.597684 6
1.793297 -0.094538 1.682957 6
1.837147 -0.214533 1.788484 8
1.881700 -0.255571 1.801168 8
1.927444 -0.310850 1.829667 8
1.974572 -0.373474 1.865763 8
2.017132 -0.344917 1.798892 8
2.066639 -0.422538 1.850855 8
2.093091 -0.220268 1.593636 4
2.134634 -0.221512 1.562700 4
2.177723 -0.239045 1.549697 4
2.222049 -0.265554 1.546318 4
-0.325827 1.354996 1.902220 2
-0.342330 1.278757 2.005326 2
-0.045178 1.485355 1.494415 2
-0.002262 1.468560 1.474601 2
0.043778 1.455546 1.447645 2
0.085743 1.439394 1.428135 2
0.194932 1.494075 1.265252 2
0.206991 1.449563 1.306078 2
0.220582 1.405408 1.345186 2
0.270726 1.402142 1.303608 2
0.286059 1.358794 1.340372 2
0.324237 1.342398 1.325111 2
0.341852 1.300235 1.358605 2
0.383823 1.289130 1.333912 2
0.433557 1.289662 1.288694 2
0.464562 1.265281 1.289581 2
0.538416 1.304195 1.177873 2
0.566944 1.278228 1.183005 2
0.585484 1.236070 1.216179 2
0.616268 1.212615 1.216513 2
0.636537 1.170978 1.247707 2
0.666966 1.145925 1.250411 2
0.684198 1.096065 1.294173 2
0.729946 1.099108 1.250314 2
0.744834 1.041937 1.304964 2
0.773362 1.010386 1.317377 2
0.810300 0.996429 1.301650 2
0.839173 0.964586 1.314280 2
0.875603 0.949900 1.300037 2
0.908975 0.928082 1.297014 2
0.929719 0.872712 1.344940 2
0.957342 0.832882 1.368504 2
0.985123 0.791445 1.393937 2
1.010981 0.741737 1.430973 2
1.030132 0.666783 1.503965 2
1.068483 0.651653 1.489220 2
1.101100 0.616105 1.503845 2
1.126867 0.551764 1.558792 2
1.162420 0.522150 1.564017 2
1.139898 0.231392 1.930800 3
1.240590 0.492282 1.533655 2
1.267739 0.416266 1.601775 2
1.301094 0.365377 1.634692 2
1.331484 0.290088 1.699412 2
1.363356 0.213327 1.764756 3
1.375566 -0.025806 2.041165 6
1.421654 -0.030575 2.008599 6
1.467863 -0.029932 1.969554 6
1.513882 -0.024963 1.925584 6
1.559946 -0.010331 1.870095 6
1.604145 -0.011383 1.835059 6
1.647388 -0.023044 1.813640 6
1.692204 0.017942 1.727870 6
1.734026 -0.015029 1.733387 6
1.776618 0.006356 1.673154 6
1.819052 -0.086937 1.750765 6
1.863770 -0.192284 1.841100 8
1.908481 -0.227405 1.847278 8
1.953470 -0.257646 1.847484 8
1.997899 -0.271900 1.829064 8
2.043788 -0.306765 1.834313 8
2.077346 -0.188928 1.666313 4
2.116702 -0.165159 1.606637 4
2.158698 -0.174037 1.584122 4
2.199694 -0.175451 1.553547 4
2.246825 -0.224907 1.575837 4
-0.330340 1.422988 1.924694 2
-0.081970 1.572990 1.513756 2
-0.042114 1.552826 1.500044 2
-0.002468 1.533009 1.486218 2
0.037481 1.514014 1.471236 2
0.080702 1.498769 1.448842 2
0.196663 1.557395 1.270843 2
0.197700 1.502510 1.335144 2
0.242310 1.492407 1.305634 2
0.270362 1.464932 1.312325 2
0.297448 1.436158 1.321558 2
0.327049 1.410095 1.325318 2
0.356234 1.383409 1.330301 2
0.392329 1.365406 1.318598 2
0.417587 1.333461 1.333698 2
0.472821 1.342192 1.272487 2
0.536063 1.364773 1.187370 2
0.556930 1.328006 1.212574 2
0.583929 1.299572 1.222228 2
0.619104 1.283723 1.209340 2
0.636825 1.239387 1.246820 2
0.673675 1.226284 1.229277 2
0.696240 1.188226 1.254959 2
0.722367 1.155466 1.271099 2
0.745556 1.116025 1.298082 2
0.779519 1.096941 1.290768 2
0.825126 1.102774 1.242836 2
0.839294 1.041265 1.305000 2
0.872669 1.020556 1.300472 2
0.892454 0.966786 1.348399 2
0.930002 0.955073 1.329392 2
0.952165 0.903008 1.373325 2
0.977120 0.855486 1.409342 2
1.003162 0.808231 1.444175 2
1.031469 0.765047 1.472141 2
1.064912 0.736223 1.478145 2
1.092379 0.685261 1.516565 2
1.119374 0.628552 1.562536 2
1.152135 0.589950 1.581414 2
1.189628 0.568945 1.574726 2
1.235742 0.587394 1.512306 2
1.264138 0.523823 1.565890 2
1.291180 0.445326 1.639063 2
1.323891 0.389232 1.679976 2
1.352556 0.299584 1.765671 2
1.386717 0.233935 1.817305 2
1.395701 -0.044964 2.152554 6
1.445808 -0.019390 2.078755 6
1.492575 -0.014907 2.033834 6
1.537816 -0.020767 2.003038 6
1.583136 -0.019898 1.964016 6
1.627605 -0.024864 1.933004 6
1.672851 -0.000455 1.865310 6
1.716116 -0.009189 1.840170 6
1.759146 -0.018922 1.816569 6
1.801927 0.003802 1.753336 6
1.845086 -0.065436 1.803105 6
1.890533 -0.165189 1.888674 8
1.935522 -0.201005 1.896038 8
1.979689 -0.212084 1.873743 8
2.026875 -0.269504 1.906145 8
2.071459 -0.280901 1.884142 4
2.096564 -0.083108 1.620613 4
2.139452 -0.104660 1.612700 4
2.183454 -0.133848 1.613397 4
2.224097 -0.134041 1.581239 4
-0.336242 1.489619 1.950122 2
-0.048832 1.664113 1.461535 2
-0.033558 1.624135 1.494958 2
0.014564 1.611892 1.463269 2
0.054203 1.593076 1.447818 2
0.079588 1.561538 1.461608 2
0.189845 1.611674 1.294862 2
0.200148 1.567235 1.339006 2
0.252767 1.565262 1.291067 2
0.282879 1.540807 1.292134 2
0.292559 1.493676 1.340464 2
0.334334 1.481855 1.315196 2
0.364391 1.456992 1.317123 2
0.395891 1.433867 1.315655 2
0.431538 1.416124 1.303764 2
0.450451 1.376605 1.334527 2
0.543622 1.438215 1.171033 2
0.557612 1.393032 1.213605 2
0.583870 1.364307 1.224474 2
0.619407 1.349392 1.209710 2
0.635883 1.304497 1.249901 2
0.661759 1.273429 1.264327 2
0.697991 1.259579 1.247899 2
0.725133 1.229966 1.259549 2
0.745035 1.186036 1.295772 2
0.784522 1.178610 1.268665 2
0.807954 1.139501 1.295846 2
0.837729 1.112341 1.302432 2
0.873842 1.098794 1.286351 2
0.902770 1.069069 1.297115 2
0.930206 1.034761 1.315064 2
0.949654 0.978405 1.367923 2
0.978023 0.942532 1.387193 2
1.000523 0.888179 1.434999 2
1.022766 0.829241 1.488891 2
1.056839 0.803611 1.490519 2
1.080995 0.743737 1.544090 2
1.113104 0.707456 1.561062 2
1.149634 0.685978 1.555622 2
1.186870 0.667155 1.546329 2
1.128731 0.228653 2.149199 3
1.251889 0.584915 1.592519 2
1.281085 0.521262 1.647058 2
1.315600 0.479388 1.669627 2
1.342564 0.386808 1.762787 2
1.378190 0.337410 1.794106 2
1.409801 0.250671 1.876105 2
1.420570 -0.031091 2.222197 6
1.468211 -0.029393 2.179070 6
1.515724 -0.021838 2.128797 6
1.561572 -0.026263 2.095203 6
1.607802 -0.017088 2.044247 6
1.654315 0.015937 1.963069 6
1.696922 -0.031252 1.986612 6
1.741700 0.000699 1.908515 6
1.784926 -0.029524 1.910367 6
1.827937 -0.002643 1.840413 6
1.871864 -0.063337 1.880412 6
1.917918 -0.149205 1.950557 8
1.961497 -0.148712 1.913837 8
2.007417 -0.191858 1.930409 8
2.050851 -0.192773 1.895846 8
2.077032 -0.003589 1.635634 4
2.119939 -0.029890 1.633793 4
2.164204 -0.065147 1.642267 4
2.206348 -0.079213 1.625856 4
2.249144 -0.097671 1.614579 4
-0.203348 1.712928 1.644893 2
-0.328508 1.566357 1.949698 2
-0.054432 1.722305 1.484813 2
-0.025021 1.694301 1.490041 2
0.019687 1.679058 1.464448 2
0.057933 1.659097 1.451213 2
0.084641 1.629302 1.461686 2
0.193404 1.675488 1.297004 2
0.212341 1.640484 1.321841 2
0.247532 1.620973 1.311521 2
0.280764 1.599847 1.305249 2
0.299528 1.563521 1.332239 2
0.353975 1.565886 1.276079 2
0.372484 1.528945 1.304310 2
0.401126 1.503118 1.308848 2
0.422910 1.468689 1.330965 2
0.458442 1.451073 1.318723 2
0.541604 1.497203 1.180256 2
0.559889 1.459143 1.210658 2
0.590997 1.438236 1.207166 2
0.618504 1.412080 1.213877 2
0.635403 1.369195 1.252035 2
0.671558 1.355600 1.234778 2
0.697086 1.324897 1.249470 2
0.737905 1.320088 1.216836 2
0.746568 1.258285 1.287296 2
0.782424 1.244488 1.271020 2
0.802587 1.200321 1.308373 2
0.839282 1.188223 1.289361 2
0.859816 1.142024 1.329182 2
0.894459 1.125332 1.318188 2
0.917812 1.082252 1.351610 2
0.938561 1.030428 1.398770 2
0.971220 1.006531 1.399194 2
0.991683 0.948660 1.454606 2
1.030014 0.938574 1.432296 2
1.052552 0.881122 1.485496 2
1.089314 0.865493 1.471988 2
1.113286 0.806196 1.526484 2
1.146691 0.776451 1.534453 2
1.172841 0.716818 1.587646 2
1.095161 0.214193 2.306159 3
1.249490 0.689328 1.554019 2
1.280701 0.642066 1.587051 2
1.305325 0.554808 1.677767 2
1.337163 0.496706 1.724493 2
1.369063 0.431036 1.781077 2
1.402609 0.366672 1.834641 2
1.430617 0.246817 1.965023 2
1.444186 -0.032292 2.314348 6
1.491148 -0.041802 2.285531 6
1.538808 -0.038618 2.239814 6
1.586665 -0.022175 2.176902 6
1.633115 -0.013054 2.124841 6
1.677958 -0.025996 2.102896 6
1.723221 -0.014018 2.048445 6
1.767682 0.001225 1.990593 6
1.811413 -0.016380 1.976070 6
1.854381 0.008304 1.907540 6
1.900517 -0.099813 2.008536 8
1.943819 -0.091438 1.961135 8
1.989223 -0.129653 1.972463 8
2.033835 -0.148485 1.959488 8
2.074092 -0.114860 1.882357 4
2.101984 0.032364 1.668562 4
2.144483 0.010359 1.661867 4
2.187338 -0.012657 1.656319 4
2.229527 -0.028831 1.642599 4
-0.313976 1.701081 1.868564 2
-0.088936 1.808722 1.502519 2
-0.044615 1.791895 1.478196 2
-0.003616 1.773323 1.459596 2
0.030873 1.750198 1.453514 2
0.067275 1.728961 1.443224 2
0.098197 1.703430 1.444068 2
0.179089 1.722522 1.337718 2
0.218544 1.706650 1.317897 2
0.245766 1.679769 1.324580 2
0.285107 1.664784 1.303986 2
0.299094 1.624457 1.341407 2
0.347460 1.619627 1.298999 2
0.384462 1.603698 1.282327 2
0.404471 1.568904 1.306980 2
0.439725 1.551416 1.294296 2
0.468422 1.526315 1.298059 2
0.544731 1.562042 1.176231 2
0.571537 1.536490 1.182691 2
0.584689 1.491835 1.227460 2
0.622021 1.480102 1.205879 2
0.633818 1.431125 1.257815 2
0.665000 1.410034 1.254653 2
0.692443 1.382981 1.263016 2
0.728772 1.370422 1.243962 2
0.745460 1.324224 1.287975 2
0.776801 1.302650 1.285762 2
0.801562 1.268506 1.306455 2
0.830943 1.242395 1.312305 2
0.862119 1.219552 1.312271 2
0.896433 1.203357 1.300634 2
0.924186 1.172590 1.314511 2
0.945840 1.126163 1.354888 2
0.969785 1.082831 1.389142 2
0.999176 1.051500 1.402571 2
1.025759 1.011096 1.430723 2
1.045817 0.949111 1.493587 2
1.075983 0.913794 1.511917 2
1.103831 0.868912 1.545169 2
1.142436 0.858784 1.522614 2
1.168850 0.804043 1.570489 2
1.206063 0.787836 1.557523 2
1.241940 0.766314 1.552956 2
1.275328 0.732767 1.566734 2
1.299159 0.648287 1.656891 2
1.326672 0.572197 1.732698 2
1.354841 0.488827 1.817699 2
1.392520 0.455530 1.827780 2
1.422176 0.358563 1.929766 2
1.453039 0.251235 2.044567 2
1.469156 -0.026676 2.399322 6
1.517271 -0.027277 2.357208 6
1.566585 -0.003118 2.281284 6
1.613695 0.005286 2.228417 6
1.659238 -0.004019 2.200633 6
1.704498 -0.013852 2.173959 6
1.749812 -0.003300 2.120288 6
1.794328 0.001591 2.074997 6
1.838367 -0.003759 2.043893 6
1.881938 -0.003409 2.005768 6
1.926915 -0.048488 2.026991 8
1.972054 -0.082025 2.032881 8
2.016236 -0.094342 2.011535 8
2.059686 -0.098583 1.980229 8
2.084588 0.091319 1.706804 4
2.125570 0.081509 1.685284 4
2.169138 0.049443 1.691296 4
2.211146 0.032851 1.678209 4
-0.326861 1.760560 1.908123 2
-0.085878 1.872658 1.509915 2
-0.043242 1.854382 1.488351 2
0.002770 1.839332 1.459226 2
0.040825 1.819128 1.445238 2
0.075856 1.797045 1.436985 2
0.101327 1.767444 1.448598 2
0.197911 1.798377 1.307598 2
0.246828 1.791327 1.265752 2
0.259285 1.752131 1.303793 2
0.290357 1.729599 1.300913 2
0.318944 1.704783 1.303721 2
0.338910 1.671120 1.327141 2
0.380294 1.659525 1.299684 2
0.406229 1.631857 1.309352 2
0.436304 1.608646 1.309037 2
0.498861 1.624038 1.224745 2
0.530336 1.604103 1.218934 2
0.556504 1.577599 1.227339 2
0.578681 1.545484 1.247353 2
0.611444 1.527234 1.238382 2
0.633490 1.493916 1.260376 2
0.679696 1.495796 1.211345 2
0.696498 1.453891 1.250296 2
0.736512 1.447894 1.218230 2
0.743760 1.387894 1.291140 2
0.783666 1.382050 1.259230 2
0.811118 1.354677 1.268642 2
0.832990 1.316022 1.298831 2
0.859348 1.284736 1.314828 2
0.891282 1.264175 1.311059 2
0.915234 1.226054 1.338869 2
0.939119 1.186030 1.369437 2
0.965289 1.149551 1.393131 2
0.994166 1.118290 1.407286 2
1.021591 1.081922 1.429878 2
1.043685 1.028590 1.480681 2
1.078969 1.011004 1.470572 2
1.106398 0.968680 1.501623 2
1.137066 0.934463 1.518732 2
1.167160 0.896242 1.541956 2
1.198978 0.862056 1.558209 2
1.241375 0.869480 1.508097 2
1.268577 0.813237 1.558945 2
1.298220 0.762565 1.600069 2
1.319507 0.662308 1.716596 2
1.352304 0.612709 1.753604 2
1.379794 0.523019 1.850274 2
1.413108 0.458383 1.907582 2
1.443978 0.362710 2.009591 2
1.473842 0.236019 2.154964 2
1.492733 -0.041989 2.516863 6
1.544025 -0.010457 2.427251 6
1.591841 -0.008614 2.381471 6
1.638597 -0.015169 2.348283 6
1.685203 -0.015156 2.306440 6
1.731398 -0.008362 2.255884 6
1.776808 -0.012243 2.220769 6
1.821668 0.002570 2.160795 6
1.865826 0.008379 2.113902 6
1.911416 -0.042767 2.143657 8
1.956078 -0.056126 2.122819 8
2.000169 -0.061645 2.091948 8
2.041998 -0.041305 2.027927 8
2.075809 0.057384 1.864125 4
2.110820 0.115527 1.754745 4
2.150190 0.120133 1.714784 4
2.192405 0.099244 1.707301 4
2.233972 0.084403 1.692281 4
-0.181575 1.966979 1.584793 2
-0.328477 1.827559 1.926696 2
-0.352389 1.759892 2.041124 2
-0.028728 1.925293 1.472849 2
0.005360 1.901809 1.466711 2
0.052277 1.888019 1.434077 2
0.087965 1.866727 1.423609 2
0.129052 1.850109 1.401291 2
0.201888 1.860197 1.309593 2
0.234512 1.838896 1.302861 2
0.258639 1.810414 1.314919 2
0.293190 1.791192 1.303634 2
0.302727 1.748696 1.350241 2
0.349677 1.741640 1.309765 2
0.397583 1.736894 1.265321 2
0.413921 1.700197 1.297348 2
0.442170 1.675605 1.300644 2
0.508481 1.694389 1.205508 2
0.530980 1.664507 1.222266 2
0.555619 1.636704 1.234102 2
0.581008 1.609452 1.244542 2
0.615241 1.593586 1.230445 2
0.648210 1.576490 1.219469 2
0.661866 1.532003 1.265944 2
0.687511 1.503614 1.278211 2
0.711871 1.472676 1.295420 2
0.746254 1.457257 1.281239 2
0.768602 1.421961 1.306753 2
0.799221 1.400079 1.305557 2
0.834568 1.386881 1.287759 2
0.861127 1.357409 1.301398 2
0.886390 1.324499 1.321221 2
0.913028 1.293323 1.337405 2
0.940017 1.261877 1.353750 2
0.966270 1.227595 1.374892 2
0.991774 1.190010 1.401490 2
1.011183 1.134790 1.458716 2
1.035635 1.089441 1.497404 2
1.068963 1.066807 1.495956 2
1.103360 1.047129 1.489498 2
1.128028 0.995874 1.536615 2
1.163063 0.976346 1.529620 2
1.195824 0.948414 1.536686 2
1.043128 0.185141 2.748201 3
1.253820 0.856457 1.608851 2
1.288484 0.829981 1.612500 2
1.310580 0.739363 1.717885 2
1.342723 0.690278 1.755825 2
1.374898 0.635309 1.802117 2
1.404325 0.554064 1.887908 2
1.435457 0.470399 1.975641 2
1.463483 0.342738 2.128019 2
1.475168 0.021151 2.567302 6
1.521521 -0.007990 2.565015 6
1.570656 -0.001495 2.510433 6
1.618059 -0.011288 2.480458 6
1.665267 -0.018354 2.447034 6
1.712540 -0.008840 2.390507 6
1.758951 -0.001643 2.338202 6
1.804685 -0.016632 2.317792 6
1.849743 0.002808 2.249926 6
1.895242 -0.025166 2.248296 6
1.941465 -0.062289 2.259022 8
1.984782 -0.040608 2.190126 8
2.029264 -0.049201 2.162794 8
2.073494 -0.057088 2.134876 4
2.094936 0.161487 1.810034 4
2.134059 0.168770 1.765702 4
2.176618 0.144529 1.762663 4
2.222529 0.098377 1.787543 4
-0.159233 1.996301 1.618034 2
-0.348732 1.831820 2.049926 2
-0.379696 1.758925 2.182070 2
-0.048048 1.926146 1.587432 2
0.009755 1.918077 1.533850 2
0.058549 1.905046 1.497134 2
0.101629 1.888840 1.471209 2
0.151165 1.878515 1.430327 2
0.238825 1.900371 1.303795 2
0.269258 1.877700 1.301081 2
0.289056 1.845910 1.322649 2
0.317858 1.821761 1.324040 2
0.349010 1.799873 1.319914 2
0.376378 1.774487 1.324865 2
0.416442 1.761921 1.298511 2
0.456041 1.749757 1.272255 2
0.516933 1.761828 1.189619 2
0.548053 1.742757 1.182375 2
0.569743 1.712803 1.200517 2
0.575515 1.662671 1.263922 2
0.615635 1.654251 1.232649 2
0.636627 1.621514 1.255839 2
0.674644 1.611480 1.229352 2
0.694625 1.576437 1.257126 2
0.723152 1.553107 1.259596 2
0.743944 1.517525 1.287558 2
0.769283 1.488146 1.302169 2
0.798469 1.464619 1.304661 2
0.826688 1.439170 1.311017 2
0.859747 1.422321 1.300346 2
0.879538 1.380015 1.339560 2
0.910687 1.358807 1.337326 2
0.948328 1.351420 1.308976 2
0.953755 1.272988 1.414608 2
0.984725 1.248848 1.417168 2
1.004807 1.197234 1.470028 2
1.039827 1.181341 1.457044 2
1.066274 1.142174 1.486039 2
1.101698 1.127077 1.471822 2
1.128650 1.086164 1.503108 2
1.155226 1.041257 1.540629 2
1.184733 1.003289 1.565468 2
1.219656 0.983198 1.559518 2
1.254227 0.961540 1.556319 2
1.279333 0.897905 1.622727 2
1.304101 0.825090 1.702785 2
1.340102 0.800779 1.702472 2
1.367655 0.727304 1.781089 2
1.400069 0.672778 1.827960 2
1.430477 0.595769 1.909227 2
1.456974 0.472475 2.060928 2
1.451164 0.023868 2.711293 6
1.502165 0.035397 2.646159 6
1.548476 0.000225 2.652848 6
1.598877 0.023380 2.571981 6
1.644756 -0.020666 2.592263 6
1.692281 -0.036127 2.570077 6
1.740519 -0.003210 2.477814 6
1.787116 -0.009350 2.443491 6
1.833174 -0.000674 2.388544 6
1.878923 -0.009518 2.359299 6
2.015926 -0.053179 2.297640 8
2.060236 -0.052547 2.256866 8
2.080185 0.197211 1.879857 4
2.120075 0.199411 1.841163 4
2.159923 0.198495 1.807165 4
2.202559 0.174717 1.803730 4
2.243872 0.161749 1.786113 4
-0.121243 2.034913 1.621028 2
-0.396311 1.820147 2.231569 2
-0.374182 1.779803 2.261363 2
-0.020730 1.958635 1.609836 2
0.030052 1.945638 1.569538 2
0.083841 1.935994 1.521342 2
0.138727 1.928582 1.468977 2
0.172226 1.906147 1.461972 2
0.243929 1.914765 1.368546 2
0.317861 1.927955 1.266382 2
0.331977 1.892191 1.300416 2
0.373898 1.880626 1.269351 2
0.388536 1.844486 1.303635 2
0.407464 1.811578 1.328715 2
0.453404 1.805305 1.286168 2
0.514799 1.816669 1.201609 2
0.544480 1.796119 1.197692 2
0.572140 1.773443 1.199185 2
0.584424 1.732587 1.243691 2
0.616239 1.714239 1.234739 2
0.645178 1.692539 1.233889 2
0.675884 1.673223 1.227847 2
0.689593 1.630566 1.273971 2
0.723313 1.615042 1.259512 2
0.747363 1.585489 1.275874 2
0.767740 1.549470 1.305678 2
0.807829 1.544469 1.269638 2
0.821372 1.495472 1.325846 2
0.858903 1.486853 1.298095 2
0.882623 1.453511 1.321065 2
0.910451 1.427018 1.329885 2
0.939849 1.403174 1.333351 2
0.963925 1.367487 1.359820 2
0.986115 1.325924 1.396992 2
1.016261 1.301106 1.401566 2
1.037793 1.254060 1.447746 2
1.066657 1.223467 1.462416 2
1.092843 1.184074 1.492898 2
1.124691 1.159209 1.496428 2
1.151469 1.117571 1.529920 2
1.180360 1.080147 1.555232 2
1.210470 1.044626 1.576677 2
1.246378 1.029243 1.562814 2
1.271783 0.970454 1.623569 2
1.304770 0.939430 1.636004 2
1.331020 0.873024 1.707464 2
1.361322 0.819416 1.756198 2
1.394183 0.773851 1.790711 2
1.418403 0.664960 1.927352 2
1.445480 0.554780 2.063261 2
1.478135 0.466384 2.161734 2
1.476201 0.014685 2.830645 6
1.526217 0.009045 2.790397 6
1.575864 0.005518 2.747615 6
1.626731 0.034955 2.655172 6
1.673429 -0.003569 2.667404 6
1.721924 0.010893 2.599819 6
1.769238 0.007131 2.560521 6
1.816092 0.003975 2.520985 6
1.862300 0.009847 2.468926 6
2.068657 -0.327683 2.776585 4
2.075292 0.126805 2.099133 4
2.107674 0.215618 1.938507 4
2.148190 0.212825 1.905955 4
2.191573 0.186298 1.906042 4
2.230517 0.192527 1.861980 4
-0.163162 2.073140 1.718417 2
-0.095968 2.065967 1.648562 2
-0.376254 1.850662 2.282295 2
-0.358787 1.807322 2.322439 2
0.010825 1.993894 1.623286 2
0.045797 1.970189 1.615519 2
0.117983 1.973230 1.526323 2
0.154121 1.952143 1.513842 2
0.239583 1.969362 1.389307 2
0.266737 1.943545 1.394421 2
0.302339 1.924704 1.379890 2
0.369171 1.933303 1.289911 2
0.383477 1.897473 1.324818 2
0.431745 1.892365 1.276386 2
0.461171 1.870513 1.274014 2
0.530159 1.888653 1.168462 2
0.554557 1.863399 1.177119 2
0.569696 1.827838 1.211499 2
0.592228 1.799591 1.226963 2
0.619156 1.776050 1.230726 2
0.642076 1.747487 1.246536 2
0.678731 1.735946 1.222057 2
0.698702 1.703064 1.247853 2
0.719530 1.670422 1.272497 2
0.747511 1.647183 1.275451 2
0.777095 1.626217 1.273428 2
0.805495 1.603419 1.275593 2
0.822816 1.562234 1.317421 2
0.849290 1.534956 1.328688 2
0.877706 1.510587 1.333667 2
0.913571 1.499929 1.310253 2
0.926238 1.444364 1.379235 2
0.961017 1.431187 1.361099 2
0.989199 1.404355 1.370679 2
1.014046 1.369163 1.396534 2
1.039352 1.333429 1.422878 2
1.061631 1.288185 1.466896 2
1.092580 1.263427 1.471089 2
1.119796 1.227372 1.496399 2
1.149909 1.198073 1.508657 2
1.180652 1.169524 1.519300 2
1.209730 1.133936 1.542476 2
1.243883 1.114817 1.535688 2
1.267931 1.055290 1.600592 2
1.296399 1.008258 1.642223 2
1.323189 0.948480 1.705039 2
1.352706 0.895069 1.755609 2
1.383174 0.840077 1.807794 2
1.416173 0.792983 1.845632 2
1.438176 0.662070 2.021826 2
1.469042 0.571355 2.128343 2
1.451400 0.014981 2.990041 6
1.502612 0.010065 2.946488 6
1.552756 -0.001255 2.913971 6
1.604534 0.020042 2.830565 6
1.653639 0.011968 2.794640 6
1.702563 0.011319 2.747861 6
1.750778 0.003400 2.713057 6
1.798616 0.011466 2.654578 6
1.846169 -0.014054 2.647635 6
2.071987 0.029931 2.367188 4
2.091325 0.269952 1.984953 4
2.133602 0.251405 1.973968 4
2.172519 0.259723 1.925544 4
2.215477 0.235743 1.922587 4
-0.136192 2.105447 1.744403 2
-0.074468 2.094904 1.683980 2
-0.148549 2.005083 1.903198 2
-0.346109 1.833434 2.390704 2
0.032007 2.022367 1.658614 2
0.067728 1.999085 1.648982 2
0.112615 1.982624 1.618559 2
0.193161 1.993127 1.506062 2
0.266620 2.001323 1.405657 2
0.310532 1.988948 1.371021 2
0.336560 1.962910 1.378035 2
0.388432 1.958899 1.321956 2
0.408081 1.927870 1.344290 2
0.465999 1.931733 1.269753 2
0.473668 1.889431 1.323345 2
0.508991 1.873326 1.305525 2
0.562905 1.877222 1.236207 2
0.591201 1.855512 1.235363 2
0.627877 1.843343 1.210612 2
0.649178 1.813919 1.229840 2
0.673197 1.787207 1.242005 2
0.700732 1.764584 1.244112 2
0.725829 1.738642 1.254215 2
0.750241 1.711374 1.267285 2
0.766724 1.672108 1.307793 2
0.801216 1.658510 1.288949 2
0.822572 1.624838 1.315751 2
0.847375 1.595712 1.331897 2
0.880785 1.580719 1.316937 2
0.907419 1.554003 1.327691 2
0.935706 1.529828 1.332883 2
0.953887 1.485128 1.380989 2
0.982436 1.459659 1.388229 2
1.012920 1.437911 1.387788 2
1.031740 1.388885 1.442368 2
1.055429 1.348557 1.478377 2
1.093801 1.343955 1.443399 2
1.123073 1.316170 1.454322 2
1.145679 1.267909 1.504311 2
1.177085 1.243230 1.508488 2
1.208322 1.217260 1.515035 2
1.235368 1.175437 1.550831 2
1.268688 1.154110 1.548328 2
1.290318 1.084267 1.633752 2
1.319061 1.037515 1.675969 2
1.343639 0.965445 1.762128 2
1.373275 0.909971 1.817367 2
1.404822 0.858015 1.865337 2
1.432799 0.774844 1.965837 2
1.458896 0.661070 2.116171 2
1.425834 0.016071 3.155649 6
1.478780 0.016603 3.100688 6
1.530641 0.013724 3.052429 6
1.581610 0.007357 3.010789 6
1.632025 0.000212 2.971195 6
1.682867 0.017992 2.892529 6
1.731828 0.003064 2.867073 6
2.068739 -0.079219 2.667244 4
2.078396 0.291980 2.079018 4
2.121976 0.264846 2.080066 4
2.159741 0.286475 2.010805 4
2.204450 0.251666 2.023204 4
2.241733 0.268838 1.961785 4
-0.103527 2.140846 1.758843 2
-0.044783 2.128555 1.702886 2
-0.115239 2.041945 1.918731 2
-0.326887 1.863896 2.446652 2
0.062129 2.056651 1.674880 2
0.115791 2.045455 1.624520 2
0.148226 2.020947 1.620611 2
0.254317 2.049884 1.445647 2
0.304660 2.041532 1.395779 2
0.326040 2.011916 1.413817 2
0.370031 2.000372 1.376978 2
0.410389 1.986849 1.347785 2
0.447460 1.971325 1.325840 2
0.484838 1.956791 1.302209 2
0.520408 1.941284 1.282451 2
0.546507 1.916979 1.287804 2
-0.037879 1.258251 3.002743 2
0.624746 1.896226 1.224937 2
0.643630 1.864591 1.250792 2
0.678574 1.851021 1.229754 2
0.703251 1.825598 1.239463 2
0.715563 1.784066 1.288999 2
0.743428 1.761531 1.290814 2
0.773164 1.741522 1.286680 2
0.799157 1.716209 1.295395 2
0.817387 1.678749 1.332349 2
0.850471 1.663367 1.317632 2
0.873880 1.632447 1.338689 2
0.903972 1.612192 1.335461 2
0.928415 1.581679 1.355058 2
0.951107 1.546819 1.383692 2
0.979188 1.521328 1.391583 2
1.003874 1.488111 1.415728 2
1.024774 1.445051 1.459917 2
1.059478 1.431923 1.441327 2
1.082650 1.390909 1.480096 2
1.117594 1.378377 1.460683 2
1.141653 1.336304 1.500528 2
1.171991 1.309994 1.508532 2
1.201546 1.280270 1.523031 2
1.226948 1.234975 1.567104 2
1.256251 1.200007 1.590637 2
1.288280 1.173240 1.598308 2
1.307889 1.092407 1.706010 2
1.336716 1.043197 1.753412 2
1.368580 1.003593 1.782396 2
1.401743 0.966960 1.805446 2
1.429096 0.890247 1.899070 2
1.450040 0.754397 2.094431 2
1.481508 0.669544 2.197183 2
1.456274 0.042205 3.229417 6
1.508516 0.034649 3.186959 6
2.072867 0.235905 2.294402 4
2.109962 0.281471 2.185370 4
2.147476 0.309650 2.104050 4
2.189602 0.295555 2.086282 4
2.229935 0.293357 2.051410 4
-0.069609 2.176831 1.770311 2
-0.022265 2.158214 1.736894 2
-0.082769 2.078253 1.935739 2
-0.283587 1.909130 2.450832 2
0.092648 2.091137 1.690003 2
0.134990 2.072509 1.663953 2
0.184053 2.059273 1.621277 2
0.290032 2.087900 1.441911 2
0.320395 2.064933 1.438478 2
0.383977 2.067949 1.352956 2
0.409354 2.042443 1.360187 2
0.440287 2.021522 1.353483 2
0.481751 2.010122 1.318902 2
0.500343 1.978859 1.344242 2
0.511356 1.939729 1.391578 2
-0.034686 1.346258 3.003888 2
0.009183 1.315091 2.998176 2
0.043045 1.273385 3.021780 2
0.678637 1.907529 1.234084 2
0.679844 1.855114 1.315512 2
0.710609 1.836205 1.307664 2
0.754403 1.834206 1.257181 2
0.775387 1.803553 1.280376 2
0.798333 1.774798 1.298349 2
0.822170 1.746659 1.314455 2
0.852962 1.728464 1.306430 2
0.883752 1.710529 1.298187 2
0.909032 1.683669 1.311098 2
0.927211 1.643764 1.353697 2
0.949527 1.609522 1.382437 2
0.978412 1.586552 1.385382 2
1.007786 1.564300 1.386793 2
1.026194 1.518377 1.439659 2
1.056835 1.497186 1.438271 2
1.087570 1.476081 1.436840 2
1.108352 1.429706 1.488291 2
1.137023 1.401176 1.501758 2
1.162989 1.363814 1.532958 2
1.200588 1.359353 1.497306 2
1.222558 1.306281 1.559169 2
1.251947 1.274039 1.578733 2
1.279497 1.232884 1.615193 2
1.304902 1.179431 1.674450 2
1.329265 1.115408 1.752446 2
1.363765 1.091653 1.753236 2
1.393499 1.041758 1.802506 2
1.419692 0.964331 1.901204 2
1.446213 0.874959 2.019443 2
1.471797 0.759780 2.181460 2
2.070031 0.143623 2.577173 4
2.096480 0.311850 2.273412 4
2.138739 0.303874 2.244824 4
2.179791 0.303434 2.205263 4
2.218344 0.317156 2.145072 4
-0.114638 2.216531 1.881158 2
-0.039463 2.210758 1.789380 2
0.008257 2.192331 1.754035 2
-0.038777 2.121055 1.927000 2
-0.267184 1.938205 2.514629 2
0.119827 2.123500 1.712500 2
0.169780 2.109807 1.667781 2
0.283934 2.140774 1.468509 2
0.335855 2.132882 1.412549 2
0.360285 2.106277 1.422444 2
0.382480 2.077816 1.438422 2
0.418537 2.060151 1.419369 2
0.460003 2.047613 1.385327 2
0.479349 2.016825 1.409372 2
0.519399 2.004260 1.377642 2
-0.032065 1.432503 3.007501 2
0.018660 1.408493 2.980899 2
0.607815 1.939930 1.367469 2
0.639749 1.921450 1.356565 2
0.108899 1.272436 3.085776 2
0.167455 1.258300 3.034441 2
0.750541 1.886655 1.272520 2
0.774518 1.860435 1.285147 2
0.795397 1.829653 1.309344 2
0.823730 1.808399 1.308785 2
0.850892 1.785435 1.312710 2
0.876582 1.760041 1.322674 2
0.907002 1.741780 1.315223 2
0.926420 1.705296 1.351677 2
0.945032 1.665803 1.394315 2
0.975004 1.645390 1.391616 2
1.006596 1.628132 1.381914 2
1.026173 1.586562 1.427474 2
1.053424 1.559213 1.440269 2
1.077814 1.524496 1.469029 2
1.113403 1.515100 1.442258 2
1.136379 1.474635 1.482762 2
1.164671 1.445996 1.497353 2
1.191684 1.412433 1.521943 2
1.220965 1.383929 1.535587 2
1.250396 1.354572 1.550715 2
1.275749 1.309085 1.597989 2
1.298944 1.251028 1.669189 2
1.326447 1.204305 1.716528 2
1.351595 1.141804 1.793461 2
1.384529 1.109686 1.810386 2
1.410737 1.037605 1.902803 2
1.438088 0.960198 2.003203 2
1.463199 0.852162 2.158268 2
2.097848 0.197410 2.595155 4
2.132506 0.275485 2.427576 4
2.171462 0.299910 2.346948 4
2.214488 0.288595 2.323115 4
-0.120219 2.188217 2.050364 2
-0.128914 2.136984 2.143406 2
-0.020253 2.149360 1.974462 2
-0.223950 1.983287 2.518373 2
0.134718 2.148367 1.763878 2
0.189320 2.137231 1.707275 2
-0.187956 1.839338 2.700344 2
-0.170343 1.792652 2.751887 2
-0.140666 1.753632 2.774989 2
0.396631 2.100003 1.486583 2
0.428141 2.078437 1.479370 2
0.455335 2.053588 1.483554 2
0.491362 2.036354 1.463656 2
-0.017034 1.528841 2.977047 2
0.010191 1.483211 3.016199 2
0.593223 1.982435 1.417290 2
0.636566 1.975123 1.372201 2
0.658385 1.946174 1.391679 2
0.700955 1.939865 1.346390 2
0.205026 1.306300 3.054315 2
0.243703 1.269973 3.064896 2
0.802383 1.896552 1.286999 2
0.832826 1.878987 1.277269 2
0.857402 1.853561 1.288581 2
0.876857 1.820219 1.320077 2
0.896315 1.785670 1.353834 2
0.921942 1.759683 1.365422 2
0.953685 1.743484 1.352822 2
0.978468 1.715391 1.369510 2
1.001758 1.683701 1.394447 2
1.032026 1.664477 1.389545 2
1.057427 1.635268 1.408048 2
1.080553 1.600025 1.439959 2
1.109117 1.575552 1.446868 2
1.130748 1.533502 1.492793 2
1.166797 1.526181 1.461431 2
1.189429 1.483229 1.508156 2
1.217012 1.451700 1.529369 2
1.245502 1.421276 1.547813 2
1.271948 1.382193 1.583950 2
1.294094 1.324149 1.658355 2
1.321268 1.279547 1.703691 2
1.350004 1.237122 1.743648 2
1.380581 1.198909 1.774366 2
1.405867 1.129058 1.866605 2
1.435865 1.075049 1.926026 2
1.456564 0.951612 2.117514 2
-0.164554 2.232647 2.165308 2
-0.143502 2.196623 2.193663 2
-0.069187 2.188025 2.102111 2
0.080888 2.223190 1.832136 2
0.143831 2.214588 1.757261 2
0.198183 2.202698 1.700173 2
0.251321 2.191526 1.643871 2
-0.182666 1.861209 2.799336 2
-0.132790 1.836198 2.771111 2
-0.114228 1.789520 2.823012 2
-0.090700 1.745437 2.864001 2
-0.083176 1.687894 2.950103 2
-0.053758 1.646220 2.979564 2
-0.026182 1.602323 3.015664 2
0.022743 1.576681 2.991865 2
0.053327 1.534662 3.021347 2
0.618106 2.013535 1.434845 2
0.646341 1.990915 1.435080 2
0.679690 1.973791 1.419212 2
0.718937 1.963763 1.383433 2
0.744555 1.939004 1.391598 2
0.279361 1.316026 3.090558 2
0.324183 1.287506 3.080066 2
0.842001 1.890628 1.345202 2
0.875691 1.877258 1.323822 2
0.900571 1.851722 1.335501 2
0.919679 1.816844 1.371309 2
0.953207 1.803818 1.350252 2
0.981557 1.782779 1.350223 2
1.005357 1.753543 1.370734 2
1.027014 1.719303 1.403054 2
1.052606 1.691300 1.419556 2
1.073791 1.653170 1.459822 2
1.103653 1.632122 1.459065 2
1.131208 1.605511 1.471329 2
1.153893 1.565901 1.513045 2
1.189809 1.558744 1.480736 2
1.213541 1.518785 1.522250 2
1.244723 1.498410 1.519868 2
1.267561 1.450755 1.576703 2
1.289665 1.396064 1.647259 2
1.314810 1.346989 1.704310 2
1.346004 1.317499 1.719215 2
1.373548 1.269638 1.771703 2
1.404698 1.233719 1.798708 2
1.426942 1.145253 1.930910 2
1.454467 1.072405 2.029062 2
1.479212 0.965828 2.191382 2
-0.164500 2.207318 2.337122 2
-0.051683 2.216837 2.155954 2
-0.033282 2.179748 2.191235 2
0.050959 2.179191 2.069344 2
0.121047 2.173194 1.977538 2
0.189738 2.168601 1.885680 2
0.255751 2.164568 1.797039 2
0.320854 2.162160 1.707221 2
0.391915 2.166287 1.597911 2
-0.063281 1.782245 2.911493 2
-0.049368 1.729855 2.982019 2
-0.013191 1.693889 2.992721 2
0.012934 1.649240 3.033162 2
0.038347 1.603002 3.077746 2
0.600997 2.054374 1.494366 2
0.627833 2.029923 1.499484 2
0.668268 2.019190 1.461672 2
0.707541 2.008383 1.425873 2
0.737294 1.988120 1.420303 2
0.766890 1.967880 1.415161 2
0.793187 1.943813 1.421631 2
0.356035 1.329007 3.118700 2
0.406090 1.307923 3.087804 2
0.906519 1.918492 1.311618 2
0.926413 1.886357 1.342281 2
0.950371 1.859327 1.358510 2
0.974792 1.832378 1.374214 2
0.999071 1.804500 1.392038 2
1.026281 1.781072 1.398145 2
1.050006 1.750681 1.421762 2
1.077661 1.726980 1.428279 2
1.107324 1.707083 1.425485 2
1.130045 1.671592 1.460464 2
1.152820 1.634254 1.499000 2
1.190398 1.632084 1.454286 2
1.209392 1.582045 1.521472 2
1.241419 1.565289 1.511152 2
1.259459 1.505597 1.597792 2
1.282815 1.457353 1.656897 2
1.314581 1.434624 1.658686 2
1.339947 1.386272 1.715997 2
1.367767 1.342956 1.761230 2
1.396439 1.298790 1.807251 2
1.418962 1.217428 1.929873 2
1.444909 1.141234 2.039025 2
1.469283 1.040060 2.196622 2
-0.105036 2.161767 2.463286 2
-0.063082 2.134667 2.447052 2
0.036477 2.141570 2.285599 2
0.124310 2.145156 2.147834 2
0.186614 2.135768 2.071243 2
0.250196 2.129178 1.988156 2
0.330496 2.136423 1.856155 2
0.393553 2.134346 1.766494 2
0.459438 2.136777 1.664949 2
0.010948 1.728277 3.052971 2
0.048672 1.693269 3.060282 2
0.584059 2.096431 1.554395 2
0.609513 2.070315 1.564346 2
0.654544 2.062876 1.512438 2
0.692316 2.049637 1.481809 2
0.722131 2.028929 1.476485 2
0.757864 2.014971 1.450642 2
0.792662 2.000751 1.426886 2
0.834407 1.995738 1.376644 2
0.857569 1.968690 1.393486 2
0.879651 1.939641 1.415804 2
0.482923 1.322484 3.112779 2
0.954822 1.924795 1.337798 2
0.979507 1.899485 1.350342 2
0.998531 1.864422 1.389127 2
1.016164 1.825379 1.437508 2
1.052783 1.818642 1.399767 2
1.074661 1.785230 1.432339 2
1.102885 1.763076 1.435447 2
1.133078 1.744848 1.428786 2
1.154201 1.706167 1.473070 2
1.180618 1.677815 1.491072 2
1.204865 1.642674 1.525044 2
1.237106 1.627328 1.511298 2
1.264104 1.597055 1.532976 2
1.279609 1.528632 1.642259 2
1.304894 1.485759 1.690613 2
1.330741 1.440947 1.742203 2
1.360415 1.406952 1.768589 2
1.386455 1.353982 1.836026 2
1.417417 1.317943 1.865245 2
1.442281 1.244889 1.973032 2
1.465333 1.147238 2.130316 2
0.002226 2.141112 2.477957 2
0.096383 2.146167 2.323290 2
0.173243 2.144027 2.208631 2
0.260052 2.151242 2.062097 2
0.324480 2.146572 1.971810 2
0.373831 2.133270 1.920643 2
0.444431 2.137471 1.805390 2
0.500738 2.133282 1.727574 2
0.557512 2.131562 1.644812 2
0.600180 2.119770 1.602263 2
0.644855 2.111025 1.551338 2
0.668236 2.083340 1.567854 2
0.717664 2.081400 1.497730 2
0.730145 2.042658 1.551738 2
0.770445 2.033045 1.510132 2
0.809407 2.023176 1.471271 2
0.841141 2.005771 1.457550 2
0.866103 1.980197 1.469488 2
0.913442 1.984142 1.393071 2
0.515043 1.364542 3.150235 2
0.539725 1.308093 3.222355 2
0.589562 1.288074 3.189064 2
1.021182 1.894693 1.408874 2
1.054197 1.882300 1.385715 2
1.078185 1.854297 1.405674 2
1.095604 1.812664 1.461464 2
1.124685 1.792259 1.460151 2
1.151658 1.767197 1.471080 2
1.174796 1.732590 1.506130 2
1.207156 1.718623 1.488635 2
1.233101 1.688549 1.511577 2
1.257701 1.653111 1.547098 2
1.278200 1.602830 1.617444 2
1.299119 1.548987 1.694478 2
1.325581 1.508871 1.737512 2
1.355431 1.478013 1.758192 2
1.383044 1.435538 1.804928 2
1.410676 1.388354 1.861194 2
1.434738 1.316639 1.970651 2
1.459573 1.236571 2.095849 2
0.036453 2.129681 2.592187 2
0.135763 2.138345 2.417854 2
0.198417 2.127356 2.338805 2
0.324595 2.161602 2.074821 2
0.397919 2.164438 1.953705 2
0.459669 2.161634 1.861797 2
0.521162 2.160996 1.766533 2
0.565897 2.149028 1.719333 2
0.616832 2.143725 1.650088 2
0.678318 2.149892 1.542836 2
0.713498 2.133991 1.518951 2
0.738846 2.109002 1.528024 2
0.773515 2.093566 1.504641 2
0.815216 2.086576 1.454444 2
0.843213 2.065319 1.453141 2
0.874283 2.047847 1.440101 2
0.894075 2.016454 1.471591 2
0.522725 1.460876 3.118433 2
0.977595 2.012281 1.354562 2
1.004879 1.991782 1.354320 2
1.024069 1.958615 1.391378 2
0.679257 1.324357 3.155189 2
0.723657 1.298269 3.141789 2
1.104284 1.891299 1.407209 2
1.118795 1.844383 1.479588 2
1.147948 1.824396 1.477360 2
1.178541 1.807526 1.467130 2
1.207896 1.788082 1.464127 2
1.231921 1.755273 1.495813 2
1.257581 1.724869 1.520656 2
1.270384 1.655841 1.641613 2
1.298297 1.625757 1.663265 2
1.322799 1.582461 1.716634 2
1.347650 1.536213 1.775803 2
1.377666 1.505409 1.796959 2
1.403112 1.452320 1.869809 2
1.430662 1.402028 1.934462 2
1.451662 1.309027 2.094932 2
1.479509 1.238522 2.200899 2
0.030819 2.146595 2.723963 2
0.107371 2.139720 2.610998 2
0.187111 2.137573 2.484128 2
0.264618 2.136973 2.358345 2
0.309525 2.116476 2.324760 2
0.384951 2.119489 2.196155 2
0.529161 2.179188 1.845649 2
0.576132 2.168329 1.791023 2
0.632080 2.166638 1.704249 2
0.695291 2.173809 1.588666 2
0.739252 2.165950 1.533970 2
0.768762 2.145314 1.528009 2
0.805095 2.132004 1.496937 2
0.841608 2.119827 1.463634 2
0.874228 2.104193 1.443708 2
0.478658 1.571677 3.134917 2
0.523799 1.546371 3.115627 2
0.959658 2.044597 1.430826 2
0.990408 2.028211 1.416584 2
1.016596 2.005515 1.422505 2
1.041597 1.980705 1.434866 2
1.067294 1.956531 1.445176 2
0.763805 1.354898 3.137660 2
0.805250 1.324765 3.137107 2
1.147678 1.887300 1.466260 2
1.180861 1.876724 1.438613 2
1.200599 1.837318 1.490773 2
1.228862 1.815446 1.494389 2
1.255587 1.789261 1.509517 2
1.271873 1.733496 1.601598 2
1.292482 1.684759 1.673122 2
1.319120 1.650361 1.706428 2
1.341650 1.599180 1.780946 2
1.372430 1.573154 1.791540 2
1.400423 1.534267 1.833302 2
1.424874 1.475035 1.922958 2
1.447427 1.396918 2.055171 2
1.473316 1.322972 2.174371 2
