ply
format ascii 1.0
element vertex 18904
property float x
property float y
property float z
property int scalar_Label
end_header
1.193787 -0.470161 -0.776258 8
1.204096 -0.506165 -0.757136 8
1.239895 -0.527283 -0.671822 8
1.246402 -0.564473 -0.663121 8
1.260968 -0.807482 -0.683251 7
1.386878 -0.872666 -0.393146 7
1.247685 0.100966 -0.449911 6
1.075570 0.033244 -0.878119 6
1.184295 -0.255581 -0.639001 8
1.322041 -0.239119 -0.300201 8
1.355972 -0.260649 -0.220471 8
1.378292 -0.285979 -0.169904 8
1.379512 -0.320589 -0.172431 8
1.296704 -0.398157 -0.386526 8
1.313718 -0.426926 -0.350299 8
1.315890 -0.463439 -0.351720 8
1.317271 -0.500623 -0.355476 8
1.286404 -0.557912 -0.441301 8
1.264252 -0.611638 -0.505711 8
1.247586 -0.663290 -0.556808 8
1.248248 -0.704189 -0.564300 8
1.213670 -0.771058 -0.662342 7
1.347514 -0.793589 -0.349259 7
1.308280 -0.867422 -0.461345 7
1.355199 -0.869098 -0.350961 7
1.233168 0.104119 -0.369971 6
1.261007 0.073164 -0.305213 6
1.125213 0.010436 -0.633357 6
1.086817 -0.036930 -0.728348 6
1.108656 -0.071233 -0.679030 8
1.250704 -0.071707 -0.340768 6
1.255356 -0.106419 -0.333017 6
1.282305 -0.133877 -0.271793 6
1.239086 -0.184539 -0.380054 8
1.307606 -0.195996 -0.218895 8
1.322592 -0.225487 -0.187132 8
1.321551 -0.261194 -0.194397 8
1.348325 -0.284766 -0.134489 8
1.365672 -0.311673 -0.097594 8
1.368559 -0.345133 -0.096060 8
1.337060 -0.396674 -0.178647 8
1.303782 -0.451092 -0.266175 8
1.309761 -0.484996 -0.258264 8
1.307195 -0.524042 -0.271586 8
1.260738 -0.591083 -0.393136 8
1.249220 -0.638125 -0.429491 8
1.255630 -0.673974 -0.422094 8
1.230169 -0.732450 -0.493860 8
1.227317 -0.776130 -0.510246 7
1.157535 -0.871521 -0.693520 7
1.205788 -0.877899 -0.583811 7
1.323219 -0.825325 -0.300878 7
1.437589 -0.769110 -0.024355 7
1.168585 0.099554 -0.410211 6
1.221808 0.072202 -0.288383 6
1.247616 0.041834 -0.230473 6
1.134249 -0.018139 -0.496789 6
1.247079 -0.028331 -0.236727 6
1.263638 -0.059114 -0.201022 6
1.274335 -0.090963 -0.179201 6
1.281617 -0.123533 -0.165584 6
1.287047 -0.156549 -0.156538 6
1.288158 -0.191051 -0.157852 8
1.293493 -0.224053 -0.149533 8
1.316465 -0.249741 -0.100059 8
1.330704 -0.278331 -0.071249 8
1.328541 -0.314007 -0.081241 8
1.357839 -0.334754 -0.017345 8
1.358750 -0.368785 -0.020562 8
1.332063 -0.417818 -0.089357 8
1.310241 -0.465755 -0.147142 8
1.309734 -0.502606 -0.154812 8
1.302844 -0.543713 -0.177986 8
1.273835 -0.599641 -0.254298 8
1.260446 -0.647068 -0.293909 8
1.239163 -0.701046 -0.352915 7
1.193298 -0.774226 -0.471537 8
1.280020 -0.751520 -0.271956 7
1.339706 -0.745414 -0.136926 7
1.240338 -0.863759 -0.386316 7
1.358608 -0.807851 -0.109399 7
1.380066 -0.828694 -0.066784 7
1.449524 -0.806295 0.092890 7
1.135920 0.099852 -0.375062 6
1.183088 0.071322 -0.270470 6
1.198326 0.038694 -0.238092 6
1.234054 0.011084 -0.159646 6
0.897179 -0.103997 -0.923542 8
1.195563 -0.068352 -0.251873 8
1.277023 -0.080895 -0.070474 6
1.269666 -0.117188 -0.090271 6
1.283837 -0.146842 -0.061517 6
1.295330 -0.176951 -0.039029 8
1.271299 -0.220157 -0.097507 8
1.281803 -0.250795 -0.077759 8
1.398565 -0.235823 0.184003 8
1.393860 -0.270184 0.168972 8
1.360486 -0.318600 0.088118 8
1.359419 -0.352750 0.080743 8
1.355162 -0.388873 0.065782 8
1.350775 -0.425544 0.050219 8
1.344343 -0.463887 0.029638 8
1.317529 -0.515050 -0.038278 8
1.264172 -0.584450 -0.168053 8
1.264482 -0.622060 -0.174383 8
1.257578 -0.664893 -0.197763 8
1.224573 -0.726783 -0.282233 8
1.256514 -0.743540 -0.216011 7
1.316846 -0.737597 -0.083434 7
1.364987 -0.738371 0.020952 7
1.345601 -0.791592 -0.033005 7
1.446648 -0.745575 0.196068 7
1.444716 -0.783420 0.182940 7
0.515519 0.064867 -1.625437 4
1.092369 0.098533 -0.364746 6
1.135134 0.068903 -0.272811 6
1.176832 0.040892 -0.183361 6
1.198127 0.010340 -0.138777 6
0.886170 -0.097284 -0.825523 6
1.235659 -0.049524 -0.061231 8
1.273982 -0.072915 0.020261 6
1.283994 -0.103249 0.039399 6
1.277011 -0.138794 0.020931 6
1.287303 -0.168814 0.040268 8
1.298034 -0.198370 0.060390 8
1.365166 -0.205392 0.204912 8
1.388589 -0.227716 0.252899 8
1.368824 -0.268177 0.205147 8
1.353964 -0.307503 0.167918 8
1.351818 -0.341553 0.158592 8
1.334560 -0.383688 0.115393 8
1.339305 -0.415106 0.120844 8
1.346655 -0.445102 0.131891 8
1.340547 -0.482900 0.112645 8
1.330806 -0.523515 0.084949 8
1.230482 -0.622471 -0.146423 8
1.238284 -0.655411 -0.135798 8
1.227983 -0.700744 -0.166203 8
1.257308 -0.718794 -0.107503 8
1.287761 -0.734896 -0.046261 7
1.355325 -0.721462 0.099222 7
1.337742 -0.772184 0.051425 7
1.435455 -0.730024 0.266105 7
1.428448 -0.771461 0.242149 7
1.418583 -0.816221 0.211240 7
0.468561 0.114232 -1.584267 4
0.497322 0.068231 -1.524697 4
1.048034 0.097125 -0.355640 6
1.083552 0.065954 -0.281714 6
1.109445 0.034469 -0.228432 6
1.139185 0.004819 -0.167124 6
1.242020 -0.006890 0.049790 6
1.087267 -0.078860 -0.282483 6
1.281798 -0.062355 0.129899 6
1.269782 -0.098385 0.101592 8
1.268975 -0.131531 0.096991 8
1.274047 -0.162866 0.104748 8
1.276404 -0.195125 0.106494 8
1.349147 -0.200301 0.258978 8
1.354603 -0.229838 0.267138 8
1.372863 -0.253791 0.302638 8
1.343265 -0.298865 0.235002 8
1.338813 -0.333510 0.221176 8
1.309303 -0.381159 0.152999 8
1.316196 -0.411331 0.163108 8
1.322026 -0.442020 0.170726 8
1.324118 -0.474845 0.170035 8
1.327427 -0.507131 0.171760 8
1.312966 -0.550601 0.134571 8
1.231691 -0.638277 -0.048754 7
1.227816 -0.678389 -0.063858 8
1.238565 -0.708885 -0.047246 8
1.257052 -0.733642 -0.013830 7
1.324657 -0.721150 0.127554 7
1.286506 -0.787339 0.036095 7
1.419486 -0.719141 0.322290 7
1.406038 -0.765276 0.285112 7
1.398199 -0.807774 0.259964 7
0.407004 0.162440 -1.574523 4
0.417482 0.113750 -1.554062 4
0.431283 0.065825 -1.527020 4
1.016234 0.097477 -0.320089 6
1.036530 0.063817 -0.279660 6
1.082950 0.035679 -0.185381 6
1.119248 0.007389 -0.112160 6
1.205064 -0.008328 0.063470 6
1.095502 -0.068525 -0.165697 6
1.269021 -0.057786 0.191579 8
1.255300 -0.093851 0.160651 8
1.270644 -0.121598 0.189846 8
1.251743 -0.160243 0.147705 8
1.257164 -0.191231 0.155901 8
1.287255 -0.212826 0.215307 8
1.328095 -0.228955 0.297064 8
1.319665 -0.264271 0.275940 8
1.366813 -0.275408 0.370767 8
1.336663 -0.320802 0.303823 8
1.303540 -0.369254 0.230267 8
1.303641 -0.402383 0.226050 8
1.288299 -0.444060 0.189143 8
1.303844 -0.469392 0.216960 8
1.308598 -0.500577 0.221894 8
1.326856 -0.523610 0.255169 8
1.321619 -0.560932 0.238607 8
1.327270 -0.591672 0.244863 8
1.201384 -0.712105 -0.028665 8
1.245160 -0.719298 0.057827 7
1.313232 -0.706925 0.196303 7
1.343450 -0.720149 0.254176 7
1.418247 -0.697355 0.407669 7
1.395561 -0.749872 0.352138 7
1.386888 -0.792290 0.326302 7
1.384605 -0.830094 0.313908 7
0.330717 0.210502 -1.593796 4
0.951412 0.205536 -0.348671 3
0.343317 0.111092 -1.570451 4
0.355307 0.062340 -1.547762 4
0.979188 0.097075 -0.295981 6
1.010976 0.065097 -0.233523 6
1.028992 0.031923 -0.198909 6
1.083345 0.006642 -0.091354 6
1.171462 -0.009013 0.084093 6
1.018370 -0.079242 -0.226316 6
1.118496 -0.089617 -0.026915 6
1.256118 -0.085202 0.248225 6
1.236327 -0.123104 0.205808 8
1.222230 -0.160140 0.174641 8
1.230494 -0.190146 0.188460 8
1.253309 -0.214567 0.231582 8
1.289385 -0.232964 0.301487 8
1.293436 -0.263231 0.306379 8
1.333409 -0.277828 0.384078 8
1.332562 -0.309579 0.378753 8
1.334296 -0.340336 0.378490 8
1.273370 -0.402816 0.250237 8
1.270989 -0.437467 0.241012 8
1.291089 -0.460126 0.277555 8
1.312142 -0.481580 0.315968 8
1.304249 -0.519589 0.294901 8
1.301981 -0.554773 0.285128 8
1.303314 -0.588052 0.282537 8
1.284623 -0.634953 0.238410 8
1.242319 -0.699425 0.145080 7
1.288400 -0.703028 0.234277 7
1.315736 -0.718623 0.284708 7
1.241753 -0.810825 0.124327 7
1.288034 -0.812029 0.213801 7
1.386889 -0.768374 0.413354 7
1.392772 -0.798368 0.418836 7
0.987311 1.781391 -0.322538 2
0.994838 1.731188 -0.299140 2
0.975823 1.702431 -0.329835 2
0.986064 1.651270 -0.301544 2
0.976906 1.615156 -0.312729 2
0.970539 1.577084 -0.318494 2
0.976885 1.530521 -0.298949 2
0.962528 1.498210 -0.321213 2
0.985547 1.442048 -0.268845 2
0.974851 1.407810 -0.284233 2
0.960341 1.375664 -0.307402 2
0.969942 1.329659 -0.282716 2
0.975970 1.286342 -0.265431 2
0.965134 1.212747 -0.277045 2
0.946999 1.182019 -0.308330 2
0.967130 1.133542 -0.264080 2
0.949560 1.102343 -0.294613 2
0.967353 1.056248 -0.255517 2
0.968815 1.017434 -0.248898 2
0.949645 0.986394 -0.283117 2
0.943879 0.950150 -0.291109 2
0.964777 0.905297 -0.246891 2
0.974589 0.864827 -0.224715 2
0.951573 0.834078 -0.267182 2
0.956676 0.795271 -0.254655 2
0.964126 0.756262 -0.237741 2
0.952429 0.721824 -0.258537 2
0.939416 0.687273 -0.282078 2
0.962493 0.645994 -0.235199 2
0.934337 0.613641 -0.288723 2
0.955382 0.573657 -0.246240 2
0.948265 0.537783 -0.259000 2
0.955254 0.500377 -0.244394 2
0.959751 0.463485 -0.234850 2
0.948109 0.427640 -0.257012 2
0.950219 0.390925 -0.252512 2
0.944324 0.354394 -0.263829 2
0.944383 0.317688 -0.263714 2
0.893584 0.279420 -0.363079 3
0.911882 0.242589 -0.327745 3
0.968874 0.209251 -0.217035 3
0.966951 0.172783 -0.221547 3
0.295135 0.060736 -1.535070 4
0.936313 0.095885 -0.283508 6
0.953953 0.061457 -0.250371 6
0.987161 0.030391 -0.186947 6
1.019925 0.000518 -0.124523 6
1.284781 0.022007 0.392231 6
1.286973 -0.007761 0.394798 6
1.081064 -0.091147 -0.010785 6
1.228612 -0.084822 0.276359 8
1.220528 -0.119056 0.258184 8
1.227411 -0.148970 0.269219 6
1.226334 -0.181463 0.264448 8
1.261903 -0.200847 0.331643 8
1.249733 -0.237246 0.304719 8
1.264378 -0.263449 0.330470 8
1.288632 -0.285093 0.375084 8
1.321259 -0.302109 0.436187 8
1.314803 -0.336343 0.419891 8
1.332922 -0.358935 0.452102 8
1.267787 -0.423938 0.318949 8
1.272754 -0.454327 0.324610 8
1.269395 -0.489425 0.313529 8
1.293150 -0.509102 0.356301 8
1.287332 -0.545933 0.339953 8
1.272413 -0.589067 0.305151 8
1.294479 -0.609018 0.344173 8
1.214375 -0.697491 0.177970 7
1.225042 -0.726445 0.193568 7
1.272411 -0.728617 0.283011 7
1.338346 -0.714936 0.410120 7
1.253863 -0.814931 0.233050 7
1.366690 -0.761737 0.455324 7
1.364809 -0.797905 0.445133 7
1.351971 -0.843899 0.412355 7
0.957380 1.776374 -0.278411 2
0.972219 1.720862 -0.241603 2
0.968649 1.680538 -0.241384 2
0.956340 1.646932 -0.258547 2
0.959949 1.601863 -0.244696 2
0.953527 1.564294 -0.250733 2
0.960276 1.518086 -0.231270 2
0.966982 1.472613 -0.212179 2
0.970099 1.430044 -0.200346 2
0.960585 1.395499 -0.213289 2
0.939237 1.367649 -0.249341 2
0.938553 1.327795 -0.245496 2
0.935662 1.289393 -0.246136 2
0.961173 1.236780 -0.192151 2
0.956682 1.200112 -0.196350 2
0.945627 1.166558 -0.213374 2
0.951602 1.125268 -0.197804 2
0.957478 1.084519 -0.182653 2
0.949254 1.049874 -0.194785 2
0.933679 1.017875 -0.221178 2
0.948640 0.974538 -0.189225 2
0.929296 0.943536 -0.223162 2
0.936047 0.903695 -0.207338 2
0.952664 0.861405 -0.172878 2
0.952816 0.824460 -0.170085 2
0.943275 0.790118 -0.185970 2
0.932215 0.755871 -0.204913 2
0.942177 0.716842 -0.183959 2
0.945124 0.679675 -0.176569 2
0.932673 0.645366 -0.198676 2
0.936857 0.608131 -0.189291 2
0.937992 0.571543 -0.185890 2
0.934463 0.535586 -0.191537 2
0.938043 0.498903 -0.183848 2
0.949345 0.461868 -0.161661 2
0.923532 0.427187 -0.210186 2
0.931231 0.390486 -0.195203 2
0.929228 0.354208 -0.198830 2
0.947685 0.318060 -0.163764 2
0.940245 0.281867 -0.178074 2
0.998046 0.248635 -0.068589 3
0.907355 0.207263 -0.241465 3
0.947599 0.174043 -0.165682 3
0.974243 0.140893 -0.115899 3
0.891258 0.094429 -0.274779 6
0.911377 0.060105 -0.237772 6
0.950401 0.029751 -0.164929 6
1.000935 0.003095 -0.070281 6
1.291276 0.029207 0.481215 6
1.289133 -0.000874 0.475549 6
1.260409 -0.037863 0.419023 6
1.289983 -0.060204 0.473560 6
1.172085 -0.124806 0.246300 8
1.231545 -0.138599 0.357622 6
1.219436 -0.174081 0.332023 8
1.288783 -0.181180 0.462224 8
1.277518 -0.215962 0.437979 8
1.222465 -0.268849 0.329502 8
1.229671 -0.298107 0.340238 8
1.281986 -0.307339 0.437589 8
1.298818 -0.330952 0.466682 8
1.299892 -0.361681 0.465309 8
1.304049 -0.391021 0.469726 8
1.271112 -0.440014 0.402286 8
1.264435 -0.476247 0.385327 8
1.266612 -0.507963 0.385312 8
1.269558 -0.539397 0.386616 8
1.240432 -0.590811 0.325381 8
1.248418 -0.620062 0.336056 8
1.244487 -0.657178 0.323333 8
1.257022 -0.683483 0.342570 7
1.259453 -0.716731 0.341902 7
1.302476 -0.720378 0.420700 7
1.198097 -0.834244 0.209783 7
1.340108 -0.760494 0.483291 7
1.335918 -0.798340 0.469074 7
1.333540 -0.835285 0.458189 7
1.321710 -0.880882 0.428311 7
0.769472 1.802583 -0.523549 2
0.746639 1.772647 -0.559975 2
0.746447 1.726327 -0.553403 2
0.757434 1.672917 -0.525842 2
0.755104 1.629128 -0.523867 2
0.758804 1.581860 -0.510703 2
0.753102 1.540862 -0.515579 2
0.734038 1.507801 -0.545887 2
0.744108 1.457887 -0.521394 2
0.736342 1.418405 -0.530765 2
0.739100 1.373464 -0.520534 2
0.743455 1.328170 -0.507541 2
0.707206 1.302682 -0.570938 2
0.652812 1.284187 -0.668382 2
0.659548 1.237189 -0.651428 2
1.011000 1.048629 0.009647 2
0.989657 1.020909 -0.026962 2
0.975966 0.989670 -0.049397 2
0.948243 0.962970 -0.098116 2
0.933783 0.930943 -0.122221 2
0.945325 0.890463 -0.098074 2
0.937365 0.856246 -0.110398 2
0.935698 0.820169 -0.111180 2
0.947075 0.780927 -0.087907 2
0.959146 0.742115 -0.063542 2
0.933403 0.711771 -0.109510 2
0.928972 0.676497 -0.116086 2
0.924552 0.641142 -0.122800 2
0.923669 0.605175 -0.123124 2
0.933875 0.567825 -0.103075 2
0.936643 0.531754 -0.096975 2
0.940887 0.495717 -0.088307 2
0.937618 0.460412 -0.093709 2
0.940340 0.424718 -0.088187 2
0.930461 0.389529 -0.106141 2
0.933432 0.353840 -0.100483 2
0.932759 0.318236 -0.101727 2
0.924549 0.282378 -0.117078 2
0.948166 0.247749 -0.073708 3
0.852143 0.205770 -0.251881 3
1.000155 0.181627 0.021389 3
1.021339 0.149523 0.059824 3
0.863998 0.095286 -0.232477 6
0.864227 0.058097 -0.233238 6
0.894146 0.025828 -0.179149 6
0.950064 -0.000449 -0.076980 6
1.255128 0.027243 0.487265 6
1.259902 -0.001432 0.494640 6
1.265306 -0.029856 0.503054 6
1.258220 -0.061521 0.488135 6
1.265907 -0.089323 0.500524 6
1.239203 -0.127565 0.448796 6
1.165398 -0.182551 0.309129 8
1.268728 -0.178715 0.499247 8
1.289739 -0.201288 0.535981 8
1.262034 -0.242218 0.481670 8
1.246403 -0.279496 0.449677 8
1.215898 -0.324058 0.389637 8
1.268815 -0.332197 0.485592 8
1.276047 -0.360026 0.495933 8
1.288235 -0.385297 0.515456 8
1.260181 -0.431135 0.459215 8
1.238076 -0.475212 0.413871 8
1.246030 -0.503605 0.424917 8
1.239907 -0.540137 0.409253 8
1.241155 -0.572747 0.407321 8
1.238558 -0.608011 0.397935 8
1.232283 -0.646092 0.381373 8
1.203945 -0.699659 0.322659 7
1.215858 -0.726788 0.340190 7
1.261264 -0.729571 0.421480 7
1.315809 -0.723778 0.520360 7
1.307059 -0.764385 0.498274 7
1.301389 -0.803346 0.481832 7
1.313719 -0.828274 0.499746 7
1.309249 -0.867136 0.485189 7
1.299440 -0.911268 0.460073 7
0.931472 1.827490 -0.144000 2
1.027637 1.706974 0.042540 2
1.003637 1.684902 0.004086 2
1.027479 1.626092 0.054617 2
1.016981 1.593905 0.040978 2
1.020258 1.551901 0.052743 2
1.034761 1.502759 0.085059 2
1.025546 1.470349 0.073255 2
1.012311 1.440456 0.053893 2
1.004208 1.407155 0.043866 2
1.000162 1.371418 0.041155 2
0.992923 1.337656 0.032413 2
1.001017 1.295427 0.051648 2
1.012894 1.251833 0.077593 2
1.004582 1.219305 0.066364 2
1.006687 1.181607 0.074034 2
1.028964 1.134832 0.118342 2
1.001326 1.111496 0.071379 2
0.995965 1.077763 0.064933 2
1.003713 1.038720 0.082194 2
0.988782 1.008919 0.058036 2
1.010387 0.965404 0.100123 2
0.995592 0.935462 0.075927 2
0.991850 0.901518 0.071661 2
0.996447 0.865055 0.082357 2
0.968121 0.838261 0.033273 2
0.981277 0.799546 0.059163 2
0.977727 0.765558 0.054658 2
0.996130 0.726631 0.089688 2
0.966028 0.698454 0.036908 2
0.971858 0.662557 0.048910 2
0.978099 0.626912 0.061496 2
0.974857 0.592974 0.056815 2
0.964966 0.559819 0.039996 2
0.973812 0.524343 0.056827 2
0.970435 0.490330 0.051469 2
0.957851 0.456852 0.029370 2
0.957676 0.422319 0.029496 2
0.949718 0.388030 0.015449 2
0.960299 0.353266 0.034661 2
0.958587 0.318799 0.031576 2
0.965482 0.284510 0.043854 2
0.961732 0.249959 0.036805 3
0.891513 0.210731 -0.090200 2
0.982398 0.182796 0.073035 3
1.002909 0.150842 0.109295 3
0.811283 0.092882 -0.237196 6
0.832728 0.058413 -0.199621 6
0.872912 0.027799 -0.128355 6
0.918702 -0.000294 -0.047071 6
1.236075 0.028815 0.524744 6
1.239470 -0.000029 0.529501 6
1.241140 -0.029253 0.531017 6
1.235387 -0.060472 0.518973 6
1.227091 -0.092754 0.502181 6
1.158041 -0.143927 0.375155 8
1.151640 -0.177731 0.361407 8
1.224227 -0.184789 0.490840 8
1.262634 -0.201506 0.558271 8
1.260714 -0.232317 0.552379 8
1.262618 -0.261824 0.553301 8
1.212222 -0.313679 0.458831 8
1.231288 -0.336816 0.490678 8
1.249461 -0.359777 0.520825 8
1.256189 -0.387770 0.529985 8
1.247867 -0.423359 0.511491 8
1.239801 -0.459395 0.493277 8
1.226583 -0.498860 0.465419 8
1.223034 -0.533606 0.455100 8
1.224265 -0.565928 0.453392 8
1.227091 -0.597493 0.454466 8
1.217106 -0.637417 0.431752 8
1.216895 -0.671625 0.426870 8
1.180924 -0.730639 0.355619 8
1.211397 -0.744638 0.407164 7
1.309186 -0.708432 0.583767 7
1.316521 -0.736200 0.592521 7
1.282865 -0.795835 0.524717 7
1.271281 -0.839763 0.497719 7
1.279833 -0.868033 0.508138 7
1.275571 -0.907182 0.494390 7
1.015803 1.730960 0.103879 2
1.007819 1.696681 0.095363 2
1.004224 1.659130 0.094651 2
1.002525 1.620441 0.097194 2
0.996428 1.585241 0.091604 2
1.020134 1.529476 0.139612 2
1.023288 1.488959 0.150283 2
1.019897 1.453196 0.148989 2
0.996025 1.430488 0.110765 2
1.000903 1.389652 0.124025 2
0.988524 1.359436 0.106194 2
1.020417 1.304068 0.167398 2
1.016957 1.269507 0.165165 2
0.996082 1.244151 0.131727 2
1.010404 1.200589 0.160908 2
1.009326 1.165259 0.162472 2
1.005195 1.131528 0.158456 2
0.998015 1.099194 0.148889 2
1.011748 1.058049 0.176284 2
1.013494 1.022435 0.182241 2
1.003918 0.991363 0.168000 2
1.009545 0.954656 0.180536 2
0.995083 0.925134 0.157400 2
0.990470 0.892072 0.151556 2
1.009014 0.852078 0.186451 2
0.995487 0.821892 0.164595 2
0.973757 0.793436 0.128169 2
0.982469 0.756966 0.145277 2
0.982638 0.722833 0.147186 2
0.986827 0.688004 0.156032 2
0.989037 0.653794 0.161255 2
0.975551 0.622303 0.138736 2
0.983801 0.587262 0.154308 2
0.996130 0.552100 0.176906 2
0.997600 0.518606 0.180279 2
0.972452 0.487501 0.136762 2
0.978496 0.453398 0.147911 2
0.962990 0.420583 0.121080 2
0.954334 0.387004 0.106149 2
0.966648 0.352910 0.127903 2
0.971885 0.319222 0.137098 2
0.964032 0.285355 0.123177 2
0.914309 0.249183 0.035595 3
0.979651 0.218761 0.149939 3
0.964351 0.183887 0.122533 3
0.972200 0.150813 0.135652 3
0.758529 0.090535 -0.240648 6
0.782063 0.055953 -0.200327 6
0.809600 0.022847 -0.153091 6
0.871569 -0.003036 -0.045394 6
1.222148 0.031336 0.570187 6
1.217227 0.000899 0.560249 6
1.218640 -0.028303 0.561341 6
1.223178 -0.056742 0.567824 6
1.213407 -0.089099 0.548959 6
1.232343 -0.113395 0.580614 6
1.156953 -0.167061 0.445595 8
1.199347 -0.184068 0.518438 8
1.218172 -0.207968 0.549575 8
1.235426 -0.231864 0.577861 8
1.250700 -0.256018 0.602561 8
1.259945 -0.282244 0.616490 8
1.206883 -0.335579 0.519705 8
1.224879 -0.358678 0.548877 8
1.222243 -0.391128 0.541277 8
1.239059 -0.414175 0.568173 8
1.232198 -0.449075 0.552779 8
1.219435 -0.487695 0.526677 8
1.213639 -0.523177 0.512826 8
1.207736 -0.559225 0.498611 8
1.188591 -0.603825 0.460476 8
1.210630 -0.623685 0.496023 8
1.201469 -0.663149 0.475437 8
1.172565 -0.716591 0.419086 8
1.195406 -0.735730 0.455732 7
1.290718 -0.702242 0.623273 7
1.278195 -0.744507 0.596084 7
1.255824 -0.795203 0.550796 7
1.250012 -0.834293 0.535263 7
1.258687 -0.862314 0.545880 7
0.965426 1.870453 0.082993 2
1.008832 1.750937 0.172156 2
1.007370 1.711816 0.175226 2
0.987054 1.687615 0.144808 2
0.997346 1.640007 0.168305 2
0.994519 1.602802 0.168461 2
0.994317 1.564021 0.173069 2
0.998538 1.522598 0.185265 2
0.997529 1.485178 0.188101 2
0.995506 1.448711 0.189000 2
0.990209 1.414513 0.184022 2
0.988221 1.378442 0.184681 2
0.982536 1.344720 0.178748 2
0.997852 1.299440 0.209235 2
0.980236 1.272615 0.182253 2
1.000799 1.225794 0.221488 2
0.995362 1.192850 0.215394 2
0.999341 1.155495 0.225490 2
0.986673 1.126038 0.206614 2
0.994397 1.087515 0.222901 2
0.990673 1.054213 0.219245 2
0.977195 1.024778 0.198623 2
0.988674 0.985739 0.220948 2
1.003121 0.946290 0.248222 2
0.985685 0.918158 0.220418 2
0.975388 0.887275 0.204811 2
0.987836 0.849477 0.228210 2
0.989636 0.815216 0.233153 2
0.985648 0.782628 0.228023 2
1.009158 0.743532 0.269980 2
0.999202 0.712688 0.254344 2
0.995628 0.680306 0.249548 2
0.980484 0.649945 0.224795 2
1.015642 0.611069 0.286149 2
0.992495 0.581797 0.247446 2
0.975074 0.551021 0.218450 2
0.994056 0.515894 0.251687 2
0.974062 0.484814 0.218056 2
0.971706 0.451867 0.214510 2
0.957940 0.419396 0.191313 2
0.961040 0.385958 0.196864 2
0.972527 0.352571 0.216644 2
0.987823 0.319654 0.242822 2
0.970634 0.286393 0.213284 2
0.927134 0.251245 0.138585 2
0.965630 0.219817 0.204109 3
0.955264 0.185684 0.185873 3
0.948902 0.151535 0.174363 3
0.729478 0.091137 -0.202218 6
0.737897 0.054468 -0.188766 6
0.773605 0.022396 -0.128676 6
0.832342 -0.004301 -0.029197 6
1.197626 0.031655 0.596017 6
1.172521 -0.003093 0.551757 6
1.189151 -0.029060 0.578995 6
1.198364 -0.056380 0.593409 6
1.188113 -0.088782 0.574278 6
1.210693 -0.112070 0.611471 6
1.121980 -0.169386 0.457078 8
1.179768 -0.181654 0.554646 8
1.197462 -0.205904 0.583143 8
1.210489 -0.231342 0.603519 8
1.241849 -0.249260 0.655459 8
1.214545 -0.290192 0.606022 8
1.236752 -0.311066 0.641999 8
1.186302 -0.363980 0.552159 8
1.216369 -0.381208 0.601534 8
1.201576 -0.419461 0.573078 8
1.213028 -0.445103 0.590012 8
1.215102 -0.475493 0.590557 8
1.227043 -0.500575 0.608152 8
1.184013 -0.556965 0.529867 8
1.178961 -0.592823 0.517522 8
1.179526 -0.625708 0.514826 8
1.186115 -0.655015 0.522529 8
1.173447 -0.697042 0.496371 8
1.162782 -0.738571 0.473513 7
1.263821 -0.702297 0.646788 7
1.247858 -0.746802 0.614487 7
1.236571 -0.788862 0.590188 7
1.226364 -0.830958 0.567569 7
1.216575 -0.873563 0.545466 7
0.914665 1.928350 0.076008 2
0.950593 1.854821 0.144182 2
0.968697 1.798189 0.181136 2
0.983922 1.745178 0.212828 2
0.983980 1.705141 0.218137 2
0.991491 1.659895 0.236082 2
0.973341 1.634263 0.209777 2
0.974822 1.594228 0.217041 2
0.965338 1.562222 0.205374 2
0.969182 1.521252 0.216361 2
0.956605 1.491446 0.199161 2
0.973718 1.442837 0.232442 2
0.983221 1.399889 0.252547 2
0.990674 1.358850 0.268979 2
0.970268 1.334136 0.237954 2
0.976146 1.294579 0.251426 2
0.971870 1.260850 0.247537 2
0.982290 1.219818 0.268385 2
0.949867 1.200144 0.216667 2
0.988695 1.146431 0.285200 2
0.973981 1.118212 0.263178 2
0.977341 1.081977 0.271523 2
0.969862 1.050454 0.261485 2
0.968821 1.016362 0.262169 2
0.962759 0.984246 0.254289 2
0.991633 0.939999 0.304980 2
0.964727 0.915231 0.261857 2
0.306810 1.083468 -0.839729 2
0.283856 1.043803 -0.875704 2
0.283041 0.997493 -0.874709 2
0.260507 0.956767 -0.910244 2
0.260175 0.910214 -0.908747 2
0.275267 0.860517 -0.881610 2
0.279713 0.813590 -0.872457 2
0.271639 0.769152 -0.884396 2
0.275992 0.722576 -0.875721 2
0.257086 0.679481 -0.906060 2
0.266430 0.632389 -0.889362 2
0.257643 0.587558 -0.903100 2
0.255887 0.541884 -0.905253 2
0.266081 0.495429 -0.887614 2
0.268075 0.449768 -0.883822 2
0.269822 0.404217 -0.880597 2
0.266700 0.358793 -0.885651 2
0.281534 0.313425 -0.860899 2
0.902733 0.285337 0.175566 2
0.791474 0.246400 -0.010340 3
0.956435 0.221141 0.264622 3
0.949346 0.187674 0.252341 3
0.938756 0.153552 0.234098 3
0.671714 0.088260 -0.212539 6
0.694682 0.053144 -0.175084 6
0.743297 0.022830 -0.094883 6
0.779546 -0.007929 -0.035427 6
0.940392 -0.013238 0.232291 6
1.184138 0.005011 0.638783 6
1.176939 -0.025817 0.625550 6
1.162350 -0.058862 0.599826 6
1.195928 -0.079590 0.654670 6
1.190564 -0.110383 0.644194 6
1.204596 -0.135539 0.666137 6
1.155374 -0.180930 0.581840 8
1.166701 -0.207422 0.599019 8
1.178998 -0.233271 0.617746 8
1.205575 -0.253312 0.660416 8
1.216739 -0.278703 0.677099 8
1.223791 -0.305566 0.686777 8
1.232628 -0.331538 0.699374 8
1.192594 -0.379967 0.629393 8
1.188944 -0.412622 0.620642 8
1.189555 -0.443489 0.618968 8
1.166113 -0.487137 0.576448 8
1.187185 -0.507774 0.609176 8
1.180991 -0.543172 0.595588 8
1.165746 -0.584372 0.566469 8
1.167693 -0.616060 0.566405 8
1.168483 -0.648671 0.564247 8
1.160207 -0.687415 0.546490 8
1.141372 -0.733886 0.510520 7
1.242431 -0.698624 0.679431 7
1.242040 -0.731616 0.674895 7
1.206464 -0.790815 0.609836 7
1.199401 -0.830346 0.593449 7
1.197270 -0.866712 0.585362 7
1.219951 -0.883636 0.619904 7
0.868672 1.938958 0.084768 2
0.953442 1.825123 0.233063 2
0.981279 1.761819 0.284985 2
0.955558 1.742450 0.246701 2
0.495377 2.055202 -0.519584 2
0.444762 2.043334 -0.598436 2
0.424622 2.007753 -0.626323 2
0.396211 1.977595 -0.668105 2
0.362493 1.950308 -0.718787 2
0.294698 1.893083 -0.820874 2
0.281126 1.850498 -0.838263 2
0.246864 1.820106 -0.890074 2
0.248594 1.768036 -0.882363 2
0.244467 1.719691 -0.884528 2
0.224961 1.679787 -0.912262 2
0.245201 1.619030 -0.874534 2
0.231529 1.576206 -0.892942 2
0.232974 1.526006 -0.886592 2
0.212975 1.485949 -0.915697 2
0.227239 1.430495 -0.888596 2
0.227089 1.381893 -0.885376 2
0.219038 1.336704 -0.895288 2
0.233055 1.283133 -0.869157 2
0.211935 1.242959 -0.900795 2
0.205716 1.197158 -0.908146 2
0.219255 1.145007 -0.883313 2
0.224342 1.096132 -0.872486 2
0.195792 1.057183 -0.916800 2
0.209673 1.006118 -0.891906 2
0.205316 0.960234 -0.896966 2
0.200891 0.914366 -0.902281 2
0.216169 0.864359 -0.875602 2
0.206088 0.819893 -0.890443 2
0.192330 0.775816 -0.911414 2
0.211366 0.726285 -0.879079 2
0.185564 0.683653 -0.919955 2
0.192121 0.636354 -0.908256 2
0.209530 0.588287 -0.879035 2
0.200982 0.543034 -0.892231 2
0.210063 0.496405 -0.876870 2
0.198348 0.451088 -0.895505 2
0.193176 0.405198 -0.903634 2
0.197102 0.359056 -0.897101 2
0.189920 0.312961 -0.908788 2
0.845413 0.284599 0.157917 2
0.699754 0.243695 -0.079383 2
0.924018 0.220942 0.285334 3
0.931569 0.188622 0.297215 3
0.903633 0.153001 0.251209 3
0.623949 0.086638 -0.204939 6
0.655236 0.052357 -0.154815 6
0.681225 0.018326 -0.113419 6
0.753670 -0.006815 0.003608 6
0.918308 -0.011781 0.270934 6
1.158233 0.004972 0.661165 6
1.159753 -0.023838 0.662551 6
1.147145 -0.056164 0.640778 6
1.166236 -0.080663 0.670671 6
1.166948 -0.109771 0.670461 6
1.178682 -0.135636 0.688183 6
1.126035 -0.181852 0.600482 8
1.146340 -0.205392 0.632023 8
1.164718 -0.228999 0.660349 8
1.181719 -0.252576 0.686361 8
1.184617 -0.281261 0.689173 8
1.203660 -0.303278 0.718404 8
1.201900 -0.333795 0.713392 8
1.198952 -0.365102 0.706318 8
1.186637 -0.401163 0.683707 8
1.174052 -0.438043 0.660505 8
1.164094 -0.474284 0.641489 8
1.163833 -0.505966 0.638340 8
1.157927 -0.541024 0.625746 8
1.160833 -0.571502 0.627598 8
1.156343 -0.606523 0.617087 8
1.138060 -0.650495 0.583554 8
1.109837 -0.701841 0.533307 8
1.121793 -0.728235 0.549648 8
1.221496 -0.694844 0.712074 7
1.196140 -0.745118 0.666227 7
1.233823 -0.751280 0.725437 7
1.216535 -0.797032 0.692737 7
1.240854 -0.812012 0.729531 7
1.173350 -0.898660 0.612216 7
0.807486 2.006224 0.064053 2
0.829975 1.943158 0.106303 2
0.903577 1.839750 0.232025 2
0.424853 2.078477 -0.535087 2
0.469956 1.995441 -0.456198 2
0.342753 2.037137 -0.657972 2
0.272012 1.931871 -0.757405 2
0.223317 1.911474 -0.831359 2
0.200785 1.873676 -0.863012 2
0.175571 1.836964 -0.899090 2
0.167968 1.789697 -0.906849 2
0.156114 1.744845 -0.921602 2
0.151398 1.696159 -0.925001 2
0.168188 1.636778 -0.893970 2
0.147700 1.596539 -0.923042 2
0.173926 1.534027 -0.877239 2
0.155002 1.493064 -0.904074 2
0.157809 1.442369 -0.896195 2
0.133164 1.403315 -0.932435 2
0.140504 1.351114 -0.917596 2
0.135401 1.304081 -0.922822 2
0.132476 1.256340 -0.924706 2
0.135670 1.206682 -0.916965 2
0.136864 1.157998 -0.912569 2
0.134875 1.110517 -0.913399 2
0.135581 1.062408 -0.910074 2
0.126594 1.017037 -0.922337 2
0.127524 0.969106 -0.918937 2
0.124295 0.922302 -0.922300 2
0.119847 0.875780 -0.927740 2
0.114546 0.829392 -0.934672 2
0.128151 0.779724 -0.911674 2
0.119655 0.734015 -0.923960 2
0.126583 0.686034 -0.911865 2
0.109419 0.641184 -0.938190 2
0.148102 0.590315 -0.875925 2
0.131024 0.545368 -0.902382 2
0.119651 0.499507 -0.919906 2
0.120565 0.452733 -0.918050 2
0.116621 0.406150 -0.924043 2
0.130950 0.359281 -0.901156 2
0.121588 0.312718 -0.916021 2
0.840516 0.285282 0.225380 2
0.679611 0.244259 -0.030321 2
0.875165 0.219717 0.279917 3
0.896728 0.188162 0.313781 3
0.920053 0.157514 0.350358 3
0.583510 0.085904 -0.184925 6
0.626547 0.053018 -0.117311 6
0.663506 0.020684 -0.059434 6
0.696065 -0.011148 -0.008632 6
0.861792 -0.016864 0.253916 6
1.133408 0.005137 0.685035 6
1.123302 -0.026263 0.667942 6
1.135813 -0.052639 0.686766 6
1.144731 -0.079593 0.699798 6
1.173511 -0.100786 0.744414 6
1.180850 -0.127409 0.754797 6
1.155277 -0.164275 0.712585 6
1.120456 -0.205308 0.655471 8
1.151271 -0.224606 0.703065 8
1.155093 -0.252931 0.707475 8
1.168856 -0.277384 0.727706 8
1.167135 -0.307818 0.723085 8
1.187527 -0.329011 0.753800 8
1.193946 -0.355857 0.762064 8
1.161830 -0.400634 0.708401 8
1.168165 -0.428149 0.716319 8
1.149466 -0.468288 0.683904 8
1.149883 -0.499331 0.682098 8
1.151890 -0.529719 0.682751 8
1.126679 -0.575651 0.639409 8
1.127284 -0.607734 0.637552 8
1.127823 -0.640095 0.635481 8
1.088112 -0.697911 0.568161 8
1.081913 -0.735976 0.554871 7
1.120262 -0.744866 0.613708 7
1.183006 -0.735667 0.712212 7
1.237479 -0.730002 0.797416 7
1.211476 -0.781172 0.751660 7
1.198575 -0.823929 0.727035 7
1.156913 -0.889875 0.655241 7
1.179997 -0.906435 0.689047 7
0.774079 2.005503 0.095623 2
0.814229 1.928330 0.164645 2
0.872339 1.838971 0.261971 2
0.558676 1.996553 -0.228435 2
0.486780 2.003049 -0.337897 2
0.315807 1.976908 -0.594696 2
0.245101 1.973391 -0.701848 2
0.189427 1.957873 -0.785169 2
0.869515 1.487482 0.291795 2
0.892364 1.436343 0.330975 2
0.913951 1.387147 0.367975 2
0.908482 1.354138 0.362264 2
0.896102 1.324896 0.345604 2
0.909863 1.281921 0.369888 2
0.895562 1.253698 0.350036 2
0.899308 1.216532 0.358383 2
0.878978 1.190803 0.328937 2
0.887943 1.151620 0.345249 2
0.892054 1.115034 0.353854 2
0.903270 1.075942 0.373441 2
0.905895 1.040759 0.379502 2
0.910174 1.005250 0.388038 2
0.902095 0.974363 0.377213 2
0.905152 0.939675 0.383651 2
0.921968 0.900975 0.411407 2
0.904424 0.873086 0.385586 2
0.896855 0.841955 0.375210 2
0.910851 0.805145 0.398275 2
0.915084 0.771284 0.406063 2
0.920462 0.737430 0.415534 2
0.909972 0.707086 0.400274 2
0.902435 0.675913 0.389520 2
0.916280 0.640979 0.411862 2
0.907466 0.609999 0.398957 2
0.915323 0.576576 0.411825 2
0.922335 0.543586 0.423293 2
0.914947 0.512284 0.412348 2
0.923483 0.479507 0.426001 2
0.916097 0.448043 0.414893 2
0.933968 0.415239 0.442839 2
0.949784 0.383136 0.467513 2
0.926501 0.351942 0.431521 2
0.921304 0.320094 0.423469 2
0.923746 0.288261 0.427168 2
0.917994 0.256142 0.418087 2
0.942882 0.225684 0.456402 2
0.936189 0.193579 0.445694 2
0.879694 0.156392 0.357701 3
0.881673 0.123852 0.360249 3
0.618441 0.056358 -0.048559 3
0.598936 0.015944 -0.079605 6
0.665949 -0.010767 0.023466 6
0.842471 -0.014925 0.296457 6
1.098947 0.003323 0.693660 6
1.113379 -0.022778 0.715148 6
1.116396 -0.051174 0.718839 6
1.120057 -0.079393 0.723455 6
1.148551 -0.100765 0.766614 6
1.112416 -0.140131 0.709185 6
1.073584 -0.181765 0.647418 8
1.108075 -0.200814 0.699703 8
1.120018 -0.226571 0.716826 8
1.137877 -0.249866 0.743113 8
1.146061 -0.276370 0.754254 8
1.167167 -0.297519 0.785506 8
1.154201 -0.332411 0.763479 8
1.171486 -0.354637 0.788642 8
1.153995 -0.392367 0.759337 8
1.145988 -0.426414 0.744753 8
1.136429 -0.461741 0.727625 8
1.129937 -0.496061 0.715192 8
1.119928 -0.532742 0.697121 8
1.123513 -0.562488 0.700295 8
1.129362 -0.591032 0.706944 8
1.125608 -0.625317 0.698389 8
1.089932 -0.679674 0.639379 8
1.169978 -0.662148 0.762832 7
1.162894 -0.698842 0.748759 7
1.179678 -0.719958 0.772325 7
1.182353 -0.750526 0.773496 7
1.185438 -0.780997 0.775222 7
1.186656 -0.813044 0.773885 7
1.128258 -0.890768 0.677610 7
1.155887 -0.904003 0.717997 7
0.666290 2.112958 0.006225 2
0.719024 2.022977 0.093118 2
0.831652 1.887130 0.272800 2
0.844069 1.835955 0.296186 2
0.554866 2.017980 -0.148536 2
0.874708 1.732163 0.351410 2
0.861572 1.702559 0.334713 2
0.870224 1.657393 0.351621 2
0.853653 1.630270 0.329443 2
0.857112 1.589490 0.338095 2
0.856806 1.551630 0.340822 2
0.896149 1.489286 0.404444 2
0.862163 1.473247 0.355123 2
0.862096 1.436291 0.357885 2
0.853831 1.404273 0.347965 2
0.855121 1.366989 0.352611 2
0.868948 1.323409 0.376348 2
0.863375 1.290489 0.370269 2
0.852593 1.260156 0.356143 2
0.868052 1.217298 0.382031 2
0.882073 1.175898 0.405590 2
0.864763 1.148819 0.381240 2
0.879614 1.107957 0.405853 2
0.856836 1.082763 0.373030 2
0.877854 1.040351 0.406829 2
0.878054 1.006380 0.408830 2
0.865207 0.977045 0.390905 2
0.874178 0.940336 0.406071 2
0.866477 0.909201 0.395815 2
0.894020 0.867775 0.438991 2
0.896204 0.834319 0.443563 2
0.904018 0.799639 0.456590 2
0.888939 0.770726 0.434817 2
0.896172 0.736538 0.446797 2
0.888253 0.705728 0.435731 2
0.863947 0.677714 0.399772 2
0.902095 0.638645 0.458326 2
0.862250 0.612466 0.398698 2
0.890375 0.576139 0.441895 2
0.890471 0.544000 0.442581 2
0.885852 0.512362 0.436055 2
0.895675 0.479482 0.451302 2
0.896055 0.447548 0.452185 2
0.899188 0.415535 0.457154 2
0.878014 0.384278 0.425283 2
0.886791 0.352043 0.438635 2
0.910042 0.320240 0.473799 2
0.905094 0.288505 0.466240 2
0.895843 0.256403 0.452095 2
0.920467 0.226011 0.489112 2
0.921206 0.194586 0.489927 2
0.849994 0.156309 0.381802 3
0.850159 0.123549 0.381580 3
0.565446 0.053752 -0.049900 3
0.584522 0.018719 -0.021751 3
0.635999 -0.010389 0.055386 6
0.785861 -0.019858 0.281497 6
0.928595 -0.025590 0.496855 6
1.081935 -0.024094 0.728348 6
1.048871 -0.061076 0.677305 8
1.029403 -0.095886 0.646774 8
1.109454 -0.104589 0.767155 6
1.045452 -0.152060 0.668881 8
1.061809 -0.177343 0.692494 8
1.076936 -0.202565 0.714185 8
1.098674 -0.225115 0.745876 8
1.108932 -0.251151 0.760063 8
1.128802 -0.273325 0.788824 8
1.118010 -0.307087 0.770842 8
1.139625 -0.327957 0.802155 8
1.138804 -0.357924 0.799214 8
1.146611 -0.384197 0.809362 8
1.140776 -0.416786 0.798612 8
1.096390 -0.468670 0.728833 8
1.094945 -0.500595 0.724559 8
1.103740 -0.527387 0.735875 8
1.109014 -0.555996 0.741730 8
1.098008 -0.593859 0.722539 8
1.088750 -0.631374 0.705911 8
1.062359 -0.679891 0.662829 8
1.054167 -0.718340 0.647572 8
1.150710 -0.689778 0.793507 7
1.167349 -0.710819 0.816464 7
1.168913 -0.741821 0.816112 7
1.161453 -0.779439 0.801724 7
1.179074 -0.799430 0.826020 7
1.101983 -0.889919 0.703540 7
1.144347 -0.892044 0.765968 7
0.644342 2.101567 0.058036 2
0.773054 1.950396 0.257550 2
0.805887 1.881911 0.311167 2
0.810750 1.837046 0.322214 2
0.852782 1.764669 0.389301 2
0.849130 1.728099 0.387163 2
0.858237 1.682635 0.404168 2
0.843665 1.654386 0.385371 2
0.847889 1.613217 0.394796 2
0.817163 1.595466 0.351578 2
0.834639 1.546205 0.380723 2
0.832678 1.509927 0.380562 2
0.835609 1.470968 0.387640 2
0.842874 1.429924 0.401102 2
0.831324 1.399936 0.386307 2
0.832577 1.362889 0.390583 2
0.831584 1.327322 0.391412 2
0.829774 1.292381 0.390934 2
0.835558 1.253954 0.401695 2
0.838952 1.217083 0.408794 2
0.821224 1.189961 0.384352 2
0.837259 1.147990 0.410099 2
0.845506 1.109989 0.424150 2
0.835896 1.079453 0.411567 2
0.842727 1.042628 0.423339 2
0.823425 1.015488 0.396225 2
0.839654 0.975857 0.421781 2
0.831644 0.944693 0.411288 2
0.843146 0.907511 0.429650 2
0.834214 0.876670 0.417645 2
0.854207 0.837945 0.448414 2
0.824242 0.812467 0.405123 2
0.846612 0.773949 0.439242 2
0.837189 0.743117 0.426228 2
0.851487 0.707388 0.448234 2
0.848165 0.675402 0.444101 2
0.856674 0.641463 0.457387 2
0.848809 0.610263 0.446398 2
0.855420 0.577006 0.456731 2
0.857578 0.544525 0.460410 2
0.856263 0.512491 0.458888 2
0.857525 0.480257 0.461102 2
0.861904 0.447913 0.467848 2
0.858219 0.416088 0.462616 2
0.854780 0.384149 0.457677 2
0.861279 0.352021 0.467344 2
0.875786 0.320185 0.488764 2
0.868046 0.288271 0.477266 2
0.864094 0.256244 0.471292 2
0.878525 0.225159 0.492393 2
0.876880 0.193309 0.489688 2
0.886370 0.162412 0.503359 3
0.573359 0.096070 0.040525 3
0.563741 0.057771 0.025747 3
0.571233 0.021558 0.036170 3
0.593154 -0.012129 0.067845 6
0.751762 -0.020619 0.301559 6
0.916009 -0.022615 0.543662 6
1.038550 -0.027944 0.724136 6
1.027643 -0.059985 0.707160 8
1.073130 -0.078471 0.773598 6
1.036828 -0.117244 0.718885 8
1.031695 -0.148551 0.710245 8
1.032690 -0.178307 0.710614 8
1.045913 -0.204251 0.729048 8
1.064543 -0.228036 0.755455 8
1.103914 -0.243940 0.812611 8
1.084497 -0.280478 0.782443 8
1.113716 -0.298870 0.824453 8
1.110325 -0.329689 0.817953 8
1.114555 -0.357543 0.822715 8
1.143539 -0.374395 0.864274 8
1.134614 -0.407935 0.849335 8
1.106896 -0.451052 0.806283 8
1.098542 -0.485702 0.791991 8
1.077475 -0.527480 0.758618 8
1.074395 -0.560587 0.752000 8
1.061998 -0.599238 0.731358 8
1.089226 -0.615752 0.769928 8
1.058532 -0.665995 0.721692 8
1.031507 -0.715437 0.678788 8
1.145525 -0.676609 0.847480 7
1.149755 -0.705476 0.851428 7
1.147523 -0.738821 0.845581 7
1.122363 -0.788493 0.805110 7
1.176210 -0.782941 0.883591 7
1.060023 -0.900710 0.705502 7
1.114962 -0.894056 0.785525 7
0.739464 1.993608 0.281735 2
0.755829 1.937814 0.309505 2
0.771880 1.883418 0.336642 2
0.795080 1.824657 0.374159 2
0.814048 1.770427 0.405263 2
0.831580 1.718413 0.434094 2
0.834772 1.677591 0.441701 2
0.827348 1.644526 0.433621 2
0.814617 1.615043 0.417686 2
0.823727 1.571315 0.433695 2
0.832797 1.528296 0.449531 2
0.822144 1.497893 0.436410 2
0.830670 1.456128 0.451256 2
0.833720 1.418087 0.458000 2
0.802749 1.399113 0.415020 2
0.804048 1.362135 0.419071 2
0.779372 1.338754 0.385199 2
0.783186 1.300660 0.392770 2
0.790312 1.261375 0.405073 2
0.805454 1.218920 0.428936 2
0.797835 1.187211 0.419625 2
0.799217 1.151652 0.423321 2
0.799840 1.116645 0.425839 2
0.783862 1.088235 0.404204 2
0.814650 1.042280 0.450313 2
0.806133 1.011310 0.439355 2
0.827487 0.970293 0.471600 2
0.813063 0.941417 0.451954 2
0.812943 0.907936 0.452955 2
0.822034 0.872010 0.467207 2
0.821079 0.839159 0.466860 2
0.844313 0.800464 0.501406 2
0.815521 0.774534 0.460691 2
0.831311 0.738321 0.484335 2
0.797330 0.712384 0.436026 2
0.806405 0.677766 0.449838 2
0.811556 0.644162 0.457913 2
0.810864 0.611638 0.457489 2
0.840055 0.575388 0.500116 2
0.829513 0.544516 0.485347 2
0.830141 0.512304 0.486631 2
0.831484 0.480100 0.488881 2
0.843088 0.447372 0.505867 2
0.829225 0.416126 0.486064 2
0.841910 0.383766 0.504480 2
0.829244 0.352054 0.486279 2
0.834506 0.320072 0.493867 2
0.832671 0.288084 0.491159 2
0.850370 0.256842 0.516554 2
0.851213 0.225187 0.517584 2
0.832027 0.192023 0.489664 2
0.803715 0.157338 0.448514 3
0.539082 0.095864 0.066380 3
0.544561 0.059457 0.073777 3
0.539059 0.021602 0.065257 3
0.565465 -0.011411 0.102715 6
0.721555 -0.020684 0.327340 6
0.872637 -0.025709 0.544775 6
1.039451 -0.022357 0.784983 6
1.018614 -0.056163 0.754139 8
1.043381 -0.079598 0.789131 6
1.001521 -0.119753 0.727753 8
1.006105 -0.148474 0.733449 8
1.025021 -0.172897 0.759825 8
1.031103 -0.200814 0.767585 8
1.033714 -0.229799 0.770264 8
1.051081 -0.253672 0.794264 8
1.062860 -0.279125 0.810126 8
1.097368 -0.295565 0.858909 8
1.088812 -0.328264 0.845190 8
1.111698 -0.348211 0.877048 8
1.100144 -0.382601 0.858844 8
1.143370 -0.392576 0.920195 8
1.100663 -0.441955 0.856552 8
1.088463 -0.478046 0.837171 8
1.065316 -0.520390 0.801751 8
1.063404 -0.552549 0.797169 8
1.058576 -0.586604 0.788257 8
1.062268 -0.616237 0.791703 8
1.020786 -0.672483 0.729073 8
1.015437 -0.708678 0.719111 8
1.075080 -0.704709 0.804194 7
1.111906 -0.713411 0.855927 7
1.125981 -0.736065 0.874319 7
1.131500 -0.764304 0.880113 7
1.119504 -0.804956 0.860106 7
1.044827 -0.891818 0.747779 7
1.104606 -0.881883 0.833132 7
0.680938 2.057950 0.270494 2
0.703908 1.995770 0.306932 2
0.725855 1.935835 0.341723 2
0.747208 1.877716 0.375495 2
0.749884 1.834971 0.382277 2
0.834621 1.732579 0.506735 2
0.802130 1.717576 0.462783 2
0.796521 1.683011 0.457342 2
0.795201 1.645691 0.457970 2
0.813435 1.595873 0.486480 2
0.787586 1.575075 0.451882 2
0.791793 1.535099 0.460173 2
0.802655 1.491620 0.477868 2
0.781706 1.467226 0.450122 2
0.804193 1.418046 0.484209 2
0.780044 1.395183 0.451802 2
0.806765 1.345130 0.491720 2
0.805159 1.310580 0.491255 2
0.782135 1.286611 0.460298 2
0.791609 1.246844 0.475445 2
0.810150 1.203562 0.503371 2
0.781311 1.181612 0.464019 2
0.788919 1.143746 0.476294 2
0.801725 1.104280 0.495858 2
0.777191 1.079596 0.462471 2
0.777128 1.045383 0.463684 2
0.801624 1.002883 0.499570 2
0.778633 0.976907 0.468223 2
0.791247 0.939263 0.487162 2
0.776301 0.910253 0.467087 2
0.802388 0.869563 0.504918 2
0.780358 0.842318 0.474732 2
0.771283 0.811313 0.462789 2
0.791575 0.773514 0.492228 2
0.790754 0.740884 0.491812 2
0.785561 0.709154 0.485172 2
0.787067 0.676167 0.487923 2
0.781599 0.644406 0.480783 2
0.789509 0.610647 0.492442 2
0.800101 0.576881 0.507820 2
0.780759 0.546741 0.480963 2
0.800613 0.512439 0.509272 2
0.793356 0.480853 0.499331 2
0.797632 0.448392 0.505577 2
0.798289 0.416247 0.506671 2
0.774853 0.384738 0.473778 2
0.793404 0.352119 0.499960 2
0.802744 0.320040 0.513113 2
0.799706 0.287960 0.508778 2
0.806684 0.256182 0.518494 2
0.825876 0.225324 0.545358 2
0.792841 0.191190 0.498605 3
0.794071 0.159047 0.500056 3
0.513893 0.096634 0.104977 3
0.530783 0.061755 0.128324 3
0.534522 0.025525 0.133080 3
0.514435 -0.014403 0.104190 6
0.672985 -0.023960 0.327079 6
0.838523 -0.026959 0.559859 6
0.985881 -0.028264 0.767050 8
1.017104 -0.050780 0.810435 8
1.031854 -0.076308 0.830545 6
0.976298 -0.119600 0.751357 8
0.992321 -0.145167 0.773154 8
0.986971 -0.176550 0.764716 8
1.034541 -0.191849 0.831008 8
1.021868 -0.225326 0.812126 8
1.053153 -0.244244 0.855350 8
1.056633 -0.272264 0.859211 8
1.064080 -0.298803 0.868638 8
1.093682 -0.316446 0.909402 8
1.070303 -0.355143 0.875069 8
1.100676 -0.371619 0.916861 8
1.120788 -0.391798 0.944088 8
1.083454 -0.438295 0.889742 8
1.071143 -0.474171 0.870818 8
1.076928 -0.501573 0.877533 8
1.050574 -0.545750 0.838487 8
1.046489 -0.579075 0.831024 8
1.037451 -0.615547 0.816435 8
1.043170 -0.644068 0.822795 8
1.001802 -0.700716 0.761937 8
1.060327 -0.697694 0.843520 7
1.094204 -0.708351 0.889956 7
1.087062 -0.744806 0.877749 7
1.114790 -0.758331 0.915363 7
0.997664 -0.871481 0.745476 7
1.032361 -0.881311 0.792894 7
1.094677 -0.869833 0.879969 7
0.660284 2.004399 0.320819 2
0.694102 1.935368 0.371090 2
0.724147 1.871024 0.415897 2
0.487754 2.005896 0.087443 2
0.801347 1.734827 0.528975 2
0.808063 1.691976 0.540685 2
0.781972 1.672133 0.506485 2
0.784676 1.632527 0.512457 2
0.795245 1.588291 0.529318 2
0.782185 1.559548 0.513162 2
0.786941 1.519819 0.521771 2
0.785325 1.484309 0.521436 2
0.772014 1.455680 0.504776 2
0.769154 1.421080 0.502597 2
0.799084 1.369181 0.545896 2
0.791830 1.337748 0.537472 2
0.763822 1.316595 0.500211 2
0.784719 1.271274 0.530728 2
0.754649 1.250401 0.490538 2
0.772574 1.207416 0.516794 2
0.760834 1.177889 0.501906 2
0.774807 1.137657 0.522549 2
0.766650 1.106743 0.512514 2
0.758437 1.075747 0.502354 2
0.773364 1.036395 0.524118 2
0.754061 1.009324 0.498535 2
0.744274 0.978683 0.486054 2
0.734148 0.947959 0.473061 2
0.755285 0.908018 0.503154 2
0.746962 0.876917 0.492542 2
0.748298 0.843197 0.495201 2
0.729268 0.814483 0.469733 2
0.741317 0.778362 0.487056 2
0.731939 0.747127 0.474797 2
0.757525 0.709091 0.510651 2
0.763914 0.675281 0.520002 2
0.748387 0.645159 0.499122 2
0.748135 0.612473 0.499227 2
0.767027 0.577496 0.525633 2
0.763476 0.545572 0.521093 2
0.756328 0.513900 0.511556 2
0.746530 0.482228 0.498322 2
0.745995 0.449739 0.497786 2
0.781374 0.415795 0.546612 2
0.761620 0.384369 0.519532 2
0.767328 0.352103 0.527435 2
0.770716 0.320007 0.532095 2
0.758395 0.287634 0.515095 2
0.791383 0.256694 0.560381 2
0.778984 0.224224 0.543176 2
0.788991 0.192969 0.556748 3
0.725664 0.155432 0.469357 3
0.498452 0.098407 0.156350 3
0.493971 0.061159 0.149787 3
0.499068 0.025033 0.156351 3
0.497545 -0.012021 0.153744 3
0.615852 -0.028625 0.316101 6
0.992742 0.007265 0.834639 6
0.962976 -0.027734 0.793098 8
0.999212 -0.049190 0.842445 6
1.003327 -0.077172 0.847496 6
0.961275 -0.116868 0.788849 8
0.956352 -0.147994 0.781330 8
0.977319 -0.171930 0.809477 8
0.995971 -0.195980 0.834401 8
0.996133 -0.225476 0.833767 8
1.011743 -0.249856 0.854420 8
1.037521 -0.270214 0.889090 8
1.051037 -0.294407 0.906792 8
1.058532 -0.320632 0.916136 8
1.064404 -0.347412 0.923195 8
1.061227 -0.377996 0.917688 8
1.085667 -0.396625 0.950370 8
1.044884 -0.444612 0.892670 8
1.018162 -0.487501 0.854350 8
1.026296 -0.514239 0.864282 8
1.023693 -0.546412 0.859273 8
1.027904 -0.575263 0.863668 8
1.012565 -0.614950 0.840846 8
1.002438 -0.652465 0.825188 8
0.987566 -0.693386 0.802851 8
1.048263 -0.689300 0.885651 7
1.066051 -0.710017 0.908722 7
1.083922 -0.730272 0.931886 7
1.096481 -0.753641 0.947615 7
0.986804 -0.860240 0.792580 7
1.039922 -0.857114 0.864801 7
1.078292 -0.862864 0.916446 7
0.603056 2.023559 0.316700 2
0.656561 1.939424 0.392347 2
0.691283 1.871939 0.442135 2
0.455988 2.003399 0.123142 2
0.775022 1.732113 0.560771 2
0.757471 1.706278 0.538859 2
0.758360 1.667721 0.542037 2
0.767588 1.624089 0.556501 2
0.765564 1.588267 0.555580 2
0.756762 1.556855 0.545387 2
0.756932 1.520058 0.547340 2
0.762005 1.480719 0.555891 2
0.752759 1.449872 0.544947 2
0.752111 1.414293 0.545620 2
0.757351 1.375860 0.554218 2
0.746119 1.346210 0.540441 2
0.759443 1.304390 0.559871 2
0.744457 1.276614 0.540921 2
0.747059 1.240548 0.545727 2
0.752113 1.203711 0.553793 2
0.747476 1.171314 0.548705 2
0.712961 1.150963 0.503213 2
0.720217 1.113532 0.514109 2
0.744726 1.070174 0.548236 2
0.745818 1.036036 0.550693 2
0.750076 1.001034 0.557371 2
0.722162 0.976538 0.520620 2
0.721968 0.942913 0.521208 2
0.705272 0.914105 0.499513 2
0.735728 0.872252 0.541302 2
0.724824 0.841911 0.527321 2
0.722381 0.809335 0.524695 2
0.698137 0.781541 0.492676 2
0.728540 0.742018 0.534173 2
0.727733 0.709367 0.533613 2
0.709359 0.679746 0.509374 2
0.732120 0.643305 0.540430 2
0.734292 0.610487 0.543742 2
0.727161 0.578922 0.534499 2
0.725103 0.546647 0.532035 2
0.747582 0.512182 0.562519 2
0.741127 0.480572 0.554055 2
0.738440 0.448573 0.550615 2
0.750727 0.415910 0.567261 2
0.751571 0.383935 0.568482 2
0.741919 0.352082 0.555550 2
0.724064 0.319856 0.531551 2
0.760792 0.288369 0.580876 2
0.767728 0.256855 0.590114 2
0.765949 0.225056 0.587595 2
0.743521 0.191683 0.557274 3
0.664605 0.152562 0.450958 3
-0.059397 0.043412 -0.522814 3
-0.004108 0.004896 -0.448887 6
-0.058884 -0.046969 -0.523031 3
0.458675 -0.013080 0.172610 6
0.564402 -0.032206 0.314355 6
0.254980 -0.125018 -0.102520 6
0.713644 -0.072943 0.514125 6
1.019441 -0.039337 0.925195 6
1.006565 -0.070570 0.907332 6
0.964888 -0.109548 0.850632 8
0.972304 -0.136860 0.859999 8
0.954200 -0.171283 0.834942 8
0.993679 -0.189097 0.887445 8
1.005581 -0.214468 0.902758 8
1.012995 -0.241064 0.911985 8
1.049099 -0.257466 0.959889 8
1.031859 -0.292415 0.935785 8
1.034979 -0.320252 0.939113 8
1.061854 -0.338577 0.974492 8
1.046787 -0.373724 0.953178 8
1.051687 -0.400834 0.958799 8
1.006636 -0.450622 0.896821 8
1.018395 -0.475378 0.911617 8
1.027870 -0.501028 0.923289 8
0.995731 -0.547629 0.878560 8
0.994927 -0.579143 0.876205 8
1.008923 -0.602873 0.893871 8
1.021238 -0.627267 0.909229 8
0.983251 -0.680564 0.856264 8
0.972398 -0.719292 0.840048 8
0.962543 -0.758065 0.825116 7
1.055018 -0.732554 0.949310 7
1.065943 -0.757115 0.962615 7
0.968257 -0.854546 0.827946 7
1.029407 -0.846191 0.909544 7
1.088543 -0.837217 0.988462 7
0.584742 2.011912 0.366036 2
0.558168 1.989529 0.332713 2
0.623713 1.898501 0.422092 2
0.403332 2.016047 0.130656 2
0.277703 2.059207 -0.034397 2
0.202569 2.063620 -0.132165 2
0.180185 2.030693 -0.159790 2
0.110407 2.027845 -0.250377 2
0.042738 2.021501 -0.338124 2
-0.015672 2.007458 -0.413556 2
-0.088616 2.000235 -0.508237 2
-0.219951 2.024072 -0.680243 2
-0.265333 1.996097 -0.738322 2
-0.285502 1.953412 -0.763042 2
-0.301658 1.908316 -0.782498 2
0.735490 1.336932 0.590759 2
0.727064 1.306058 0.580799 2
0.741622 1.264433 0.601169 2
0.735581 1.232741 0.594275 2
0.707820 1.210393 0.558672 2
0.719543 1.170973 0.575155 2
0.720691 1.136331 0.577634 2
0.743567 1.093659 0.608722 2
0.704173 1.074518 0.557663 2
0.739567 1.028334 0.605149 2
0.727168 0.999231 0.589605 2
0.713795 0.970167 0.572747 2
0.710535 0.937802 0.569173 2
0.734133 0.897935 0.600916 2
0.708782 0.871878 0.568186 2
0.702158 0.840473 0.560071 2
0.708658 0.805925 0.569187 2
0.689234 0.777267 0.544164 2
0.712946 0.739489 0.575833 2
0.701151 0.709058 0.560772 2
0.715046 0.674038 0.579447 2
0.702937 0.643461 0.563901 2
0.711670 0.609749 0.575712 2
0.686760 0.580377 0.543274 2
0.684192 0.547960 0.540162 2
0.720664 0.512101 0.588302 2
0.674437 0.483337 0.527757 2
0.707482 0.448740 0.571316 2
0.706768 0.416551 0.570489 2
0.694486 0.384632 0.554429 2
0.716888 0.352060 0.583892 2
0.712549 0.319988 0.578192 2
0.728060 0.288247 0.598530 2
0.713053 0.255779 0.578744 2
0.721668 0.224129 0.589951 2
0.714505 0.191603 0.580395 3
0.594294 0.148960 0.422279 3
-0.101481 0.043110 -0.492131 3
-0.098053 -0.001714 -0.487988 3
-0.105389 -0.047953 -0.498041 3
-0.111951 -0.094391 -0.507133 3
0.542156 -0.030822 0.352181 6
0.192874 -0.129994 -0.107469 6
0.639076 -0.082113 0.478699 6
0.976931 -0.043269 0.922535 6
0.995983 -0.067361 0.947144 6
0.936851 -0.110281 0.868860 8
0.970569 -0.130717 0.912699 8
0.953632 -0.164348 0.889847 8
0.944204 -0.196415 0.876835 8
0.970304 -0.217785 0.910572 8
0.992934 -0.239559 0.939722 8
1.008657 -0.263101 0.959751 1
1.104450 -0.257198 1.085307 1
1.085649 -0.291724 1.059802 1
1.105294 -0.311780 1.084961 1
1.035758 -0.368182 0.992422 8
1.017593 -0.404992 0.967594 8
1.051325 -0.419367 1.011242 8
0.971375 -0.485584 0.904702 8
0.987839 -0.508275 0.925464 8
0.989733 -0.537865 0.926939 8
0.998087 -0.564252 0.936923 8
0.998141 -0.594991 0.935892 8
1.008316 -0.620355 0.948222 8
0.981318 -0.666786 0.911274 8
0.929067 -0.729286 0.840772 8
0.903916 -0.777496 0.806092 7
1.033090 -0.730438 0.976127 7
1.058888 -0.745405 1.009049 7
0.967156 -0.837503 0.885813 7
1.033056 -0.825983 0.971947 7
1.085440 -0.821723 1.040166 7
0.539827 2.021034 0.379657 2
0.523371 1.990684 0.360027 2
0.695953 1.822599 0.585942 2
0.704799 1.777480 0.598964 2
0.703079 1.740340 0.598218 2
0.671043 1.723822 0.558111 2
0.684225 1.676949 0.576613 2
0.689047 1.636188 0.584222 2
0.689244 1.598763 0.585793 2
0.688154 1.562415 0.585654 2
0.709371 1.513381 0.614332 2
0.690700 1.487804 0.591366 2
0.694447 1.449626 0.597354 2
0.708086 1.406624 0.616080 2
0.683239 1.383957 0.585048 2
0.715877 1.332365 0.628213 2
0.699885 1.305230 0.608553 2
0.700971 1.269943 0.610901 2
0.702852 1.234550 0.614236 2
0.690801 1.205332 0.599573 2
0.701177 1.166761 0.613784 2
0.704301 1.131554 0.618610 2
0.696561 1.100692 0.609406 2
0.697327 1.066696 0.611124 2
0.739102 1.018885 0.665597 2
0.712226 0.994904 0.631658 2
0.713011 0.961646 0.633293 2
0.694948 0.934061 0.610650 2
0.706849 0.897738 0.626519 2
0.714450 0.863038 0.636819 2
0.714153 0.830622 0.636931 2
0.714363 0.798184 0.637663 2
0.697974 0.769375 0.617030 2
0.714557 0.733659 0.638739 2
0.706163 0.703062 0.628321 2
0.732012 0.666636 0.661863 2
0.717736 0.637070 0.643828 2
0.706908 0.606658 0.630195 2
0.733566 0.571559 0.664672 2
0.726392 0.540788 0.655670 2
0.718338 0.509910 0.645510 2
0.736218 0.476991 0.668616 2
0.734915 0.445710 0.667063 2
0.732657 0.414448 0.664254 2
0.731391 0.383108 0.662688 2
0.746794 0.351609 0.682492 2
0.719246 0.320258 0.647127 2
0.720909 0.288728 0.649232 2
0.711522 0.256808 0.637120 2
0.719558 0.225532 0.647347 2
0.728278 0.194533 0.658422 2
0.714516 0.161843 0.640602 3
0.429098 0.101056 0.273927 3
0.458787 0.068260 0.311810 3
0.444062 0.030428 0.292626 3
0.435874 -0.006957 0.281800 3
0.516570 -0.030034 0.385113 6
0.434602 -0.079999 0.279438 3
0.630981 -0.077989 0.531351 6
0.969774 -0.039598 0.966324 6
0.970064 -0.067748 0.966322 6
0.920928 -0.108044 0.902752 8
0.915659 -0.138592 0.895533 8
0.930353 -0.163892 0.913957 8
0.936173 -0.191420 0.920945 8
0.938667 -0.219898 0.923629 8
0.960917 -0.241994 0.951707 8
1.014142 -0.252914 1.019643 1
1.091578 -0.253553 1.118761 1
1.160392 -0.254997 1.206800 1
1.215101 -0.259805 1.276691 1
1.295789 -0.252336 1.380076 1
1.294525 -0.277073 1.377854 1
1.305996 -0.296369 1.392029 1
1.324837 -0.312042 1.415693 1
0.946271 -0.516066 0.926508 8
0.961277 -0.539457 0.945014 8
0.944412 -0.578771 0.922342 8
1.004168 -0.578497 0.998611 8
0.995858 -0.613412 0.986933 8
0.957192 -0.665904 0.935960 8
0.922133 -0.717907 0.889573 8
0.887372 -0.771229 0.843493 7
0.814833 -0.849330 0.748415 7
1.049997 -0.735227 1.051840 7
0.965311 -0.821474 0.940951 7
1.003648 -0.828579 0.989455 7
1.048556 -0.830011 1.046500 7
1.374194 1.473012 1.505349 1
1.372548 1.447265 1.504235 1
1.374433 1.418939 1.507578 1
1.355130 1.407359 1.484006 1
1.380106 1.361886 1.516588 1
1.382457 1.334270 1.520432 1
1.374526 1.314359 1.511220 1
1.370634 1.291571 1.507107 1
1.375017 1.263246 1.513448 1
1.377323 1.236680 1.517132 1
1.362960 1.221132 1.499707 1
1.376393 1.187900 1.517414 1
1.365702 1.169996 1.504599 1
1.373099 1.141246 1.514620 1
1.377473 1.114672 1.520794 1
1.383330 1.087608 1.528814 1
1.368207 1.072182 1.510335 1
1.378048 1.043427 1.523336 1
1.367819 1.025255 1.511002 1
1.370749 1.000499 1.515242 1
1.367609 0.978833 1.511811 1
1.365964 0.956528 1.510245 1
1.362475 0.935107 1.506337 1
1.359973 0.913285 1.503657 1
1.354326 0.892771 1.496998 1
1.348410 0.872294 1.489986 1
1.364687 0.843545 1.510880 1
1.347182 0.827357 1.489253 1
1.349212 0.804127 1.492185 1
1.371058 0.774710 1.520012 1
1.363886 0.754924 1.511331 1
1.373933 0.730028 1.524279 1
1.360489 0.711938 1.507684 1
1.390994 0.682217 1.546297 1
1.358919 0.668609 1.506263 1
1.392944 0.639176 1.549252 1
1.369898 0.622828 1.520536 1
1.367923 0.601734 1.518270 1
1.380750 0.577996 1.534573 1
1.364263 0.559470 1.514053 1
1.375879 0.536348 1.528800 1
1.363364 0.516799 1.513236 1
1.365655 0.495182 1.516243 1
1.378960 0.472563 1.533057 1
1.363782 0.452801 1.514105 1
1.349106 0.432558 1.495770 1
1.360561 0.410472 1.510210 1
1.336597 0.390119 1.480188 1
1.369355 0.367726 1.521328 1
1.360016 0.346674 1.509626 1
1.360961 0.325415 1.510811 1
1.350497 0.303920 1.497665 1
1.393376 0.284152 1.551437 1
1.381897 0.262762 1.536985 1
1.368644 0.240880 1.520289 1
1.341972 0.217430 1.486734 1
1.376402 0.199263 1.529846 1
1.368527 0.177233 1.519848 1
1.369647 0.156109 1.521124 1
1.374160 0.135481 1.526641 1
1.365658 0.112838 1.515805 1
1.369158 0.092022 1.520018 1
1.343569 0.065631 1.487688 1
1.395389 0.054592 1.552550 1
1.370190 0.027783 1.520672 1
1.355251 0.002589 1.501656 1
1.375314 -0.014160 1.526596 1
1.366610 -0.038188 1.515376 1
1.363844 -0.060857 1.511598 1
1.352490 -0.086312 1.497005 1
1.359782 -0.106243 1.505834 1
1.361333 -0.127964 1.507428 1
1.360984 -0.150404 1.506614 1
1.356276 -0.174568 1.500298 1
1.352516 -0.198629 1.495153 1
1.365362 -0.216253 1.510890 1
1.360518 -0.240976 1.504342 1
1.379674 -0.255542 1.527999 1
1.363808 -0.285421 1.507528 1
1.394303 -0.294243 1.545450 1
1.355367 -0.335884 1.495853 1
1.376271 -0.348926 1.521659 1
1.377523 -0.371618 1.522675 1
1.362195 -0.403327 1.502750 1
1.376993 -0.419038 1.520815 1
1.371167 -0.446195 1.512832 1
1.370304 -0.470811 1.511089 1
1.379824 -0.489341 1.522444 1
1.370148 -0.519721 1.509520 1
1.381381 -0.537204 1.523005 1
1.346891 -0.584720 1.478628 1
1.373448 -0.592231 1.511462 1
1.388193 -0.607231 1.529343 1
1.371867 -0.644183 1.507851 1
1.364025 -0.675747 1.497067 1
1.405099 -0.670943 1.548285 1
1.371804 -0.722373 1.505163 1
1.374268 -0.746988 1.507368 1
1.374932 -0.773245 1.507263 1
1.367702 -0.806337 1.497097 1
1.365527 1.490229 1.537653 1
1.374606 1.455729 1.549665 1
1.360941 1.440085 1.533479 1
1.377063 1.400907 1.554159 1
1.363767 1.385045 1.538401 1
1.375512 1.350315 1.553608 1
1.363382 1.333581 1.539266 1
1.372170 1.301861 1.550767 1
1.375405 1.274517 1.555381 1
1.347317 1.268495 1.521289 1
1.371711 1.227468 1.551995 1
1.384343 1.194982 1.568147 1
1.374344 1.177088 1.556350 1
1.368661 1.156450 1.549866 1
1.369692 1.131899 1.551648 1
1.355545 1.116119 1.534704 1
1.371952 1.083328 1.555404 1
1.347282 1.073012 1.525472 1
1.352894 1.046503 1.532835 1
1.385388 1.007018 1.573280 1
1.380461 0.986689 1.567622 1
1.353013 0.976743 1.534237 1
1.357279 0.951894 1.539872 1
1.355145 0.930065 1.537618 1
1.361004 0.904992 1.545181 1
1.369176 0.879314 1.555570 1
1.363763 0.859183 1.549239 1
1.357760 0.839202 1.542170 1
1.371101 0.812398 1.558865 1
1.350159 0.797508 1.533413 1
1.386711 0.763862 1.578592 1
1.362905 0.749599 1.549599 1
1.353153 0.730667 1.537864 1
1.367796 0.704948 1.556077 1
1.377852 0.680926 1.568639 1
1.375686 0.660193 1.566179 1
1.363949 0.641584 1.551958 1
1.367927 0.619425 1.557017 1
1.342534 0.603061 1.526013 1
1.370583 0.576575 1.560588 1
1.380299 0.553941 1.572647 1
1.361028 0.535852 1.549124 1
1.382506 0.511929 1.575589 1
1.377670 0.491707 1.569755 1
1.356575 0.472978 1.543959 1
1.370921 0.450663 1.561634 1
1.373805 0.429594 1.565234 1
1.366772 0.409160 1.556655 1
1.389322 0.387401 1.584354 1
1.348624 0.367782 1.534455 1
1.357767 0.346551 1.545682 1
1.351020 0.325480 1.537406 1
1.348787 0.304304 1.534655 1
1.384133 0.284484 1.577989 1
1.382039 0.263735 1.575383 1
1.366486 0.241987 1.556255 1
1.379824 0.222165 1.572556 1
1.366289 0.200066 1.555877 1
1.377105 0.180311 1.569061 1
1.362522 0.157563 1.551069 1
1.351821 0.134896 1.537826 1
1.356832 0.114378 1.543850 1
1.358621 0.093405 1.545907 1
1.383591 0.076869 1.576405 1
1.362884 0.051615 1.550826 1
1.345479 0.026395 1.529284 1
1.354103 0.006759 1.539680 1
1.390496 -0.005641 1.584164 1
1.367471 -0.032954 1.555678 1
1.380082 -0.050920 1.570939 1
1.355162 -0.079843 1.540089 1
1.365947 -0.098348 1.553081 1
1.364361 -0.120708 1.550865 1
1.381146 -0.136819 1.571210 1
1.363730 -0.164946 1.549509 1
1.352980 -0.191202 1.535981 1
1.371047 -0.206490 1.557871 1
1.365353 -0.231115 1.550529 1
1.350788 -0.259852 1.532258 1
1.359126 -0.278989 1.542145 1
1.381924 -0.291301 1.569817 1
1.388817 -0.310606 1.577909 1
1.374123 -0.340518 1.559408 1
1.373920 -0.363647 1.558731 1
1.358898 -0.394781 1.539782 1
1.356899 -0.419472 1.536855 1
1.380009 -0.430246 1.564860 1
1.364867 -0.462620 1.545700 1
1.368547 -0.484436 1.549727 1
1.369827 -0.507789 1.550777 1
1.354545 -0.541788 1.531372 1
1.351386 -0.568633 1.526903 1
1.372839 -0.579319 1.552808 1
1.371030 -0.605446 1.549976 1
1.366261 -0.633953 1.543464 1
1.372075 -0.655198 1.550013 1
1.372943 -0.680143 1.550431 1
1.375110 -0.704314 1.552436 1
1.365176 -0.738117 1.539444 1
1.387529 -0.746709 1.566405 1
1.377726 -0.781087 1.553530 1
1.362490 -0.820698 1.533888 1
1.349478 1.486489 1.561249 1
1.359279 1.451690 1.573622 1
1.364745 1.420966 1.580740 1
1.344934 1.410187 1.557327 1
1.358935 1.373513 1.574714 1
1.360710 1.346571 1.577329 1
1.368193 1.315858 1.586812 1
1.328303 1.318636 1.539161 1
1.366708 1.267094 1.585895 1
1.326371 1.269147 1.537703 1
1.351224 1.228085 1.568061 1
1.345491 1.207221 1.561553 1
1.354534 1.177377 1.572827 1
1.354730 1.153258 1.573433 1
1.347470 1.133600 1.565053 1
1.356901 1.104592 1.576750 1
1.345316 1.087399 1.563146 1
1.356967 1.057847 1.577486 1
1.334399 1.046137 1.550655 1
1.346906 1.016683 1.566000 1
1.347730 0.993307 1.567283 1
1.354692 0.967299 1.575933 1
1.335388 0.953198 1.552999 1
1.344342 0.926636 1.564022 1
1.376500 0.891038 1.602911 1
1.344816 0.881562 1.565081 1
1.332241 0.864016 1.550204 1
1.337898 0.839627 1.557219 1
1.362899 0.808876 1.587453 1
1.375294 0.783142 1.602534 1
1.341570 0.772280 1.562229 1
1.356267 0.746097 1.580053 1
1.351389 0.725953 1.574367 1
1.340061 0.707447 1.560932 1
1.371503 0.677975 1.598818 1
1.344729 0.663196 1.566828 1
1.343086 0.642149 1.564989 1
1.330349 0.623375 1.549831 1
1.337548 0.600508 1.558585 1
1.348190 0.577315 1.571457 1
1.325066 0.559836 1.543814 1
1.327609 0.538027 1.546953 1
1.336402 0.515534 1.557581 1
1.326281 0.495477 1.545511 1
1.329865 0.473806 1.549872 1
1.337295 0.451952 1.558837 1
1.340155 0.430653 1.562311 1
1.348485 0.409171 1.572335 1
1.359246 0.387863 1.585268 1
1.348586 0.367370 1.572500 1
1.349467 0.346477 1.573566 1
1.329494 0.325455 1.549613 1
1.352071 0.304790 1.576680 1
1.359688 0.284236 1.585798 1
1.331199 0.262002 1.551605 1
1.358278 0.242654 1.584047 1
1.355098 0.221602 1.580189 1
1.343072 0.199567 1.565713 1
1.345452 0.178768 1.568506 1
1.340225 0.157037 1.562166 1
1.345141 0.136564 1.567984 1
1.337764 0.114255 1.559046 1
1.347492 0.094646 1.570620 1
1.348435 0.073628 1.571646 1
1.346720 0.052045 1.569474 1
1.345655 0.030496 1.568073 1
1.335784 0.006788 1.556093 1
1.341537 -0.013383 1.562855 1
1.334996 -0.036710 1.554852 1
1.357831 -0.052061 1.582100 1
1.357440 -0.073667 1.581462 1
1.350005 -0.097566 1.572357 1
1.345492 -0.120827 1.566749 1
1.352427 -0.140391 1.574877 1
1.350861 -0.162887 1.572789 1
1.343240 -0.187808 1.563416 1
1.336279 -0.212820 1.554824 1
1.351417 -0.229170 1.572772 1
1.346332 -0.253711 1.566414 1
1.337670 -0.280113 1.555743 1
1.312616 -0.314398 1.525353 1
1.361976 -0.314497 1.584411 1
1.351512 -0.342350 1.571539 1
1.349260 -0.366544 1.568529 1
1.359088 -0.384658 1.580039 1
1.344389 -0.415817 1.562030 1
1.336558 -0.443818 1.552269 1
1.335411 -0.468428 1.550537 1
1.340581 -0.489526 1.556399 1
1.353002 -0.506226 1.570981 1
1.354705 -0.529380 1.572650 1
1.356776 -0.552436 1.574750 1
1.351601 -0.580404 1.568106 1
1.357652 -0.601155 1.574979 1
1.372091 -0.616064 1.591955 1
1.360646 -0.649168 1.577710 1
1.366427 -0.670298 1.584226 1
1.367805 -0.694764 1.585418 1
1.356822 -0.728948 1.571676 1
1.377767 -0.738607 1.596462 1
1.358347 -0.780361 1.572497 1
1.347157 -0.816328 1.558446 1
1.328485 1.486901 1.578724 1
1.314548 1.471203 1.562628 1
1.310642 1.447451 1.558341 1
1.328980 1.406930 1.580231 1
1.322843 1.385475 1.573298 1
1.325552 1.357650 1.576769 1
1.325488 1.332116 1.576968 1
1.313381 1.315078 1.562992 1
1.321839 1.284078 1.573200 1
1.307037 1.268738 1.556045 1
1.322558 1.233875 1.574540 1
1.325324 1.207613 1.578029 1
1.312542 1.190956 1.563231 1
1.296367 1.176024 1.544443 1
1.297151 1.151141 1.545582 1
1.307607 1.121158 1.558079 1
1.313339 1.094205 1.565015 1
1.318734 1.067779 1.571548 1
1.319791 1.043849 1.572976 1
1.344391 1.008750 1.602049 1
1.303203 1.005249 1.553850 1
1.310492 0.978747 1.562577 1
1.327617 0.948347 1.582847 1
1.327808 0.925697 1.583225 1
1.332657 0.901301 1.589065 1
1.307716 0.888673 1.559929 1
1.299638 0.869127 1.550585 1
1.298255 0.847060 1.549094 1
1.297570 0.824816 1.548416 1
1.356743 0.783286 1.617975 1
1.339365 0.767257 1.597694 1
1.320329 0.751262 1.575464 1
1.300839 0.734890 1.552699 1
1.323305 0.707009 1.579152 1
1.309643 0.688799 1.563215 1
1.313367 0.666217 1.567669 1
1.306442 0.646117 1.559626 1
1.303161 0.625134 1.555852 1
1.318909 0.600565 1.574391 1
1.305312 0.581544 1.558507 1
1.321398 0.557526 1.577431 1
1.306317 0.538435 1.559797 1
1.317645 0.515596 1.573129 1
1.307097 0.495566 1.560800 1
1.301779 0.474747 1.554602 1
1.303546 0.453219 1.556705 1
1.309153 0.431509 1.563306 1
1.323515 0.409530 1.580169 1
1.309257 0.389051 1.563465 1
1.330358 0.367374 1.588219 1
1.310511 0.346632 1.564951 1
1.312842 0.325468 1.567685 1
1.303738 0.304116 1.557004 1
1.317167 0.283324 1.572741 1
1.318556 0.262295 1.574354 1
1.327393 0.241790 1.584696 1
1.319339 0.220152 1.575225 1
1.336129 0.200649 1.594884 1
1.300424 0.175773 1.552975 1
1.326047 0.157547 1.582983 1
1.320045 0.135586 1.575897 1
1.312398 0.113150 1.566876 1
1.313803 0.091991 1.568466 1
1.304524 0.068838 1.557520 1
1.317249 0.049783 1.572377 1
1.322808 0.029506 1.578823 1
1.312870 0.005750 1.567086 1
1.319577 -0.014266 1.574869 1
1.326645 -0.034052 1.583071 1
1.315067 -0.058863 1.569392 1
1.316656 -0.080255 1.571155 1
1.319610 -0.101260 1.574513 1
1.334944 -0.118255 1.592395 1
1.316498 -0.146317 1.570630 1
1.319885 -0.167308 1.574481 1
1.320619 -0.189276 1.575212 1
1.303283 -0.218302 1.554725 1
1.329155 -0.230626 1.584954 1
1.302390 -0.264232 1.553383 1
1.327580 -0.276281 1.582804 1
1.319146 -0.302772 1.572740 1
1.299925 -0.334694 1.549999 1
1.304035 -0.356128 1.554651 1
1.326570 -0.368387 1.580938 1
1.309580 -0.400411 1.560794 1
1.344603 -0.405502 1.601747 1
1.321259 -0.441590 1.574120 1
1.286576 -0.485036 1.533154 1
1.302648 -0.500286 1.551825 1
1.316501 -0.516502 1.567885 1
1.305449 -0.547781 1.554663 1
1.298111 -0.577284 1.545795 1
1.307921 -0.596081 1.557084 1
1.328584 -0.607485 1.581134 1
1.325550 -0.634641 1.577307 1
1.308741 -0.671831 1.557265 1
1.318312 -0.690800 1.568249 1
1.318483 -0.716623 1.568167 1
1.335118 -0.730188 1.587455 1
1.334640 -0.756701 1.586595 1
1.300544 -0.810278 1.546138 1
1.325744 -0.817055 1.575495 1
1.271797 1.488611 1.555330 1
1.252019 1.476656 1.532725 1
1.267710 1.437692 1.550841 1
1.274480 1.406071 1.558712 1
1.288251 1.369953 1.574615 1
1.292352 1.341280 1.579415 1
1.277966 1.325496 1.562990 1
1.262319 1.310260 1.545117 1
1.258579 1.287050 1.540909 1
1.283763 1.245841 1.569895 1
1.290407 1.216967 1.577598 1
1.290200 1.192557 1.577436 1
1.264116 1.183185 1.547578 1
1.272844 1.153711 1.557665 1
1.276367 1.127516 1.561777 1
1.287851 1.097429 1.575020 1
1.277542 1.078953 1.563257 1
1.304523 1.041950 1.594274 1
1.282192 1.029430 1.568715 1
1.289560 1.002679 1.577224 1
1.292696 0.978177 1.580877 1
1.280854 0.960316 1.567346 1
1.272625 0.940718 1.557959 1
1.259341 0.922987 1.542771 1
1.270189 0.895764 1.555262 1
1.293196 0.864546 1.581697 1
1.283378 0.845634 1.570479 1
1.286024 0.822349 1.573555 1
1.276593 0.803097 1.562778 1
1.284384 0.778411 1.571751 1
1.269970 0.760462 1.555256 1
1.303508 0.729034 1.593753 1
1.294935 0.709586 1.583953 1
1.281635 0.691102 1.568730 1
1.309862 0.662796 1.601129 1
1.274194 0.649046 1.560251 1
1.297081 0.622655 1.586522 1
1.292699 0.602014 1.581519 1
1.302590 0.578880 1.592883 1
1.296709 0.558518 1.586158 1
1.275018 0.540228 1.561302 1
1.307217 0.514618 1.598239 1
1.259317 0.498797 1.543328 1
1.285277 0.474562 1.573108 1
1.262897 0.455010 1.547455 1
1.290911 0.431503 1.579587 1
1.284610 0.410593 1.572369 1
1.267685 0.389902 1.552967 1
1.275193 0.368189 1.561579 1
1.285956 0.346678 1.573923 1
1.293748 0.325461 1.582857 1
1.274837 0.303885 1.561172 1
1.292304 0.283081 1.581196 1
1.264279 0.260447 1.549057 1
1.291299 0.240605 1.580032 1
1.291483 0.219375 1.580234 1
1.266597 0.195741 1.551688 1
1.270712 0.174538 1.556394 1
1.291910 0.155556 1.580687 1
1.247370 0.127999 1.529598 1
1.282493 0.111372 1.569856 1
1.294283 0.091798 1.583356 1
1.273200 0.066483 1.559160 1
1.272575 0.044557 1.558420 1
1.279708 0.024214 1.566575 1
1.290361 0.004829 1.578765 1
1.266404 -0.022730 1.551263 1
1.290249 -0.038716 1.578579 1
1.296837 -0.058778 1.586103 1
1.281784 -0.084968 1.568805 1
1.301031 -0.101268 1.590843 1
1.276423 -0.131069 1.562583 1
1.280402 -0.152148 1.567107 1
1.276317 -0.176023 1.562380 1
1.297841 -0.190767 1.587025 1
1.282479 -0.219000 1.569359 1
1.280275 -0.242603 1.566783 1
1.270321 -0.269586 1.555316 1
1.279861 -0.288660 1.566207 1
1.306053 -0.300167 1.596200 1
1.266892 -0.341019 1.551219 1
1.284222 -0.356382 1.571043 1
1.262859 -0.390365 1.546473 1
1.268135 -0.411651 1.552464 1
1.262659 -0.438561 1.546115 1
1.281598 -0.452604 1.567780 1
1.293942 -0.469866 1.581875 1
1.278208 -0.503011 1.563749 1
1.292495 -0.519119 1.580070 1
1.275188 -0.554137 1.560132 1
1.284566 -0.573258 1.570816 1
1.276661 -0.603355 1.561662 1
1.271490 -0.632130 1.555643 1
1.309803 -0.631859 1.599534 1
1.283653 -0.675240 1.569429 1
1.266435 -0.713413 1.549572 1
1.275477 -0.733261 1.559856 1
1.278107 -0.757827 1.562779 1
1.279275 -0.783673 1.564019 1
1.286599 -0.804905 1.572325 1
1.231673 1.503499 1.552230 1
1.241978 1.468313 1.563667 1
1.256384 1.430734 1.579700 1
1.218475 1.431603 1.537147 1
1.228036 1.398017 1.547760 1
1.252312 1.354924 1.574858 1
1.231858 1.342772 1.551858 1
1.253076 1.303024 1.575539 1
1.261109 1.272565 1.584456 1
1.227734 1.268113 1.546986 1
1.239578 1.235613 1.560175 1
1.256145 1.200947 1.578661 1
1.239089 1.186063 1.559477 1
1.236416 1.162882 1.556411 1
1.252093 1.129989 1.573908 1
1.235605 1.114419 1.555366 1
1.242570 1.086714 1.563107 1
1.266946 1.050933 1.590362 1
1.255844 1.032734 1.577860 1
1.247970 1.012858 1.568979 1
1.245034 0.990707 1.565632 1
1.254001 0.963565 1.575629 1
1.249441 0.942331 1.570466 1
1.255278 0.917005 1.576959 1
1.263927 0.890915 1.586608 1
1.245734 0.874882 1.566170 1
1.270161 0.843672 1.593508 1
1.241010 0.831002 1.560788 1
1.243929 0.807434 1.564022 1
1.234330 0.787803 1.553223 1
1.252506 0.760048 1.573564 1
1.224374 0.745432 1.541992 1
1.250767 0.716132 1.571548 1
1.239214 0.696814 1.558566 1
1.260712 0.669762 1.582641 1
1.254520 0.649249 1.575673 1
1.230025 0.632203 1.548184 1
1.233451 0.609424 1.552002 1
1.246551 0.585182 1.566669 1
1.242861 0.563925 1.562512 1
1.255779 0.540317 1.576980 1
1.233600 0.521444 1.552096 1
1.252739 0.497474 1.573541 1
1.273755 0.473912 1.597094 1
1.227421 0.456345 1.545130 1
1.250021 0.432971 1.570463 1
1.235530 0.412146 1.554207 1
1.252159 0.389791 1.572848 1
1.272391 0.367848 1.595530 1
1.240888 0.346870 1.560205 1
1.230690 0.325138 1.548770 1
1.234811 0.303419 1.553393 1
1.236231 0.281716 1.554988 1
1.254389 0.260891 1.575353 1
1.258007 0.239631 1.579417 1
1.243356 0.217005 1.562998 1
1.226518 0.193726 1.544128 1
1.248784 0.174179 1.569107 1
1.227491 0.149886 1.545245 1
1.255689 0.131753 1.576879 1
1.237813 0.107388 1.556853 1
1.259535 0.089067 1.581228 1
1.252630 0.066140 1.573506 1
1.240380 0.041910 1.559794 1
1.274540 0.027056 1.598118 1
1.248285 -0.000485 1.568708 1
1.228804 -0.027235 1.546895 1
1.251509 -0.043861 1.572380 1
1.256830 -0.064580 1.578378 1
1.255919 -0.086993 1.577390 1
1.251264 -0.110638 1.572207 1
1.248463 -0.133923 1.569104 1
1.223033 -0.164858 1.540636 1
1.239450 -0.182201 1.559082 1
1.241199 -0.204436 1.561086 1
1.258068 -0.221036 1.580041 1
1.232987 -0.253649 1.551974 1
1.227562 -0.279152 1.545943 1
1.250943 -0.292775 1.572201 1
1.242660 -0.319665 1.562971 1
1.218491 -0.354154 1.535940 1
1.255450 -0.360837 1.577419 1
1.249224 -0.387454 1.570501 1
1.250497 -0.410657 1.571990 1
1.216978 -0.451978 1.534493 1
1.239475 -0.464643 1.559770 1
1.239626 -0.489034 1.560007 1
1.254003 -0.505532 1.576187 1
1.246972 -0.534214 1.568384 1
1.235165 -0.566178 1.555232 1
1.252842 -0.580550 1.575114 1
1.272867 -0.593034 1.597627 1
1.247846 -0.634344 1.569681 1
1.240869 -0.664673 1.561952 1
1.229047 -0.698782 1.548800 1
1.234415 -0.721453 1.554904 1
1.257920 -0.731107 1.581324 1
1.240930 -0.770059 1.562393 1
1.242012 -0.796206 1.563705 1
1.248075 -0.818716 1.570596 1
1.209151 1.477190 1.569117 1
1.211704 1.448247 1.571608 1
1.230465 1.408126 1.591816 1
1.197619 1.404665 1.555645 1
1.218684 1.363863 1.578393 1
1.212752 1.341793 1.571645 1
1.207403 1.319361 1.565541 1
1.202240 1.296843 1.559644 1
1.233948 1.251923 1.594078 1
1.191375 1.252210 1.547281 1
1.200960 1.221272 1.557537 1
1.213911 1.188948 1.571485 1
1.238721 1.150782 1.598419 1
1.226244 1.133226 1.584564 1
1.218578 1.112973 1.575976 1
1.221127 1.087576 1.578575 1
1.222638 1.062907 1.580044 1
1.205713 1.046976 1.561335 1
1.214614 1.019087 1.570909 1
1.224439 0.991209 1.581501 1
1.187668 0.983194 1.541072 1
1.181212 0.961997 1.533845 1
1.217714 0.924121 1.573677 1
1.213225 0.902688 1.568619 1
1.209671 0.880895 1.564590 1
1.234216 0.849512 1.591353 1
1.213725 0.833653 1.568778 1
1.204257 0.813843 1.558285 1
1.198708 0.792680 1.552091 1
1.246698 0.756362 1.604578 1
1.206226 0.745145 1.560121 1
1.220851 0.718921 1.576055 1
1.216054 0.697808 1.570708 1
1.201365 0.678828 1.554521 1
1.229757 0.650507 1.585567 1
1.228441 0.628827 1.584052 1
1.217497 0.608888 1.571986 1
1.220304 0.586416 1.575000 1
1.207844 0.566366 1.561283 1
1.205849 0.544577 1.559043 1
1.189980 0.524454 1.541595 1
1.202912 0.500821 1.555734 1
1.225182 0.476721 1.580117 1
1.226686 0.454917 1.581735 1
1.218672 0.433789 1.572921 1
1.217870 0.412089 1.572021 1
1.217936 0.390349 1.572078 1
1.223126 0.368511 1.577759 1
1.207313 0.346976 1.560413 1
1.218519 0.325186 1.572701 1
1.217759 0.303456 1.571874 1
1.219054 0.281773 1.573304 1
1.193491 0.258774 1.545288 1
1.197822 0.236953 1.550058 1
1.211513 0.215973 1.565096 1
1.185161 0.191643 1.536232 1
1.230804 0.174252 1.586317 1
1.225051 0.151893 1.580050 1
1.204943 0.127382 1.558049 1
1.196630 0.104029 1.548988 1
1.205117 0.083163 1.558350 1
1.236495 0.066600 1.592814 1
1.219072 0.041440 1.573780 1
1.237715 0.023233 1.594291 1
1.219574 -0.002687 1.574482 1
1.241321 -0.019726 1.598404 1
1.200349 -0.052008 1.553584 1
1.230708 -0.066531 1.586954 1
1.221920 -0.091257 1.577422 1
1.194521 -0.121839 1.547502 1
1.190348 -0.146090 1.543043 1
1.213559 -0.161625 1.568596 1
1.217280 -0.183208 1.572797 1
1.192316 -0.214994 1.545576 1
1.237577 -0.221565 1.595296 1
1.209254 -0.255308 1.564411 1
1.224941 -0.272348 1.581740 1
1.207461 -0.302858 1.562749 1
1.220054 -0.321023 1.576700 1
1.212766 -0.347833 1.568885 1
1.210661 -0.372601 1.566753 1
1.210145 -0.396812 1.566367 1
1.190992 -0.430411 1.545588 1
1.207900 -0.446346 1.564289 1
1.213030 -0.468106 1.570102 1
1.237370 -0.479434 1.596941 1
1.208635 -0.519816 1.565712 1
1.220353 -0.538031 1.578751 1
1.203598 -0.572894 1.560651 1
1.228219 -0.583326 1.587813 1
1.206522 -0.622084 1.564327 1
1.219920 -0.639246 1.579225 1
1.186537 -0.686980 1.542989 1
1.208855 -0.698424 1.567651 1
1.215949 -0.719879 1.575676 1
1.198937 -0.758444 1.557369 1
1.204863 -0.781146 1.564134 1
1.215927 -0.800055 1.576518 1
1.180606 1.482670 1.579784 1
1.181713 1.454732 1.580470 1
1.142835 1.455101 1.538548 1
1.175782 1.405262 1.573203 1
1.183745 1.373433 1.581243 1
1.175931 1.352349 1.572469 1
1.154972 1.339542 1.549676 1
1.174317 1.301388 1.569905 1
1.149249 1.290736 1.542739 1
1.174763 1.249916 1.569590 1
1.182633 1.220130 1.577619 1
1.183701 1.194532 1.578395 1
1.158157 1.183399 1.550747 1
1.176882 1.148602 1.570415 1
1.174264 1.125321 1.567285 1
1.163806 1.105944 1.555782 1
1.163893 1.081402 1.555565 1
1.161747 1.058030 1.552969 1
1.163380 1.033060 1.554426 1
1.175549 1.003776 1.567168 1
1.169590 0.982454 1.560525 1
1.175962 0.956183 1.567088 1
1.161675 0.938106 1.551548 1
1.180234 0.907670 1.571181 1
1.165194 0.889714 1.554850 1
1.183415 0.860209 1.574146 1
1.150624 0.847771 1.538821 1
1.187116 0.813165 1.577710 1
1.183447 0.791474 1.573594 1
1.179325 0.769886 1.569001 1
1.179912 0.747016 1.569462 1
1.155787 0.730391 1.543450 1
1.153263 0.708072 1.540594 1
1.176682 0.680037 1.565552 1
1.179770 0.656922 1.568731 1
1.161005 0.638135 1.548493 1
1.198624 0.608881 1.588709 1
1.188912 0.588457 1.578193 1
1.166916 0.569625 1.554514 1
1.169521 0.546904 1.557221 1
1.166540 0.524966 1.553946 1
1.152645 0.504132 1.538976 1
1.186397 0.478563 1.575109 1
1.175359 0.457450 1.563221 1
1.158868 0.436394 1.545491 1
1.173692 0.413343 1.561355 1
1.183142 0.390914 1.571464 1
1.187787 0.368862 1.576428 1
1.142497 0.347300 1.527847 1
1.168875 0.324968 1.556137 1
1.202189 0.303524 1.591874 1
1.172116 0.280780 1.559639 1
1.189875 0.259538 1.578711 1
1.182603 0.237195 1.570945 1
1.188575 0.215658 1.577393 1
1.188070 0.193673 1.576903 1
1.166843 0.169454 1.554200 1
1.158754 0.146181 1.545596 1
1.174930 0.125905 1.563020 1
1.142196 0.098785 1.528011 1
1.175196 0.081393 1.563488 1
1.181114 0.060100 1.569936 1
1.177600 0.037123 1.566283 1
1.184025 0.016036 1.573293 1
1.186674 -0.005756 1.576262 1
1.187498 -0.027961 1.577284 1
1.185237 -0.050976 1.575010 1
1.188247 -0.072737 1.578394 1
1.186328 -0.095857 1.576504 1
1.187621 -0.118171 1.578066 1
1.210289 -0.133961 1.602533 1
1.179682 -0.166330 1.569944 1
1.170410 -0.192508 1.560219 1
1.187519 -0.209780 1.578756 1
1.186349 -0.233346 1.577728 1
1.175790 -0.260638 1.566658 1
1.178987 -0.282902 1.570325 1
1.171294 -0.309670 1.562348 1
1.187520 -0.326582 1.579977 1
1.160184 -0.362392 1.551007 1
1.188581 -0.373668 1.581671 1
1.171454 -0.405744 1.563650 1
1.181603 -0.425166 1.574812 1
1.161460 -0.459696 1.553597 1
1.177892 -0.475995 1.571494 1
1.196488 -0.490777 1.591708 1
1.176489 -0.526429 1.570690 1
1.172508 -0.553799 1.566803 1
1.156020 -0.588781 1.549574 1
1.158975 -0.612815 1.553123 1
1.152451 -0.642793 1.546565 1
1.156082 -0.666757 1.550861 1
1.164524 -0.687682 1.560299 1
1.180026 -0.703832 1.577276 1
1.165553 -0.740175 1.562296 1
1.187192 -0.751930 1.585832 1
1.160951 -0.797561 1.558344 1
1.159556 -0.826073 1.557357 1
1.136196 1.499507 1.574377 1
1.104660 1.494381 1.540899 1
1.137109 1.444175 1.573965 1
1.135523 1.418264 1.571663 1
1.136103 1.391102 1.571632 1
1.132720 1.366719 1.567495 1
1.130759 1.341549 1.564853 1
1.159100 1.298072 1.593804 1
1.135193 1.286673 1.568330 1
1.161052 1.246002 1.594748 1
1.132940 1.236595 1.564907 1
1.138716 1.208013 1.570421 1
1.111757 1.197102 1.541790 1
1.136263 1.159092 1.566888 1
1.113701 1.145439 1.542864 1
1.140301 1.107526 1.570194 1
1.130904 1.087394 1.559946 1
1.150448 1.054040 1.579952 1
1.111195 1.047093 1.538522 1
1.149602 1.006349 1.578285 1
1.138829 0.986884 1.566650 1
1.135568 0.964276 1.562880 1
1.148798 0.935472 1.576378 1
1.147394 0.912470 1.574582 1
1.129583 0.895231 1.555626 1
1.135033 0.869832 1.561028 1
1.162880 0.837565 1.589894 1
1.137071 0.822489 1.562597 1
1.155010 0.794104 1.581124 1
1.135123 0.776711 1.560046 1
1.139115 0.752607 1.563993 1
1.163105 0.723774 1.588906 1
1.157757 0.702494 1.583096 1
1.154661 0.680636 1.579657 1
1.125766 0.663995 1.549189 1
1.170491 0.632672 1.595899 1
1.129016 0.617747 1.552264 1
1.143171 0.592753 1.566957 1
1.153100 0.568824 1.577234 1
1.153183 0.546521 1.577201 1
1.139787 0.525856 1.563045 1
1.141194 0.503300 1.564424 1
1.144306 0.480658 1.567603 1
1.148637 0.458035 1.572074 1
1.138644 0.436452 1.561532 1
1.166588 0.412757 1.590793 1
1.152708 0.391312 1.576199 1
1.179461 0.368641 1.604237 1
1.156435 0.347067 1.580073 1
1.128379 0.324819 1.550644 1
1.133050 0.302471 1.555555 1
1.117472 0.279542 1.539240 1
1.145835 0.258312 1.569027 1
1.143556 0.235938 1.566684 1
1.138180 0.213245 1.561106 1
1.147901 0.191750 1.571374 1
1.150227 0.169727 1.573897 1
1.138344 0.146054 1.561532 1
1.154173 0.125693 1.578240 1
1.152595 0.103184 1.576705 1
1.160824 0.082168 1.585465 1
1.142634 0.056717 1.566540 1
1.120674 0.029991 1.543678 1
1.129596 0.008866 1.553203 1
1.158137 -0.007798 1.583300 1
1.161041 -0.029651 1.586537 1
1.129013 -0.060078 1.553186 1
1.133721 -0.081930 1.558341 1
1.121957 -0.108245 1.546255 1
1.156117 -0.121702 1.582283 1
1.143588 -0.148429 1.569421 1
1.157801 -0.167099 1.584576 1
1.146567 -0.193913 1.573102 1
1.140591 -0.219325 1.567147 1
1.146431 -0.240736 1.573574 1
1.124525 -0.272538 1.550983 1
1.135219 -0.292331 1.562515 1
1.143215 -0.313019 1.571236 1
1.122259 -0.345796 1.549696 1
1.158986 -0.354140 1.588478 1
1.149160 -0.382540 1.578606 1
1.123173 -0.418923 1.551868 1
1.130732 -0.440061 1.560199 1
1.145512 -0.457519 1.576083 1
1.142655 -0.483729 1.573560 1
1.095809 -0.533457 1.525146 1
1.157510 -0.525693 1.590029 1
1.162845 -0.547749 1.596099 1
1.131277 -0.591086 1.563702 1
1.153866 -0.603525 1.587794 1
1.145201 -0.634452 1.579321 1
1.131849 -0.668786 1.565989 1
1.105745 -0.711942 1.539406 1
1.120592 -0.729227 1.555487 1
1.130787 -0.749378 1.566734 1
1.118100 -0.785239 1.554193 1
1.146131 -0.792914 1.584016 1
1.134992 -0.828299 1.573125 1
1.082893 1.494314 1.560278 1
1.077638 1.470203 1.554076 1
1.103615 1.425354 1.579605 1
1.094883 1.404127 1.569924 1
1.119229 1.361888 1.593877 1
1.103204 1.345554 1.576827 1
1.123150 1.307290 1.596377 1
1.066599 1.314606 1.538115 1
1.090657 1.274439 1.561896 1
1.089217 1.249326 1.559749 1
1.085727 1.225447 1.555533 1
1.088929 1.198136 1.558157 1
1.106229 1.163942 1.575180 1
1.100570 1.141724 1.568815 1
1.113515 1.110623 1.581450 1
1.109419 1.087921 1.576720 1
1.081680 1.075785 1.547865 1
1.091545 1.046737 1.557420 1
1.093545 1.021390 1.558963 1
1.095358 0.996303 1.560336 1
1.091549 0.973565 1.555981 1
1.124530 0.937137 1.589262 1
1.110161 0.918717 1.574148 1
1.111120 0.894724 1.574725 1
1.099821 0.874887 1.562778 1
1.084425 0.856108 1.546650 1
1.100453 0.827555 1.562702 1
1.119478 0.798692 1.581846 1
1.104038 0.779806 1.565718 1
1.110884 0.754828 1.572428 1
1.128082 0.727602 1.589764 1
1.105017 0.710146 1.565866 1
1.097636 0.688737 1.558050 1
1.093219 0.666586 1.553286 1
1.099975 0.642281 1.559990 1
1.103597 0.618760 1.563499 1
1.116891 0.593852 1.576943 1
1.108013 0.572574 1.567668 1
1.127243 0.547404 1.587233 1
1.108944 0.527204 1.568328 1
1.115671 0.503942 1.575104 1
1.101888 0.482732 1.560859 1
1.113977 0.459205 1.573167 1
1.094993 0.437960 1.553614 1
1.100515 0.415027 1.559217 1
1.117860 0.391853 1.576965 1
1.082396 0.370257 1.540552 1
1.105999 0.347283 1.564751 1
1.087000 0.324668 1.545259 1
1.114793 0.302494 1.573788 1
1.123863 0.280436 1.583124 1
1.112039 0.257610 1.571040 1
1.112259 0.235192 1.571327 1
1.128412 0.213970 1.587973 1
1.118147 0.190807 1.577536 1
1.115156 0.168087 1.574576 1
1.115684 0.145669 1.575241 1
1.122458 0.124051 1.582327 1
1.131488 0.102912 1.591740 1
1.083893 0.072986 1.543109 1
1.106322 0.053793 1.566294 1
1.104875 0.030716 1.565014 1
1.100576 0.006973 1.560827 1
1.109218 -0.014167 1.569919 1
1.088118 -0.041933 1.548551 1
1.111731 -0.059494 1.573012 1
1.107553 -0.083603 1.569017 1
1.101879 -0.108310 1.563507 1
1.086779 -0.135949 1.548365 1
1.102994 -0.154711 1.565303 1
1.120815 -0.172591 1.583895 1
1.100584 -0.202554 1.563560 1
1.098577 -0.226945 1.561894 1
1.127012 -0.240608 1.591383 1
1.095907 -0.275710 1.559993 1
1.099957 -0.298230 1.564576 1
1.105759 -0.320044 1.570966 1
1.094520 -0.348902 1.559960 1
1.078585 -0.380245 1.544182 1
1.122219 -0.385613 1.589257 1
1.074663 -0.431870 1.541244 1
1.089540 -0.449963 1.556987 1
1.112632 -0.463713 1.581119 1
1.093505 -0.498311 1.562205 1
1.092477 -0.524201 1.561773 1
1.092653 -0.549641 1.562590 1
1.108819 -0.566396 1.579714 1
1.088491 -0.603590 1.559691 1
1.089138 -0.629339 1.561053 1
1.113647 -0.640919 1.586709 1
1.092898 -0.679831 1.566348 1
1.101681 -0.700917 1.576043 1
1.092838 -0.733373 1.567847 1
1.101127 -0.754929 1.577078 1
1.097095 -0.784842 1.573821 1
1.068125 -0.832558 1.545298 1
1.056166 1.497655 1.574788 1
1.052798 1.472211 1.570402 1
1.054029 1.443864 1.570597 1
1.056947 1.414697 1.572496 1
1.040320 1.398055 1.555039 1
1.055448 1.361748 1.569109 1
1.066107 1.328774 1.578786 1
1.044669 1.314867 1.556608 1
1.061137 1.279175 1.572119 1
1.044038 1.262520 1.554287 1
1.058033 1.228999 1.567405 1
1.081476 1.191203 1.589967 1
1.054947 1.179298 1.562804 1
1.073831 1.144698 1.580893 1
1.054538 1.128779 1.560966 1
1.057299 1.102381 1.563039 1
1.061166 1.075718 1.566242 1
1.044687 1.057971 1.549167 1
1.073393 1.021286 1.577213 1
1.064118 1.000631 1.567371 1
1.071247 0.973556 1.573932 1
1.062532 0.952627 1.564687 1
1.071446 0.925328 1.573081 1
1.053943 0.907343 1.555086 1
1.072920 0.877114 1.573592 1
1.072359 0.853586 1.572581 1
1.083996 0.826519 1.583799 1
1.087953 0.802033 1.587354 1
1.075141 0.782235 1.574143 1
1.061525 0.762358 1.560140 1
1.052668 0.741031 1.550919 1
1.059830 0.715904 1.557764 1
1.084671 0.687288 1.582347 1
1.084820 0.664320 1.582212 1
1.050933 0.647695 1.547978 1
1.081883 0.619113 1.578756 1
1.060574 0.599638 1.557163 1
1.090175 0.572328 1.586637 1
1.054246 0.554359 1.550415 1
1.077432 0.528594 1.573499 1
1.066427 0.506989 1.562309 1
1.049815 0.485609 1.545511 1
1.084631 0.459949 1.580326 1
1.087774 0.437200 1.583386 1
1.053360 0.416341 1.548781 1
1.077073 0.392582 1.572518 1
1.079498 0.369912 1.574914 1
1.083348 0.347305 1.578758 1
1.086811 0.324801 1.582234 1
1.071269 0.302002 1.566657 1
1.068955 0.279224 1.564372 1
1.082029 0.257106 1.577547 1
1.049088 0.232513 1.544571 1
1.056464 0.210024 1.552067 1
1.093591 0.190348 1.589427 1
1.060273 0.164464 1.556136 1
1.080297 0.143820 1.576373 1
1.080780 0.121160 1.577027 1
1.086294 0.099198 1.582745 1
1.105954 0.079569 1.602665 1
1.077418 0.052206 1.574280 1
1.098076 0.033089 1.595234 1
1.083122 0.007425 1.580510 1
1.057715 -0.020927 1.555335 1
1.064586 -0.042746 1.562529 1
1.054567 -0.068493 1.552821 1
1.059504 -0.090790 1.558116 1
1.064479 -0.113011 1.563467 1
1.043173 -0.142586 1.542529 1
1.093608 -0.151589 1.593418 1
1.068868 -0.182588 1.569088 1
1.049274 -0.212709 1.549940 1
1.069751 -0.229903 1.570894 1
1.073468 -0.252532 1.575102 1
1.059134 -0.281795 1.561291 1
1.065533 -0.303657 1.568224 1
1.055031 -0.332153 1.558296 1
1.042965 -0.361718 1.546835 1
1.057752 -0.380324 1.562206 1
1.060413 -0.403968 1.565491 1
1.063351 -0.427542 1.569075 1
1.052014 -0.457885 1.558449 1
1.040601 -0.488750 1.547782 1
1.049766 -0.509810 1.557644 1
1.044856 -0.538010 1.553510 1
1.057045 -0.557442 1.566422 1
1.068576 -0.577029 1.578692 1
1.092067 -0.589712 1.602867 1
1.053713 -0.637561 1.565595 1
1.047047 -0.668000 1.559857 1
1.047783 -0.694335 1.561502 1
1.047433 -0.721527 1.562095 1
1.073659 -0.731901 1.589065 1
1.044591 -0.777985 1.561246 1
1.051786 -0.800811 1.569400 1
1.034255 -0.840694 1.553105 1
1.015308 1.482561 1.574703 1
1.016158 1.454281 1.574319 1
1.001377 1.436141 1.558846 1
1.001190 1.408739 1.557517 1
0.994689 1.385336 1.550104 1
1.018168 1.344367 1.571782 1
1.050779 1.299113 1.602379 1
1.005760 1.298127 1.557691 1
1.022911 1.262390 1.573365 1
1.024222 1.235656 1.573696 1
1.025334 1.209230 1.573864 1
1.028646 1.181909 1.576203 1
1.005134 1.167706 1.552466 1
0.999508 1.144643 1.546152 1
1.017156 1.111086 1.562536 1
1.041973 1.075065 1.585953 1
1.065883 1.040283 1.608535 1
1.006949 1.039981 1.550342 1
1.063079 0.993007 1.604428 1
1.046521 0.975207 1.587614 1
1.018726 0.961126 1.559838 1
1.018640 0.936690 1.559141 1
1.018610 0.912336 1.558525 1
1.031812 0.883837 1.570873 1
1.022791 0.862620 1.561518 1
1.039485 0.833713 1.577341 1
1.037753 0.810494 1.575167 1
1.032632 0.788205 1.569696 1
1.022156 0.767195 1.559005 1
1.040089 0.739228 1.576157 1
1.021602 0.719963 1.557661 1
1.026962 0.695252 1.562549 1
1.047207 0.667830 1.582050 1
1.035051 0.646927 1.569820 1
1.032729 0.624084 1.567251 1
1.040786 0.599616 1.574882 1
1.012663 0.580533 1.547055 1
1.018737 0.556349 1.552786 1
1.045516 0.529995 1.578853 1
1.005980 0.511094 1.539887 1
1.038678 0.484835 1.571811 1
1.019784 0.463300 1.553137 1
1.019001 0.440181 1.552257 1
1.013695 0.417271 1.546960 1
1.030732 0.393480 1.563612 1
1.037115 0.370372 1.569832 1
1.034228 0.347503 1.566977 1
1.031752 0.324562 1.564546 1
1.016897 0.301302 1.549989 1
1.029518 0.278561 1.562421 1
1.043803 0.256228 1.576506 1
1.070793 0.235036 1.603081 1
1.030819 0.209598 1.563965 1
1.039599 0.187328 1.572715 1
1.031225 0.163537 1.564654 1
1.016254 0.138737 1.550147 1
1.024586 0.116482 1.558523 1
1.033303 0.094472 1.567297 1
1.026815 0.070298 1.561182 1
1.037866 0.048865 1.572287 1
1.060812 0.029854 1.595072 1
1.036638 0.002180 1.571691 1
1.035062 -0.021471 1.570485 1
1.028946 -0.046240 1.564855 1
1.000537 -0.076531 1.537418 1
1.033085 -0.092370 1.569706 1
1.033611 -0.115864 1.570655 1
1.001470 -0.148528 1.539658 1
1.033866 -0.163276 1.571844 1
1.023466 -0.190331 1.562178 1
1.030171 -0.212281 1.569269 1
1.021431 -0.239310 1.561283 1
1.036814 -0.258264 1.576899 1
1.016986 -0.289676 1.558138 1
1.029314 -0.309621 1.570814 1
1.024086 -0.336207 1.566371 1
1.041394 -0.353904 1.583945 1
1.048769 -0.375403 1.591846 1
1.037626 -0.404876 1.581716 1
1.005019 -0.444466 1.550712 1
1.011466 -0.467003 1.557797 1
1.011097 -0.492764 1.558269 1
1.017189 -0.515492 1.565057 1
1.001106 -0.549490 1.550307 1
1.015471 -0.568164 1.565192 1
0.998497 -0.603484 1.549653 1
1.024006 -0.615919 1.575402 1
1.031158 -0.638221 1.583345 1
0.991278 -0.688038 1.545712 1
1.007843 -0.705343 1.562849 1
1.005519 -0.733986 1.561709 1
1.016639 -0.754398 1.573613 1
1.006136 -0.788702 1.564628 1
0.972803 -0.838744 1.533635 1
0.968218 1.498927 1.570748 1
0.969451 1.470073 1.570517 1
0.958419 1.449141 1.558745 1
0.986621 1.404167 1.584074 1
0.970199 1.386773 1.567278 1
0.964075 1.363113 1.560242 1
0.994887 1.318653 1.588219 1
0.990029 1.294861 1.582465 1
0.967624 1.280453 1.560097 1
0.983103 1.245918 1.573691 1
0.979437 1.221643 1.569156 1
0.966609 1.201894 1.555945 1
0.981409 1.168834 1.569022 1
0.986956 1.140605 1.573345 1
0.954303 1.129662 1.541346 1
0.975418 1.094786 1.560551 1
0.959249 1.076152 1.544284 1
1.007310 1.031398 1.589265 1
0.977982 1.018102 1.560509 1
1.007823 0.982018 1.588217 1
0.985890 0.965472 1.566556 1
0.976969 0.943929 1.557332 1
1.003617 0.910469 1.582115 1
1.006579 0.885358 1.584308 1
0.977973 0.869991 1.556349 1
0.995883 0.840465 1.572890 1
0.987965 0.818633 1.564759 1
0.981732 0.796224 1.558263 1
0.986925 0.770884 1.562731 1
1.007130 0.742239 1.581605 1
0.973675 0.726064 1.549117 1
1.004492 0.695719 1.578221 1
0.987590 0.675516 1.561634 1
0.991621 0.651138 1.565132 1
0.979467 0.629620 1.553141 1
0.988581 0.604561 1.561567 1
0.977508 0.582616 1.550661 1
0.983161 0.558296 1.555823 1
0.992329 0.533767 1.564385 1
1.022025 0.507466 1.592671 1
0.986528 0.487623 1.558431 1
0.980056 0.464735 1.552064 1
0.982629 0.441154 1.554404 1
1.000086 0.416966 1.571057 1
0.967472 0.394919 1.539675 1
1.007164 0.370573 1.577723 1
0.987043 0.347685 1.558383 1
1.012668 0.324568 1.582981 1
0.942694 0.300224 1.515838 1
1.015763 0.278768 1.586028 1
0.993131 0.254793 1.564381 1
1.004428 0.232233 1.575326 1
1.003913 0.209092 1.574960 1
1.000835 0.185696 1.572160 1
1.011679 0.163583 1.582745 1
1.009500 0.140258 1.580858 1
1.005235 0.116579 1.576997 1
0.988515 0.091007 1.561218 1
1.004122 0.069905 1.576470 1
1.006722 0.047008 1.579272 1
0.988923 0.020458 1.562546 1
1.001135 -0.000809 1.574615 1
0.987721 -0.027114 1.562152 1
0.993559 -0.049590 1.568164 1
0.993548 -0.073342 1.568599 1
0.999803 -0.095607 1.575060 1
0.997362 -0.120049 1.573223 1
0.988988 -0.146270 1.565737 1
0.992329 -0.169411 1.569491 1
0.993613 -0.193168 1.571303 1
0.998342 -0.215887 1.576435 1
0.995193 -0.241175 1.574067 1
0.979132 -0.271102 1.559398 1
0.995749 -0.289852 1.575967 1
0.957479 -0.328717 1.540178 1
0.977137 -0.346347 1.559703 1
0.983339 -0.368939 1.566413 1
0.967980 -0.400440 1.552604 1
0.997456 -0.413224 1.581540 1
0.978262 -0.446929 1.564151 1
0.971922 -0.475425 1.559043 1
0.957259 -0.508193 1.546060 1
0.977863 -0.524316 1.566639 1
0.958549 -0.560072 1.549320 1
0.981980 -0.574418 1.572625 1
0.962872 -0.610904 1.555591 1
0.971845 -0.632746 1.565230 1
0.960363 -0.666016 1.555520 1
0.968444 -0.688504 1.564378 1
0.976129 -0.711170 1.572886 1
0.968458 -0.743153 1.566909 1
0.950116 -0.782248 1.550905 1
0.954809 -0.807372 1.556702 1
0.960442 -0.831950 1.563417 1
0.913636 1.491206 1.559529 1
0.939749 1.446801 1.582048 1
0.911699 1.436005 1.554697 1
0.923853 1.400972 1.564457 1
0.920012 1.375643 1.559502 1
0.955664 1.328417 1.591101 1
0.935187 1.312829 1.570850 1
0.914223 1.297062 1.550159 1
0.936749 1.258589 1.569786 1
0.942285 1.229390 1.573724 1
0.940187 1.204193 1.570623 1
0.964513 1.166722 1.592097 1
0.943444 1.150689 1.571451 1
0.950513 1.121833 1.576982 1
0.933244 1.103657 1.559912 1
0.941333 1.074705 1.566467 1
0.926067 1.055373 1.551310 1
0.934116 1.026812 1.557904 1
0.958894 0.992426 1.580140 1
0.946922 0.971878 1.568146 1
0.973189 0.938071 1.591869 1
0.936615 0.925643 1.556962 1
0.953753 0.895477 1.572239 1
0.925536 0.879461 1.545172 1
0.943649 0.849517 1.561435 1
0.956671 0.821537 1.572982 1
0.939951 0.801686 1.556739 1
0.938774 0.777647 1.555067 1
0.937860 0.753587 1.553670 1
0.955278 0.725568 1.569475 1
0.968337 0.698972 1.581236 1
0.959841 0.676914 1.572834 1
0.965095 0.652233 1.577348 1
0.949959 0.631105 1.562776 1
0.967011 0.604742 1.578413 1
0.958317 0.582437 1.569938 1
0.977593 0.556441 1.587729 1
0.953641 0.535827 1.564996 1
0.982831 0.509368 1.592154 1
0.956625 0.488442 1.567358 1
0.949400 0.465477 1.560402 1
0.956483 0.441497 1.566905 1
0.945514 0.418549 1.556491 1
0.980544 0.393816 1.589289 1
0.978180 0.370749 1.587012 1
0.966805 0.347684 1.576304 1
0.958980 0.324346 1.568958 1
0.943282 0.300646 1.554249 1
0.931604 0.276659 1.543344 1
0.937384 0.253159 1.548859 1
0.987624 0.232427 1.596136 1
0.961382 0.207471 1.571648 1
0.933295 0.181645 1.545463 1
0.956982 0.160164 1.567897 1
0.952567 0.136135 1.563988 1
0.976770 0.115538 1.586957 1
0.924663 0.084990 1.538373 1
0.958048 0.065981 1.570008 1
0.939067 0.039181 1.552564 1
0.931755 0.013908 1.546096 1
0.960550 -0.004696 1.573498 1
0.955151 -0.029592 1.568882 1
0.959037 -0.052665 1.572996 1
0.962791 -0.075727 1.577014 1
0.937210 -0.105949 1.553603 1
0.958835 -0.124717 1.574410 1
0.974943 -0.144479 1.590074 1
0.978302 -0.167526 1.593837 1
0.950049 -0.200036 1.568083 1
0.929864 -0.230879 1.549921 1
0.944424 -0.251007 1.564254 1
0.963497 -0.269292 1.582821 1
0.926506 -0.307039 1.549098 1
0.961126 -0.319521 1.582222 1
0.956986 -0.345979 1.579219 1
0.953778 -0.372298 1.577125 1
0.932874 -0.406098 1.558592 1
0.948007 -0.425301 1.573648 1
0.951282 -0.449413 1.577697 1
0.936845 -0.481601 1.565318 1
0.930475 -0.510570 1.560485 1
0.932526 -0.535808 1.563513 1
0.938166 -0.559355 1.569904 1
0.919556 -0.595307 1.553851 1
0.913980 -0.625108 1.549934 1
0.908155 -0.655381 1.545834 1
0.917741 -0.677434 1.556034 1
0.954199 -0.684027 1.591089 1
0.920650 -0.730768 1.561501 1
0.931528 -0.751989 1.572986 1
0.920049 -0.786877 1.563894 1
0.905935 -0.823997 1.552438 1
0.875687 1.500624 1.566165 1
0.870639 1.475238 1.559904 1
0.848644 1.459980 1.538428 1
0.893134 1.405741 1.576871 1
0.888986 1.380483 1.571567 1
0.902045 1.345832 1.581838 1
0.890028 1.325158 1.569518 1
0.868505 1.309250 1.548627 1
0.871633 1.280420 1.550058 1
0.887476 1.245600 1.563056 1
0.918096 1.204351 1.589513 1
0.906399 1.183699 1.577666 1
0.912339 1.154953 1.581857 1
0.913195 1.128722 1.581476 1
0.914969 1.102264 1.581972 1
0.904232 1.081063 1.571129 1
0.910631 1.052970 1.575910 1
0.903290 1.030370 1.568223 1
0.884994 1.011673 1.550582 1
0.882568 0.987020 1.547433 1
0.911150 0.951961 1.572607 1
0.907161 0.928312 1.568116 1
0.898641 0.906055 1.559521 1
0.904080 0.879525 1.563708 1
0.908429 0.853539 1.566939 1
0.911388 0.828127 1.568939 1
0.913131 0.803185 1.569864 1
0.916252 0.778031 1.572086 1
0.927588 0.751147 1.581866 1
0.919015 0.728929 1.573455 1
0.921346 0.704337 1.575062 1
0.895941 0.685117 1.551289 1
0.928782 0.655020 1.580925 1
0.910104 0.634236 1.563376 1
0.905157 0.610951 1.558444 1
0.891744 0.588736 1.545779 1
0.944293 0.558052 1.593656 1
0.901916 0.539277 1.554483 1
0.903492 0.515138 1.555666 1
0.920460 0.489768 1.571010 1
0.921872 0.465977 1.572112 1
0.942726 0.441105 1.591094 1
0.920912 0.418732 1.570938 1
0.915743 0.395265 1.566094 1
0.904661 0.371788 1.555854 1
0.943072 0.347706 1.591091 1
0.929358 0.324286 1.578499 1
0.902865 0.300259 1.554205 1
0.936404 0.277488 1.585065 1
0.898789 0.252344 1.550627 1
0.916908 0.229467 1.567392 1
0.869661 0.202373 1.524185 1
0.905222 0.181026 1.557024 1
0.897243 0.156334 1.549932 1
0.929885 0.135899 1.580147 1
0.924247 0.111551 1.575266 1
0.934336 0.089171 1.584845 1
0.925158 0.064129 1.576786 1
0.904997 0.037013 1.558694 1
0.955637 0.021793 1.605539 1
0.917401 -0.008971 1.570954 1
0.881110 -0.040406 1.538203 1
0.904782 -0.059919 1.560421 1
0.895507 -0.086416 1.552497 1
0.924145 -0.104035 1.579309 1
0.915047 -0.130613 1.571617 1
0.905913 -0.157519 1.563933 1
0.910699 -0.180815 1.569014 1
0.917280 -0.203534 1.575768 1
0.882043 -0.239112 1.544363 1
0.915430 -0.253557 1.575664 1
0.884204 -0.288956 1.548024 1
0.900427 -0.308676 1.563717 1
0.917429 -0.327774 1.580141 1
0.898521 -0.360091 1.563879 1
0.911173 -0.380675 1.576403 1
0.902021 -0.409879 1.569117 1
0.899874 -0.436521 1.568250 1
0.890525 -0.466480 1.560881 1
0.890048 -0.492862 1.561620 1
0.896660 -0.516121 1.568831 1
0.890149 -0.545593 1.564179 1
0.909114 -0.562891 1.582654 1
0.906854 -0.590530 1.581935 1
0.882678 -0.629796 1.561443 1
0.877299 -0.659884 1.558017 1
0.906754 -0.671162 1.586089 1
0.882387 -0.712126 1.565616 1
0.878020 -0.742416 1.563252 1
0.900151 -0.757280 1.584795 1
0.880371 -0.797223 1.568657 1
0.888557 -0.820500 1.577727 1
0.821209 1.491098 1.557152 1
0.863254 1.437735 1.592234 1
0.838365 1.424131 1.568580 1
0.827294 1.402277 1.557098 1
0.850639 1.361598 1.575976 1
0.850917 1.333968 1.574598 1
0.844507 1.309957 1.567364 1
0.831741 1.289103 1.554552 1
0.846309 1.254781 1.565945 1
0.841720 1.230055 1.560448 1
0.845990 1.201301 1.562841 1
0.841900 1.176517 1.557872 1
0.843766 1.149202 1.558230 1
0.871331 1.111409 1.581457 1
0.853006 1.092920 1.563980 1
0.851525 1.067523 1.561504 1
0.892719 1.026256 1.597049 1
0.822991 1.026171 1.533904 1
0.856367 0.988572 1.562597 1
0.863501 0.960722 1.567969 1
0.851646 0.939231 1.556451 1
0.851598 0.913905 1.555501 1
0.882856 0.879505 1.582548 1
0.872973 0.857521 1.572905 1
0.864531 0.834973 1.564580 1
0.864298 0.810204 1.563629 1
0.864444 0.785412 1.563056 1
0.877636 0.757740 1.574199 1
0.869586 0.735013 1.566370 1
0.877241 0.708992 1.572639 1
0.871313 0.685772 1.566781 1
0.858356 0.663676 1.554658 1
0.880421 0.635649 1.573963 1
0.864215 0.613913 1.558996 1
0.876284 0.587976 1.569420 1
0.886626 0.562601 1.578337 1
0.883661 0.538984 1.575353 1
0.885141 0.514892 1.576394 1
0.873853 0.491933 1.566010 1
0.859195 0.468946 1.552636 1
0.865881 0.444367 1.558457 1
0.878552 0.419708 1.569689 1
0.863331 0.396283 1.555915 1
0.870132 0.372051 1.561950 1
0.871891 0.348033 1.563493 1
0.881519 0.324111 1.572139 1
0.886952 0.300355 1.577053 1
0.863903 0.275818 1.556428 1
0.864324 0.251735 1.556914 1
0.842178 0.226345 1.537177 1
0.879363 0.204562 1.570741 1
0.852271 0.178345 1.546639 1
0.866612 0.155403 1.559765 1
0.877147 0.132386 1.569508 1
0.876753 0.108274 1.569479 1
0.907655 0.088348 1.597558 1
0.870064 0.059036 1.564241 1
0.862238 0.033502 1.557662 1
0.876253 0.011523 1.570698 1
0.876931 -0.012639 1.571815 1
0.860359 -0.040291 1.557519 1
0.890880 -0.058388 1.585435 1
0.870953 -0.087172 1.568217 1
0.855521 -0.115469 1.555073 1
0.879225 -0.134347 1.576979 1
0.863960 -0.163043 1.564070 1
0.892117 -0.180090 1.590009 1
0.881790 -0.207735 1.581596 1
0.877969 -0.233751 1.579038 1
0.868697 -0.261701 1.571662 1
0.887055 -0.280796 1.588970 1
0.832615 -0.324721 1.541432 1
0.813678 -0.357443 1.525610 1
0.879701 -0.359039 1.585463 1
0.871563 -0.387677 1.579325 1
0.886285 -0.407486 1.593556 1
0.871208 -0.439378 1.581348 1
0.826939 -0.484339 1.543296 1
0.862505 -0.495308 1.576145 1
0.838049 -0.532848 1.555805 1
0.849876 -0.554130 1.567669 1
0.859052 -0.576514 1.577217 1
0.849925 -0.607936 1.570622 1
0.815886 -0.652585 1.542093 1
0.872153 -0.650665 1.593331 1
0.825301 -0.703274 1.553647 1
0.850851 -0.717059 1.577837 1
0.859990 -0.739672 1.587599 1
0.871078 -0.761059 1.599107 1
0.838749 -0.808455 1.572545 1
0.769647 1.507808 1.553799 1
0.783972 1.470461 1.564040 1
0.798147 1.433817 1.574240 1
0.794699 1.407486 1.569380 1
0.771626 1.391768 1.547687 1
0.797084 1.350226 1.567801 1
0.803218 1.319398 1.571356 1
0.794927 1.296032 1.562527 1
0.809983 1.261396 1.573903 1
0.799709 1.239130 1.563455 1
0.805115 1.209645 1.566611 1
0.785486 1.191413 1.548143 1
0.779777 1.166876 1.541762 1
0.811834 1.126825 1.568186 1
0.818362 1.097904 1.572538 1
0.818028 1.071912 1.570985 1
0.791837 1.055582 1.546992 1
0.813592 1.021591 1.564736 1
0.806489 0.998181 1.557424 1
0.815275 0.969454 1.563994 1
0.832701 0.938332 1.578150 1
0.832354 0.913147 1.576865 1
0.818902 0.891835 1.564185 1
0.811777 0.868507 1.557061 1
0.849024 0.833401 1.588746 1
0.799363 0.821076 1.544530 1
0.819471 0.790995 1.561337 1
0.799983 0.770376 1.543556 1
0.832001 0.738450 1.570888 1
0.815787 0.716968 1.556049 1
0.824910 0.690434 1.563434 1
0.836689 0.663732 1.573196 1
0.841024 0.638570 1.576479 1
0.856885 0.611876 1.589910 1
0.842116 0.589726 1.576526 1
0.833794 0.566457 1.568832 1
0.817298 0.543893 1.554001 1
0.843162 0.516900 1.576380 1
0.852639 0.491947 1.584423 1
0.839372 0.468849 1.572542 1
0.821848 0.445677 1.556960 1
0.848201 0.420125 1.579940 1
0.846691 0.396140 1.578498 1
0.820916 0.372588 1.555785 1
0.849612 0.348040 1.580945 1
0.831763 0.323928 1.565270 1
0.836315 0.299788 1.569308 1
0.838759 0.275690 1.571532 1
0.843855 0.251764 1.576124 1
0.839681 0.227424 1.572617 1
0.840873 0.203337 1.573860 1
0.844523 0.179464 1.577299 1
0.810344 0.152052 1.547579 1
0.820523 0.128537 1.556830 1
0.839436 0.106308 1.573780 1
0.847394 0.083062 1.581155 1
0.839223 0.057618 1.574425 1
0.829699 0.031707 1.566552 1
0.856706 0.011797 1.590736 1
0.844842 -0.014662 1.580895 1
0.846407 -0.038822 1.582861 1
0.834961 -0.065744 1.573479 1
0.801714 -0.097906 1.545070 1
0.837675 -0.114599 1.577258 1
0.836833 -0.139626 1.577286 1
0.823483 -0.168039 1.566429 1
0.807013 -0.197742 1.552901 1
0.840481 -0.213508 1.583020 1
0.823737 -0.243673 1.569348 1
0.816301 -0.271431 1.563852 1
0.809532 -0.299262 1.558989 1
0.821418 -0.320984 1.570424 1
0.789498 -0.358086 1.543771 1
0.815101 -0.374905 1.567222 1
0.799086 -0.407084 1.554526 1
0.813115 -0.427903 1.567983 1
0.816357 -0.452887 1.572110 1
0.809378 -0.482244 1.567422 1
0.823818 -0.502550 1.581343 1
0.807280 -0.536585 1.568485 1
0.790325 -0.571417 1.555342 1
0.804427 -0.591978 1.569104 1
0.816737 -0.613183 1.581348 1
0.798365 -0.649781 1.567172 1
0.792784 -0.680389 1.564098 1
0.794823 -0.707241 1.567643 1
0.807551 -0.728323 1.580425 1
0.804088 -0.758376 1.579339 1
0.786650 -0.796825 1.566336 1
0.796726 -0.819618 1.576987 1
0.757555 1.472066 1.582526 1
0.757744 1.443340 1.580566 1
0.724759 1.432868 1.550845 1
0.741282 1.395389 1.562690 1
0.741006 1.367226 1.560505 1
0.770870 1.324098 1.583744 1
0.764806 1.299503 1.576826 1
0.772090 1.268569 1.581212 1
0.761494 1.246218 1.570570 1
0.772843 1.213925 1.578512 1
0.756055 1.194261 1.562724 1
0.751987 1.168946 1.557734 1
0.804062 1.120885 1.600370 1
0.762409 1.111103 1.563636 1
0.774541 1.079958 1.572551 1
0.799071 1.044728 1.592067 1
0.781573 1.025054 1.575933 1
0.795813 0.994273 1.586830 1
0.758267 0.980826 1.553701 1
0.781982 0.947357 1.572772 1
0.757780 0.928942 1.551066 1
0.768456 0.900005 1.559137 1
0.776185 0.872237 1.564750 1
0.759850 0.851012 1.549866 1
0.802739 0.814802 1.585621 1
0.772816 0.796833 1.559211 1
0.761518 0.774037 1.548752 1
0.777201 0.745389 1.561419 1
0.783727 0.718998 1.566304 1
0.785566 0.693689 1.567225 1
0.792953 0.667535 1.572944 1
0.803179 0.641172 1.581146 1
0.793866 0.617944 1.572646 1
0.787038 0.594194 1.566316 1
0.780429 0.570284 1.560216 1
0.795846 0.543885 1.573052 1
0.792684 0.519659 1.569997 1
0.791081 0.495253 1.568320 1
0.797227 0.470294 1.573338 1
0.786712 0.446452 1.564097 1
0.782715 0.422075 1.560493 1
0.748952 0.398545 1.531372 1
0.766640 0.373207 1.546474 1
0.800240 0.348218 1.575284 1
0.785632 0.323772 1.562740 1
0.769436 0.298928 1.548875 1
0.777345 0.274428 1.555752 1
0.784860 0.250101 1.562334 1
0.810632 0.226982 1.584632 1
0.798039 0.201844 1.574035 1
0.794792 0.177133 1.571505 1
0.775221 0.150776 1.555010 1
0.781586 0.126672 1.560818 1
0.786991 0.102583 1.565844 1
0.772757 0.075999 1.554070 1
0.795825 0.054421 1.574325 1
0.802319 0.030775 1.580409 1
0.780438 0.002416 1.562223 1
0.748740 -0.028348 1.535686 1
0.770946 -0.049419 1.555363 1
0.792507 -0.070114 1.574517 1
0.749907 -0.104527 1.538822 1
0.802576 -0.117778 1.584654 1
0.773899 -0.149849 1.560978 1
0.738310 -0.184534 1.531470 1
0.786510 -0.197335 1.573563 1
0.787549 -0.222460 1.575424 1
0.755655 -0.257496 1.549255 1
0.754878 -0.283740 1.549679 1
0.772417 -0.304139 1.565749 1
0.805375 -0.318953 1.594966 1
0.759390 -0.360778 1.557073 1
0.769587 -0.383414 1.567019 1
0.759461 -0.413586 1.559750 1
0.761013 -0.439568 1.562452 1
0.771144 -0.462153 1.572473 1
0.778647 -0.485691 1.580307 1
0.771640 -0.515435 1.575908 1
0.749199 -0.552398 1.558529 1
0.755208 -0.577028 1.565263 1
0.739564 -0.611905 1.553778 1
0.775810 -0.622052 1.586098 1
0.742740 -0.666136 1.560069 1
0.755617 -0.687605 1.572787 1
0.733718 -0.727317 1.556339 1
0.746666 -0.748859 1.569218 1
0.743477 -0.779230 1.568615 1
0.718909 -0.822136 1.550195 1
0.683997 1.500293 1.562771 1
0.693104 1.465981 1.567896 1
0.691207 1.438036 1.564100 1
0.700246 1.404489 1.569329 1
0.738752 1.356344 1.598821 1
0.687399 1.354015 1.554628 1
0.703199 1.318043 1.565632 1
0.681529 1.300220 1.545873 1
0.741608 1.244773 1.593528 1
0.707117 1.232839 1.563303 1
0.732848 1.194352 1.582828 1
0.716025 1.174324 1.567265 1
0.715275 1.147533 1.565035 1
0.717064 1.119863 1.564965 1
0.701228 1.098961 1.550337 1
0.709291 1.069126 1.555578 1
0.718887 1.039084 1.562159 1
0.744535 1.004027 1.582151 1
0.746992 0.977204 1.582935 1
0.741417 0.953024 1.577088 1
0.748191 0.925139 1.581574 1
0.726157 0.905668 1.562104 1
0.724311 0.880263 1.559502 1
0.749011 0.848063 1.579106 1
0.752704 0.821708 1.581241 1
0.738176 0.799741 1.568203 1
0.761997 0.769075 1.587263 1
0.718274 0.753012 1.549894 1
0.735074 0.724183 1.563189 1
0.744105 0.697243 1.570040 1
0.732177 0.674113 1.559392 1
0.737958 0.647972 1.563622 1
0.709652 0.626907 1.539335 1
0.759488 0.594956 1.580593 1
0.737915 0.572736 1.562038 1
0.733152 0.548232 1.557622 1
0.747110 0.521894 1.568958 1
0.751297 0.496721 1.572146 1
0.752928 0.471850 1.573237 1
0.735860 0.448085 1.558678 1
0.727721 0.423524 1.551659 1
0.762742 0.397432 1.580921 1
0.745046 0.373202 1.565972 1
0.743853 0.348435 1.564924 1
0.726420 0.323539 1.550286 1
0.750433 0.298981 1.570495 1
0.774399 0.275012 1.590709 1
0.753449 0.249677 1.573258 1
0.763627 0.225550 1.581987 1
0.772486 0.201569 1.589652 1
0.754164 0.175593 1.574552 1
0.776104 0.152893 1.593284 1
0.737227 0.124281 1.561040 1
0.696833 0.094488 1.527586 1
0.736980 0.074183 1.561723 1
0.738192 0.049265 1.563255 1
0.751923 0.026286 1.575322 1
0.739788 -0.000749 1.565767 1
0.749598 -0.024166 1.574639 1
0.742478 -0.050668 1.569385 1
0.738499 -0.076758 1.566811 1
0.755477 -0.098420 1.581812 1
0.753019 -0.124220 1.580605 1
0.748468 -0.150661 1.577703 1
0.753825 -0.174743 1.583124 1
0.744423 -0.202749 1.576278 1
0.762649 -0.223261 1.592527 1
0.733067 -0.257531 1.568975 1
0.725881 -0.285739 1.564154 1
0.714398 -0.315611 1.555819 1
0.740485 -0.333301 1.578784 1
0.722115 -0.365879 1.564841 1
0.721253 -0.392725 1.565506 1
0.711931 -0.422873 1.559213 1
0.729173 -0.443088 1.574997 1
0.726145 -0.471093 1.574032 1
0.700961 -0.508483 1.554807 1
0.756963 -0.511955 1.602751 1
0.687587 -0.569375 1.547185 1
0.700596 -0.591345 1.559718 1
0.721398 -0.609458 1.578704 1
0.724237 -0.635815 1.582937 1
0.691090 -0.680102 1.557660 1
0.714800 -0.696476 1.579167 1
0.706836 -0.728954 1.574730 1
0.687718 -0.767831 1.561245 1
0.704735 -0.787477 1.577403 1
0.683518 -0.828482 1.562381 1
0.640308 1.481587 1.566433 1
0.641846 1.451448 1.565245 1
0.629943 1.428493 1.553381 1
0.647922 1.390323 1.565492 1
0.658538 1.356425 1.571805 1
0.656777 1.328880 1.568269 1
0.677977 1.290811 1.583254 1
0.681673 1.261335 1.584257 1
0.679090 1.234842 1.580270 1
0.670001 1.211171 1.571093 1
0.677662 1.180533 1.575489 1
0.675409 1.154157 1.571945 1
0.672329 1.128163 1.567788 1
0.667850 1.102727 1.562554 1
0.672337 1.074089 1.564641 1
0.658031 1.052145 1.551544 1
0.696555 1.012445 1.581392 1
0.682313 0.990633 1.568459 1
0.677504 0.965670 1.563238 1
0.698926 0.933004 1.579422 1
0.712426 0.903191 1.589232 1
0.697978 0.881269 1.576329 1
0.676521 0.860844 1.557747 1
0.668074 0.836807 1.549818 1
0.712163 0.800591 1.584840 1
0.681587 0.781724 1.558944 1
0.687155 0.754779 1.562624 1
0.686151 0.729293 1.560987 1
0.706642 0.699990 1.576991 1
0.697917 0.676117 1.569144 1
0.680148 0.653471 1.553934 1
0.700239 0.625062 1.569785 1
0.695355 0.600424 1.565228 1
0.702734 0.574267 1.570775 1
0.686883 0.550758 1.557325 1
0.701835 0.524046 1.569187 1
0.686390 0.500159 1.556165 1
0.677365 0.475481 1.548457 1
0.701143 0.448786 1.567720 1
0.708443 0.423401 1.573511 1
0.697181 0.398778 1.564118 1
0.678917 0.374016 1.549024 1
0.704195 0.348544 1.569726 1
0.680289 0.323392 1.550101 1
0.748461 0.299347 1.606114 1
0.708699 0.273658 1.573572 1
0.706984 0.248618 1.572314 1
0.692749 0.222832 1.560830 1
0.689305 0.197408 1.558255 1
0.699420 0.172964 1.566855 1
0.674803 0.145542 1.547014 1
0.697652 0.122450 1.566157 1
0.678026 0.094924 1.550519 1
0.710912 0.073671 1.577979 1
0.722459 0.050169 1.587990 1
0.701590 0.021917 1.571495 1
0.704462 -0.002945 1.574501 1
0.702140 -0.028714 1.573307 1
0.684612 -0.057505 1.559728 1
0.687588 -0.082609 1.562978 1
0.700767 -0.105488 1.574616 1
0.679711 -0.135945 1.558337 1
0.681409 -0.161501 1.560702 1
0.720130 -0.177668 1.593320 1
0.674894 -0.215353 1.557511 1
0.674660 -0.241676 1.558466 1
0.691859 -0.262990 1.573669 1
0.685902 -0.291024 1.570070 1
0.695878 -0.314234 1.579485 1
0.671831 -0.348549 1.561312 1
0.706318 -0.363450 1.590727 1
0.644946 -0.411787 1.542434 1
0.678510 -0.426700 1.571188 1
0.649823 -0.464706 1.549576 1
0.670549 -0.484001 1.568016 1
0.625703 -0.529733 1.533528 1
0.671602 -0.538412 1.572385 1
0.642508 -0.578718 1.550792 1
0.685225 -0.587655 1.587116 1
0.681380 -0.617152 1.585990 1
0.646799 -0.661555 1.560257 1
0.638654 -0.694093 1.555860 1
0.651147 -0.716615 1.568075 1
0.662478 -0.739563 1.579402 1
0.625906 -0.787842 1.552514 1
0.653254 -0.802440 1.576757 1
0.559088 1.512115 1.544112 1
0.579169 1.471504 1.557136 1
0.607544 1.427379 1.576756 1
0.614761 1.394743 1.579979 1
0.581293 1.382192 1.551447 1
0.577079 1.355113 1.545842 1
0.606668 1.312601 1.566827 1
0.594013 1.289809 1.554749 1
0.597011 1.260076 1.555029 1
0.602897 1.229356 1.557658 1
0.618345 1.195054 1.567906 1
0.598056 1.175291 1.550034 1
0.623323 1.137864 1.568196 1
0.616557 1.112936 1.561122 1
0.625765 1.082308 1.566751 1
0.648777 1.047331 1.583398 1
0.614219 1.031900 1.554467 1
0.619694 1.003090 1.557338 1
0.661411 0.963573 1.589079 1
0.663731 0.936603 1.589600 1
0.610256 0.925219 1.545771 1
0.623885 0.894848 1.555390 1
0.657452 0.859883 1.580977 1
0.655129 0.834416 1.578030 1
0.650642 0.809452 1.573411 1
0.659815 0.781519 1.579754 1
0.651652 0.757375 1.572309 1
0.640548 0.733647 1.562562 1
0.596033 0.715616 1.526139 1
0.672965 0.676531 1.586922 1
0.673655 0.651013 1.586779 1
0.639146 0.630491 1.558501 1
0.673901 0.600302 1.585749 1
0.678416 0.574500 1.588834 1
0.658036 0.551419 1.572020 1
0.643815 0.527307 1.560188 1
0.650246 0.501243 1.564969 1
0.675185 0.474120 1.584653 1
0.655402 0.450071 1.568516 1
0.636539 0.425517 1.553166 1
0.649944 0.399536 1.563761 1
0.645603 0.374214 1.560171 1
0.657450 0.348693 1.569625 1
0.682789 0.323543 1.589961 1
0.665137 0.298224 1.575847 1
0.646896 0.272453 1.561315 1
0.676831 0.248280 1.585497 1
0.665230 0.222549 1.576401 1
0.664181 0.197226 1.575825 1
0.646386 0.170534 1.561873 1
0.651657 0.145490 1.566476 1
0.673776 0.122292 1.584637 1
0.660368 0.095493 1.574370 1
0.661750 0.070225 1.576014 1
0.674265 0.046515 1.586626 1
0.651135 0.017635 1.568751 1
0.666628 -0.005493 1.581852 1
0.649257 -0.034109 1.568710 1
0.670160 -0.055955 1.586236 1
0.660988 -0.083409 1.579769 1
0.639430 -0.113804 1.563474 1
0.653511 -0.136720 1.575701 1
0.646997 -0.164278 1.571543 1
0.625660 -0.195800 1.555635 1
0.611660 -0.225995 1.545652 1
0.653691 -0.241117 1.580345 1
0.644478 -0.270092 1.574287 1
0.630825 -0.300727 1.564772 1
0.639470 -0.324785 1.573041 1
0.641670 -0.350830 1.576246 1
0.635021 -0.379930 1.572494 1
0.632019 -0.408018 1.571703 1
0.625665 -0.437521 1.568327 1
0.638638 -0.459979 1.580299 1
0.618097 -0.495355 1.565855 1
0.655016 -0.508121 1.596823 1
0.604103 -0.556770 1.558608 1
0.626515 -0.575269 1.578241 1
0.602189 -0.614093 1.561173 1
0.618274 -0.635205 1.575935 1
0.621867 -0.661923 1.580944 1
0.586052 -0.707803 1.555171 1
0.592616 -0.733696 1.562671 1
0.627948 -0.744852 1.592680 1
0.594532 -0.791347 1.569108 1
0.566937 -0.835799 1.550220 1
0.533423 1.482253 1.563507 1
0.562635 1.437633 1.583064 1
0.535811 1.421574 1.560037 1
0.575124 1.373267 1.587537 1
0.538087 1.361742 1.556803 1
0.574648 1.316071 1.582435 1
0.579619 1.285399 1.583990 1
0.557267 1.266651 1.564643 1
0.573139 1.231656 1.574718 1
0.591013 1.196405 1.586435 1
0.554439 1.182846 1.556285 1
0.547211 1.157473 1.548786 1
0.581374 1.117055 1.573320 1
0.563523 1.095785 1.557752 1
0.579838 1.062676 1.568673 1
0.604882 1.027258 1.586450 1
0.601012 1.001571 1.581901 1
0.578497 0.981451 1.562938 1
0.581531 0.953549 1.563858 1
0.594608 0.923061 1.572657 1
0.587622 0.898224 1.565921 1
0.614106 0.864963 1.585305 1
0.573061 0.848404 1.552153 1
0.608957 0.813655 1.579022 1
0.584032 0.792744 1.558525 1
0.584075 0.766301 1.557563 1
0.612276 0.734642 1.578659 1
0.590019 0.712567 1.560396 1
0.607424 0.683538 1.573193 1
0.574588 0.662558 1.546754 1
0.628754 0.628759 1.588450 1
0.580057 0.609334 1.549694 1
0.597921 0.581148 1.563106 1
0.600303 0.555013 1.564455 1
0.587896 0.530301 1.554272 1
0.637817 0.500441 1.593003 1
0.581648 0.478827 1.548624 1
0.582120 0.452814 1.548705 1
0.609624 0.425690 1.570047 1
0.588885 0.400691 1.553607 1
0.621087 0.374247 1.578754 1
0.600973 0.348897 1.562918 1
0.607925 0.323227 1.568372 1
0.609019 0.297618 1.569287 1
0.628254 0.272575 1.584489 1
0.606508 0.246261 1.567602 1
0.594706 0.219949 1.558575 1
0.619803 0.195780 1.578541 1
0.625717 0.170695 1.583518 1
0.575378 0.140651 1.544461 1
0.602853 0.117330 1.566454 1
0.603961 0.091625 1.567837 1
0.596479 0.064827 1.562553 1
0.575151 0.035889 1.546494 1
0.604090 0.013974 1.569837 1
0.629899 -0.007793 1.590770 1
0.615961 -0.035941 1.580674 1
0.598996 -0.065049 1.568283 1
0.613740 -0.088297 1.580725 1
0.610188 -0.115120 1.578937 1
0.616522 -0.139877 1.584922 1
0.611905 -0.167135 1.582426 1
0.596244 -0.197326 1.571395 1
0.585709 -0.226641 1.564432 1
0.584848 -0.253650 1.565067 1
0.587408 -0.279785 1.568425 1
0.575388 -0.310298 1.560523 1
0.602250 -0.329104 1.582862 1
0.582112 -0.362550 1.568805 1
0.590415 -0.387035 1.576861 1
0.596877 -0.412057 1.583547 1
0.573379 -0.447866 1.567143 1
0.578968 -0.473491 1.573293 1
0.553779 -0.511020 1.555776 1
0.558342 -0.537407 1.561282 1
0.596850 -0.549771 1.592951 1
0.566634 -0.590575 1.571838 1
0.573526 -0.615995 1.579317 1
0.580273 -0.641442 1.586744 1
0.526559 -0.695031 1.547985 1
0.533640 -0.721066 1.555852 1
0.558109 -0.738507 1.577041 1
0.544108 -0.774926 1.568958 1
0.523737 -0.815204 1.556144 1
0.519513 1.186864 1.569951 1
0.510171 1.162133 1.560884 1
0.523160 1.129292 1.568719 1
0.514390 1.104406 1.560216 1
0.522352 1.073841 1.564419 1
0.539366 1.040680 1.575556 1
0.536240 1.014244 1.571532 1
0.540147 0.985748 1.572905 1
0.513128 0.966193 1.550880 1
0.529418 0.934335 1.561785 1
0.526441 0.907941 1.558130 1
0.518316 0.882820 1.550622 1
0.531248 0.852650 1.559204 1
0.556107 0.820222 1.576953 1
0.564202 0.791979 1.582012 1
0.502860 0.777709 1.534166 1
0.527311 0.746108 1.551821 1
0.559618 0.713794 1.575563 1
0.536990 0.691168 1.557412 1
0.597863 0.655587 1.603150 1
0.565129 0.634355 1.577392 1
0.542060 0.611169 1.559069 1
0.557096 0.583151 1.569965 1
0.543968 0.558380 1.559364 1
0.523526 0.533978 1.543216 1
0.569222 0.503996 1.577794 1
0.576095 0.477668 1.582699 1
0.572419 0.452089 1.579580 1
0.571028 0.426342 1.578272 1
0.527363 0.401832 1.544615 1
0.568975 0.374769 1.576397 1
0.560649 0.348999 1.569953 1
0.570884 0.323143 1.577800 1
0.553612 0.297038 1.564618 1
0.550040 0.270925 1.562001 1
0.550095 0.244868 1.562226 1
0.560330 0.219346 1.570314 1
0.562614 0.193531 1.572368 1
0.569633 0.168118 1.578109 1
0.564028 0.141722 1.574239 1
0.554371 0.114756 1.567330 1
0.566234 0.089965 1.576960 1
0.533039 0.059784 1.552166 1
0.580330 0.039812 1.589019 1
0.545728 0.008716 1.563290 1
0.521404 -0.021599 1.545501 1
0.513892 -0.049636 1.540637 1
0.554046 -0.069070 1.572231 1
0.535691 -0.099143 1.559214 1
0.564001 -0.119940 1.581858 1
0.568256 -0.145446 1.586210 1
0.522300 -0.182661 1.552391 1
0.543422 -0.204558 1.569723 1
0.544023 -0.231315 1.571497 1
0.521760 -0.264326 1.555968 1
0.563082 -0.279972 1.588792 1
0.580252 -0.301818 1.603315 1
0.545429 -0.339333 1.578493 1
0.558025 -0.362622 1.589677 1
0.507219 -0.406795 1.552979 1
0.528575 -0.427425 1.570928 1
0.528710 -0.455223 1.572906 1
0.527485 -0.483635 1.573930 1
0.500620 -0.522023 1.555733 1
0.083143 -0.715910 1.244079 7
0.166423 -0.715897 1.309194 7
0.227248 -0.723367 1.357397 7
0.205635 -0.765254 1.343853 7
0.208489 -0.796911 1.348731 7
-0.739012 0.438401 0.634435 2
-0.704249 0.396838 0.660282 2
-0.703412 0.356301 0.660809 2
-0.691301 0.315852 0.669885 2
-0.690736 0.275483 0.670407 2
-0.794598 -0.018059 0.596156 6
-0.245240 0.001669 1.007996 6
0.063904 0.004605 1.240011 6
0.207143 -0.007694 1.347920 6
0.209882 -0.037378 1.350849 6
0.189753 -0.070695 1.336777 6
0.207498 -0.098052 1.351059 6
0.073420 -0.152888 1.252170 8
0.077275 -0.184048 1.256290 8
0.123739 -0.206351 1.292226 8
0.111818 -0.240420 1.284735 8
0.163091 -0.260228 1.324339 8
0.169135 -0.289894 1.330351 8
0.188365 -0.316128 1.346226 8
0.158898 -0.355025 1.326029 8
0.201911 -0.374440 1.359675 8
0.188499 -0.409391 1.351559 8
0.205022 -0.435658 1.365689 8
0.185641 -0.473001 1.353343 8
0.149652 -0.516400 1.328852 8
0.128825 -0.555631 1.315686 8
0.151800 -0.579997 1.334899 8
0.106839 -0.628819 1.304189 8
0.048060 -0.684140 1.263501 8
0.072707 -0.708410 1.284221 7
0.134852 -0.717044 1.332454 7
0.180848 -0.730987 1.368837 7
0.124564 -0.787873 1.330501 7
0.157696 -0.806781 1.357598 7
-0.829756 -0.017809 0.631226 6
-0.494127 -0.022390 0.877463 6
0.066999 0.008485 1.288331 6
0.145071 -0.012396 1.346218 6
0.156510 -0.041222 1.355501 6
0.150853 -0.072526 1.352384 6
0.146872 -0.103733 1.350574 6
0.047339 -0.152430 1.279233 8
0.039889 -0.185747 1.275110 8
0.071526 -0.211291 1.299518 8
0.093432 -0.238268 1.316900 8
0.100950 -0.268094 1.323890 8
0.113370 -0.296640 1.334513 8
0.157579 -0.316933 1.368257 8
0.143121 -0.351796 1.359523 8
0.108912 -0.392569 1.336597 8
0.141541 -0.414946 1.362133 8
0.119992 -0.452952 1.348576 8
0.144071 -0.477290 1.368058 8
0.115846 -0.518182 1.349896 8
0.084184 -0.561043 1.329398 8
0.070548 -0.598492 1.322006 8
0.008053 -0.654119 1.279655 8
-0.080667 -0.721263 1.218717 7
0.017060 -0.718534 1.291537 7
0.105391 -0.717270 1.357535 7
0.094080 -0.755036 1.352318 7
0.107331 -0.782800 1.364726 7
0.105395 -0.817036 1.366397 7
-0.894602 -0.020459 0.645302 6
-0.525087 -0.022023 0.910096 6
-0.019159 0.001477 1.272113 6
0.085752 -0.016617 1.347876 6
0.066131 -0.050315 1.334875 6
0.087216 -0.078162 1.350974 6
0.102226 -0.106590 1.362814 6
-0.029218 -0.161019 1.270517 8
0.009793 -0.185990 1.299635 8
0.020796 -0.215798 1.308901 8
0.012500 -0.249564 1.304543 8
0.092835 -0.263523 1.363153 8
0.096871 -0.293851 1.367676 8
0.067028 -0.332643 1.348293 8
0.096968 -0.356561 1.371328 8
0.068492 -0.395866 1.353130 8
0.058161 -0.430759 1.347872 8
0.074935 -0.457923 1.361834 8
0.075783 -0.489728 1.364643 8
0.053616 -0.529036 1.351355 8
0.025431 -0.571008 1.333971 8
-0.037755 -0.625910 1.292181 8
-0.073725 -0.672723 1.269677 8
-0.108293 -0.720033 1.248326 7
-0.010691 -0.717694 1.319475 7
0.031150 -0.735146 1.351627 7
0.048259 -0.761798 1.366566 7
0.044303 -0.797033 1.366923 7
-0.921985 -0.019398 0.686716 6
-0.541078 -0.020021 0.953333 6
-0.039528 0.002527 1.303900 6
0.024302 -0.021010 1.349333 6
0.017102 -0.053283 1.345358 6
0.022332 -0.083850 1.350125 6
0.059391 -0.109063 1.377107 6
-0.098854 -0.168172 1.268442 8
-0.060330 -0.193773 1.296645 8
-0.058182 -0.225854 1.299663 8
-0.045639 -0.255748 1.309978 8
-0.022558 -0.283063 1.327669 8
0.013058 -0.306962 1.354098 8
0.035604 -0.333346 1.371537 8
0.009281 -0.371960 1.355292 8
0.036967 -0.396642 1.376434 8
0.008899 -0.436541 1.359213 8
0.001166 -0.471211 1.356126 8
0.026230 -0.496111 1.375691 8
-0.026774 -0.545398 1.341720 8
-0.032229 -0.580349 1.340540 8
-0.102525 -0.637770 1.295085 8
-0.217333 -0.712803 1.219444 7
-0.136010 -0.718805 1.278008 7
-0.059257 -0.724703 1.333395 7
-0.000639 -0.735968 1.376381 7
-0.011728 -0.774069 1.371996 7
-0.034445 -0.817429 1.359859 7
-0.935145 -0.016973 0.737780 6
-0.544018 -0.016638 1.005140 6
-0.102080 -0.001435 1.306940 6
0.012401 -0.018845 1.385822 6
0.009618 -0.050289 1.385000 6
-0.024373 -0.086617 1.363072 6
-0.184368 -0.144482 1.255729 8
-0.152565 -0.172348 1.278743 8
-0.131999 -0.201654 1.294206 8
-0.109130 -0.230098 1.311304 8
-0.103186 -0.261644 1.317020 8
-0.082782 -0.289922 1.332601 8
-0.042670 -0.313208 1.361565 8
-0.057718 -0.349159 1.353354 8
-0.032434 -0.375198 1.372446 8
-0.028712 -0.406522 1.377082 8
-0.062705 -0.448412 1.356452 8
-0.061594 -0.480960 1.359552 8
-0.082002 -0.520116 1.348320 8
-0.113671 -0.563414 1.329685 8
-0.129623 -0.602436 1.321726 8
-0.329793 -0.704407 1.190881 8
-0.283026 -0.724625 1.225208 7
-0.190555 -0.727278 1.289978 7
-0.096777 -0.727360 1.355528 7
-0.094049 -0.760558 1.360569 7
-0.116803 -0.804008 1.348837 7
-1.009685 -0.020413 0.747552 6
-0.539641 -0.012527 1.061094 6
-0.125808 -0.000733 1.337106 6
-0.057543 -0.024178 1.383485 6
-0.084085 -0.059409 1.366998 6
-0.093371 -0.092675 1.362072 6
-0.302145 -0.158648 1.225063 8
-0.261712 -0.186052 1.253371 8
-0.221167 -0.212583 1.281814 8
-0.166429 -0.235469 1.319698 8
-0.166655 -0.268616 1.321319 8
-0.140652 -0.296085 1.340348 8
-0.131371 -0.326900 1.348423 8
-0.141665 -0.362330 1.343700 8
-0.091667 -0.382774 1.378745 8
-0.119127 -0.422717 1.362938 8
-0.115999 -0.454916 1.367345 8
-0.163315 -0.501700 1.338804 8
-0.166072 -0.536310 1.339606 8
-0.211724 -0.584475 1.312498 8
-0.295902 -0.646293 1.260455 8
-0.380490 -0.710349 1.208428 0
-0.289100 -0.715434 1.271130 7
-0.204639 -0.720980 1.329257 7
-0.226197 -0.763982 1.318604 7
-0.217248 -0.795961 1.327852 7
-0.204322 -0.826303 1.339765 7
-1.011303 0.066306 0.804232 6
-1.030501 0.023129 0.792662 6
-1.039928 -0.019592 0.787573 6
-0.506344 -0.005436 1.134889 6
-0.183539 -0.003980 1.345303 6
-0.203282 -0.039042 1.333610 6
-0.216083 -0.073626 1.326532 6
-0.197053 -0.103778 1.340166 6
-0.366639 -0.163916 1.231913 0
-0.300764 -0.187374 1.276083 8
-0.294889 -0.220420 1.281554 8
-0.264253 -0.248582 1.303098 8
-0.221899 -0.273712 1.332263 8
-0.204054 -0.303283 1.345703 8
-0.210173 -0.338005 1.343816 8
-0.199106 -0.368825 1.353083 8
-0.181863 -0.397928 1.366404 8
-0.191467 -0.433780 1.362604 8
-0.202926 -0.470453 1.357742 8
-0.233958 -0.513079 1.340503 8
-0.261935 -0.555615 1.325381 8
-0.367823 -0.622952 1.260786 8
-0.389486 -0.665887 1.250097 0
-0.431676 -0.716262 1.226536 0
-0.329741 -0.718244 1.294568 7
-0.272539 -0.733866 1.334187 7
-0.295769 -0.777796 1.322982 7
-0.294228 -0.813033 1.327573 7
-1.007010 0.069372 0.865730 6
-0.979245 0.030543 0.884237 6
-1.010345 -0.013194 0.865577 6
-0.543889 -0.005846 1.162043 6
-0.268010 -0.010218 1.337738 6
-0.319353 -0.049834 1.306431 6
-0.294218 -0.080137 1.323599 6
-0.273504 -0.110588 1.338063 6
-0.409265 -0.165561 1.253887 0
-0.433719 -0.204635 1.240133 0
-0.421722 -0.237700 1.249479 8
-0.348554 -0.258783 1.297417 8
-0.310588 -0.285479 1.323250 8
-0.311051 -0.319663 1.325013 8
-0.285951 -0.348153 1.342924 8
-0.306057 -0.386894 1.332590 8
-0.285984 -0.416183 1.347541 8
-0.309357 -0.456403 1.335425 8
-0.305127 -0.489759 1.340690 8
-0.352238 -0.537627 1.314072 8
-0.391881 -0.584477 1.292307 0
-0.402079 -0.623351 1.289030 0
-0.427843 -0.667508 1.276243 0
-0.409068 -0.697754 1.291211 0
-0.400921 -0.731307 1.299695 7
-0.413310 -0.772021 1.295619 7
-0.414957 -0.809260 1.298315 7
-0.958025 0.035384 0.954832 6
-0.968566 -0.005779 0.949372 6
-0.498920 0.002280 1.240603 6
-0.383357 -0.019825 1.313086 6
-0.417748 -0.058175 1.293099 6
-0.403721 -0.090746 1.303099 6
-0.430981 -0.129118 1.287772 0
-0.446262 -0.166251 1.279958 0
-0.438605 -0.199910 1.286382 0
-0.431591 -0.233577 1.292520 0
-0.384309 -0.259480 1.323478 0
-0.433654 -0.303897 1.295257 0
-0.449914 -0.342441 1.287480 0
-0.419583 -0.370996 1.308343 0
-0.410108 -0.403861 1.316541 0
-0.426040 -0.442853 1.309344 0
-0.437163 -0.481055 1.305224 0
-0.432139 -0.515269 1.311070 0
-0.424018 -0.548605 1.318912 0
-0.439324 -0.588678 1.312655 0
-0.427764 -0.621088 1.322821 0
-0.420155 -0.654590 1.330702 0
-0.433462 -0.694834 1.326074 0
-0.441272 -0.733656 1.324915 0
-0.980935 0.036596 0.997388 6
-0.977736 -0.003140 1.000395 6
-0.637792 -0.008492 1.206364 6
-0.670559 -0.048597 1.187867 6
-0.415394 -0.053867 1.342728 0
-0.447428 -0.092268 1.324851 0
-0.426818 -0.123766 1.338741 0
-0.447459 -0.161307 1.327973 0
-0.433087 -0.193507 1.338339 0
-0.463883 -0.233487 1.321752 0
-0.452754 -0.266291 1.330410 0
-0.411527 -0.292913 1.357166 0
-0.447175 -0.334892 1.338089 0
-0.439827 -0.368205 1.344824 0
-0.442127 -0.403680 1.345925 0
-0.450616 -0.440799 1.343473 0
-0.447259 -0.475179 1.348194 0
-0.428964 -0.505611 1.361892 0
-0.452301 -0.547256 1.351037 0
-0.447509 -0.581426 1.356979 0
-0.444914 -0.616253 1.361744 0
-0.444328 -0.651757 1.365449 0
-0.448444 -0.688876 1.366521 0
-0.441812 -0.722633 1.374039 0
-0.452888 -0.762458 1.371306 0
-0.889771 -0.030443 1.109223 6
-0.899815 -0.070290 1.104670 6
-0.456724 -0.054963 1.366021 0
-0.449904 -0.088244 1.371439 0
-0.448938 -0.122267 1.373545 0
-0.460326 -0.158230 1.368542 0
-0.424517 -0.186694 1.391259 0
-0.422717 -0.220431 1.394197 0
-0.462518 -0.261961 1.372992 0
-0.434623 -0.291043 1.391400 0
-0.453488 -0.329336 1.382684 0
-0.458706 -0.365121 1.382052 0
-0.440964 -0.395815 1.394877 0
-0.495577 -0.443645 1.365870 0
-0.430401 -0.462574 1.406397 0
-0.463585 -0.506027 1.390112 0
-0.448770 -0.537159 1.401701 0
-0.476128 -0.580079 1.389110 0
-0.478538 -0.616325 1.391044 0
-0.456037 -0.645085 1.407408 0
-0.489519 -0.691270 1.391802 0
-0.474135 -0.722228 1.404330 0
-0.474338 -0.758273 1.408070 0
-0.492138 -0.800640 1.401937 0
-0.473777 -0.053069 1.403799 0
-0.468702 -0.086419 1.408151 0
-0.492071 -0.123756 1.396389 0
-0.497366 -0.158875 1.395081 0
-0.460308 -0.187234 1.418026 0
-0.459883 -0.221243 1.420209 0
-0.428586 -0.249597 1.440062 0
-0.452901 -0.288222 1.428429 0
-0.445948 -0.320986 1.434683 0
-0.473066 -0.361068 1.421764 0
-0.450925 -0.390590 1.436864 0
-0.470193 -0.429594 1.428680 0
-0.477860 -0.466206 1.427197 0
-0.449287 -0.493645 1.446252 0
-0.483674 -0.537622 1.430017 0
-0.498927 -0.577051 1.424712 0
-0.483145 -0.607825 1.436942 0
-0.458470 -0.635658 1.454242 0
-0.445758 -0.666826 1.464953 0
-0.477226 -0.712227 1.451195 0
-0.479870 -0.748729 1.453650 0
-0.451593 -0.774652 1.473375 0
-0.520607 1.494878 1.488235 0
-0.498511 -0.018214 1.435833 0
-0.503274 -0.052675 1.434542 0
-0.491412 -0.085110 1.442633 0
-0.465975 -0.115429 1.458386 0
-0.508452 -0.155541 1.436515 0
-0.476921 -0.184619 1.455884 0
-0.485075 -0.219932 1.453347 0
-0.475159 -0.252170 1.460951 0
-0.482596 -0.287621 1.459075 0
-0.496368 -0.324590 1.453841 0
-0.490198 -0.357639 1.459753 0
-0.473952 -0.388361 1.471334 0
-0.526187 -0.434985 1.445375 0
-0.496458 -0.462580 1.464624 0
-0.508186 -0.500301 1.461238 0
-0.484209 -0.528788 1.477537 0
-0.505796 -0.569568 1.469052 0
-0.492697 -0.600861 1.479645 0
-0.488897 -0.634769 1.485292 0
-0.506122 -0.675254 1.479662 0
-0.485155 -0.703910 1.494888 0
-0.523594 -0.752034 1.478118 0
-0.504366 -0.781259 1.492662 0
-0.479222 -0.808085 1.510480 0
-0.506723 1.477928 1.543673 0
-0.535456 1.452331 1.524248 0
-0.553859 1.422823 1.510322 0
-0.505776 1.371815 1.531509 0
-0.528380 1.343758 1.515647 0
-0.534265 1.310349 1.508719 0
-0.554060 1.280910 1.494547 0
-0.499633 1.230650 1.519900 0
-0.510285 1.198929 1.510869 0
-0.529438 1.169242 1.497421 0
-0.523038 1.132995 1.497724 0
-0.520415 1.097852 1.496155 0
-0.512138 1.061585 1.497757 0
-0.522563 1.029546 1.489467 0
-0.516382 0.994005 1.490222 0
-0.496525 0.956044 1.498482 0
-0.511491 -0.016053 1.475711 0
-0.505073 -0.048971 1.480580 0
-0.501414 -0.082153 1.484076 0
-0.468923 -0.111283 1.503308 0
-0.510259 -0.150846 1.482698 0
-0.498499 -0.182812 1.490955 0
-0.470951 -0.211893 1.507847 0
-0.500543 -0.250807 1.494032 0
-0.510803 -0.286697 1.490795 0
-0.494811 -0.317564 1.501818 0
-0.493538 -0.351293 1.505048 0
-0.472564 -0.380673 1.518967 0
-0.479289 -0.416160 1.518162 0
-0.525406 -0.461492 1.496460 0
-0.506773 -0.491383 1.509507 0
-0.515570 -0.528251 1.508056 0
-0.539440 -0.569562 1.498754 0
-0.536862 -0.603894 1.503664 0
-0.537108 -0.639113 1.507216 0
-0.538277 -0.674729 1.510423 0
-0.518962 -0.703942 1.524565 0
-0.489301 -0.729437 1.544239 0
-0.534352 -0.779873 1.524827 0
-0.542292 -0.818358 1.525081 0
-0.683312 -0.486062 -1.669675 4
-0.686102 -0.398757 -1.622790 4
-0.691262 -0.310793 -1.574703 4
-0.687922 -0.237987 -1.538423 4
-0.677234 -0.177721 -1.512075 4
-0.646745 -0.146370 -1.509670 4
-0.593489 -0.145996 -1.533600 4
-0.572026 -0.102498 -1.521235 4
-0.529389 -0.087063 -1.532994 4
-0.499481 -0.055051 -1.530676 4
-0.469639 -0.023158 -1.528560 4
-0.454024 0.025715 -1.511467 4
-0.401352 0.029957 -1.534208 4
-0.365802 0.055006 -1.538705 4
-0.333730 0.084142 -1.539702 4
-0.311131 0.123736 -1.531202 4
-0.283174 0.157100 -1.528498 4
-0.263373 0.198919 -1.517907 4
-0.234285 0.230620 -1.516901 4
-0.211854 0.268983 -1.509603 4
-0.156648 0.274574 -1.534289 4
-0.113406 0.292827 -1.547203 4
-0.060141 0.302150 -1.569505 4
-0.030500 0.334321 -1.569416 4
0.080390 0.292874 -1.644792 4
0.148058 0.292956 -1.679200 4
-0.773508 1.605660 -0.615435 2
-0.768332 1.636330 -0.605468 2
-0.771634 1.671995 -0.588930 2
-0.775032 1.707146 -0.572663 2
-0.776450 1.740557 -0.558303 2
-0.451376 1.619407 -0.786506 2
-0.603620 1.739773 -0.654271 2
-0.298032 1.607963 -0.876338 2
-0.579187 1.793161 -0.647043 2
-0.574646 1.823696 -0.637817 2
-0.530304 1.834113 -0.658797 2
-0.500338 1.852333 -0.668823 2
-0.468139 1.869933 -0.680463 2
-0.444569 1.891987 -0.685666 2
-0.413457 1.910945 -0.696423 2
-0.101570 1.808829 -0.911814 2
-0.099134 1.844356 -0.900407 2
-0.679767 -0.484600 -1.602974 4
-0.696528 -0.376532 -1.540706 4
-0.679028 -0.322923 -1.521015 4
-0.638373 -0.304038 -1.529095 4
-0.622886 -0.249307 -1.508304 4
-0.571611 -0.245223 -1.528814 4
-0.539805 -0.213878 -1.527264 4
-0.509814 -0.180333 -1.523981 4
-0.472201 -0.156884 -1.529283 4
-0.460323 -0.100823 -1.507070 4
-0.423324 -0.076951 -1.512224 4
-0.366860 -0.076349 -1.537803 4
-0.352051 -0.025429 -1.519947 4
-0.306318 -0.011116 -1.534268 4
-0.270804 0.015371 -1.538145 4
-0.278917 0.090131 -1.498654 4
-0.218006 0.088445 -1.528248 4
-0.198250 0.131587 -1.517277 4
-0.154893 0.149798 -1.529467 4
-0.117416 0.174492 -1.535971 4
-0.097805 0.217132 -1.525673 4
-0.054040 0.235920 -1.538297 4
-0.042097 0.285389 -1.521456 4
0.004991 0.301556 -1.537247 4
0.096194 0.278447 -1.592806 4
0.136170 0.303170 -1.601547 4
-0.786985 1.543881 -0.591600 2
-0.800056 1.587431 -0.566709 2
-0.796300 1.618946 -0.555749 2
-0.782802 1.643801 -0.552771 2
-0.783515 1.677529 -0.538758 2
-0.807330 1.724953 -0.507028 2
-0.832116 1.771800 -0.475116 2
-0.298225 1.490976 -0.873004 2
-0.268947 1.512821 -0.880262 2
-0.691711 1.786183 -0.545277 2
-0.739974 1.844320 -0.496697 2
-0.704775 1.856687 -0.511180 2
-0.641829 1.855399 -0.546106 2
-0.616436 1.874245 -0.552990 2
-0.540535 1.868835 -0.596788 2
-0.480773 1.872735 -0.628360 2
-0.518287 1.922624 -0.589427 2
-0.444542 1.921441 -0.630820 2
-0.442692 1.953051 -0.620570 2
-0.348223 1.945347 -0.676064 2
0.043659 1.818128 -0.940064 2
-0.127950 1.923719 -0.807133 2
-0.650961 -0.608338 -1.610185 4
-0.687924 -0.465133 -1.523387 4
-0.643894 -0.449746 -1.534150 4
-0.608364 -0.421328 -1.535049 4
-0.583619 -0.377451 -1.523922 4
-0.562161 -0.329725 -1.509667 4
-0.519548 -0.312074 -1.519378 4
-0.501788 -0.260539 -1.502003 4
-0.453692 -0.250005 -1.517883 4
-0.420121 -0.220015 -1.518171 4
-0.369385 -0.211707 -1.536616 4
-0.346741 -0.167933 -1.525791 4
-0.347171 -0.097026 -1.491907 4
-0.318612 -0.062075 -1.488254 4
-0.244436 -0.079927 -1.530291 4
-0.224782 -0.034279 -1.517897 4
-0.190324 -0.005621 -1.520374 4
-0.149172 0.015891 -1.529417 4
-0.113931 0.044040 -1.532823 4
-0.100107 0.094437 -1.516200 4
-0.051902 0.109279 -1.532088 4
-0.032528 0.153349 -1.521286 4
-0.012794 0.196555 -1.511209 4
0.047361 0.201028 -1.537937 4
0.055056 0.255294 -1.517491 4
0.093948 0.280375 -1.525173 4
0.149128 0.291365 -1.547114 4
0.259715 0.255282 -1.616791 4
-0.792341 1.439160 -0.589891 2
-0.773773 1.461898 -0.589883 2
-0.774879 1.498614 -0.574244 2
-0.773919 1.533303 -0.560593 2
-0.806758 1.590347 -0.520684 2
-0.770906 1.600454 -0.535073 2
-0.790672 1.647063 -0.506290 2
-0.824963 1.701736 -0.466892 2
-0.825108 1.733917 -0.454194 2
-0.832297 1.769882 -0.436444 2
-0.860497 1.817512 -0.403275 2
-0.849871 1.841752 -0.399589 2
-0.811596 1.850515 -0.416476 2
-0.783769 1.865649 -0.425525 2
-0.756560 1.881516 -0.434071 2
-0.722710 1.894350 -0.447380 2
-0.738416 1.932596 -0.424958 2
-0.681586 1.934684 -0.454701 2
-0.614011 1.932851 -0.491738 2
-0.588217 1.951747 -0.498927 2
-0.528026 1.955563 -0.530169 2
-0.459852 1.957133 -0.566636 2
-0.431408 1.976926 -0.575264 2
-0.319473 1.962874 -0.641187 2
0.086161 1.834504 -0.906782 2
-0.057767 1.927644 -0.796501 2
-0.181656 2.009436 -0.701148 2
-0.002530 1.978538 -0.810068 2
-0.022887 2.021263 -0.784899 2
-0.649780 -0.602864 -1.540616 4
-0.606820 -0.583646 -1.548720 4
-0.587838 -0.527937 -1.529511 4
-0.563105 -0.482039 -1.517567 4
-0.508883 -0.479463 -1.538832 4
-0.503074 -0.407657 -1.506918 4
-0.440066 -0.416505 -1.537645 4
-0.422806 -0.362209 -1.519215 4
-0.387729 -0.332491 -1.520148 8
-0.377595 -0.270765 -1.495497 8
-0.357163 -0.223435 -1.482192 8
-0.328807 -0.186656 -1.477405 8
-0.299266 -0.151640 -1.474113 8
-0.268886 -0.117858 -1.471919 8
-0.233646 -0.089852 -1.474688 8
-0.192353 -0.068581 -1.483388 8
-0.132249 -0.067650 -1.509916 8
-0.064608 -0.073565 -1.543096 4
-0.045805 -0.026358 -1.530421 4
-0.025422 0.018565 -1.519650 4
0.024122 0.033480 -1.535752 4
0.039485 0.082930 -1.520992 4
0.071149 0.115900 -1.521194 4
0.112137 0.140042 -1.529760 4
0.141700 0.175158 -1.528370 4
0.188498 0.194593 -1.542028 4
0.178770 0.264770 -1.507322 4
0.268707 0.246950 -1.557711 4
-0.774213 1.349881 -0.592933 2
-0.787865 1.397868 -0.566588 2
-0.745655 1.403301 -0.585120 2
-0.783167 1.467398 -0.540701 2
-0.799123 1.514390 -0.513935 2
-0.780394 1.536273 -0.514538 2
-0.782654 1.572434 -0.499108 2
-0.822487 1.632865 -0.455402 2
-0.810612 1.658162 -0.451527 2
-0.819502 1.696450 -0.432230 2
-0.839080 1.740597 -0.405360 2
-0.833121 1.768378 -0.397822 2
-0.094482 1.366263 -0.927205 2
-0.067081 1.391867 -0.931672 2
-0.062584 1.430499 -0.919638 2
-0.023453 1.449914 -0.932696 2
-0.815464 1.910266 -0.354204 2
-0.796870 1.930054 -0.356705 2
-0.775230 1.948475 -0.361376 2
-0.755041 1.967852 -0.365042 2
-0.744591 1.992074 -0.361984 2
-0.695216 1.998243 -0.385805 2
-0.624582 1.995825 -0.423907 2
-0.585496 2.008703 -0.440168 2
-0.479447 1.993869 -0.501461 2
-0.455049 2.015018 -0.507323 2
-0.337738 1.999393 -0.575077 2
0.182036 1.830708 -0.908536 2
0.132719 1.887610 -0.863533 2
-0.079491 2.002012 -0.712595 2
0.073052 1.983185 -0.800721 2
0.056029 2.025100 -0.778270 2
0.007517 2.076606 -0.735917 2
-0.024954 2.121643 -0.704376 2
-0.077621 2.171783 -0.660429 2
-0.602020 -0.671002 -1.525463 4
-0.549019 -0.665886 -1.544102 4
-0.876684 -0.086723 -1.139807 6
-0.481570 -0.595976 -1.538285 4
-0.471560 -0.527443 -1.510285 4
-0.449780 -0.477283 -1.495815 4
-0.394903 -0.473568 -1.516670 8
-0.683657 -0.007386 -1.181731 6
-0.634618 -0.004087 -1.200659 6
-0.599847 0.018508 -1.204905 6
-0.536054 0.004807 -1.238088 6
-0.478624 0.000667 -1.264371 6
-0.415151 -0.009380 -1.296048 6
-0.352770 -0.016513 -1.326090 6
-0.234089 -0.086875 -1.408914 8
-0.191521 -0.067304 -1.418740 8
-0.137628 -0.059750 -1.438996 8
-0.096139 -0.037843 -1.447623 8
-0.038248 -0.032839 -1.471072 8
0.080807 -0.089813 -1.548920 4
0.080036 -0.021974 -1.519180 4
0.134099 -0.009797 -1.538275 4
0.162774 0.027837 -1.535128 4
0.209504 0.048222 -1.547705 4
0.220908 0.101912 -1.530179 4
0.246067 0.142318 -1.524729 4
0.280617 0.174151 -1.527365 4
0.303841 0.215943 -1.520759 4
-0.766544 1.226055 -0.603991 2
-0.760021 1.260407 -0.593038 2
-0.752747 1.293699 -0.582976 2
-0.792975 1.363482 -0.535748 2
-0.802342 1.407786 -0.513545 2
-0.819608 1.457029 -0.485696 2
-0.810213 1.485746 -0.478880 2
-0.808519 1.519676 -0.466395 2
-0.814776 1.558632 -0.448195 2
-0.816555 1.593830 -0.433725 2
-0.822893 1.631486 -0.416178 2
-0.828271 1.667841 -0.399693 2
-0.849255 1.713423 -0.372123 2
-0.916706 1.786583 -0.311320 2
-0.041608 1.289954 -0.930542 2
-0.015513 1.317116 -0.933510 2
0.015904 1.341425 -0.940307 2
0.042383 1.368847 -0.943622 2
0.050624 1.406423 -0.934225 2
0.069384 1.438130 -0.932361 2
0.056972 1.485977 -0.909117 2
0.097375 1.506406 -0.922461 2
0.093658 1.549086 -0.905698 2
0.130816 1.571715 -0.916871 2
0.136412 1.609525 -0.906798 2
-0.601194 1.982275 -0.401308 2
-0.438243 1.941053 -0.499131 2
-0.534912 2.014144 -0.424849 2
-0.520325 2.038547 -0.424356 2
-0.458003 2.043903 -0.454969 2
0.223245 1.810239 -0.885200 2
0.220944 1.849955 -0.871276 2
0.188070 1.900401 -0.838082 2
-0.092495 2.036887 -0.648169 2
-0.158400 2.093399 -0.595986 2
0.100719 2.041419 -0.748367 2
0.046890 2.094285 -0.703887 2
-0.528135 -0.780105 -1.537721 4
-0.913768 -0.097942 -1.073337 6
-0.879854 -0.076436 -1.076737 6
-0.853284 -0.044075 -1.072408 6
-0.826406 -0.012564 -1.068719 6
-0.753909 -0.045399 -1.112582 6
-0.728025 -0.011773 -1.107799 6
-0.690005 0.005181 -1.115562 6
-0.629406 -0.007120 -1.145763 6
-0.594294 0.014914 -1.150333 6
-0.518840 -0.013486 -1.194074 6
-0.465587 -0.012264 -1.215642 6
-0.416235 -0.005240 -1.233165 6
-0.367594 0.003508 -1.249773 6
-0.300304 -0.008344 -1.283378 6
-0.253359 0.004420 -1.297801 6
-0.192888 0.003007 -1.324265 6
-0.092438 -0.040129 -1.385968 8
-0.018414 -0.052273 -1.423158 8
0.047835 -0.054537 -1.452920 8
0.163181 -0.104895 -1.524607 4
0.202951 -0.077035 -1.530375 4
0.220127 -0.027063 -1.517080 4
0.250251 0.009995 -1.515054 4
0.285291 0.042400 -1.517300 4
0.329929 0.066214 -1.527533 4
0.358230 0.105007 -1.524444 4
-0.771710 1.148688 -0.589252 2
-0.775972 1.193201 -0.569355 2
-0.757891 1.218256 -0.567572 2
-0.767357 1.265632 -0.544350 2
-0.748406 1.289391 -0.543682 2
-0.764113 1.340090 -0.516464 2
-0.782997 1.392019 -0.487386 2
-0.786637 1.431362 -0.470413 2
-0.801384 1.478067 -0.445487 2
-0.815091 1.522985 -0.421830 2
-0.797314 1.545054 -0.421843 2
-0.944478 1.679101 -0.301363 2
-0.936382 1.705109 -0.295470 2
-0.943883 1.741013 -0.278518 2
-0.938203 1.767912 -0.271307 2
0.002651 1.216993 -0.926703 2
0.015381 1.252925 -0.919783 2
0.034744 1.284745 -0.917687 2
0.097396 1.291713 -0.945696 2
0.050851 1.361040 -0.898310 2
0.089337 1.382116 -0.909740 2
0.127868 1.403721 -0.921129 2
0.135354 1.441971 -0.911550 2
0.165702 1.468393 -0.917474 2
0.173582 1.506197 -0.908488 2
0.196143 1.536725 -0.909390 2
0.217540 1.567939 -0.909603 2
-0.585748 1.972296 -0.373259 2
-0.620318 2.017810 -0.340924 2
-0.412772 1.958792 -0.464593 2
-0.341163 1.961014 -0.499990 2
-0.270204 1.964972 -0.534598 2
-0.207396 1.973552 -0.563707 2
0.308120 1.812499 -0.876200 2
0.314674 1.849559 -0.868002 2
0.255239 1.909759 -0.819123 2
-0.057131 2.054595 -0.615204 2
0.126618 2.028192 -0.717330 2
0.076495 2.080193 -0.676052 2
-0.809322 -0.411621 -1.197766 8
-0.954697 -0.102274 -1.003562 6
-0.940982 -0.050405 -0.985504 6
-0.896619 -0.045857 -1.000454 6
-0.859684 -0.029596 -1.007448 6
-0.805919 -0.037139 -1.031654 6
-0.749709 -0.046717 -1.057836 6
-0.706262 -0.037318 -1.070780 6
-0.674924 -0.011030 -1.071661 6
-0.659193 0.035642 -1.057566 6
-0.571826 -0.010382 -1.112551 6
-0.514652 -0.015458 -1.137788 6
-0.476073 0.003628 -1.145216 6
-0.411638 -0.007958 -1.176462 6
-0.356286 -0.007206 -1.198851 6
-0.291600 -0.016002 -1.229277 6
-0.250422 0.003221 -1.238247 6
-0.176394 -0.013254 -1.276066 6
-0.146729 0.019988 -1.274612 6
-0.068666 0.002126 -1.314982 6
0.004139 -0.008248 -1.350158 6
0.171981 -0.112748 -1.464762 8
0.270658 -0.143119 -1.519499 4
0.328960 -0.131718 -1.539973 4
0.336609 -0.071382 -1.518841 4
-0.731696 0.984247 -0.628706 2
-0.749714 1.044535 -0.596677 2
-0.730782 1.070507 -0.594652 2
-0.772239 1.148800 -0.545354 2
-0.782325 1.198121 -0.521469 2
-0.781900 1.237599 -0.506215 2
-0.780592 1.275666 -0.492000 2
-0.784118 1.316942 -0.474467 2
-0.815224 1.378891 -0.436643 2
-0.795878 1.400763 -0.437069 2
-0.822324 1.456754 -0.403811 2
-0.951988 1.586371 -0.295747 2
-0.948327 1.616398 -0.286199 2
-0.989761 1.677386 -0.244457 2
-0.971889 1.696292 -0.245749 2
-1.000731 1.746304 -0.214041 2
-1.004732 1.778877 -0.200330 2
-0.947497 1.772121 -0.229536 2
-0.893112 1.768423 -0.256385 2
-0.873397 1.786853 -0.259113 2
-0.864157 1.811625 -0.254732 2
-0.865748 1.842496 -0.243160 2
-0.841319 1.858351 -0.249268 2
-0.818428 1.875362 -0.254324 2
-0.757223 1.872224 -0.284698 2
-0.756129 1.901628 -0.275241 2
-0.730535 1.918319 -0.281947 2
-0.715842 1.940727 -0.281561 2
-0.716905 1.970750 -0.271104 2
-0.696439 1.990386 -0.274597 2
0.309943 1.563055 -0.903904 2
-0.581902 1.997877 -0.328035 2
-0.598069 2.034800 -0.308310 2
-0.311873 1.945340 -0.477149 2
-0.283062 1.966493 -0.484682 2
-0.226132 1.977055 -0.509474 2
-0.175139 1.990957 -0.530397 2
-0.122864 2.005328 -0.551909 2
-0.048129 2.012694 -0.586790 2
0.242368 1.947552 -0.750847 2
0.185589 2.003988 -0.705801 2
0.144656 2.053743 -0.670744 2
-0.861340 -0.486211 -1.151500 8
-0.868718 -0.390141 -1.106423 8
-1.009026 -0.083960 -0.920344 6
-0.943672 -0.113595 -0.957460 6
-0.934708 -0.054429 -0.934966 6
-0.888238 -0.053104 -0.951782 6
-0.858857 -0.025800 -0.951022 6
-0.801204 -0.039133 -0.978639 6
-0.764850 -0.021035 -0.984734 6
-0.692207 -0.052303 -1.026021 6
-0.675100 -0.006843 -1.013251 6
-0.618647 -0.013743 -1.038133 6
-0.594394 0.021960 -1.032528 6
-0.522414 -0.002507 -1.071157 6
-0.470176 -0.000613 -1.091045 6
-0.429250 0.015909 -1.100450 6
-0.365670 0.006331 -1.129892 6
-0.306751 0.003698 -1.154712 6
-0.261575 0.017823 -1.167199 6
-0.171119 -0.017189 -1.218370 6
-0.135537 0.009573 -1.222037 6
-0.080049 0.015527 -1.242465 6
-0.001691 -0.001038 -1.281570 6
0.071015 -0.009874 -1.315356 6
0.113320 0.013046 -1.323894 6
-0.745932 0.907788 -0.607659 2
-0.737817 0.945422 -0.596225 2
-0.748850 1.000205 -0.570031 2
-0.767539 1.060617 -0.538472 2
-0.778047 1.112216 -0.513935 2
-0.788793 1.162826 -0.489772 2
-0.769057 1.186382 -0.489261 2
-0.780600 1.235927 -0.465345 2
-0.797996 1.289109 -0.437589 2
-0.822763 1.346864 -0.404971 2
-0.958451 1.489442 -0.291884 2
-0.968553 1.531177 -0.271886 2
-0.981246 1.573946 -0.250437 2
-0.990465 1.613234 -0.231895 2
-0.990820 1.645403 -0.219991 2
-0.969634 1.662082 -0.223448 2
-1.004483 1.717063 -0.187946 2
-1.022248 1.759149 -0.164859 2
0.073805 1.077100 -0.904474 2
-0.941088 1.766407 -0.199180 2
-0.916096 1.780887 -0.205527 2
-0.909535 1.806840 -0.199511 2
-0.873195 1.815013 -0.213408 2
-0.861954 1.838295 -0.210620 2
-0.855622 1.864276 -0.204717 2
-0.831589 1.880369 -0.210450 2
-0.811620 1.898942 -0.213536 2
-0.790570 1.917148 -0.217326 2
-0.758403 1.929947 -0.228186 2
-0.758199 1.959057 -0.218766 2
-0.732537 1.975613 -0.225494 2
-0.691487 1.985330 -0.241774 2
-0.681322 2.009846 -0.238775 2
-0.503393 1.960157 -0.339030 2
-0.571332 2.020261 -0.287829 2
-0.604744 2.063971 -0.258294 2
-0.288053 1.964907 -0.440397 2
-0.242238 1.979623 -0.457890 2
-0.162970 1.982437 -0.495160 2
-0.133978 2.005384 -0.502259 2
-0.057833 2.011936 -0.537092 2
0.000612 2.026110 -0.561213 2
0.081310 2.033977 -0.598058 2
0.199457 2.031429 -0.656202 2
-0.969126 -0.464232 -1.044194 8
-0.936714 -0.435129 -1.043012 8
-0.924144 -0.372986 -1.020708 8
-1.033295 -0.112896 -0.870243 6
-1.002474 -0.088310 -0.870786 6
-0.981477 -0.048481 -0.861399 6
-0.948949 -0.027118 -0.864153 6
-0.910763 -0.014182 -0.872652 6
-0.866888 -0.009133 -0.886680 6
-0.795057 -0.043221 -0.927606 6
-0.744240 -0.045409 -0.947469 6
-0.676889 -0.069020 -0.982572 6
-0.646353 -0.041344 -0.982620 6
-0.618175 -0.010697 -0.980661 6
-0.563639 -0.013962 -1.002838 6
-0.526184 0.005386 -1.009305 6
-0.481688 0.016419 -1.022002 6
-0.410516 -0.003814 -1.057881 6
-0.365315 0.008404 -1.070610 6
-0.307428 0.006743 -1.094030 6
-0.236548 -0.008225 -1.128034 6
-0.164765 -0.022325 -1.162173 6
-0.133830 0.009347 -1.161965 6
-0.055501 -0.008918 -1.200622 6
0.002235 -0.003900 -1.221950 6
-0.743868 0.812920 -0.600121 2
-0.748268 0.864379 -0.578319 2
-0.758224 0.920045 -0.552711 2
-0.759546 0.966199 -0.534409 2
-0.772262 1.021955 -0.507814 2
-0.753245 1.047592 -0.505957 2
-0.785508 1.118628 -0.465606 2
-0.818856 1.188591 -0.425293 2
-0.969659 1.356357 -0.299007 2
-0.968378 1.391468 -0.286486 2
-0.972900 1.430707 -0.270052 2
-0.987858 1.477478 -0.246476 2
-0.974028 1.500723 -0.243906 2
-1.003004 1.556477 -0.211195 2
-1.007040 1.592134 -0.196582 2
-1.019042 1.632941 -0.176744 2
-1.010155 1.657978 -0.171690 2
-1.009770 1.688738 -0.160968 2
-1.065294 1.757105 -0.112579 2
-1.070828 1.790048 -0.098635 2
0.161439 1.017792 -0.910802 2
-0.980143 1.789571 -0.138920 2
-0.956098 1.803965 -0.144688 2
-0.920587 1.811724 -0.157897 2
-0.919823 1.840661 -0.148477 2
-0.885935 1.850133 -0.160524 2
-0.851719 1.860007 -0.172658 2
-0.830403 1.877553 -0.176502 2
-0.808961 1.895265 -0.180422 2
-0.837370 1.939218 -0.153223 2
-0.759721 1.928174 -0.192189 2
-0.773503 1.964123 -0.174387 2
-0.735175 1.974282 -0.188737 2
-0.726077 1.998833 -0.185191 2
-0.686294 2.009323 -0.200254 2
0.400212 1.556478 -0.842583 2
-0.497601 1.985446 -0.294929 2
-0.605244 2.061106 -0.221906 2
-0.307313 1.969169 -0.388343 2
-0.224736 1.969044 -0.426909 2
-0.182505 1.986027 -0.441622 2
-0.111654 1.993156 -0.472730 2
-0.105342 2.024777 -0.466487 2
0.001420 2.021521 -0.517667 2
0.090714 2.026335 -0.558394 2
0.130672 2.048869 -0.570890 2
-1.029931 -0.521870 -0.989834 8
-1.013471 -0.463505 -0.970763 8
-0.994147 -0.411969 -0.955661 8
-1.171014 -0.024663 -0.732325 6
-1.072276 -0.117167 -0.805189 6
-1.049390 -0.080100 -0.797707 6
-1.053939 0.000114 -0.762780 6
-0.999935 -0.013911 -0.787649 6
-0.944248 -0.028893 -0.813614 6
-0.908625 -0.012259 -0.819511 6
-0.864979 -0.007073 -0.833089 6
-0.817706 -0.006278 -0.849878 6
-0.779062 0.007543 -0.858334 6
-0.698746 -0.035039 -0.905008 6
-0.637198 -0.049668 -0.933596 6
-0.600279 -0.030437 -0.939558 6
-0.565573 -0.008110 -0.943567 6
-0.524655 0.006608 -0.953050 6
-0.475064 0.011217 -0.969925 6
-0.420016 0.010238 -0.991189 6
-0.359843 0.004455 -1.016410 6
-0.310440 0.012434 -1.032227 6
-0.225726 -0.018331 -1.076871 6
-0.197765 0.015726 -1.074492 6
-0.118040 -0.006032 -1.113943 6
-0.727342 0.699258 -0.604406 2
-0.725554 0.746800 -0.586928 2
-0.749361 0.819159 -0.549981 2
-0.767254 0.883650 -0.518455 2
-0.781375 0.942785 -0.490543 2
-0.811530 1.015587 -0.451166 2
-0.815769 1.062310 -0.432041 2
-0.947839 1.223892 -0.318672 2
-0.957227 1.270767 -0.297568 2
-0.977560 1.326071 -0.268981 2
-0.973680 1.359356 -0.258433 2
-0.993144 1.411538 -0.231491 2
-1.025230 1.472665 -0.196179 2
-1.009853 1.494265 -0.194823 2
-1.035684 1.547928 -0.164927 2
-1.022194 1.570190 -0.162691 2
-1.018284 1.599515 -0.154010 2
-1.043382 1.649605 -0.125893 2
-1.042318 1.679736 -0.115867 2
-1.093948 1.746162 -0.070968 2
-1.067627 1.757397 -0.078342 2
0.197015 0.944291 -0.897158 2
0.251061 0.957083 -0.916048 2
0.226238 1.020967 -0.883847 2
-0.952620 1.800128 -0.113422 2
-0.951310 1.828576 -0.104547 2
-0.937445 1.849243 -0.103773 2
-0.911839 1.863149 -0.110408 2
-0.882520 1.875319 -0.119301 2
-0.865242 1.894571 -0.120684 2
-0.833680 1.906290 -0.130845 2
-0.822869 1.929373 -0.128289 2
-0.776307 1.934207 -0.147409 2
-0.791080 1.970379 -0.129519 2
-0.752284 1.979975 -0.143834 2
-0.723459 1.994959 -0.152100 2
-0.730714 2.026881 -0.139091 2
0.436711 1.536089 -0.812383 2
-0.639075 2.043452 -0.175308 2
-0.600846 2.056221 -0.188758 2
-0.569331 2.072393 -0.198234 2
-0.269831 1.983190 -0.360217 2
-0.167193 1.976366 -0.408849 2
-0.123680 1.993655 -0.423685 2
-0.057650 2.003608 -0.450978 2
0.007336 2.015203 -0.477416 2
0.050352 2.035418 -0.491455 2
0.159066 2.035073 -0.541458 2
0.191380 2.060846 -0.549222 2
-1.068543 -0.530660 -0.923196 8
-1.088224 -0.405265 -0.865128 8
-1.186074 -0.144218 -0.725606 6
-1.180738 -0.076139 -0.699551 6
-1.120507 -0.104515 -0.731364 6
-1.069868 -0.114541 -0.752573 6
-1.034304 -0.098485 -0.758183 6
-1.047817 -0.003827 -0.715341 6
-1.001857 -0.005327 -0.731799 6
-0.944717 -0.022838 -0.758655 6
-0.911886 -0.002353 -0.761939 6
-0.865279 -0.001856 -0.778119 6
-0.793412 -0.036349 -0.817209 6
-0.767589 -0.004174 -0.813680 6
-0.674048 -0.064605 -0.870931 6
-0.643023 -0.038054 -0.871684 6
-0.594256 -0.034695 -0.888020 6
-0.537198 -0.040962 -0.911223 6
-0.502378 -0.018099 -0.915108 6
-0.458503 -0.006143 -0.926640 6
-0.392125 -0.020452 -0.956694 6
-0.356112 0.002521 -0.961301 6
-0.311592 0.015960 -0.972829 6
-0.713236 0.530086 -0.626956 2
-0.711428 0.581090 -0.608389 2
-0.734826 0.658044 -0.570595 2
-0.756841 0.731328 -0.534792 2
-0.775112 0.798689 -0.502719 2
-0.810721 0.881693 -0.458258 2
-0.838495 0.954469 -0.420686 2
-0.969840 1.125213 -0.306993 2
-0.984647 1.179524 -0.281392 2
-0.988595 1.222394 -0.264280 2
-0.987335 1.259628 -0.251332 2
-1.018984 1.325378 -0.215184 2
-1.038332 1.378552 -0.188493 2
-1.019317 1.397738 -0.189268 2
-1.005289 1.421127 -0.186628 2
-1.048137 1.490707 -0.144926 2
-1.048277 1.524166 -0.133180 2
-1.066792 1.571381 -0.109263 2
-1.063265 1.600618 -0.100604 2
-1.058187 1.628298 -0.093178 2
-1.062453 1.662463 -0.079768 2
-1.079090 1.704836 -0.058541 2
-1.107050 1.754116 -0.030368 2
0.262143 0.849065 -0.901771 2
0.260627 0.899616 -0.884315 2
0.278793 0.936590 -0.879680 2
0.304940 0.968343 -0.880212 2
-1.004986 1.831030 -0.047590 2
-0.980145 1.844354 -0.053755 2
-0.926257 1.840796 -0.077716 2
-0.936042 1.875252 -0.062543 2
-0.917043 1.892816 -0.065059 2
-0.880311 1.900790 -0.078240 2
-0.843471 1.909370 -0.091340 2
-0.820303 1.925773 -0.096198 2
-0.817278 1.952748 -0.089181 2
-0.809138 1.976941 -0.085290 2
-0.769854 1.985959 -0.099569 2
-0.744396 2.002207 -0.105727 2
-0.766419 2.040580 -0.084655 2
-0.698965 2.038218 -0.114802 2
-0.635480 2.038991 -0.142354 2
-0.580759 2.044754 -0.164670 2
-0.563788 2.067015 -0.165680 2
-0.259899 1.975681 -0.325816 2
-0.186659 1.980071 -0.356902 2
-0.146714 1.998328 -0.369416 2
-0.062077 2.001139 -0.406152 2
-0.013556 2.018263 -0.422950 2
0.074537 2.022908 -0.460878 2
0.161944 2.029548 -0.498040 2
0.181375 2.059281 -0.498678 2
0.252335 2.073600 -0.526593 2
0.357688 2.079254 -0.572311 2
-1.079005 -0.688219 -0.926345 7
-1.138506 -0.477796 -0.822933 8
-1.157424 -0.353528 -0.767119 8
-1.136786 -0.307253 -0.755294 8
-1.192702 -0.124721 -0.664486 6
-1.165484 -0.095776 -0.661886 6
-1.124139 -0.091445 -0.673762 6
-1.059400 -0.125461 -0.708597 6
-1.121604 0.050199 -0.618817 6
-1.044000 -0.004139 -0.666110 6
-0.988785 -0.020185 -0.690990 6
-0.955950 -0.000477 -0.694451 6
-0.916620 0.009658 -0.703937 6
-0.868948 0.008194 -0.720863 6
-0.823720 0.011267 -0.735292 6
-0.789332 0.030289 -0.739931 6
-0.706925 -0.015818 -0.786337 6
-0.620006 -0.064892 -0.835554 6
-0.595507 -0.029514 -0.830779 6
-0.519941 -0.059615 -0.868986 6
-0.492915 -0.026816 -0.866285 6
-0.430928 -0.036940 -0.892326 6
-0.643537 0.282399 -0.696381 2
-0.712417 0.421383 -0.619723 2
-0.707715 0.471368 -0.602930 2
-0.749313 0.572129 -0.550546 2
-0.781328 0.659169 -0.506814 2
-0.817113 0.747604 -0.461264 2
-0.843206 0.823129 -0.424095 2
-0.998540 1.029459 -0.291379 2
-0.969225 1.042061 -0.297839 2
-0.971603 1.086280 -0.281086 2
-0.982074 1.137357 -0.258892 2
-1.008581 1.202349 -0.225730 2
-0.994358 1.227792 -0.222174 2
-1.031985 1.300037 -0.182338 2
-1.054936 1.357102 -0.153536 2
-1.058220 1.395541 -0.138892 2
-1.035096 1.410757 -0.142612 2
-1.044443 1.453207 -0.124354 2
-1.054349 1.495172 -0.106108 2
-1.048431 1.523599 -0.098758 2
-1.073833 1.576098 -0.070957 2
-1.084483 1.615944 -0.053324 2
-1.089485 1.650709 -0.039700 2
-1.100347 1.689099 -0.022592 2
0.278916 0.733878 -0.891177 2
0.269865 0.791367 -0.868639 2
0.303845 0.818433 -0.873507 2
0.330414 0.850756 -0.873769 2
0.359730 0.881377 -0.875798 2
0.369528 0.924618 -0.865927 2
0.361509 0.978565 -0.845462 2
-0.985965 1.846204 -0.018128 2
-0.973866 1.867262 -0.016486 2
-0.948954 1.880874 -0.022516 2
-0.932315 1.899510 -0.023623 2
-0.905211 1.912486 -0.030877 2
-0.908180 1.942054 -0.020595 2
-0.864337 1.946647 -0.037503 2
-0.834574 1.959295 -0.046147 2
-0.803705 1.971862 -0.055341 2
-0.794632 1.995507 -0.052130 2
-0.796287 2.024155 -0.042979 2
-0.764795 2.037234 -0.052468 2
-0.750317 2.058434 -0.052445 2
-0.628058 2.032889 -0.111765 2
-0.569568 2.037024 -0.135494 2
-0.514124 2.043570 -0.157302 2
-0.228285 1.959560 -0.303244 2
-0.194186 1.979263 -0.312357 2
-0.133762 1.989654 -0.335435 2
-0.060798 1.996659 -0.364916 2
-0.022984 2.017411 -0.375569 2
0.035690 2.031711 -0.397057 2
0.096137 2.046522 -0.419254 2
0.159325 2.061594 -0.442651 2
0.276955 2.061291 -0.493824 2
0.300432 2.090968 -0.496296 2
-1.097984 -0.737564 -0.881873 7
-1.175355 -0.486799 -0.760037 8
-1.173179 -0.401382 -0.727449 8
-1.174077 -0.313446 -0.693015 8
-1.141722 -0.289956 -0.694118 8
-1.191338 -0.119717 -0.612630 6
-1.158288 -0.101302 -0.616093 6
-1.121444 -0.089304 -0.623325 6
-1.150644 0.033184 -0.567003 6
-1.086092 -0.001760 -0.601335 6
-1.052235 0.014664 -0.606170 6
-1.024456 0.040730 -0.605433 6
-0.967213 0.021798 -0.631545 6
-0.922815 0.023750 -0.645600 6
-0.860587 0.000697 -0.675100 6
-0.822163 0.013449 -0.683278 6
-0.785365 0.028907 -0.689986 6
-0.721967 0.008571 -0.719137 6
-0.653108 -0.017116 -0.752229 6
-0.594693 -0.027065 -0.776015 6
-0.705633 0.179994 -0.661583 3
-0.635653 0.153997 -0.695448 3
-0.697699 0.291068 -0.623811 2
-0.729849 0.387728 -0.577438 2
-0.768741 0.489213 -0.527025 2
-0.801208 0.580092 -0.482795 2
-0.836381 0.671177 -0.437607 2
-0.960214 0.856583 -0.327052 2
-0.977786 0.921171 -0.297779 2
-0.982124 0.970053 -0.278924 2
-1.009969 1.041962 -0.243483 2
-1.003176 1.076865 -0.233735 2
-1.025133 1.139537 -0.203819 2
-1.022050 1.176283 -0.192200 2
-1.005077 1.199222 -0.190560 2
-1.048008 1.277523 -0.147677 2
-1.054857 1.320711 -0.130346 2
-1.067574 1.368146 -0.109432 2
-1.056900 1.394114 -0.104657 2
-1.071270 1.441131 -0.083385 2
-1.063567 1.468636 -0.077091 2
-1.083764 1.518554 -0.052755 2
-1.057271 1.529966 -0.059104 2
-1.087781 1.586218 -0.028842 2
0.280586 0.572780 -0.888447 2
0.287232 0.621323 -0.875188 2
0.310512 0.657081 -0.872628 2
0.331580 0.694351 -0.868819 2
0.350235 0.733178 -0.863666 2
0.373403 0.768731 -0.861424 2
0.365272 0.825159 -0.840354 2
0.381770 0.864532 -0.834474 2
0.373925 0.919232 -0.814255 2
0.394131 0.955535 -0.810996 2
-0.990905 1.847546 0.016455 2
-0.994726 1.877924 0.027306 2
-0.991407 1.903691 0.033834 2
-0.965351 1.916319 0.027185 2
-0.954923 1.937971 0.029496 2
-0.899552 1.935341 0.006325 2
-0.896285 1.961280 0.012702 2
-0.876498 1.978524 0.009744 2
-0.827798 1.981542 -0.009218 2
-0.829899 2.010238 -0.000017 2
-0.814650 2.030370 -0.000452 2
-0.784218 2.043609 -0.009152 2
-0.760368 2.060289 -0.014222 2
-0.623918 2.028227 -0.079553 2
-0.585025 2.040578 -0.092170 2
-0.524948 2.044901 -0.115856 2
-0.466063 2.050889 -0.138650 2
-0.208885 1.981288 -0.264696 2
-0.135239 1.986397 -0.294008 2
-0.101544 2.007484 -0.302399 2
-0.016885 2.011169 -0.336840 2
0.040985 2.025662 -0.357258 2
0.123693 2.033067 -0.390046 2
0.168574 2.054096 -0.403444 2
0.233554 2.069746 -0.426781 2
0.298294 2.086681 -0.449765 2
0.434457 2.084598 -0.507852 2
-1.272796 -0.762150 -0.781522 7
-1.157349 -0.703788 -0.793509 7
-1.239455 -0.439658 -0.668611 8
-1.225688 -0.377558 -0.649273 8
-1.196619 -0.347105 -0.646627 8
-1.194100 -0.267320 -0.617362 8
-1.135127 -0.293954 -0.645544 8
-1.196450 -0.103229 -0.555111 6
-1.161816 -0.088154 -0.560294 6
-1.183733 0.023488 -0.511852 6
-1.131029 0.006659 -0.534748 6
-1.126211 0.069349 -0.513083 6
-1.069693 0.047988 -0.539029 6
-1.010723 0.024710 -0.566548 6
-0.977912 0.043093 -0.570419 6
-0.934187 0.045424 -0.583786 6
-0.877804 0.030260 -0.607743 6
-0.841129 0.044683 -0.614567 6
-0.798503 0.051212 -0.626297 6
-0.741985 0.039608 -0.649262 6
-0.664238 0.001338 -0.688976 6
-0.634397 0.027972 -0.689470 6
-0.724786 0.207363 -0.595025 2
-0.769350 0.323176 -0.538787 2
-0.810125 0.430489 -0.486930 2
-0.844912 0.527128 -0.440965 2
-0.859086 0.596619 -0.411701 2
-0.978949 0.784903 -0.304430 2
-1.000519 0.856296 -0.272085 2
-1.006655 0.908691 -0.251783 2
-1.013165 0.960176 -0.231731 2
-1.032596 1.023955 -0.202967 2
-1.036456 1.069934 -0.185871 2
-1.049917 1.124522 -0.162492 2
-1.070052 1.184273 -0.135042 2
-1.065116 1.218177 -0.125371 2
-1.055144 1.246743 -0.119367 2
-1.047491 1.277104 -0.111985 2
-1.054065 1.319936 -0.095346 2
-1.042339 1.345580 -0.091131 2
-1.079281 1.413284 -0.055298 2
-1.069326 1.439099 -0.050495 2
-1.068923 1.472617 -0.039711 2
-1.059131 1.497905 -0.035132 2
0.291412 0.453321 -0.874382 2
0.325198 0.482266 -0.877694 2
0.344591 0.522432 -0.872128 2
0.332362 0.585992 -0.847343 2
0.380327 0.604277 -0.859654 2
0.382668 0.655909 -0.844321 2
0.362861 0.722304 -0.816063 2
0.392967 0.753161 -0.817948 2
0.451724 0.765030 -0.836735 2
0.412673 0.841886 -0.798175 2
0.474834 0.852202 -0.818931 2
0.461702 0.910662 -0.796136 2
-1.043273 1.877836 0.077621 2
-0.988433 1.872469 0.054735 2
-0.948644 1.877051 0.040616 2
-0.912191 1.884286 0.028531 2
-0.896284 1.903562 0.027972 2
-0.870598 1.917651 0.022008 2
-0.877216 1.949123 0.033740 2
-0.835786 1.955423 0.019215 2
-0.834479 1.982583 0.026471 2
-0.808017 1.997211 0.020139 2
-0.800100 2.021029 0.023717 2
-0.690599 1.997832 -0.026398 2
-0.653423 2.009614 -0.037959 2
-0.610017 2.019320 -0.052644 2
-0.550775 2.023094 -0.075363 2
-0.524580 2.041673 -0.080829 2
-0.474873 2.051205 -0.098268 2
-0.191275 1.970840 -0.234250 2
-0.147708 1.987319 -0.247475 2
-0.058769 1.988001 -0.283318 2
-0.026724 2.010574 -0.290404 2
0.056076 2.016295 -0.322575 2
0.113650 2.031979 -0.341974 2
0.182323 2.045184 -0.366606 2
0.212711 2.071447 -0.372355 2
0.292458 2.083542 -0.401943 2
0.528630 2.052648 -0.506444 2
-1.239405 -0.719320 -0.719027 7
-1.203248 -0.695771 -0.720832 7
-1.292619 -0.411738 -0.590077 8
-1.274989 -0.357867 -0.575465 8
-1.244431 -0.331281 -0.574764 8
-1.227457 -0.278979 -0.560694 8
-1.302913 -0.055095 -0.456434 6
-1.233480 -0.106132 -0.495928 6
-1.185693 -0.115195 -0.513708 6
-1.174520 -0.059152 -0.496843 6
-1.193594 0.046597 -0.452845 6
-1.156524 0.055092 -0.461229 6
-1.109975 0.048712 -0.477965 6
-1.068636 0.051789 -0.489767 6
-1.024298 0.050996 -0.503966 6
-0.976737 0.046288 -0.520648 6
-0.926293 0.038462 -0.539426 6
-0.904663 0.073652 -0.533903 6
-0.821682 0.021394 -0.578903 6
-0.787227 0.039601 -0.583626 6
-0.726971 0.023058 -0.608933 6
-0.693528 0.043791 -0.612605 6
-0.797455 0.242905 -0.509489 2
-0.817385 0.327911 -0.473541 2
-0.839793 0.413376 -0.436691 2
-1.000486 0.664455 -0.297140 2
-0.970069 0.678296 -0.302560 2
-1.005340 0.769038 -0.259828 2
-0.995554 0.805433 -0.250779 2
-1.019743 0.879162 -0.217680 2
-1.055644 0.963517 -0.177087 2
-1.043716 0.993955 -0.170961 2
-1.053337 1.046593 -0.150094 2
-1.034356 1.068489 -0.149357 2
-1.038123 1.113218 -0.133254 2
-1.054083 1.168959 -0.109347 2
-1.058294 1.211892 -0.093797 2
-1.054561 1.246370 -0.083849 2
-1.070322 1.298298 -0.061429 2
-1.061035 1.326196 -0.055684 2
-1.055833 1.357388 -0.047486 2
-1.060133 1.396371 -0.033465 2
0.299911 0.273680 -0.877265 2
0.300825 0.331158 -0.859355 2
0.320491 0.372366 -0.853422 2
0.360098 0.397363 -0.859874 2
0.394436 0.426876 -0.863095 2
0.403384 0.476026 -0.851069 2
0.402841 0.531671 -0.833661 2
0.450109 0.551442 -0.844888 2
0.429056 0.620794 -0.815934 2
0.448699 0.660172 -0.811192 2
-0.990558 1.698356 0.035161 2
-1.003191 1.736774 0.051408 2
0.472247 0.800455 -0.777712 2
0.482633 0.844606 -0.768454 2
0.507824 0.879116 -0.767677 2
0.520648 0.921237 -0.760107 2
-0.964995 1.856795 0.072609 2
-0.953916 1.878327 0.074681 2
-0.937495 1.896781 0.073793 2
-0.903718 1.905718 0.063536 2
-0.857826 1.908683 0.046916 2
-0.859547 1.937686 0.055790 2
-0.848255 1.959627 0.057647 2
-0.821488 1.973794 0.051345 2
-0.820407 2.000904 0.058461 2
-0.808166 2.022439 0.059689 2
-0.772341 2.033079 0.048771 2
-0.631163 1.996872 -0.015726 2
-0.627309 2.024073 -0.009866 2
-0.557432 2.022974 -0.037322 2
-0.527743 2.039935 -0.044364 2
-0.468564 2.045502 -0.065988 2
-0.405005 2.050519 -0.089524 2
-0.145683 1.982834 -0.208784 2
-0.059234 1.984267 -0.242347 2
-0.047721 2.013999 -0.239233 2
0.049535 2.014340 -0.277457 2
0.102948 2.031179 -0.294271 2
0.179883 2.041452 -0.322099 2
0.252193 2.054640 -0.347437 2
0.265672 2.086694 -0.344856 2
0.615004 2.022696 -0.499258 2
-1.226951 -0.839700 -0.710263 7
-1.237004 -0.712579 -0.661896 7
-1.181329 -0.730958 -0.684291 7
-1.314886 -0.355502 -0.512234 8
-1.291395 -0.315211 -0.504664 8
-1.251659 -0.307976 -0.513600 8
-1.245323 -0.236151 -0.490024 8
-1.293446 -0.065126 -0.415547 6
-1.244322 -0.078890 -0.434868 6
-1.190646 -0.099209 -0.457910 6
-1.232130 0.047694 -0.394093 6
-1.199890 0.063506 -0.398232 6
-1.154726 0.058043 -0.413745 6
-1.100802 0.039536 -0.436513 6
-1.051321 0.029801 -0.454959 6
-1.010662 0.035065 -0.465595 6
-0.962494 0.029670 -0.482283 6
-0.905303 0.012117 -0.506008 6
-0.870406 0.028521 -0.511254 6
-0.830067 0.037484 -0.520812 6
-0.813819 0.080364 -0.511345 6
-0.843876 0.185050 -0.466391 3
-0.869599 0.280497 -0.426004 2
-0.986643 0.491197 -0.317790 2
-0.989779 0.549403 -0.297272 2
-1.035567 0.659006 -0.245916 2
-1.034022 0.707344 -0.230326 2
-1.025006 0.745626 -0.220562 2
-1.018794 0.786435 -0.209108 2
-1.023520 0.838881 -0.190297 2
-1.060642 0.926202 -0.149442 2
-1.029922 0.936530 -0.156232 2
-1.022105 0.971804 -0.147356 2
-1.035436 1.028656 -0.124492 2
-1.055589 1.091017 -0.097621 2
-1.049691 1.125426 -0.088551 2
-1.050090 1.165452 -0.075612 2
-1.051676 1.205803 -0.062221 2
-1.052194 1.244309 -0.049833 2
-1.054953 1.284128 -0.036317 2
-1.048080 1.314396 -0.029161 2
0.241894 0.205227 -0.820499 2
0.289857 0.222665 -0.831648 2
0.366783 0.216127 -0.860365 2
0.392516 0.253949 -0.857657 2
0.376651 0.325578 -0.830119 2
0.412373 0.354473 -0.833817 2
0.440965 0.389194 -0.833320 2
0.438065 0.448026 -0.814499 2
-1.002565 1.581995 0.037125 2
-0.993173 1.606657 0.041173 2
-1.004153 1.645729 0.056726 2
-0.980768 1.659905 0.052563 2
-1.003592 1.706024 0.074345 2
-0.987879 1.725182 0.074306 2
0.518399 0.767757 -0.748473 2
0.536636 0.807432 -0.743572 2
0.554755 0.847018 -0.738737 2
0.542064 0.905289 -0.717412 2
-0.987563 1.868575 0.115537 2
-0.941052 1.869051 0.098647 2
-0.906709 1.877401 0.088395 2
-0.903980 1.903920 0.094817 2
-0.867001 1.911609 0.083315 2
-0.836773 1.923534 0.075435 2
-0.825799 1.945869 0.077507 2
-0.809800 1.965654 0.076967 2
-0.804406 1.990744 0.081770 2
-0.770951 2.002296 0.072396 2
-0.740557 2.015830 0.064651 2
-0.625334 1.991525 0.014974 2
-0.603964 2.011040 0.012106 2
-0.536120 2.010953 -0.013464 2
-0.507534 2.028535 -0.019661 2
-0.462791 2.040029 -0.033597 2
-0.439225 2.060608 -0.037227 2
-0.135573 1.975313 -0.174253 2
-0.089675 1.991581 -0.187574 2
-0.021258 2.000637 -0.211346 2
0.027650 2.017723 -0.225729 2
0.112822 2.023603 -0.256813 2
0.165369 2.041648 -0.272476 2
0.204071 2.064918 -0.281618 2
0.302746 2.070888 -0.318046 2
0.614649 2.057002 -0.441369 2
-1.303673 -0.759549 -0.605012 7
-1.288665 -0.688838 -0.584600 7
-1.243511 -0.686584 -0.596308 7
-1.191746 -0.697475 -0.614474 7
-1.322349 -0.330248 -0.451319 8
-1.302732 -0.283075 -0.440615 8
-1.277339 -0.248694 -0.436005 8
-1.270318 -0.179986 -0.414483 8
-1.301594 -0.042322 -0.358515 6
-1.241678 -0.076381 -0.387368 6
-1.176174 -0.117858 -0.420424 6
-1.227782 0.046591 -0.349671 6
-1.188194 0.049822 -0.360164 6
-1.163440 0.078319 -0.357841 6
-1.094314 0.034683 -0.392951 6
-1.056534 0.043425 -0.401252 6
-1.039017 0.083966 -0.392936 6
-0.981110 0.062657 -0.417427 6
-0.932236 0.056541 -0.434210 6
-0.877858 0.043689 -0.454960 6
-0.825563 0.035291 -0.473672 6
-0.988115 0.325027 -0.328518 2
-0.998222 0.397218 -0.301722 2
-1.002893 0.460033 -0.279736 2
-0.994520 0.504183 -0.267946 2
-0.997172 0.561320 -0.248558 2
-1.011410 0.631308 -0.221439 2
-1.026516 0.700292 -0.194429 2
-1.022923 0.745023 -0.181187 2
-1.010241 0.778165 -0.174601 2
-1.009616 0.824531 -0.160005 2
-1.034265 0.898053 -0.128734 2
-1.015500 0.921918 -0.127213 2
-1.023405 0.974200 -0.108165 2
-1.037710 1.031886 -0.085397 2
-1.037371 1.072995 -0.072639 2
-1.024700 1.100839 -0.068102 2
-1.039386 1.155329 -0.046363 2
-1.041639 1.196414 -0.032917 2
0.006457 0.243851 -0.672881 2
0.094258 0.220368 -0.709231 2
0.156446 0.222363 -0.729345 2
0.210808 0.232548 -0.744430 2
0.303278 0.210537 -0.782126 2
0.390104 0.195629 -0.815862 3
0.422898 0.227803 -0.817299 2
0.414809 0.293456 -0.794961 2
-1.001774 1.482986 0.040443 2
-1.012586 1.524465 0.056397 2
-1.004168 1.550332 0.061125 2
-0.982995 1.566405 0.058555 2
-0.997106 1.608520 0.075690 2
-0.993145 1.636744 0.082502 2
-0.989930 1.665149 0.089580 2
-0.979490 1.688245 0.092575 2
-0.977157 1.716661 0.099873 2
-0.978707 1.747272 0.109108 2
0.585698 0.773371 -0.714883 2
0.630739 0.796666 -0.724186 2
0.607903 0.862133 -0.697838 2
-0.972213 1.857730 0.137769 2
-0.951975 1.873665 0.134994 2
-0.931262 1.889544 0.131992 2
-0.912111 1.906522 0.129803 2
-0.889217 1.921656 0.125732 2
-0.837041 1.921565 0.107017 2
-0.819742 1.940557 0.105903 2
-0.792848 1.954858 0.100040 2
-0.790763 1.981727 0.106414 2
-0.724674 1.977759 0.081477 2
-0.728620 2.007769 0.090768 2
-0.609803 1.981796 0.040870 2
-0.590440 2.002303 0.039131 2
-0.534870 2.007499 0.020210 2
-0.500241 2.022487 0.011390 2
-0.497913 2.051095 0.017796 2
-0.380321 2.034290 -0.029548 2
-0.356877 2.055824 -0.032768 2
-0.065974 1.979050 -0.158881 2
-0.016197 1.994880 -0.173316 2
0.010555 2.019547 -0.177142 2
0.088964 2.027307 -0.204242 2
0.154286 2.040818 -0.225163 2
0.235474 2.050608 -0.252922 2
0.264662 2.077582 -0.257332 2
0.623533 2.009642 -0.406878 2
0.597960 2.056298 -0.386394 2
0.584150 2.098997 -0.371288 2
-1.259215 -0.848650 -0.592426 7
-1.271116 -0.715879 -0.544715 7
-1.227657 -0.709396 -0.554310 7
-1.301785 -0.453715 -0.448776 8
-1.326524 -0.311989 -0.394794 8
-1.313622 -0.252089 -0.378436 8
-1.279113 -0.236552 -0.382834 8
-1.257617 -0.196069 -0.375422 8
-1.300784 -0.036360 -0.310629 6
-1.235633 -0.080121 -0.343362 6
-1.252755 0.024870 -0.304035 6
-1.219958 0.039422 -0.308587 6
-1.163465 0.014119 -0.332992 6
-1.124345 0.019539 -0.342457 6
-1.097205 0.044926 -0.342035 6
-1.026132 0.000802 -0.376947 6
-1.007774 0.040805 -0.369363 6
-0.958281 0.033040 -0.386357 6
-0.906321 0.022909 -0.404899 6
-0.987307 0.205795 -0.322348 2
-0.999490 0.284672 -0.293526 2
-0.981139 0.318931 -0.288087 2
-0.995445 0.396707 -0.259100 2
-1.002278 0.462198 -0.236311 2
-0.998466 0.512032 -0.221738 2
-1.017058 0.589006 -0.191880 2
-1.008070 0.629442 -0.181946 2
-1.009035 0.681128 -0.165502 2
-1.018513 0.741638 -0.143745 2
-1.001642 0.769837 -0.140208 2
-1.041508 0.862367 -0.099232 2
-1.016208 0.879211 -0.101923 2
-1.053272 0.964352 -0.064198 2
-1.027442 0.979514 -0.067670 2
-1.012910 1.006722 -0.063961 2
-1.003831 1.039246 -0.056963 2
-1.041672 1.118469 -0.020992 2
-0.131596 0.261436 -0.569218 2
-0.053983 0.243689 -0.599376 2
0.008340 0.242341 -0.619793 2
0.076640 0.236767 -0.643464 2
0.182265 0.198865 -0.688857 2
0.219949 0.224160 -0.693625 2
-1.036635 1.375134 0.053768 2
-0.991884 1.371683 0.038134 2
-0.991159 1.405916 0.047867 2
-0.975223 1.427158 0.048784 2
-1.002594 1.482977 0.073929 2
-1.004572 1.517446 0.084488 2
-0.975568 1.527592 0.077758 2
-0.988496 1.569595 0.094022 2
-1.003429 1.612150 0.111069 2
-0.983864 1.628995 0.109262 2
-0.968188 1.648719 0.109528 2
-0.953399 1.669081 0.110229 2
-0.985680 1.721063 0.135584 2
-1.000707 1.760326 0.151532 2
0.651648 0.728420 -0.693895 2
0.647796 0.783194 -0.677595 2
0.638061 0.840773 -0.658595 2
-0.968936 1.854105 0.166286 2
-0.950488 1.871053 0.164515 2
-0.903846 1.872062 0.148728 2
-0.904857 1.900578 0.156674 2
-0.877295 1.913188 0.150481 2
-0.848072 1.925329 0.143547 2
-0.836973 1.947309 0.145449 2
-0.788936 1.950629 0.129582 2
-0.775296 1.971805 0.130306 2
-0.768912 1.996510 0.134434 2
-0.731490 2.006611 0.123903 2
-0.612757 1.980448 0.075543 2
-0.597436 2.002622 0.075759 2
-0.560820 2.015749 0.066148 2
-0.498042 2.018575 0.044676 2
-0.463567 2.034117 0.036334 2
-0.426123 2.049050 0.026742 2
-0.344215 2.047640 -0.002695 2
-0.122617 1.996214 -0.094058 2
-0.045931 2.001613 -0.120079 2
0.015062 2.013959 -0.138880 2
0.096788 2.020486 -0.166537 2
0.153067 2.036858 -0.182801 2
0.218057 2.051521 -0.202647 2
0.280614 2.068124 -0.221221 2
0.668432 1.991356 -0.378489 2
0.641117 2.038958 -0.357671 2
0.616095 2.085089 -0.338080 2
0.594853 2.129458 -0.320319 2
-1.298851 -0.852777 -0.528172 7
-1.315354 -0.707321 -0.476697 7
-1.266602 -0.713861 -0.491656 7
-1.221272 -0.711668 -0.502954 7
-1.288749 -0.470863 -0.407388 8
-1.337299 -0.280364 -0.333133 8
-1.290980 -0.288436 -0.348187 8
-1.288459 -0.209774 -0.323682 8
-1.268884 -0.166540 -0.315191 8
-1.268038 -0.089762 -0.290949 6
-1.237408 -0.069740 -0.292994 6
-1.241147 0.010978 -0.266353 6
-1.187679 -0.009995 -0.287820 6
-1.150997 -0.000815 -0.295146 6
-1.126724 0.029272 -0.292468 6
-1.074544 0.013945 -0.311965 6
-1.061669 0.062061 -0.300531 6
-0.983346 0.008233 -0.339594 6
-0.942981 0.014805 -0.349064 6
-0.927278 0.058309 -0.340047 6
-0.985198 0.206828 -0.277351 2
-0.990269 0.275434 -0.254687 2
-0.981055 0.322315 -0.242921 2
-1.003520 0.410804 -0.209189 2
-0.996473 0.457481 -0.196960 2
-0.998913 0.515319 -0.178585 2
-1.011619 0.584585 -0.153752 2
-1.010936 0.635244 -0.138586 2
-1.030351 0.709017 -0.110496 2
-1.011813 0.735523 -0.108052 2
-1.023104 0.796458 -0.086358 2
-1.011087 0.829185 -0.080183 2
-1.021565 0.886491 -0.059916 2
-1.016657 0.925479 -0.049815 2
-1.051089 1.005794 -0.015522 2
-1.030646 1.026145 -0.015773 2
-0.226639 0.242144 -0.493354 2
-0.181783 0.254388 -0.503597 2
-0.139779 0.270111 -0.512004 2
-0.070861 0.260415 -0.536225 2
0.009955 0.241081 -0.567009 2
-0.998217 1.231780 0.034098 2
-0.996273 1.267260 0.043686 2
-0.999481 1.306696 0.055984 2
-0.989823 1.334158 0.060763 2
-0.969430 1.352186 0.059421 2
-0.994256 1.408025 0.083099 2
-0.967705 1.420444 0.078129 2
-0.980582 1.464720 0.094659 2
-0.974546 1.493200 0.100672 2
-0.989674 1.537556 0.117866 2
-0.994180 1.572936 0.129107 2
-0.972598 1.588528 0.126416 2
-1.000012 1.639508 0.149290 2
-0.969911 1.648760 0.142017 2
-0.961973 1.673721 0.146206 2
-0.991349 1.723569 0.169294 2
-0.987708 1.750417 0.175322 2
0.700329 0.694494 -0.662715 2
0.720017 0.735067 -0.658400 2
0.714285 0.791111 -0.641648 2
-0.983344 1.861097 0.203296 2
-0.947343 1.867483 0.193009 2
-0.917293 1.877925 0.185727 2
-0.888021 1.889284 0.178905 2
-0.835016 1.888165 0.160880 2
-0.823068 1.909968 0.162477 2
-0.800690 1.926356 0.159145 2
-0.806447 1.957246 0.168937 2
-0.769426 1.966600 0.158808 2
-0.734930 1.977817 0.149962 2
-0.720999 1.999232 0.150595 2
-0.583020 1.964248 0.095050 2
-0.537183 1.973199 0.081670 2
-0.536275 2.002338 0.088522 2
-0.496653 2.015021 0.078093 2
-0.479786 2.037639 0.077818 2
-0.367716 2.022818 0.035843 2
-0.384287 2.059646 0.050369 2
-0.126848 1.994098 -0.053761 2
-0.029583 1.991881 -0.087774 2
0.022062 2.007525 -0.101896 2
0.092207 2.017856 -0.123700 2
0.152411 2.032756 -0.141054 2
0.202123 2.052055 -0.153809 2
0.295130 2.059093 -0.184445 2
0.674786 1.984241 -0.333355 2
0.691593 2.019477 -0.331210 2
0.648056 2.071125 -0.304425 2
0.606242 2.121134 -0.278667 2
-1.311628 -0.920534 -0.491593 7
-1.318869 -0.792457 -0.449644 7
-1.317239 -0.690626 -0.418236 7
-1.251859 -0.734621 -0.448813 7
-1.221772 -0.699157 -0.445566 7
-1.295364 -0.446697 -0.347949 8
-1.308577 -0.329851 -0.308253 8
-1.302767 -0.255959 -0.286911 8
-1.264588 -0.247830 -0.294489 8
-1.300450 -0.098701 -0.239004 6
-1.283101 -0.054445 -0.230023 6
-1.236578 -0.064171 -0.245479 6
-1.222465 -0.015388 -0.234345 6
-1.206047 0.028010 -0.225532 6
-1.149168 0.002170 -0.248867 6
-1.119743 0.023528 -0.250410 6
-1.067562 0.008230 -0.269363 6
-1.021644 0.004349 -0.283188 6
-0.974824 0.000160 -0.297408 6
-0.953534 0.035423 -0.292714 6
-0.909850 0.037169 -0.304384 6
-0.997889 0.229096 -0.222257 2
-0.966842 0.246213 -0.225888 2
-0.991573 0.340251 -0.190905 2
-0.989433 0.394992 -0.175265 2
-1.005159 0.471853 -0.148035 2
-0.970827 0.481754 -0.154937 2
-1.009278 0.584066 -0.113790 2
-1.032730 0.664431 -0.083453 2
-1.009593 0.685873 -0.083882 2
-1.015431 0.741642 -0.065928 2
-1.015663 0.789445 -0.051970 2
-1.023683 0.844983 -0.033536 2
-1.003625 0.867784 -0.032849 2
-0.394455 0.247344 -0.391054 2
-0.338423 0.244637 -0.408417 2
-0.287778 0.248783 -0.422278 2
-0.235678 0.252384 -0.436784 2
-0.175668 0.249027 -0.455689 2
-1.001269 1.119049 0.038143 2
-0.981705 1.139476 0.038006 2
-0.968963 1.166349 0.041699 2
-1.006698 1.239687 0.073649 2
-0.987787 1.259510 0.073421 2
-1.002124 1.308878 0.091497 2
-0.999738 1.342512 0.100065 2
-0.978544 1.359574 0.098258 2
-1.003584 1.415338 0.121264 2
-1.005604 1.450832 0.131584 2
-0.973311 1.458245 0.123598 2
-0.980716 1.497281 0.136476 2
-0.984054 1.532418 0.146997 2
-0.962556 1.548295 0.144546 2
-0.985830 1.597244 0.164933 2
-0.968452 1.615761 0.164407 2
-0.984765 1.658047 0.180760 2
-0.969648 1.677764 0.181192 2
-0.951260 1.695305 0.179980 2
-0.953955 1.726846 0.189089 2
-0.985271 1.776314 0.211938 2
-0.988355 1.834786 0.228046 2
-0.952991 1.841242 0.218370 2
-0.942182 1.862739 0.220392 2
-0.915477 1.875082 0.214933 2
-0.881674 1.883844 0.206243 2
-0.859427 1.899496 0.202991 2
-0.835980 1.914778 0.199221 2
-0.792013 1.919696 0.186169 2
-0.783033 1.943177 0.189071 2
-0.758807 1.959056 0.185089 2
-0.728199 1.972185 0.178312 2
-0.734864 2.003267 0.188083 2
-0.632688 1.984237 0.149955 2
-0.560361 1.980704 0.125340 2
-0.556140 2.008072 0.130525 2
-0.508026 2.016845 0.116759 2
-0.438741 2.017872 0.094122 2
-0.403843 2.033899 0.086364 2
-0.336661 2.038085 0.065089 2
-0.292495 2.052161 0.053721 2
-0.049182 1.995115 -0.040387 2
0.022194 2.003505 -0.062205 2
0.041618 2.030830 -0.062409 2
0.163272 2.024924 -0.104359 2
0.206927 2.046122 -0.114142 2
0.229411 2.074493 -0.115271 2
0.715598 1.967036 -0.302245 2
0.692621 2.013860 -0.284112 2
0.668046 2.060360 -0.265571 2
0.673683 2.098203 -0.259146 2
-1.323703 -0.877451 -0.420805 7
-1.352752 -0.700281 -0.360130 7
-1.313327 -0.687298 -0.366115 7
-1.259911 -0.704970 -0.384893 7
-1.271847 -0.580163 -0.344435 8
-1.316331 -0.392679 -0.276984 8
-1.331763 -0.273160 -0.237325 8
-1.303440 -0.245840 -0.236453 8
-1.286847 -0.196233 -0.225971 8
-1.304943 -0.082505 -0.187499 6
-1.275095 -0.061966 -0.189184 6
-1.275685 0.013331 -0.166758 6
-1.228486 0.001799 -0.182563 6
-1.172121 -0.024109 -0.205067 6
-1.139545 -0.007999 -0.208967 6
-1.103745 0.002962 -0.215282 6
-1.076716 0.028381 -0.215072 6
-1.016574 0.001617 -0.239024 6
-0.963827 -0.011722 -0.257122 6
-0.943563 0.025157 -0.251899 6
-0.908415 0.039518 -0.257290 6
-0.973009 0.197344 -0.194076 2
-0.976255 0.263161 -0.174224 2
-0.963879 0.305595 -0.165433 2
-0.995224 0.405931 -0.128027 2
-0.987506 0.451485 -0.117146 2
-0.997052 0.518254 -0.095462 2
-1.017863 0.597319 -0.067183 2
-1.017871 0.648245 -0.052750 2
-0.991511 0.665992 -0.055149 2
-1.021370 0.750488 -0.022918 2
-1.024853 0.801736 -0.007538 2
-0.433998 0.175859 -0.350732 2
-0.423905 0.223332 -0.340360 2
-0.359020 0.210158 -0.362597 2
-0.996082 0.948905 0.025258 2
-0.966893 0.961025 0.020198 2
-1.017847 1.055696 0.061015 2
-0.992521 1.070703 0.057791 2
-0.999940 1.118158 0.072938 2
-0.991061 1.148796 0.078703 2
-0.982198 1.179030 0.084326 2
-0.983636 1.218397 0.095411 2
-0.961090 1.235249 0.093317 2
-0.973358 1.283168 0.109829 2
-0.987421 1.331530 0.126954 2
-0.980117 1.360543 0.132528 2
-0.972109 1.388611 0.137605 2
-0.989866 1.437417 0.155843 2
-0.976607 1.460227 0.157889 2
-0.969750 1.487948 0.163114 2
-0.957278 1.511055 0.165406 2
-0.956411 1.542764 0.173413 2
-0.947407 1.568020 0.177245 2
-0.967844 1.614251 0.195412 2
-0.991912 1.661937 0.215027 2
-0.949782 1.662864 0.202402 2
-0.970640 1.707052 0.220074 2
-0.950201 1.723000 0.217860 2
-0.982192 1.772913 0.240338 2
0.719035 0.730128 -0.546959 2
-0.972218 1.823310 0.249941 2
-0.922940 1.821533 0.234239 2
-0.966934 1.875577 0.261336 2
-0.905076 1.867323 0.240056 2
-0.909300 1.897445 0.248798 2
-0.844766 1.889518 0.226701 2
-0.846696 1.918457 0.234372 2
-0.820933 1.932613 0.229736 2
-0.804284 1.951759 0.229137 2
-0.757551 1.956143 0.215484 2
-0.728720 1.970056 0.209726 2
-0.698164 1.983595 0.203300 2
0.826747 1.314040 -0.438014 2
-0.542935 1.970210 0.150970 2
-0.496507 1.979451 0.138397 2
-0.480498 2.002343 0.138652 2
-0.422189 2.008048 0.121402 2
-0.355325 2.011473 0.100860 2
-0.339597 2.035921 0.101454 2
-0.258100 2.035891 0.075366 2
-0.057839 1.994465 0.001766 2
0.002349 2.006524 -0.014823 2
0.072550 2.016295 -0.035186 2
0.140317 2.028196 -0.054331 2
0.214493 2.039334 -0.075754 2
0.254863 2.062220 -0.083717 2
0.318515 2.078891 -0.100610 2
0.723874 1.999698 -0.249001 2
0.654405 2.058759 -0.213676 2
-1.358968 -0.890552 -0.362273 7
-1.316871 -0.880019 -0.369453 7
-1.342767 -0.710887 -0.314069 7
-1.298747 -0.708223 -0.324103 7
-1.374354 -0.441235 -0.228277 8
-1.352155 -0.397114 -0.221041 8
-1.308808 -0.398564 -0.232241 8
-1.299364 -0.330018 -0.214889 8
-1.304252 -0.235564 -0.186550 8
-1.271059 -0.218607 -0.190056 8
-1.313035 -0.059645 -0.133979 6
-1.270770 -0.062722 -0.145597 6
-1.248667 -0.028529 -0.141498 6
-1.198206 -0.044911 -0.159082 6
-1.158636 -0.040985 -0.168148 6
-1.119070 -0.036366 -0.177060 6
-1.081355 -0.028045 -0.184490 6
-1.041548 -0.022563 -0.193308 6
-1.018786 0.010258 -0.190029 6
-0.980529 0.018806 -0.197668 6
-0.925362 0.002561 -0.216744 6
-0.986534 0.158365 -0.157072 3
-0.962526 0.186286 -0.155666 2
-0.967878 0.255083 -0.135127 2
-0.993020 0.349016 -0.102373 2
-0.981437 0.390516 -0.094009 2
-0.986366 0.452861 -0.075492 2
-0.990211 0.512073 -0.058170 2
-1.000707 0.578069 -0.037225 2
-1.010617 0.641461 -0.017190 2
-1.009080 0.689240 -0.004577 2
-0.554077 0.198789 -0.262618 2
-0.509702 0.205684 -0.272945 2
-0.977805 0.795715 0.015706 2
-0.989794 0.854952 0.034996 2
-0.984253 0.893500 0.043822 2
-0.974827 0.927165 0.050221 2
-1.008760 1.005681 0.080680 2
-0.973406 1.010796 0.072137 2
-0.982406 1.061086 0.088022 2
-0.990124 1.108912 0.102857 2
-0.959053 1.118221 0.096529 2
-0.984632 1.181501 0.120425 2
-0.970334 1.206142 0.122818 2
-0.971737 1.244847 0.133330 2
-0.957775 1.269163 0.135668 2
-0.959462 1.306939 0.145953 2
-0.957016 1.340489 0.153925 2
-0.952429 1.371718 0.160648 2
-0.978883 1.427884 0.182716 2
-0.972005 1.455895 0.187888 2
-0.956131 1.476534 0.188535 2
-0.964697 1.515919 0.201032 2
-0.944575 1.532959 0.199465 2
-0.959933 1.576235 0.214868 2
-0.973366 1.617161 0.229086 2
-0.968071 1.644019 0.234245 2
-0.956864 1.666521 0.236545 2
-0.970075 1.705390 0.250094 2
-0.939070 1.714296 0.243110 2
-0.916761 1.729313 0.240182 2
0.714127 0.730479 -0.489940 2
-0.998130 1.837733 0.290942 2
-0.953129 1.838067 0.277575 2
-0.916380 1.844159 0.268045 2
-0.925809 1.877455 0.278900 2
-0.899399 1.890048 0.273982 2
-0.848981 1.889869 0.258751 2
-0.820946 1.902674 0.253336 2
-0.835213 1.937965 0.266008 2
-0.797443 1.946108 0.256486 2
-0.738303 1.944321 0.238119 2
-0.749034 1.977515 0.249136 2
-0.696624 1.980420 0.233851 2
0.836812 1.305228 -0.390195 2
0.863802 1.339651 -0.390512 2
-0.498104 1.977297 0.172473 2
-0.422295 1.974850 0.148679 2
-0.404451 1.997720 0.148394 2
-0.363602 2.011580 0.138968 2
-0.345009 2.034745 0.138452 2
-0.292370 2.045318 0.124588 2
-0.227773 2.052507 0.106245 2
-0.010397 2.007125 0.028994 2
0.064244 2.015081 0.007643 2
0.136211 2.025349 -0.012411 2
0.195755 2.040935 -0.027489 2
0.237892 2.062948 -0.035804 2
0.288908 2.083020 -0.047340 2
0.741753 1.989303 -0.208453 2
0.672011 2.048660 -0.174044 2
-1.359227 -0.875654 -0.304759 7
-1.314627 -0.871724 -0.314279 7
-1.334177 -0.718275 -0.266845 7
-1.407252 -0.451405 -0.175051 8
-1.412723 -0.346261 -0.144523 8
-1.350083 -0.391391 -0.172200 8
-1.325185 -0.354694 -0.168089 8
-1.309388 -0.300493 -0.156960 8
-1.299760 -0.235900 -0.141495 8
-1.296364 -0.161581 -0.121858 8
-1.325693 -0.028350 -0.077984 6
-1.276542 -0.044960 -0.094724 6
-1.220402 -0.072494 -0.116232 6
-1.204221 -0.027840 -0.108064 6
-1.161663 -0.029562 -0.119201 6
-1.120449 -0.028098 -0.129172 6
-1.083573 -0.018735 -0.135939 6
-1.038102 -0.022653 -0.148526 6
-0.988373 -0.032166 -0.163749 6
-0.969814 0.007288 -0.157832 6
-0.912999 -0.011270 -0.177387 6
-0.980840 0.154234 -0.115449 3
-0.968081 0.198183 -0.106951 2
-0.991413 0.291699 -0.075883 2
-0.988329 0.345919 -0.062207 2
-0.977927 0.388905 -0.053468 2
-0.993300 0.464820 -0.029276 2
-1.009461 0.539450 -0.005254 2
-0.671969 0.166316 -0.192734 3
-0.641906 0.188736 -0.194758 3
-0.989576 0.667638 0.023305 2
-0.950087 0.669671 0.013346 2
-0.977382 0.749886 0.041611 2
-0.979642 0.799249 0.055097 2
-0.964470 0.828050 0.058524 2
-0.968683 0.877646 0.072529 2
-0.970481 0.923494 0.084880 2
-0.991079 0.987989 0.107096 2
-0.977712 1.015892 0.110649 2
-0.959279 1.038403 0.111410 2
-0.983793 1.103094 0.134646 2
-0.961091 1.120481 0.132869 2
-0.964934 1.163064 0.144751 2
-0.958513 1.195258 0.151145 2
-0.997829 1.268450 0.180484 2
-0.932339 1.246404 0.156819 2
-0.970065 1.315898 0.184727 2
-0.962688 1.344955 0.189948 2
-0.962001 1.379244 0.198310 2
-0.984435 1.431871 0.217661 2
-0.944056 1.432866 0.206599 2
-0.971827 1.488104 0.228036 2
-0.945887 1.500656 0.223825 2
-0.972614 1.553127 0.244231 2
-0.972939 1.584822 0.252068 2
-0.948002 1.597839 0.248172 2
-0.919364 1.608555 0.242639 2
-0.979545 1.680954 0.277268 2
-0.958552 1.696342 0.274986 2
-0.923237 1.702484 0.266367 2
-0.961186 1.756546 0.290159 2
-0.954488 1.780944 0.294047 2
-1.008239 1.842457 0.324097 2
-0.965074 1.843661 0.311944 2
-0.962247 1.869485 0.317207 2
-0.894554 1.857712 0.294867 2
-0.876655 1.875428 0.293817 2
-0.870508 1.899745 0.297688 2
-0.825410 1.903041 0.285336 2
-0.786572 1.910475 0.275736 2
-0.761543 1.925646 0.271917 2
-0.788378 1.966933 0.289206 2
0.895651 1.178406 -0.383514 2
0.883861 1.232010 -0.367898 2
0.883473 1.279603 -0.357036 2
0.893000 1.322289 -0.350240 2
-0.487861 1.970014 0.201618 2
-0.423971 1.972589 0.183340 2
-0.416174 1.999494 0.187006 2
-0.385094 2.017013 0.181679 2
-0.365418 2.039426 0.180777 2
-0.266227 2.032117 0.149748 2
-0.247916 2.056356 0.149589 2
-0.031030 2.010575 0.075150 2
0.014813 2.027990 0.065256 2
0.159878 2.013352 0.018860 2
0.206557 2.033170 0.009163 2
0.275752 2.046827 -0.008610 2
0.293707 2.077022 -0.007588 2
0.615699 2.020175 -0.115986 2
0.674330 2.042766 -0.128826 2
-1.373626 -0.826385 -0.235502 7
-1.298009 -0.897738 -0.272217 7
-1.465531 -0.402243 -0.100575 8
-1.428399 -0.392761 -0.106756 8
-1.398977 -0.366033 -0.106561 8
-1.355437 -0.369935 -0.117893 8
-1.351393 -0.290711 -0.097797 8
-1.305515 -0.299329 -0.111010 8
-1.298099 -0.230706 -0.094602 8
-1.301790 -0.143182 -0.070566 8
-1.303744 -0.062296 -0.048737 6
-1.271911 -0.046411 -0.052240 6
-1.225331 -0.056854 -0.066281 6
-1.179188 -0.065203 -0.079700 6
-1.149925 -0.043462 -0.081143 6
-1.094830 -0.064992 -0.100273 6
-1.071754 -0.032413 -0.097435 6
-1.035852 -0.020873 -0.103280 6
-0.997241 -0.013185 -0.110832 6
-0.958735 -0.004782 -0.118208 6
-1.002486 0.126963 -0.073171 2
-0.990621 0.172690 -0.064310 3
-0.951542 0.178439 -0.072620 3
-0.984641 0.285796 -0.036652 2
-0.965592 0.318097 -0.033156 2
-0.978184 0.392323 -0.010940 2
-0.772630 0.178011 -0.117923 3
-0.996014 0.524731 0.027425 2
-0.986631 0.565091 0.035307 2
-0.988019 0.617909 0.049080 2
-0.972679 0.649206 0.053073 2
-0.978468 0.705050 0.068683 2
-0.948326 0.717833 0.064122 2
-0.964236 0.783198 0.084686 2
-0.967927 0.833172 0.098185 2
-0.967970 0.877987 0.109413 2
-0.966925 0.920660 0.119793 2
-0.959787 0.956071 0.126741 2
-0.947918 0.986035 0.131066 2
-0.969959 1.049672 0.152627 2
-0.968882 1.088835 0.162014 2
-0.965169 1.124703 0.169865 2
-0.968788 1.166876 0.181182 2
-0.947639 1.185250 0.180059 2
-0.939275 1.215301 0.185167 2
-0.980377 1.288916 0.214072 2
-0.954798 1.302346 0.210482 2
-0.967803 1.348951 0.225253 2
-0.944160 1.363883 0.222494 2
-0.948611 1.402019 0.232868 2
-0.937828 1.427228 0.235998 2
-0.951141 1.471148 0.250105 2
-0.951303 1.503996 0.257976 2
-0.969211 1.549676 0.273700 2
-0.964069 1.577322 0.278843 2
-0.940547 1.591406 0.275740 2
-0.937684 1.620330 0.281759 2
-0.962598 1.668069 0.299786 2
-0.989307 1.715845 0.318291 2
-0.941598 1.713254 0.304546 2
-0.959532 1.754074 0.318967 2
-0.949997 1.776634 0.321547 2
0.792172 0.728699 -0.402525 2
0.775146 0.791261 -0.383436 2
0.795054 0.830908 -0.379901 2
0.824152 0.865172 -0.380195 2
0.818680 0.919071 -0.366427 2
0.811049 0.973418 -0.351998 2
0.849462 1.002283 -0.356244 2
0.873586 1.039075 -0.354746 2
0.875693 1.087192 -0.344572 2
0.879934 1.133774 -0.335384 2
0.902827 1.170899 -0.333591 2
0.915827 1.212783 -0.327997 2
0.925031 1.256257 -0.321022 2
0.925361 1.303473 -0.310756 2
0.928213 1.349147 -0.301584 2
-0.452043 1.981557 0.227644 2
-0.417159 1.996886 0.221056 2
-0.337169 1.994693 0.197829 2
-0.341438 2.026903 0.205968 2
-0.233033 2.016211 0.172766 2
-0.228496 2.045793 0.177776 2
-0.006990 1.998256 0.104370 2
0.062085 2.007842 0.086630 2
0.144908 2.014159 0.064232 2
0.171374 2.040175 0.062092 2
0.230147 2.056514 0.048628 2
0.301091 2.070268 0.031097 2
0.557577 2.031861 -0.050619 2
0.609856 2.055429 -0.060820 2
-1.379743 -0.797732 -0.175071 7
-1.300932 -0.877376 -0.213448 7
-1.446506 -0.434794 -0.066808 8
-1.411836 -0.419094 -0.070742 8
-1.375605 -0.406764 -0.075929 8
-1.368322 -0.332656 -0.058704 8
-1.319635 -0.347237 -0.073696 8
-1.313555 -0.274171 -0.056522 8
-1.343447 -0.133005 -0.013694 6
-1.317112 -0.105912 -0.012983 6
-1.307430 -0.048063 -0.000605 6
-1.248372 -0.082513 -0.023218 6
-1.230723 -0.040500 -0.016781 8
-1.180043 -0.057258 -0.033010 6
-1.126587 -0.077135 -0.050714 6
-1.092020 -0.063765 -0.055596 6
-1.048998 -0.063898 -0.065915 6
-1.017331 -0.045055 -0.068793 6
-0.971614 -0.048043 -0.080535 6
-1.036907 0.119151 -0.023089 2
-1.007270 0.138483 -0.025448 2
-0.997957 0.187496 -0.015530 3
-0.954975 0.187231 -0.026056 3
-0.965107 0.262055 -0.005066 2
-0.973498 0.332226 0.014319 2
-0.996981 0.420537 0.041850 2
-0.976514 0.448411 0.043670 2
-0.967788 0.491050 0.051983 2
-0.963364 0.538189 0.062435 2
-0.958991 0.584306 0.072622 2
-0.974255 0.653074 0.093191 2
-0.968134 0.694611 0.101772 2
-0.981206 0.757516 0.120315 2
-0.973236 0.794839 0.127358 2
-0.974936 0.842227 0.139238 2
-0.980779 0.893041 0.152963 2
-0.961960 0.916321 0.153810 2
-0.951435 0.948154 0.158784 2
-0.946179 0.984933 0.166254 2
-0.950585 1.030762 0.178319 2
-0.965049 1.085475 0.195040 2
-0.947035 1.107512 0.195672 2
-0.971791 1.169881 0.216795 2
-0.942687 1.180724 0.211884 2
-0.953108 1.227791 0.225662 2
-0.956037 1.267132 0.235668 2
-0.944866 1.293437 0.238949 2
-0.966702 1.347651 0.257283 2
-0.935519 1.356203 0.251183 2
-0.950692 1.403169 0.266053 2
-0.926730 1.417687 0.263174 2
-0.940595 1.462141 0.277075 2
-0.931367 1.487860 0.280590 2
-0.917489 1.509862 0.282009 2
-0.952433 1.567781 0.304468 2
-0.941441 1.590997 0.306880 2
-0.955539 1.631805 0.319897 2
-0.935163 1.647925 0.318176 2
-0.936649 1.679004 0.325608 2
-0.946596 1.715220 0.336422 2
-0.924192 1.729819 0.333757 2
-0.962468 1.783059 0.355887 2
-0.978008 1.820781 0.368466 2
-1.003505 1.863732 0.384849 2
-0.986699 1.880644 0.384112 2
0.846318 0.849159 -0.335346 2
0.878257 0.882157 -0.336631 2
0.884655 0.929470 -0.327941 2
0.904919 0.968918 -0.324745 2
0.913592 1.014409 -0.317142 2
0.903161 1.069353 -0.302361 2
0.916400 1.111691 -0.296752 2
-0.713083 1.953105 0.326269 2
-0.658157 1.954932 0.311776 2
-0.681785 1.994111 0.326601 2
-0.636106 2.001277 0.315720 2
-0.653434 2.036853 0.328020 2
-0.607555 2.044854 0.317219 2
-0.568550 2.056538 0.309052 2
-0.348090 1.995939 0.236066 2
-0.322256 2.016217 0.233262 2
-0.256473 2.021703 0.216403 2
-0.194487 2.029845 0.201114 2
-0.190198 2.059695 0.206136 2
0.060667 2.004383 0.125803 2
0.131655 2.014461 0.108366 2
0.217172 2.021186 0.086216 2
0.261780 2.042299 0.078247 2
0.304635 2.064678 0.070991 2
0.574975 2.021871 -0.012283 2
0.631175 2.044390 -0.023253 2
0.676990 2.070665 -0.030629 2
-1.391681 -0.755233 -0.111021 7
-1.299281 -0.868030 -0.159267 7
-1.316138 -0.722877 -0.119935 7
-1.405645 -0.422153 -0.026287 8
-1.374768 -0.398273 -0.027387 8
-1.348266 -0.365485 -0.025355 8
-1.320613 -0.335875 -0.024386 8
-1.285894 -0.321114 -0.028662 8
-1.320203 -0.170604 0.015738 6
-1.301436 -0.128285 0.021736 6
-1.279140 -0.093760 0.025010 6
-1.258582 -0.056860 0.029232 6
-1.228535 -0.037776 0.026938 8
-1.175449 -0.058879 0.009604 6
-1.119660 -0.082778 -0.009056 6
-1.083137 -0.072684 -0.015093 6
-1.039417 -0.073877 -0.025543 6
-1.014627 -0.044036 -0.024160 6
-0.950568 -0.075694 -0.046715 6
-1.028514 0.110964 0.016191 2
-0.985395 0.110257 0.005892 2
-0.986864 0.175391 0.021763 3
-0.993646 0.246203 0.040214 3
-0.960683 0.259434 0.035553 2
-0.959837 0.316840 0.048963 2
-0.964383 0.379929 0.064975 2
-0.981357 0.457537 0.087357 2
-0.984079 0.514514 0.101441 2
-0.955411 0.530559 0.098347 2
-0.973184 0.603930 0.119849 2
-0.975716 0.656782 0.132848 2
-0.971644 0.700522 0.142099 2
-0.956452 0.730456 0.145412 2
-0.961889 0.783392 0.159065 2
-0.945022 0.810253 0.161211 2
-0.950119 0.860765 0.174173 2
-0.957975 0.913021 0.188189 2
-0.961058 0.959022 0.199571 2
-0.959541 0.999291 0.208482 2
-0.941994 1.022680 0.209551 2
-0.960921 1.081824 0.227785 2
-0.958224 1.118584 0.235537 2
-0.965365 1.163981 0.247673 2
-0.942208 1.180336 0.245665 2
-0.966188 1.239597 0.265092 2
-0.951681 1.263101 0.266816 2
-0.939381 1.288399 0.269476 2
-0.956786 1.338835 0.285207 2
-0.924986 1.346942 0.279078 2
-0.954640 1.405852 0.299743 2
-0.945213 1.431862 0.303204 2
-0.945387 1.465178 0.310694 2
-0.964581 1.512589 0.326099 2
-0.943020 1.528187 0.324125 2
-0.946480 1.562427 0.332593 2
-0.997763 1.630606 0.360662 2
-0.967864 1.639401 0.355016 2
-0.973600 1.673308 0.363933 2
-0.964251 1.696417 0.366622 2
-0.964047 1.725446 0.372921 2
-0.985699 1.768243 0.387788 2
-0.950194 1.773840 0.379924 2
-0.947630 1.800472 0.385044 2
-0.962676 1.837478 0.396909 2
-0.934975 1.848431 0.392155 2
-0.928070 1.871826 0.395409 2
-0.850346 1.855083 0.371792 2
-0.874652 1.896354 0.386887 2
-0.866186 1.919025 0.389532 2
-0.827717 1.925844 0.381027 2
-0.784184 1.930757 0.370790 2
-0.739774 1.936042 0.360386 2
-0.758401 1.972889 0.372982 2
-0.716846 1.980395 0.363751 2
-0.681073 1.991327 0.356724 2
-0.658676 2.008892 0.354550 2
-0.646373 2.031163 0.355969 2
-0.569887 2.026080 0.334932 2
-0.517824 2.032692 0.322680 2
-0.339389 1.989319 0.267029 2
-0.306972 2.007031 0.262167 2
-0.265017 2.021613 0.254141 2
-0.229051 2.039114 0.248262 2
-0.181932 2.053204 0.238737 2
0.041336 2.007153 0.170662 2
0.119946 2.014306 0.151401 2
0.205439 2.020732 0.130156 2
0.252720 2.040755 0.121693 2
0.319557 2.055672 0.107023 2
0.556052 2.022433 0.037910 2
0.563481 2.058267 0.043050 2
0.647688 2.073333 0.023739 2
0.673204 2.105162 0.023246 2
-1.435509 -0.742420 -0.048428 7
-1.392107 -0.740959 -0.057505 7
-1.298950 -0.855720 -0.104657 7
-1.307311 -0.730981 -0.073647 7
-1.390050 -0.446208 0.011011 8
-1.364548 -0.410252 0.013813 8
-1.344785 -0.363148 0.020453 8
-1.308625 -0.351344 0.015232 8
-1.280893 -0.322339 0.015852 8
-1.298428 -0.205185 0.046964 8
-1.300616 -0.122192 0.066714 6
-1.293403 -0.059869 0.079557 6
-1.241058 -0.081903 0.062772 6
-1.215965 -0.053582 0.063708 8
-1.148847 -0.098797 0.038213 6
-1.117129 -0.080966 0.035195 6
-1.070394 -0.088016 0.023041 6
-1.044222 -0.060500 0.023458 6
-0.996685 -0.067244 0.011147 6
-0.947323 -0.075645 -0.001980 6
-0.904771 -0.072443 -0.010925 6
-0.987010 0.117001 0.051143 2
-0.988645 0.182020 0.066363 3
-0.997873 0.255961 0.085334 3
-0.966459 0.271010 0.081551 2
-0.958506 0.318291 0.090467 2
-0.959850 0.376887 0.104073 2
-0.964621 0.438396 0.119109 2
-0.964000 0.491315 0.130934 2
-0.972837 0.554779 0.147312 2
-0.964636 0.595547 0.154596 2
-0.951392 0.629417 0.159132 2
-0.962991 0.692062 0.175911 2
-0.945131 0.718952 0.177763 2
-0.960777 0.783543 0.195886 2
-0.952756 0.820097 0.202169 2
-0.934998 0.845416 0.203638 2
-0.940807 0.895667 0.216192 2
-0.949490 0.947739 0.229811 2
-0.965336 1.005889 0.246453 2
-0.948050 1.029294 0.247536 2
-0.964998 1.086239 0.264137 2
-0.953157 1.113987 0.267437 2
-0.943090 1.143113 0.271445 2
-0.946435 1.184303 0.281286 2
-0.953756 1.228270 0.292670 2
-0.937049 1.249940 0.293405 2
-0.932233 1.281912 0.299224 2
-0.948977 1.331816 0.314113 2
-0.919650 1.342024 0.309270 2
-0.937863 1.391572 0.324402 2
-0.969585 1.450775 0.344870 2
-0.961323 1.476977 0.348526 2
-0.944584 1.496406 0.348653 2
-0.953209 1.534980 0.359033 2
-0.929081 1.548628 0.356093 2
-0.970105 1.609617 0.379122 2
-0.966193 1.637121 0.384037 2
-0.966453 1.667197 0.390501 2
-0.946970 1.683472 0.389193 2
-0.960549 1.721822 0.400642 2
-0.943813 1.739732 0.400322 2
-0.917700 1.751791 0.396453 2
-0.927795 1.786664 0.406268 2
-0.936689 1.820167 0.415484 2
-0.948470 1.854788 0.425632 2
-0.958029 1.887470 0.434812 2
-0.881495 1.870875 0.412444 2
-0.853838 1.882992 0.408116 2
-0.837419 1.901582 0.407898 2
-0.797018 1.907663 0.399133 2
-0.750287 1.911228 0.388264 2
-0.750980 1.939443 0.394233 2
-0.747704 1.965412 0.398738 2
-0.686583 1.963636 0.383148 2
-0.684767 1.990602 0.388190 2
-0.648002 2.001552 0.381236 2
-0.623909 2.018699 0.378689 2
1.010950 1.346877 -0.166074 2
-0.534159 2.036652 0.359848 2
-0.463105 2.036250 0.341958 2
-0.300321 2.001220 0.294099 2
-0.256318 2.014988 0.285800 2
-0.163881 2.011597 0.261893 2
-0.147530 2.037341 0.262894 2
-0.093459 2.050107 0.251810 2
0.129119 2.007186 0.187254 2
0.193184 2.020505 0.173722 2
0.267454 2.031787 0.157195 2
0.311037 2.053761 0.150490 2
0.537810 2.022880 0.087157 2
0.553991 2.055972 0.089503 2
0.637074 2.071053 0.071403 2
0.668212 2.101199 0.069347 2
-1.462325 -0.885619 -0.025403 7
-1.450807 -0.800555 -0.008802 7
-1.448086 -0.697598 0.013640 7
-1.403450 -0.700536 0.003515 7
-1.277595 -0.892860 -0.066166 7
-1.319642 -0.690826 -0.012155 8
-1.349552 -0.525489 0.031067 8
-1.356081 -0.418426 0.056295 8
-1.316096 -0.414015 0.048701 8
-1.298681 -0.362584 0.056384 8
-1.280965 -0.313441 0.063476 8
-1.282206 -0.228785 0.082513 8
-1.295892 -0.123619 0.108764 6
-1.285849 -0.066802 0.119159 6
-1.232680 -0.090245 0.102433 6
-1.200867 -0.073850 0.099130 8
-1.158724 -0.075296 0.089623 6
-1.108517 -0.089510 0.075524 6
-1.075593 -0.073587 0.071821 6
-1.035155 -0.069687 0.063809 6
-0.981895 -0.085410 0.048654 6
-0.951664 -0.063867 0.046721 6
-0.917678 -0.048059 0.042685 6
-1.007262 0.151358 0.106091 2
-1.009237 0.215928 0.120629 3
-0.993360 0.253242 0.125245 3
-0.964871 0.272286 0.123062 2
-0.955039 0.316809 0.130557 2
-0.953269 0.371098 0.141955 2
-0.963392 0.439542 0.159064 2
-0.968423 0.499509 0.173180 2
-0.940837 0.516966 0.170769 2
-0.950239 0.579981 0.186492 2
-0.936751 0.613737 0.190737 2
-0.937917 0.664240 0.201876 2
-0.950138 0.726318 0.217985 2
-0.948023 0.770504 0.226993 2
-0.935370 0.802053 0.230889 2
-0.927803 0.838691 0.237014 2
-0.937223 0.892795 0.250717 2
-0.940099 0.938733 0.261172 2
-0.961401 1.002519 0.279616 2
-0.940367 1.022119 0.278980 2
-0.916053 1.038525 0.276901 2
-0.931962 1.093850 0.292271 2
-0.928874 1.129857 0.299181 2
-0.910981 1.151549 0.299650 2
-0.923755 1.201009 0.313018 2
-0.974654 1.283200 0.342049 2
-0.947023 1.294531 0.338051 2
-0.938413 1.322445 0.341915 2
-0.955639 1.371655 0.356204 2
-0.924305 1.379922 0.350668 2
-0.947840 1.432704 0.367139 2
-0.928188 1.450224 0.366218 2
-0.925642 1.481026 0.372025 2
-0.939279 1.523603 0.384033 2
-0.907158 1.531480 0.378168 2
-0.955623 1.598131 0.403260 2
-0.900278 1.589383 0.388508 2
-0.931623 1.641908 0.406657 2
-0.961257 1.691916 0.423876 2
-0.906636 1.684758 0.409584 2
-0.926816 1.727324 0.423032 2
-0.922256 1.753225 0.427245 2
-0.925388 1.783656 0.434180 2
-0.885539 1.787553 0.425572 2
-0.934536 1.844903 0.448774 2
-0.913945 1.860241 0.447010 2
-0.926483 1.894572 0.456910 2
-0.855337 1.881952 0.437511 2
-0.809330 1.884464 0.427105 2
-0.805866 1.910296 0.431465 2
-0.773841 1.921215 0.426041 2
-0.729093 1.926264 0.416406 2
-0.703948 1.941741 0.413503 2
-0.699262 1.967322 0.417472 2
-0.656660 1.975110 0.408856 2
-0.604305 1.979246 0.397175 2
1.016337 1.292852 -0.125593 2
1.004731 1.345045 -0.112536 2
0.982835 1.400835 -0.096331 2
-0.460691 2.032333 0.373260 2
-0.309137 2.001506 0.330899 2
-0.226138 2.000145 0.310721 2
-0.183289 2.015331 0.303389 2
-0.139662 2.030961 0.295942 2
-0.102000 2.049410 0.290460 2
0.097930 2.013690 0.235454 2
0.170791 2.023645 0.219830 2
0.236842 2.037112 0.206506 2
0.263758 2.063707 0.205118 2
0.527112 2.021188 0.133457 2
0.560679 2.049154 0.130692 2
0.618282 2.071060 0.120950 2
0.643470 2.102450 0.120823 2
-1.455978 -0.887022 0.023514 7
-1.441613 -0.809653 0.037002 7
-1.431848 -0.724382 0.053105 7
-1.401226 -0.693058 0.053411 7
-1.286710 -0.858614 -0.005501 7
-1.309771 -0.701485 0.032620 8
-1.345829 -0.522911 0.077976 8
-1.337053 -0.449387 0.091715 8
-1.322478 -0.390927 0.101038 8
-1.290536 -0.370126 0.098748 8
-1.274105 -0.318492 0.106210 8
-1.280857 -0.223311 0.127720 8
-1.281613 -0.143262 0.144762 6
-1.254979 -0.117058 0.144670 6
-1.241474 -0.067436 0.152266 6
-1.217894 -0.037137 0.153653 8
-1.154725 -0.075953 0.132115 6
-1.118082 -0.067291 0.126160 6
-1.075642 -0.067763 0.117043 6
-1.035187 -0.064151 0.109191 6
-0.991582 -0.064816 0.099757 6
-0.949955 -0.061520 0.091559 6
-0.915086 -0.047249 0.087086 6
-0.862404 -0.059091 0.073333 6
-1.013968 0.226713 0.165430 3
-0.925799 0.160994 0.132804 2
-0.949533 0.254425 0.157349 2
-0.963772 0.331916 0.176522 2
-0.941352 0.358192 0.177140 2
-0.973590 0.455589 0.204302 2
-0.928370 0.450796 0.193526 2
-0.949048 0.529581 0.214306 2
-0.950680 0.582638 0.225624 2
-0.951100 0.632927 0.236095 2
-0.955568 0.686789 0.248171 2
-0.949201 0.726802 0.255023 2
-0.953201 0.777761 0.266375 2
-0.962932 0.833859 0.280022 2
-0.955321 0.869691 0.285708 2
-0.949051 0.906334 0.291841 2
-0.923882 0.922602 0.289650 2
-0.937988 0.979219 0.304316 2
-0.940860 1.023145 0.313911 2
-0.953572 1.075811 0.327442 2
-0.926625 1.088992 0.324185 2
-0.925751 1.127076 0.331731 2
-0.921136 1.161001 0.337596 2
-0.931034 1.207556 0.349220 2
-0.942548 1.254510 0.361272 2
-0.942906 1.290688 0.368662 2
-0.931914 1.316543 0.371439 2
-0.932609 1.351950 0.378728 2
-0.909456 1.367211 0.376647 2
-0.925023 1.413764 0.389466 2
-0.877515 1.409659 0.378049 2
-0.931098 1.484428 0.404984 2
-0.886500 1.482912 0.394715 2
-0.902244 1.526882 0.407016 2
-0.904526 1.560149 0.414158 2
-0.913236 1.597439 0.423532 2
-0.895493 1.615685 0.423177 2
-0.908614 1.654970 0.433917 2
-0.877470 1.664065 0.428717 2
-0.895563 1.705641 0.441010 2
-0.879656 1.724706 0.441190 2
-0.905487 1.769781 0.455898 2
-0.888231 1.787591 0.455508 2
-0.932178 1.841884 0.476099 2
-0.879113 1.838322 0.463404 2
-0.859078 1.854590 0.462055 2
-0.899831 1.904754 0.481086 2
-0.802881 1.879018 0.454092 2
-0.779964 1.894595 0.451927 2
-0.758686 1.911301 0.450344 2
-0.720977 1.919982 0.443461 2
-0.689461 1.932354 0.438692 2
-0.679142 1.955361 0.440792 2
-0.631638 1.961011 0.431065 2
0.988596 1.253496 -0.074433 2
1.009509 1.291480 -0.071899 2
0.998422 1.343291 -0.059426 2
1.031618 1.375892 -0.060761 2
-0.453884 2.026639 0.403096 2
-0.416311 2.040705 0.397189 2
-0.244959 2.004052 0.351004 2
-0.146108 1.998058 0.327235 2
-0.105488 2.015081 0.321160 2
-0.058582 2.030571 0.313343 2
0.122980 2.001241 0.266162 2
0.167528 2.020597 0.259591 2
0.217727 2.038900 0.251512 2
0.241925 2.066020 0.251050 2
0.484320 2.029027 0.188409 2
0.550029 2.047276 0.176716 2
0.568867 2.079532 0.178407 2
-1.449874 -0.887856 0.072378 7
-1.440284 -0.798821 0.088397 7
-1.361449 -0.884430 0.055206 7
-1.327358 -0.857251 0.053781 7
-1.286672 -0.845978 0.047806 7
-1.297218 -0.718217 0.075657 8
-1.301926 -0.609112 0.098558 8
-1.331337 -0.451590 0.136205 8
-1.291136 -0.447098 0.128919 8
-1.264117 -0.415023 0.129850 8
-1.243164 -0.371569 0.134291 8
-1.275149 -0.226387 0.169943 8
-1.273673 -0.150819 0.184785 8
-1.267336 -0.087000 0.196267 6
-1.233927 -0.074342 0.191947 6
-1.199631 -0.063020 0.187167 6
-1.159052 -0.062251 0.178975 6
-1.107857 -0.078620 0.165166 6
-1.075267 -0.062693 0.161627 6
-1.025287 -0.074704 0.148917 6
-0.977202 -0.082337 0.137462 6
-0.943585 -0.066410 0.133681 6
-0.887615 -0.084085 0.118574 6
-0.878433 -0.030878 0.127250 6
-1.008312 0.222400 0.204528 3
-0.916181 0.151126 0.171237 2
-0.963358 0.277078 0.206035 2
-0.939599 0.302233 0.206074 2
-0.942774 0.363058 0.218782 2
-0.958360 0.438424 0.236947 2
-0.942160 0.470950 0.239994 2
-0.936963 0.516758 0.247956 2
-0.932196 0.562073 0.255902 2
-0.938860 0.620130 0.268747 2
-0.941909 0.672430 0.279690 2
-0.941060 0.718963 0.288671 2
-0.934232 0.757698 0.294854 2
-0.928193 0.796581 0.301223 2
-0.926110 0.839035 0.309117 2
-0.933259 0.890450 0.320706 2
-0.923572 0.923077 0.325054 2
-0.934030 0.975829 0.337587 2
-0.949313 1.032145 0.351828 2
-0.930041 1.053087 0.351841 2
-0.910513 1.073757 0.351739 2
-0.929184 1.130484 0.366754 2
-0.915303 1.155659 0.368712 2
-0.870984 1.153042 0.358792 2
-0.872286 1.191902 0.366620 2
-0.879680 1.235356 0.376627 2
-0.888933 1.279498 0.387156 2
-0.898505 1.322974 0.397616 2
-0.895730 1.355416 0.403302 2
-0.883860 1.380080 0.405535 2
-0.891940 1.420278 0.415021 2
-0.868474 1.435374 0.412915 2
-0.849401 1.454017 0.412426 2
-0.868937 1.501296 0.425704 2
-0.881276 1.542280 0.436224 2
-0.865613 1.562578 0.436761 2
-0.870064 1.596853 0.444287 2
-0.869604 1.627226 0.450004 2
-0.850813 1.645009 0.449367 2
-0.861746 1.682256 0.458833 2
-0.862929 1.712596 0.464876 2
-0.889113 1.758079 0.479183 2
-0.865318 1.772062 0.476716 2
-0.869737 1.803126 0.483573 2
-0.849436 1.819353 0.482273 2
-0.853323 1.849533 0.488835 2
-0.845278 1.872663 0.491477 2
-0.818327 1.885442 0.488066 2
-0.726871 1.864466 0.464319 2
-0.723677 1.891112 0.468653 2
-0.676140 1.895187 0.459125 2
-0.694581 1.932591 0.470159 2
-0.650633 1.939350 0.461898 2
0.984978 1.203353 -0.031074 2
1.016647 1.236483 -0.031741 2
1.013934 1.285159 -0.022043 2
1.026441 1.326771 -0.016984 2
1.033189 1.370672 -0.010258 2
-0.469052 2.029910 0.439382 2
-0.440041 2.047097 0.436267 2
-0.334970 2.035429 0.411221 2
-0.141009 1.992699 0.361039 2
-0.120999 2.017140 0.361207 2
-0.093126 2.039024 0.359180 2
-0.049157 2.055817 0.352693 2
0.152595 2.021419 0.302321 2
0.218161 2.034542 0.290426 2
0.285912 2.048185 0.278141 2
0.433621 2.039352 0.244248 2
0.483526 2.061418 0.237391 2
0.553985 2.078667 0.225147 2
-1.437244 -0.792457 0.138091 7
-1.364665 -0.862758 0.110359 7
-1.337350 -0.820266 0.113061 7
-1.320199 -0.755550 0.122000 7
-1.282027 -0.740865 0.117243 7
-1.301463 -0.599231 0.148059 8
-1.334097 -0.435651 0.185661 8
-1.281228 -0.458198 0.170885 8
-1.265585 -0.402883 0.178300 8
-1.258668 -0.332064 0.190390 8
-1.262791 -0.242389 0.208251 8
-1.261816 -0.165798 0.222607 8
-1.246159 -0.119131 0.228351 6
-1.237735 -0.060742 0.237755 6
-1.194328 -0.065958 0.228112 6
-1.150144 -0.071462 0.218252 6
-1.107041 -0.074071 0.209152 6
-1.063675 -0.076160 0.200091 6
-1.042043 -0.042274 0.202184 6
-0.985809 -0.063576 0.186900 6
-0.941632 -0.064496 0.177880 6
-0.905336 -0.052604 0.172857 6
-1.033087 0.202070 0.246612 3
-1.017454 0.239485 0.250544 3
-0.934814 0.181272 0.222959 2
-0.920296 0.220774 0.227498 2
-0.939046 0.304677 0.247096 2
-0.953079 0.379713 0.264067 2
-0.958286 0.441025 0.276670 2
-0.943354 0.474975 0.280056 2
-0.937206 0.519359 0.287172 2
-0.927857 0.558862 0.292718 2
-0.933826 0.615994 0.304666 2
-0.920430 0.648883 0.308142 2
-0.928809 0.706387 0.320636 2
-0.919708 0.742673 0.325607 2
-0.949746 0.821686 0.346508 2
-0.935675 0.850500 0.349061 2
-0.943967 0.902776 0.360537 2
-0.940319 0.941339 0.367019 2
-0.925236 0.967492 0.368855 2
-0.933106 1.016423 0.379604 2
-0.865955 0.990525 0.361127 2
-0.862510 1.027812 0.367392 2
-0.871200 1.075913 0.378139 2
-0.886967 1.129494 0.391342 2
-0.863150 1.145883 0.389550 2
-0.835024 1.158618 0.386196 2
-0.856548 1.214940 0.401068 2
-0.815606 1.216530 0.393018 2
-0.873583 1.301669 0.420673 2
-0.835760 1.305703 0.413705 2
-0.857358 1.358153 0.427854 2
-0.841842 1.380127 0.428761 2
-0.846127 1.417330 0.436536 2
-0.862585 1.463072 0.448377 2
-0.844434 1.482198 0.448205 2
-0.845070 1.515009 0.454406 2
-0.845776 1.547382 0.460536 2
-0.872583 1.597406 0.475271 2
-0.843852 1.608454 0.471422 2
-0.839847 1.636367 0.475750 2
-0.836043 1.664116 0.480085 2
-0.863133 1.711254 0.494328 2
-0.858888 1.737733 0.498330 2
-0.833593 1.751137 0.495600 2
-0.837665 1.782368 0.502177 2
-0.827711 1.804975 0.504282 2
-0.837992 1.839026 0.512645 2
-0.839755 1.867747 0.518273 2
-0.825759 1.887552 0.519021 2
-0.831121 1.917677 0.525640 2
-0.686098 1.869538 0.486961 2
-0.711621 1.910880 0.499777 2
-0.695887 1.930971 0.500202 2
1.004736 1.141821 0.005508 2
0.981519 1.200843 0.021058 2
0.998347 1.240576 0.024824 2
0.988019 1.292330 0.036376 2
0.976683 1.343843 0.048085 2
-0.506255 2.013799 0.476145 2
-0.470173 2.027485 0.471175 2
-0.387290 2.023152 0.453257 2
-0.336676 2.032937 0.444566 2
-0.265024 2.035746 0.430257 2
-0.095774 2.004443 0.389580 2
-0.064415 2.025287 0.386859 2
0.021045 2.028118 0.369682 2
0.134497 2.023347 0.345333 2
0.205050 2.034531 0.332739 2
0.287735 2.043270 0.317186 2
0.427436 2.036578 0.287037 2
0.497531 2.052645 0.275400 2
0.540389 2.077513 0.270985 2
-1.438879 -0.774442 0.190397 7
-1.369966 -0.836202 0.166011 7
-1.313362 -0.864412 0.150027 7
-1.309496 -0.768129 0.166590 7
-1.289953 -0.711338 0.173029 7
-1.291580 -0.610131 0.191532 8
-1.317018 -0.462276 0.223011 8
-1.306159 -0.396649 0.232707 8
-1.284801 -0.354765 0.236108 8
-1.248164 -0.344385 0.230897 8
-1.251100 -0.257061 0.247148 8
-1.232088 -0.214511 0.251115 8
-1.233808 -0.134864 0.265748 6
-1.228833 -0.070143 0.276406 6
-1.192950 -0.062003 0.270928 6
-1.138676 -0.085075 0.256290 6
-1.101341 -0.077788 0.250374 6
-1.073877 -0.053745 0.249373 6
-1.028614 -0.058561 0.239748 6
-0.978405 -0.070110 0.227955 6
-0.947592 -0.050422 0.225519 6
-0.908476 -0.043224 0.219233 6
-1.024281 0.193139 0.284042 3
-1.006282 0.227160 0.286652 3
-0.915590 0.157779 0.256639 3
-0.929408 0.236847 0.273485 2
-0.950688 0.323638 0.293160 2
-0.944573 0.371323 0.300515 2
-0.927385 0.403488 0.302940 2
-0.930324 0.460842 0.313779 2
-0.959074 0.548960 0.335133 2
-0.926443 0.559224 0.330635 2
-0.935026 0.619331 0.343057 2
-0.929460 0.661227 0.349472 2
-0.944484 0.725997 0.363976 2
-0.943324 0.770733 0.371751 2
-0.922114 0.792309 0.371486 2
-0.932139 0.847731 0.383342 2
-0.914649 0.872510 0.384370 2
-0.840386 0.837921 0.363746 2
-0.825673 0.866377 0.365968 2
-0.822032 0.905647 0.372274 2
-0.850591 0.975845 0.390366 2
-0.836789 1.003333 0.392587 2
-0.815301 1.023318 0.391971 2
-0.813962 1.061999 0.398613 2
-0.822629 1.109077 0.408700 2
-0.861789 1.182249 0.429380 2
-0.825871 1.187945 0.423398 2
-0.824502 1.223757 0.429516 2
-0.827658 1.262777 0.437086 2
-0.834651 1.304235 0.445837 2
-0.835602 1.340027 0.452399 2
-0.807202 1.352118 0.449014 2
-0.827117 1.401849 0.461754 2
-0.814520 1.425858 0.463571 2
-0.813699 1.458470 0.469216 2
-0.805975 1.485613 0.472538 2
-0.814652 1.524158 0.481089 2
-0.800154 1.545880 0.482122 2
-0.795756 1.574456 0.486344 2
-0.808827 1.614363 0.495990 2
-0.835417 1.662291 0.509701 2
-0.818892 1.681581 0.509900 2
-0.800750 1.699941 0.509617 2
-0.819352 1.740839 0.520514 2
-0.807415 1.762656 0.522055 2
-0.803817 1.789306 0.526081 2
-0.810966 1.821839 0.533251 2
-0.793095 1.839924 0.532965 2
-0.802198 1.872828 0.540580 2
-0.804236 1.901438 0.546051 2
-0.814738 1.934089 0.553892 2
0.998475 1.043386 0.041405 2
0.983154 1.099901 0.054413 2
1.012936 1.133836 0.054596 2
0.983540 1.195789 0.071316 2
1.011610 1.230298 0.071931 2
-0.514423 1.957117 0.499209 2
-0.521167 1.988846 0.506141 2
-0.495673 2.006560 0.504283 2
-0.469327 2.024269 0.502256 2
-0.397315 2.024131 0.488131 2
-0.326938 2.026032 0.474685 2
-0.306992 2.048254 0.474704 2
-0.211696 2.043200 0.455146 2
-0.068245 2.023005 0.423481 2
-0.030535 2.041991 0.419444 2
0.022811 2.056387 0.411532 2
0.178710 2.038819 0.377887 2
0.267337 2.045259 0.361656 2
0.383422 2.045164 0.338889 2
0.473450 2.054847 0.322951 2
0.476515 2.090396 0.328613 2
-1.438808 -0.760890 0.240966 7
-1.364497 -0.836137 0.214273 7
-1.314509 -0.848732 0.202746 7
-1.319601 -0.732672 0.223325 7
-1.265823 -0.754053 0.209604 7
-1.239470 -0.713419 0.211525 8
-1.325192 -0.434940 0.274724 8
-1.281401 -0.438787 0.265852 8
-1.301471 -0.312100 0.291052 8
-1.250856 -0.330573 0.278428 8
-1.246373 -0.258250 0.289826 8
-1.282798 -0.111384 0.321516 6
-1.235039 -0.125552 0.310162 6
-1.232273 -0.057333 0.321194 6
-1.184550 -0.070433 0.310032 6
-1.145893 -0.066559 0.303445 6
-1.093109 -0.085769 0.290304 6
-1.069807 -0.054879 0.291174 6
-1.036076 -0.041254 0.287167 6
-0.998335 -0.033682 0.281386 6
-0.954685 -0.034675 0.273050 6
-0.901553 -0.049041 0.260674 6
-0.981785 0.134573 0.306815 3
-0.921908 0.109254 0.291325 3
-0.882577 0.114852 0.284922 3
-0.936318 0.249820 0.317865 2
-0.925536 0.292691 0.323125 2
-0.921663 0.343821 0.331079 2
-0.938433 0.420551 0.347237 2
-0.930789 0.463914 0.353172 2
-0.927801 0.512167 0.360809 2
-0.913350 0.545290 0.363738 2
-0.936073 0.622470 0.381090 2
-0.940061 0.675392 0.390828 2
-0.907875 0.685369 0.386520 2
-0.830656 0.644930 0.365247 2
-0.808881 0.668249 0.365152 2
-0.823681 0.731163 0.378611 2
-0.820168 0.772983 0.385070 2
-0.803741 0.800540 0.386699 2
-0.780942 0.821351 0.385994 2
-0.844668 0.928870 0.416164 2
-0.811070 0.937444 0.411368 2
-0.803996 0.972051 0.415945 2
-0.829109 1.036524 0.431601 2
-0.805013 1.053776 0.430057 2
-0.808794 1.096473 0.438037 2
-0.829079 1.153007 0.451447 2
-0.793666 1.159613 0.445988 2
-0.802412 1.204521 0.455273 2
-0.788869 1.229842 0.457075 2
-0.795521 1.271578 0.465433 2
-0.802838 1.313042 0.473870 2
-0.798316 1.344376 0.478379 2
-0.780831 1.365305 0.478705 2
-0.808883 1.420688 0.493374 2
-0.808547 1.453666 0.498946 2
-0.798731 1.479289 0.501502 2
-0.803308 1.514958 0.508449 2
-0.794860 1.540975 0.511330 2
-0.774697 1.558818 0.510640 2
-0.791799 1.601653 0.521141 2
-0.817005 1.648871 0.533896 2
-0.774294 1.651628 0.526446 2
-0.769866 1.679090 0.530327 2
-0.789236 1.720832 0.541067 2
-0.799237 1.756087 0.548960 2
-0.767433 1.766314 0.544818 2
-0.814074 1.821813 0.562974 2
-0.820351 1.853253 0.569527 2
-0.765992 1.851182 0.559101 2
-0.796692 1.895451 0.572382 2
-0.752093 1.899530 0.564821 2
-0.769041 1.935640 0.574158 2
0.981251 1.096939 0.106069 2
-0.618463 1.916780 0.543039 2
-0.542047 1.909157 0.527584 2
-0.511073 1.923920 0.524388 2
-0.517060 1.955649 0.530950 2
-0.522570 1.986764 0.537319 2
-0.489929 2.001358 0.533790 2
-0.445199 2.011486 0.527257 2
-0.408543 2.025629 0.522910 2
-0.343200 2.029220 0.511442 2
-0.269014 2.030717 0.497980 2
-0.171468 2.025092 0.478972 2
-0.097824 2.029891 0.466182 2
0.011925 2.023666 0.444818 2
0.079580 2.033635 0.434029 2
0.185064 2.032662 0.414363 2
0.256145 2.044456 0.403259 2
0.427709 2.027344 0.368598 2
0.415754 2.066884 0.377633 2
-1.433233 -0.761239 0.287790 7
-1.351283 -0.854934 0.257929 7
-1.303300 -0.862405 0.247953 7
-1.315994 -0.729026 0.271406 7
-1.255401 -0.765854 0.254484 7
-1.248831 -0.682025 0.266574 7
-1.315490 -0.445813 0.316218 8
-1.305624 -0.379172 0.324992 8
-1.299756 -0.306879 0.335399 8
-1.265192 -0.293887 0.331165 8
-1.220401 -0.300391 0.321977 8
-1.283340 -0.103126 0.364789 6
-1.259899 -0.072900 0.365336 6
-1.252356 -0.014734 0.373223 6
-1.190652 -0.053419 0.355865 6
-1.123210 -0.099413 0.336309 6
-1.117404 -0.039215 0.344851 6
-1.076950 -0.037648 0.337777 6
-1.016428 -0.067512 0.322063 6
-0.981222 -0.055526 0.317612 6
-0.945494 -0.044002 0.312999 6
-0.888857 -0.063536 0.299655 6
-0.983647 0.141422 0.349527 3
-0.919883 0.110278 0.333052 3
-0.864661 0.093314 0.320391 3
-0.936907 0.254012 0.359135 2
-0.945145 0.322375 0.371574 2
-0.881881 0.293999 0.355656 2
-0.908362 0.384162 0.374881 2
-0.914577 0.445746 0.385886 2
-0.896469 0.475357 0.387397 2
-0.803434 0.413042 0.360709 2
-0.796444 0.457101 0.366546 2
-0.805612 0.519242 0.378192 2
-0.792998 0.554720 0.381652 2
-0.776208 0.584943 0.383525 2
-0.791009 0.649767 0.396626 2
-0.807315 0.714536 0.409991 2
-0.803677 0.756420 0.416109 2
-0.803691 0.801313 0.423369 2
-0.759503 0.800141 0.415311 2
-0.779239 0.863881 0.429142 2
-0.789984 0.917158 0.439684 2
-0.761565 0.931499 0.436959 2
-0.783449 0.993602 0.450921 2
-0.786241 1.036464 0.458376 2
-0.787626 1.077217 0.465243 2
-0.765687 1.096480 0.464487 2
-0.779791 1.147251 0.475247 2
-0.766763 1.173697 0.477247 2
-0.770530 1.214016 0.484485 2
-0.770822 1.250746 0.490527 2
-0.768442 1.284727 0.495654 2
-0.753814 1.308563 0.496964 2
-0.790145 1.371664 0.513693 2
-0.763068 1.385123 0.511118 2
-0.765791 1.420995 0.517473 2
-0.769241 1.456814 0.523951 2
-0.737332 1.466914 0.519987 2
-0.765113 1.519047 0.533435 2
-0.741498 1.534887 0.531883 2
-0.755443 1.576034 0.541100 2
-0.753969 1.606293 0.545820 2
-0.758348 1.639928 0.552129 2
-0.754203 1.667719 0.555982 2
-0.764067 1.703812 0.563668 2
-0.750033 1.724979 0.564701 2
-0.760814 1.760676 0.572490 2
-0.733851 1.774171 0.569998 2
-0.764428 1.820177 0.582969 2
-0.761152 1.846597 0.586773 2
-0.774116 1.881447 0.594820 2
-0.751361 1.897082 0.593435 2
-0.772139 1.935108 0.603385 2
-0.735852 1.944058 0.598531 2
-0.556845 1.884633 0.557372 2
-0.566331 1.918108 0.564604 2
-0.540429 1.934823 0.562869 2
-0.550614 1.968034 0.570188 2
-0.478850 1.965036 0.557171 2
-0.455420 1.983956 0.556249 2
-0.435181 2.004483 0.556156 2
0.996286 1.459179 0.215448 2
-0.341957 2.025639 0.543462 2
-0.288852 2.034985 0.535785 2
-0.211945 2.036546 0.522662 2
-0.120767 2.034502 0.506456 2
0.036190 2.011531 0.475292 2
0.075719 2.031023 0.471702 2
0.123843 2.048364 0.466260 2
0.274558 2.034443 0.437722 2
0.382941 2.036315 0.419210 2
0.457922 2.050004 0.408501 2
-1.415432 -0.792066 0.327760 7
-1.353070 -0.837341 0.309927 7
-1.349200 -0.741537 0.323388 7
-1.304970 -0.742451 0.315367 7
-1.270323 -0.721040 0.312366 7
-1.238290 -0.694153 0.310652 7
-1.303227 -0.462094 0.356561 8
-1.265799 -0.452363 0.351369 8
-1.300149 -0.297465 0.380436 8
-1.271891 -0.272447 0.379156 8
-1.237424 -0.259737 0.374960 8
-1.281838 -0.098770 0.406737 6
-1.253206 -0.078349 0.404736 6
-1.231062 -0.046452 0.405597 6
-1.210661 -0.012154 0.407131 6
-1.151113 -0.045592 0.391697 6
-1.098040 -0.065917 0.379367 6
-1.075824 -0.034034 0.380251 6
-1.035016 -0.032478 0.373358 6
-0.975424 -0.059592 0.358902 6
-0.953707 -0.026637 0.360063 6
-0.906594 -0.032337 0.351012 6
-0.966118 0.119741 0.384211 3
-0.952563 0.161213 0.388100 3
-0.868475 0.102430 0.364677 3
-0.913222 0.224684 0.390853 2
-0.910154 0.278173 0.398397 2
-0.797200 0.184814 0.364795 2
-0.775975 0.215082 0.365715 2
-0.776568 0.272750 0.374550 2
-0.783582 0.336990 0.385495 2
-0.766330 0.369913 0.387529 2
-0.803163 0.467131 0.408619 2
-0.792367 0.505495 0.412606 2
-0.778269 0.539403 0.415358 2
-0.783082 0.594152 0.424529 2
-0.772356 0.630435 0.428237 2
-0.759390 0.663722 0.431115 2
-0.750787 0.701200 0.435385 2
-0.761193 0.757870 0.445838 2
-0.766736 0.808221 0.454504 2
-0.779485 0.864679 0.465339 2
-0.750925 0.879232 0.462737 2
-0.741477 0.912462 0.466254 2
-0.764623 0.976010 0.479967 2
-0.768499 1.020106 0.487429 2
-0.775426 1.066096 0.495708 2
-0.731897 1.066268 0.488397 2
-0.761173 1.130752 0.503321 2
-0.739836 1.150315 0.502768 2
-0.754254 1.199913 0.512899 2
-0.759776 1.241112 0.520237 2
-0.745153 1.265332 0.521559 2
-0.725104 1.285175 0.521297 2
-0.764065 1.350690 0.538054 2
-0.727927 1.357604 0.533095 2
-0.768148 1.421742 0.549861 2
-0.745106 1.438206 0.548600 2
-0.744928 1.471147 0.553747 2
-0.716845 1.484188 0.551122 2
-0.746595 1.537047 0.564401 2
-0.749882 1.570940 0.570296 2
-0.713340 1.578285 0.565388 2
-0.752728 1.634818 0.580870 2
-0.768898 1.675334 0.589972 2
-0.749686 1.693367 0.589652 2
-0.708724 1.698529 0.583695 2
-0.773542 1.766363 0.605210 2
0.988870 0.786225 0.157809 2
-0.700139 1.782332 0.595637 2
1.006177 0.878666 0.169724 2
-0.671398 1.824624 0.597667 2
-0.633295 1.833473 0.592812 2
-0.640045 1.865794 0.599114 2
-0.598590 1.873715 0.593573 2
-0.595563 1.900975 0.597467 2
-0.543295 1.904768 0.589499 2
-0.528750 1.926906 0.590690 2
-0.484358 1.935731 0.584841 2
-0.484277 1.964692 0.589523 2
-0.491871 1.996661 0.595957 2
-0.425435 1.997580 0.585236 2
-0.369976 2.033506 0.582028 2
-0.273050 2.025782 0.564937 2
-0.207104 2.031410 0.555096 2
-0.121569 2.031269 0.541121 2
-0.063552 2.042317 0.533477 2
0.063084 2.031380 0.511046 2
0.163756 2.031399 0.494655 2
0.270296 2.031520 0.477335 2
0.358069 2.039390 0.464357 2
0.435562 2.051915 0.453830 2
-1.351952 -0.826926 0.359822 7
-1.334837 -0.762964 0.365618 7
-1.298637 -0.745114 0.361788 7
-1.246612 -0.762538 0.350387 7
-1.232093 -0.696827 0.356919 7
-1.305163 -0.448293 0.403752 8
-1.281730 -0.410201 0.404973 8
-1.299033 -0.291166 0.424380 8
-1.271001 -0.266048 0.423048 8
-1.225638 -0.274537 0.414114 8
-1.264333 -0.124425 0.441524 6
-1.244147 -0.088126 0.443123 6
-1.226347 -0.048428 0.445612 6
-1.183406 -0.053651 0.437599 6
-1.151402 -0.039168 0.434196 6
-1.094603 -0.065939 0.420859 6
-1.073191 -0.032918 0.421861 6
-1.034015 -0.028898 0.415827 6
-0.969112 -0.064468 0.399935 6
-0.962625 -0.008264 0.406734 6
-0.911915 -0.019852 0.396616 6
-0.888627 0.010127 0.396944 6
-0.944667 0.153697 0.426531 3
-0.869497 0.107579 0.407505 3
-0.841219 0.128816 0.405810 3
-0.855295 0.207234 0.419252 3
-0.772239 0.154849 0.398071 3
-0.771062 0.211559 0.405935 2
-0.774493 0.272731 0.415207 2
-0.741450 0.286934 0.411792 2
-0.764190 0.369505 0.427320 2
-0.774902 0.435302 0.438490 2
-0.763464 0.473404 0.442077 2
-0.759488 0.519443 0.448035 2
-0.737769 0.544545 0.448101 2
-0.745252 0.601782 0.457564 2
-0.740077 0.643941 0.462806 2
-0.745485 0.696553 0.471290 2
-0.739686 0.736309 0.476108 2
-0.733607 0.775088 0.480751 2
-0.732420 0.818116 0.486813 2
-0.730266 0.859379 0.492475 2
-0.727922 0.899716 0.497982 2
-0.749229 0.961659 0.510460 2
-0.758192 1.010627 0.519070 2
-0.723749 1.019165 0.514806 2
-0.723540 1.058668 0.520580 2
-0.717017 1.091985 0.524446 2
-0.734246 1.145161 0.535040 2
-0.726595 1.176269 0.538422 2
-0.724868 1.211880 0.543424 2
-0.707799 1.234605 0.544090 2
-0.731608 1.289546 0.556035 2
-0.687490 1.290670 0.549223 2
-0.721787 1.352023 0.563804 2
-0.724496 1.388358 0.569670 2
-0.713989 1.414503 0.571936 2
-0.738819 1.465636 0.583526 2
-0.734730 1.495406 0.587367 2
0.944399 0.381222 0.155874 2
0.966705 0.422135 0.158567 2
0.983701 0.466414 0.162618 2
0.976230 0.526118 0.172852 2
1.007879 0.560406 0.173133 2
0.959304 0.644061 0.193458 2
-0.724290 1.706125 0.617733 2
-0.677048 1.708037 0.610684 2
-0.721519 1.763416 0.626086 2
-0.694645 1.777327 0.624060 2
-0.691022 1.804333 0.627662 2
0.990507 0.933788 0.233134 2
-0.645853 1.837871 0.625868 2
-0.586601 1.836336 0.616488 2
-0.576240 1.860288 0.618616 2
-0.546970 1.875023 0.616407 2
-0.504992 1.884165 0.611379 2
-0.466009 1.895413 0.607152 2
-0.486415 1.934012 0.616339 2
-0.459730 1.951244 0.614958 2
-0.435713 1.969977 0.614232 2
-0.440880 2.001117 0.619941 2
0.862711 1.547118 0.348846 2
-0.278564 2.024673 0.598893 2
-0.214230 2.030701 0.590047 2
-0.100197 2.020098 0.570988 2
-0.077737 2.043616 0.571335 2
0.062993 2.027559 0.547363 2
0.134702 2.036831 0.537960 2
0.279799 2.024283 0.513913 2
0.387682 2.025950 0.497819 2
0.388964 2.061030 0.503305 2
-1.343132 -0.835138 0.405638 7
-1.335785 -0.748468 0.415366 7
-1.282825 -0.769395 0.403779 7
-1.245077 -0.754605 0.399306 7
-1.217895 -0.716827 0.399549 7
-1.299757 -0.450084 0.447225 8
-1.279720 -0.405200 0.449607 8
-1.280914 -0.319055 0.460815 8
-1.267852 -0.264134 0.465678 8
-1.240347 -0.238617 0.464396 8
-1.273887 -0.099436 0.487816 6
-1.244649 -0.080435 0.485445 6
-1.214409 -0.063303 0.482686 6
-1.182915 -0.048338 0.479459 6
-1.158709 -0.020824 0.479064 6
-1.108075 -0.037789 0.468611 6
-1.073973 -0.026253 0.464565 6
-1.016052 -0.052415 0.451766 6
-0.995385 -0.018460 0.452853 6
-0.952651 -0.018844 0.445908 6
-0.892895 -0.043846 0.433017 6
-0.862510 -0.023925 0.430754 6
-0.821591 -0.019080 0.424840 6
-0.873116 0.116351 0.450920 3
-0.854276 0.150261 0.452397 3
-0.825132 0.169747 0.450346 3
-0.811477 0.209770 0.453491 3
-0.755558 0.194319 0.442594 3
-0.731376 0.220620 0.442284 2
-0.715954 0.257649 0.444804 2
-0.712249 0.308378 0.451013 2
-0.723792 0.376211 0.461923 2
-0.715329 0.418820 0.466332 2
-0.734359 0.492209 0.479192 2
-0.727923 0.534927 0.483964 2
-0.716572 0.571415 0.487147 2
-0.725554 0.629358 0.496405 2
-0.736334 0.687822 0.506028 2
-0.721436 0.718150 0.507872 2
-0.705145 0.746736 0.509279 2
-0.711328 0.797565 0.517198 2
-0.706618 0.836600 0.521844 2
-0.725549 0.897731 0.533160 2
-0.722235 0.936363 0.537994 2
-0.711132 0.967147 0.540572 2
-0.706528 1.003488 0.544922 2
-0.699090 1.036756 0.548430 2
-0.717572 1.092194 0.558961 2
-0.698689 1.114391 0.559224 2
-0.726441 1.175665 0.571998 2
-0.740084 1.223808 0.580821 2
0.513360 0.250713 0.255829 2
0.567100 0.263962 0.249675 2
0.652226 0.253775 0.235537 2
0.705884 0.269240 0.229753 2
0.739333 0.300519 0.229248 2
0.825556 0.293606 0.215479 2
0.966091 0.249766 0.188401 3
0.932482 0.330780 0.205018 2
-0.689566 1.495466 0.612071 2
-0.718019 1.546873 0.623693 2
-0.703556 1.568942 0.624771 2
-0.728937 1.616550 0.635417 2
-0.658697 1.603077 0.623177 2
-0.664188 1.637611 0.629031 2
-0.704590 1.692579 0.642986 2
-0.660718 1.696632 0.637198 2
-0.707419 1.753479 0.652372 2
-0.690858 1.773278 0.652900 2
-0.686106 1.799652 0.656127 2
-0.656558 1.812546 0.653775 2
-0.595510 1.809393 0.644495 2
-0.570329 1.825771 0.643319 2
-0.542172 1.840985 0.641553 2
-0.538422 1.868462 0.645152 2
-0.529072 1.893086 0.647530 2
-0.490942 1.904346 0.643775 2
-0.484967 1.930728 0.646929 2
-0.435327 1.937817 0.640920 2
-0.463231 1.978944 0.651185 2
-0.412962 1.986661 0.645209 2
0.829508 1.512954 0.395667 2
0.855310 1.545555 0.397029 2
-0.309096 2.033146 0.637623 2
-0.222577 2.030474 0.624950 2
-0.129910 2.027274 0.611338 2
-0.094575 2.045889 0.609248 2
0.039079 2.031807 0.588174 2
0.094702 2.045935 0.582547 2
0.213734 2.040962 0.564995 2
0.314282 2.043965 0.551319 2
-1.338019 -0.834450 0.453156 7
-1.322982 -0.766175 0.458607 7
-1.269552 -0.787796 0.447334 7
-1.256432 -0.718229 0.453298 7
-1.208626 -0.726115 0.444593 7
-1.274675 -0.493276 0.482565 8
-1.241130 -0.475301 0.479248 8
-1.271014 -0.330375 0.501105 8
-1.275030 -0.242072 0.512155 8
-1.233104 -0.244780 0.505122 8
-1.250803 -0.135421 0.520894 6
-1.234788 -0.091674 0.523537 6
-1.219547 -0.047741 0.526347 6
-1.197302 -0.017178 0.526477 6
-1.140428 -0.046111 0.514059 6
-1.092876 -0.057476 0.505232 6
-1.061863 -0.040621 0.502404 6
-1.040225 -0.008741 0.502870 6
-0.998617 -0.008542 0.496425 6
-0.966888 0.007546 0.493457 6
-0.906684 -0.018761 0.480963 6
-0.872742 -0.004712 0.477448 6
-0.833215 0.001605 0.472153 6
-0.807528 0.027949 0.471450 6
-0.730055 -0.017116 0.454101 6
-0.806726 0.148173 0.486113 3
-0.794695 0.190615 0.489532 3
-0.762821 0.206552 0.486691 3
-0.700285 0.183843 0.474453 2
-0.705984 0.247698 0.483266 2
-0.710490 0.308468 0.491536 2
-0.701655 0.351797 0.495649 2
-0.717981 0.423761 0.507127 2
-0.694846 0.448496 0.506817 2
-0.704206 0.509703 0.515945 2
-0.694228 0.548066 0.519343 2
-0.705476 0.608772 0.528726 2
-0.707022 0.657702 0.535202 2
-0.709192 0.706249 0.541740 2
-0.695291 0.737383 0.543718 2
-0.691286 0.778074 0.548384 2
-0.690874 0.821582 0.553954 2
-0.711518 0.884529 0.565106 2
-0.045828 0.298392 0.392935 2
0.054502 0.258903 0.373373 2
0.111019 0.261812 0.365665 2
0.171517 0.262224 0.357084 2
0.249680 0.248395 0.344133 2
0.306050 0.254949 0.337000 2
0.367416 0.258299 0.328758 2
0.421295 0.268933 0.322570 2
0.506560 0.255161 0.308722 2
-0.696932 1.260668 0.612755 2
-0.706148 1.303396 0.619804 2
-0.704890 1.337359 0.624222 2
-0.697850 1.366547 0.627202 2
-0.718376 1.415510 0.636723 2
-0.694831 1.431958 0.635708 2
-0.691162 1.462511 0.639391 2
-0.674209 1.483631 0.639960 2
-0.693805 1.529271 0.648961 2
-0.649848 1.532266 0.643343 2
-0.681589 1.584648 0.654978 2
-0.649260 1.595518 0.652079 2
-0.710812 1.664569 0.670146 2
-0.636154 1.649712 0.657904 2
-0.639586 1.682384 0.662982 2
-0.637842 1.711634 0.666891 2
-0.641354 1.743539 0.671902 2
-0.633598 1.768832 0.674467 2
-0.630743 1.796628 0.678065 2
-0.628075 1.824281 0.681683 2
-0.611854 1.844762 0.682466 2
-0.545223 1.840165 0.672895 2
-0.526342 1.860170 0.673284 2
-0.528592 1.890389 0.677993 2
-0.476890 1.895269 0.671839 2
-0.505335 1.937306 0.681790 2
-0.452380 1.942590 0.675560 2
-0.428937 1.961493 0.675262 2
-0.395108 1.976351 0.673009 2
0.800317 1.520455 0.447600 2
0.790937 1.566496 0.455728 2
0.822326 1.596364 0.456099 2
-0.292993 2.053378 0.671157 2
-0.236348 2.062245 0.665091 2
-0.051804 2.027339 0.635686 2
0.006456 2.039084 0.629882 2
0.101909 2.039642 0.617540 2
0.205846 2.039331 0.603979 2
0.282372 2.049439 0.595604 2
-1.330860 -0.838692 0.499675 7
-1.322633 -0.754848 0.507215 7
-1.275866 -0.761763 0.499038 7
-1.231907 -0.761267 0.492121 7
-1.171529 -0.795235 0.478971 7
-1.252948 -0.529223 0.520175 8
-1.249966 -0.448016 0.528403 8
-1.280932 -0.302088 0.548903 8
-1.256094 -0.271050 0.548387 8
-1.230775 -0.241581 0.547653 8
-1.227666 -0.171365 0.554782 6
-1.214240 -0.122306 0.558053 6
-1.201836 -0.072849 0.561549 6
-1.182583 -0.036707 0.562571 6
-1.136792 -0.046447 0.554559 6
-1.113527 -0.017554 0.554227 6
-1.069781 -0.022404 0.547111 6
-1.022472 -0.031915 0.538970 6
-1.002047 0.001639 0.539654 6
-0.967960 0.013778 0.535942 6
-0.893671 -0.033753 0.519624 6
-0.873435 0.000496 0.520488 6
-0.827493 -0.002601 0.513392 6
-0.791545 0.009293 0.509479 6
-0.722135 -0.024384 0.495542 6
-0.690627 -0.004826 0.493198 6
-0.773852 0.166136 0.524787 3
-0.754823 0.199030 0.525824 3
-0.725943 0.219005 0.523984 3
-0.673724 0.210082 0.515489 2
-0.674060 0.266351 0.522072 2
-0.683297 0.331922 0.531026 2
-0.692623 0.395920 0.539834 2
-0.661386 0.411774 0.537300 2
-0.495544 0.276496 0.498093 2
-0.456379 0.287064 0.493874 2
-0.375587 0.253148 0.478599 2
-0.315980 0.243971 0.469240 2
-0.268915 0.249181 0.463363 2
-0.214279 0.247477 0.455639 2
-0.160560 0.247782 0.448311 2
-0.094936 0.237444 0.438091 2
-0.022744 0.222252 0.426413 2
-0.007900 0.262841 0.429366 2
0.048135 0.264870 0.422042 2
-0.713042 1.009283 0.616392 2
-0.723501 1.058135 0.623848 2
-0.716937 1.091096 0.627072 2
-0.725454 1.136523 0.633883 2
-0.716427 1.166323 0.636423 2
-0.712987 1.200406 0.640263 2
-0.688618 1.217147 0.639168 2
-0.675949 1.243337 0.640831 2
-0.696748 1.295276 0.650187 2
-0.672064 1.311528 0.649047 2
-0.700407 1.367433 0.659937 2
-0.620117 1.342861 0.646340 2
-0.686304 1.424700 0.665534 2
-0.657922 1.438028 0.663613 2
-0.656965 1.470492 0.667745 2
-0.651861 1.499761 0.670945 2
-0.657540 1.535819 0.676439 2
-0.630515 1.550295 0.674919 2
-0.613429 1.571358 0.675560 2
-0.662871 1.633420 0.690137 2
-0.610407 1.632442 0.683383 2
-0.611088 1.663773 0.687705 2
-0.608779 1.693005 0.691385 2
-0.617243 1.728013 0.697221 2
-0.589366 1.742479 0.695725 2
-0.583346 1.769071 0.698636 2
-0.565922 1.789508 0.699299 2
0.783251 1.127300 0.440266 2
-0.519998 1.825207 0.698591 2
-0.515430 1.852433 0.701845 2
-0.477654 1.863660 0.698785 2
-0.456601 1.883275 0.698979 2
-0.431721 1.901378 0.698510 2
-0.427695 1.928995 0.701960 2
-0.385062 1.939858 0.698330 2
0.773826 1.484626 0.492069 2
0.776083 1.526020 0.497784 2
0.761863 1.573637 0.506423 2
-0.271258 2.012320 0.695069 2
-0.179231 2.007695 0.683315 2
-0.116378 2.015439 0.676907 2
-0.020306 2.012655 0.664979 2
0.765886 1.776638 0.535844 2
0.254292 1.985449 0.628109 2
0.177773 2.044177 0.646037 2
0.288449 2.043288 0.632737 2
-1.318375 -0.855615 0.544145 7
-1.301178 -0.792537 0.547479 7
-1.272862 -0.756956 0.546504 7
-1.222931 -0.769873 0.537591 7
-1.180081 -0.766086 0.531400 7
-1.216801 -0.595166 0.553487 8
-1.220467 -0.499137 0.563344 8
-1.259864 -0.335686 0.585176 8
-1.236222 -0.301732 0.584942 8
-1.216741 -0.260651 0.586058 8
-1.230906 -0.158220 0.598236 6
-1.223678 -0.098444 0.603069 6
-1.190913 -0.085841 0.599497 8
-1.161984 -0.066369 0.597198 6
-1.154836 -0.010047 0.601784 6
-1.101067 -0.032697 0.591712 6
-1.057768 -0.036602 0.585068 6
-1.032451 -0.010989 0.584023 6
-0.992894 -0.007785 0.578693 6
-0.964999 0.013840 0.576930 6
-0.910478 -0.004286 0.567351 6
-0.889631 0.028298 0.567768 6
-0.844877 0.026216 0.561275 6
-0.796105 0.019435 0.553762 6
-0.709694 -0.037849 0.535778 6
-0.674068 -0.023698 0.532334 6
-0.600074 -0.059757 0.518352 6
-0.723675 0.161627 0.558709 3
-0.692978 0.179910 0.556467 3
-0.673390 0.212127 0.557250 3
-0.636832 0.223324 0.553513 2
-0.600363 0.235077 0.549877 2
-0.574903 0.260136 0.549185 2
-0.509648 0.239513 0.538246 2
-0.443294 0.219369 0.527243 2
-0.420659 0.249134 0.527528 2
-0.355178 0.232392 0.517074 2
-0.286703 0.214089 0.506084 2
-0.727341 0.726792 0.620682 2
-0.721841 0.765851 0.624351 2
-0.745875 0.833786 0.635111 2
-0.713342 0.844474 0.632142 2
-0.728726 0.901676 0.640624 2
-0.672996 0.890442 0.632241 2
-0.666121 0.925681 0.635424 2
-0.700936 0.998244 0.648211 2
-0.677078 1.016672 0.647354 2
-0.683351 1.061527 0.653381 2
-0.702137 1.116207 0.662146 2
-0.682946 1.137774 0.662311 2
-0.664713 1.160146 0.662713 2
-0.668158 1.199988 0.667891 2
-0.692511 1.255661 0.677555 2
-0.655028 1.262123 0.673759 2
-0.663699 1.304240 0.679919 2
-0.638210 1.320162 0.678774 2
-0.631948 1.350356 0.681719 2
-0.642142 1.391993 0.688072 2
-0.636141 1.421527 0.691012 2
-0.594843 1.426592 0.686721 2
-0.619045 1.476327 0.695820 2
-0.585449 1.486978 0.693187 2
-0.605876 1.532878 0.701402 2
-0.619722 1.573666 0.708216 2
-0.576806 1.578722 0.703844 2
-0.595655 1.621764 0.711575 2
-0.593825 1.651745 0.715239 2
-0.604704 1.688741 0.721307 2
-0.598296 1.715364 0.724047 2
-0.569609 1.729540 0.722614 2
-0.560269 1.754528 0.724846 2
-0.546793 1.777255 0.726327 2
-0.539588 1.803224 0.728975 2
-0.490973 1.808303 0.724146 2
-0.483531 1.834410 0.726830 2
-0.470343 1.857664 0.728500 2
-0.460909 1.882698 0.730857 2
-0.426943 1.896545 0.728954 2
-0.396631 1.912534 0.727777 2
0.762407 1.442777 0.533652 2
0.772394 1.481051 0.537881 2
0.774966 1.522221 0.543367 2
-0.285976 1.985074 0.725659 2
-0.233339 1.994526 0.721206 2
-0.100293 1.974791 0.703794 2
-0.076982 1.997648 0.704516 2
0.642365 1.775274 0.593962 2
0.669534 1.804893 0.595290 2
0.101756 2.031860 0.690003 2
0.291162 2.003767 0.665364 2
-1.287642 -0.915751 0.582511 7
-1.293507 -0.798171 0.593363 7
-1.251789 -0.792870 0.587567 7
-1.216140 -0.773660 0.583902 7
-1.183646 -0.747791 0.581313 7
-1.209996 -0.599563 0.597986 8
-1.185877 -0.560378 0.597852 8
-1.241113 -0.364534 0.622953 8
-1.228021 -0.309641 0.625862 8
-1.216399 -0.253704 0.629109 8
-1.220355 -0.170688 0.637011 6
-1.209530 -0.117386 0.640205 6
-1.184148 -0.091438 0.638929 6
-1.182300 -0.025150 0.644616 6
-1.167873 0.017731 0.646464 6
-1.135075 0.029117 0.642933 6
-1.097693 0.033359 0.638149 6
-1.042824 0.010479 0.628506 6
-0.995100 0.000435 0.621054 6
-0.985334 0.049286 0.624249 6
-0.905512 -0.007308 0.608187 6
-0.885159 0.025897 0.608558 6
-0.822946 -0.001171 0.597692 6
-0.793564 0.019611 0.595753 6
-0.709831 -0.034059 0.579574 6
-0.675186 -0.018803 0.576480 6
-0.623659 -0.025479 0.569101 6
-0.579811 -0.021088 0.563826 6
-0.706073 0.199111 0.601593 3
-0.654403 0.191043 0.594161 3
-0.632338 0.220136 0.594206 2
-0.743909 0.408200 0.627031 2
-0.736128 0.450408 0.630256 2
-0.750290 0.516964 0.638712 2
-0.725313 0.537823 0.637694 2
-0.728996 0.590290 0.643478 2
-0.722286 0.630354 0.646740 2
-0.728253 0.683153 0.652899 2
-0.700320 0.699534 0.651175 2
-0.703196 0.747532 0.656518 2
-0.706887 0.795352 0.661970 2
-0.703973 0.835708 0.665869 2
-0.674050 0.849387 0.663735 2
-0.669849 0.887651 0.667315 2
-0.688067 0.946040 0.675737 2
-0.654968 0.956486 0.672964 2
-0.649294 0.991786 0.676134 2
-0.669205 1.048911 0.684701 2
-0.646108 1.067900 0.684111 2
-0.637528 1.099197 0.686585 2
-0.643596 1.142201 0.692073 2
-0.609637 1.152129 0.689306 2
-0.626921 1.203060 0.697018 2
-0.604001 1.221730 0.696546 2
-0.629581 1.277392 0.705786 2
-0.594144 1.286333 0.702845 2
-0.605447 1.329911 0.709149 2
-0.547057 1.322857 0.701851 2
-0.613428 1.404354 0.718731 2
-0.581631 1.416160 0.716631 2
-0.584493 1.451692 0.721163 2
-0.565299 1.472201 0.721525 2
-0.542704 1.490626 0.721293 2
-0.553016 1.529989 0.727169 2
-0.582174 1.580292 0.736427 2
-0.516354 1.572119 0.728392 2
-0.545720 1.621490 0.737607 2
-0.533113 1.645497 0.739253 2
-0.498175 1.656867 0.736989 2
-0.545175 1.713993 0.749109 2
-0.509329 1.724926 0.746745 2
-0.474627 1.737031 0.744673 2
-0.475780 1.768123 0.748779 2
-0.545414 1.833282 0.764376 2
-0.471816 1.826229 0.755890 2
-0.472699 1.856286 0.759908 2
-0.403981 1.853562 0.752536 2
-0.366582 1.866424 0.750436 2
-0.386575 1.905326 0.757641 2
0.718760 1.457552 0.586097 2
0.699625 1.507483 0.594754 2
-0.260942 1.941805 0.749929 2
-0.222143 1.956581 0.748073 2
-0.108967 1.943210 0.734974 2
-0.075731 1.962140 0.734295 2
0.000085 1.966026 0.727342 2
0.626971 1.776271 0.639011 2
0.079409 2.002851 0.724710 2
0.292551 1.964529 0.698407 2
-1.272129 -0.835364 0.634939 7
-1.250284 -0.784683 0.635564 7
-1.195816 -0.807050 0.626031 7
-1.162061 -0.783261 0.622999 7
-1.196548 -0.617781 0.640501 8
-1.171671 -0.579935 0.639883 8
-1.262546 -0.313610 0.673155 8
-1.208101 -0.340214 0.663499 8
-1.196376 -0.284019 0.666256 8
-1.201290 -0.198845 0.673613 6
-1.191765 -0.142792 0.676734 6
-1.171041 -0.108225 0.676664 6
-1.167752 -0.044300 0.681330 6
-1.143826 -0.017237 0.680299 6
-1.105952 -0.013617 0.675548 6
-1.068468 -0.008744 0.670985 6
-1.032185 -0.001392 0.666819 6
-1.001852 0.015661 0.664267 6
-0.935617 -0.021661 0.652572 6
-0.891219 -0.024191 0.646639 6
-0.875346 0.015718 0.647971 6
-0.816053 -0.007059 0.638498 6
-0.772607 -0.005944 0.633105 6
-0.720491 -0.015885 0.625709 6
-0.652957 -0.045241 0.614746 6
-0.602227 -0.050458 0.608008 6
-0.581774 -0.015554 0.608559 6
-0.716364 0.214727 0.645390 3
-0.711832 0.264616 0.649287 2
-0.696423 0.300214 0.650624 2
-0.698939 0.356627 0.656027 2
-0.694173 0.403214 0.659703 2
-0.707117 0.469134 0.667283 2
-0.712478 0.524855 0.673063 2
-0.664640 0.520701 0.667091 2
-0.685794 0.592065 0.676238 2
-0.663239 0.615254 0.675830 2
-0.663179 0.661778 0.680252 2
-0.654471 0.698569 0.682790 2
-0.675328 0.764361 0.691503 2
-0.647404 0.780672 0.689955 2
-0.631247 0.808530 0.690884 2
-0.641069 0.860685 0.697126 2
-0.628163 0.890685 0.698691 2
-0.644748 0.947157 0.706171 2
-0.609270 0.956005 0.703205 2
-0.602048 0.990037 0.705889 2
-0.604817 1.032187 0.710511 2
-0.611724 1.077062 0.715887 2
-0.592939 1.099942 0.716276 2
-0.605313 1.147954 0.722620 2
-0.601069 1.181842 0.725758 2
-0.594693 1.213642 0.728481 2
-0.598732 1.253002 0.733125 2
-0.572174 1.268922 0.732112 2
-0.572932 1.305054 0.736127 2
-0.590120 1.352412 0.743076 2
-0.540069 1.351680 0.737932 2
-0.542362 1.387835 0.742193 2
-0.501306 1.394330 0.738818 2
-0.540625 1.454426 0.749527 2
-0.522084 1.475716 0.750122 2
-0.544015 1.522625 0.757667 2
-0.530434 1.546614 0.759116 2
-0.514998 1.569452 0.760278 2
-0.504422 1.595188 0.762280 2
-0.529919 1.641684 0.770235 2
-0.525915 1.670491 0.773288 2
-0.523182 1.699758 0.776544 2
-0.501751 1.718661 0.776804 2
-0.470414 1.732544 0.775546 2
-0.462130 1.758764 0.777992 2
-0.491800 1.803981 0.786354 2
-0.484616 1.830077 0.788941 2
-0.415921 1.826567 0.782160 2
-0.424554 1.860560 0.787254 2
-0.370139 1.865327 0.782887 2
0.616699 1.456721 0.640625 2
0.587433 1.510391 0.650218 2
-0.287436 1.919507 0.782403 2
-0.198329 1.913059 0.773557 2
-0.135127 1.918697 0.768653 2
-0.082718 1.929680 0.765451 2
-0.041968 1.945970 0.764024 2
0.594477 1.744861 0.680687 2
0.018362 1.988023 0.764409 2
0.220281 1.950526 0.741590 2
-1.259994 -0.851123 0.680028 7
-1.225640 -0.828334 0.676677 7
-1.197674 -0.791889 0.675150 7
-1.150629 -0.796959 0.668312 7
-1.196379 -0.608362 0.687034 8
-1.169172 -0.575699 0.685498 8
-1.258113 -0.314093 0.715044 8
-1.214895 -0.319070 0.708908 8
-1.193525 -0.281815 0.708594 8
-1.198478 -0.196930 0.715066 6
-1.184187 -0.149749 0.716450 6
-1.173207 -0.098046 0.718620 6
-1.145266 -0.077067 0.716481 6
-1.149706 -0.001639 0.722386 6
-1.110743 -0.000272 0.717524 6
-1.070469 -0.000309 0.712434 6
-1.024178 -0.009076 0.705995 6
-0.983040 -0.008716 0.700904 6
-0.918354 -0.043244 0.690372 6
-0.876518 -0.041641 0.685366 6
-0.845966 -0.022877 0.683059 6
-0.790728 -0.039183 0.675161 6
-0.739516 -0.048371 0.668329 6
-0.675551 -0.073765 0.658777 6
-0.641778 -0.056824 0.656110 6
-0.596253 -0.055094 0.650919 6
-0.573973 -0.022608 0.650898 6
-0.547687 0.004458 0.650025 6
-0.681568 0.229557 0.683416 3
-0.665741 0.265186 0.684508 2
-0.657898 0.309799 0.687274 2
-0.649860 0.353329 0.689967 2
-0.648984 0.404244 0.694108 2
-0.631980 0.435972 0.694902 2
-0.660663 0.517632 0.704951 2
-0.631367 0.534448 0.703216 2
-0.628446 0.579407 0.706779 2
-0.595903 0.592751 0.704469 2
-0.608282 0.652217 0.711001 2
-0.641505 0.731120 0.721482 2
-0.625338 0.759475 0.722331 2
-0.599779 0.778579 0.721410 2
-0.586461 0.809365 0.722844 2
-0.589537 0.855016 0.727350 2
-0.600952 0.907366 0.733355 2
-0.576593 0.926757 0.732723 2
-0.558828 0.952037 0.733338 2
-0.595344 1.023691 0.743770 2
-0.572538 1.043685 0.743451 2
-0.589621 1.096619 0.750245 2
-0.570028 1.118796 0.750519 2
-0.581987 1.165966 0.756320 2
-0.523773 1.157766 0.749955 2
-0.551037 1.215783 0.758362 2
-0.521583 1.230168 0.757052 2
-0.520100 1.265334 0.760509 2
-0.504870 1.290196 0.761663 2
-0.512566 1.331078 0.766625 2
-0.518651 1.370155 0.771283 2
-0.525115 1.408851 0.775967 2
-0.468166 1.405141 0.770444 2
-0.476264 1.444526 0.775413 2
-0.486513 1.484623 0.780683 2
-0.493306 1.521897 0.785371 2
-0.502687 1.560160 0.790427 2
-0.482793 1.580468 0.790963 2
-0.481270 1.611555 0.794331 2
-0.488059 1.647028 0.798943 2
-0.485122 1.676596 0.802080 2
-0.440897 1.683563 0.799136 2
-0.438820 1.713579 0.802459 2
-0.462302 1.756523 0.809472 2
-0.441809 1.776410 0.810125 2
-0.434047 1.802757 0.812633 2
0.592285 1.339631 0.672451 2
-0.416522 1.854200 0.817425 2
-0.387842 1.870709 0.817120 2
0.551887 1.481773 0.693159 2
-0.281588 1.883695 0.810179 2
-0.227665 1.891279 0.806828 2
-0.184482 1.904240 0.805043 2
-0.137653 1.916457 0.802907 2
-0.080621 1.925495 0.799593 2
0.019850 1.919117 0.790915 2
0.508299 1.772206 0.733710 2
0.211125 1.915653 0.775632 2
0.310828 1.915252 0.767907 2
-1.231593 -0.803494 0.726665 7
-1.171327 -0.838170 0.716655 7
-1.142286 -0.804048 0.714667 7
-1.190782 -0.610244 0.731907 8
-1.182263 -0.540011 0.734750 8
-1.153590 -0.512003 0.732615 8
-1.204772 -0.330632 0.749644 8
-1.192392 -0.276400 0.751210 8
-1.162354 -0.256315 0.748580 8
-1.116536 -0.264715 0.742323 8
-1.090487 -0.237187 0.740724 8
-1.089207 -0.167461 0.744781 8
-1.076453 -0.119260 0.746163 6
-1.120466 0.021137 0.760171 6
-1.063611 -0.006190 0.751624 6
-1.058714 0.050370 0.754604 6
-1.034511 0.075529 0.753343 6
-0.926576 -0.026224 0.734145 6
-0.877452 -0.035886 0.727810 6
-0.856667 -0.003207 0.727563 6
-0.787072 -0.040422 0.717148 6
-0.737717 -0.047106 0.711116 6
-0.678295 -0.066412 0.703143 6
-0.650523 -0.041726 0.701749 6
-0.611655 -0.031686 0.698164 6
-0.552120 -0.047726 0.690541 6
-0.523337 -0.023463 0.689145 6
-0.668659 0.216007 0.721869 3
-0.613664 0.204274 0.715176 3
-0.624254 0.271828 0.721232 2
-0.612074 0.311116 0.722866 2
-0.603877 0.354325 0.725247 2
-0.612265 0.415354 0.730718 2
-0.579976 0.430182 0.728570 2
-0.575902 0.475761 0.731679 2
-0.573797 0.522569 0.735122 2
-0.548899 0.544815 0.734415 2
-0.556342 0.600033 0.739547 2
-0.552776 0.643043 0.742668 2
-0.546675 0.682820 0.745321 2
-0.563967 0.744460 0.752047 2
-0.552399 0.777428 0.753698 2
-0.561966 0.829572 0.758982 2
-0.499148 0.814943 0.751906 2
-0.526443 0.881955 0.760177 2
-0.512096 0.910963 0.761389 2
-0.533013 0.969947 0.768459 2
-0.492315 0.975843 0.765336 2
-0.504030 1.025568 0.770836 2
-0.492306 1.055365 0.772505 2
-0.504800 1.104092 0.778058 2
-0.493250 1.133185 0.779753 2
-0.491122 1.169233 0.782942 2
-0.482293 1.199798 0.785081 2
-0.476979 1.232662 0.787772 2
-0.478045 1.269734 0.791439 2
-0.461217 1.293719 0.792384 2
-0.455564 1.325382 0.795040 2
-0.498554 1.389488 0.804918 2
-0.466506 1.402457 0.803637 2
-0.435113 1.416294 0.802531 2
-0.453828 1.462235 0.808730 2
-0.473574 1.507897 0.815017 2
-0.462078 1.533714 0.816824 2
-0.447082 1.557372 0.818165 2
-0.465322 1.600311 0.824153 2
-0.469111 1.634228 0.828101 2
-0.438387 1.648564 0.827343 2
-0.442410 1.682160 0.831341 2
-0.413935 1.698114 0.830998 2
-0.400669 1.722312 0.832735 2
-0.413224 1.759564 0.837876 2
-0.401792 1.784378 0.839885 2
-0.380755 1.804544 0.840699 2
-0.408431 1.847799 0.847725 2
0.471179 1.474537 0.741289 2
-0.287340 1.852772 0.839745 2
-0.234158 1.860147 0.836908 2
-0.178605 1.867462 0.833932 2
-0.148232 1.886154 0.834122 2
-0.078754 1.889574 0.829781 2
-0.011245 1.895049 0.825867 2
0.472296 1.743936 0.774155 2
0.144956 1.901893 0.816201 2
0.277914 1.887871 0.805528 2
-1.173328 -0.822729 0.765675 7
-1.137995 -0.802541 0.762044 7
-1.073076 -0.843528 0.751900 7
-1.153799 -0.588243 0.773912 8
-1.126116 -0.557359 0.771903 8
-1.195787 -0.339962 0.790860 8
-1.167603 -0.315445 0.788586 8
-1.135826 -0.297838 0.785588 8
-1.131901 -0.230238 0.788459 8
-1.090552 -0.230498 0.783524 8
-1.044271 -0.238423 0.777668 8
-1.064672 -0.133212 0.785460 6
-1.105217 0.001417 0.797161 6
-1.044133 -0.032360 0.788389 6
-1.030112 0.010173 0.789078 6
-1.023719 0.063486 0.791253 6
-0.891868 -0.074101 0.769055 6
-0.866793 -0.047305 0.767793 6
-0.842459 -0.019699 0.766705 6
-0.775219 -0.053305 0.757543 6
-0.717035 -0.072126 0.750251 6
-0.692561 -0.043369 0.749360 6
-0.666586 -0.016886 0.748226 6
-0.611153 -0.029174 0.741757 6
-0.553472 -0.042989 0.735013 6
-0.507386 -0.040761 0.730488 6
-0.460956 -0.038131 0.726003 6
-0.635575 0.233072 0.760580 3
-0.592544 0.236207 0.756562 3
-0.555866 0.247495 0.753741 2
-0.539627 0.282590 0.754507 2
-0.553402 0.350877 0.760401 2
-0.523944 0.369925 0.758927 2
-0.528155 0.425450 0.763147 2
-0.512905 0.459172 0.764098 2
-0.543204 0.539783 0.772563 2
-0.510381 0.553966 0.770621 2
-0.489174 0.580103 0.770628 2
-0.507866 0.645242 0.777070 2
-0.490406 0.674066 0.777694 2
-0.511716 0.739252 0.784456 2
-0.506439 0.778273 0.786989 2
-0.502734 0.818136 0.789764 2
-0.497828 0.856312 0.792348 2
-0.471849 0.875539 0.791725 2
-0.497109 0.938810 0.798883 2
-0.469730 0.956368 0.798096 2
-0.457346 0.986514 0.799590 2
-0.468533 1.035453 0.804564 2
-0.474965 1.079661 0.808807 2
-0.437277 1.088827 0.806666 2
-0.473080 1.154503 0.815108 2
-0.455110 1.178428 0.815841 2
-0.454964 1.215385 0.819112 2
-0.429489 1.233675 0.818860 2
-0.441263 1.278353 0.823791 2
-0.456314 1.324460 0.829133 2
-0.459381 1.361596 0.832814 2
-0.433822 1.379295 0.832659 2
-0.391285 1.386279 0.830321 2
-0.417159 1.437283 0.837052 2
-0.386417 1.452094 0.836372 2
-0.399539 1.493911 0.841401 2
-0.401211 1.528195 0.844941 2
-0.384176 1.551194 0.846123 2
-0.358906 1.569581 0.846324 2
-0.391564 1.620408 0.853728 2
-0.361888 1.636235 0.853451 2
-0.365396 1.670060 0.857254 2
-0.358315 1.697983 0.859788 2
-0.359000 1.729689 0.863260 2
-0.365495 1.763942 0.867412 2
-0.366359 1.795025 0.870901 2
-0.358455 1.821672 0.873393 2
-0.284703 1.817991 0.868489 2
-0.251757 1.834002 0.868330 2
-0.230708 1.855685 0.869575 2
-0.155408 1.854530 0.864981 2
-0.095925 1.861349 0.862294 2
-0.060894 1.879080 0.862368 2
0.440618 1.714705 0.813658 2
0.118329 1.874562 0.851529 2
0.212679 1.873111 0.846001 2
-1.149987 -0.862185 0.809202 7
-1.136552 -0.795045 0.809892 7
-1.082939 -0.812979 0.802689 7
-1.137016 -0.612765 0.816507 8
-1.138132 -0.524995 0.819883 8
-1.198916 -0.326032 0.834570 8
-1.163797 -0.315008 0.830875 8
-1.133319 -0.295194 0.828112 8
-1.112297 -0.258535 0.827155 8
-1.085815 -0.232257 0.825212 8
-1.034269 -0.249269 0.818731 8
-1.004036 -0.229021 0.816224 8
-1.047995 -0.087104 0.827084 6
-1.039449 -0.034689 0.828427 6
-1.006634 -0.021842 0.825475 6
-1.016969 0.057697 0.830137 6
-0.918326 -0.029599 0.815818 6
-0.860988 -0.051529 0.808861 6
-0.834447 -0.027185 0.807293 6
-0.773419 -0.051904 0.799930 6
-0.749037 -0.023868 0.798862 6
-0.678466 -0.059018 0.790139 6
-0.635165 -0.055512 0.786087 6
-0.627556 -0.004543 0.787975 6
-0.586056 0.001822 0.784351 6
-0.554177 0.020931 0.782364 6
-0.461934 -0.034301 0.770787 6
-0.396060 -0.054581 0.763611 6
-0.342315 -0.058750 0.758495 6
-0.517498 0.204727 0.789206 3
-0.487952 0.225301 0.787775 2
-0.476364 0.266112 0.789159 2
-0.501222 0.346330 0.796100 2
-0.468562 0.362412 0.794286 2
-0.455242 0.399239 0.795433 2
-0.463377 0.457842 0.799784 2
-0.476399 0.520118 0.804821 2
-0.480119 0.571660 0.808457 2
-0.438594 0.577836 0.805530 2
-0.451867 0.637348 0.810553 2
-0.418384 0.651444 0.808889 2
-0.466174 0.741093 0.818750 2
-0.424328 0.746936 0.815966 2
-0.455721 0.818657 0.823419 2
-0.422682 0.832319 0.821946 2
-0.418276 0.870900 0.824443 2
-0.432832 0.924863 0.829502 2
-0.417461 0.953037 0.830524 2
-0.378753 0.962210 0.828492 2
-0.417699 1.033484 0.836733 2
-0.405140 1.062944 0.838187 2
-0.403965 1.100872 0.841134 2
-0.401088 1.137002 0.843866 2
-0.377444 1.157476 0.843982 2
-0.407175 1.216387 0.850831 2
-0.379561 1.233629 0.850505 2
-0.382584 1.272257 0.854005 2
-0.380067 1.306581 0.856827 2
-0.359016 1.328263 0.857429 2
-0.344927 1.354573 0.858913 2
-0.327472 1.378689 0.860039 2
-0.376896 1.444329 0.869005 2
-0.308395 1.436649 0.864254 2
-0.363177 1.503608 0.873744 2
-0.320970 1.512379 0.872155 2
-0.342349 1.558008 0.877776 2
-0.310957 1.573387 0.877522 2
-0.316910 1.609497 0.881431 2
-0.264479 1.614090 0.879028 2
-0.276983 1.653340 0.883693 2
-0.237382 1.665534 0.882839 2
-0.265548 1.711916 0.889156 2
-0.253137 1.737704 0.891232 2
-0.258796 1.772008 0.895188 2
-0.235398 1.792520 0.896219 2
-0.223396 1.818401 0.898451 2
-0.196141 1.837613 0.899230 2
-0.130516 1.840829 0.896378 2
-0.085005 1.853598 0.895625 2
-0.008779 1.854721 0.892108 2
0.079963 1.852357 0.887638 2
0.209802 1.835994 0.879645 2
0.330061 1.825753 0.872868 2
-1.114105 -0.831786 0.853913 7
-1.079510 -0.809889 0.850409 7
-1.128189 -0.621223 0.861020 8
-1.105863 -0.579507 0.859585 8
-1.185877 -0.343101 0.875198 8
-1.182541 -0.272421 0.876833 8
-1.128948 -0.295974 0.870221 8
-1.096976 -0.279068 0.867234 8
-1.073777 -0.246774 0.865722 8
-1.028879 -0.252192 0.860770 8
-1.007934 -0.216499 0.859717 8
-1.045406 -0.085843 0.867919 6
-1.019777 -0.061049 0.866130 6
-1.013902 -0.005494 0.867460 6
-1.000789 0.037422 0.867672 6
-0.894176 -0.061443 0.853572 6
-0.870420 -0.033269 0.852308 6
-0.810727 -0.057361 0.845660 6
-0.753536 -0.076125 0.839512 6
-0.713013 -0.070165 0.835961 6
-0.683606 -0.048465 0.834133 6
-0.655825 -0.024588 0.832600 6
-0.600925 -0.036243 0.827178 6
-0.581114 -0.001577 0.826933 6
-0.549967 0.018378 0.825102 6
-0.444356 -0.053363 0.812754 6
-0.385715 -0.064640 0.807255 6
-0.381574 -0.009903 0.809502 6
-0.314773 -0.029208 0.803057 6
-0.275169 -0.015786 0.800500 6
-0.412896 0.196633 0.822246 3
-0.422428 0.261174 0.826318 2
-0.398193 0.287818 0.825830 2
-0.417018 0.359900 0.831133 2
-0.415875 0.409482 0.833753 2
-0.410772 0.454089 0.835856 2
-0.422134 0.514373 0.840110 2
-0.414789 0.554985 0.841929 2
-0.404774 0.592420 0.843422 2
-0.392003 0.626767 0.844589 2
-0.374139 0.656033 0.845146 2
-0.384204 0.710467 0.849223 2
-0.381363 0.752289 0.851687 2
-0.381655 0.796195 0.854543 2
-0.367271 0.826801 0.855622 2
-0.366476 0.868597 0.858370 2
-0.363181 0.907682 0.860826 2
-0.386677 0.967869 0.866455 2
-0.339220 0.970461 0.863743 2
-0.344803 1.015125 0.867283 2
-0.312974 1.030521 0.866526 2
-0.347019 1.095496 0.873326 2
-0.320499 1.114561 0.873247 2
-0.325809 1.156702 0.876777 2
-0.329594 1.197094 0.880135 2
-0.316696 1.225376 0.881672 2
-0.294128 1.247001 0.882202 2
-0.291214 1.281770 0.884891 2
-0.274763 1.307386 0.886165 2
-0.210773 1.302838 0.882513 2
-0.219904 1.344964 0.886580 2
-0.271016 1.411939 0.894932 2
-0.238126 1.427190 0.894679 2
-0.207616 1.444271 0.894751 2
-0.207739 1.479182 0.897933 2
-0.203679 1.511377 0.900717 2
-0.170217 1.527293 0.900684 2
-0.207595 1.581378 0.907498 2
-0.142114 1.580703 0.904548 2
-0.146811 1.616926 0.908293 2
-0.170307 1.662034 0.913768 2
-0.123704 1.672308 0.912846 2
-0.097584 1.693045 0.913882 2
-0.094057 1.724503 0.916990 2
-0.105932 1.762672 0.921463 2
-0.072976 1.780632 0.922074 2
-0.066343 1.810301 0.925010 2
-0.030744 1.827800 0.925562 2
0.022453 1.838702 0.924772 2
-1.119025 -0.810917 0.902791 7
-1.099898 -0.758050 0.901461 7
-1.026171 -0.815993 0.892327 7
-1.121486 -0.540214 0.907472 8
-1.108374 -0.483127 0.907070 8
-1.172145 -0.284387 0.917560 8
-1.122792 -0.300014 0.912066 8
-1.096062 -0.273826 0.909821 8
-1.062603 -0.259734 0.906694 8
-1.016872 -0.266404 0.901937 8
-1.001674 -0.220994 0.901453 8
-0.957484 -0.224102 0.897049 8
-1.001908 -0.084438 0.904738 6
-0.987863 -0.041406 0.904487 6
-0.988905 0.023799 0.906286 6
-0.893156 -0.058418 0.895219 6
-0.858642 -0.046308 0.892415 6
-0.813424 -0.049327 0.888274 6
-0.768400 -0.051134 0.884245 6
-0.748201 -0.017619 0.883520 6
-0.698047 -0.025298 0.878983 6
-0.659606 -0.016226 0.876040 6
-0.611495 -0.019284 0.871946 6
-0.590375 0.013220 0.871350 6
-0.515158 -0.022612 0.864028 6
-0.445017 -0.049926 0.857480 6
-0.423323 -0.016740 0.857047 6
-0.345557 -0.050355 0.849794 6
-0.311144 -0.031347 0.847963 6
-0.282139 -0.005935 0.846859 6
-0.201966 -0.037770 0.839689 6
-0.167305 -0.017462 0.838087 6
-0.360073 0.248024 0.863388 2
-0.367892 0.309072 0.866699 2
-0.334880 0.326431 0.865266 2
-0.345714 0.388676 0.868956 2
-0.321244 0.414291 0.868604 2
-0.320462 0.463084 0.870993 2
-0.352799 0.542813 0.877117 2
-0.343261 0.581014 0.878526 2
-0.320510 0.606498 0.878505 2
-0.289821 0.624763 0.877670 2
-0.279610 0.661524 0.879130 2
-0.283015 0.709751 0.882086 2
-0.253219 0.728675 0.881509 2
-0.272677 0.789243 0.886205 2
-0.247239 0.811479 0.886178 2
-0.251287 0.857683 0.889271 2
-0.237024 0.888587 0.890489 2
-0.221700 0.918470 0.891641 2
-0.194547 0.939185 0.891647 2
-0.231430 1.007967 0.898103 2
-0.194793 1.021217 0.897246 2
-0.176544 1.048177 0.898273 2
-0.174675 1.086641 0.900935 2
-0.175150 1.126242 0.903839 2
-0.153053 1.150060 0.904624 2
-0.170394 1.200095 0.909157 2
-0.137618 1.216676 0.909036 2
-0.107272 1.235210 0.909222 2
-0.140628 1.293698 0.915244 2
-0.070776 1.288043 0.911996 2
-0.106043 1.346391 0.918188 2
-0.108107 1.384055 0.921427 2
-0.065400 1.395726 0.920826 2
-0.070967 1.434999 0.924438 2
-0.096258 1.484505 0.929711 2
-0.049571 1.494640 0.928987 2
-0.025366 1.517261 0.930221 2
-0.032775 1.556204 0.934075 2
-0.023910 1.586535 0.936639 2
-1.111483 -0.816240 0.949649 7
-1.076749 -0.795408 0.946025 7
-1.037606 -0.783493 0.941948 7
-0.960976 -0.844315 0.933507 7
-1.075514 -0.537502 0.947724 8
-1.048545 -0.506996 0.945256 8
-1.119359 -0.299084 0.954313 8
-1.069435 -0.314373 0.949248 8
-1.054651 -0.267035 0.948352 8
-1.015312 -0.262768 0.944658 8
-1.015367 -0.192211 0.945584 8
-0.964879 -0.206320 0.940733 8
-0.996304 -0.088152 0.945340 6
-0.971841 -0.061532 0.943579 6
-0.972145 0.002742 0.944683 6
-0.889078 -0.059996 0.936409 6
-0.842874 -0.065186 0.932396 6
-0.791099 -0.077391 0.927843 6
-0.772815 -0.040973 0.927099 6
-0.718198 -0.055480 0.922392 6
-0.698176 -0.021617 0.921579 6
-0.631500 -0.050326 0.915724 6
-0.618509 -0.007002 0.915810 6
-0.581873 0.005254 0.913387 6
-0.500194 -0.038624 0.906208 6
-0.466050 -0.021419 0.904231 6
-0.447280 0.014600 0.903956 6
-0.357403 -0.034060 0.896252 6
-0.315019 -0.024767 0.893663 6
-0.281466 -0.004810 0.892077 6
-0.240355 0.006902 0.889786 6
-0.187036 0.005750 0.886332 6
-0.117395 -0.011945 0.881326 6
-0.068968 -0.005564 0.878588 6
-0.033135 0.014654 0.877211 6
-0.189670 0.230776 0.895010 2
-0.201433 0.295377 0.898332 2
-0.193372 0.339139 0.899723 2
-0.171959 0.369422 0.899856 2
-0.195794 0.442212 0.904395 2
-0.152491 0.451173 0.902522 2
-0.139937 0.488694 0.903647 2
-0.139664 0.536744 0.905966 2
-0.142739 0.586918 0.908619 2
-0.144292 0.634904 0.911150 2
-0.138590 0.675990 0.913040 2
-0.123466 0.708763 0.914112 2
-0.092401 0.728420 0.913808 2
-0.116178 0.791855 0.918433 2
-0.108569 0.829482 0.920290 2
-0.077677 0.848942 0.920165 2
-0.104964 0.912206 0.925108 2
-0.049254 0.913217 0.922981 2
-0.066405 0.967620 0.927094 2
-0.036336 0.987701 0.927279 2
-0.028337 1.023310 0.929353 2
-0.017615 1.056763 0.931245 2
-0.017274 1.096866 0.934012 2
-0.020093 1.138520 0.937054 2
-1.076914 -0.785080 0.993692 7
-1.039931 -0.769282 0.989896 7
-0.974111 -0.809415 0.983465 7
-0.934000 -0.798032 0.979522 7
-1.022713 -0.547055 0.987773 8
-1.104249 -0.319363 0.995427 8
-1.089946 -0.271036 0.994133 8
-1.032049 -0.299764 0.988808 8
-1.029412 -0.232522 0.988742 8
-0.976331 -0.251285 0.984008 8
-0.953742 -0.218792 0.982202 8
-0.931512 -0.186278 0.980494 6
-0.970954 -0.057948 0.984598 6
-0.955358 -0.018295 0.983620 6
-0.981296 0.082802 0.986549 6
-0.837377 -0.068924 0.973813 6
-0.791194 -0.073104 0.970215 6
-0.767934 -0.043956 0.968798 6
-0.747107 -0.011767 0.967666 6
-0.681510 -0.040720 0.962518 6
-0.662644 -0.005578 0.961702 6
-0.608990 -0.016303 0.957805 6
-0.538480 -0.047309 0.952484 6
-0.498194 -0.038352 0.949969 6
-0.470666 -0.013154 0.948668 6
-0.408413 -0.029909 0.944365 6
-0.360567 -0.028066 0.941431 6
-0.315724 -0.021877 0.938849 6
-0.269212 -0.016880 0.936211 6
-0.214669 -0.020092 0.932969 6
-0.184516 0.004535 0.931920 6
-0.118176 -0.009713 0.927863 6
-0.083258 0.010748 0.926580 6
-0.020780 0.002908 0.923064 6
0.029376 0.008919 0.920690 6
0.053363 0.041863 0.920584 6
0.132455 0.020701 0.916021 6
-0.024323 0.227972 0.930815 2
-0.014623 0.271665 0.931987 2
-0.021652 0.330240 0.934549 2
0.009996 0.352572 0.934063 2
-0.010453 0.421501 0.937758 2
0.540480 -0.010218 0.896885 6
0.580927 0.012948 0.896298 6
0.631167 0.028265 0.895059 6
0.689304 0.037769 0.893337 6
0.759096 0.038785 0.890868 6
0.822157 0.046435 0.889045 6
0.912398 0.034001 0.885364 6
-1.070983 -0.787190 1.040691 7
-1.026894 -0.785631 1.036433 7
-0.983704 -0.781553 1.032307 7
-0.942361 -0.773304 1.028383 7
-0.881657 -0.800436 1.023165 7
-0.842439 -0.786568 1.019533 7
-1.072825 -0.294575 1.035225 8
-1.039491 -0.280266 1.032255 0
-1.019702 -0.242798 1.030329 8
-0.971646 -0.253083 1.026440 8
-0.953727 -0.213135 1.024795 8
-0.903362 -0.225720 1.020873 8
-0.945741 -0.092323 1.023749 6
-0.959869 -0.006723 1.024654 6
-0.951652 0.042744 1.024006 6
-0.854734 -0.039125 1.016980 6
-0.795013 -0.063476 1.012728 6
-0.770255 -0.036784 1.011086 6
-0.713690 -0.054266 1.007209 6
-0.685819 -0.031372 1.005484 6
-0.641234 -0.030728 1.002623 6
-0.601803 -0.022549 1.000210 6
-0.556546 -0.021269 0.997455 6
-0.503804 -0.028549 0.994243 6
-0.444824 -0.042335 0.990672 6
-0.415880 -0.018491 0.989322 6
-0.371840 -0.012493 0.986979 6
-0.302439 -0.035226 0.982935 6
-0.283610 0.001403 0.982535 6
-0.226039 -0.005664 0.979504 6
-0.188810 0.010789 0.977980 6
-0.115541 -0.011156 0.974056 6
-0.071872 -0.000052 0.972273 6
-0.029382 0.012874 0.970660 6
0.003592 0.036015 0.969780 6
0.080970 0.015052 0.966006 6
0.134985 0.018791 0.963913 6
0.211275 0.002079 0.960454 6
0.221843 0.049034 0.961433 6
0.309795 0.023794 0.957445 6
0.363790 0.031451 0.955792 6
0.438634 0.021422 0.952920 6
0.492563 0.031232 0.951509 6
0.583142 0.010475 0.947917 6
0.628007 0.030186 0.947322 6
0.683846 0.041370 0.946161 6
0.715390 0.073086 0.946599 6
0.813073 0.052411 0.943153 6
0.900356 0.041966 0.940507 6
-0.963449 -0.811561 1.079112 7
-0.923538 -0.800091 1.075376 7
-0.901649 -0.754947 1.072568 7
-1.105929 -0.301981 1.080739 0
-1.082067 -0.271386 1.078212 0
-1.051066 -0.253689 1.075416 0
-1.014364 -0.245628 1.072407 8
-0.961064 -0.264652 1.068626 8
-0.946477 -0.219244 1.066876 8
-0.902341 -0.221898 1.063691 8
-0.855784 -0.227416 1.060443 8
-0.908228 -0.080859 1.062442 6
-0.960246 0.059966 1.064546 6
-0.838641 -0.058413 1.057575 6
-0.822902 -0.019311 1.056259 6
-0.758693 -0.049171 1.052435 6
-0.751376 0.001450 1.051717 6
-0.702707 -0.005027 1.048860 6
-0.670438 0.011327 1.046954 6
-0.617306 0.000739 1.044000 6
-0.569478 -0.001833 1.041404 6
-0.507069 -0.021698 1.038100 6
-0.464875 -0.015117 1.035960 6
-0.431156 0.002314 1.034352 6
-0.356168 -0.028786 1.030615 6
-0.299737 -0.036287 1.027958 6
-0.269011 -0.013327 1.026755 6
-0.249869 0.022657 1.026245 6
-0.179900 0.002571 1.023128 6
-0.114154 -0.011259 1.020331 6
-0.082102 0.011960 1.019395 6
-0.040617 0.025557 1.018052 6
0.016211 0.024078 1.016005 6
0.082602 0.014152 1.013567 6
0.141808 0.012680 1.011604 6
0.184591 0.028109 1.010580 6
0.217532 0.053336 1.010145 6
0.298192 0.034605 1.007420 6
0.360217 0.034612 1.005746 6
0.433379 0.025858 1.003643 6
0.500095 0.024245 1.001982 6
0.621651 -0.023113 0.997811 6
0.636327 0.022453 0.998904 6
0.699087 0.027895 0.997813 6
0.722757 0.066069 0.998667 6
0.802152 0.059854 0.997049 6
0.869368 0.064697 0.996134 6
-1.146063 -0.295665 1.126239 0
-1.132397 -0.247102 1.123737 0
-1.074828 -0.277379 1.120195 0
-1.027655 -0.287645 1.116958 0
-0.988594 -0.282990 1.113997 8
-0.959933 -0.260534 1.111404 8
-0.932413 -0.236372 1.108926 8
-0.975976 -0.099582 1.108721 6
-0.952674 -0.071553 1.106592 6
-0.925179 -0.050275 1.104412 6
-0.919188 0.003020 1.103012 6
-0.830157 -0.066515 1.098950 6
-0.780722 -0.075740 1.096239 6
-0.771627 -0.027092 1.094966 6
-0.740140 -0.010393 1.093012 6
-0.684766 -0.025809 1.090297 6
-0.668920 0.012575 1.089036 6
-0.612231 -0.002768 1.086408 6
-0.554921 -0.017478 1.083822 6
-0.511276 -0.013684 1.081795 6
-0.443593 -0.038654 1.078974 6
-0.409708 -0.021117 1.077447 6
-0.361761 -0.019945 1.075490 6
-0.315770 -0.015638 1.073683 6
-0.285315 0.007100 1.072523 6
-0.224644 -0.003789 1.070345 6
-0.195559 0.021263 1.069400 6
-0.113740 -0.010317 1.066626 6
-0.104658 0.036960 1.066576 6
-0.050443 0.036773 1.064980 6
0.024985 0.016052 1.062715 6
0.064471 0.032953 1.061835 6
0.144026 0.011076 1.059623 6
0.225776 -0.011031 1.057444 6
0.250024 0.022959 1.057395 6
0.288218 0.043909 1.056948 6
0.359617 0.035076 1.055452 6
0.409385 0.046982 1.054813 6
0.485435 0.036649 1.053391 6
0.568847 0.021586 1.051850 6
0.644433 0.014896 1.050702 6
0.694040 0.031161 1.050536 6
0.765184 0.030655 1.049789 6
0.774492 0.080602 1.051142 6
0.865465 0.066345 1.050017 6
-1.164851 -0.253699 1.168218 0
-1.115480 -0.270563 1.165275 0
-1.082008 -0.257944 1.162417 0
-1.041074 -0.257972 1.159592 0
-0.980269 -0.290768 1.156690 0
-0.953863 -0.264586 1.154063 0
-0.920325 -0.250241 1.151466 0
-0.883029 -0.241650 1.148906 8
-0.838620 -0.243655 1.146336 8
-0.825930 -0.196529 1.144202 8
-0.840077 -0.110478 1.142527 6
-0.807823 -0.094826 1.140372 6
-0.820729 -0.014320 1.138944 6
-0.732827 -0.077698 1.136133 6
-0.739848 -0.007139 1.134818 6
-0.684983 -0.022033 1.132617 6
-0.657479 0.000687 1.130929 6
-0.610450 -0.001989 1.128983 6
-0.557284 -0.011542 1.126993 6
-0.509557 -0.013086 1.125163 6
-0.467668 -0.006552 1.123510 6
-0.410185 -0.018140 1.121637 6
-0.371621 -0.006079 1.120194 6
-0.343621 0.018670 1.119036 6
-0.294859 0.019819 1.117556 6
-0.250639 0.026913 1.116243 6
-0.193481 0.020525 1.114755 6
-0.092770 -0.031453 1.112477 6
-0.085966 0.018460 1.112159 6
-0.041495 0.028558 1.111175 6
0.018619 0.023404 1.109966 6
0.072855 0.025320 1.108966 6
0.136922 0.018591 1.107862 6
0.197317 0.016697 1.106928 6
0.263005 0.010970 1.105989 6
0.328511 0.006729 1.105157 6
0.386820 0.010308 1.104571 6
0.415139 0.041616 1.104671 6
0.513804 0.011451 1.103525 6
0.565317 0.024042 1.103397 6
0.665712 -0.003749 1.102472 6
0.707409 0.019222 1.102761 6
0.748685 0.042954 1.103165 6
0.798458 0.060339 1.103530 6
-1.176873 -0.297901 1.213023 0
-1.162313 -0.251075 1.209661 0
-1.111952 -0.269861 1.207173 0
-1.072136 -0.268560 1.204500 0
-1.014557 -0.297121 1.202175 0
-0.986933 -0.273265 1.199395 0
-0.930101 -0.297795 1.197105 0
-0.877764 -0.313273 1.194769 0
-0.831101 -0.318347 1.192399 0
-0.812927 -0.278251 1.189810 0
-0.749839 -0.307163 1.187705 0
-0.716819 -0.289351 1.185404 0
-0.640598 -0.334435 1.183442 0
-0.617918 -0.300329 1.181214 8
-0.727620 -0.081070 1.178568 6
-0.721039 -0.029352 1.176619 6
-0.692844 -0.007956 1.174841 6
-0.637810 -0.022057 1.173187 6
-0.605020 -0.005943 1.171561 6
-0.554830 -0.011745 1.170017 6
-0.500074 -0.022181 1.168529 6
-0.470892 -0.000040 1.167125 6
-0.390014 -0.039983 1.165725 6
-0.339890 -0.041279 1.164426 6
-0.310662 -0.017439 1.163248 6
-0.252822 -0.026056 1.162079 6
-0.212262 -0.014163 1.161033 6
-0.175979 0.002915 1.160086 6
-0.114530 -0.006696 1.159132 6
-0.082110 0.015607 1.158368 6
-0.035006 0.022892 1.157635 6
0.016406 0.026536 1.156970 6
0.100182 -0.001183 1.156249 6
0.176631 -0.019678 1.155646 6
0.197428 0.016994 1.155386 6
0.250164 0.023311 1.155077 6
0.333456 0.002238 1.154727 6
0.393174 0.004460 1.154584 6
0.447177 0.012839 1.154571 6
0.519291 0.006246 1.154584 6
0.609230 -0.014197 1.154633 6
0.674056 -0.011514 1.154906 6
0.728726 0.000712 1.155335 6
0.958182 -0.127880 1.155233 6
-1.223616 -0.276352 1.256964 0
-1.198175 -0.250325 1.253678 0
-1.152717 -0.261389 1.251409 0
-1.104886 -0.275499 1.249257 0
-1.070377 -0.264890 1.246572 0
-1.021657 -0.278384 1.244507 0
-0.970018 -0.295460 1.242565 0
-0.939012 -0.277093 1.239914 0
-0.896950 -0.276526 1.237716 0
-0.833811 -0.308488 1.236230 0
-0.788774 -0.310349 1.234192 0
-0.754132 -0.295561 1.231908 0
-0.721760 -0.277165 1.229645 0
-0.653160 -0.311450 1.228393 0
-0.620575 -0.292115 1.226265 0
-0.571594 -0.295642 1.224603 8
-0.525583 -0.294094 1.222930 8
-0.527899 -0.226646 1.220311 8
-0.614944 -0.048972 1.216173 6
-0.603172 -0.005245 1.214215 6
-0.565463 0.004692 1.212843 6
-0.512274 -0.004213 1.211811 6
-0.477781 0.010947 1.210522 6
-0.425321 0.004830 1.209596 6
-0.364782 -0.009703 1.208851 6
-0.313659 -0.011916 1.208021 6
-0.259117 -0.017017 1.207305 6
-0.217954 -0.006104 1.206475 6
-0.188724 0.018393 1.205573 6
-0.120823 0.001440 1.205248 6
-0.072203 0.006384 1.204753 6
-0.013045 0.001234 1.204464 6
0.003213 0.040809 1.203760 6
0.082028 0.017630 1.203862 6
0.150611 0.006335 1.203925 6
0.226103 -0.010123 1.204146 6
0.277780 -0.002462 1.204198 6
0.334201 0.001631 1.204397 6
0.388699 0.008440 1.204672 6
0.472107 -0.009612 1.205348 6
0.523289 0.002342 1.205791 6
0.578397 0.011679 1.206381 6
0.954450 -0.248334 1.210419 1
1.042277 -0.259247 1.211591 1
1.108284 -0.250685 1.212661 1
-1.255931 -0.281104 1.301086 0
-1.233476 -0.249597 1.297380 0
-1.200998 -0.237496 1.294524 0
-1.131825 -0.292302 1.294247 0
-1.089415 -0.296138 1.292095 0
-1.057974 -0.279861 1.289282 0
-1.031366 -0.255237 1.286264 0
-0.973553 -0.283248 1.285173 0
-0.936188 -0.275738 1.282906 0
-0.872527 -0.310087 1.282121 0
-0.844248 -0.286469 1.279460 0
-0.814704 -0.264958 1.276966 0
-0.740722 -0.310790 1.276715 0
-0.717569 -0.278562 1.274043 0
-0.670284 -0.281885 1.272578 0
-0.622916 -0.284367 1.271160 0
-0.592109 -0.262747 1.269095 0
-0.529094 -0.285287 1.268436 0
-0.486935 -0.278046 1.266968 0
-0.482090 -0.220965 1.264147 0
-0.493739 -0.143816 1.260874 0
-0.516532 -0.054550 1.257388 6
-0.506301 -0.008921 1.255258 6
-0.466523 -0.000271 1.254260 6
-0.404152 -0.018190 1.254081 6
-0.338347 -0.038610 1.254049 6
-0.341648 0.022482 1.251881 6
-0.281319 0.010052 1.251809 6
-0.223482 0.001765 1.251713 6
-0.175703 0.005701 1.251381 6
-0.135339 0.018391 1.250910 6
-0.062176 -0.002958 1.251449 6
-0.021464 0.010989 1.251143 6
0.025750 0.018825 1.251103 6
0.094534 0.005902 1.251728 6
0.144464 0.012911 1.251924 6
0.210276 0.005473 1.252624 6
0.294436 -0.017908 1.253882 6
0.339335 -0.003035 1.254209 6
0.372782 0.022805 1.254344 6
0.467098 -0.005396 1.256121 6
0.806868 -0.246011 1.264145 1
0.872765 -0.241495 1.265367 1
0.954256 -0.248973 1.267092 1
1.041443 -0.259544 1.269074 1
1.098808 -0.244167 1.270436 1
1.205532 -0.267243 1.273149 1
-1.278272 -0.304937 1.346080 0
-1.269552 -0.246312 1.340663 0
-1.216221 -0.274660 1.339857 0
-1.181580 -0.266193 1.337221 0
-1.134464 -0.280133 1.335788 0
-1.102917 -0.264954 1.332973 0
-1.058871 -0.271521 1.331310 0
-1.018265 -0.271187 1.329381 0
-0.964027 -0.292947 1.328579 0
-0.920150 -0.296055 1.326952 0
-0.881624 -0.289667 1.324958 0
-0.847335 -0.276085 1.322717 0
-0.819606 -0.252140 1.320095 0
-0.747265 -0.295801 1.320629 0
-0.714486 -0.278306 1.318471 0
-0.675405 -0.269835 1.316809 0
-0.618477 -0.286292 1.316336 0
-0.567328 -0.293204 1.315520 0
-0.516619 -0.298398 1.314713 0
-0.524592 -0.223675 1.310548 0
-0.505204 -0.186991 1.308142 0
-0.487640 -0.148470 1.305766 0
-0.514671 -0.053949 1.301121 0
-0.472052 -0.048822 1.300377 0
-0.390334 -0.090794 1.301708 6
-0.397655 -0.023579 1.298539 6
-0.378705 0.011121 1.296840 6
-0.327345 0.007995 1.296825 6
-0.267343 -0.003918 1.297275 6
-0.227608 0.008066 1.296826 6
-0.154237 -0.016201 1.297998 6
-0.115639 -0.001356 1.297638 6
-0.056902 -0.007289 1.298258 6
0.000722 -0.010881 1.298893 6
0.050247 -0.005134 1.299248 6
0.109582 -0.008351 1.300102 6
0.141533 0.016342 1.299879 6
0.210321 0.005835 1.301290 6
0.279412 -0.003512 1.302786 6
0.320731 0.014248 1.303229 6
0.468237 -0.063913 1.308061 1
0.731321 -0.241038 1.317564 1
0.788143 -0.230080 1.318843 1
0.877121 -0.245855 1.321506 1
0.957279 -0.252321 1.323922 1
1.012177 -0.236336 1.325456 1
1.103427 -0.249080 1.328532 1
1.190334 -0.256503 1.331556 1
-1.311552 -0.306464 1.389998 0
-1.308697 -0.235779 1.383149 0
-1.267287 -0.242584 1.381459 0
-1.217437 -0.264448 1.380796 0
-1.183353 -0.255312 1.378224 0
-1.134799 -0.272198 1.377369 0
-1.093520 -0.274682 1.375680 0
-1.053236 -0.274593 1.373909 0
-1.016951 -0.266940 1.371757 0
-0.953390 -0.304455 1.372427 0
-0.914514 -0.299257 1.370580 0
-0.877831 -0.289980 1.368578 0
-0.845526 -0.273421 1.366237 0
-0.821472 -0.244030 1.363241 0
-0.770484 -0.255675 1.362752 0
-0.706391 -0.285460 1.363399 0
-0.677958 -0.261536 1.361009 0
-0.615716 -0.285817 1.361501 0
-0.589676 -0.257826 1.359076 0
-0.533131 -0.271806 1.359156 0
-0.514471 -0.233554 1.356353 0
-0.515429 -0.170056 1.352228 0
-0.510812 -0.115295 1.348713 0
-0.504106 -0.064381 1.345525 0
-0.471923 -0.046204 1.344293 0
-0.127210 -0.409347 1.364686 8
-0.076366 -0.406077 1.364499 8
-0.042649 -0.381809 1.363242 8
-0.032465 -0.330283 1.360559 8
0.083064 -0.398992 1.364798 8
-0.184892 -0.037727 1.344762 6
-0.151463 -0.017673 1.344163 6
-0.124128 0.009124 1.343288 6
-0.072603 0.010451 1.343981 6
0.034657 -0.044869 1.348066 6
0.041632 0.004497 1.346235 6
0.087118 0.014742 1.346785 6
0.399613 -0.235297 1.362779 1
0.439745 -0.213864 1.363038 1
0.423002 -0.138505 1.360201 1
0.417307 -0.074965 1.358150 1
0.471025 -0.066527 1.359541 1
0.497773 -0.033218 1.359546 1
0.799736 -0.240659 1.374687 1
0.878014 -0.247243 1.377630 1
0.940065 -0.238621 1.379797 1
1.023665 -0.246817 1.383233 1
1.104028 -0.250734 1.386602 1
1.202913 -0.267876 1.391069 1
1.254849 -0.246275 1.393158 1
-1.351795 -0.822791 1.491014 0
-1.310098 -0.822939 1.488015 0
-1.352526 -0.291040 1.432414 0
-1.319984 -0.280402 1.429454 0
-1.295621 -0.253320 1.425313 0
-1.249001 -0.269951 1.424646 0
-1.215505 -0.260242 1.422031 0
-1.176247 -0.260948 1.420298 0
-1.145786 -0.244935 1.417388 0
-1.084980 -0.282829 1.418609 0
-1.053396 -0.267553 1.415927 0
-1.042160 -0.217506 1.410776 0
-0.974738 -0.262537 1.412740 0
-0.937607 -0.255478 1.410948 0
-0.903019 -0.243877 1.408921 0
-0.837776 -0.280073 1.410452 0
-0.780764 -0.301400 1.410981 0
-0.750661 -0.280535 1.408562 0
-0.719699 -0.260955 1.406341 0
-0.673086 -0.264008 1.405841 0
-0.623534 -0.270306 1.405670 0
-0.573345 -0.276423 1.405583 0
-0.534224 -0.266344 1.404450 0
-0.538444 -0.197690 1.399276 0
-0.548728 -0.122801 1.393776 0
-0.537150 -0.078096 1.390521 0
-0.539849 -0.016142 1.386152 0
-0.479223 -0.034356 1.387556 0
0.439473 -0.729907 1.440503 1
0.457486 -0.680518 1.438081 1
0.486197 -0.643238 1.436658 1
0.467017 -0.555799 1.431715 1
0.448563 -0.471129 1.427061 1
0.456565 -0.415200 1.424606 1
0.464460 -0.360051 1.422314 1
0.443750 -0.277807 1.418099 1
0.425302 -0.199573 1.414253 1
0.453946 -0.167392 1.413971 1
0.441695 -0.097429 1.410914 1
0.442228 -0.040472 1.408929 1
0.479285 -0.016993 1.409649 1
0.525539 -0.001264 1.411119 1
0.893347 -0.261031 1.434836 1
0.956070 -0.252910 1.437510 1
1.026235 -0.249927 1.440801 1
1.087698 -0.238646 1.443612 1
1.186689 -0.256311 1.449071 1
1.271110 -0.260525 1.453653 1
1.339270 -0.250668 1.457264 1
1.352721 1.282225 1.488039 1
1.304870 1.347192 1.487226 1
1.280931 1.401535 1.488251 1
1.231180 1.464787 1.487387 1
1.261934 1.497157 1.492715 1
1.341650 1.512409 1.501972 1
-1.362365 -0.784007 1.533944 0
-1.369374 -0.671280 1.520502 0
-1.376898 -0.562202 1.507654 0
-1.361416 -0.508941 1.500238 0
-1.365462 -0.415059 1.489229 0
-1.336560 -0.394831 1.485184 0
-1.340558 -0.306626 1.475057 0
-1.329895 -0.251462 1.468110 0
-1.277890 -0.279964 1.468839 0
-1.268582 -0.223849 1.462054 0
-1.202190 -0.277588 1.465182 0
-1.169233 -0.266368 1.462600 0
-1.133948 -0.259140 1.460467 0
-1.093488 -0.260683 1.459198 0
-1.041125 -0.282111 1.459752 0
-1.003374 -0.277071 1.458084 0
-0.975985 -0.254240 1.454975 0
-0.934727 -0.254218 1.453940 0
-0.890994 -0.257401 1.453275 0
-0.850830 -0.254106 1.452151 0
-0.798291 -0.269171 1.452695 0
-0.781063 -0.229722 1.448688 0
-0.719155 -0.256951 1.450467 0
-0.668502 -0.266047 1.450801 0
-0.614781 -0.278337 1.451510 0
-0.592381 -0.245747 1.448522 0
-0.576695 -0.204402 1.444906 0
-0.570682 -0.150833 1.440365 0
-0.579975 -0.078337 1.434330 0
-0.575207 -0.025856 1.430094 0
-0.511359 -0.049257 1.432402 0
-0.463836 -0.050691 1.432962 0
0.477610 -0.770140 1.500522 1
0.514324 -0.740604 1.499569 1
0.521041 -0.678866 1.495939 1
0.491476 -0.580065 1.489153 1
0.488178 -0.510792 1.485050 1
0.499532 -0.457724 1.482486 1
0.495632 -0.390246 1.478734 1
0.483356 -0.315875 1.474441 1
0.486705 -0.258033 1.471728 1
0.456882 -0.169898 1.466309 1
0.489280 -0.141339 1.466471 1
0.470861 -0.066545 1.462418 1
0.456004 0.003507 1.458858 1
0.526016 -0.002092 1.462617 1
0.852188 -0.226311 1.487846 1
0.850643 -0.164843 1.485688 1
0.908109 -0.153173 1.488567 1
0.911436 -0.096669 1.487115 1
0.950351 -0.069305 1.488727 1
0.971081 -0.027409 1.488990 1
0.971026 0.030218 1.487712 1
0.968499 0.088899 1.486388 1
0.987926 0.130509 1.486980 1
0.989644 0.184743 1.486289 1
1.025812 0.213802 1.488500 1
1.032384 0.263773 1.488476 1
1.026702 0.321604 1.487612 1
1.030519 0.372240 1.487644 1
1.022702 0.429969 1.486882 1
1.001551 0.495449 1.485190 1
1.051223 0.515072 1.489272 1
1.015152 0.588395 1.486646 1
1.020405 0.635196 1.487440 1
1.035025 0.676014 1.489107 1
0.988972 0.751909 1.486036 1
1.002963 0.791998 1.487892 1
0.971711 0.857115 1.486226 1
1.027637 0.873492 1.491705 1
0.967944 0.952360 1.487952 1
0.946965 1.009182 1.487428 1
0.940245 1.057809 1.488164 1
0.897168 1.123977 1.486020 1
0.889117 1.171696 1.486837 1
0.851623 1.232848 1.485312 1
0.900548 1.252631 1.491056 1
0.852196 1.317252 1.488798 1
0.841158 1.363939 1.489738 1
0.791059 1.426905 1.487454 1
0.761412 1.479851 1.486958 1
0.803730 1.502329 1.492706 1
0.915780 1.497543 1.504629 1
0.970157 1.517260 1.511762 1
1.074319 1.518976 1.523430 1
1.212796 1.509939 1.538370 1
1.331276 1.510631 1.551820 1
-1.362452 -0.675032 1.566002 0
-1.378129 -0.547812 1.550081 0
-1.355246 -0.511642 1.544001 0
-1.371674 -0.391278 1.529249 0
-1.374206 -0.305267 1.518305 0
-1.379554 -0.216719 1.507285 0
-1.354763 -0.192429 1.503065 0
-1.368669 -0.092131 1.491169 0
-1.344921 -0.068338 1.487260 0
-1.289486 -0.104788 1.489577 0
-1.246566 -0.115874 1.489385 0
-1.212823 -0.109218 1.487487 0
-1.160407 -0.135220 1.488963 0
-1.112607 -0.151446 1.489535 0
-1.063437 -0.168627 1.490287 0
-1.044740 -0.133741 1.485944 0
-0.995330 -0.149566 1.486749 0
-0.955293 -0.149078 1.486030 0
-0.899801 -0.172044 1.487729 0
-0.870716 -0.152885 1.485365 0
-0.803995 -0.190277 1.488685 0
-0.786833 -0.152433 1.484693 0
-0.716757 -0.191729 1.488407 0
-0.697789 -0.156314 1.484875 0
-0.643520 -0.170520 1.486340 0
-0.592139 -0.179449 1.487400 0
-0.553971 -0.169552 1.486721 0
-0.575105 -0.081365 1.478428 0
-0.599284 0.008277 1.470082 0
-0.548781 0.001010 1.471426 0
0.516209 -0.810837 1.561904 1
0.519198 -0.743985 1.557183 1
0.534745 -0.691835 1.554080 1
0.525163 -0.614005 1.548438 1
0.536983 -0.559908 1.545351 1
0.517648 -0.475045 1.539144 1
0.501721 -0.395475 1.533555 1
0.519217 -0.350270 1.531689 1
0.503892 -0.274072 1.526603 1
0.518560 -0.227716 1.524807 1
0.506521 -0.157193 1.520469 1
0.530748 -0.120989 1.519979 1
0.492554 -0.029313 1.513410 1
0.531331 -0.007154 1.514686 1
0.496798 0.078324 1.508879 1
0.507320 0.123855 1.507678 1
0.504785 0.179685 1.505359 1
0.540393 0.203645 1.506878 1
0.542781 0.254383 1.505328 1
0.509818 0.332091 1.500555 1
0.524850 0.371242 1.500517 1
0.512339 0.430871 1.498004 1
0.526599 0.469665 1.498166 1
0.501703 0.536593 1.494775 1
0.541933 0.555856 1.497637 1
0.508893 0.626719 1.493761 1
0.528492 0.660066 1.494939 1
0.537093 0.700730 1.495213 1
0.519889 0.758025 1.493209 1
0.513316 0.807466 1.492319 1
0.538074 0.836409 1.494460 1
0.531565 0.884825 1.493813 1
0.487110 0.955595 1.489757 1
0.514691 0.981970 1.492507 1
0.538671 1.010653 1.495038 1
0.526620 1.059994 1.494328 1
0.546857 1.090593 1.496737 1
0.520228 1.146828 1.494877 1
0.496573 1.200429 1.493392 1
0.504315 1.236675 1.494950 1
0.518981 1.269177 1.497266 1
0.500549 1.318167 1.496564 1
0.511184 1.352189 1.498707 1
0.513941 1.389854 1.500206 1
0.514438 1.428290 1.501590 1
0.537898 1.455967 1.505275 1
0.560729 1.484115 1.509017 1
0.616990 1.497977 1.516116 1
0.715423 1.494948 1.527474 1
0.756332 1.517387 1.533398 1
0.883223 1.505939 1.547933 1
1.005276 1.498760 1.562233 1
-1.379181 -0.285141 1.557426 0
-1.360416 -0.247155 1.551358 0
-1.377872 -0.137227 1.537114 0
-1.363291 -0.094670 1.530810 0
-1.360704 -0.030233 1.522126 0
-1.354676 0.025558 1.514571 0
-1.360632 0.101680 1.504832 0
-1.373557 0.187771 1.494101 0
-1.377654 0.255267 1.485616 0
-1.336685 0.242620 1.486309 0
-1.294171 0.228488 1.487251 0
-1.250866 0.214241 1.488289 0
-1.220166 0.221688 1.486974 0
-1.174277 0.205280 1.488432 0
-1.150116 0.224091 1.486031 0
-1.110530 0.219208 1.486383 0
-1.061449 0.200929 1.488333 0
-1.023658 0.200639 1.488366 0
-0.990123 0.207180 1.487735 0
-0.943907 0.196213 1.489170 0
-0.925364 0.224774 1.486275 0
-0.889778 0.229751 1.486129 0
-0.837326 0.212716 1.488569 0
-0.816085 0.237957 1.486358 0
-0.747661 0.202280 1.491135 0
-0.736740 0.241277 1.487583 0
-0.673579 0.214842 1.491565 0
-0.679174 0.273783 1.485944 0
-0.624768 0.259679 1.488765 0
-0.603153 0.285307 1.487153 0
-0.556189 0.281608 1.489032 0
-0.523082 0.294493 1.489121 0
0.524856 -0.058351 1.568655 1
0.512128 0.009237 1.564216 1
0.504352 0.071271 1.560537 1
0.495952 0.132727 1.556976 1
0.535472 0.153419 1.558939 1
0.519138 0.219907 1.554828 1
0.518687 0.272451 1.552650 1
0.510733 0.330101 1.549811 1
0.501097 0.388082 1.546952 1
0.497715 0.440366 1.544934 1
0.502298 0.485982 1.543928 1
0.519651 0.521801 1.544439 1
0.544625 0.552036 1.545899 1
0.535085 0.606431 1.543786 1
0.525117 0.660256 1.541770 1
0.529886 0.703335 1.541465 1
0.526748 0.751180 1.540448 1
0.542421 0.786254 1.541560 1
0.525557 0.841782 1.539341 1
0.500173 0.901647 1.536348 1
0.495452 0.947827 1.535669 1
0.520026 0.975979 1.538216 1
0.514986 1.021527 1.537741 1
0.542715 1.047801 1.540857 1
0.510411 1.107838 1.537721 1
0.503088 1.153021 1.537346 1
0.503627 1.193413 1.537916 1
0.519403 1.225446 1.540219 1
0.548114 1.250837 1.544018 1
0.510027 1.309934 1.540788 1
0.502884 1.352667 1.540965 1
0.525554 1.380642 1.544449 1
0.535190 1.414865 1.546644 1
0.487776 1.474968 1.542771 1
0.510904 1.502335 1.546628 1
0.595823 1.503081 1.557347 1
-1.357154 -0.029441 1.560906 0
-1.372009 0.065339 1.547879 0
-1.372111 0.129551 1.538875 0
-1.360584 0.170725 1.532909 0
-1.375810 0.257944 1.521248 0
-1.367957 0.302321 1.515110 0
-1.379873 0.378894 1.505029 0
-1.346165 0.377397 1.504869 0
-1.381135 0.487986 1.490727 0
-1.371347 0.523578 1.486102 0
-1.338045 0.521690 1.486271 0
-1.282441 0.486380 1.490724 0
-1.251000 0.489232 1.490481 0
-1.222584 0.497019 1.489713 0
-1.175898 0.478792 1.492310 0
-1.173450 0.524392 1.486976 0
-1.139102 0.524661 1.487440 0
-1.110474 0.533323 1.486944 0
-1.064412 0.519023 1.489453 0
-1.065102 0.567124 1.484157 0
-0.986327 0.511947 1.492077 0
-0.986477 0.559026 1.487095 0
-0.954196 0.564881 1.487465 0
-0.920581 0.569567 1.488093 0
-0.890998 0.579568 1.488145 0
-0.879228 0.610757 1.485554 0
-0.825184 0.592879 1.489443 0
-0.780930 0.587399 1.491854 0
-0.791801 0.643955 1.486221 0
-0.751156 0.643098 1.488243 0
-0.728103 0.661799 1.487788 0
-0.693746 0.668688 1.489020 0
-0.686219 0.703728 1.486566 0
-0.642213 0.701321 1.489288 0
-0.649754 0.751000 1.485000 0
-0.627007 0.770084 1.484985 0
-0.597124 0.782402 1.486019 0
-0.582831 0.809723 1.485057 0
-0.542626 0.812882 1.487619 0
-0.516086 0.829119 1.488451 0
0.844151 -0.458692 -1.239107 8
0.808045 -0.503036 -1.232158 8
0.777198 -0.515237 -1.228724 8
0.741949 -0.564563 -1.221561 8
0.713098 -0.567626 -1.219322 8
0.654517 -0.846811 -1.188920 7
0.629025 -0.843793 -1.187656 7
0.604815 -0.826364 -1.187936 7
0.582506 -0.781912 -1.191009 7
0.552053 -0.840533 -1.183789 7
0.527245 -0.826292 -1.183985 7
0.502345 -0.809433 -1.184516 7
0.476043 -0.817913 -1.182610 7
0.449585 -0.835785 -1.179868 7
0.423552 -0.850375 -1.177547 7
0.398184 -0.841927 -1.177581 7
0.372816 -0.814856 -1.179518 7
0.347017 -0.834198 -1.176994 7
0.321730 -0.869248 -1.173032 7
0.295963 -0.847075 -1.174735 7
0.270432 -0.847667 -1.174303 7
0.245428 -0.862361 -1.172587 7
0.220263 -0.868256 -1.171810 7
0.193601 -0.845786 -1.173869 7
0.168121 -0.848252 -1.173593 7
0.141377 -0.833447 -1.175076 7
0.114924 -0.825806 -1.175951 7
0.091519 -0.853112 -1.173519 7
0.063191 -0.827423 -1.176318 7
0.036549 -0.821646 -1.177271 7
0.010217 -0.819785 -1.177931 7
-0.007689 -0.883878 -1.172234 7
-0.038500 -0.846583 -1.176525 7
-0.065205 -0.842218 -1.177687 7
-0.082201 -0.900681 -1.172751 7
-0.117448 -0.843245 -1.179319 7
-0.142829 -0.848551 -1.179791 7
-0.170534 -0.841205 -1.181608 7
-0.193840 -0.857655 -1.181142 7
-0.226390 -0.827678 -1.185414 7
-0.249963 -0.842910 -1.185244 7
-0.279784 -0.829255 -1.188080 7
-0.305773 -0.833679 -1.189181 7
-0.338878 -0.808801 -1.193375 7
-0.366266 -0.809027 -1.195104 7
-0.393982 -0.808449 -1.197013 7
-0.415890 -0.829829 -1.196726 7
-0.430041 -0.877833 -1.193705 7
-0.474473 -0.818847 -1.202049 7
-0.504475 -0.812244 -1.204992 7
-0.530969 -0.817856 -1.206733 7
-0.556875 -0.825444 -1.208352 7
-0.583794 -0.829996 -1.210395 7
-0.620672 -0.805518 -1.215735 7
0.836178 -0.525058 -1.196721 8
0.805087 -0.538370 -1.193269 8
0.734286 -0.845221 -1.162645 7
0.712916 -0.808451 -1.164235 7
0.685448 -0.818147 -1.161606 7
0.658544 -0.824786 -1.159354 7
0.631255 -0.837026 -1.156688 7
0.604271 -0.848877 -1.154156 7
0.580767 -0.821015 -1.155278 7
0.552699 -0.849992 -1.151393 7
0.528391 -0.828042 -1.152134 7
0.502190 -0.834415 -1.150441 7
0.477814 -0.802975 -1.152160 7
0.451106 -0.821700 -1.149549 7
0.424920 -0.834183 -1.147577 7
0.399764 -0.800657 -1.149698 7
0.373706 -0.803829 -1.148701 7
0.347738 -0.835669 -1.145310 7
0.321727 -0.805983 -1.147324 7
0.296245 -0.832309 -1.144586 7
0.270359 -0.827744 -1.144595 7
0.244772 -0.833782 -1.143774 7
0.219966 -0.854615 -1.141767 7
0.192972 -0.829746 -1.143765 7
0.167894 -0.841833 -1.142674 7
0.144000 -0.867340 -1.140514 7
0.117326 -0.854221 -1.141750 7
0.087579 -0.810862 -1.145666 7
0.064106 -0.837563 -1.143649 7
0.036905 -0.826604 -1.144953 7
0.014403 -0.856929 -1.142782 7
-0.012918 -0.846056 -1.144246 7
-0.040274 -0.836834 -1.145655 7
-0.066989 -0.833547 -1.146637 7
-0.082082 -0.905057 -1.141185 7
-0.118033 -0.843699 -1.147400 7
-0.145848 -0.835585 -1.149064 7
-0.167544 -0.861781 -1.147794 7
-0.195251 -0.855016 -1.149511 7
-0.223281 -0.847751 -1.151366 7
-0.257629 -0.812015 -1.155864 7
-0.281235 -0.827927 -1.155838 7
-0.311980 -0.812324 -1.158739 7
-0.334264 -0.833335 -1.158414 7
-0.366773 -0.812646 -1.161979 7
-0.388071 -0.836790 -1.161525 7
-0.417484 -0.829793 -1.164029 7
-0.436141 -0.861992 -1.162967 7
-0.476907 -0.816563 -1.169279 7
-0.498762 -0.837414 -1.169451 7
-0.529692 -0.828241 -1.172569 7
-0.549428 -0.855001 -1.172325 7
-0.587607 -0.824920 -1.177683 7
-0.613840 -0.832125 -1.179524 7
-0.637014 -0.848124 -1.180580 7
-0.671971 -0.831134 -1.185023 7
0.867268 -0.528035 -1.163419 8
0.803319 -0.750635 -1.142671 7
0.795647 -0.617641 -1.151621 8
0.735743 -0.848219 -1.130773 7
0.711213 -0.835965 -1.129998 7
0.690454 -0.790468 -1.131969 7
0.659766 -0.828639 -1.127285 7
0.633841 -0.826754 -1.125906 7
0.606505 -0.840509 -1.123376 7
0.581223 -0.832716 -1.122630 7
0.555000 -0.836444 -1.121062 7
0.529808 -0.825460 -1.120719 7
0.504552 -0.812458 -1.120605 7
0.476796 -0.850323 -1.116658 7
0.450932 -0.855236 -1.115336 7
0.425467 -0.849134 -1.114935 7
0.399591 -0.860748 -1.113268 7
0.374432 -0.813034 -1.116170 7
0.348446 -0.821474 -1.114899 7
0.322291 -0.797376 -1.116157 7
0.297034 -0.843874 -1.112193 7
0.270953 -0.831311 -1.112744 7
0.245115 -0.831798 -1.112396 7
0.220509 -0.859014 -1.110132 7
0.194718 -0.856352 -1.110180 7
0.167233 -0.828692 -1.112172 7
0.144324 -0.870199 -1.109085 7
0.114860 -0.824112 -1.112611 7
0.089908 -0.836493 -1.111856 7
0.067936 -0.876396 -1.109122 7
0.038686 -0.844404 -1.111844 7
0.012092 -0.839901 -1.112592 7
-0.007596 -0.889865 -1.109326 7
-0.034346 -0.882641 -1.110435 7
-0.063754 -0.858803 -1.112884 7
-0.092757 -0.840815 -1.114983 7
-0.115534 -0.862641 -1.114141 7
-0.143758 -0.851661 -1.115879 7
-0.177050 -0.814929 -1.119688 7
-0.201329 -0.828443 -1.119727 7
-0.224122 -0.848429 -1.119338 7
-0.248948 -0.857599 -1.119863 7
-0.274780 -0.861948 -1.120845 7
-0.301836 -0.861154 -1.122315 7
-0.339566 -0.816934 -1.127331 7
-0.360955 -0.841283 -1.126988 7
-0.392745 -0.824648 -1.130016 7
-0.418818 -0.830698 -1.131310 7
-0.449413 -0.820765 -1.133999 7
-0.483053 -0.801552 -1.137564 7
-0.502763 -0.830266 -1.137249 7
-0.532936 -0.824064 -1.139929 7
-0.559998 -0.828412 -1.141817 7
-0.586356 -0.835115 -1.143594 7
-0.615829 -0.832808 -1.146240 7
-0.651462 -0.813648 -1.150467 7
-0.670498 -0.841866 -1.150635 7
-0.702692 -0.833739 -1.154106 7
0.900175 -0.521790 -1.130911 8
0.864882 -0.556559 -1.126082 8
0.790643 -0.845070 -1.103172 7
0.763564 -0.850129 -1.100911 7
0.741047 -0.823236 -1.100992 7
0.716278 -0.810474 -1.100134 7
0.686646 -0.837053 -1.096617 7
0.660794 -0.834196 -1.095236 7
0.634495 -0.835765 -1.093631 7
0.608770 -0.831878 -1.092478 7
0.579687 -0.868510 -1.088677 7
0.555496 -0.847789 -1.088818 7
0.532354 -0.805143 -1.090476 7
0.504725 -0.830944 -1.087663 7
0.479845 -0.807089 -1.088206 7
0.454034 -0.797448 -1.087884 7
0.427205 -0.819534 -1.085574 7
0.401098 -0.824459 -1.084465 7
0.375185 -0.818285 -1.084152 7
0.349183 -0.853160 -1.081278 7
0.323329 -0.837477 -1.081732 7
0.297784 -0.853719 -1.080220 7
0.271374 -0.828792 -1.081412 7
0.247096 -0.873909 -1.078221 7
0.220731 -0.856504 -1.079086 7
0.192359 -0.809114 -1.081928 7
0.169829 -0.865869 -1.078238 7
0.140269 -0.813815 -1.081528 7
0.116087 -0.838415 -1.080034 7
0.090586 -0.844252 -1.079807 7
0.064628 -0.844956 -1.079984 7
0.034306 -0.806627 -1.082725 7
0.012825 -0.848234 -1.080452 7
-0.013486 -0.846997 -1.080987 7
-0.035183 -0.879615 -1.079429 7
-0.066191 -0.845717 -1.082219 7
-0.087934 -0.875109 -1.081014 7
-0.117625 -0.854032 -1.083149 7
-0.137682 -0.890281 -1.081638 7
-0.167988 -0.868137 -1.084011 7
-0.198542 -0.847331 -1.086393 7
-0.224778 -0.849998 -1.087317 7
-0.246344 -0.874671 -1.086853 7
-0.279871 -0.844295 -1.090148 7
-0.310759 -0.828185 -1.092590 7
-0.342973 -0.808381 -1.095387 7
-0.368821 -0.815727 -1.096425 7
-0.403302 -0.790162 -1.099824 7
-0.423933 -0.817725 -1.099629 7
-0.449630 -0.825916 -1.100856 7
-0.479537 -0.819645 -1.103192 7
-0.507698 -0.820049 -1.105148 7
-0.541474 -0.802949 -1.108467 7
-0.563653 -0.823380 -1.109152 7
-0.582407 -0.853367 -1.109191 7
-0.620763 -0.824887 -1.113662 7
-0.654944 -0.810388 -1.117218 7
-0.690667 -0.792978 -1.121121 7
-0.699697 -0.848473 -1.119493 7
-0.735988 -0.830516 -1.123638 7
-0.749256 -0.872356 -1.123157 7
0.928445 -0.832816 -1.082890 7
0.851880 -0.810078 -1.077698 7
0.823845 -0.816906 -1.075230 7
0.799334 -0.802631 -1.074132 7
0.773038 -0.799122 -1.072452 7
0.743526 -0.818881 -1.069470 7
0.719660 -0.798248 -1.068964 7
0.689903 -0.824121 -1.065811 7
0.664654 -0.814028 -1.064837 7
0.635781 -0.838418 -1.061964 7
0.612662 -0.805598 -1.062429 7
0.585765 -0.811667 -1.060760 7
0.556812 -0.847806 -1.057502 7
0.533242 -0.810934 -1.058382 7
0.504367 -0.858798 -1.054664 7
0.479644 -0.835649 -1.054925 7
0.453731 -0.833990 -1.054083 7
0.428767 -0.797030 -1.055217 7
0.402256 -0.808580 -1.053806 7
0.375876 -0.830067 -1.051947 7
0.349887 -0.823450 -1.051667 7
0.323729 -0.811909 -1.051719 7
0.297551 -0.810989 -1.051283 7
0.272072 -0.836203 -1.049547 7
0.244867 -0.802603 -1.050979 7
0.220267 -0.839161 -1.048805 7
0.195293 -0.857210 -1.047679 7
0.168007 -0.834785 -1.048746 7
0.141191 -0.824745 -1.049239 7
0.116945 -0.848283 -1.048052 7
0.092508 -0.865459 -1.047272 7
0.068132 -0.880546 -1.046674 7
0.038707 -0.848035 -1.048647 7
0.012312 -0.846186 -1.049089 7
-0.011676 -0.863616 -1.048591 7
-0.039010 -0.855067 -1.049538 7
-0.062285 -0.875414 -1.049030 7
-0.092208 -0.851637 -1.050944 7
-0.115109 -0.872995 -1.050526 7
-0.139704 -0.882932 -1.050790 7
-0.175073 -0.834422 -1.054296 7
-0.205225 -0.817753 -1.056175 7
-0.224905 -0.854137 -1.055231 7
-0.255030 -0.839113 -1.057184 7
-0.284828 -0.827298 -1.059053 7
-0.312720 -0.825078 -1.060474 7
-0.326903 -0.879738 -1.058754 7
-0.362360 -0.846771 -1.062077 7
-0.400482 -0.806603 -1.065936 7
-0.425284 -0.818574 -1.066882 7
-0.450582 -0.828444 -1.068025 7
-0.478236 -0.830093 -1.069733 7
-0.512250 -0.811138 -1.072769 7
-0.530102 -0.845521 -1.072668 7
-0.568848 -0.813596 -1.076700 7
-0.596657 -0.816932 -1.078669 7
-0.624695 -0.819910 -1.080748 7
-0.641730 -0.854321 -1.080901 7
-0.689738 -0.802241 -1.086711 7
-0.702906 -0.846571 -1.086358 7
-0.737198 -0.834160 -1.089813 7
-0.753364 -0.868738 -1.090206 7
-0.790201 -0.851157 -1.094217 7
0.881249 -0.809571 -1.047751 7
0.854915 -0.805406 -1.045877 7
0.818845 -0.859484 -1.041163 7
0.798557 -0.820548 -1.041195 7
0.765167 -0.865433 -1.037170 7
0.745542 -0.817885 -1.037725 7
0.720011 -0.809513 -1.036440 7
0.688506 -0.849992 -1.032930 7
0.661919 -0.853466 -1.031258 7
0.639568 -0.816425 -1.031524 7
0.609753 -0.853223 -1.028476 7
0.584290 -0.846378 -1.027499 7
0.560666 -0.813410 -1.027754 7
0.535048 -0.802408 -1.027086 7
0.506817 -0.835466 -1.024559 7
0.483282 -0.780427 -1.025950 7
0.456369 -0.790036 -1.024596 7
0.428751 -0.832100 -1.021935 7
0.403040 -0.813507 -1.021947 7
0.376855 -0.809864 -1.021392 7
0.350606 -0.803740 -1.021013 7
0.324433 -0.818253 -1.019841 7
0.298628 -0.838498 -1.018509 7
0.273361 -0.865074 -1.016994 7
0.247496 -0.862512 -1.016762 7
0.221315 -0.854531 -1.016825 7
0.193876 -0.826867 -1.017769 7
0.168440 -0.838565 -1.017163 7
0.143648 -0.856472 -1.016375 7
0.119114 -0.873921 -1.015678 7
0.092890 -0.870000 -1.015932 7
0.069426 -0.894371 -1.015092 7
0.041815 -0.877739 -1.016015 7
0.013245 -0.856154 -1.017219 7
-0.014053 -0.847925 -1.017945 7
-0.040518 -0.847245 -1.018434 7
-0.061414 -0.884603 -1.017401 7
-0.090096 -0.868650 -1.018674 7
-0.113723 -0.885154 -1.018653 7
-0.145775 -0.852713 -1.020785 7
-0.174950 -0.839472 -1.022187 7
-0.197203 -0.863303 -1.022070 7
-0.234106 -0.814109 -1.025199 7
-0.256221 -0.838508 -1.025204 7
-0.285383 -0.829939 -1.026732 7
-0.315350 -0.819121 -1.028448 7
-0.339360 -0.834031 -1.029088 7
-0.372949 -0.810570 -1.031552 7
-0.393568 -0.838490 -1.031742 7
-0.441884 -0.763705 -1.036798 7
-0.457885 -0.808562 -1.036347 7
-0.481145 -0.826153 -1.037238 7
-0.508654 -0.829088 -1.038906 7
-0.536659 -0.830751 -1.040719 7
-0.548725 -0.882023 -1.040133 7
-0.580775 -0.870853 -1.042733 7
-0.617121 -0.848365 -1.046021 7
-0.655239 -0.822695 -1.049601 7
-0.680101 -0.835310 -1.051279 7
-0.697549 -0.867485 -1.051971 7
-0.725543 -0.871106 -1.054270 7
-0.760563 -0.857337 -1.057628 7
-0.786794 -0.866390 -1.059811 7
-0.802590 -0.900464 -1.060628 7
-0.848779 -0.862486 -1.065715 7
0.997920 -0.906658 -1.022760 7
0.933956 -0.829766 -1.019135 7
0.909801 -0.814567 -1.017577 7
0.885318 -0.800068 -1.016048 7
0.865700 -0.757117 -1.015701 7
0.833286 -0.785967 -1.012586 7
0.802357 -0.809420 -1.009794 7
0.776056 -0.805316 -1.008144 7
0.747362 -0.818293 -1.005934 7
0.721223 -0.814041 -1.004441 7
0.691379 -0.840274 -1.001928 7
0.666417 -0.827658 -1.000886 7
0.640452 -0.823047 -0.999627 7
0.615261 -0.809692 -0.998736 7
0.587961 -0.819103 -0.997136 7
0.560719 -0.830599 -0.995547 7
0.534845 -0.824867 -0.994608 7
0.509300 -0.811847 -0.993974 7
0.482462 -0.822010 -0.992654 7
0.456228 -0.821537 -0.991752 7
0.430014 -0.820616 -0.990935 7
0.403649 -0.827506 -0.989943 7
0.377345 -0.842146 -0.988784 7
0.351322 -0.831089 -0.988496 7
0.325012 -0.811013 -0.988550 7
0.298699 -0.811448 -0.988042 7
0.273069 -0.836801 -0.986846 7
0.246552 -0.825635 -0.986833 7
0.221960 -0.861202 -0.985478 7
0.194434 -0.832166 -0.986141 7
0.170437 -0.866589 -0.984966 7
0.142592 -0.840640 -0.985673 7
0.116086 -0.837035 -0.985780 7
0.089329 -0.831876 -0.986004 7
0.060238 -0.805171 -0.986947 7
0.035992 -0.827014 -0.986500 7
0.014893 -0.872035 -0.985419 7
-0.013964 -0.851256 -0.986398 7
-0.036659 -0.877975 -0.986004 7
-0.061101 -0.890014 -0.986122 7
-0.090714 -0.868364 -0.987348 7
-0.112492 -0.896353 -0.987110 7
-0.146492 -0.852800 -0.989175 7
-0.167388 -0.884346 -0.988959 7
-0.193425 -0.887081 -0.989717 7
-0.221954 -0.877925 -0.990932 7
-0.261575 -0.818584 -0.993866 7
-0.293452 -0.799203 -0.995600 7
-0.320562 -0.802191 -0.996678 7
-0.345239 -0.815373 -0.997486 7
-0.366733 -0.840527 -0.997949 7
-0.399892 -0.820176 -1.000053 7
-0.424581 -0.832659 -1.001095 7
-0.452238 -0.834320 -1.002594 7
-0.480398 -0.834653 -1.004220 7
-0.510692 -0.828447 -1.006170 7
-0.541927 -0.820145 -1.008291 7
-0.561407 -0.849081 -1.009076 7
-0.596040 -0.831500 -1.011726 7
-0.614225 -0.863135 -1.012526 7
-0.640506 -0.870662 -1.014345 7
-0.662323 -0.890470 -1.015731 7
-0.702517 -0.860865 -1.019260 7
-0.710632 -0.916287 -1.019265 7
-0.752728 -0.883802 -1.023129 7
-0.782558 -0.883577 -1.025696 7
-0.822275 -0.860298 -1.029415 7
-0.841653 -0.886028 -1.030979 7
-0.883184 -0.860778 -1.035029 7
1.018208 -0.831871 -0.993968 7
0.972950 -0.787210 -0.990723 7
0.948462 -0.771509 -0.988964 7
0.919213 -0.778900 -0.986574 7
0.894027 -0.765942 -0.984862 7
0.864445 -0.776761 -0.982538 7
0.832371 -0.804082 -0.979850 7
0.800971 -0.830947 -0.977285 7
0.769109 -0.864803 -0.974643 7
0.750995 -0.805770 -0.974505 7
0.720987 -0.829579 -0.972287 7
0.694439 -0.829111 -0.970765 7
0.671048 -0.800916 -0.969982 7
0.640191 -0.840734 -0.967637 7
0.617871 -0.797661 -0.967318 7
0.592115 -0.786395 -0.966310 7
0.562328 -0.826749 -0.964212 7
0.536745 -0.814900 -0.963359 7
0.511264 -0.797823 -0.962679 7
0.482033 -0.854528 -0.960494 7
0.456493 -0.841627 -0.959866 7
0.432247 -0.775114 -0.960401 7
0.404450 -0.830985 -0.958484 7
0.378157 -0.839672 -0.957610 7
0.352071 -0.764663 -0.958466 7
0.325484 -0.791347 -0.957365 7
0.298658 -0.777617 -0.957127 7
0.274152 -0.858567 -0.955128 7
0.249324 -0.890036 -0.954166 7
0.221885 -0.852238 -0.954598 7
0.198539 -0.901806 -0.953431 7
0.168279 -0.830198 -0.954631 7
0.141183 -0.819996 -0.954731 7
0.118131 -0.861183 -0.953929 7
0.092022 -0.861426 -0.953967 7
0.065423 -0.857237 -0.954157 7
0.041610 -0.879270 -0.953916 7
0.013669 -0.864067 -0.954451 7
-0.013436 -0.857949 -0.954881 7
-0.042009 -0.842582 -0.955561 7
-0.066936 -0.854111 -0.955790 7
-0.086357 -0.899487 -0.955417 7
-0.114481 -0.888336 -0.956220 7
-0.146255 -0.858261 -0.957478 7
-0.170219 -0.873496 -0.957897 7
-0.199045 -0.862980 -0.958910 7
-0.238255 -0.803559 -0.961028 7
-0.264546 -0.809766 -0.961857 7
-0.297055 -0.788365 -0.963355 7
-0.316152 -0.826201 -0.963636 7
-0.344793 -0.822580 -0.964893 7
-0.373394 -0.819878 -0.966208 7
-0.405629 -0.804150 -0.967906 7
-0.426913 -0.829893 -0.968706 7
-0.461838 -0.806441 -0.970758 7
-0.485394 -0.823636 -0.971900 7
-0.509837 -0.837289 -0.973191 7
-0.533371 -0.853451 -0.974481 7
-0.552021 -0.884118 -0.975443 7
-0.592105 -0.849538 -0.978237 7
-0.628250 -0.828915 -0.980767 7
-0.640886 -0.875989 -0.981457 7
-0.655501 -0.915500 -0.982385 7
-0.714832 -0.834801 -0.986992 7
-0.738702 -0.850444 -0.988808 7
-0.766305 -0.856413 -0.990997 7
-0.782434 -0.890630 -0.992334 7
-0.812466 -0.890526 -0.994862 7
-0.838463 -0.900321 -0.997138 7
-0.876226 -0.883547 -1.000439 7
-0.920980 -0.852703 -1.004386 7
1.017925 -0.844435 -0.961607 7
0.989801 -0.847233 -0.959263 7
0.976395 -0.783163 -0.958330 7
0.941557 -0.816695 -0.955506 7
0.921523 -0.779349 -0.954112 7
0.898233 -0.755969 -0.952492 7
0.861982 -0.802980 -0.949716 7
0.832180 -0.817764 -0.947604 7
0.804055 -0.824342 -0.945712 7
0.779406 -0.809157 -0.944228 7
0.750945 -0.819476 -0.942426 7
0.728283 -0.787709 -0.941295 7
0.700583 -0.792800 -0.939704 7
0.670429 -0.821019 -0.937888 7
0.643896 -0.819845 -0.936535 7
0.616140 -0.831962 -0.935089 7
0.588959 -0.840489 -0.933764 7
0.564157 -0.820018 -0.932837 7
0.539481 -0.792364 -0.932038 7
0.511770 -0.809761 -0.930816 7
0.484489 -0.825487 -0.929690 7
0.457958 -0.829691 -0.928752 7
0.431752 -0.825879 -0.927959 7
0.405432 -0.824926 -0.927204 7
0.378856 -0.848417 -0.926294 7
0.352768 -0.810496 -0.925997 7
0.326419 -0.824885 -0.925302 7
0.299341 -0.783617 -0.925144 7
0.273964 -0.833762 -0.924287 7
0.249706 -0.889389 -0.923466 7
0.222698 -0.862645 -0.923378 7
0.195646 -0.844565 -0.923280 7
0.170218 -0.857375 -0.923003 7
0.144774 -0.867157 -0.922816 7
0.116402 -0.839926 -0.922980 7
0.091232 -0.853280 -0.922895 7
0.067137 -0.875186 -0.922806 7
0.038767 -0.855400 -0.923109 7
0.009959 -0.835510 -0.923479 7
-0.020368 -0.807295 -0.923986 7
-0.043537 -0.834645 -0.924114 7
-0.065962 -0.863976 -0.924284 7
-0.093122 -0.860381 -0.924790 7
-0.118247 -0.869768 -0.925252 7
-0.144371 -0.872975 -0.925832 7
-0.175404 -0.850112 -0.926715 7
-0.201877 -0.853108 -0.927435 7
-0.241482 -0.792728 -0.928836 7
-0.259921 -0.836098 -0.929307 7
-0.294672 -0.804054 -0.930600 7
-0.317692 -0.824889 -0.931420 7
-0.346075 -0.822720 -0.932552 7
-0.372547 -0.828687 -0.933664 7
-0.405118 -0.811720 -0.935119 7
-0.424038 -0.846044 -0.936026 7
-0.445525 -0.869460 -0.937114 7
-0.489242 -0.816551 -0.939279 7
-0.509318 -0.844994 -0.940439 7
-0.531433 -0.865656 -0.941757 7
-0.557279 -0.874082 -0.943313 7
-0.592545 -0.854485 -0.945379 7
-0.616392 -0.869508 -0.946981 7
-0.643827 -0.874119 -0.948820 7
-0.659180 -0.911847 -0.950142 7
-0.711606 -0.849952 -0.953344 7
-0.733716 -0.869932 -0.955137 7
-0.759483 -0.880214 -0.957179 7
-0.772700 -0.921072 -0.958647 7
-0.814364 -0.892812 -0.961644 7
-0.843009 -0.896640 -0.964047 7
-0.880522 -0.880806 -0.967000 7
-0.904868 -0.895272 -0.969326 7
-0.944277 -0.877233 -0.972551 7
1.053792 -0.822289 -0.932201 7
1.023957 -0.830374 -0.929804 7
1.007500 -0.781069 -0.928031 7
0.975430 -0.799327 -0.925675 7
0.949786 -0.789027 -0.923644 7
0.917572 -0.811239 -0.921439 7
0.894345 -0.788801 -0.919624 7
0.870188 -0.769644 -0.917832 7
0.842365 -0.770383 -0.915983 7
0.806391 -0.822443 -0.913973 7
0.780326 -0.816044 -0.912325 7
0.752924 -0.818733 -0.910707 7
0.726758 -0.812968 -0.909183 7
0.699149 -0.818585 -0.907694 7
0.670798 -0.832195 -0.906262 7
0.647208 -0.802953 -0.904968 7
0.615526 -0.854060 -0.903640 7
0.591408 -0.828064 -0.902458 7
0.567271 -0.796391 -0.901319 7
0.538173 -0.831082 -0.900241 7
0.513068 -0.807628 -0.899214 7
0.486216 -0.812187 -0.898263 7
0.459334 -0.820315 -0.897383 7
0.433079 -0.812616 -0.896547 7
0.406392 -0.820209 -0.895798 7
0.379867 -0.826579 -0.895113 7
0.353473 -0.825099 -0.894476 7
0.327151 -0.835784 -0.893932 7
0.300213 -0.800535 -0.893329 7
0.274222 -0.825159 -0.892950 7
0.250001 -0.886318 -0.892750 7
0.223328 -0.869087 -0.892382 7
0.195809 -0.842748 -0.892043 7
0.170415 -0.857530 -0.891897 7
0.142428 -0.833795 -0.891686 7
0.114905 -0.821451 -0.891574 7
0.095111 -0.895640 -0.891816 7
0.066358 -0.868638 -0.891779 7
0.040988 -0.877046 -0.891924 7
0.011973 -0.854404 -0.892029 7
-0.016864 -0.836869 -0.892217 7
-0.040683 -0.858097 -0.892589 7
-0.064320 -0.878289 -0.893017 7
-0.096960 -0.839815 -0.893341 7
-0.117573 -0.877626 -0.893939 7
-0.144132 -0.878403 -0.894498 7
-0.172425 -0.870325 -0.895103 7
-0.210810 -0.812335 -0.895682 7
-0.234443 -0.831545 -0.896483 7
-0.259869 -0.841230 -0.897328 7
-0.288179 -0.837831 -0.898221 7
-0.322885 -0.808125 -0.899166 7
-0.348025 -0.820148 -0.900214 7
-0.382407 -0.795640 -0.901326 7
-0.402225 -0.828217 -0.902500 7
-0.420455 -0.864693 -0.903713 7
-0.466518 -0.801787 -0.905103 7
-0.488335 -0.825552 -0.906462 7
-0.500063 -0.881190 -0.907794 7
-0.524492 -0.893616 -0.909267 7
-0.575356 -0.824858 -0.911085 7
-0.591620 -0.863464 -0.912617 7
-0.618603 -0.869430 -0.914332 7
-0.650276 -0.862459 -0.916187 7
-0.666994 -0.896991 -0.917876 7
-0.701218 -0.883930 -0.919919 7
-0.745381 -0.846603 -0.922243 7
-0.777769 -0.841209 -0.924440 7
-0.800409 -0.860334 -0.926506 7
-0.831858 -0.858150 -0.928836 7
-0.867603 -0.846703 -0.931355 7
-0.884307 -0.879231 -0.933470 7
-0.930246 -0.846532 -0.936433 7
-0.962957 -0.844305 -0.939136 7
-0.995666 -0.842750 -0.941925 7
1.060510 -0.806526 -0.899924 7
1.031224 -0.811262 -0.897668 7
1.009997 -0.781768 -0.895424 7
0.970187 -0.834859 -0.893431 7
0.946200 -0.817942 -0.891345 7
0.932001 -0.750941 -0.889098 7
0.894252 -0.801412 -0.887393 7
0.869568 -0.785466 -0.885461 7
0.840920 -0.791424 -0.883710 7
0.809085 -0.818352 -0.882173 7
0.782207 -0.816545 -0.880526 7
0.755630 -0.812888 -0.878927 7
0.728499 -0.813398 -0.877425 7
0.703130 -0.800217 -0.875866 7
0.673714 -0.820889 -0.874674 7
0.647963 -0.810728 -0.873263 7
0.619463 -0.828008 -0.872187 7
0.595747 -0.793698 -0.870640 7
0.565085 -0.842629 -0.870045 7
0.540943 -0.808225 -0.868599 7
0.511709 -0.851809 -0.868107 7
0.487029 -0.818138 -0.866772 7
0.460790 -0.809025 -0.865781 7
0.433670 -0.824739 -0.865160 7
0.407357 -0.815392 -0.864284 7
0.380616 -0.830611 -0.863788 7
0.354182 -0.831207 -0.863163 7
0.327706 -0.825458 -0.862512 7
0.301020 -0.814089 -0.861841 7
0.273623 -0.784441 -0.860972 7
0.248246 -0.826488 -0.861165 7
0.223747 -0.870923 -0.861463 7
0.198398 -0.885134 -0.861396 7
0.172020 -0.879584 -0.861107 7
0.141326 -0.817290 -0.860056 7
0.118102 -0.859481 -0.860573 7
0.093124 -0.874565 -0.860758 7
0.065356 -0.859916 -0.860572 7
0.041981 -0.887647 -0.861059 7
0.017760 -0.904490 -0.861446 7
-0.012997 -0.869179 -0.861144 7
-0.036488 -0.891081 -0.861721 7
-0.066095 -0.869703 -0.861744 7
-0.085080 -0.918182 -0.862809 7
-0.113554 -0.905307 -0.863072 7
-0.150655 -0.845867 -0.862765 7
-0.179459 -0.837172 -0.863226 7
-0.212789 -0.806897 -0.863468 7
-0.236837 -0.824719 -0.864412 7
-0.268272 -0.807394 -0.864965 7
-0.286119 -0.851949 -0.866359 7
-0.328679 -0.788878 -0.866493 7
-0.352351 -0.807952 -0.867697 7
-0.366175 -0.864442 -0.869380 7
-0.411368 -0.799489 -0.869755 7
-0.434848 -0.818262 -0.871134 7
-0.449152 -0.868236 -0.872881 7
-0.474950 -0.876568 -0.874249 7
-0.512676 -0.845987 -0.875322 7
-0.536944 -0.860311 -0.876885 7
-0.557147 -0.886662 -0.878600 7
-0.593911 -0.862883 -0.879980 7
-0.616713 -0.881130 -0.881752 7
-0.637262 -0.905106 -0.883611 7
-0.682673 -0.860907 -0.885125 7
-0.711468 -0.863435 -0.887008 7
-0.739553 -0.868168 -0.888974 7
-0.763716 -0.882951 -0.891048 7
-0.820274 -0.818918 -0.892952 7
-0.841413 -0.842418 -0.895219 7
-0.874104 -0.838678 -0.897496 7
-0.904656 -0.840481 -0.899866 7
-0.913339 -0.890649 -0.902296 7
-0.968220 -0.840222 -0.904858 7
-1.006092 -0.828240 -0.907513 7
-1.022786 -0.860543 -0.910137 7
1.047040 -0.871676 -0.868227 7
1.029677 -0.829034 -0.865547 7
1.003223 -0.822756 -0.863355 7
0.977836 -0.811591 -0.861153 7
0.950924 -0.807151 -0.859102 7
0.918611 -0.829699 -0.857526 7
0.907262 -0.745347 -0.854331 7
0.867245 -0.810541 -0.853588 7
0.843106 -0.791144 -0.851529 7
0.813872 -0.801388 -0.850040 7
0.786399 -0.801889 -0.848447 7
0.757243 -0.814751 -0.847152 7
0.735189 -0.776745 -0.844942 7
0.700687 -0.833863 -0.844657 7
0.676794 -0.808275 -0.842796 7
0.649484 -0.811128 -0.841567 7
0.623378 -0.802473 -0.840156 7
0.595497 -0.813052 -0.839216 7
0.566518 -0.841100 -0.838731 7
0.539398 -0.849866 -0.837892 7
0.513981 -0.832572 -0.836522 7
0.488899 -0.802188 -0.834896 7
0.461732 -0.811140 -0.834233 7
0.435186 -0.805434 -0.833286 7
0.408004 -0.826399 -0.833035 7
0.381315 -0.839033 -0.832650 7
0.354944 -0.799969 -0.831061 7
0.328034 -0.785502 -0.830122 7
0.301094 -0.785342 -0.829592 7
0.275218 -0.825697 -0.830134 7
0.248902 -0.833176 -0.829918 7
0.223975 -0.868572 -0.830468 7
0.196142 -0.839198 -0.829436 7
0.173119 -0.893820 -0.830598 7
0.145473 -0.872077 -0.829871 7
0.118019 -0.858035 -0.829397 7
0.090788 -0.849706 -0.829124 7
0.069739 -0.904012 -0.830514 7
0.039987 -0.871434 -0.829734 7
0.015040 -0.884157 -0.830172 7
-0.011983 -0.879560 -0.830223 7
-0.037829 -0.884457 -0.830574 7
-0.065465 -0.877218 -0.830675 7
-0.097573 -0.843223 -0.830161 7
-0.124306 -0.845406 -0.830621 7
-0.153153 -0.835986 -0.830851 7
-0.175209 -0.864101 -0.832072 7
-0.210893 -0.821063 -0.831599 7
-0.242110 -0.804059 -0.831837 7
-0.262666 -0.838105 -0.833371 7
-0.291815 -0.831888 -0.833993 7
-0.328672 -0.794169 -0.833942 7
-0.356385 -0.796987 -0.834916 7
-0.378512 -0.821818 -0.836453 7
-0.408628 -0.815377 -0.837336 7
-0.439743 -0.806299 -0.838231 7
-0.456094 -0.849773 -0.840335 7
-0.479165 -0.868187 -0.841938 7
-0.515236 -0.843620 -0.842698 7
-0.528189 -0.893876 -0.845066 7
-0.578363 -0.828066 -0.845157 7
-0.596518 -0.861376 -0.847291 7
-0.622783 -0.869974 -0.848998 7
-0.640492 -0.902386 -0.851196 7
-0.697255 -0.827961 -0.851556 7
-0.714386 -0.862290 -0.853916 7
-0.741400 -0.870036 -0.855875 7
-0.776862 -0.856905 -0.857573 7
-0.815427 -0.837498 -0.859272 7
-0.823169 -0.892289 -0.862122 7
-0.867749 -0.860228 -0.863810 7
-0.892845 -0.873954 -0.866201 7
-0.915595 -0.892687 -0.868709 7
-0.978517 -0.825438 -0.870334 7
-0.986674 -0.875915 -0.873334 7
-1.036563 -0.839800 -0.875544 7
-1.073129 -0.832378 -0.878141 7
1.077092 -0.873614 -0.838667 7
1.069897 -0.791527 -0.834622 7
1.028325 -0.845862 -0.833784 7
1.014029 -0.787331 -0.830309 7
0.982773 -0.800778 -0.828642 7
0.960430 -0.773836 -0.826006 7
0.924075 -0.814301 -0.825198 7
0.901736 -0.786361 -0.822636 7
0.869791 -0.808687 -0.821506 7
0.845478 -0.789800 -0.819290 7
0.814691 -0.808947 -0.818220 7
0.787199 -0.809515 -0.816681 7
0.758059 -0.822150 -0.815567 7
0.729324 -0.834085 -0.814504 7
0.704073 -0.820388 -0.812713 7
0.675630 -0.832683 -0.811789 7
0.645808 -0.860793 -0.811441 7
0.623358 -0.818201 -0.808878 7
0.595170 -0.833086 -0.808227 7
0.567018 -0.851685 -0.807768 7
0.544020 -0.799833 -0.805011 7
0.515637 -0.824188 -0.804861 7
0.490630 -0.789337 -0.802755 7
0.462812 -0.809715 -0.802593 7
0.435641 -0.821916 -0.802214 7
0.409223 -0.809323 -0.801026 7
0.382724 -0.783508 -0.799420 7
0.355656 -0.806397 -0.799590 7
0.328868 -0.809510 -0.799119 7
0.301782 -0.792026 -0.797962 7
0.275687 -0.824855 -0.798673 7
0.248521 -0.810964 -0.797754 7
0.223390 -0.848241 -0.798750 7
0.196948 -0.849117 -0.798479 7
0.174026 -0.905079 -0.800279 7
0.144181 -0.852990 -0.798178 7
0.118311 -0.861090 -0.798336 7
0.089505 -0.836240 -0.797338 7
0.062689 -0.835982 -0.797298 7
0.039059 -0.864800 -0.798381 7
0.012857 -0.868285 -0.798588 7
-0.012854 -0.875488 -0.798986 7
-0.044250 -0.841599 -0.797933 7
-0.068203 -0.862228 -0.798933 7
-0.091495 -0.884974 -0.800061 7
-0.125848 -0.840163 -0.798788 7
-0.146180 -0.879125 -0.800611 7
-0.184217 -0.820590 -0.798971 7
-0.211947 -0.820298 -0.799494 7
-0.239527 -0.821238 -0.800119 7
-0.267765 -0.819563 -0.800710 7
-0.306257 -0.773485 -0.799802 7
-0.324900 -0.815296 -0.802041 7
-0.348735 -0.833271 -0.803492 7
-0.382037 -0.813587 -0.803704 7
-0.400961 -0.849622 -0.805879 7
-0.424345 -0.867481 -0.807481 7
-0.455026 -0.859224 -0.808265 7
-0.482413 -0.863093 -0.809515 7
-0.506053 -0.879364 -0.811226 7
-0.532019 -0.887793 -0.812736 7
-0.565059 -0.874690 -0.813625 7
-0.593672 -0.875950 -0.815037 7
-0.628461 -0.859997 -0.815989 7
-0.656080 -0.865392 -0.817663 7
-0.683345 -0.871962 -0.819434 7
-0.711427 -0.876552 -0.821209 7
-0.752044 -0.849488 -0.822158 7
-0.786628 -0.839371 -0.823678 7
-0.807108 -0.864377 -0.826225 7
-0.827388 -0.889108 -0.828804 7
-0.881830 -0.834855 -0.829417 7
-0.908531 -0.845838 -0.831793 7
-0.931937 -0.864029 -0.834402 7
-0.977135 -0.835569 -0.835984 7
-1.014572 -0.825145 -0.838095 7
-1.041422 -0.837249 -0.840787 7
-1.067590 -0.850732 -0.843569 7
-1.101754 -0.848720 -0.846109 7
1.089349 -0.837645 -0.805624 7
1.069822 -0.803062 -0.802329 7
1.037706 -0.818201 -0.800803 7
1.016016 -0.790221 -0.797809 7
0.985548 -0.799795 -0.796216 7
0.960057 -0.787343 -0.793876 7
0.929268 -0.800382 -0.792549 7
0.905959 -0.776448 -0.789872 7
0.872627 -0.805272 -0.789294 7
0.847594 -0.789955 -0.787053 7
0.813319 -0.829843 -0.787079 7
0.791053 -0.797242 -0.784246 7
0.763240 -0.799243 -0.782867 7
0.737985 -0.783065 -0.780787 7
0.708426 -0.799327 -0.780120 7
0.678940 -0.818164 -0.779635 7
0.650912 -0.827166 -0.778798 7
0.626101 -0.805149 -0.776670 7
0.599592 -0.798354 -0.775249 7
0.570435 -0.824566 -0.775342 7
0.543434 -0.826937 -0.774442 7
0.517924 -0.805190 -0.772511 7
0.489759 -0.829601 -0.772714 7
0.464169 -0.801378 -0.770580 7
0.436560 -0.822789 -0.770765 7
0.409082 -0.857878 -0.771647 7
0.383489 -0.786978 -0.767673 7
0.356457 -0.768090 -0.766149 7
0.329466 -0.802974 -0.767190 7
0.302688 -0.811764 -0.767070 7
0.275630 -0.803950 -0.766221 7
0.249529 -0.827480 -0.766908 7
0.223659 -0.846702 -0.767448 7
0.198255 -0.868243 -0.768155 7
0.172166 -0.873151 -0.768125 7
0.144863 -0.860733 -0.767318 7
0.120397 -0.885765 -0.768353 7
0.090427 -0.846620 -0.766368 7
0.065911 -0.868685 -0.767366 7
0.042232 -0.894932 -0.768617 7
0.011441 -0.858786 -0.766930 7
-0.017107 -0.845548 -0.766393 7
-0.037500 -0.892715 -0.768800 7
-0.067921 -0.867414 -0.767791 7
-0.091019 -0.891522 -0.769195 7
-0.112980 -0.920067 -0.770858 7
-0.150478 -0.859172 -0.768324 7
-0.186436 -0.813192 -0.766566 7
-0.216365 -0.802596 -0.766545 7
-0.241115 -0.818349 -0.767820 7
-0.271357 -0.808000 -0.767925 7
-0.302591 -0.794694 -0.767953 7
-0.330865 -0.795432 -0.768695 7
-0.354821 -0.814031 -0.770315 7
-0.367844 -0.874068 -0.773875 7
-0.397740 -0.867155 -0.774419 7
-0.423610 -0.875713 -0.775722 7
-0.452934 -0.872194 -0.776537 7
-0.490091 -0.843187 -0.776284 7
-0.504624 -0.889863 -0.779439 7
-0.543847 -0.856686 -0.779141 7
-0.563189 -0.886427 -0.781643 7
-0.587567 -0.900050 -0.783493 7
-0.622705 -0.882682 -0.784086 7
-0.659669 -0.861796 -0.784613 7
-0.697527 -0.840230 -0.785198 7
-0.726920 -0.842532 -0.786841 7
-0.742594 -0.880117 -0.789959 7
-0.783421 -0.854014 -0.790591 7
-0.798597 -0.891597 -0.793793 7
-0.837092 -0.873086 -0.794877 7
-0.870188 -0.868410 -0.796574 7
-0.914243 -0.840099 -0.797481 7
-0.951246 -0.829074 -0.799124 7
-0.983223 -0.829816 -0.801274 7
-1.007963 -0.846085 -0.804036 7
-1.040840 -0.845721 -0.806289 7
-1.081935 -0.829735 -0.808108 7
-1.099620 -0.860244 -0.811523 7
-1.147598 -0.832843 -0.813164 7
1.112542 -0.867478 -0.776767 7
1.096318 -0.822078 -0.772644 7
1.058417 -0.859331 -0.772319 7
1.039124 -0.823556 -0.768695 7
1.015432 -0.804138 -0.765858 7
0.982640 -0.824324 -0.764956 7
0.961915 -0.790291 -0.761500 7
0.929212 -0.812408 -0.760827 7
0.906368 -0.786341 -0.757835 7
0.876345 -0.797100 -0.756727 7
0.852481 -0.774197 -0.753972 7
0.821871 -0.790169 -0.753251 7
0.791181 -0.809183 -0.752761 7
0.763316 -0.811775 -0.751482 7
0.735458 -0.815201 -0.750303 7
0.710494 -0.796652 -0.748006 7
0.679185 -0.830187 -0.748555 7
0.657992 -0.775376 -0.744384 7
0.626292 -0.818548 -0.745585 7
0.599128 -0.819839 -0.744563 7
0.574091 -0.794715 -0.742128 7
0.545012 -0.822136 -0.742662 7
0.518947 -0.807869 -0.740923 7
0.491723 -0.812061 -0.740269 7
0.463878 -0.834297 -0.740692 7
0.437499 -0.823021 -0.739267 7
0.410706 -0.821805 -0.738462 7
0.383666 -0.840437 -0.738849 7
0.357109 -0.803380 -0.736076 7
0.330065 -0.796208 -0.735071 7
0.303184 -0.807286 -0.735175 7
0.276013 -0.799607 -0.734238 7
0.249650 -0.819154 -0.734941 7
0.223865 -0.843748 -0.735997 7
0.197713 -0.853489 -0.736234 7
0.174706 -0.909931 -0.739272 7
0.146889 -0.886774 -0.737676 7
0.118353 -0.860693 -0.735952 7
0.089588 -0.837964 -0.734472 7
0.065047 -0.861325 -0.735764 7
0.043246 -0.905685 -0.738348 7
0.016053 -0.899016 -0.737964 7
-0.011274 -0.892762 -0.737654 7
-0.042622 -0.859197 -0.735781 7
-0.063325 -0.901333 -0.738427 7
-0.095195 -0.868948 -0.736726 7
-0.124892 -0.853562 -0.736081 7
-0.158200 -0.820175 -0.734433 7
-0.190253 -0.797364 -0.733464 7
-0.205990 -0.859354 -0.737510 7
-0.248689 -0.786785 -0.733747 7
-0.271700 -0.811345 -0.735705 7
-0.295654 -0.830150 -0.737374 7
-0.328926 -0.808803 -0.736773 7
-0.350237 -0.837819 -0.739128 7
-0.368486 -0.876931 -0.742100 7
-0.390922 -0.898015 -0.744079 7
-0.427728 -0.866512 -0.743126 7
-0.448582 -0.892940 -0.745506 7
-0.476559 -0.894257 -0.746520 7
-0.502857 -0.901418 -0.747913 7
-0.534691 -0.891315 -0.748406 7
-0.566337 -0.882929 -0.749058 7
-0.603697 -0.858813 -0.748920 7
-0.638098 -0.845088 -0.749422 7
-0.661195 -0.863921 -0.751738 7
-0.688189 -0.871753 -0.753515 7
-0.725692 -0.852277 -0.753913 7
-0.760330 -0.841678 -0.754856 7
-0.784495 -0.858035 -0.757259 7
-0.815034 -0.858767 -0.758914 7
-0.852877 -0.842926 -0.759804 7
-0.894006 -0.820959 -0.760476 7
-0.924384 -0.824554 -0.762496 7
-0.948186 -0.842806 -0.765288 7
-0.995773 -0.810431 -0.765719 7
-1.033665 -0.800205 -0.767307 7
-1.049847 -0.834827 -0.771049 7
-1.074935 -0.850903 -0.773974 7
-1.123643 -0.821380 -0.774922 7
-1.124709 -0.883414 -0.779992 7
-1.204940 -0.797689 -0.778715 7
1.141903 -0.874399 -0.747146 7
1.117686 -0.859438 -0.744262 7
1.093703 -0.842968 -0.741328 7
1.068076 -0.832198 -0.738757 7
1.041992 -0.822942 -0.736316 7
1.012365 -0.828578 -0.734795 7
0.986157 -0.819974 -0.732492 7
0.959700 -0.812261 -0.730287 7
0.932905 -0.805986 -0.728214 7
0.906444 -0.797882 -0.726077 7
0.881398 -0.781779 -0.723492 7
0.851889 -0.789942 -0.722453 7
0.824243 -0.788306 -0.720861 7
0.801414 -0.755982 -0.717378 7
0.769751 -0.780546 -0.717544 7
0.738905 -0.803119 -0.717657 7
0.712226 -0.796685 -0.715965 7
0.683256 -0.809338 -0.715562 7
0.655937 -0.809379 -0.714392 7
0.627371 -0.822721 -0.714150 7
0.599298 -0.833903 -0.713824 7
0.575305 -0.796350 -0.710306 7
0.547655 -0.801987 -0.709705 7
0.517058 -0.859503 -0.712649 7
0.492717 -0.814253 -0.708727 7
0.465747 -0.813298 -0.707834 7
0.439157 -0.800064 -0.706152 7
0.410988 -0.849205 -0.708779 7
0.384917 -0.802098 -0.704867 7
0.357816 -0.810313 -0.704794 7
0.330756 -0.802061 -0.703632 7
0.303924 -0.817543 -0.704160 7
0.275705 -0.768521 -0.700259 7
0.250109 -0.820304 -0.703410 7
0.223886 -0.836648 -0.704150 7
0.197726 -0.848886 -0.704653 7
0.170115 -0.835218 -0.703393 7
0.144846 -0.857428 -0.704691 7
0.118295 -0.859542 -0.704629 7
0.105138 -1.006408 -0.714783 5
0.082039 -1.028837 -0.716248 5
0.067123 -1.121108 -0.722670 5
0.040322 -1.101231 -0.721251 5
0.010529 -1.061852 -0.718503 5
-0.009987 -1.094289 -0.720848 5
-0.040394 -1.057174 -0.718348 5
-0.068750 -1.037815 -0.717143 5
-0.095937 -1.028009 -0.716654 5
-0.157030 -0.830835 -0.703094 7
-0.185986 -0.824298 -0.702949 7
-0.215824 -0.814459 -0.702624 7
-0.240726 -0.829663 -0.704095 7
-0.269678 -0.825490 -0.704266 7
-0.303246 -0.802008 -0.703150 7
-0.319096 -0.855164 -0.707389 7
-0.346134 -0.859592 -0.708301 7
-0.368041 -0.883987 -0.710632 7
-0.396706 -0.881939 -0.711193 7
-0.424629 -0.883195 -0.712032 7
-0.448945 -0.897327 -0.713796 7
-0.479354 -0.890673 -0.714200 7
-0.513747 -0.872125 -0.713862 7
-0.548472 -0.854257 -0.713636 7
-0.571569 -0.873162 -0.715922 7
-0.608943 -0.849631 -0.715445 7
-0.632483 -0.867323 -0.717750 7
-0.670745 -0.843934 -0.717417 7
-0.695220 -0.859327 -0.719675 7
-0.746536 -0.804571 -0.717465 7
-0.756770 -0.857303 -0.722230 7
-0.786912 -0.858743 -0.723755 7
-0.825169 -0.841211 -0.724148 7
-0.858661 -0.836268 -0.725406 7
-0.896357 -0.822579 -0.726194 7
-0.933828 -0.810645 -0.727170 7
-0.960120 -0.824054 -0.729760 7
-0.985890 -0.838498 -0.732461 7
-1.024150 -0.827111 -0.733685 7
-1.061004 -0.819680 -0.735225 7
-1.090668 -0.827313 -0.737716 7
-1.128854 -0.818845 -0.739351 7
-1.151505 -0.840513 -0.742766 7
-1.217477 -0.782368 -0.741802 7
1.266031 -0.763802 -0.714140 7
1.204948 -0.767946 -0.710027 7
1.144277 -0.876696 -0.715192 7
1.115155 -0.879377 -0.713405 7
1.094615 -0.850400 -0.709518 7
1.068550 -0.841333 -0.707018 7
1.039852 -0.842808 -0.705293 7
1.020381 -0.805634 -0.700911 7
0.988741 -0.819826 -0.700173 7
0.957109 -0.835824 -0.699632 7
0.928161 -0.840799 -0.698370 7
0.903142 -0.826664 -0.695778 7
0.879423 -0.804536 -0.692638 7
0.854150 -0.789320 -0.690033 7
0.828444 -0.775445 -0.687563 7
0.798953 -0.784636 -0.686848 7
0.768812 -0.800024 -0.686657 7
0.742192 -0.792342 -0.684787 7
0.714367 -0.793513 -0.683631 7
0.686151 -0.798734 -0.682833 7
0.654927 -0.833348 -0.684342 7
0.629300 -0.818221 -0.682090 7
0.600386 -0.837468 -0.682536 7
0.575033 -0.816810 -0.679936 7
0.547902 -0.816619 -0.678968 7
0.521004 -0.813021 -0.677779 7
0.494148 -0.807776 -0.676502 7
0.464417 -0.871055 -0.680687 7
0.438703 -0.845104 -0.677871 7
0.413059 -0.793907 -0.673077 7
0.385788 -0.796570 -0.672603 7
0.358509 -0.821431 -0.673952 7
0.331105 -0.757245 -0.668209 7
0.304584 -0.823023 -0.672942 7
0.276067 -0.763046 -0.667603 7
0.249474 -0.790425 -0.669348 7
0.231026 -0.988498 -0.684962 5
0.209098 -1.053423 -0.689878 5
0.187826 -1.109616 -0.694141 5
0.159762 -1.059084 -0.689780 5
0.134805 -1.058068 -0.689480 5
0.111506 -1.075594 -0.690731 5
0.081240 -1.022061 -0.686234 5
0.062291 -1.079421 -0.690813 5
0.034968 -1.059136 -0.689105 5
0.011268 -1.069916 -0.689971 5
-0.015374 -1.058755 -0.689089 5
-0.037322 -1.080665 -0.690944 5
-0.066596 -1.054629 -0.688933 5
-0.091217 -1.059402 -0.689474 5
-0.116807 -1.058716 -0.689612 5
-0.144491 -1.047503 -0.688938 5
-0.167001 -1.063793 -0.690540 5
-0.197037 -1.043055 -0.689181 5
-0.215059 -1.079430 -0.692489 5
-0.300341 -0.819755 -0.671933 7
-0.317822 -0.865612 -0.676120 7
-0.334676 -0.910787 -0.680282 7
-0.358911 -0.924496 -0.681952 7
-0.402084 -0.867438 -0.678007 7
-0.417307 -0.914912 -0.682466 7
-0.456119 -0.878226 -0.680266 7
-0.480201 -0.893595 -0.682255 7
-0.514070 -0.876962 -0.681761 7
-0.541332 -0.882490 -0.683069 7
-0.581221 -0.850126 -0.681461 7
-0.599955 -0.882083 -0.684934 7
-0.636275 -0.862819 -0.684469 7
-0.664326 -0.867958 -0.685952 7
-0.698468 -0.857074 -0.686257 7
-0.732514 -0.847588 -0.686733 7
-0.756621 -0.864258 -0.689256 7
-0.792412 -0.851889 -0.689632 7
-0.833200 -0.828781 -0.689275 7
-0.852365 -0.857781 -0.692873 7
-0.900987 -0.819035 -0.691499 7
-0.932141 -0.821440 -0.693244 7
-0.957300 -0.837239 -0.696022 7
-0.998677 -0.818719 -0.696370 7
-1.020928 -0.840968 -0.699719 7
-1.076888 -0.795142 -0.698283 7
-1.094271 -0.827633 -0.702470 7
-1.140019 -0.804942 -0.702847 7
-1.165390 -0.822016 -0.706060 7
-1.197222 -0.827134 -0.708505 7
-1.216020 -0.855968 -0.712610 7
1.180803 -0.860276 -0.683713 7
1.141146 -0.898215 -0.684733 7
1.109499 -0.910502 -0.683829 7
1.089088 -0.882009 -0.679743 7
1.069661 -0.847933 -0.675221 7
1.042385 -0.843527 -0.673111 7
1.017461 -0.829292 -0.670243 7
0.990961 -0.821311 -0.667922 7
0.961776 -0.825574 -0.666655 7
0.935757 -0.815391 -0.664238 7
0.910735 -0.799617 -0.661390 7
0.880777 -0.809234 -0.660715 7
0.854740 -0.798205 -0.658346 7
0.829873 -0.779372 -0.655347 7
0.796918 -0.810344 -0.656652 7
0.767419 -0.822437 -0.656402 7
0.743667 -0.794892 -0.652772 7
0.715404 -0.799052 -0.651926 7
0.690005 -0.780135 -0.649109 7
0.657871 -0.820582 -0.651542 7
0.636215 -0.763246 -0.645415 7
0.604792 -0.803754 -0.647966 7
0.574224 -0.843814 -0.650549 7
0.547246 -0.844038 -0.649644 7
0.520191 -0.846141 -0.648950 7
0.493675 -0.838937 -0.647462 7
0.466435 -0.846550 -0.647350 7
0.439889 -0.837392 -0.645765 7
0.413166 -0.828992 -0.644287 7
0.386697 -0.788330 -0.639911 7
0.359298 -0.799587 -0.640295 7
0.331832 -0.767289 -0.636744 7
0.305218 -0.827007 -0.641652 7
0.284893 -1.088572 -0.665154 5
0.260545 -1.093735 -0.665204 5
0.235375 -1.078648 -0.663428 5
0.211669 -1.096305 -0.664706 5
0.185269 -1.066839 -0.661673 5
0.159837 -1.058672 -0.660641 5
0.134072 -1.048813 -0.659489 5
0.109202 -1.051088 -0.659497 5
0.084308 -1.053128 -0.659522 5
0.055565 -1.020842 -0.656402 5
0.034270 -1.055428 -0.659523 5
0.007159 -1.041026 -0.658138 5
-0.016710 -1.052051 -0.659152 5
-0.039412 -1.069846 -0.660832 5
-0.068590 -1.045549 -0.658646 5
-0.088944 -1.076340 -0.661609 5
-0.114002 -1.078096 -0.661917 5
-0.134390 -1.104708 -0.664566 5
-0.165189 -1.077025 -0.662226 5
-0.192483 -1.069126 -0.661759 5
-0.214333 -1.087182 -0.663731 5
-0.245925 -1.061712 -0.661725 5
-0.265164 -1.090361 -0.664749 5
-0.333454 -0.920829 -0.649599 7
-0.370105 -0.886689 -0.646964 7
-0.395909 -0.895767 -0.648340 7
-0.425026 -0.892874 -0.648666 7
-0.454414 -0.889757 -0.649017 7
-0.497038 -0.843406 -0.645491 7
-0.531345 -0.827367 -0.644780 7
-0.552907 -0.852485 -0.647840 7
-0.581964 -0.854000 -0.648811 7
-0.607037 -0.867561 -0.650909 7
-0.642983 -0.850106 -0.650278 7
-0.671598 -0.854329 -0.651638 7
-0.705188 -0.845593 -0.651897 7
-0.740056 -0.834585 -0.652014 7
-0.777319 -0.818704 -0.651765 7
-0.799908 -0.840192 -0.654847 7
-0.831532 -0.839555 -0.656042 7
-0.875430 -0.811009 -0.654879 7
-0.896181 -0.836880 -0.658479 7
-0.930591 -0.831895 -0.659472 7
-0.966334 -0.824868 -0.660355 7
-0.998459 -0.826364 -0.662024 7
-1.041102 -0.806828 -0.661988 7
-1.081754 -0.792796 -0.662494 7
-1.116987 -0.790614 -0.664059 7
-1.145406 -0.802161 -0.666818 7
-1.167376 -0.825843 -0.670614 7
-1.214623 -0.802975 -0.670689 7
-1.197630 -0.896364 -0.680162 7
1.294730 -0.789882 -0.651007 7
1.178137 -0.879802 -0.652967 7
1.158780 -0.847367 -0.648190 7
1.118823 -0.887371 -0.649985 7
1.093371 -0.876651 -0.647251 7
1.072127 -0.849227 -0.643018 7
1.035559 -0.882196 -0.644383 7
1.010572 -0.869562 -0.641591 7
0.992290 -0.826748 -0.636006 7
0.965186 -0.821233 -0.633931 7
0.938730 -0.812585 -0.631600 7
0.912417 -0.802863 -0.629203 7
0.879912 -0.825793 -0.629966 7
0.851352 -0.829513 -0.628949 7
0.824373 -0.824741 -0.627158 7
0.795740 -0.830405 -0.626420 7
0.764377 -0.855847 -0.627659 7
0.741139 -0.826478 -0.623593 7
0.720371 -0.773904 -0.617260 7
0.694735 -0.754350 -0.614191 7
0.664607 -0.773134 -0.614950 7
0.633063 -0.810386 -0.617604 7
0.605167 -0.815469 -0.617112 7
0.577239 -0.822694 -0.616880 7
0.549319 -0.832324 -0.616935 7
0.523508 -0.810808 -0.613895 7
0.495831 -0.818273 -0.613813 7
0.468038 -0.832525 -0.614464 7
0.441305 -0.822757 -0.612720 7
0.414557 -0.805942 -0.610291 7
0.387090 -0.820701 -0.611121 7
0.359173 -1.058642 -0.634850 5
0.334574 -1.100000 -0.638547 5
0.309631 -1.069823 -0.634941 5
0.285270 -1.085698 -0.636103 5
0.261294 -1.104277 -0.637584 5
0.235639 -1.077560 -0.634426 5
0.210018 -1.061330 -0.632381 5
0.185827 -1.072844 -0.633241 5
0.161898 -1.085339 -0.634241 5
0.133500 -1.041485 -0.629429 5
0.109651 -1.056319 -0.630742 5
0.083577 -1.047018 -0.629584 5
0.056146 -1.027643 -0.627413 5
0.033538 -1.051457 -0.629770 5
0.008136 -1.050918 -0.629630 5
-0.013476 -1.077765 -0.632377 5
-0.034198 -1.107482 -0.635460 5
-0.064951 -1.071572 -0.631746 5
-0.087123 -1.090584 -0.633785 5
-0.112954 -1.087681 -0.633580 5
-0.134189 -1.109687 -0.636002 5
-0.161913 -1.097541 -0.634908 5
-0.193000 -1.070984 -0.632355 5
-0.218737 -1.071607 -0.632665 5
-0.240538 -1.089739 -0.634827 5
-0.263946 -1.100126 -0.636221 5
-0.307166 -1.030985 -0.629428 5
-0.315051 -1.103359 -0.637303 5
-0.349599 -1.072253 -0.634528 5
-0.432835 -0.870616 -0.614259 7
-0.457971 -0.883193 -0.616106 7
-0.484122 -0.892058 -0.617610 7
-0.522598 -0.861361 -0.615108 7
-0.560470 -0.835057 -0.613114 7
-0.587956 -0.842114 -0.614572 7
-0.619025 -0.838854 -0.615025 7
-0.645391 -0.849595 -0.616942 7
-0.684674 -0.824886 -0.615325 7
-0.712255 -0.833257 -0.617096 7
-0.740809 -0.839193 -0.618667 7
-0.796718 -0.776644 -0.613446 7
-0.813480 -0.813716 -0.618227 7
-0.825161 -0.861484 -0.624090 7
-0.870491 -0.829368 -0.622087 7
-0.899870 -0.835477 -0.623916 7
-0.931499 -0.836906 -0.625335 7
-0.971122 -0.821689 -0.625188 7
-1.005359 -0.819080 -0.626330 7
-1.049484 -0.796982 -0.625655 7
-1.079848 -0.803996 -0.627847 7
-1.105474 -0.820530 -0.630996 7
-1.134465 -0.830513 -0.633566 7
-1.165788 -0.836323 -0.635791 7
-1.217443 -0.805500 -0.634650 7
-1.234996 -0.837351 -0.639424 7
1.313391 -0.744079 -0.612811 7
1.211715 -0.874915 -0.621956 7
1.177083 -0.893820 -0.622037 7
1.152990 -0.878100 -0.618674 7
1.120468 -0.892041 -0.618367 7
1.100954 -0.859051 -0.613299 7
1.078519 -0.835312 -0.609193 7
1.046717 -0.847981 -0.608890 7
1.017280 -0.852307 -0.607773 7
0.990511 -0.845826 -0.605569 7
0.961472 -0.849714 -0.604496 7
0.941911 -0.808825 -0.598719 7
0.911327 -0.820149 -0.598509 7
0.888208 -0.793417 -0.594277 7
0.859091 -0.797985 -0.593428 7
0.822973 -0.845324 -0.597245 7
0.794463 -0.850949 -0.596620 7
0.779248 -0.768194 -0.586418 7
0.744380 -0.816157 -0.590472 7
0.721243 -0.780831 -0.585470 7
0.694413 -0.771279 -0.583317 7
0.669128 -0.746446 -0.579509 7
0.634570 -0.810343 -0.585552 7
0.605160 -0.831327 -0.586909 7
0.580563 -0.798013 -0.582267 7
0.551504 -0.819222 -0.583735 7
0.524596 -0.812481 -0.582122 7
0.488421 -0.983625 -0.600529 5
0.461589 -1.010870 -0.602860 5
0.434371 -1.066785 -0.608476 5
0.409782 -1.054828 -0.606475 5
0.384461 -1.081681 -0.608903 5
0.359815 -1.065048 -0.606436 5
0.335075 -1.085844 -0.608255 5
0.309784 -1.046167 -0.603220 5
0.286481 -1.115873 -0.610695 5
0.260653 -1.074968 -0.605577 5
0.237203 -1.105712 -0.608684 5
0.210934 -1.073731 -0.604639 5
0.187098 -1.090067 -0.606166 5
0.162323 -1.089715 -0.605811 5
0.136555 -1.077892 -0.604169 5
0.105438 -1.011204 -0.596240 5
0.080126 -1.014328 -0.596378 5
0.056832 -1.035373 -0.598615 5
0.027591 -1.004643 -0.594916 5
0.005851 -1.035985 -0.598412 5
-0.011230 -1.096431 -0.605303 5
-0.042261 -1.057115 -0.600712 5
-0.068287 -1.054161 -0.600352 5
-0.091169 -1.070428 -0.602245 5
-0.114366 -1.083621 -0.603817 5
-0.143330 -1.065615 -0.601821 5
-0.168741 -1.067582 -0.602165 5
-0.190439 -1.087470 -0.604610 5
-0.215647 -1.090090 -0.605096 5
-0.237330 -1.108231 -0.607404 5
-0.262290 -1.111689 -0.608054 5
-0.307078 -1.036268 -0.599671 5
-0.315008 -1.108433 -0.608288 5
-0.354197 -1.060378 -0.603134 5
-0.376885 -1.074919 -0.605200 5
-0.465124 -0.864350 -0.581556 7
-0.492530 -0.869988 -0.582710 7
-0.533770 -0.831550 -0.578879 7
-0.555356 -0.856924 -0.582364 7
-0.596497 -0.822666 -0.579109 7
-0.623465 -0.832191 -0.580873 7
-0.649563 -0.844135 -0.582948 7
-0.689837 -0.817205 -0.580677 7
-0.718772 -0.822453 -0.582084 7
-0.756253 -0.805937 -0.581092 7
-0.786794 -0.808286 -0.582265 7
-0.817596 -0.810443 -0.583462 7
-0.838512 -0.836519 -0.587363 7
-0.879597 -0.815192 -0.586041 7
-0.925671 -0.784298 -0.583727 7
-0.960669 -0.779863 -0.584397 7
-0.969534 -0.832199 -0.591343 7
-1.005241 -0.826514 -0.591962 7
-1.034045 -0.835776 -0.594262 7
-1.071876 -0.827233 -0.594678 7
-1.116283 -0.806913 -0.593888 7
-1.158215 -0.792844 -0.593843 7
-1.170407 -0.835247 -0.599893 7
-1.199326 -0.846030 -0.602598 7
-1.232771 -0.848938 -0.604517 7
-1.271216 -0.843674 -0.605633 7
1.314149 -0.842900 -0.591346 7
1.319517 -0.736451 -0.577668 7
1.241546 -0.883176 -0.592083 7
1.216731 -0.869205 -0.588740 7
1.184032 -0.881085 -0.588334 7
1.160826 -0.861590 -0.584434 7
1.131352 -0.863627 -0.583005 7
1.102172 -0.865273 -0.581577 7
1.071855 -0.871975 -0.580773 7
1.046168 -0.861144 -0.577993 7
1.017847 -0.860965 -0.576479 7
1.002032 -0.806554 -0.568684 7
0.961327 -0.861650 -0.573692 7
0.941049 -0.824535 -0.567955 7
0.912430 -0.826264 -0.566807 7
0.886252 -0.815749 -0.564248 7
0.861019 -0.799311 -0.561014 7
0.823343 -0.855263 -0.566445 7
0.804462 -0.800330 -0.558678 7
0.777083 -0.795722 -0.556952 7
0.747832 -0.804450 -0.556869 7
0.721440 -0.792937 -0.554380 7
0.694101 -0.787993 -0.552716 7
0.666844 -0.781969 -0.550954 7
0.640369 -0.767512 -0.548195 7
0.591846 -0.994026 -0.574955 5
0.564306 -1.015806 -0.576772 5
0.540281 -0.994634 -0.573352 5
0.510619 -1.058905 -0.580489 5
0.484756 -1.074379 -0.581663 5
0.459539 -1.082174 -0.581925 5
0.434444 -1.091318 -0.582390 5
0.410411 -1.062565 -0.578177 5
0.385363 -1.068913 -0.578356 5
0.360336 -1.102893 -0.582017 5
0.335807 -1.110349 -0.582407 5
0.310648 -1.067873 -0.576576 5
0.285849 -1.072763 -0.576700 5
0.261116 -1.077256 -0.576807 5
0.236643 -1.086044 -0.577486 5
0.210148 -1.054616 -0.573133 5
0.187830 -1.098842 -0.578340 5
0.160672 -1.065751 -0.573830 5
0.137999 -1.094883 -0.577203 5
0.103922 -0.995220 -0.564329 5
0.083914 -1.052409 -0.571312 5
0.052049 -0.994287 -0.563736 5
0.029430 -1.021833 -0.567035 5
0.004408 -1.027478 -0.567594 5
-0.021776 -1.024575 -0.567100 5
-0.047836 -1.023331 -0.566847 5
-0.060151 -1.108046 -0.577530 5
-0.092744 -1.064787 -0.572011 5
-0.114875 -1.084575 -0.574521 5
-0.139918 -1.087491 -0.574922 5
-0.161487 -1.107884 -0.577570 5
-0.189775 -1.094913 -0.576018 5
-0.217328 -1.086911 -0.575128 5
-0.241739 -1.093677 -0.576142 5
-0.271714 -1.077262 -0.574252 5
-0.289748 -1.110165 -0.578637 5
-0.322342 -1.085287 -0.575743 5
-0.344074 -1.102728 -0.578232 5
-0.377129 -1.079228 -0.575584 5
-0.400101 -1.092349 -0.577592 5
-0.463512 -0.971562 -0.562770 5
-0.527396 -0.857851 -0.548911 7
-0.573572 -0.806718 -0.542987 7
-0.590814 -0.845819 -0.548432 7
-0.629098 -0.822123 -0.546041 7
-0.662172 -0.815029 -0.545774 7
-0.692763 -0.815674 -0.546515 7
-0.737350 -0.779804 -0.542751 7
-0.744299 -0.843304 -0.551389 7
-0.791570 -0.803047 -0.547176 7
-0.827936 -0.792063 -0.546647 7
-0.850512 -0.814891 -0.550339 7
-0.885608 -0.808243 -0.550434 7
-0.923470 -0.796303 -0.549928 7
-0.969250 -0.768217 -0.547500 7
-0.995952 -0.782865 -0.550352 7
-1.004436 -0.835366 -0.557841 7
-1.044699 -0.821331 -0.557273 7
-1.066943 -0.844343 -0.561239 7
-1.096180 -0.853332 -0.563546 7
-1.156547 -0.803552 -0.558850 7
-1.159937 -0.862138 -0.567190 7
-1.210458 -0.833431 -0.565145 7
-1.241650 -0.840836 -0.567457 7
-1.265915 -0.860549 -0.571265 7
1.327896 -0.813314 -0.554406 7
1.337685 -0.692732 -0.537819 7
1.245792 -0.880359 -0.559068 7
1.212213 -0.894164 -0.559085 7
1.196691 -0.849523 -0.551895 7
1.163559 -0.862784 -0.551924 7
1.132807 -0.869090 -0.551136 7
1.095331 -0.901313 -0.553660 7
1.072242 -0.881252 -0.549641 7
1.052659 -0.846031 -0.543713 7
1.019091 -0.866762 -0.544925 7
0.990827 -0.866727 -0.543535 7
0.965276 -0.854846 -0.540659 7
0.938480 -0.848311 -0.538498 7
0.916145 -0.819244 -0.533450 7
0.884382 -0.837478 -0.534557 7
0.860471 -0.814472 -0.530340 7
0.830287 -0.826340 -0.530699 7
0.808436 -0.787965 -0.524512 7
0.777146 -0.808145 -0.526033 7
0.751628 -0.790422 -0.522602 7
0.723585 -0.789981 -0.521479 7
0.694482 -0.798818 -0.521621 7
0.666349 -0.800980 -0.520915 7
0.619512 -0.989734 -0.545129 5
0.592562 -1.000875 -0.545753 5
0.563254 -1.044163 -0.550721 5
0.535394 -1.079467 -0.554674 5
0.506831 -1.137647 -0.561756 5
0.486148 -1.067183 -0.551548 5
0.459825 -1.097529 -0.554954 5
0.435061 -1.098940 -0.554487 5
0.410927 -1.075081 -0.550621 5
0.385684 -1.099166 -0.553286 5
0.361168 -1.059893 -0.547367 5
0.336046 -1.047900 -0.545177 5
0.311894 -1.115141 -0.553829 5
0.287071 -1.103611 -0.551765 5
0.261698 -1.082957 -0.548475 5
0.237211 -1.091796 -0.549249 5
0.210906 -1.064102 -0.545039 5
0.188825 -1.111758 -0.551200 5
0.162315 -1.086738 -0.547408 5
0.135939 -1.069618 -0.544724 5
0.111027 -1.072325 -0.544795 5
0.082897 -1.043517 -0.540550 5
0.056758 -1.037918 -0.539529 5
0.024644 -0.984652 -0.531955 5
0.000941 -1.003632 -0.534380 5
-0.021542 -1.029061 -0.537727 5
-0.042839 -1.059478 -0.541795 5
-0.071915 -1.038387 -0.538771 5
-0.089715 -1.086077 -0.545288 5
-0.112950 -1.098981 -0.547024 5
-0.141473 -1.083319 -0.544836 5
-0.161683 -1.111016 -0.548674 5
-0.186486 -1.114780 -0.549230 5
-0.212241 -1.114357 -0.549236 5
-0.226670 -1.163391 -0.556108 5
-0.259692 -1.131773 -0.551857 5
-0.282286 -1.144601 -0.553779 5
-0.309778 -1.138194 -0.553072 5
-0.346182 -1.100010 -0.548010 5
-0.371930 -1.102794 -0.548634 5
-0.401838 -1.091665 -0.547371 5
-0.440330 -1.053508 -0.542420 5
-0.472248 -1.039328 -0.540808 5
-0.515686 -0.991095 -0.534553 5
-0.594474 -0.841035 -0.514368 7
-0.629196 -0.828105 -0.513066 7
-0.663353 -0.818090 -0.512203 7
-0.698559 -0.806366 -0.511146 7
-0.717657 -0.838410 -0.516105 7
-0.757344 -0.816384 -0.513719 7
-0.801157 -0.785853 -0.510223 7
-0.825567 -0.804634 -0.513478 7
-0.858192 -0.803595 -0.514075 7
-0.885992 -0.814294 -0.516301 7
-0.915438 -0.821341 -0.518068 7
-0.942033 -0.834853 -0.520742 7
-0.984850 -0.813732 -0.518795 7
-1.028755 -0.791980 -0.516820 7
-1.053713 -0.810312 -0.520261 7
-1.079158 -0.827428 -0.523571 7
-1.122805 -0.809162 -0.522209 7
-1.138358 -0.845443 -0.528137 7
-1.181526 -0.829714 -0.527207 7
-1.210695 -0.840591 -0.529843 7
-1.249559 -0.834517 -0.530291 7
-1.281323 -0.841608 -0.532516 7
-1.317349 -0.841848 -0.533891 7
1.349804 -0.848084 -0.526993 7
1.368002 -0.707523 -0.506461 7
1.281487 -0.871992 -0.526772 7
1.254983 -0.862310 -0.523823 7
1.217819 -0.886604 -0.525505 7
1.186938 -0.892359 -0.524730 7
1.170728 -0.848810 -0.517263 7
1.129658 -0.890902 -0.521531 7
1.109719 -0.858816 -0.515668 7
1.070099 -0.900189 -0.519957 7
1.047575 -0.877264 -0.515406 7
1.019567 -0.875740 -0.513846 7
1.001956 -0.829451 -0.506067 7
0.963837 -0.872615 -0.510811 7
0.937732 -0.863256 -0.508246 7
0.912190 -0.850675 -0.505252 7
0.885984 -0.840793 -0.502660 7
0.859953 -0.829373 -0.499875 7
0.829718 -0.841872 -0.500514 7
0.798596 -0.861983 -0.502280 7
0.779162 -0.807509 -0.493429 7
0.747752 -0.831189 -0.495771 7
0.724325 -0.797854 -0.489968 7
0.701365 -0.755780 -0.482913 7
0.674237 -0.744358 -0.480287 7
0.615809 -1.040306 -0.522166 5
0.590407 -1.039041 -0.521156 5
0.561079 -1.085969 -0.527177 5
0.535569 -1.093099 -0.527457 5
0.511523 -1.079463 -0.524737 5
0.484492 -1.117959 -0.529657 5
0.460209 -1.110428 -0.527883 5
0.435427 -1.114021 -0.527763 5
0.411026 -1.104980 -0.525813 5
0.386858 -1.067393 -0.519683 5
0.361866 -1.053555 -0.517062 5
0.336725 -1.062138 -0.517771 5
0.312411 -1.115092 -0.525068 5
0.286562 -1.064669 -0.517109 5
0.262011 -1.080841 -0.519026 5
0.237950 -1.101410 -0.521627 5
0.212732 -1.093458 -0.520023 5
0.187217 -1.083678 -0.518169 5
0.163359 -1.099572 -0.520159 5
0.136160 -1.071857 -0.515681 5
0.115161 -1.117335 -0.522136 5
0.087093 -1.085540 -0.517094 5
0.054250 -1.017175 -0.506609 5
0.027011 -1.006169 -0.504707 5
0.002678 -1.019320 -0.506441 5
-0.018354 -1.054392 -0.511482 5
-0.043599 -1.057565 -0.511780 5
-0.068686 -1.061781 -0.512259 5
-0.090172 -1.086974 -0.515907 5
-0.113891 -1.097553 -0.517393 5
-0.142017 -1.084451 -0.515356 5
-0.166710 -1.090161 -0.516164 5
-0.183225 -1.134459 -0.522781 5
-0.213030 -1.115206 -0.519900 5
-0.241512 -1.103806 -0.518221 5
-0.264246 -1.117587 -0.520342 5
-0.292148 -1.110229 -0.519321 5
-0.314609 -1.124646 -0.521589 5
-0.350228 -1.090219 -0.516569 5
-0.376634 -1.091317 -0.516896 5
-0.395641 -1.118014 -0.521080 5
-0.429467 -1.094638 -0.517801 5
-0.455253 -1.098857 -0.518677 5
-0.494544 -1.061793 -0.513417 5
-0.532938 -1.030250 -0.509017 5
-0.634798 -0.818218 -0.477756 7
-0.666157 -0.816620 -0.477916 7
-0.702030 -0.803431 -0.476386 7
-0.732856 -0.804862 -0.477065 7
-0.765665 -0.801703 -0.477096 7
-0.793550 -0.811548 -0.479090 7
-0.835089 -0.788382 -0.476228 7
-0.863763 -0.797346 -0.478159 7
-0.894403 -0.801920 -0.479475 7
-0.929164 -0.797637 -0.479519 7
-0.958085 -0.806896 -0.481595 7
-0.966280 -0.860341 -0.490191 7
-1.033310 -0.789812 -0.480626 7
-1.060350 -0.804185 -0.483557 7
-1.075275 -0.842426 -0.490004 7
-1.118088 -0.825708 -0.488462 7
-1.157960 -0.815926 -0.487978 7
-1.180899 -0.838404 -0.492220 7
-1.216576 -0.837583 -0.493117 7
-1.231393 -0.874158 -0.499452 7
-1.271254 -0.866661 -0.499463 7
-1.321416 -0.842790 -0.497174 7
1.371103 -0.798778 -0.486232 7
1.308860 -0.889373 -0.497765 7
1.277621 -0.893882 -0.496852 7
1.257021 -0.866467 -0.491294 7
1.216397 -0.901521 -0.494943 7
1.196479 -0.871335 -0.489019 7
1.168531 -0.866941 -0.486923 7
1.130209 -0.899487 -0.490355 7
1.107014 -0.879481 -0.486004 7
1.079067 -0.876587 -0.484228 7
1.063255 -0.825752 -0.475277 7
1.021704 -0.877802 -0.481821 7
0.992223 -0.882768 -0.481324 7
0.974969 -0.833394 -0.472621 7
0.944143 -0.844176 -0.473055 7
0.921502 -0.815819 -0.467559 7
0.887865 -0.842652 -0.470508 7
0.862669 -0.826304 -0.466888 7
0.837313 -0.809520 -0.463218 7
0.803919 -0.841154 -0.467024 7
0.780358 -0.812351 -0.461548 7
0.752723 -0.808926 -0.460008 7
0.722659 -0.824025 -0.461367 7
0.696106 -0.813191 -0.458732 7
0.670914 -0.788804 -0.454006 7
0.618648 -1.026145 -0.490149 5
0.587420 -1.085882 -0.498685 5
0.561745 -1.092819 -0.499008 5
0.540060 -1.047113 -0.491094 5
0.512226 -1.085631 -0.496424 5
0.486044 -1.107650 -0.499200 5
0.460779 -1.118900 -0.500311 5
0.437188 -1.087441 -0.494701 5
0.412795 -1.064555 -0.490456 5
0.387012 -1.108547 -0.496825 5
0.362423 -1.078999 -0.491563 5
0.337444 -1.085232 -0.491998 5
0.312578 -1.091249 -0.492424 5
0.287107 -1.068141 -0.488234 5
0.263181 -1.103731 -0.493423 5
0.238190 -1.099716 -0.492322 5
0.213237 -1.098308 -0.491658 5
0.186927 -1.076328 -0.487723 5
0.164791 -1.117720 -0.493958 5
0.137281 -1.084952 -0.488334 5
0.111470 -1.077873 -0.486846 5
0.090409 -1.118951 -0.493115 5
0.050665 -0.986863 -0.471578 5
0.024994 -0.991759 -0.472070 5
0.002001 -1.016681 -0.475810 5
-0.019208 -1.051182 -0.481121 5
-0.047480 -1.035090 -0.478308 5
-0.065722 -1.083483 -0.485912 5
-0.088518 -1.100184 -0.488434 5
-0.112842 -1.107095 -0.489400 5
-0.143621 -1.080061 -0.484912 5
-0.173443 -1.060928 -0.481719 5
-0.185646 -1.127263 -0.492349 5
-0.203672 -1.161773 -0.497865 5
-0.227591 -1.168336 -0.498892 5
-0.257250 -1.151124 -0.496102 5
-0.287226 -1.134515 -0.493432 5
-0.309580 -1.148658 -0.495751 5
-0.341418 -1.127505 -0.492395 5
-0.379936 -1.084846 -0.485591 5
-0.402727 -1.099141 -0.488007 5
-0.429004 -1.101501 -0.488520 5
-0.457307 -1.097770 -0.488075 5
-0.500641 -1.048685 -0.480344 5
-0.530648 -1.042787 -0.479605 5
-0.550752 -1.066248 -0.483620 5
-0.590971 -1.032696 -0.478482 5
-0.704100 -0.804324 -0.442046 7
-0.745713 -0.777644 -0.438104 7
-0.777262 -0.778751 -0.438661 7
-0.797871 -0.807536 -0.443688 7
-0.818885 -0.834363 -0.448423 7
-0.875259 -0.777224 -0.439737 7
-0.906735 -0.780656 -0.440789 7
-0.918894 -0.827592 -0.448822 7
-0.961560 -0.806445 -0.446006 7
-0.988497 -0.820289 -0.448807 7
-1.014915 -0.835138 -0.451795 7
-1.049934 -0.832528 -0.452036 7
-1.090325 -0.820076 -0.450751 7
-1.112238 -0.844377 -0.455329 7
-1.126819 -0.881965 -0.462030 7
-1.179401 -0.848678 -0.457559 7
-1.210943 -0.855292 -0.459430 7
-1.257579 -0.835759 -0.457223 7
-1.283699 -0.852956 -0.460830 7
-1.310899 -0.868251 -0.464167 7
1.377076 -0.792667 -0.450942 7
1.305885 -0.908200 -0.467593 7
1.289281 -0.869513 -0.460013 7
1.258531 -0.872253 -0.458996 7
1.242966 -0.827560 -0.450464 7
1.203655 -0.858273 -0.453958 7
1.171296 -0.868105 -0.454169 7
1.142521 -0.866583 -0.452596 7
1.116797 -0.854322 -0.449321 7
1.090087 -0.845398 -0.446603 7
1.062535 -0.839620 -0.444415 7
1.021134 -0.891064 -0.451546 7
0.999268 -0.863398 -0.445865 7
0.972585 -0.855442 -0.443406 7
0.942230 -0.864602 -0.443769 7
0.908147 -0.893701 -0.447438 7
0.890277 -0.841767 -0.437830 7
0.863431 -0.834066 -0.435499 7
0.834949 -0.835533 -0.434703 7
0.804494 -0.849932 -0.436075 7
0.775447 -0.857465 -0.436343 7
0.754706 -0.807988 -0.427163 7
0.728147 -0.795749 -0.424179 7
0.695996 -0.827903 -0.428620 7
0.648429 -1.003663 -0.457121 5
0.615192 -1.073679 -0.468038 5
0.588824 -1.084830 -0.469140 5
0.563518 -1.086263 -0.468637 5
0.536635 -1.110200 -0.471946 5
0.516354 -1.037607 -0.459007 5
0.488940 -1.072416 -0.464195 5
0.463466 -1.078896 -0.464629 5
0.437339 -1.108833 -0.469061 5
0.413506 -1.068855 -0.461665 5
0.387933 -1.095500 -0.465591 5
0.362992 -1.099726 -0.465736 5
0.338014 -1.079462 -0.461730 5
0.313128 -1.092789 -0.463465 5
0.287638 -1.071041 -0.459237 5
0.261795 -1.051727 -0.455436 5
0.238206 -1.092880 -0.461996 5
0.212553 -1.080935 -0.459494 5
0.187486 -1.082350 -0.459299 5
0.161297 -1.068468 -0.456499 5
0.136631 -1.076683 -0.457510 5
0.114715 -1.113274 -0.463423 5
0.090162 -1.117568 -0.463808 5
0.061087 -1.081294 -0.457227 5
0.027869 -1.017408 -0.445898 5
-0.001383 -0.993565 -0.441480 5
-0.024569 -1.016243 -0.445104 5
-0.050163 -1.020569 -0.445585 5
-0.072110 -1.047371 -0.449970 5
-0.095442 -1.063458 -0.452528 5
-0.112597 -1.112208 -0.460756 5
-0.141242 -1.096452 -0.457852 5
-0.167346 -1.095307 -0.457495 5
-0.184449 -1.137161 -0.464601 5
-0.210301 -1.136302 -0.464336 5
-0.228463 -1.169048 -0.469910 5
-0.262978 -1.132154 -0.463443 5
-0.287296 -1.139006 -0.464573 5
-0.327964 -1.083744 -0.454962 5
-0.337831 -1.145601 -0.465663 5
-0.369161 -1.127919 -0.462603 5
-0.399048 -1.116869 -0.460714 5
-0.427605 -1.111419 -0.459816 5
-0.444899 -1.142455 -0.465260 5
-0.491722 -1.081601 -0.454809 5
-0.512888 -1.101114 -0.458300 5
-0.553095 -1.065276 -0.452231 5
-0.580919 -1.066574 -0.452613 5
-0.617310 -1.045176 -0.449093 5
-0.747409 -0.779845 -0.403431 7
-0.773240 -0.795720 -0.406426 7
-0.798018 -0.813906 -0.409844 7
-0.825302 -0.825652 -0.412172 7
-0.864802 -0.808708 -0.409577 7
-0.880001 -0.848732 -0.416831 7
-0.915017 -0.843205 -0.416257 7
-0.966540 -0.802758 -0.409704 7
-0.988270 -0.827920 -0.414470 7
-1.014451 -0.843282 -0.417574 7
-1.051509 -0.836623 -0.416923 7
-1.089270 -0.829517 -0.416228 7
-1.102056 -0.871290 -0.423933 7
-1.157334 -0.832112 -0.417810 7
-1.180869 -0.853497 -0.422077 7
-1.199522 -0.883302 -0.427802 7
-1.252070 -0.853089 -0.423324 7
-1.268916 -0.885976 -0.429623 7
-1.333831 -0.837585 -0.422139 7
-1.362197 -0.851832 -0.425333 7
1.398486 -0.829847 -0.424147 7
1.354571 -0.865865 -0.428777 7
1.321676 -0.873099 -0.428591 7
1.293849 -0.866364 -0.426065 7
1.272426 -0.840170 -0.420241 7
1.228914 -0.882587 -0.426158 7
1.209433 -0.849921 -0.419263 7
1.186394 -0.827528 -0.414131 7
1.144173 -0.871409 -0.420436 7
1.116084 -0.867670 -0.418572 7
1.080505 -0.892563 -0.421694 7
1.057340 -0.871073 -0.416803 7
1.029534 -0.867381 -0.415020 7
1.001381 -0.865396 -0.413555 7
0.974902 -0.856254 -0.410862 7
0.937579 -0.897785 -0.417069 7
0.915027 -0.871054 -0.411338 7
0.887673 -0.867011 -0.409605 7
0.867820 -0.821916 -0.400650 7
0.840313 -0.816524 -0.398704 7
0.808748 -0.836009 -0.401183 7
0.783473 -0.817304 -0.396921 7
0.751784 -0.841562 -0.400307 7
0.723911 -0.841186 -0.399343 7
0.696605 -0.836659 -0.397660 7
0.642787 -1.067033 -0.437971 5
0.615990 -1.079430 -0.439424 5
0.594410 -1.038896 -0.431413 5
0.568727 -1.038580 -0.430621 5
0.541286 -1.062610 -0.434225 5
0.512931 -1.108904 -0.441871 5
0.488110 -1.106919 -0.440852 5
0.464624 -1.074315 -0.434320 5
0.439140 -1.081865 -0.435052 5
0.413840 -1.088482 -0.435637 5
0.388464 -1.109474 -0.438849 5
0.363763 -1.079386 -0.432815 5
0.338522 -1.059258 -0.428596 5
0.313417 -1.076147 -0.431122 5
0.287691 -1.054101 -0.426580 5
0.263525 -1.091119 -0.432818 5
0.237443 -1.068138 -0.428134 5
0.213473 -1.093487 -0.432291 5
0.186545 -1.064651 -0.426562 5
0.161908 -1.075369 -0.428083 5
0.139947 -1.116268 -0.435156 5
0.113597 -1.101592 -0.432065 5
0.088307 -1.100511 -0.431482 5
0.062887 -1.098909 -0.430820 5
0.036178 -1.087466 -0.428365 5
-0.000414 -1.003432 -0.412569 5
-0.026528 -1.005321 -0.412588 5
-0.042822 -1.072010 -0.424562 5
-0.070722 -1.059335 -0.421939 5
-0.097427 -1.055551 -0.420971 5
-0.120311 -1.073623 -0.424052 5
-0.136921 -1.122908 -0.432917 5
-0.171560 -1.078640 -0.424527 5
-0.187864 -1.125341 -0.432957 5
-0.210441 -1.140071 -0.435501 5
-0.234382 -1.148116 -0.436827 5
-0.250465 -1.188251 -0.444108 5
-0.285266 -1.151780 -0.437235 5
-0.312509 -1.147269 -0.436291 5
-0.342407 -1.133901 -0.433725 5
-0.378891 -1.098880 -0.427166 5
-0.405611 -1.099886 -0.427294 5
-0.423114 -1.131418 -0.433094 5
-0.452838 -1.122747 -0.431466 5
-0.486901 -1.101885 -0.427600 5
-0.513419 -1.105150 -0.428219 5
-0.556490 -1.061318 -0.420137 5
-0.580329 -1.074053 -0.422548 5
-0.607591 -1.077327 -0.423226 5
-0.639835 -1.067898 -0.421573 5
-0.777380 -0.791894 -0.370612 7
-0.797400 -0.822166 -0.376358 7
-0.822673 -0.838752 -0.379592 7
-0.863366 -0.818964 -0.376122 7
-0.895582 -0.820114 -0.376546 7
-0.919119 -0.841063 -0.380651 7
-0.951562 -0.842291 -0.381134 7
-0.991098 -0.829100 -0.378980 7
-1.014497 -0.850364 -0.383207 7
-1.049379 -0.848166 -0.383129 7
-1.088833 -0.837729 -0.381559 7
-1.120498 -0.843316 -0.382966 7
-1.137724 -0.876269 -0.389429 7
-1.186897 -0.849993 -0.385026 7
-1.198542 -0.892552 -0.393294 7
-1.252703 -0.859636 -0.387731 7
-1.282826 -0.869861 -0.390112 7
-1.325557 -0.859244 -0.388703 7
-1.365225 -0.854757 -0.388446 7
1.385702 -0.874666 -0.397891 7
1.361869 -0.855967 -0.393174 7
1.334067 -0.848018 -0.390418 7
1.299049 -0.861417 -0.391569 7
1.270537 -0.856450 -0.389404 7
1.247302 -0.835098 -0.384260 7
1.218676 -0.830391 -0.382175 7
1.180868 -0.856895 -0.385850 7
1.152073 -0.854386 -0.384223 7
1.125113 -0.845574 -0.381453 7
1.087974 -0.875047 -0.385786 7
1.061615 -0.865123 -0.382855 7
1.034632 -0.857457 -0.380358 7
1.000091 -0.881974 -0.383872 7
0.981139 -0.839583 -0.374938 7
0.950900 -0.846556 -0.375224 7
0.921957 -0.848390 -0.374574 7
0.892602 -0.853095 -0.374483 7
0.869129 -0.826735 -0.368575 7
0.841301 -0.823010 -0.366933 7
0.808045 -0.852671 -0.371607 7
0.785913 -0.814056 -0.363415 7
0.750828 -0.861127 -0.371441 7
0.725959 -0.839038 -0.366399 7
0.671846 -1.051285 -0.405869 5
0.644917 -1.061233 -0.407001 5
0.620206 -1.052134 -0.404526 5
0.594053 -1.057026 -0.404732 5
0.568017 -1.062183 -0.405008 5
0.543765 -1.045061 -0.401041 5
0.517062 -1.061453 -0.403501 5
0.490294 -1.085479 -0.407450 5
0.466460 -1.054659 -0.400892 5
0.440898 -1.056785 -0.400671 5
0.414583 -1.091321 -0.406707 5
0.389765 -1.072266 -0.402442 5
0.364486 -1.070601 -0.401541 5
0.339216 -1.078577 -0.402517 5
0.313609 -1.052066 -0.396840 5
0.288404 -1.064329 -0.398676 5
0.263726 -1.085517 -0.402261 5
0.236318 -1.034907 -0.391938 5
0.210967 -1.041876 -0.392793 5
0.186026 -1.053603 -0.394592 5
0.162109 -1.076643 -0.398611 5
0.138490 -1.098261 -0.402375 5
0.115104 -1.118229 -0.405839 5
0.073557 -0.957746 -0.374117 5
0.056717 -1.045634 -0.390857 5
0.027514 -1.018731 -0.385206 5
0.004226 -1.041037 -0.389185 5
-0.030676 -0.979056 -0.376690 5
-0.051092 -1.020815 -0.384509 5
-0.071972 -1.055032 -0.390875 5
-0.099408 -1.047697 -0.389117 5
-0.196452 -0.660083 -0.312759 7
-0.224470 -0.672172 -0.314797 7
-0.253703 -0.677604 -0.315546 7
-0.176936 -1.180945 -0.414163 5
-0.207248 -1.158777 -0.409568 5
-0.225105 -1.192378 -0.415954 5
-0.259583 -1.155412 -0.408472 5
-0.282107 -1.168967 -0.410944 5
-0.315918 -1.139258 -0.404912 5
-0.349444 -1.113320 -0.399633 5
-0.371247 -1.130827 -0.402927 5
-0.399623 -1.125377 -0.401712 5
-0.430699 -1.111992 -0.398947 5
-0.449983 -1.137141 -0.403795 5
-0.486216 -1.109504 -0.398247 5
-0.530291 -1.061003 -0.388596 5
-0.562535 -1.049833 -0.386324 5
-0.575515 -1.093224 -0.394834 5
-0.607383 -1.083790 -0.392936 5
-0.633859 -1.089495 -0.394042 5
-0.658770 -1.099366 -0.395986 5
-0.801447 -0.818917 -0.340650 7
-0.828832 -0.830747 -0.343015 7
-0.863432 -0.825697 -0.342068 7
-0.903721 -0.808579 -0.338758 7
-0.914530 -0.858203 -0.348634 7
-0.941413 -0.871237 -0.351309 7
-0.978973 -0.861765 -0.349563 7
-1.005106 -0.876810 -0.352671 7
-1.034994 -0.884223 -0.354293 7
-1.075712 -0.870728 -0.351814 7
-1.100647 -0.888614 -0.355537 7
-1.138014 -0.883119 -0.354675 7
-1.186079 -0.859016 -0.350173 7
-1.210395 -0.878934 -0.354355 7
-1.252661 -0.867361 -0.352364 7
-1.293179 -0.859928 -0.351210 7
-1.323174 -0.871010 -0.353716 7
-1.373486 -0.849178 -0.349783 7
1.398946 -0.849458 -0.359058 7
1.362056 -0.865828 -0.360995 7
1.334431 -0.857418 -0.358165 7
1.313437 -0.829558 -0.351573 7
1.281669 -0.833142 -0.351099 7
1.235816 -0.881727 -0.359427 7
1.218353 -0.842100 -0.350574 7
1.185825 -0.850849 -0.351183 7
1.156917 -0.848188 -0.349580 7
1.128101 -0.845550 -0.348000 7
1.091028 -0.874313 -0.352622 7
1.065447 -0.860995 -0.348979 7
1.034134 -0.870481 -0.349854 7
1.011485 -0.844456 -0.343721 7
0.980585 -0.853335 -0.344512 7
0.951014 -0.857407 -0.344372 7
0.926990 -0.835257 -0.339032 7
0.888996 -0.883344 -0.347700 7
0.864047 -0.866324 -0.343412 7
0.839820 -0.843706 -0.338011 7
0.813521 -0.831502 -0.334698 7
0.788048 -0.812873 -0.330105 7
0.757460 -0.827785 -0.332256 7
0.724182 -0.865571 -0.339035 7
0.678703 -1.008520 -0.367043 5
0.651354 -1.017727 -0.368158 5
0.621565 -1.052657 -0.374491 5
0.600821 -0.999300 -0.362992 5
0.570682 -1.045501 -0.371649 5
0.545494 -1.037884 -0.369427 5
0.518920 -1.049938 -0.371210 5
0.493676 -1.042524 -0.369052 5
0.467680 -1.049158 -0.369765 5
0.441559 -1.063590 -0.372084 5
0.415781 -1.076235 -0.374057 5
0.389949 -1.109026 -0.380165 5
0.365148 -1.073679 -0.372364 5
0.339948 -1.108580 -0.378943 5
0.314369 -1.067678 -0.370012 5
0.289450 -1.088670 -0.373775 5
0.263600 -1.070090 -0.369431 5
0.238597 -1.079825 -0.370914 5
0.213377 -1.082348 -0.370927 5
0.188309 -1.086915 -0.371375 5
0.162237 -1.076922 -0.368835 5
0.107737 -0.726509 -0.296059 7
0.100006 -0.955764 -0.342884 5
0.079120 -1.013069 -0.354260 5
0.044520 -0.938874 -0.338466 5
0.019635 -0.956521 -0.341672 5
-0.002064 -0.996050 -0.349430 5
-0.070976 -0.699045 -0.287435 7
-0.096450 -0.726482 -0.292682 7
-0.130973 -0.695375 -0.285793 7
-0.162254 -0.687218 -0.283677 7
-0.193622 -0.680028 -0.281773 7
-0.222572 -0.686680 -0.282760 7
-0.257307 -0.664714 -0.277804 7
-0.180711 -1.167438 -0.382152 5
-0.196343 -1.211941 -0.391128 5
-0.234874 -1.155057 -0.378983 5
-0.258414 -1.164845 -0.380746 5
-0.282580 -1.171844 -0.381941 5
-0.302652 -1.194211 -0.386359 5
-0.345501 -1.132689 -0.373262 5
-0.375421 -1.121367 -0.370659 5
-0.399902 -1.129671 -0.372171 5
-0.437896 -1.093932 -0.364480 5
-0.474443 -1.065652 -0.358356 5
-0.509247 -1.045027 -0.353843 5
-0.524511 -1.083732 -0.361765 5
-0.558792 -1.066329 -0.357949 5
-0.580639 -1.084868 -0.361675 5
-0.614070 -1.071760 -0.358782 5
-0.642734 -1.072349 -0.358771 5
-0.646925 -1.135344 -0.371861 5
-0.682945 -1.117084 -0.367924 5
-0.710657 -1.120221 -0.368487 5
-0.852984 -0.856906 -0.313149 7
-0.884625 -0.858869 -0.313484 7
-0.907416 -0.880867 -0.318038 7
-0.944866 -0.870803 -0.315878 7
-0.969149 -0.889470 -0.319762 7
-1.019638 -0.854192 -0.312337 7
-1.050846 -0.859740 -0.313497 7
-1.079674 -0.870286 -0.315721 7
-1.107283 -0.883287 -0.318476 7
-1.142079 -0.882952 -0.318446 7
-1.181338 -0.875159 -0.316866 7
-1.205461 -0.895241 -0.321153 7
-1.252856 -0.874670 -0.316924 7
-1.289375 -0.874129 -0.316916 7
-1.326377 -0.873474 -0.316900 7
1.411037 -0.827566 -0.320121 7
1.369929 -0.854521 -0.324538 7
1.329586 -0.881571 -0.329015 7
1.311543 -0.845652 -0.320535 7
1.277124 -0.857455 -0.321913 7
1.242721 -0.870580 -0.323591 7
1.218634 -0.851822 -0.318679 7
1.182107 -0.873952 -0.322270 7
1.159232 -0.850872 -0.316479 7
1.127655 -0.857957 -0.316980 7
1.097825 -0.859614 -0.316367 7
1.068963 -0.858186 -0.315126 7
1.044776 -0.838196 -0.310008 7
1.014683 -0.842049 -0.309897 7
0.983378 -0.852184 -0.311124 7
0.958580 -0.833599 -0.306326 7
0.921537 -0.873441 -0.313848 7
0.903822 -0.818777 -0.301455 7
0.865307 -0.871291 -0.311704 7
0.842727 -0.839139 -0.304071 7
0.811524 -0.856016 -0.306829 7
0.781951 -0.865074 -0.307949 7
0.757884 -0.837792 -0.301361 7
0.726907 -0.858408 -0.304967 7
0.677742 -1.029069 -0.340579 5
0.650441 -1.038929 -0.341977 5
0.628271 -1.002076 -0.333409 5
0.596830 -1.055994 -0.344254 5
0.575614 -1.002330 -0.332093 5
0.547446 -1.027892 -0.336906 5
0.519876 -1.052541 -0.341546 5
0.495238 -1.033324 -0.336781 5
0.466689 -1.092690 -0.348926 5
0.442227 -1.070186 -0.343473 5
0.417139 -1.055370 -0.339678 5
0.391338 -1.067965 -0.341803 5
0.365953 -1.052932 -0.337974 5
0.340549 -1.107968 -0.349305 5
0.314705 -1.052875 -0.336822 5
0.289391 -1.066456 -0.339211 5
0.263849 -1.065665 -0.338496 5
0.238082 -1.060466 -0.336833 5
0.213790 -1.085367 -0.341721 5
0.163543 -0.691125 -0.255434 7
0.132269 -0.664417 -0.249038 7
0.104043 -0.681404 -0.252167 7
0.074193 -0.677769 -0.250813 7
0.045706 -0.688641 -0.252636 7
0.013662 -0.666534 -0.247267 7
-0.012771 -0.694325 -0.252812 7
-0.044381 -0.679406 -0.249029 7
-0.070448 -0.705993 -0.254342 7
-0.104814 -0.675245 -0.247106 7
-0.135102 -0.673898 -0.246319 7
-0.158183 -0.714957 -0.254851 7
-0.197817 -0.661545 -0.242652 7
-0.221931 -0.694649 -0.249465 7
-0.255404 -0.678967 -0.245566 7
-0.284876 -0.684065 -0.246246 7
-0.202663 -1.188015 -0.356829 5
-0.232152 -1.171204 -0.352773 5
-0.246446 -1.218399 -0.362838 5
-0.287588 -1.156954 -0.348947 5
-0.311808 -1.164543 -0.350292 5
-0.343293 -1.145721 -0.345811 5
-0.378034 -1.117412 -0.339237 5
-0.416189 -1.080137 -0.330680 5
-0.453220 -1.049596 -0.323613 5
-0.486136 -1.034531 -0.319974 5
-0.510734 -1.046202 -0.322264 5
-0.547462 -1.022030 -0.316619 5
-0.567813 -1.046472 -0.321760 5
-0.584513 -1.080025 -0.328936 5
-0.613277 -1.079828 -0.328635 5
-0.638003 -1.090658 -0.330792 5
-0.663156 -1.100325 -0.332701 5
-0.685359 -1.117220 -0.336227 5
-0.713722 -1.119026 -0.336409 5
-0.734355 -1.139220 -0.340691 5
-0.874782 -0.888023 -0.284597 7
-0.909254 -0.883737 -0.283433 7
-0.947947 -0.871204 -0.280441 7
-0.993374 -0.845805 -0.274592 7
-1.017835 -0.865074 -0.278700 7
-1.057509 -0.853724 -0.275998 7
-1.090163 -0.857193 -0.276608 7
-1.124207 -0.858492 -0.276745 7
-1.157125 -0.862457 -0.277487 7
-1.196423 -0.855325 -0.275764 7
-1.227015 -0.864585 -0.277709 7
-1.241636 -0.901746 -0.285891 7
-1.294910 -0.872478 -0.279261 7
-1.351238 -0.840095 -0.271945 7
1.403050 -0.859295 -0.292130 7
1.371734 -0.859980 -0.291282 7
1.355786 -0.817861 -0.281106 7
1.314674 -0.847021 -0.286497 7
1.273270 -0.879560 -0.292661 7
1.246206 -0.870218 -0.289678 7
1.215648 -0.872049 -0.289156 7
1.192555 -0.849672 -0.283324 7
1.163300 -0.847527 -0.281946 7
1.130566 -0.858269 -0.283422 7
1.103380 -0.849718 -0.280656 7
1.069284 -0.867861 -0.283801 7
1.047447 -0.838475 -0.276441 7
1.012366 -0.863015 -0.281036 7
0.991895 -0.825814 -0.271945 7
0.959190 -0.842227 -0.274765 7
0.932871 -0.829807 -0.271186 7
0.898458 -0.858016 -0.276669 7
0.872466 -0.844459 -0.272855 7
0.847843 -0.822066 -0.267069 7
0.811086 -0.870931 -0.277227 7
0.786747 -0.846636 -0.271029 7
0.759540 -0.839284 -0.268629 7
0.732056 -0.833429 -0.266571 7
0.681596 -1.010968 -0.305755 5
0.656007 -1.003665 -0.303431 5
0.626437 -1.033370 -0.309452 5
0.601550 -1.020569 -0.305906 5
0.573041 -1.047798 -0.311403 5
0.549828 -1.012387 -0.302759 5
0.520565 -1.059275 -0.312733 5
0.496171 -1.035668 -0.306765 5
0.469907 -1.043368 -0.307893 5
0.443580 -1.057614 -0.310520 5
0.419073 -1.012957 -0.299773 5
0.392303 -1.055137 -0.308768 5
0.366467 -1.081829 -0.314263 5
0.341011 -1.069161 -0.310805 5
0.315182 -1.047776 -0.305358 5
0.289973 -1.071185 -0.310140 5
0.264203 -1.064310 -0.308016 5
0.238478 -1.062052 -0.306951 5
0.192236 -0.674409 -0.217632 7
0.160364 -0.637325 -0.208516 7
0.129657 -0.626835 -0.205494 7
0.101546 -0.650737 -0.210372 7
0.073395 -0.669625 -0.214115 7
0.041077 -0.644792 -0.207816 7
0.013034 -0.662834 -0.211384 7
-0.016920 -0.662899 -0.210824 7
-0.047094 -0.661834 -0.210010 7
-0.071435 -0.702323 -0.218793 7
-0.102220 -0.695847 -0.216749 7
-0.137405 -0.663710 -0.208778 7
-0.161323 -0.700976 -0.216858 7
-0.192035 -0.697583 -0.215543 7
-0.226533 -0.675521 -0.209909 7
-0.256217 -0.679864 -0.210395 7
-0.285241 -0.687425 -0.211636 7
-0.223076 -1.101364 -0.307251 5
-0.241223 -1.137073 -0.315118 5
-0.257258 -1.178843 -0.324412 5
-0.287348 -1.162678 -0.320243 5
-0.329223 -1.103981 -0.306169 5
-0.348595 -1.131581 -0.312191 5
-0.391955 -1.074141 -0.298396 5
-0.431925 -1.032683 -0.288318 5
-0.457649 -1.040765 -0.289799 5
-0.490180 -1.027512 -0.286303 5
-0.522306 -1.016878 -0.283421 5
-0.545262 -1.034313 -0.287107 5
-0.562100 -1.068550 -0.294736 5
-0.590472 -1.069496 -0.294582 5
-0.627063 -1.048970 -0.289400 5
-0.641119 -1.088578 -0.298321 5
-0.668523 -1.092855 -0.298967 5
-0.675396 -1.147677 -0.311486 5
-0.716154 -1.119377 -0.304497 5
-0.739751 -1.132879 -0.307331 5
-0.764124 -1.144462 -0.309722 5
-0.921782 -0.863140 -0.243189 7
-0.944538 -0.885536 -0.248104 7
-0.982956 -0.874725 -0.245206 7
-1.010926 -0.886335 -0.247596 7
-1.065752 -0.844642 -0.237423 7
-1.090692 -0.863524 -0.241539 7
-1.109021 -0.894675 -0.248560 7
-1.165638 -0.854198 -0.238676 7
-1.181952 -0.889055 -0.246590 7
-1.244124 -0.841992 -0.235149 7
-1.247986 -0.898377 -0.248172 7
-1.305335 -0.862624 -0.239409 7
-1.333393 -0.877480 -0.242625 7
1.376083 -0.858509 -0.256378 7
1.349629 -0.845787 -0.252573 7
1.323484 -0.831939 -0.248510 7
1.293937 -0.827973 -0.246734 7
1.261066 -0.834630 -0.247424 7
1.236328 -0.816229 -0.242320 7
1.196629 -0.846816 -0.248583 7
1.167393 -0.844172 -0.247152 7
1.132033 -0.863799 -0.250909 7
1.109037 -0.839576 -0.244473 7
1.082096 -0.829199 -0.241261 7
1.043712 -0.864634 -0.248748 7
1.027735 -0.809454 -0.235081 7
0.992706 -0.833614 -0.239959 7
0.960552 -0.847382 -0.242423 7
0.924969 -0.879664 -0.249245 7
0.904059 -0.841168 -0.239472 7
0.874709 -0.844314 -0.239474 7
0.847361 -0.836998 -0.237024 7
0.815369 -0.857327 -0.241089 7
0.784764 -0.871941 -0.243824 7
0.761363 -0.839675 -0.235504 7
0.736863 -0.811274 -0.228088 7
0.679347 -1.041689 -0.281901 5
0.657815 -1.001323 -0.271699 5
0.631782 -0.996433 -0.269894 5
0.601263 -1.037939 -0.279104 5
0.575778 -1.030872 -0.276799 5
0.548547 -1.045500 -0.279655 5
0.523022 -1.039143 -0.277528 5
0.496926 -1.041279 -0.277427 5
0.471148 -1.037928 -0.276023 5
0.445227 -1.037271 -0.275265 5
0.418895 -1.052332 -0.278267 5
0.393205 -1.046931 -0.276386 5
0.367316 -1.056604 -0.278117 5
0.341696 -1.088606 -0.285206 5
0.316213 -1.083780 -0.283481 5
0.290658 -1.080323 -0.282086 5
0.264358 -1.056892 -0.275894 5
0.239754 -1.084064 -0.281866 5
0.191406 -0.653175 -0.177586 7
0.160830 -0.641346 -0.174094 7
0.128131 -0.604118 -0.164476 7
0.101934 -0.654909 -0.176091 7
0.071249 -0.646943 -0.173537 7
0.036946 -0.605837 -0.162971 7
0.010647 -0.643557 -0.171466 7
-0.016952 -0.665080 -0.176058 7
-0.048430 -0.654678 -0.172923 7
-0.075022 -0.680485 -0.178572 7
-0.111103 -0.641412 -0.168481 7
-0.133605 -0.690970 -0.179915 7
-0.168536 -0.663555 -0.172653 7
-0.189993 -0.713153 -0.184127 7
-0.223668 -0.695010 -0.179123 7
-0.254541 -0.692980 -0.178042 7
-0.286878 -0.684867 -0.175478 7
-0.325381 -0.650623 -0.166533 7
-0.260482 -1.059754 -0.265934 5
-0.288841 -1.054877 -0.264236 5
-0.323883 -1.024795 -0.256369 5
-0.329030 -1.109721 -0.276665 5
-0.349518 -1.133321 -0.281961 5
-0.389694 -1.087279 -0.270181 5
-0.423995 -1.064713 -0.264149 5
-0.466377 -1.018105 -0.252203 5
-0.490268 -1.032910 -0.255343 5
-0.518811 -1.033213 -0.254922 5
-0.541953 -1.049812 -0.258515 5
-0.570681 -1.050087 -0.258092 5
-0.597132 -1.057123 -0.259339 5
-0.623850 -1.063564 -0.260442 5
-0.654801 -1.059218 -0.258884 5
-0.662957 -1.112915 -0.271675 5
-0.681271 -1.139354 -0.277744 5
-0.713006 -1.133009 -0.275705 5
-0.730289 -1.160937 -0.282157 5
-0.764222 -1.150472 -0.279100 5
-0.919426 -0.875306 -0.210349 7
-0.962653 -0.853864 -0.204510 7
-0.987620 -0.872132 -0.208533 7
-1.014718 -0.885794 -0.211417 7
-1.046617 -0.889902 -0.211928 7
-1.089091 -0.873984 -0.207453 7
-1.120328 -0.880672 -0.208608 7
-1.173902 -0.846486 -0.199568 7
-1.205999 -0.853225 -0.200732 7
-1.229433 -0.875581 -0.205800 7
-1.276323 -0.857210 -0.200694 7
-1.308146 -0.865692 -0.202299 7
-1.344053 -0.867756 -0.202300 7
1.383305 -0.849294 -0.219363 7
1.360203 -0.826633 -0.213096 7
1.329937 -0.823848 -0.211657 7
1.301176 -0.816974 -0.209228 7
1.264889 -0.833477 -0.212498 7
1.238162 -0.821144 -0.208748 7
1.199201 -0.849015 -0.214817 7
1.163555 -0.868132 -0.218766 7
1.138841 -0.850318 -0.213690 7
1.111694 -0.840679 -0.210614 7
1.069795 -0.887656 -0.221424 7
1.042857 -0.879087 -0.218625 7
1.019479 -0.855394 -0.212109 7
0.989349 -0.859679 -0.212470 7
0.968635 -0.821705 -0.202429 7
0.935716 -0.839314 -0.206077 7
0.905514 -0.845544 -0.206929 7
0.885854 -0.796639 -0.194170 7
0.847994 -0.845568 -0.205579 7
0.819425 -0.845270 -0.204834 7
0.793595 -0.827989 -0.199884 7
0.766251 -0.819201 -0.197036 7
0.735242 -0.836558 -0.200676 7
0.688000 -0.985818 -0.237094 5
0.659105 -1.003531 -0.240876 5
0.626770 -1.057506 -0.253694 5
0.603036 -1.033780 -0.247182 5
0.576675 -1.035553 -0.247020 5
0.549636 -1.047199 -0.249326 5
0.524089 -1.040363 -0.247022 5
0.497965 -1.041857 -0.246799 5
0.471105 -1.060380 -0.250841 5
0.445414 -1.057483 -0.249528 5
0.418686 -1.092061 -0.257611 5
0.393162 -1.096061 -0.258038 5
0.368034 -1.053483 -0.246770 5
0.342222 -1.060464 -0.247942 5
0.316397 -1.056253 -0.246302 5
0.291344 -1.089531 -0.254103 5
0.265553 -1.080841 -0.251342 5
0.221995 -0.662647 -0.145272 7
0.191307 -0.645655 -0.140317 7
0.161536 -0.649178 -0.140541 7
0.135299 -0.700809 -0.152936 7
0.100167 -0.633044 -0.135128 7
0.073958 -0.676606 -0.145498 7
0.040364 -0.640364 -0.135650 7
0.010309 -0.642478 -0.135522 7
-0.025015 -0.601908 -0.124551 7
-0.047219 -0.666711 -0.140355 7
-0.073772 -0.692522 -0.146264 7
-0.105484 -0.681791 -0.142878 7
-0.141022 -0.649519 -0.133995 7
-0.168227 -0.669597 -0.138454 7
-0.194905 -0.690873 -0.143228 7
-0.236752 -0.632288 -0.127599 7
-0.258484 -0.678586 -0.138772 7
-0.289455 -0.677969 -0.137954 7
-0.320914 -0.675804 -0.136738 7
-0.283678 -0.966030 -0.210509 5
-0.378803 -0.694119 -0.140112 7
-0.414022 -0.678539 -0.135448 7
-0.400129 -0.848603 -0.178511 7
-0.363874 -1.086722 -0.239164 5
-0.402386 -1.048562 -0.228756 5
-0.442815 -1.007243 -0.217515 5
-0.455853 -1.057666 -0.229926 5
-0.497359 -1.016492 -0.218701 5
-0.518847 -1.038871 -0.223884 5
-0.533991 -1.078848 -0.233628 5
-0.579664 -1.030602 -0.220542 5
-0.604311 -1.043421 -0.223258 5
-0.627055 -1.061068 -0.227230 5
-0.627043 -1.136925 -0.246322 5
-0.656322 -1.135594 -0.245387 5
-0.684682 -1.137106 -0.245187 5
-0.698018 -1.174659 -0.254368 5
-0.751597 -1.117962 -0.239004 5
-0.909856 -0.829856 -0.163251 7
-0.930959 -0.857088 -0.169680 7
-0.947330 -0.893632 -0.178552 7
-0.994079 -0.865865 -0.170617 7
-1.023534 -0.875120 -0.172356 7
-1.061362 -0.868005 -0.169805 7
-1.084485 -0.890231 -0.174942 7
-1.137069 -0.856554 -0.165407 7
-1.174585 -0.852808 -0.163716 7
-1.189260 -0.890947 -0.173036 7
-1.240973 -0.862954 -0.164956 7
-1.264451 -0.885365 -0.170141 7
-1.304218 -0.880105 -0.168031 7
-1.358022 -0.852702 -0.160064 7
1.392696 -0.834329 -0.180445 7
1.360216 -0.837196 -0.180526 7
1.325493 -0.847308 -0.182463 7
1.301460 -0.826833 -0.176582 7
1.264016 -0.846850 -0.181062 7
1.244535 -0.811626 -0.171396 7
1.207937 -0.830927 -0.175702 7
1.175629 -0.837557 -0.176766 7
1.143675 -0.844008 -0.177789 7
1.113142 -0.846297 -0.177746 7
1.087850 -0.829220 -0.172720 7
1.060077 -0.821195 -0.170020 7
1.026237 -0.838359 -0.173814 7
0.995102 -0.845839 -0.175117 7
0.966273 -0.844051 -0.174030 7
0.941577 -0.822809 -0.167913 7
0.903059 -0.869685 -0.179414 7
0.877886 -0.851195 -0.174008 7
0.854398 -0.821626 -0.165723 7
0.823754 -0.831757 -0.167724 7
0.790926 -0.857648 -0.173822 7
0.761145 -0.866946 -0.175620 7
0.739882 -0.815954 -0.161741 7
0.679823 -1.063233 -0.225481 5
0.653452 -1.065245 -0.225432 5
0.628260 -1.057096 -0.222734 5
0.600020 -1.079275 -0.227947 5
0.573112 -1.091721 -0.230627 5
0.550875 -1.047016 -0.218372 5
0.522630 -1.079509 -0.226294 5
0.497020 -1.077491 -0.225193 5
0.471947 -1.063672 -0.220997 5
0.445203 -1.088283 -0.226874 5
0.419721 -1.084716 -0.225364 5
0.393727 -1.107810 -0.230856 5
0.368817 -1.041853 -0.212940 5
0.342777 -1.036364 -0.210907 5
0.316610 -1.029843 -0.208599 5
0.289573 -0.991395 -0.197868 5
0.263545 -1.007383 -0.201482 5
0.223995 -0.700400 -0.119806 7
0.193925 -0.689587 -0.116273 7
0.165248 -0.704911 -0.119648 7
0.133506 -0.674414 -0.110894 7
0.103726 -0.675536 -0.110503 7
0.071439 -0.649910 -0.103015 7
0.044126 -0.678219 -0.109831 7
0.014987 -0.685839 -0.111160 7
-0.015999 -0.677732 -0.108306 7
-0.048922 -0.656843 -0.102043 7
-0.077869 -0.667218 -0.104096 7
-0.114434 -0.627109 -0.092689 7
-0.139417 -0.663352 -0.101636 7
-0.165761 -0.688064 -0.107517 7
-0.199419 -0.670842 -0.102193 7
-0.238489 -0.628160 -0.090043 7
-0.261412 -0.669229 -0.100302 7
-0.288121 -0.689304 -0.104948 7
-0.330289 -0.639545 -0.090858 7
-0.360895 -0.643761 -0.091236 7
-0.387860 -0.662969 -0.095643 7
-0.418516 -0.666821 -0.095921 7
-0.445867 -0.683293 -0.099596 7
-0.426824 -0.865764 -0.148032 7
-0.413108 -1.016849 -0.188085 5
-0.454328 -0.974412 -0.175932 5
-0.467271 -1.026470 -0.189304 5
-0.497151 -1.022871 -0.187632 5
-0.518030 -1.047101 -0.193493 5
-0.549919 -1.038268 -0.190394 5
-0.560875 -1.089526 -0.203598 5
-0.584661 -1.103125 -0.206589 5
-0.605144 -1.125200 -0.211887 5
-0.621732 -1.156539 -0.219714 5
-0.677019 -1.089875 -0.200836 5
-0.679663 -1.155389 -0.217983 5
-0.707053 -1.159373 -0.218352 5
-0.870006 -0.851952 -0.133559 7
-0.875003 -0.914942 -0.149979 7
-0.930198 -0.865815 -0.135702 7
-0.972185 -0.847863 -0.129941 7
-0.996741 -0.867543 -0.134495 7
-1.036795 -0.855566 -0.130347 7
-1.045244 -0.907109 -0.143666 7
-1.112342 -0.843976 -0.125406 7
-1.130652 -0.876115 -0.133381 7
-1.154535 -0.897184 -0.138308 7
-1.210599 -0.860254 -0.127198 7
-1.234869 -0.881353 -0.132120 7
-1.289209 -0.850686 -0.122694 7
-1.322847 -0.856720 -0.123421 7
-1.359322 -0.858532 -0.122967 7
1.417494 -0.777939 -0.129843 7
1.368848 -0.823749 -0.141570 7
1.321434 -0.869549 -0.153312 7
1.314207 -0.799707 -0.134043 7
1.286308 -0.789145 -0.130661 7
1.240387 -0.835625 -0.142600 7
1.215322 -0.817480 -0.137179 7
1.191378 -0.794765 -0.130519 7
1.152865 -0.822413 -0.137410 7
1.113243 -0.856882 -0.146147 7
1.097079 -0.805049 -0.131625 7
1.049392 -0.874990 -0.149939 7
1.028977 -0.838228 -0.139465 7
1.000617 -0.833212 -0.137553 7
0.969386 -0.841358 -0.139196 7
0.941783 -0.833529 -0.136517 7
0.913707 -0.827826 -0.134407 7
0.877309 -0.866173 -0.144232 7
0.850811 -0.853988 -0.140363 7
0.823897 -0.843339 -0.136903 7
0.794331 -0.848659 -0.137774 7
0.767208 -0.838720 -0.134496 7
0.704520 -1.086356 -0.201284 5
0.681982 -1.058894 -0.193273 5
0.655543 -1.060444 -0.193153 5
0.629825 -1.056069 -0.191415 5
0.603188 -1.060755 -0.192145 5
0.575799 -1.075649 -0.195661 5
0.551444 -1.055615 -0.189633 5
0.525432 -1.054794 -0.188849 5
0.498002 -1.079018 -0.194916 5
0.473906 -1.043335 -0.184578 5
0.446827 -1.069243 -0.191108 5
0.420510 -1.086762 -0.195343 5
0.400484 -0.759583 -0.104918 7
0.371615 -0.753328 -0.102550 7
0.342548 -0.719815 -0.092675 7
0.313050 -0.705489 -0.088062 7
0.283863 -0.717850 -0.090791 7
0.252669 -0.661744 -0.074640 7
0.224454 -0.702243 -0.085120 7
0.194147 -0.688145 -0.080532 7
0.164763 -0.693788 -0.081389 7
0.132255 -0.655441 -0.070071 7
0.104810 -0.688109 -0.078396 7
0.073265 -0.670062 -0.072672 7
0.046005 -0.697735 -0.079619 7
0.017089 -0.706352 -0.081280 7
-0.016767 -0.673952 -0.071540 7
-0.045255 -0.687322 -0.074509 7
-0.076098 -0.682918 -0.072528 7
-0.111915 -0.647259 -0.061828 7
-0.140660 -0.659785 -0.064544 7
-0.176909 -0.628282 -0.054965 7
-0.203988 -0.650599 -0.060403 7
-0.231320 -0.669821 -0.064980 7
-0.273333 -0.616074 -0.049126 7
-0.296350 -0.656252 -0.059561 7
-0.336741 -0.616386 -0.047552 7
-0.362635 -0.641956 -0.053889 7
-0.398619 -0.625075 -0.048297 7
-0.424826 -0.648128 -0.053925 7
-0.450439 -0.672156 -0.059831 7
-0.398767 -0.972024 -0.143520 5
-0.415438 -1.014274 -0.154659 5
-0.451686 -0.988861 -0.146695 5
-0.464970 -1.039503 -0.160219 5
-0.487414 -1.058823 -0.164896 5
-0.518126 -1.052592 -0.162332 5
-0.533035 -1.093173 -0.173038 5
-0.556456 -1.107802 -0.176388 5
-0.585115 -1.107785 -0.175571 5
-0.602626 -1.137780 -0.183290 5
-0.640081 -1.115354 -0.176075 5
-0.670571 -1.112109 -0.174308 5
-0.699787 -1.112675 -0.173617 5
-0.736234 -1.096710 -0.168186 5
-0.864899 -0.870623 -0.102551 7
-0.893446 -0.880633 -0.104450 7
-0.942402 -0.846339 -0.093623 7
-0.970399 -0.858840 -0.096209 7
-1.007065 -0.853424 -0.093633 7
-1.028791 -0.879016 -0.099976 7
-1.071849 -0.862056 -0.094043 7
-1.113326 -0.849584 -0.089379 7
-1.139380 -0.867245 -0.093408 7
-1.189889 -0.839992 -0.084422 7
-1.196300 -0.893486 -0.098824 7
-1.221321 -0.912708 -0.103296 7
-1.268478 -0.893934 -0.096711 7
-1.334142 -0.845764 -0.081528 7
-1.371961 -0.845867 -0.080371 7
1.421624 -0.777638 -0.093310 7
1.367338 -0.838600 -0.109986 7
1.315760 -0.896311 -0.125763 7
1.311312 -0.819087 -0.103658 7
1.286696 -0.798867 -0.097541 7
1.244125 -0.834588 -0.107139 7
1.217966 -0.819727 -0.102514 7
1.190886 -0.807480 -0.098615 7
1.152754 -0.833807 -0.105569 7
1.125218 -0.824004 -0.102345 7
1.100517 -0.803184 -0.096006 7
1.068539 -0.810062 -0.097468 7
1.038693 -0.809286 -0.096766 7
1.007470 -0.814968 -0.097882 7
0.977440 -0.816354 -0.097779 7
0.945962 -0.825327 -0.099817 7
0.910623 -0.855130 -0.107746 7
0.883828 -0.843642 -0.103987 7
0.858975 -0.820537 -0.096927 7
0.824271 -0.853522 -0.105755 7
0.798919 -0.832363 -0.099228 7
0.732187 -1.087650 -0.171169 5
0.706604 -1.083420 -0.169475 5
0.675417 -1.122771 -0.180163 5
0.648594 -1.132395 -0.182404 5
0.626504 -1.100442 -0.172806 5
0.601604 -1.091122 -0.169637 5
0.577935 -1.066138 -0.161992 5
0.552049 -1.063739 -0.160774 5
0.521959 -1.123347 -0.177252 5
0.500656 -1.051585 -0.156214 5
0.473570 -1.071715 -0.161413 5
0.447434 -1.077846 -0.162609 5
0.421799 -1.070757 -0.160014 5
0.401715 -0.739206 -0.064426 7
0.372619 -0.725220 -0.059760 7
0.343286 -0.728125 -0.059928 7
0.313675 -0.704520 -0.052474 7
0.284099 -0.703905 -0.051611 7
0.256422 -0.762575 -0.067796 7
0.225605 -0.720278 -0.054926 7
0.194354 -0.686376 -0.044445 7
0.166670 -0.720828 -0.053657 7
0.132113 -0.651687 -0.032968 7
0.105330 -0.693883 -0.044407 7
0.076199 -0.702145 -0.046044 7
0.043924 -0.678776 -0.038519 7
0.015863 -0.697402 -0.043139 7
-0.011640 -0.718048 -0.048345 7
-0.046439 -0.681375 -0.036915 7
-0.077564 -0.676050 -0.034562 7
-0.109822 -0.664621 -0.030420 7
-0.144973 -0.637533 -0.021703 7
-0.179991 -0.614978 -0.014280 7
-0.201607 -0.668094 -0.028902 7
-0.237457 -0.643147 -0.020754 7
-0.267988 -0.647191 -0.021052 7
-0.298395 -0.651990 -0.021561 7
-0.333924 -0.634300 -0.015475 7
-0.358057 -0.666872 -0.024098 7
-0.400235 -0.624316 -0.010684 7
-0.427878 -0.642172 -0.014977 7
-0.406378 -0.842065 -0.072799 7
-0.403710 -0.959814 -0.106554 5
-0.414524 -1.022916 -0.124267 5
-0.442498 -1.025023 -0.124013 5
-0.463403 -1.050164 -0.130552 5
-0.489956 -1.056643 -0.131575 5
-0.496662 -1.122632 -0.150210 5
-0.541637 -1.074039 -0.134913 5
-0.562367 -1.097050 -0.140818 5
-0.582433 -1.120991 -0.147002 5
-0.609942 -1.124396 -0.147081 5
-0.651650 -1.091765 -0.136412 5
-0.677378 -1.101300 -0.138281 5
-0.717255 -1.076632 -0.129928 5
-0.740559 -1.092844 -0.133764 5
-0.874102 -0.856503 -0.061971 7
-0.892285 -0.890206 -0.070944 7
-0.946045 -0.845586 -0.056409 7
-0.967253 -0.872681 -0.063382 7
-1.012963 -0.848550 -0.054934 7
-1.031245 -0.881370 -0.063618 7
-1.072737 -0.867721 -0.058279 7
-1.108296 -0.866721 -0.056732 7
-1.140691 -0.872333 -0.057166 7
-1.186125 -0.854546 -0.050486 7
-1.217584 -0.863155 -0.051786 7
-1.245861 -0.877590 -0.054844 7
-1.296606 -0.853793 -0.046241 7
-1.316400 -0.883271 -0.053853 7
-1.349792 -0.890006 -0.054516 7
-1.457233 -0.779200 -0.019160 7
-1.473482 -0.815995 -0.028947 7
1.436747 -0.747951 -0.047911 7
1.362636 -0.862234 -0.081115 7
1.319364 -0.896488 -0.090859 7
1.334884 -0.760460 -0.050633 7
1.288131 -0.805399 -0.063491 7
1.268919 -0.767334 -0.051973 7
1.225657 -0.805568 -0.062852 7
1.195177 -0.804001 -0.062034 7
1.173857 -0.770771 -0.051894 7
1.126461 -0.830575 -0.069106 7
1.103868 -0.801740 -0.060235 7
1.073684 -0.801056 -0.059637 7
1.035522 -0.833798 -0.068876 7
1.011808 -0.807791 -0.060798 7
0.983707 -0.799695 -0.057986 7
0.947235 -0.831043 -0.066799 7
0.920561 -0.817368 -0.062321 7
0.884412 -0.852574 -0.072267 7
0.866015 -0.793709 -0.054414 7
0.831370 -0.824046 -0.062909 7
0.760356 -1.087103 -0.140256 5
0.738223 -1.059010 -0.131495 5
0.709475 -1.074919 -0.135749 5
0.685201 -1.059100 -0.130595 5
0.654600 -1.094443 -0.140600 5
0.627347 -1.106026 -0.143557 5
0.604646 -1.074195 -0.133619 5
0.577388 -1.087242 -0.136994 5
0.550156 -1.103846 -0.141422 5
0.526584 -1.072080 -0.131455 5
0.496890 -1.135388 -0.149775 5
0.472427 -1.116637 -0.143660 5
0.448297 -1.079662 -0.132095 5
0.420951 -1.132093 -0.147182 5
0.397527 -1.023960 -0.114336 5
0.373684 -0.691814 -0.014490 7
0.343899 -0.680440 -0.010412 7
0.314304 -0.703547 -0.016637 7
0.284028 -0.675839 -0.007640 7
0.254431 -0.686800 -0.010210 7
0.224555 -0.686474 -0.009387 7
0.195130 -0.695412 -0.011334 7
0.167057 -0.723617 -0.019062 7
0.134457 -0.682165 -0.005841 7
0.105725 -0.698127 -0.009869 7
0.077444 -0.716025 -0.014477 7
0.047399 -0.713797 -0.013011 7
0.015530 -0.696385 -0.006948 7
-0.014178 -0.699918 -0.007190 7
-0.047709 -0.674814 0.001240 7
-0.072732 -0.713043 -0.009472 7
-0.102509 -0.715860 -0.009463 7
-0.130575 -0.729292 -0.012661 7
-0.171387 -0.668679 0.006626 7
-0.195690 -0.704677 -0.003394 7
-0.226488 -0.704164 -0.002314 7
-0.263408 -0.674514 0.007654 7
-0.293034 -0.682037 0.006325 7
-0.328702 -0.662787 0.013177 7
-0.357030 -0.676762 0.009908 7
-0.395283 -0.650088 0.019078 7
-0.423875 -0.663562 0.015991 7
-0.418079 -0.804259 -0.026088 7
-0.390826 -1.011341 -0.088623 5
-0.412685 -1.034739 -0.094852 5
-0.426973 -1.082066 -0.108443 5
-0.457950 -1.073243 -0.104759 5
-0.476662 -1.103426 -0.113082 5
-0.506038 -1.100289 -0.111122 5
-0.528684 -1.117330 -0.115381 5
-0.567120 -1.089627 -0.105786 5
-0.585814 -1.117722 -0.113446 5
-0.635564 -1.062925 -0.095383 5
-0.652966 -1.094531 -0.104110 5
-0.680101 -1.100720 -0.104935 5
-0.719049 -1.078616 -0.096927 5
-0.764596 -1.042804 -0.084601 5
-0.878361 -0.853787 -0.024334 7
-0.934603 -0.803175 -0.007198 7
-0.941692 -0.862189 -0.024360 7
-0.983370 -0.845885 -0.017905 7
-1.022768 -0.835719 -0.013341 7
-1.057361 -0.836331 -0.012136 7
-1.088412 -0.844487 -0.013286 7
-1.127342 -0.837868 -0.009750 7
-1.161618 -0.840894 -0.009233 7
-1.176596 -0.879566 -0.019993 7
-1.231421 -0.846285 -0.007915 7
-1.270191 -0.843086 -0.005342 7
-1.306820 -0.844353 -0.004159 7
-1.338430 -0.854593 -0.005812 7
-1.377858 -0.852390 -0.003466 7
-1.446059 -0.805295 0.013301 7
-1.448003 -0.863908 -0.003780 7
-1.452849 -0.916338 -0.018911 7
1.377582 -0.831675 -0.036014 7
1.356129 -0.802543 -0.026908 7
1.326414 -0.796343 -0.024804 7
1.295460 -0.794085 -0.023892 7
1.263278 -0.796128 -0.024283 7
1.234782 -0.786936 -0.021219 7
1.196856 -0.809421 -0.027848 7
1.165072 -0.812737 -0.028591 7
1.132042 -0.821420 -0.030967 7
1.106697 -0.802356 -0.024819 7
1.067511 -0.836752 -0.035060 7
1.042527 -0.816387 -0.028484 7
1.013466 -0.812255 -0.026875 7
0.982245 -0.818015 -0.028292 7
0.957481 -0.794443 -0.020680 7
0.913108 -0.866334 -0.042406 7
0.895590 -0.806056 -0.023476 7
0.864322 -0.815523 -0.025982 7
0.836849 -0.804424 -0.022145 7
0.760731 -1.096367 -0.111657 5
0.733723 -1.101052 -0.112700 5
0.709476 -1.087148 -0.107999 5
0.682140 -1.095435 -0.110129 5
0.653092 -1.120013 -0.117280 5
0.626055 -1.131240 -0.120302 5
0.601021 -1.124998 -0.117918 5
0.574696 -1.132387 -0.119734 5
0.550640 -1.113324 -0.113355 5
0.523258 -1.137681 -0.120403 5
0.497390 -1.145055 -0.122185 5
0.472185 -1.142295 -0.120816 5
0.448458 -1.099974 -0.107158 5
0.424651 -1.030803 -0.085133 5
0.398546 -1.012181 -0.078771 5
0.372243 -0.972346 -0.065792 5
0.344517 -0.621047 0.044137 7
0.314125 -0.635204 0.040440 7
0.283304 -0.617557 0.046663 7
0.252265 -0.604691 0.051420 7
0.220347 -0.577692 0.060610 7
0.191580 -0.621812 0.047613 7
0.161903 -0.637646 0.043453 7
0.131625 -0.641330 0.043103 7
0.102976 -0.664359 0.036709 7
0.073419 -0.673128 0.034789 7
0.041101 -0.653912 0.041661 7
0.008924 -0.639942 0.046914 7
-0.018294 -0.669042 0.038653 7
-0.052694 -0.640485 0.048534 7
-0.080789 -0.660390 0.043187 7
-0.108554 -0.680346 0.037830 7
-0.139344 -0.679968 0.038895 7
-0.174382 -0.655903 0.047461 7
-0.201850 -0.675980 0.042103 7
-0.231379 -0.683953 0.040582 7
-0.264027 -0.676556 0.043946 7
-0.293334 -0.685872 0.042032 7
-0.325659 -0.681621 0.044440 7
-0.357433 -0.680640 0.045832 7
-0.389075 -0.680862 0.046861 7
-0.430222 -0.644962 0.059424 7
-0.422319 -0.794291 0.012930 7
-0.452625 -0.796572 0.013321 7
-0.468923 -0.847312 -0.001771 3
-0.517534 -0.788111 0.018332 7
-0.472315 -1.033024 -0.059026 5
-0.477888 -1.105290 -0.081127 5
-0.503037 -1.114967 -0.083143 5
-0.529869 -1.119695 -0.083553 5
-0.574369 -1.075307 -0.068110 5
-0.584761 -1.126514 -0.083472 5
-0.623794 -1.099983 -0.073722 5
-0.669755 -1.057884 -0.058883 5
-0.692154 -1.077087 -0.063861 5
-0.727799 -1.063897 -0.058314 5
-0.761819 -1.055796 -0.054385 5
-0.840148 -0.947828 -0.017885 5
-0.932110 -0.815949 0.026554 7
-0.959520 -0.830883 0.023174 7
-0.992902 -0.833130 0.023961 7
-1.018086 -0.852712 0.019090 7
-1.074212 -0.810105 0.034657 7
-1.093767 -0.841560 0.025931 7
-1.122922 -0.853892 0.023505 7
-1.135273 -0.897530 0.010759 7
-1.206515 -0.832914 0.033808 7
-1.223055 -0.868929 0.023614 7
-1.275292 -0.842146 0.034266 7
-1.300193 -0.863542 0.028956 7
-1.349185 -0.844802 0.037036 7
-1.382353 -0.853211 0.036110 7
-1.447111 -0.811941 0.051841 7
-1.452048 -0.865859 0.035738 7
1.405662 -0.852601 -0.006339 7
1.353903 -0.819719 0.004272 7
1.328810 -0.800280 0.010562 7
1.296490 -0.801964 0.010133 7
1.268584 -0.790576 0.013893 7
1.240745 -0.778760 0.017807 7
1.200720 -0.807547 0.008784 7
1.166962 -0.817295 0.005851 7
1.143000 -0.792967 0.013814 7
1.114691 -0.783612 0.017016 7
1.081091 -0.794800 0.013675 7
1.053754 -0.781927 0.018037 7
1.015114 -0.816806 0.007157 7
0.984180 -0.821051 0.006081 7
0.961413 -0.787902 0.016979 7
0.928966 -0.799740 0.013510 7
0.901413 -0.787932 0.017622 7
0.872772 -0.781344 0.020083 7
0.837055 -0.815878 0.009392 7
0.763725 -1.089343 -0.077847 5
0.736453 -1.094747 -0.079219 5
0.706494 -1.120619 -0.087142 5
0.683463 -1.097774 -0.079427 5
0.654778 -1.118754 -0.085757 5
0.629642 -1.111739 -0.083088 5
0.599607 -1.153092 -0.095945 5
0.578397 -1.105463 -0.080191 5
0.551998 -1.111728 -0.081743 5
0.524563 -1.135376 -0.088878 5
0.498186 -1.149693 -0.093001 5
0.472603 -1.154152 -0.093937 5
0.446949 -1.163319 -0.096378 5
0.425340 -1.037661 -0.055301 5
0.399441 -1.007737 -0.045067 5
0.372451 -1.036982 -0.053923 5
0.345261 -0.613945 0.083475 7
0.314757 -0.632470 0.078201 7
0.284249 -0.634201 0.078375 7
0.253116 -0.615866 0.085070 7
0.224479 -0.666081 0.069561 7
0.192232 -0.628304 0.082608 7
0.162442 -0.642730 0.078735 7
0.130907 -0.629593 0.083835 7
0.100083 -0.628835 0.084936 7
0.070243 -0.639401 0.082368 7
0.039845 -0.643017 0.082081 7
0.004129 -0.599585 0.097164 7
-0.024826 -0.618671 0.091876 7
-0.055890 -0.619622 0.092525 7
-0.085600 -0.630414 0.089976 7
-0.116885 -0.630137 0.091067 7
-0.144469 -0.652934 0.084614 7
-0.172716 -0.669824 0.080106 7
-0.213814 -0.616108 0.098813 7
-0.247058 -0.608785 0.102318 7
-0.275775 -0.624718 0.098193 7
-0.306603 -0.629967 0.097602 7
-0.339666 -0.625496 0.100240 7
-0.372841 -0.621547 0.102734 7
-0.404903 -0.623007 0.103465 7
-0.432792 -0.641025 0.098735 7
-0.425342 -0.788907 0.050934 7
-0.452092 -0.804384 0.047014 7
-0.485266 -0.797288 0.050614 7
-0.518053 -0.792561 0.053456 7
-0.462763 -1.069167 -0.037495 5
-0.484629 -1.090224 -0.043332 5
-0.504776 -1.115528 -0.050584 5
-0.541046 -1.093343 -0.041932 5
-0.562225 -1.115136 -0.047984 5
-0.606453 -1.073876 -0.032852 5
-0.641437 -1.059853 -0.026815 5
-0.661520 -1.085092 -0.033965 5
-0.697042 -1.071312 -0.027947 5
-0.749000 -1.019411 -0.009001 5
-0.789911 -0.996724 0.000140 5
-0.816798 -1.007692 -0.002076 5
-0.925381 -0.838074 0.057070 7
-0.952256 -0.853810 0.053374 7
-0.992040 -0.842296 0.058982 7
-1.031576 -0.832511 0.064049 7
-1.059069 -0.847873 0.060560 7
-1.075812 -0.884051 0.049953 7
-1.146327 -0.817068 0.074763 7
-1.158615 -0.861831 0.061250 7
-1.223261 -0.810420 0.080873 7
-1.234454 -0.856565 0.066906 7
-1.285072 -0.833188 0.076981 7
-1.303001 -0.866754 0.067379 7
-1.333048 -0.879523 0.065001 7
-1.385140 -0.856848 0.074995 7
-1.458166 -0.802819 0.096016 7
-1.451805 -0.874489 0.073184 7
1.409126 -0.854091 0.029695 7
1.329651 -0.808793 0.044581 7
1.308589 -0.776560 0.055273 7
1.281830 -0.760437 0.060641 7
1.235073 -0.808225 0.044823 7
1.209753 -0.788504 0.051429 7
1.169069 -0.821150 0.040677 7
1.130958 -0.847672 0.031977 7
1.116049 -0.789969 0.051257 7
1.075564 -0.827876 0.038818 7
1.048073 -0.816723 0.042687 7
1.019201 -0.811018 0.044770 7
0.990680 -0.803784 0.047381 7
0.967515 -0.771346 0.058390 7
0.923856 -0.837004 0.036819 7
0.893628 -0.840675 0.035866 7
0.863803 -0.843117 0.035341 7
0.794460 -1.076327 -0.041940 5
0.757382 -1.140267 -0.062920 5
0.737644 -1.098766 -0.048792 5
0.712775 -1.088119 -0.044912 5
0.684583 -1.101742 -0.049098 5
0.654111 -1.137135 -0.060526 5
0.631833 -1.105219 -0.049499 5
0.605067 -1.112196 -0.051421 5
0.577544 -1.129695 -0.056840 5
0.553932 -1.103038 -0.047499 5
0.526517 -1.123863 -0.053997 5
0.501427 -1.113120 -0.049929 5
0.474760 -1.130551 -0.055265 5
0.450418 -1.097941 -0.043838 5
0.425307 -1.069607 -0.033810 5
0.399121 -1.068667 -0.032934 5
0.376365 -0.668143 0.101987 7
0.346118 -0.676436 0.099896 7
0.315627 -0.649627 0.109612 7
0.285306 -0.656122 0.108170 7
0.254712 -0.650436 0.110845 7
0.223685 -0.637704 0.115917 7
0.193259 -0.641977 0.115290 7
0.163735 -0.659886 0.110086 7
0.132350 -0.647637 0.115073 7
0.101086 -0.640425 0.118389 7
0.067521 -0.610576 0.129387 7
0.040891 -0.654479 0.115470 7
0.010033 -0.653701 0.116684 7
-0.023670 -0.630605 0.125489 7
-0.053180 -0.642936 0.122312 7
-0.086219 -0.629610 0.127868 7
-0.114905 -0.646799 0.123082 7
-0.144675 -0.655835 0.121084 7
-0.179377 -0.636239 0.128863 7
-0.211697 -0.632253 0.131358 7
-0.244299 -0.627835 0.134031 7
-0.278065 -0.618827 0.138303 7
-0.306836 -0.634266 0.134242 7
-0.340212 -0.628664 0.137408 7
-0.373382 -0.625020 0.139935 7
-0.400380 -0.647040 0.133676 7
-0.441367 -0.614059 0.146349 3
-0.436286 -0.754353 0.099392 3
-0.425198 -0.905750 0.048507 3
-0.462912 -0.879716 0.058795 7
-0.438780 -1.059749 -0.002139 5
-0.465156 -1.067251 -0.003460 5
-0.491112 -1.076062 -0.005215 5
-0.521413 -1.071936 -0.002456 5
-0.540085 -1.101996 -0.011558 5
-0.592221 -1.037673 0.012226 5
-0.618695 -1.046997 0.010406 5
-0.642166 -1.064163 0.005866 5
-0.676518 -1.053282 0.011157 5
-0.716813 -1.028942 0.021214 5
-0.749733 -1.024201 0.024447 5
-0.781481 -1.023028 0.026463 5
-0.829584 -0.985454 0.041349 5
-0.931216 -0.832441 0.097088 7
-0.978334 -0.805080 0.108602 7
-0.987800 -0.858542 0.091542 7
-1.032738 -0.837617 0.100869 7
-1.060473 -0.852591 0.097491 7
-1.112655 -0.820064 0.111072 7
-1.139737 -0.837287 0.106967 7
-1.176240 -0.836956 0.109166 7
-1.201252 -0.858056 0.103722 7
-1.223250 -0.884178 0.096485 7
-1.289632 -0.833337 0.116988 7
-1.301089 -0.877958 0.103145 7
-1.337169 -0.880765 0.104413 7
-1.454246 -0.753786 0.152814 7
-1.441226 -0.837892 0.124722 7
1.466546 -0.799948 0.085394 7
1.428653 -0.813257 0.080576 7
1.336208 -0.800752 0.084374 7
1.308373 -0.788345 0.088533 7
1.267558 -0.815931 0.078930 7
1.243661 -0.791769 0.087193 7
1.210734 -0.796487 0.085526 7
1.177495 -0.803239 0.083184 7
1.139121 -0.829540 0.074128 7
1.113405 -0.811303 0.080450 7
1.079407 -0.824331 0.076020 7
1.047470 -0.830715 0.073903 7
1.018163 -0.827101 0.075259 7
0.982434 -0.852248 0.066720 7
0.950691 -0.861868 0.063559 7
0.923818 -0.849182 0.068115 7
0.889896 -0.872110 0.060408 7
0.860426 -0.873901 0.060016 7
0.797259 -1.071636 -0.007996 5
0.767668 -1.088332 -0.013508 5
0.738435 -1.105466 -0.019153 5
0.709287 -1.125014 -0.025614 5
0.685544 -1.106970 -0.019065 5
0.655856 -1.135499 -0.028595 5
0.632989 -1.108214 -0.018804 5
0.603629 -1.140492 -0.029597 5
0.579193 -1.126044 -0.024200 5
0.553672 -1.121971 -0.022372 5
0.528420 -1.113369 -0.018952 5
0.501804 -1.125188 -0.022588 5
0.476661 -1.112653 -0.017758 5
0.451137 -1.103841 -0.014194 5
0.426738 -1.050913 0.004719 5
0.407258 -0.683919 0.132835 7
0.377373 -0.649779 0.145374 7
0.346873 -0.676868 0.136646 7
0.316546 -0.671424 0.139261 7
0.285559 -0.640911 0.150641 7
0.254717 -0.635048 0.153466 7
0.224975 -0.658812 0.145980 7
0.193356 -0.637781 0.154155 7
0.163260 -0.648655 0.151214 7
0.134622 -0.677146 0.142130 7
0.104164 -0.677124 0.143042 7
0.069217 -0.629324 0.160727 7
0.038549 -0.633086 0.160381 7
0.006930 -0.628336 0.163050 7
-0.019108 -0.670076 0.149408 7
-0.054553 -0.635765 0.162526 7
-0.083589 -0.651332 0.158129 7
-0.116276 -0.641795 0.162601 7
-0.147174 -0.644869 0.162659 7
-0.174605 -0.667901 0.155692 7
-0.205711 -0.669174 0.156435 7
-0.241140 -0.648896 0.164839 7
-0.269516 -0.665322 0.160277 7
-0.298926 -0.675985 0.157778 7
-0.329661 -0.680444 0.157507 7
-0.361407 -0.680866 0.158700 7
-0.393529 -0.680338 0.160265 7
-0.410106 -0.740090 0.140353 3
-0.413965 -0.842513 0.105170 3
-0.448390 -0.829375 0.111268 7
-0.415245 -1.048125 0.034323 5
-0.444356 -1.047068 0.036058 5
-0.464464 -1.075164 0.027349 5
-0.500802 -1.052188 0.037024 5
-0.514835 -1.097296 0.022213 5
-0.563831 -1.039899 0.044393 5
-0.605143 -1.007976 0.057461 5
-0.624775 -1.036854 0.048578 5
-0.654154 -1.039151 0.049340 5
-0.696175 -1.009884 0.061606 5
-0.722320 -1.021891 0.058920 5
-0.748551 -1.033593 0.056366 5
-0.790535 -1.008650 0.067226 5
-0.825646 -1.001169 0.071766 5
-0.939056 -0.822483 0.139149 7
-0.961211 -0.849187 0.131351 7
-0.995871 -0.849071 0.133434 7
-1.037436 -0.835564 0.140503 7
-1.071455 -0.838350 0.141616 7
-1.107722 -0.837311 0.144189 7
-1.125276 -0.872322 0.133428 7
-1.172763 -0.851173 0.143557 7
-1.203276 -0.862239 0.141758 7
-1.261851 -0.824147 0.158366 7
-1.280530 -0.857020 0.148508 7
-1.313328 -0.865410 0.147841 7
-1.369013 -0.836569 0.161229 7
-1.436194 -0.791271 0.180938 7
-1.433516 -0.858341 0.158285 7
1.429862 -0.820988 0.115439 7
1.384588 -0.855627 0.102708 7
1.356974 -0.751818 0.139311 7
1.307754 -0.801330 0.121355 7
1.271031 -0.816279 0.115803 7
1.240868 -0.811923 0.117188 7
1.207742 -0.817667 0.114991 7
1.182940 -0.795813 0.122692 7
1.143614 -0.824751 0.112260 7
1.106367 -0.848892 0.103573 7
1.082274 -0.824689 0.112201 7
1.039316 -0.875206 0.094142 7
1.021982 -0.822631 0.112970 7
0.985848 -0.848828 0.103662 7
0.952122 -0.867006 0.097248 7
0.924830 -0.856230 0.101215 7
0.894054 -0.862774 0.099015 7
0.859884 -0.889088 0.089769 7
0.790590 -1.121665 0.006739 5
0.770862 -1.080472 0.021684 5
0.737748 -1.121884 0.007089 5
0.712030 -1.117859 0.008780 5
0.685894 -1.116877 0.009407 5
0.662319 -1.095169 0.017486 5
0.633862 -1.113824 0.011125 5
0.608751 -1.103672 0.015115 5
0.584507 -1.082182 0.023199 5
0.555023 -1.120789 0.009745 5
0.530863 -1.095456 0.019262 5
0.504373 -1.100775 0.017801 5
0.476509 -1.136310 0.005503 5
0.452118 -1.103212 0.017896 5
0.427063 -1.070293 0.030264 5
0.409524 -0.615195 0.194668 7
0.378013 -0.673285 0.174422 7
0.347606 -0.650276 0.183414 7
0.317566 -0.702611 0.165267 7
0.286494 -0.657140 0.182431 7
0.256492 -0.675474 0.176597 7
0.226263 -0.679970 0.175787 7
0.194650 -0.656573 0.185097 7
0.163748 -0.652859 0.187323 7
0.133775 -0.663580 0.184350 7
0.102347 -0.654590 0.188551 7
0.071194 -0.651105 0.190790 7
0.043425 -0.681673 0.180690 7
0.012874 -0.682746 0.181328 7
-0.018544 -0.677203 0.184405 7
-0.050246 -0.670959 0.187774 7
-0.086572 -0.634193 0.202316 7
-0.107400 -0.702965 0.178375 7
-0.150300 -0.630176 0.206169 7
-0.177143 -0.657936 0.197253 7
-0.211098 -0.644989 0.203265 7
-0.245070 -0.633929 0.208630 7
-0.265063 -0.691955 0.188663 7
-0.299768 -0.677477 0.195345 7
-0.339118 -0.644642 0.208836 7
-0.292067 -0.976009 0.088102 5
-0.324456 -0.962114 0.094557 5
-0.346467 -0.989645 0.085744 5
-0.364890 -1.028705 0.072667 5
-0.386301 -1.054727 0.064418 5
-0.423859 -1.024416 0.077092 5
-0.439871 -1.067472 0.062552 5
-0.464019 -1.082307 0.058509 5
-0.495986 -1.072778 0.063572 5
-0.539199 -1.031217 0.080652 5
-0.569892 -1.028666 0.083220 5
-0.596858 -1.037149 0.081694 5
-0.626119 -1.039512 0.082493 5
-0.657520 -1.036732 0.085263 5
-0.691549 -1.028049 0.090302 5
-0.735899 -0.995136 0.104543 5
-0.769258 -0.990847 0.108044 5
-0.800191 -0.993002 0.109153 5
-0.830263 -0.997579 0.109384 5
-0.936709 -0.834985 0.173257 7
-0.976902 -0.823030 0.179997 7
-1.011822 -0.823313 0.182131 7
-1.032872 -0.852374 0.173298 7
-1.064755 -0.859221 0.172993 7
-1.096966 -0.865762 0.172847 7
-1.153893 -0.826120 0.190542 7
-1.186697 -0.833376 0.190248 7
-1.219820 -0.840407 0.190085 7
-1.255849 -0.842711 0.191803 7
-1.282202 -0.862181 0.186899 7
-1.329179 -0.846954 0.195550 7
-1.370125 -0.842990 0.199892 7
-1.407960 -0.844900 0.202003 7
1.449816 -0.779650 0.168643 7
1.389748 -0.852512 0.141119 7
1.317832 -0.782497 0.165951 7
1.275694 -0.813059 0.154296 7
1.249606 -0.795283 0.160606 7
1.209479 -0.823158 0.150023 7
1.166298 -0.864204 0.134598 7
1.146452 -0.825984 0.148584 7
1.122432 -0.800725 0.157796 7
1.089167 -0.809603 0.154392 7
1.043104 -0.871357 0.131435 7
1.016753 -0.856352 0.136945 7
0.986240 -0.858839 0.136007 7
0.960383 -0.840628 0.142768 7
0.927340 -0.856029 0.137110 7
0.896000 -0.864947 0.133883 7
0.863744 -0.880410 0.128262 7
0.797078 -1.095820 0.048581 5
0.765834 -1.122980 0.038670 5
0.739801 -1.120375 0.039818 5
0.712807 -1.124618 0.038454 5
0.691148 -1.089791 0.051607 5
0.662262 -1.108705 0.044858 5
0.636120 -1.107104 0.045746 5
0.609661 -1.108814 0.045432 5
0.582935 -1.114344 0.043727 5
0.556369 -1.119816 0.042070 5
0.530423 -1.118634 0.042912 5
0.505597 -1.099065 0.050618 5
0.480440 -1.078636 0.058678 5
0.455251 -1.049131 0.070152 5
0.426599 -1.115870 0.045826 5
0.405730 -0.857007 0.142820 7
0.379055 -0.653674 0.219254 7
0.348419 -0.705565 0.200601 7
0.318211 -0.700310 0.203289 7
0.287371 -0.670693 0.215113 7
0.256619 -0.663718 0.218521 7
0.227243 -0.693750 0.208123 7
0.196978 -0.695340 0.208389 7
0.165737 -0.681225 0.214573 7
0.135628 -0.687294 0.213231 7
0.106271 -0.701528 0.208854 7
0.074142 -0.683327 0.216687 7
0.041322 -0.662629 0.225506 7
0.011648 -0.673957 0.222322 7
-0.016755 -0.694226 0.215796 7
-0.052425 -0.657821 0.230664 7
-0.079816 -0.684432 0.221807 7
-0.111610 -0.679660 0.224826 7
-0.144082 -0.671977 0.228987 7
-0.174443 -0.677774 0.228086 7
-0.197595 -0.722118 0.212599 7
-0.231501 -0.707770 0.219395 7
-0.265978 -0.692718 0.226511 7
-0.291851 -0.719090 0.217912 7
-0.273209 -0.937757 0.136030 5
-0.292617 -0.978878 0.121730 5
-0.329445 -0.947548 0.135113 5
-0.355911 -0.958959 0.132210 5
-0.381723 -0.972403 0.128553 5
-0.414408 -0.961123 0.134410 5
-0.423896 -1.029970 0.109515 5
-0.441364 -1.068275 0.096338 5
-0.494363 -0.992300 0.127226 5
-0.520129 -1.005069 0.123970 5
-0.555168 -0.990227 0.131421 5
-0.575270 -1.019487 0.121841 5
-0.601630 -1.030190 0.119470 5
-0.618551 -1.066050 0.107341 5
-0.664332 -1.025438 0.125005 5
-0.695532 -1.024500 0.127284 5
-0.741032 -0.989226 0.143040 5
-0.771790 -0.991558 0.144159 5
-0.859582 -0.862579 0.196886 7
-0.901337 -0.844688 0.206157 7
-0.939614 -0.835992 0.211885 7
-0.969032 -0.847270 0.209789 7
-1.013564 -0.827248 0.220124 7
-1.032734 -0.860202 0.209527 7
-1.073794 -0.848999 0.216492 7
-1.105437 -0.857131 0.215829 7
-1.158791 -0.824778 0.231390 7
-1.178892 -0.855590 0.221772 7
-1.234172 -0.822690 0.237741 7
-1.246695 -0.866750 0.222860 7
-1.303603 -0.833693 0.239080 7
-1.319548 -0.871211 0.226879 7
-1.372578 -0.847259 0.239608 7
-1.440426 -0.801451 0.261353 7
1.409412 -0.810499 0.194903 7
1.311846 -0.811486 0.192993 7
1.281447 -0.806619 0.194431 7
1.241923 -0.830964 0.184691 7
1.201649 -0.860163 0.173132 7
1.182808 -0.819024 0.188608 7
1.151064 -0.821017 0.187566 7
1.115196 -0.838970 0.180441 7
1.079664 -0.857729 0.173045 7
1.049458 -0.857352 0.173026 7
1.018503 -0.860657 0.171631 7
0.995672 -0.829214 0.183592 7
0.953676 -0.883451 0.162744 7
0.927317 -0.868193 0.168571 7
0.893285 -0.890979 0.159849 7
0.864186 -0.890335 0.160143 7
0.792514 -1.133452 0.067020 5
0.769739 -1.110901 0.075771 5
0.744073 -1.104572 0.078336 5
0.714746 -1.123321 0.071313 5
0.686947 -1.134045 0.067398 5
0.660705 -1.134423 0.067481 5
0.636556 -1.116762 0.074518 5
0.607287 -1.146163 0.063522 5
0.583720 -1.120601 0.073657 5
0.556695 -1.131481 0.069830 5
0.531596 -1.119004 0.075007 5
0.508374 -1.072068 0.093467 5
0.482565 -1.057662 0.099462 5
0.455462 -1.068448 0.095797 5
0.429150 -1.060953 0.099200 5
0.401653 -1.105574 0.082558 5
0.378137 -0.836730 0.186768 7
0.349185 -0.710498 0.236125 7
0.319012 -0.711944 0.236299 7
0.289409 -0.739674 0.226357 7
0.259524 -0.740681 0.226764 7
0.230038 -0.751346 0.223472 7
0.198726 -0.722992 0.235315 7
0.168510 -0.722263 0.236509 7
0.136226 -0.693676 0.248543 7
0.105937 -0.696936 0.248274 7
0.076517 -0.709372 0.244478 7
0.045810 -0.707425 0.246302 7
0.013848 -0.695345 0.252111 7
-0.013929 -0.719603 0.243812 7
-0.042686 -0.733380 0.239621 7
-0.077216 -0.705888 0.251567 7
-0.107001 -0.713220 0.249968 7
-0.142982 -0.682836 0.263159 7
-0.175920 -0.673909 0.268014 7
-0.206758 -0.677806 0.267890 7
-0.233478 -0.702717 0.259554 7
-0.268204 -0.687224 0.267120 7
-0.298451 -0.694289 0.265866 7
-0.271777 -0.949107 0.166987 5
-0.296915 -0.966193 0.161716 5
-0.317235 -1.001523 0.149254 5
-0.352628 -0.976981 0.160495 5
-0.376439 -0.997344 0.154004 5
-0.418493 -0.952486 0.173426 5
-0.440716 -0.978707 0.164681 5
-0.468661 -0.984907 0.163921 5
-0.499221 -0.982997 0.166434 5
-0.536620 -0.960985 0.177028 5
-0.556817 -0.991566 0.166644 5
-0.591953 -0.978253 0.173867 5
-0.611005 -1.010642 0.162795 5
-0.639455 -1.016532 0.162390 5
-0.674964 -1.004368 0.169305 5
-0.697356 -1.026451 0.162451 5
-0.760135 -0.949325 0.195778 5
-0.833168 -0.852844 0.237133 7
-0.884402 -0.812558 0.255861 7
-0.905653 -0.842314 0.246184 7
-0.924681 -0.875984 0.234915 7
-0.964494 -0.864367 0.242175 7
-0.992731 -0.877961 0.239178 7
-1.049503 -0.833947 0.259894 7
-1.071307 -0.861576 0.251244 7
-1.110890 -0.854406 0.256975 7
-1.144130 -0.860133 0.257449 7
-1.184327 -0.853555 0.263085 7
-1.220660 -0.854869 0.265520 7
-1.267400 -0.838681 0.275326 7
-1.303589 -0.841909 0.277120 7
-1.332369 -0.858035 0.273572 7
-1.370103 -0.859596 0.276189 7
1.417427 -0.800123 0.237559 7
1.368495 -0.844554 0.219188 7
1.350123 -0.709759 0.271578 7
1.272510 -0.845158 0.217194 7
1.244612 -0.833688 0.221253 7
1.210955 -0.840846 0.217953 7
1.185550 -0.821094 0.225380 7
1.152667 -0.826809 0.222736 7
1.120552 -0.830761 0.220835 7
1.083397 -0.854922 0.210960 7
1.047684 -0.876007 0.202350 7
1.028450 -0.830827 0.220054 7
0.991317 -0.860159 0.208256 7
0.964906 -0.843825 0.214599 7
0.933023 -0.852751 0.210970 7
0.898662 -0.875797 0.201784 7
0.870217 -0.870285 0.203955 7
0.842203 -0.862233 0.207170 7
0.768553 -1.129838 0.101173 5
0.741204 -1.135155 0.099156 5
0.711908 -1.155241 0.091318 5
0.694929 -1.086980 0.118540 5
0.664073 -1.120099 0.105602 5
0.637211 -1.124500 0.104085 5
0.611633 -1.117809 0.107001 5
0.583428 -1.138567 0.099059 5
0.558676 -1.122985 0.105572 5
0.533227 -1.113147 0.109842 5
0.509084 -1.079273 0.123699 5
0.481891 -1.091927 0.119107 5
0.456526 -1.066729 0.129598 5
0.429708 -1.072692 0.127735 5
0.402994 -1.080108 0.125327 5
0.377577 -0.974376 0.168014 5
0.349958 -0.726722 0.267345 7
0.319626 -0.705744 0.276445 7
0.289255 -0.704144 0.277864 7
0.259579 -0.726544 0.269741 7
0.228819 -0.712089 0.276373 7
0.197728 -0.697528 0.283096 7
0.168656 -0.720959 0.274664 7
0.137593 -0.710702 0.279753 7
0.106593 -0.704320 0.283336 7
0.077370 -0.719052 0.278493 7
0.041396 -0.666038 0.300891 7
0.012881 -0.688877 0.292877 7
-0.016452 -0.701870 0.288851 7
-0.044264 -0.724720 0.280886 7
-0.077700 -0.706068 0.289683 7
-0.106562 -0.719913 0.285419 7
-0.143699 -0.682759 0.301802 7
-0.175909 -0.678522 0.304944 7
-0.203293 -0.701118 0.297265 7
-0.236880 -0.690532 0.303070 7
-0.273638 -0.666419 0.314428 7
-0.307928 -0.656511 0.320081 7
-0.264148 -0.987384 0.186988 5
-0.303515 -0.944049 0.206200 5
-0.323582 -0.981635 0.192453 5
-0.349898 -0.992869 0.189487 5
-0.382932 -0.979210 0.196751 5
-0.411899 -0.981439 0.197560 5
-0.441676 -0.981317 0.199380 5
-0.469876 -0.986900 0.198898 5
-0.493228 -1.007877 0.192109 5
-0.532706 -0.979059 0.205911 5
-0.553500 -1.007519 0.196101 5
-0.588394 -0.994696 0.203415 5
-0.618485 -0.996452 0.204744 5
-0.639475 -1.022907 0.195845 5
-0.681077 -0.995128 0.209571 5
-0.706015 -1.011324 0.205025 5
-0.805436 -0.845943 0.276527 7
-0.845357 -0.831194 0.285179 7
-0.878052 -0.834508 0.286324 7
-0.893981 -0.875772 0.271535 7
-0.937302 -0.855866 0.282566 7
-0.977297 -0.844696 0.290002 7
-1.011615 -0.846475 0.292032 7
-1.042614 -0.855505 0.291043 7
-1.071570 -0.868759 0.288305 7
-1.105775 -0.871989 0.289893 7
-1.169518 -0.820589 0.314955 7
-1.173690 -0.880893 0.292218 7
-1.204577 -0.891514 0.290820 7
-1.262785 -0.854854 0.309896 7
-1.290952 -0.871587 0.306014 7
-1.346147 -0.843429 0.321670 7
-1.410356 -0.802637 0.342984 7
1.360151 -0.878588 0.243458 7
1.281063 -0.830332 0.261197 7
1.249060 -0.830958 0.260326 7
1.209621 -0.856492 0.249277 7
1.191452 -0.812557 0.266790 7
1.150771 -0.844966 0.253020 7
1.116975 -0.855398 0.248316 7
1.090414 -0.839724 0.254361 7
1.045849 -0.894854 0.231433 7
1.030422 -0.834486 0.255876 7
0.988635 -0.883674 0.235480 7
0.955915 -0.896902 0.229860 7
0.935526 -0.852914 0.247711 7
0.909435 -0.833576 0.255509 7
0.875475 -0.854656 0.246802 7
0.853561 -0.810630 0.264790 7
0.771078 -1.126353 0.135553 5
0.749159 -1.095956 0.148042 5
0.716684 -1.134465 0.132359 5
0.694350 -1.104117 0.144905 5
0.666167 -1.116301 0.140073 5
0.636144 -1.147419 0.127523 5
0.614308 -1.106072 0.144692 5
0.588135 -1.102659 0.146362 5
0.562887 -1.087706 0.152800 5
0.540467 -1.029846 0.176874 5
0.512555 -1.041918 0.172316 5
0.483953 -1.072752 0.160094 5
0.456016 -1.103421 0.147967 5
0.431070 -1.058426 0.166944 5
0.404029 -1.070585 0.162490 5
0.378005 -1.009283 0.188275 5
0.350717 -0.996080 0.194339 5
0.320568 -0.730672 0.304271 7
0.290833 -0.751963 0.296286 7
0.259374 -0.703668 0.317017 7
0.230753 -0.749035 0.299183 7
0.199226 -0.720345 0.311938 7
0.167576 -0.699806 0.321389 7
0.138113 -0.715984 0.315716 7
0.106916 -0.707675 0.320211 7
0.076038 -0.705218 0.322334 7
0.044047 -0.693045 0.328534 7
0.015064 -0.710111 0.322654 7
-0.017573 -0.695465 0.329982 7
-0.045874 -0.715861 0.322797 7
-0.082000 -0.679999 0.339063 7
-0.111273 -0.693564 0.334809 7
-0.148681 -0.657083 0.351476 7
-0.172643 -0.701553 0.334407 7
-0.214012 -0.648775 0.358023 7
-0.239667 -0.681532 0.345919 7
-0.278530 -0.648324 0.361497 7
-0.303354 -0.682858 0.348714 7
-0.271060 -0.962496 0.232860 5
-0.295510 -0.982532 0.226059 5
-0.310015 -1.040799 0.203155 5
-0.346009 -1.013145 0.216523 5
-0.383667 -0.982191 0.231372 5
-0.410240 -0.993024 0.228605 5
-0.440685 -0.990545 0.231524 5
-0.470932 -0.989451 0.233911 5
-0.493957 -1.011631 0.226438 5
-0.529241 -0.995749 0.235227 5
-0.553765 -1.012973 0.229942 5
-0.587133 -1.004617 0.235641 5
-0.604761 -1.040500 0.222426 5
-0.634798 -1.041785 0.224083 5
-0.674602 -1.018415 0.236419 5
-0.775680 -0.843863 0.314121 7
-0.813481 -0.833571 0.321139 7
-0.831331 -0.871544 0.307316 7
-0.869281 -0.861963 0.314150 7
-0.908935 -0.849743 0.322219 7
-0.931668 -0.875547 0.313785 7
-0.983581 -0.838974 0.332660 7
-1.007929 -0.861699 0.325677 7
-1.055890 -0.836556 0.339766 7
-1.089114 -0.842167 0.340429 7
-1.119175 -0.854219 0.338311 7
-1.151896 -0.861420 0.338394 7
-1.203776 -0.834150 0.353856 7
-1.229542 -0.855197 0.347941 7
-1.267108 -0.855524 0.351316 7
-1.315539 -0.838155 0.362705 7
-1.326598 -0.884123 0.345767 7
1.373078 -0.854111 0.292049 7
1.272664 -0.867052 0.284077 7
1.248054 -0.845448 0.292524 7
1.226900 -0.811647 0.306184 7
1.186866 -0.839554 0.293727 7
1.150692 -0.856717 0.285882 7
1.123904 -0.841665 0.291735 7
1.091691 -0.846541 0.289197 7
1.066216 -0.825758 0.297566 7
1.039326 -0.809549 0.304042 7
1.009539 -0.804954 0.305652 7
0.980471 -0.797236 0.308630 7
0.946001 -0.815117 0.300834 7
0.917549 -0.805228 0.304824 7
0.885518 -0.813835 0.301044 7
0.863362 -0.768398 0.320147 7
0.832379 -0.770683 0.319132 7
0.750628 -1.098754 0.180515 5
0.718739 -1.132672 0.166223 5
0.692285 -1.132191 0.166506 5
0.665586 -1.134106 0.165817 5
0.642616 -1.104267 0.178589 5
0.616256 -1.101582 0.179928 5
0.591649 -1.080067 0.189270 5
0.568037 -1.041717 0.205778 5
0.538189 -1.078715 0.190459 5
0.512502 -1.061815 0.197982 5
0.484411 -1.084933 0.188608 5
0.457169 -1.099704 0.182803 5
0.430901 -1.093699 0.185837 5
0.403591 -1.131942 0.170156 5
0.377927 -1.090494 0.188302 5
0.351418 -1.018936 0.219289 5
0.323725 -0.977251 0.237666 5
0.290675 -0.715130 0.349784 7
0.259443 -0.689320 0.361608 7
0.229408 -0.706268 0.355300 7
0.199317 -0.715823 0.352178 7
0.169042 -0.719770 0.351489 7
0.138491 -0.719298 0.352731 7
0.101998 -0.647542 0.384455 7
0.077852 -0.725224 0.352427 7
0.044776 -0.701455 0.363780 7
0.012676 -0.691197 0.369418 7
-0.020417 -0.675252 0.377554 7
-0.048493 -0.699570 0.368481 7
-0.082998 -0.676737 0.379690 7
-0.115252 -0.672015 0.383185 7
-0.147351 -0.669413 0.385826 7
-0.178974 -0.670403 0.386975 7
-0.214919 -0.648873 0.397897 7
-0.242847 -0.670632 0.390191 7
-0.272046 -0.684686 0.385850 7
-0.254262 -0.911371 0.289409 7
-0.270208 -0.971356 0.265083 5
-0.296544 -0.983548 0.261504 5
-0.316246 -1.021471 0.246762 5
-0.338836 -1.045838 0.237932 5
-0.365180 -1.055132 0.235702 5
-0.399471 -1.036464 0.245741 5
-0.436002 -1.012212 0.258308 5
-0.460001 -1.030905 0.252121 5
-0.486396 -1.041348 0.249589 5
-0.524633 -1.015872 0.262917 5
-0.543227 -1.049991 0.250048 5
-0.580474 -1.029793 0.261195 5
-0.625851 -0.989216 0.281465 5
-0.645593 -1.019643 0.270352 5
-0.663742 -1.052911 0.257982 5
-0.773099 -0.857418 0.347583 7
-0.827623 -0.806571 0.373012 7
-0.846385 -0.843355 0.359379 7
-0.891084 -0.819435 0.372983 7
-0.917399 -0.838355 0.367443 7
-0.950999 -0.841153 0.369207 7
-0.989788 -0.833524 0.375754 7
-1.019043 -0.846528 0.373048 7
-1.051030 -0.854076 0.372872 7
-1.094142 -0.840219 0.382507 7
-1.137114 -0.827991 0.391516 7
-1.152636 -0.868010 0.376718 7
-1.192245 -0.863164 0.382506 7
-1.223269 -0.874433 0.380976 7
-1.288692 -0.826450 0.406871 7
-1.304764 -0.864690 0.393053 7
1.349141 -0.841825 0.335325 7
1.322605 -0.727665 0.383505 7
1.252474 -0.842995 0.332118 7
1.212044 -0.871255 0.318964 7
1.188292 -0.846252 0.329178 7
1.163335 -0.824109 0.338184 7
1.140327 -0.793719 0.350839 7
1.099462 -0.828875 0.334906 7
1.074660 -0.804356 0.345093 7
1.041324 -0.813382 0.340685 7
1.013339 -0.800774 0.345771 7
0.985732 -0.785818 0.351930 7
0.943190 -0.840941 0.327580 7
0.921206 -0.799580 0.345355 7
0.891244 -0.796354 0.346552 7
0.859637 -0.802558 0.343690 7
0.828197 -0.809145 0.340713 7
0.746947 -1.134431 0.198907 5
0.722024 -1.122613 0.204052 5
0.694453 -1.128960 0.201325 5
0.669114 -1.119092 0.205708 5
0.645049 -1.096846 0.215532 5
0.619438 -1.085472 0.220664 5
0.592796 -1.083060 0.221934 5
0.569007 -1.046452 0.238163 5
0.540974 -1.057927 0.233469 5
0.514636 -1.046769 0.238694 5
0.487588 -1.045253 0.239758 5
0.459664 -1.064377 0.231855 5
0.432358 -1.077077 0.226796 5
0.405507 -1.081347 0.225462 5
0.378225 -1.133642 0.203168 5
0.352115 -1.038101 0.245581 5
0.324815 -1.023711 0.252558 5
0.297324 -1.015108 0.257054 5
0.263259 -0.797453 0.353246 7
0.234290 -0.815340 0.346289 7
0.204473 -0.809987 0.349574 7
0.167962 -0.698482 0.399554 7
0.136712 -0.692692 0.403179 7
0.103683 -0.667372 0.415458 7
0.076058 -0.706434 0.399449 7
0.040398 -0.660514 0.420933 7
0.011306 -0.681258 0.413089 7
-0.020047 -0.680919 0.414597 7
-0.048252 -0.704535 0.405564 7
-0.080634 -0.696616 0.410529 7
-0.112603 -0.692999 0.413652 7
-0.145485 -0.684963 0.418796 3
-0.175290 -0.695816 0.415613 3
-0.200767 -0.729034 0.402524 3
-0.234878 -0.715858 0.410126 3
-0.266197 -0.717940 0.410996 3
-0.260577 -0.887884 0.336921 7
-0.268796 -0.982656 0.296322 5
-0.290885 -1.012225 0.284872 5
-0.309727 -1.052596 0.268590 5
-0.337708 -1.055581 0.269113 5
-0.375929 -1.021697 0.286289 5
-0.394033 -1.061175 0.270486 5
-0.434993 -1.021505 0.290440 5
-0.460966 -1.033757 0.287017 5
-0.487766 -1.043120 0.284943 5
-0.509308 -1.068244 0.275756 5
-0.539593 -1.066792 0.278684 5
-0.567391 -1.073003 0.278182 5
-0.603221 -1.057481 0.287665 5
-0.636635 -1.049876 0.293616 5
-0.657668 -1.075035 0.284614 5
-0.798264 -0.801982 0.412783 7
-0.826610 -0.816373 0.409085 7
-0.849715 -0.842890 0.399831 7
-0.883744 -0.843666 0.402519 7
-0.915733 -0.849578 0.402900 7
-0.944899 -0.861921 0.400357 7
-0.978190 -0.865602 0.401908 7
-1.017276 -0.857892 0.408861 7
-1.055680 -0.852602 0.414785 7
-1.104597 -0.827803 0.429982 7
-1.124665 -0.859648 0.418627 7
-1.160050 -0.862287 0.421090 7
-1.192204 -0.871334 0.420600 7
-1.234660 -0.862482 0.428694 7
-1.276037 -0.856613 0.435488 7
-1.297786 -0.884763 0.426124 7
-1.376907 -0.818013 0.462326 7
1.414373 -0.764053 0.411046 7
1.259588 -0.832296 0.375891 7
1.226095 -0.837337 0.372713 7
1.186115 -0.865060 0.359364 7
1.165787 -0.827285 0.375624 7
1.132056 -0.835494 0.371200 7
1.105256 -0.818913 0.378003 7
1.067859 -0.843095 0.366505 7
1.037595 -0.840791 0.366993 7
1.004076 -0.852840 0.361080 7
0.981445 -0.817623 0.376481 7
0.958751 -0.779690 0.393148 7
0.925036 -0.793243 0.386723 7
0.886895 -0.832254 0.368918 7
0.866232 -0.778903 0.392668 7
0.828772 -0.819135 0.374429 7
0.798584 -0.819279 0.374253 7
0.727611 -1.097133 0.249403 5
0.693104 -1.151626 0.224925 5
0.671049 -1.116984 0.240530 5
0.647249 -1.091664 0.251997 5
0.623822 -1.058251 0.267149 5
0.597307 -1.050606 0.270777 5
0.569374 -1.058449 0.267494 5
0.539084 -1.101026 0.248645 5
0.514544 -1.067304 0.264140 5
0.486847 -1.080542 0.258571 5
0.460096 -1.078536 0.259905 5
0.432381 -1.105879 0.248076 5
0.405874 -1.104188 0.249360 5
0.379092 -1.124537 0.240762 5
0.352749 -1.127609 0.239990 5
0.326222 -1.105169 0.250773 5
0.299495 -1.096507 0.255397 5
0.269274 -0.979094 0.309193 5
0.233250 -0.779796 0.400123 7
0.205811 -0.829893 0.378433 7
0.174055 -0.793526 0.395902 7
0.135433 -0.672952 0.451603 7
0.105657 -0.690716 0.444726 7
0.072723 -0.671092 0.454862 7
0.070978 -0.957355 0.326111 5
0.014403 -0.710526 0.439581 7
-0.015280 -0.721894 0.435802 3
-0.046618 -0.719819 0.438197 3
-0.077883 -0.719127 0.440024 3
-0.102084 -0.764284 0.420969 3
-0.139953 -0.722449 0.441708 3
-0.128105 -0.965909 0.331921 5
-0.152118 -0.991978 0.321576 5
-0.179124 -1.000751 0.319198 5
-0.214866 -0.967584 0.336148 5
-0.230619 -1.028677 0.309802 5
-0.257642 -1.035971 0.308239 5
-0.284671 -1.043124 0.306789 5
-0.303574 -1.082204 0.290621 5
-0.336960 -1.063903 0.301038 5
-0.357403 -1.094494 0.288854 5
-0.393136 -1.070025 0.302279 5
-0.414564 -1.095861 0.292379 5
-0.439659 -1.108524 0.288644 5
-0.480697 -1.071215 0.308308 5
-0.508277 -1.077472 0.307701 5
-0.541109 -1.068614 0.314241 5
-0.572622 -1.064607 0.318584 5
-0.581257 -1.123662 0.293293 5
-0.641105 -1.044627 0.333152 5
-0.764038 -0.809704 0.447007 7
-0.796534 -0.813607 0.448172 7
-0.822960 -0.832547 0.442261 7
-0.845618 -0.859878 0.432394 7
-0.878820 -0.862352 0.434419 7
-0.918307 -0.851433 0.442934 7
-0.962639 -0.831328 0.455972 7
-0.978560 -0.872499 0.439662 7
-1.025043 -0.849806 0.454150 7
-1.055911 -0.860010 0.452875 7
-1.100784 -0.843217 0.464763 7
-1.148651 -0.822277 0.478812 7
-1.177727 -0.837739 0.475258 7
-1.198643 -0.867867 0.464584 7
-1.246866 -0.849254 0.477848 7
-1.277669 -0.862147 0.475763 7
-1.330752 -0.837786 0.492146 7
-1.378089 -0.824691 0.503135 7
1.370794 -0.803844 0.432115 7
1.266888 -0.821225 0.420537 7
1.228974 -0.839671 0.410931 7
1.191906 -0.857297 0.401783 7
1.157768 -0.866768 0.396500 7
1.129432 -0.856730 0.400347 7
1.108958 -0.816991 0.418038 7
1.075468 -0.825300 0.413478 7
1.041155 -0.838319 0.406799 7
1.014892 -0.818738 0.415298 7
0.986160 -0.808914 0.419329 7
0.954665 -0.811697 0.417577 7
0.923529 -0.813598 0.416295 7
0.883959 -0.860548 0.394219 7
0.864774 -0.800366 0.421793 7
0.832634 -0.809731 0.417234 7
0.808803 -0.768534 0.436129 7
0.723940 -1.134621 0.266653 5
0.706180 -1.069137 0.296903 5
0.681631 -1.046818 0.307234 5
0.650581 -1.076928 0.293364 5
0.627917 -1.034212 0.313239 5
0.599766 -1.040243 0.310614 5
0.569203 -1.076806 0.293909 5
0.542865 -1.067288 0.298581 5
0.514824 -1.081897 0.292136 5
0.487013 -1.098451 0.284837 5
0.460311 -1.097751 0.285578 5
0.433355 -1.104969 0.282701 5
0.406560 -1.112233 0.279852 5
0.379779 -1.132149 0.271179 5
0.353452 -1.117990 0.278367 5
0.327076 -1.130649 0.273156 5
0.299653 -1.077271 0.298682 5
0.272806 -1.080431 0.297997 5
0.241495 -0.972497 0.349066 5
0.201575 -0.740667 0.457965 7
0.172192 -0.759468 0.450268 7
0.145514 -0.810928 0.427382 7
0.130763 -0.994417 0.342869 5
0.106185 -1.031337 0.326755 5
0.086737 -1.110812 0.290757 5
0.061017 -1.121133 0.287122 5
0.011498 -0.939344 0.373581 5
-0.040058 -0.771512 0.453731 3
-0.068826 -0.784835 0.449016 3
-0.085450 -0.874470 0.408456 7
-0.123114 -0.827455 0.432208 3
-0.124956 -0.987862 0.358274 5
-0.145927 -1.029233 0.340407 5
-0.178554 -1.008279 0.352014 5
-0.204036 -1.023966 0.346362 5
-0.230688 -1.033366 0.343732 5
-0.249173 -1.077572 0.324621 5
-0.281432 -1.061727 0.334069 5
-0.302652 -1.091184 0.322024 5
-0.332193 -1.087380 0.325866 5
-0.367377 -1.064031 0.339122 5
-0.399107 -1.055045 0.345604 5
-0.414895 -1.100565 0.326023 5
-0.452321 -1.073643 0.341243 5
-0.481566 -1.074588 0.343161 5
-0.514951 -1.063617 0.350897 5
-0.545761 -1.061406 0.354490 5
-0.582503 -1.043284 0.365868 5
-0.615500 -1.037051 0.371584 5
-0.733664 -0.807856 0.485862 7
-0.771331 -0.798393 0.493575 7
-0.801035 -0.809836 0.491178 7
-0.840983 -0.796660 0.500901 7
-0.871733 -0.806353 0.499515 7
-0.889519 -0.845575 0.483660 7
-0.928167 -0.837287 0.491245 7
-0.959846 -0.845068 0.490994 7
-0.997329 -0.840976 0.496708 7
-1.032850 -0.841766 0.500101 7
-1.051867 -0.875945 0.486937 7
-1.101650 -0.849581 0.504061 7
-1.123229 -0.878414 0.493674 7
-1.164307 -0.870654 0.501719 7
-1.218568 -0.840287 0.521303 7
-1.255633 -0.842226 0.524738 7
-1.277493 -0.870834 0.514736 7
-1.333877 -0.841101 0.534482 7
1.325839 -0.849984 0.449266 7
1.299349 -0.732773 0.503049 7
1.224851 -0.864482 0.438721 7
1.201295 -0.837789 0.450456 7
1.165855 -0.850569 0.443343 7
1.131385 -0.861508 0.437186 7
1.101969 -0.855105 0.439395 7
1.078645 -0.825035 0.452975 7
1.034409 -0.877904 0.426993 7
1.013020 -0.839071 0.444877 7
0.983810 -0.831945 0.447679 7
0.953871 -0.828108 0.448973 7
0.921112 -0.838396 0.443596 7
0.895410 -0.813583 0.455015 7
0.859840 -0.841000 0.441603 7
0.836686 -0.799440 0.461120 7
0.803561 -0.815470 0.453261 7
0.771009 -0.830540 0.445923 7
0.740354 -0.834768 0.443812 7
0.711686 -0.824699 0.448571 7
0.660170 -1.008940 0.360852 5
0.627532 -1.052751 0.340066 5
0.598147 -1.072770 0.330665 5
0.572397 -1.055610 0.339030 5
0.542733 -1.086553 0.324532 5
0.515664 -1.087748 0.324262 5
0.489233 -1.078054 0.329236 5
0.460932 -1.107452 0.315626 5
0.434019 -1.113836 0.313041 5
0.407344 -1.116054 0.312495 5
0.380365 -1.148470 0.297583 5
0.354136 -1.131341 0.306381 5
0.327431 -1.101640 0.321252 5
0.300410 -1.088082 0.328472 5
0.273550 -1.089830 0.328431 5
0.244703 -1.042031 0.352175 5
0.204820 -0.797815 0.470153 7
0.173566 -0.777980 0.480741 7
0.162505 -1.045093 0.353649 5
0.138749 -1.090690 0.332835 5
0.111535 -1.089308 0.334634 5
0.082199 -1.068220 0.345978 5
0.057139 -1.089007 0.337222 5
0.027097 -1.066848 0.349221 5
-0.014524 -0.963207 0.400652 5
-0.070845 -0.774619 0.493331 7
-0.085376 -0.878786 0.444577 7
-0.104013 -0.945690 0.413826 5
-0.123165 -1.002178 0.388113 5
-0.151933 -1.001930 0.389962 5
-0.178611 -1.012698 0.386516 5
-0.191529 -1.088142 0.351602 5
-0.218347 -1.094035 0.350589 5
-0.249217 -1.082501 0.358150 5
-0.279980 -1.072983 0.364808 5
-0.319163 -1.031805 0.387073 5
-0.339922 -1.063858 0.373503 5
-0.370485 -1.058522 0.378345 5
-0.399429 -1.059766 0.380023 5
-0.427857 -1.063190 0.380694 5
-0.458570 -1.059585 0.384909 5
-0.480044 -1.085421 0.374608 5
-0.518558 -1.059068 0.390256 5
-0.550508 -1.054026 0.395424 5
-0.580002 -1.056754 0.396805 5
-0.713472 -0.778435 0.538754 7
-0.744991 -0.785404 0.538469 7
-0.781311 -0.780385 0.544278 7
-0.817802 -0.775899 0.549922 7
-0.825513 -0.841277 0.520422 7
-0.877946 -0.799513 0.545045 7
-0.906062 -0.815750 0.540460 7
-0.932999 -0.834362 0.534723 7
-0.959426 -0.853736 0.528648 7
-0.988172 -0.867928 0.525269 7
-1.040932 -0.833300 0.546974 7
-1.060034 -0.867712 0.533400 7
-1.108913 -0.843655 0.549970 7
-1.133940 -0.866348 0.542553 7
-1.172655 -0.863521 0.548412 7
-1.208579 -0.866532 0.551357 7
-1.242417 -0.873762 0.552208 7
-1.308576 -0.826198 0.581842 7
-1.320283 -0.872371 0.562526 7
1.305249 -0.920561 0.454664 7
1.295204 -0.856466 0.485007 7
1.223793 -0.879462 0.471091 7
1.195891 -0.867421 0.475871 7
1.166171 -0.861289 0.477800 7
1.130585 -0.876200 0.469432 7
1.099214 -0.877289 0.467948 7
1.078027 -0.839608 0.485606 7
1.048156 -0.834303 0.487395 7
1.013575 -0.849068 0.479389 7
0.983480 -0.845931 0.480252 7
0.953507 -0.842502 0.481325 7
0.919799 -0.857676 0.473335 7
0.890261 -0.853474 0.474922 7
0.864634 -0.827822 0.487094 7
0.833929 -0.829248 0.486050 7
0.803577 -0.829253 0.485769 7
0.773164 -0.830256 0.485066 7
0.741280 -0.842600 0.478871 7
0.711573 -0.840587 0.479777 7
0.655335 -1.064627 0.369984 5
0.629929 -1.045204 0.379546 5
0.598570 -1.083861 0.360709 5
0.572723 -1.068310 0.368493 5
0.545197 -1.071247 0.367277 5
0.517174 -1.083350 0.361624 5
0.488194 -1.118369 0.344789 5
0.461495 -1.118552 0.345092 5
0.435390 -1.101482 0.353920 5
0.407732 -1.137669 0.336665 5
0.381724 -1.101261 0.355111 5
0.354944 -1.070927 0.370647 5
0.327809 -1.073041 0.370303 5
0.301054 -1.092971 0.361252 5
0.274163 -1.094771 0.361174 5
0.247735 -1.107613 0.355714 5
0.218426 -1.058952 0.380627 5
0.192273 -1.078930 0.371769 5
0.165512 -1.085108 0.369772 5
0.138677 -1.089303 0.368810 5
0.110136 -1.074732 0.377189 5
0.083812 -1.085032 0.373328 5
0.051399 -1.040654 0.396621 5
0.026801 -1.066904 0.384978 5
0.001565 -1.084849 0.377495 5
-0.035368 -1.020746 0.410861 5
-0.089162 -0.858560 0.493208 7
-0.095380 -1.001229 0.423834 5
-0.118935 -1.030148 0.411132 5
-0.142566 -1.055897 0.400042 5
-0.168426 -1.068265 0.395684 5
-0.201804 -1.044307 0.409586 5
-0.228238 -1.054498 0.406448 5
-0.255111 -1.062384 0.404523 5
-0.286276 -1.052541 0.411587 5
-0.309188 -1.076399 0.401735 5
-0.347087 -1.042612 0.421047 5
-0.364460 -1.085959 0.401442 5
-0.404988 -1.046423 0.423871 5
-0.429600 -1.063375 0.417744 5
-0.458632 -1.065486 0.419219 5
-0.497499 -1.037616 0.436061 5
-0.526817 -1.040729 0.437203 5
-0.552184 -1.055606 0.432392 5
-0.674271 -0.800330 0.566321 7
-0.700726 -0.820144 0.559377 7
-0.750953 -0.777179 0.584855 7
-0.784541 -0.779675 0.587032 7
-0.805767 -0.813103 0.573274 7
-0.849461 -0.791564 0.588079 7
-0.858017 -0.853471 0.559591 7
-0.896378 -0.845344 0.567600 7
-0.947626 -0.810045 0.589957 7
-0.973601 -0.831281 0.582848 7
-1.013015 -0.824140 0.590719 7
-1.036903 -0.849490 0.581574 7
-1.062813 -0.870249 0.574894 7
-1.110246 -0.849262 0.590427 7
-1.140860 -0.861556 0.588420 7
-1.193220 -0.834170 0.607688 7
-1.223943 -0.847450 0.605380 7
-1.267666 -0.838165 0.615282 7
-1.285472 -0.874157 0.600924 7
1.263229 -0.867477 0.518536 7
1.225177 -0.886704 0.507408 7
1.202080 -0.858810 0.520296 7
1.162653 -0.885144 0.505732 7
1.143417 -0.842470 0.526240 7
1.106514 -0.862220 0.515176 7
1.075278 -0.862411 0.514101 7
1.042851 -0.868023 0.510358 7
1.011329 -0.870935 0.508057 7
0.984835 -0.852477 0.516626 7
0.949774 -0.872570 0.505792 7
0.928451 -0.828107 0.527622 7
0.894566 -0.844231 0.518937 7
0.862712 -0.851725 0.514682 7
0.835452 -0.833990 0.523221 7
0.805807 -0.829295 0.525252 7
0.772054 -0.851877 0.513605 7
0.743768 -0.839310 0.519744 7
0.711416 -0.856813 0.510798 7
0.657028 -1.064606 0.406038 5
0.630929 -1.050905 0.412954 5
0.602611 -1.057655 0.409628 5
0.572727 -1.084747 0.396112 5
0.546343 -1.073721 0.401869 5
0.519724 -1.063278 0.407397 5
0.490974 -1.088342 0.395084 5
0.463851 -1.089025 0.395126 5
0.437183 -1.077156 0.401563 5
0.409727 -1.089153 0.396019 5
0.382772 -1.081964 0.400223 5
0.355644 -1.086364 0.398637 5
0.328522 -1.080991 0.402052 5
0.301458 -1.085040 0.400767 5
0.273758 -1.065232 0.411617 5
0.247735 -1.098083 0.395873 5
0.221158 -1.106833 0.392386 5
0.196291 -1.140975 0.376073 5
0.165734 -1.086394 0.404840 5
0.141381 -1.121581 0.388104 5
0.112088 -1.096171 0.402220 5
0.084004 -1.088132 0.407582 5
0.053181 -1.058159 0.424195 5
0.030397 -1.098118 0.405232 5
0.004005 -1.105718 0.402816 5
-0.030526 -1.057162 0.429173 5
-0.055350 -1.077500 0.420388 5
-0.091152 -1.030439 0.446194 5
-0.121364 -1.020856 0.452897 5
-0.145479 -1.045034 0.442333 5
-0.169584 -1.067177 0.432852 5
-0.199087 -1.062065 0.437461 5
-0.220469 -1.094470 0.422780 5
-0.261664 -1.039590 0.453257 5
-0.288569 -1.048591 0.450813 5
-0.316454 -1.053531 0.450536 5
-0.335840 -1.090413 0.433727 5
-0.367045 -1.082432 0.440286 5
-0.406488 -1.047208 0.461148 5
-0.430547 -1.066270 0.453790 5
-0.466394 -1.046811 0.466645 5
-0.496076 -1.048312 0.468627 5
-0.525826 -1.050086 0.470546 5
-0.626183 -0.849229 0.579321 7
-0.666291 -0.829735 0.592871 7
-0.714702 -0.789756 0.617407 7
-0.755257 -0.773408 0.629601 7
-0.775562 -0.809937 0.613820 7
-0.824568 -0.774510 0.636405 7
-0.849085 -0.800161 0.626548 7
-0.886702 -0.794695 0.633401 7
-0.903966 -0.836003 0.615251 7
-0.941987 -0.830300 0.622414 7
-0.983816 -0.817473 0.633554 7
-1.016605 -0.824745 0.633962 7
-1.046989 -0.837187 0.631655 7
-1.086814 -0.831118 0.639513 7
-1.108970 -0.859935 0.628448 7
-1.160262 -0.833548 0.647673 7
-1.183002 -0.861246 0.637372 7
-1.219578 -0.863700 0.641031 7
-1.264191 -0.852794 0.652210 7
1.231370 -0.878841 0.551869 7
1.206113 -0.857471 0.561635 7
1.174183 -0.857751 0.560169 7
1.140381 -0.865294 0.554997 7
1.121772 -0.818105 0.578420 7
1.076506 -0.869878 0.550380 7
1.048119 -0.859145 0.554967 7
1.013560 -0.873940 0.546356 7
0.985096 -0.863923 0.550720 7
0.949364 -0.887126 0.537907 7
0.930658 -0.830383 0.566671 7
0.897604 -0.841740 0.560158 7
0.865627 -0.849168 0.555763 7
0.839235 -0.825735 0.567444 7
0.804295 -0.852633 0.553109 7
0.766938 -0.899982 0.528258 7
0.745447 -0.841982 0.558064 7
0.712701 -0.861895 0.547579 7
0.660421 -1.050424 0.449835 5
0.629802 -1.076382 0.436367 5
0.597682 -1.123956 0.411771 5
0.574116 -1.085218 0.431945 5
0.545021 -1.108741 0.419936 5
0.518311 -1.104060 0.422601 5
0.491433 -1.101182 0.424400 5
0.464575 -1.097022 0.426928 5
0.438171 -1.077406 0.437540 5
0.410899 -1.077791 0.437849 5
0.383270 -1.107261 0.423129 5
0.356279 -1.131011 0.411431 5
0.329087 -1.070752 0.443431 5
0.302472 -1.108924 0.424365 5
0.275207 -1.098136 0.430808 5
0.246964 -1.069116 0.446815 5
0.222750 -1.132337 0.414864 5
0.194550 -1.109050 0.428026 5
0.167049 -1.102884 0.432342 5
0.140695 -1.112730 0.428371 5
0.110841 -1.083238 0.445019 5
0.082428 -1.074208 0.451060 5
0.056407 -1.088285 0.445079 5
0.032637 -1.118466 0.430710 5
0.004660 -1.113431 0.434859 5
-0.026857 -1.085530 0.451102 5
-0.051749 -1.104041 0.443032 5
-0.089709 -1.043062 0.476887 5
-0.124507 -1.007659 0.497409 5
-0.149935 -1.026145 0.489591 5
-0.180828 -1.015987 0.496974 5
-0.198581 -1.069390 0.470776 5
-0.227918 -1.066140 0.474631 5
-0.245827 -1.112536 0.452183 5
-0.285775 -1.065448 0.479501 5
-0.318364 -1.051696 0.489206 5
-0.342576 -1.070927 0.481397 5
-0.379990 -1.041872 0.499477 5
-0.411289 -1.036698 0.504894 5
-0.433745 -1.061765 0.494159 5
-0.464487 -1.059133 0.498369 5
-0.491205 -1.069637 0.495585 5
-0.597836 -0.842717 0.621217 7
-0.632337 -0.838611 0.626760 7
-0.667872 -0.832539 0.633480 7
-0.712005 -0.804396 0.652328 7
-0.739380 -0.822262 0.646252 7
-0.782651 -0.799589 0.662405 7
-0.818148 -0.797951 0.667196 7
-0.862384 -0.776305 0.683099 7
-0.887668 -0.800318 0.674016 7
-0.924072 -0.798717 0.679132 7
-0.944570 -0.832594 0.664712 7
-0.991134 -0.809986 0.681690 7
-1.031333 -0.802421 0.690481 7
-1.053087 -0.833079 0.678058 7
-1.094134 -0.825028 0.687359 7
-1.133089 -0.822090 0.693941 7
-1.153149 -0.855240 0.680309 7
-1.172205 -0.889313 0.666170 7
-1.241704 -0.832940 0.703394 7
-1.247019 -0.891166 0.675685 7
1.200586 -0.887448 0.586681 7
1.158384 -0.923278 0.566044 7
1.142086 -0.871362 0.592546 7
1.113145 -0.862112 0.596241 7
1.080030 -0.868639 0.591572 7
1.054653 -0.845434 0.602886 7
1.020948 -0.855497 0.596493 7
0.991693 -0.847633 0.599760 7
0.960582 -0.848119 0.598649 7
0.927349 -0.859557 0.591778 7
0.898871 -0.848507 0.596981 7
0.864086 -0.870979 0.584396 7
0.842220 -0.822326 0.609786 7
0.801808 -0.881902 0.577604 7
0.775440 -0.857990 0.589966 7
0.738688 -0.904679 0.564820 7
0.716546 -0.847439 0.595071 7
0.660495 -1.064360 0.479495 5
0.629805 -1.091354 0.465073 5
0.598664 -1.129357 0.444863 5
0.574455 -1.097883 0.461694 5
0.549781 -1.064258 0.479742 5
0.519535 -1.104613 0.458486 5
0.491763 -1.116371 0.452517 5
0.466277 -1.083352 0.470460 5
0.438841 -1.087284 0.468799 5
0.412146 -1.064066 0.481675 5
0.384467 -1.078830 0.474381 5
0.357167 -1.069020 0.480259 5
0.329889 -1.088325 0.470674 5
0.302165 -1.062264 0.485373 5
0.276712 -1.133200 0.448333 5
0.248653 -1.101515 0.466182 5
0.221663 -1.104835 0.465396 5
0.193347 -1.085814 0.476641 5
0.166000 -1.086442 0.477444 5
0.137272 -1.070674 0.487113 5
0.110656 -1.081731 0.482469 5
0.080402 -1.055981 0.497667 5
0.053905 -1.068379 0.492445 5
0.024738 -1.057871 0.499620 5
0.005284 -1.120942 0.467211 5
-0.023088 -1.114542 0.472299 5
-0.050059 -1.118423 0.471913 5
-0.088005 -1.057238 0.506812 5
-0.122163 -1.025117 0.526126 5
-0.149306 -1.034066 0.523279 5
-0.179242 -1.028726 0.528266 5
-0.203000 -1.053561 0.516918 5
-0.233862 -1.044718 0.523970 5
-0.259391 -1.059982 0.517958 5
-0.284364 -1.076678 0.511218 5
-0.318744 -1.055886 0.525072 5
-0.344638 -1.069012 0.520434 5
-0.377681 -1.056084 0.530185 5
-0.405341 -1.063215 0.528998 5
-0.445098 -1.030416 0.549931 5
-0.470920 -1.044935 0.544852 5
-0.563496 -0.854190 0.653622 7
-0.605663 -0.826553 0.672329 7
-0.626990 -0.861048 0.656611 7
-0.659287 -0.863556 0.658763 7
-0.701163 -0.840871 0.675106 7
-0.740282 -0.827400 0.686451 7
-0.767763 -0.844686 0.680658 7
-0.826563 -0.785140 0.718224 7
-0.860667 -0.788259 0.720676 7
-0.889646 -0.803675 0.716271 7
-0.923788 -0.807357 0.718607 7
-0.958636 -0.809985 0.721655 7
-1.003581 -0.791785 0.736719 7
-1.029917 -0.813598 0.729047 7
-1.043600 -0.860376 0.707085 7
-1.104470 -0.813179 0.739265 7
-1.131668 -0.833256 0.732847 7
-1.166341 -0.839163 0.734716 7
-1.192464 -0.861006 0.727429 7
-1.223024 -0.874671 0.724978 7
1.204414 -0.886943 0.628153 7
1.170273 -0.895033 0.622158 7
1.145618 -0.871118 0.633884 7
1.107166 -0.896212 0.618715 7
1.085027 -0.861947 0.636286 7
1.047528 -0.886327 0.621704 7
1.013151 -0.900585 0.612784 7
1.000419 -0.822351 0.654694 7
0.960205 -0.862805 0.631574 7
0.920015 -0.908059 0.605935 7
0.892395 -0.894864 0.612412 7
0.861952 -0.895939 0.611155 7
0.830730 -0.902215 0.607136 7
0.808276 -0.856213 0.631794 7
0.773358 -0.886006 0.615074 7
0.747967 -0.853682 0.632404 7
0.690476 -1.061871 0.518343 5
0.659346 -1.088488 0.503626 5
0.631481 -1.091024 0.502147 5
0.602456 -1.106406 0.493722 5
0.579480 -1.057317 0.520605 5
0.546334 -1.126761 0.482780 5
0.521077 -1.100585 0.497289 5
0.494516 -1.088297 0.504284 5
0.467431 -1.082305 0.507911 5
0.439557 -1.095944 0.500876 5
0.412161 -1.102300 0.497894 5
0.385427 -1.070155 0.516061 5
0.357892 -1.080199 0.511210 5
0.330469 -1.077549 0.513384 5
0.302976 -1.074730 0.515728 5
0.276321 -1.103266 0.500945 5
0.248892 -1.097518 0.505038 5
0.221706 -1.099549 0.504937 5
0.195859 -1.123319 0.492956 5
0.166106 -1.086051 0.514618 5
0.137629 -1.074468 0.522244 5
0.112090 -1.097608 0.510816 5
0.082067 -1.073321 0.525612 5
0.052222 -1.055673 0.536847 5
0.026873 -1.077436 0.526386 5
-0.001057 -1.077332 0.528084 5
-0.023580 -1.114544 0.509176 5
-0.054142 -1.096262 0.521098 5
-0.079317 -1.112779 0.513786 5
-0.114619 -1.071496 0.538697 5
-0.146163 -1.055197 0.549831 5
-0.175990 -1.049731 0.555030 5
-0.209470 -1.028227 0.569288 5
-0.236504 -1.038182 0.566059 5
-0.265950 -1.037497 0.568866 5
-0.294935 -1.039302 0.570364 5
-0.322340 -1.047649 0.568269 5
-0.350984 -1.051247 0.568923 5
-0.376272 -1.067089 0.562748 5
-0.399122 -1.090608 0.552285 5
-0.502928 -0.846136 0.693834 7
-0.527228 -0.872581 0.682104 7
-0.563344 -0.861600 0.691727 7
-0.598424 -0.855066 0.698947 7
-0.630111 -0.859285 0.700141 7
-0.668068 -0.846555 0.711151 7
-0.697529 -0.857985 0.708424 7
-0.735749 -0.846671 0.718882 7
-0.794960 -0.784023 0.759136 7
-0.819259 -0.810766 0.747936 7
-0.862679 -0.791433 0.763528 7
-0.903829 -0.779095 0.775234 7
-0.941685 -0.775484 0.782014 7
-0.977904 -0.776318 0.786336 7
-1.016227 -0.773369 0.793010 7
-1.030083 -0.821560 0.769716 7
-1.070448 -0.814901 0.778788 7
-1.098359 -0.833574 0.773015 7
-1.137672 -0.830353 0.780331 7
-1.151129 -0.875926 0.758703 7
1.213391 -0.869948 0.679500 7
1.172084 -0.901005 0.660251 7
1.138322 -0.908823 0.654278 7
1.122220 -0.853700 0.683974 7
1.090430 -0.853930 0.682457 7
1.046625 -0.902370 0.653837 7
1.015478 -0.903463 0.652040 7
0.990455 -0.878657 0.664923 7
0.962855 -0.863691 0.672339 7
0.927574 -0.884665 0.659614 7
0.899613 -0.871421 0.666232 7
0.869629 -0.868079 0.667366 7
0.835087 -0.890954 0.653857 7
0.808339 -0.869975 0.665073 7
0.778068 -0.869596 0.664802 7
0.752427 -0.837233 0.682570 7
0.720923 -0.844693 0.678069 7
0.658844 -1.107166 0.530569 5
0.634995 -1.074179 0.548948 5
0.608501 -1.061236 0.556158 5
0.577664 -1.094737 0.537391 5
0.548489 -1.116655 0.525198 5
0.523200 -1.088221 0.541335 5
0.495479 -1.092640 0.539116 5
0.468525 -1.082894 0.544925 5
0.441970 -1.056443 0.560195 5
0.414361 -1.050534 0.564015 5
0.386319 -1.067548 0.555033 5
0.358650 -1.082013 0.547555 5
0.331142 -1.077395 0.550883 5
0.303527 -1.072826 0.554263 5
0.276626 -1.096829 0.541635 5
0.249875 -1.112211 0.533927 5
0.221561 -1.090434 0.547239 5
0.193595 -1.082531 0.552819 5
0.167264 -1.100330 0.543969 5
0.136437 -1.059449 0.568355 5
0.108217 -1.056512 0.571394 5
0.084683 -1.099812 0.548328 5
0.052549 -1.060528 0.572120 5
0.026072 -1.073602 0.566322 5
-0.000485 -1.084554 0.561797 5
-0.026182 -1.100261 0.554635 5
-0.048728 -1.134250 0.537119 5
-0.078401 -1.122240 0.545878 5
-0.118702 -1.053217 0.587309 5
-0.150680 -1.036230 0.599170 5
-0.176539 -1.051922 0.592426 5
-0.207078 -1.044593 0.598956 5
-0.232465 -1.061497 0.591661 5
-0.260748 -1.065063 0.592105 5
-0.296239 -1.039681 0.609329 5
-0.321940 -1.054987 0.603193 5
-0.341936 -1.090722 0.585295 5
-0.373711 -1.082221 0.593068 5
-0.466294 -0.867146 0.720991 7
-0.492966 -0.885678 0.713503 7
-0.534474 -0.856493 0.733921 7
-0.564252 -0.865825 0.731999 7
-0.604278 -0.844937 0.747875 7
-0.623816 -0.884431 0.728455 7
-0.677292 -0.828518 0.765213 7
-0.710120 -0.831859 0.767276 7
-0.753735 -0.807798 0.785665 7
-0.776712 -0.837517 0.772348 7
-0.817204 -0.823603 0.785016 7
-0.850010 -0.829286 0.786170 7
-0.890188 -0.818446 0.797316 7
-0.936287 -0.795721 0.815760 7
-0.965174 -0.812176 0.810857 7
-1.001495 -0.812794 0.815588 7
-1.028955 -0.832236 0.809070 7
-1.070571 -0.823126 0.819954 7
-1.084943 -0.868156 0.798056 7
-1.141856 -0.831024 0.826321 7
-1.129873 -0.923740 0.775302 7
1.175481 -0.901781 0.701713 7
1.137393 -0.924225 0.687013 7
1.112608 -0.900990 0.698941 7
1.086085 -0.882928 0.707942 7
1.040882 -0.937501 0.674954 7
1.022531 -0.886983 0.702930 7
0.998332 -0.857455 0.718820 7
0.956150 -0.907241 0.688945 7
0.940553 -0.835716 0.729262 7
0.902187 -0.871827 0.707498 7
0.868370 -0.888464 0.697084 7
0.843773 -0.855367 0.715449 7
0.811954 -0.862245 0.710848 7
0.786519 -0.829253 0.729317 7
0.754617 -0.837008 0.724393 7
0.723112 -0.843630 0.720214 7
0.693927 -0.832934 0.726101 7
0.664275 -0.824967 0.730506 7
0.632882 -0.833298 0.725618 7
0.602222 -0.836014 0.724052 7
0.572198 -0.831972 0.726468 7
0.524141 -1.093737 0.575913 5
0.495369 -1.116010 0.563329 5
0.470850 -1.057150 0.597559 5
0.442374 -1.074736 0.587838 5
0.415528 -1.042392 0.606973 5
0.387115 -1.072621 0.590124 5
0.359472 -1.067532 0.593717 5
0.331879 -1.084849 0.584463 5
0.303930 -1.062221 0.598349 5
0.277322 -1.103742 0.575265 5
0.250063 -1.106695 0.574534 5
0.221077 -1.074412 0.594272 5
0.194572 -1.094838 0.583599 5
0.166671 -1.090141 0.587550 5
0.138034 -1.078271 0.595752 5
0.110886 -1.085657 0.592870 5
0.080799 -1.063772 0.607077 5
0.050950 -1.048625 0.617478 5
0.023321 -1.054294 0.615861 5
0.001377 -1.101239 0.590254 5
-0.025697 -1.106990 0.588721 5
-0.052166 -1.116296 0.585189 5
-0.079826 -1.117900 0.586240 5
-0.109125 -1.110766 0.592500 5
-0.149302 -1.048184 0.631412 5
-0.177033 -1.054437 0.630057 5
-0.209356 -1.039109 0.641492 5
-0.238405 -1.040422 0.643237 5
-0.265319 -1.051214 0.639477 5
-0.287924 -1.078992 0.625738 5
-0.321081 -1.064140 0.637317 5
-0.351563 -1.061002 0.642069 5
-0.436670 -0.864830 0.761823 7
-0.469521 -0.862830 0.766345 7
-0.502895 -0.859887 0.771549 7
-0.533003 -0.868100 0.770192 7
-0.561865 -0.880148 0.766628 7
-0.599236 -0.866980 0.778318 7
-0.644481 -0.832978 0.802727 7
-0.682236 -0.822423 0.813183 7
-0.702623 -0.859361 0.795020 7
-0.741149 -0.847943 0.806244 7
-0.779907 -0.837302 0.817160 7
-0.815401 -0.835863 0.822622 7
-0.856936 -0.820983 0.836454 7
-0.897011 -0.810967 0.847488 7
-0.931209 -0.815240 0.849898 7
-0.965939 -0.818823 0.852864 7
-0.996842 -0.830945 0.850673 7
-1.025072 -0.848585 0.845156 7
-1.056113 -0.860419 0.843340 7
-1.095669 -0.855854 0.851888 7
-1.124310 -0.872851 0.847082 7
-1.121819 -0.947057 0.806341 7
1.176733 -0.909845 0.739351 7
1.149356 -0.895043 0.746398 7
1.127941 -0.858151 0.766686 7
1.090907 -0.877389 0.753641 7
1.059988 -0.874968 0.753594 7
1.024704 -0.890853 0.742775 7
0.997353 -0.874732 0.751065 7
0.962339 -0.892240 0.739498 7
0.933205 -0.884211 0.743178 7
0.908936 -0.851420 0.761617 7
0.872564 -0.879798 0.743922 7
0.846154 -0.855978 0.757225 7
0.817256 -0.844597 0.763257 7
0.785371 -0.851496 0.758572 7
0.754824 -0.850747 0.758507 7
0.726377 -0.834685 0.767585 7
0.698658 -0.810407 0.781609 7
0.666465 -0.822176 0.774431 7
0.636387 -0.816048 0.777922 7
0.605084 -0.822698 0.773960 7
0.576316 -0.799647 0.787637 7
0.543417 -0.830506 0.769566 7
0.515069 -0.794290 0.791213 7
0.481942 -0.844368 0.761970 7
0.451899 -0.839171 0.765479 7
0.422989 -0.785208 0.797917 7
0.391998 -0.795645 0.792382 7
0.360324 -1.049982 0.642610 5
0.332544 -1.081312 0.624816 5
0.304731 -1.073362 0.630356 5
0.276923 -1.072074 0.632041 5
0.249018 -1.069573 0.634533 5
0.223272 -1.111834 0.610548 5
0.193614 -1.075271 0.633432 5
0.166372 -1.084032 0.629495 5
0.137019 -1.065378 0.641951 5
0.107929 -1.054425 0.649929 5
0.084679 -1.102430 0.622862 5
0.052160 -1.061210 0.649074 5
0.025179 -1.071698 0.644539 5
-0.001110 -1.086117 0.637729 5
-0.026954 -1.101950 0.630145 5
-0.055882 -1.096690 0.635277 5
-0.085727 -1.087252 0.643021 5
-0.109769 -1.111618 0.630547 5
-0.138727 -1.108090 0.634924 5
-0.176872 -1.060228 0.666142 5
-0.204933 -1.065001 0.665753 5
-0.230240 -1.082079 0.658009 5
-0.256624 -1.093534 0.653738 5
-0.342392 -0.865106 0.795203 7
-0.370488 -0.879593 0.789509 7
-0.401374 -0.883172 0.790543 7
-0.438490 -0.865014 0.804956 7
-0.464905 -0.885296 0.796008 7
-0.501349 -0.871849 0.807809 7
-0.541904 -0.847066 0.826729 7
-0.573745 -0.851160 0.828054 7
-0.611662 -0.837795 0.840269 7
-0.640746 -0.850999 0.836210 7
-0.685349 -0.821474 0.858742 7
-0.698064 -0.879029 0.827349 7
-0.745198 -0.845262 0.852837 7
-0.788977 -0.822570 0.871648 7
-0.812408 -0.851032 0.858614 7
-0.864517 -0.811298 0.888482 7
-0.893653 -0.826814 0.883813 7
-0.924094 -0.839260 0.881175 7
-0.968134 -0.822466 0.897180 7
-0.997513 -0.837959 0.892868 7
-1.034462 -0.837918 0.898562 7
-1.066781 -0.847771 0.898083 7
-1.091571 -0.872381 0.888248 7
1.154781 -0.888803 0.793222 7
1.125081 -0.881109 0.796123 7
1.093359 -0.880934 0.794534 7
1.063737 -0.873158 0.797687 7
1.036190 -0.856792 0.806174 7
1.001407 -0.870463 0.796463 7
0.968061 -0.879654 0.789596 7
0.935609 -0.886196 0.784452 7
0.907574 -0.871968 0.792035 7
0.876161 -0.874562 0.789496 7
0.848730 -0.855669 0.800100 7
0.820307 -0.840834 0.808335 7
0.789959 -0.836859 0.810078 7
0.760015 -0.830103 0.813607 7
0.730751 -0.817758 0.820621 7
0.698052 -0.831782 0.811756 7
0.669320 -0.813711 0.822438 7
0.636922 -0.828601 0.813251 7
0.606446 -0.826397 0.814519 7
0.575022 -0.836105 0.808672 7
0.545411 -0.823095 0.816686 7
0.515131 -0.817373 0.820385 7
0.483933 -0.829127 0.813594 7
0.454086 -0.811279 0.824842 7
0.424381 -0.773444 0.848315 7
0.392878 -0.802627 0.831254 7
0.362040 -0.823654 0.819228 7
0.331396 -0.806738 0.830326 7
0.300573 -0.800969 0.834764 7
0.270112 -0.813006 0.828484 7
0.249249 -1.064653 0.676569 5
0.221157 -1.062930 0.678742 5
0.194066 -1.078860 0.670258 5
0.165092 -1.064150 0.680528 5
0.139779 -1.098323 0.661081 5
0.112293 -1.101755 0.660464 5
0.079230 -1.051425 0.692801 5
0.055275 -1.090376 0.670660 5
0.022217 -1.050821 0.696660 5
-0.001774 -1.084386 0.677962 5
-0.032060 -1.070938 0.688183 5
-0.061175 -1.067270 0.692509 5
-0.089818 -1.067407 0.694597 5
-0.112569 -1.100625 0.676386 5
-0.147984 -1.064653 0.700944 5
-0.177595 -1.061721 0.705236 5
-0.249185 -0.864058 0.830279 7
-0.280767 -0.863811 0.833326 7
-0.307673 -0.883902 0.823844 7
-0.330806 -0.917942 0.805746 7
-0.366662 -0.900672 0.819699 7
-0.399602 -0.896209 0.825803 7
-0.441255 -0.861948 0.850702 7
-0.459847 -0.909243 0.824619 7
-0.499581 -0.884571 0.843801 7
-0.541806 -0.854514 0.866568 7
-0.580803 -0.837026 0.881606 7
-0.599716 -0.880123 0.858460 7
-0.641980 -0.854986 0.878629 7
-0.677333 -0.851032 0.885531 7
-0.711490 -0.851147 0.889985 7
-0.762121 -0.809737 0.921139 7
-0.795118 -0.815297 0.922453 7
-0.818387 -0.844623 0.908610 7
-0.859237 -0.831832 0.921971 7
-0.894544 -0.833038 0.926478 7
-0.919926 -0.856756 0.916530 7
-0.965141 -0.837329 0.934719 7
-0.996398 -0.848775 0.932995 7
-1.023920 -0.867903 0.926357 7
-1.056463 -0.876812 0.926516 7
1.136504 -0.853043 0.857415 7
1.103663 -0.855389 0.854120 7
1.073146 -0.849537 0.856070 7
1.033883 -0.879336 0.835847 7
0.999861 -0.890288 0.827536 7
0.975276 -0.860685 0.844649 7
0.951392 -0.825246 0.865482 7
0.911445 -0.866446 0.838646 7
0.889390 -0.818791 0.867277 7
0.860058 -0.806559 0.873938 7
0.820639 -0.853525 0.843876 7
0.792668 -0.834591 0.854923 7
0.759503 -0.849079 0.845293 7
0.729516 -0.842923 0.848602 7
0.702876 -0.809199 0.869141 7
0.667469 -0.847327 0.845147 7
0.639120 -0.824908 0.858868 7
0.608136 -0.826694 0.857659 7
0.577088 -0.830366 0.855382 7
0.545544 -0.842963 0.847667 7
0.515467 -0.835708 0.852385 7
0.486721 -0.797780 0.876263 7
0.454822 -0.823879 0.860470 7
0.424529 -0.810496 0.869313 7
0.393432 -0.831713 0.856752 7
0.363063 -0.791774 0.882327 7
0.332198 -0.809427 0.872187 7
0.301092 -0.791528 0.884279 7
0.270649 -0.811639 0.872807 7
0.239321 -0.798390 0.882223 7
0.208551 -0.802727 0.880785 7
0.177143 -0.795569 0.886628 7
0.147001 -0.808910 0.879774 7
0.117462 -0.826642 0.870268 7
0.091511 -0.879312 0.838975 7
0.055843 -0.828223 0.872749 7
0.053142 -1.073917 0.720507 5
0.027977 -1.099225 0.706445 5
-0.005665 -1.059156 0.733556 5
-0.068239 -0.830210 0.879750 7
-0.099037 -0.833332 0.880120 7
-0.132232 -0.822572 0.889363 7
-0.154642 -0.873198 0.859931 7
-0.184547 -0.879633 0.858498 7
-0.227937 -0.819788 0.899198 7
-0.249017 -0.870563 0.869875 7
-0.279328 -0.876099 0.869345 7
-0.312898 -0.868006 0.877609 7
-0.340508 -0.885190 0.869871 7
-0.380560 -0.853740 0.893328 7
-0.404298 -0.885511 0.876462 7
-0.444573 -0.857038 0.898333 7
-0.485388 -0.829612 0.919732 7
-0.511144 -0.853929 0.907964 7
-0.540518 -0.865750 0.904336 7
-0.576723 -0.856721 0.914316 7
-0.616152 -0.839563 0.929738 7
-0.655962 -0.823147 0.944869 7
-0.676745 -0.860300 0.925234 7
-0.725728 -0.821388 0.955389 7
-0.759186 -0.825224 0.957780 7
-0.794455 -0.825018 0.962966 7
-0.840792 -0.798937 0.985374 7
-0.875456 -0.802272 0.988575 7
-0.904752 -0.818259 0.983529 7
-0.926848 -0.849877 0.968179 7
-0.953467 -0.870780 0.960018 7
-1.006278 -0.836778 0.988704 7
-1.064244 -0.794864 1.023023 7
1.113285 -0.832788 0.913242 7
1.079356 -0.838697 0.907618 7
1.042731 -0.856692 0.894376 7
1.008962 -0.864927 0.887520 7
0.987263 -0.820809 0.914279 7
0.947043 -0.859563 0.888138 7
0.919706 -0.839426 0.899765 7
0.891885 -0.820076 0.910986 7
0.853620 -0.857103 0.886338 7
0.826070 -0.836019 0.898884 7
0.794401 -0.838745 0.896352 7
0.766250 -0.818454 0.908598 7
0.732021 -0.840384 0.894054 7
0.702355 -0.830094 0.900145 7
0.668892 -0.851903 0.885907 7
0.637519 -0.858577 0.881417 7
0.611993 -0.803577 0.916294 7
0.575580 -0.869292 0.874440 7
0.548801 -0.818039 0.907148 7
0.518270 -0.812173 0.911075 7
0.487950 -0.799860 0.919219 7
0.456515 -0.810954 0.912567 7
0.425515 -0.815281 0.910333 7
0.394269 -0.842110 0.893865 7
0.363913 -0.803620 0.919136 7
0.332972 -0.805964 0.918493 7
0.302135 -0.812075 0.915554 7
0.271024 -0.804156 0.921681 7
0.240859 -0.825703 0.909095 7
0.209505 -0.814422 0.917593 7
0.178609 -0.815377 0.918382 7
0.148464 -0.827149 0.912355 7
0.116441 -0.813591 0.922663 7
0.086108 -0.821924 0.919054 7
0.057083 -0.841657 0.908225 7
0.022813 -0.812692 0.928794 7
-0.003351 -0.853628 0.904526 7
-0.034051 -0.855514 0.905475 7
-0.064198 -0.861455 0.903922 7
-0.097081 -0.850005 0.913710 7
-0.129335 -0.844337 0.919895 7
-0.159899 -0.849274 0.919338 7
-0.194492 -0.833361 0.932422 7
-0.213822 -0.894563 0.895536 7
-0.251520 -0.864723 0.917915 7
-0.286342 -0.851157 0.929869 7
-0.313723 -0.870737 0.920325 7
-0.348699 -0.858723 0.931538 7
-0.384620 -0.844773 0.944179 7
-0.410567 -0.869190 0.931777 7
-0.449184 -0.847705 0.949663 7
-0.483146 -0.844263 0.955837 7
-0.502414 -0.889428 0.930017 7
-0.545130 -0.858585 0.954572 7
-0.578666 -0.858264 0.959086 7
-0.615465 -0.849124 0.969615 7
-0.651889 -0.842310 0.978765 7
-0.686675 -0.841057 0.984365 7
-0.715786 -0.855469 0.979609 7
-0.765927 -0.816099 1.011133 7
-0.806526 -0.803374 1.024986 7
-0.829983 -0.833125 1.010312 7
-0.865879 -0.832926 1.016005 7
-0.914384 -0.804987 1.040740 7
-0.956474 -0.793392 1.054604 7
-0.987895 -0.805891 1.052196 7
-1.262018 -0.315226 1.395531 0
-1.292570 -0.343040 1.383959 0
1.112408 -0.849307 0.947991 7
1.076659 -0.862450 0.937413 7
1.049527 -0.842717 0.948572 7
1.022289 -0.822155 0.960372 7
0.990006 -0.822524 0.958549 7
0.956862 -0.827577 0.953778 7
0.918230 -0.860866 0.930647 7
0.891458 -0.836795 0.945194 7
0.865903 -0.803607 0.965801 7
0.830275 -0.826152 0.950080 7
0.796499 -0.840773 0.939667 7
0.766744 -0.830887 0.945381 7
0.736066 -0.826779 0.947434 7
0.703176 -0.840251 0.938130 7
0.674117 -0.823345 0.948763 7
0.640631 -0.846376 0.933456 7
0.611078 -0.832819 0.942131 7
0.581087 -0.821602 0.949393 7
0.549216 -0.834242 0.941207 7
0.520199 -0.804100 0.961042 7
0.488468 -0.816940 0.952953 7
0.457709 -0.812025 0.956561 7
0.426371 -0.825343 0.948384 7
0.395716 -0.814488 0.956099 7
0.364891 -0.791012 0.972178 7
0.333992 -0.842099 0.939656 7
0.302920 -0.817208 0.956895 7
0.271520 -0.800631 0.968827 7
0.239549 -0.779218 0.984055 7
0.209071 -0.798042 0.973057 7
0.179276 -0.821968 0.958812 7
0.148635 -0.827292 0.956866 7
0.117162 -0.821687 0.962207 7
0.087631 -0.838830 0.952719 7
0.055869 -0.831564 0.959389 7
0.024110 -0.826315 0.964858 7
-0.006557 -0.831224 0.963756 7
-0.038420 -0.827254 0.968630 7
-0.068429 -0.836965 0.964585 7
-0.099028 -0.842235 0.963587 7
-0.133956 -0.822079 0.979559 7
-0.161492 -0.845631 0.966674 7
-0.197462 -0.823425 0.984295 7
-0.227967 -0.830995 0.982259 7
-0.255183 -0.853625 0.970288 7
-0.286749 -0.855475 0.972282 7
-0.318797 -0.855748 0.975457 7
-0.350522 -0.857909 0.977498 7
-0.383621 -0.855264 0.982897 7
-0.416414 -0.854590 0.987112 7
-0.450766 -0.849138 0.994690 7
-0.473545 -0.883721 0.975351 7
-0.508542 -0.876735 0.984223 7
-0.547794 -0.857639 1.001483 7
-0.589555 -0.833019 1.022711 7
-0.626141 -0.825786 1.032301 7
-0.650898 -0.852848 1.018605 7
-0.697670 -0.819150 1.046645 7
-0.721442 -0.848585 1.031545 7
-0.765972 -0.824145 1.053648 7
-0.798627 -0.831110 1.054291 7
-0.835831 -0.827485 1.062416 7
-0.880764 -0.806868 1.082545 7
-0.914769 -0.812721 1.084467 7
-1.166717 -0.342633 1.419622 0
-1.216703 -0.328503 1.436944 0
-1.247340 -0.355976 1.425241 0
-1.305077 -0.328318 1.452593 0
-1.358193 -0.312021 1.472246 0
1.360046 -0.105214 1.498708 1
1.257466 -0.330246 1.344151 1
1.088204 -0.831586 1.003905 7
1.057288 -0.825207 1.006265 7
1.021135 -0.840853 0.993936 7
0.993275 -0.822100 1.004867 7
0.951166 -0.868201 0.972363 7
0.931437 -0.810291 1.009809 7
0.899334 -0.810454 1.008393 7
0.861657 -0.841983 0.986087 7
0.834775 -0.814870 1.003197 7
0.802743 -0.816938 1.000881 7
0.771602 -0.813918 1.002092 7
0.739516 -0.817921 0.998726 7
0.705254 -0.840540 0.983038 7
0.675329 -0.830337 0.989417 7
0.644610 -0.826234 0.991835 7
0.613727 -0.823530 0.993437 7
0.580788 -0.845830 0.978451 7
0.549789 -0.848266 0.976856 7
0.520482 -0.823971 0.993243 7
0.490579 -0.801588 1.008474 7
0.459565 -0.796138 1.012510 7
0.427474 -0.826622 0.992639 7
0.396674 -0.819138 0.998272 7
0.365527 -0.846893 0.980446 7
0.334623 -0.810453 1.005699 7
0.303955 -0.837049 0.988873 7
0.272112 -0.800242 1.014639 7
0.241957 -0.828995 0.996590 7
0.210490 -0.819005 1.004635 7
0.182569 -0.872044 0.970480 7
0.149051 -0.830829 0.999742 7
0.117000 -0.819057 1.009365 7
0.088715 -0.851040 0.989660 7
0.054370 -0.818773 1.013346 7
0.024030 -0.827998 1.009202 7
-0.007241 -0.828864 1.010815 7
-0.034622 -0.858475 0.993110 7
-0.064824 -0.865288 0.990921 7
-0.099356 -0.844678 1.007445 7
-0.128295 -0.860063 0.999687 7
-0.163659 -0.838934 1.016866 7
-0.192484 -0.854645 1.009122 7
-0.223126 -0.860374 1.008287 7
-0.261480 -0.830484 1.031917 7
-0.290514 -0.845122 1.025265 7
-0.320889 -0.853379 1.023092 7
-0.350531 -0.864426 1.019119 7
-0.376702 -0.888348 1.006390 7
-0.417450 -0.857706 1.031381 7
-0.443390 -0.881994 1.018627 7
-0.486008 -0.848981 1.045646 7
-0.518209 -0.852784 1.047349 7
-0.550697 -0.856062 1.049555 7
-0.588240 -0.844604 1.062184 7
-0.620763 -0.849124 1.063832 7
-0.653889 -0.852316 1.066554 7
-0.694535 -0.835651 1.083383 7
-0.739324 -0.809905 1.106838 7
-0.771929 -0.817303 1.107134 7
-0.808530 -0.815135 1.114354 7
-0.850288 -0.801523 1.129891 7
-1.096929 -0.316330 1.481881 0
-1.139558 -0.317352 1.488462 0
-1.175473 -0.333784 1.484201 0
-1.216808 -0.338665 1.488400 0
-1.265040 -0.329918 1.502642 0
-1.285500 -0.378183 1.475848 0
-1.333339 -0.371314 1.489133 0
1.298385 -0.338154 1.396762 1
1.260463 -0.335262 1.396037 1
1.218329 -0.348931 1.384035 1
1.186420 -0.323813 1.398965 1
1.023778 -0.843696 1.038503 7
0.992930 -0.837765 1.040818 7
0.965371 -0.816628 1.053716 7
0.931149 -0.826286 1.045559 7
0.900039 -0.821635 1.047370 7
0.863761 -0.845359 1.029831 7
0.833499 -0.837682 1.033981 7
0.807690 -0.801703 1.057655 7
0.771707 -0.829308 1.037861 7
0.741943 -0.816836 1.045663 7
0.708181 -0.834372 1.033035 7
0.679462 -0.812228 1.047706 7
0.646075 -0.830695 1.034698 7
0.617166 -0.806209 1.051216 7
0.585599 -0.808032 1.049851 7
0.551237 -0.850163 1.021025 7
0.519980 -0.856853 1.016576 7
0.492109 -0.798675 1.056652 7
0.460237 -0.811870 1.048000 7
0.428293 -0.838768 1.030084 7
0.398075 -0.797797 1.058775 7
0.366748 -0.795036 1.061424 7
0.335408 -0.801880 1.057615 7
0.304323 -0.815791 1.049079 7
0.272789 -0.802632 1.059237 7
0.241967 -0.816282 1.051119 7
0.211754 -0.836818 1.038382 7
0.179011 -0.808416 1.059410 7
0.148174 -0.816181 1.055699 7
0.118336 -0.834619 1.044753 7
0.082978 -0.790133 1.077308 7
0.058355 -0.858555 1.032104 7
0.021943 -0.812342 1.066156 7
-0.008939 -0.818543 1.064143 7
-0.036652 -0.847365 1.046580 7
-0.071381 -0.825362 1.064355 7
-0.101246 -0.837431 1.058636 7
-0.137090 -0.813650 1.077967 7
-0.158998 -0.869705 1.041863 7
-0.197187 -0.835933 1.068452 7
-0.224755 -0.858225 1.056072 7
-0.251622 -0.882024 1.042724 7
-0.283776 -0.880898 1.046938 7
-0.313287 -0.891522 1.043040 7
-0.359821 -0.834108 1.087147 7
-0.387034 -0.855826 1.075748 7
-0.429150 -0.822117 1.103606 7
-0.450008 -0.865975 1.076780 7
-0.489414 -0.844869 1.096081 7
-0.511782 -0.880914 1.074949 7
-0.553435 -0.855120 1.097946 7
-0.589108 -0.849716 1.106615 7
-0.634971 -0.815959 1.135782 7
-0.656676 -0.852478 1.114753 7
-0.690369 -0.854956 1.118273 7
-0.727826 -0.848141 1.128665 7
-0.779731 -0.805971 1.164862 7
-0.990560 -0.378375 1.481336 0
-1.020389 -0.406646 1.467761 0
-1.075082 -0.376822 1.496722 0
-1.088718 -0.441314 1.456911 0
-1.151027 -0.397260 1.496828 0
-1.188006 -0.409961 1.495315 0
-1.223315 -0.426236 1.491326 0
-1.254882 -0.449957 1.481958 0
-1.303900 -0.439313 1.498317 0
-1.323479 -0.485867 1.472192 0
-0.991145 -0.109730 -0.970510 6
-0.844967 -0.016686 -1.056863 6
-0.833619 -0.057199 -1.041521 6
-0.755477 -0.028404 -1.078218 6
-0.687108 -0.007880 -1.108312 6
-0.629855 0.002324 -1.130455 6
-0.592197 -0.007944 -1.137436 6
-0.518290 0.023541 -1.174591 6
-0.505394 -0.013613 -1.162045 6
-0.462928 -0.016351 -1.174291 6
-0.395665 0.011740 -1.208220 6
-0.350428 0.014674 -1.224111 6
-0.328616 -0.010984 -1.220000 6
-0.278092 0.000182 -1.241459 6
-0.220312 0.022266 -1.270170 6
-0.213124 -0.021976 -1.253540 6
-0.154516 0.003465 -1.284214 6
-0.117054 0.001133 -1.295982 6
-0.070961 0.011946 -1.316404 6
-0.032807 0.012403 -1.329827 6
-0.010641 -0.010317 -1.328053 6
0.028949 -0.006475 -1.343631 6
0.242251 0.271356 -1.534965 4
0.267980 0.261225 -1.540023 4
0.288220 0.242313 -1.539583 4
0.304706 0.216916 -1.535218 4
0.342862 0.228384 -1.553967 4
0.364202 0.211455 -1.555047 4
0.382131 0.188264 -1.552419 4
0.405668 0.175045 -1.556024 4
0.409926 0.125323 -1.537764 4
0.444601 0.133000 -1.554189 4
0.460947 0.105258 -1.549548 4
0.484841 0.092272 -1.553795 4
0.503814 0.069032 -1.552168 4
0.527323 0.055088 -1.556094 4
0.552567 0.044996 -1.562324 4
0.558372 -0.009062 -1.543694 4
0.591588 -0.001320 -1.560295 4
0.583760 -0.090923 -1.522547 4
0.614012 -0.090805 -1.535201 4
0.473051 -0.525197 -1.309902 8
0.496682 -0.553670 -1.309078 8
0.468491 -0.722714 -1.232882 7
0.506773 -0.716366 -1.251791 7
0.528758 -0.755342 -1.246669 7
0.551677 -0.793032 -1.242571 7
-0.949282 -0.061288 -0.952404 6
-0.851241 -0.016457 -1.003587 6
-0.845780 -0.063546 -0.983000 6
-0.789858 -0.058829 -1.002548 6
-0.739260 -0.058585 -1.018476 6
-0.660518 -0.026656 -1.058152 6
-0.579904 0.009685 -1.100599 6
-0.537036 0.005628 -1.112477 6
-0.501028 -0.005625 -1.118970 6
-0.465706 -0.017240 -1.125201 6
-0.414199 -0.008838 -1.145953 6
-0.374441 -0.013686 -1.156959 6
-0.314709 0.007392 -1.186401 6
-0.303542 -0.032387 -1.172420 6
-0.252134 -0.019960 -1.195436 6
-0.203925 -0.010410 -1.216206 6
-0.146946 0.012513 -1.246011 6
-0.116554 -0.000102 -1.251105 6
-0.089491 -0.017220 -1.253185 6
-0.044515 -0.007902 -1.273197 6
-0.001696 -0.000558 -1.291701 6
0.045054 0.014014 -1.314844 6
0.075311 0.004119 -1.321641 6
0.096709 -0.019685 -1.319382 6
0.152418 0.012795 -1.353773 6
0.153723 -0.044199 -1.330246 6
0.183832 -0.053321 -1.337766 6
0.219870 -0.051561 -1.352197 6
0.230117 -0.095667 -1.337784 6
0.195832 -0.223902 -1.271439 8
0.244111 -0.200424 -1.299935 8
0.270557 -0.217533 -1.303305 8
0.296533 -0.235599 -1.306213 8
0.303562 -0.292691 -1.285773 8
0.348841 -0.271204 -1.312735 8
0.371238 -0.297256 -1.311311 8
0.395244 -0.320259 -1.311890 8
0.418742 -0.344802 -1.311760 8
0.422293 -0.416733 -1.284510 8
0.458504 -0.412861 -1.301262 8
0.472540 -0.463027 -1.287317 8
0.489864 -0.506804 -1.277420 8
0.502756 -0.563971 -1.260464 8
0.538026 -0.562765 -1.276249 8
0.578337 -0.546326 -1.300321 8
0.545829 -0.738881 -1.210924 7
0.583062 -0.734311 -1.229265 7
0.602453 -0.783567 -1.218886 7
0.620831 -0.838377 -1.206033 7
-1.030717 -0.079454 -0.864479 6
-0.920190 -0.025525 -0.925324 6
-0.847143 -0.005752 -0.957912 6
-0.819601 -0.030596 -0.954626 6
-0.788155 -0.051390 -0.954669 6
-0.732907 -0.046682 -0.974723 6
-0.676044 -0.039001 -0.996850 6
-0.607934 -0.017493 -1.029343 6
-0.536439 0.009761 -1.065792 6
-0.495541 0.003684 -1.076550 6
-0.453646 -0.000528 -1.088638 6
-0.391913 0.020011 -1.119055 6
-0.368587 -0.005090 -1.115405 6
-0.295463 0.032507 -1.157832 6
-0.266468 0.015724 -1.160195 6
-0.225323 0.015116 -1.174290 6
-0.170524 0.033773 -1.202047 6
-0.145432 0.013212 -1.201675 6
-0.101136 0.019652 -1.220421 6
-0.075943 -0.000268 -1.220603 6
-0.032291 0.006963 -1.239699 6
-0.003765 -0.007410 -1.243789 6
0.021176 -0.027122 -1.244313 6
0.064107 -0.018516 -1.264091 6
0.113371 0.001575 -1.291383 6
0.156852 0.013907 -1.313219 6
0.198651 0.024818 -1.333907 6
0.211895 -0.012422 -1.322926 6
0.240048 -0.024182 -1.328792 6
0.261825 -0.047301 -1.327409 6
0.290096 -0.058632 -1.333723 6
0.322760 -0.061295 -1.345573 6
0.267128 -0.236521 -1.249150 8
0.315699 -0.210228 -1.279846 8
0.326770 -0.259152 -1.263813 8
0.366619 -0.248744 -1.284518 8
0.401124 -0.248520 -1.298883 8
0.419644 -0.283185 -1.292213 8
0.438850 -0.317319 -1.286163 8
0.461377 -0.344626 -1.284449 8
0.479875 -0.382413 -1.276823 8
0.503269 -0.409212 -1.275920 8
0.514500 -0.468113 -1.256757 8
0.541244 -0.488341 -1.260223 8
0.545346 -0.571061 -1.228493 8
0.593527 -0.533094 -1.265240 8
0.626615 -0.535806 -1.278961 8
0.603633 -0.707355 -1.199676 7
0.631486 -0.730516 -1.203065 7
0.646034 -0.797310 -1.183055 7
0.670969 -0.832933 -1.180386 7
-1.123454 -0.104823 -0.766744 6
-0.968107 -0.011604 -0.863215 6
-0.916794 -0.014969 -0.878057 6
-0.875934 -0.027830 -0.884919 6
-0.812630 -0.017294 -0.910828 6
-0.785365 -0.042769 -0.907268 6
-0.765748 -0.076427 -0.897289 6
-0.703593 -0.064291 -0.923995 6
-0.612966 -0.019013 -0.976507 6
-0.554851 -0.007610 -1.001750 6
-0.502169 -0.001015 -1.022948 6
-0.447125 0.009633 -1.047022 6
-0.399267 0.013020 -1.065265 6
-0.338416 0.033548 -1.096300 6
-0.319395 0.003117 -1.088660 6
-0.271406 0.009629 -1.108781 6
-0.225594 0.014481 -1.127464 6
-0.197820 -0.003859 -1.128960 6
-0.146197 0.010754 -1.154513 6
-0.104245 0.013293 -1.171067 6
-0.046375 0.039790 -1.204618 6
-0.017920 0.024994 -1.208449 6
0.011156 0.011314 -1.213131 6
0.050836 0.014238 -1.229461 6
0.075076 -0.006246 -1.229451 6
0.118389 0.004023 -1.250699 6
0.149951 -0.003832 -1.259396 6
0.176042 -0.020502 -1.262136 6
0.224078 0.001025 -1.290573 6
0.258482 0.000178 -1.303821 6
0.279611 -0.024120 -1.301544 6
0.335595 0.016480 -1.341880 6
0.345701 -0.028134 -1.326461 6
0.356338 -0.073193 -1.311169 6
0.376735 -0.100035 -1.307908 6
0.360613 -0.203317 -1.256542 8
0.371912 -0.252829 -1.239920 8
0.420913 -0.221506 -1.274004 8
0.448310 -0.236205 -1.279334 8
0.463800 -0.278432 -1.267938 8
0.488769 -0.299580 -1.269699 8
0.504415 -0.343935 -1.257689 8
0.526566 -0.373558 -1.254860 8
0.555054 -0.387522 -1.261531 8
0.579097 -0.413329 -1.261369 8
0.601844 -0.443393 -1.258959 8
0.622319 -0.480925 -1.252522 8
0.646172 -0.509947 -1.251275 8
0.668389 -0.544919 -1.246926 8
0.642766 -0.732785 -1.157343 7
0.682732 -0.717885 -1.182062 7
0.702023 -0.771056 -1.169196 7
0.726304 -0.809476 -1.164866 7
-1.162677 -0.023129 -0.738848 6
-1.182636 -0.095633 -0.694779 6
-1.053137 -0.030479 -0.770795 6
-0.993025 -0.027555 -0.792123 6
-0.936433 -0.026808 -0.811303 6
-0.877555 -0.022640 -0.833120 6
-0.826616 -0.025271 -0.848953 6
-0.774145 -0.025346 -0.866723 6
-0.744220 -0.048282 -0.865455 6
-0.680335 -0.034344 -0.894403 6
-0.637130 -0.041659 -0.905752 6
-0.581591 -0.034307 -0.928785 6
-0.515122 -0.012975 -0.962667 6
-0.434637 0.026859 -1.010704 6
-0.419611 -0.009623 -0.998274 6
-0.374095 -0.009121 -1.014882 6
-0.316895 0.007108 -1.043444 6
-0.300571 -0.027712 -1.032637 6
-0.238022 -0.002191 -1.067854 6
-0.172570 0.029341 -1.107131 6
-0.156942 -0.005492 -1.096403 6
-0.107257 0.007037 -1.120995 6
-0.099535 -0.039516 -1.101974 6
-0.027390 0.007821 -1.151690 6
-0.012703 -0.028568 -1.140317 6
0.053302 0.013616 -1.185486 6
0.083670 0.002252 -1.192046 6
0.116101 -0.005439 -1.201220 6
0.141563 -0.024207 -1.202648 6
0.180324 -0.020383 -1.219836 6
0.226745 -0.002133 -1.246794 6
0.271788 0.015439 -1.272992 6
0.302584 0.008640 -1.282445 6
0.310169 -0.041308 -1.262990 6
0.349579 -0.031591 -1.283644 6
0.393830 -0.010909 -1.311335 6
0.413322 -0.038602 -1.307124 6
0.422307 -0.088880 -1.288517 6
0.433796 -0.135688 -1.272618 8
0.447134 -0.180150 -1.258653 8
0.475813 -0.191442 -1.266048 8
0.486860 -0.243617 -1.247905 8
0.505491 -0.279720 -1.240235 8
0.526261 -0.311751 -1.235396 8
0.556707 -0.320111 -1.245281 8
0.589252 -0.322502 -1.258809 8
0.608017 -0.361443 -1.250397 8
0.634617 -0.379986 -1.254465 8
0.661445 -0.398093 -1.258935 8
0.688619 -0.415382 -1.264027 8
0.713416 -0.440197 -1.264899 8
0.749702 -0.428912 -1.286687 8
0.761273 -0.497840 -1.262740 8
0.730160 -0.717981 -1.154325 7
0.752543 -0.762525 -1.146111 7
0.769285 -0.830405 -1.125420 7
-1.171053 -0.021001 -0.679546 6
-1.188199 -0.091392 -0.636532 6
-1.032571 -0.002803 -0.735799 6
-0.990483 -0.017162 -0.742588 6
-0.905576 0.010606 -0.786162 6
-0.868785 -0.007055 -0.789670 6
-0.820028 -0.012243 -0.803910 6
-0.751471 0.003958 -0.836211 6
-0.706270 -0.002783 -0.848658 6
-0.691029 -0.041175 -0.834460 6
-0.667371 -0.070891 -0.827795 6
-0.581811 -0.030907 -0.878749 6
-0.487464 0.022042 -0.939536 6
-0.465194 -0.006729 -0.933208 6
-0.401351 0.014382 -0.967154 6
-0.377793 -0.012270 -0.962588 6
-0.307721 0.019526 -1.004378 6
-0.287847 -0.011012 -0.996746 6
-0.225592 0.013918 -1.032450 6
-0.198049 -0.005889 -1.033204 6
-0.142651 0.012777 -1.063463 6
-0.113425 -0.003712 -1.066699 6
-0.060611 0.014037 -1.095738 6
-0.032685 -0.003264 -1.098294 6
-0.002207 -0.016610 -1.103857 6
0.047759 0.000522 -1.131808 6
0.083976 -0.002434 -1.144821 6
0.108653 -0.023402 -1.144766 6
0.160995 0.001581 -1.177715 6
0.199397 0.004904 -1.194895 6
0.224058 -0.014771 -1.195755 6
0.261319 -0.011955 -1.212436 6
0.291836 -0.020523 -1.221112 6
0.330914 -0.012491 -1.241184 6
0.363264 -0.016197 -1.253088 6
0.397878 -0.014717 -1.268448 6
0.436942 -0.003188 -1.290431 6
0.463105 -0.017240 -1.295235 6
0.471547 -0.069451 -1.275018 6
0.483404 -0.116163 -1.258895 6
0.508952 -0.133412 -1.262273 8
0.525500 -0.171909 -1.252147 8
0.554301 -0.182129 -1.260352 8
0.577057 -0.207108 -1.259301 8
0.593438 -0.249077 -1.247842 8
0.619223 -0.267806 -1.251174 8
0.647173 -0.280844 -1.258143 8
0.667724 -0.314675 -1.252541 8
0.685007 -0.359340 -1.240709 8
0.721936 -0.346672 -1.263588 8
0.746359 -0.371215 -1.264228 8
0.767168 -0.408218 -1.257762 8
0.793422 -0.428594 -1.261321 8
0.824686 -0.431934 -1.274878 8
0.745124 -0.836891 -1.058876 7
0.809412 -0.730022 -1.136946 7
0.832186 -0.776352 -1.127897 7
0.854896 -0.825686 -1.117624 7
-1.189461 -0.027634 -0.611119 6
-1.075357 0.020479 -0.676643 6
-1.014313 0.022687 -0.699107 6
-0.987769 -0.006538 -0.692761 6
-0.913770 0.010089 -0.727746 6
-0.846667 0.021771 -0.757782 6
-0.816244 -0.002016 -0.756077 6
-0.775384 -0.014949 -0.763964 6
-0.703420 0.005518 -0.800744 6
-0.658593 -0.001327 -0.813501 6
-0.652138 -0.049761 -0.790683 6
-0.586626 -0.032646 -0.823720 6
-0.526135 -0.019494 -0.852967 6
-0.478934 -0.020380 -0.870155 6
-0.424300 -0.011311 -0.895348 6
-0.370211 -0.001487 -0.920836 6
-0.328489 -0.005806 -0.934545 6
-0.271040 0.010952 -0.965055 6
-0.230986 0.006513 -0.978285 6
-0.175826 0.023226 -1.008109 6
-0.145499 0.007380 -1.012053 6
-0.106026 0.004667 -1.026246 6
-0.066247 0.003212 -1.041291 6
-0.017772 0.015506 -1.066710 6
0.004250 -0.010790 -1.062602 6
0.046494 -0.006032 -1.082016 6
0.083027 -0.009201 -1.095334 6
0.133075 0.010419 -1.125399 6
0.156292 -0.012888 -1.123653 6
0.187833 -0.022207 -1.132236 6
0.237019 -0.000115 -1.163447 6
0.269683 -0.005731 -1.174488 6
0.314127 0.011019 -1.201336 6
0.353488 0.019909 -1.222363 6
0.381672 0.008403 -1.228978 6
0.400668 -0.021213 -1.223122 6
0.439714 -0.010382 -1.245229 6
0.468206 -0.020333 -1.253006 6
0.504378 -0.013286 -1.272263 6
0.509493 -0.074293 -1.245908 6
0.527639 -0.108018 -1.238233 6
0.540129 -0.156216 -1.221361 8
0.588403 -0.119153 -1.260455 8
0.604080 -0.160781 -1.248279 8
0.616012 -0.213795 -1.229214 8
0.651759 -0.205532 -1.249535 8
0.666732 -0.253147 -1.234566 8
0.689551 -0.280561 -1.232650 8
0.720623 -0.284470 -1.245494 8
0.738886 -0.326788 -1.234804 8
0.757729 -0.369275 -1.224416 8
0.789645 -0.370907 -1.239009 8
0.823268 -0.365748 -1.257617 8
0.836115 -0.432686 -1.233531 8
0.791237 -0.716642 -1.083079 7
0.807885 -0.786872 -1.059587 7
0.862715 -0.708987 -1.121919 7
0.886267 -0.753620 -1.113620 7
0.908835 -0.805342 -1.101755 7
-1.141370 0.024812 -0.597677 6
-1.086078 0.019924 -0.614729 6
-1.032922 0.014066 -0.630608 6
-0.969553 0.018805 -0.656101 6
-0.923643 0.008079 -0.666946 6
-0.881985 -0.006151 -0.674457 6
-0.805744 0.015041 -0.713955 6
-0.750601 0.016556 -0.735177 6
-0.702098 0.012257 -0.750928 6
-0.655205 0.007135 -0.765755 6
-0.619570 -0.009533 -0.770316 6
-0.599917 -0.043874 -0.759571 6
-0.559716 -0.055016 -0.769023 6
-0.480921 -0.020118 -0.817604 6
-0.422945 -0.007653 -0.846514 6
-0.376644 -0.007965 -0.864335 6
-0.307710 0.021261 -0.906468 6
-0.272588 0.009247 -0.914056 6
-0.219029 0.021995 -0.941825 6
-0.191569 0.001089 -0.942007 6
-0.149194 0.000788 -0.958827 6
-0.102106 0.008111 -0.981546 6
-0.051772 0.021452 -1.008748 6
-0.025015 0.001428 -1.009515 6
0.018513 0.006850 -1.030130 6
0.036544 -0.026184 -1.020945 6
0.087181 -0.007930 -1.051165 6
0.121776 -0.014033 -1.062588 6
0.168607 0.000985 -1.089798 6
0.184626 -0.035219 -1.078589 6
0.240510 -0.002142 -1.118810 6
0.273133 -0.008451 -1.129693 6
0.302789 -0.019680 -1.136969 6
0.348011 -0.000954 -1.165817 6
0.374985 -0.015983 -1.170255 6
0.413550 -0.007639 -1.191301 6
0.443840 -0.015004 -1.201132 6
0.482637 -0.003816 -1.223855 6
0.510813 -0.014268 -1.231433 6
0.544584 -0.011847 -1.247847 6
0.554074 -0.064552 -1.226781 6
0.576775 -0.088030 -1.225884 6
0.578438 -0.163703 -1.190400 8
0.607565 -0.173578 -1.199168 8
0.637113 -0.182007 -1.208918 8
0.658137 -0.213012 -1.204034 8
0.685209 -0.228217 -1.209596 8
0.704146 -0.266916 -1.200273 8
0.725250 -0.300820 -1.194347 8
0.751637 -0.319768 -1.198110 8
0.780017 -0.332645 -1.205793 8
0.806931 -0.350284 -1.210626 8
0.826375 -0.393998 -1.199684 8
0.859882 -0.389544 -1.218298 8
0.870245 -0.470157 -1.185829 8
0.831687 -0.747273 -1.037493 7
0.851982 -0.807881 -1.019520 7
0.914361 -0.693470 -1.104193 7
0.938170 -0.738807 -1.095309 7
0.953837 -0.825299 -1.063321 7
-1.313826 -0.059982 -0.427283 6
-1.143068 0.033136 -0.542461 6
-1.085693 0.029547 -0.561562 6
-1.011719 0.042338 -0.596119 6
-0.971074 0.025535 -0.601858 6
-0.916237 0.022850 -0.620886 6
-0.865079 0.017614 -0.637236 6
-0.814509 0.012728 -0.653676 6
-0.779450 -0.007179 -0.656066 6
-0.721125 -0.002356 -0.681031 6
-0.645427 0.022514 -0.723746 6
-0.622688 -0.008632 -0.715605 6
-0.578947 -0.016465 -0.728386 6
-0.552995 -0.044026 -0.723664 6
-0.498411 -0.038061 -0.748366 6
-0.428799 -0.012648 -0.789558 6
-0.354634 0.020613 -0.836868 6
-0.313163 0.015268 -0.850637 6
-0.292956 -0.016718 -0.841812 6
-0.216082 0.025588 -0.895335 6
-0.166709 0.033764 -0.919771 6
-0.133143 0.021467 -0.927079 6
-0.100458 0.008317 -0.933679 6
-0.069638 -0.007192 -0.938377 6
-0.024212 -0.000787 -0.960667 6
0.008232 -0.012841 -0.968041 6
0.067335 0.017029 -1.008434 6
0.079735 -0.025255 -0.991925 6
0.119758 -0.023482 -1.009940 6
0.162131 -0.016712 -1.031623 6
0.207404 -0.003646 -1.057873 6
0.233065 -0.023612 -1.058878 6
0.287521 0.008535 -1.099023 6
0.308914 -0.018227 -1.094904 6
0.350526 -0.006841 -1.119082 6
0.376914 -0.023802 -1.122309 6
0.421593 -0.003847 -1.152352 6
0.473746 0.033680 -1.194653 6
0.489807 -0.002779 -1.183745 6
0.525415 0.002505 -1.202631 6
0.546681 -0.023411 -1.199529 6
0.585212 -0.009736 -1.224106 6
0.594328 -0.064909 -1.201083 6
0.637048 -0.039389 -1.233642 6
0.635673 -0.123931 -1.191419 6
0.650508 -0.170249 -1.175715 8
0.676146 -0.189213 -1.178641 8
0.693520 -0.231731 -1.166195 8
0.722326 -0.242846 -1.174663 8
0.745166 -0.271710 -1.171700 8
0.772266 -0.288287 -1.176874 8
0.798423 -0.308077 -1.180126 8
0.826015 -0.323452 -1.186319 8
0.837085 -0.396805 -1.156410 8
0.867380 -0.404896 -1.167656 8
0.890880 -0.438297 -1.163409 8
0.905398 -0.509008 -1.136799 8
0.882521 -0.739804 -1.014497 7
0.912070 -0.763465 -1.018306 7
0.965139 -0.681027 -1.085057 7
0.993251 -0.708025 -1.086746 7
1.001408 -0.836777 -1.029633 7
-1.186463 0.060271 -0.481652 6
-1.154356 0.033158 -0.478122 6
-1.072793 0.050505 -0.519027 6
-1.056861 0.009660 -0.501709 6
-0.956522 0.047456 -0.561720 6
-0.929911 0.017430 -0.554902 6
-0.857454 0.032258 -0.591353 6
-0.786627 0.047325 -0.627420 6
-0.744088 0.035217 -0.637256 6
-0.692200 0.033528 -0.656718 6
-0.644534 0.028374 -0.672688 6
-0.594174 0.027074 -0.691983 6
-0.582302 -0.016402 -0.672629 6
-0.535447 -0.020570 -0.689152 6
-0.499128 -0.036208 -0.695215 6
-0.456769 -0.044205 -0.708032 6
-0.391592 -0.023396 -0.746026 6
-0.317446 0.010767 -0.795089 6
-0.276304 0.005052 -0.808970 6
-0.201304 0.044790 -0.861620 6
-0.188936 0.002830 -0.844136 6
-0.149539 -0.002740 -0.857675 6
-0.090242 0.020631 -0.895236 6
-0.057198 0.008047 -0.902531 6
-0.009430 0.017731 -0.928079 6
0.036340 0.025839 -0.952031 6
0.049242 -0.015998 -0.935431 6
0.082316 -0.026676 -0.944144 6
0.128703 -0.015061 -0.970507 6
0.171653 -0.007657 -0.993247 6
0.227575 0.023515 -1.034257 6
0.252262 0.001905 -1.033928 6
0.294116 0.011342 -1.057528 6
0.330832 0.012635 -1.074683 6
0.366533 0.012997 -1.090990 6
0.396182 0.002379 -1.098966 6
0.423179 -0.013274 -1.103226 6
0.460393 -0.007554 -1.123260 6
0.493304 -0.009791 -1.137315 6
0.533447 0.004778 -1.163420 6
0.556909 -0.016811 -1.163362 6
0.584024 -0.030200 -1.169285 6
0.626004 -0.007503 -1.200661 6
0.642943 -0.044897 -1.189753 6
0.665871 -0.068318 -1.188867 6
0.689106 -0.091489 -1.188342 6
0.696877 -0.157764 -1.158710 8
0.710630 -0.210582 -1.138844 8
0.740788 -0.217761 -1.149997 8
0.766431 -0.238171 -1.152395 8
0.777667 -0.304630 -1.124732 8
0.810084 -0.305444 -1.140465 8
0.834155 -0.333690 -1.138448 8
0.853165 -0.381051 -1.124471 8
0.877734 -0.410605 -1.122244 8
0.905170 -0.430414 -1.126404 8
0.913019 -0.529731 -1.081275 8
0.897556 -0.735291 -0.971727 7
0.933689 -0.731091 -0.992532 7
0.952010 -0.807676 -0.964347 7
0.991015 -0.789720 -0.993640 7
1.008033 -0.881429 -0.957543 7
-1.201923 0.057603 -0.412904 6
-1.139470 0.056257 -0.436387 6
-1.114385 0.022746 -0.426524 6
-1.050791 0.024227 -0.452345 6
-0.961313 0.051283 -0.503388 6
-0.929043 0.026098 -0.501555 6
-0.863367 0.033695 -0.532099 6
-0.657065 0.183646 -0.701080 3
-0.604128 0.184620 -0.722924 3
-0.548806 0.189251 -0.747930 3
-0.463724 0.227086 -0.804068 2
-0.385695 0.260015 -0.854641 2
-0.360882 0.235831 -0.851110 2
-0.287987 0.266728 -0.898616 2
-0.277152 0.227204 -0.880847 2
-0.254387 0.201165 -0.875709 2
-0.409180 -0.043505 -0.673999 6
-0.320088 0.008349 -0.740409 6
-0.277734 0.003515 -0.755632 6
-0.236177 -0.001539 -0.770494 6
-0.171832 0.025019 -0.812668 6
-0.132464 0.019334 -0.826444 6
-0.099839 0.004838 -0.832565 6
-0.042907 0.025968 -0.868851 6
-0.018394 0.000892 -0.865847 6
0.023410 0.001957 -0.884763 6
0.062894 0.000451 -0.901354 6
0.095152 -0.011726 -0.909055 6
0.141894 0.000303 -0.936384 6
0.195117 0.024898 -0.973482 6
0.215592 -0.004985 -0.966644 6
0.260511 0.008004 -0.993946 6
0.284208 -0.016104 -0.991844 6
0.328832 -0.001278 -1.020176 6
0.367348 0.003564 -1.040475 6
0.395976 -0.009960 -1.046543 6
0.444955 0.018218 -1.084245 6
0.468307 -0.004781 -1.083018 6
0.512578 0.017012 -1.115320 6
0.540942 0.005692 -1.122778 6
0.570531 -0.002548 -1.132520 6
0.607381 0.006825 -1.155040 6
0.641838 0.011930 -1.174266 6
0.670481 0.003710 -1.183821 6
0.691635 -0.023535 -1.179923 6
0.712395 -0.052681 -1.174930 6
0.726746 -0.100629 -1.157129 6
0.743870 -0.142951 -1.143694 6
0.752392 -0.212888 -1.111814 8
0.781931 -0.222020 -1.121857 8
0.797846 -0.274395 -1.102899 8
0.838603 -0.247023 -1.137536 8
0.856342 -0.296001 -1.121424 8
0.876326 -0.339768 -1.109215 8
0.896318 -0.386040 -1.095820 8
0.917342 -0.431107 -1.083665 8
0.935287 -0.491642 -1.062119 8
0.957393 -0.538707 -1.049696 8
0.944063 -0.748814 -0.935884 7
0.978958 -0.750436 -0.953472 7
1.012216 -0.758839 -0.966856 7
1.026684 -0.865676 -0.920457 7
-1.247218 0.029774 -0.315741 6
-1.153440 0.054236 -0.367969 6
-1.101352 0.044049 -0.382810 6
-1.038167 0.044833 -0.408793 6
-0.991086 0.031949 -0.420228 6
-0.928795 0.034266 -0.446982 6
-0.640629 0.258382 -0.697325 2
-0.556212 0.290681 -0.751054 2
-0.509397 0.287186 -0.768341 2
-0.430927 0.317702 -0.818759 2
-0.357605 0.345204 -0.865368 2
-0.308155 0.348910 -0.888236 2
-0.285804 0.323462 -0.882893 2
-0.247072 0.316599 -0.895306 2
-0.222409 0.293912 -0.892715 2
-0.189317 0.281269 -0.899581 2
-0.173392 0.247916 -0.887314 2
-0.127263 0.251973 -0.909511 2
-0.108705 0.221682 -0.900305 2
-0.066540 0.222069 -0.918875 2
-0.033392 0.211268 -0.927257 2
-0.133224 0.016709 -0.773570 6
-0.095174 0.009227 -0.786162 6
-0.055486 0.004802 -0.801292 6
-0.003472 0.019572 -0.832758 6
0.015595 -0.014246 -0.822422 6
0.038536 -0.042697 -0.816911 6
0.091802 -0.022818 -0.852066 6
0.141525 -0.006716 -0.883609 6
0.168165 -0.027839 -0.884117 6
0.219306 -0.006480 -0.919394 6
0.252293 -0.015372 -0.929740 6
0.289143 -0.016662 -0.946138 6
0.342215 0.013552 -0.987438 6
0.358616 -0.024596 -0.974298 6
0.416185 0.018106 -1.024699 6
0.448119 0.011713 -1.036353 6
0.471915 -0.011245 -1.035231 6
0.504242 -0.016050 -1.048103 6
0.547714 0.004799 -1.080280 6
0.569954 -0.021072 -1.077088 6
0.607473 -0.011209 -1.100632 6
0.658036 0.032324 -1.148711 6
0.684859 0.019487 -1.155006 6
0.720311 0.029395 -1.177807 6
0.734229 -0.017383 -1.159739 6
0.754392 -0.048907 -1.152998 6
0.764195 -0.111750 -1.124479 6
0.785430 -0.143721 -1.118203 6
0.803877 -0.185722 -1.105279 8
0.824789 -0.221861 -1.096799 8
0.850592 -0.243234 -1.098713 8
0.871643 -0.281878 -1.089153 8
0.902042 -0.288385 -1.101451 8
0.905861 -0.395739 -1.046942 8
0.923365 -0.456910 -1.023945 8
0.951857 -0.476581 -1.028596 8
0.983096 -0.484761 -1.040813 8
0.956677 -0.757686 -0.883888 7
0.991886 -0.759388 -0.901797 7
1.024066 -0.775136 -0.910843 7
1.044897 -0.852403 -0.881764 7
-1.227318 0.000488 -0.241828 6
-1.146846 0.013443 -0.283029 6
-1.060160 0.034032 -0.331572 6
-0.659217 0.348921 -0.689943 2
-0.600595 0.354334 -0.717773 2
-0.526093 0.376586 -0.762535 2
-0.483876 0.368847 -0.775715 2
-0.389240 0.415244 -0.843683 2
-0.315139 0.443475 -0.892132 2
-0.304672 0.406158 -0.874371 2
-0.256471 0.409309 -0.896961 2
-0.250236 0.366700 -0.874407 2
-0.227573 0.341874 -0.869568 2
-0.171327 0.356224 -0.902519 2
-0.136574 0.346478 -0.911998 2
-0.102158 0.336835 -0.921474 2
-0.076852 0.316247 -0.920617 2
-0.045454 0.303482 -0.927104 2
0.000817 0.310703 -0.951911 2
0.015917 0.277084 -0.939187 2
0.031683 0.243684 -0.926971 2
0.059497 0.226695 -0.929738 2
-0.036904 0.028923 -0.772282 6
-0.023432 -0.013836 -0.753899 6
0.030115 0.003635 -0.788416 6
0.056418 -0.019735 -0.787181 6
0.108360 -0.001954 -0.821315 6
0.144086 -0.009019 -0.833895 6
0.176006 -0.021890 -0.841497 6
0.232796 0.008951 -0.885559 6
0.256481 -0.016807 -0.882188 6
0.300837 -0.004913 -0.909877 6
0.337708 -0.005498 -0.927085 6
0.387229 0.019521 -0.964771 6
0.414086 0.001610 -0.967651 6
0.444679 -0.008646 -0.976689 6
0.470975 -0.027620 -0.978872 6
0.500568 -0.039519 -0.986676 6
0.541100 -0.026480 -1.013752 6
0.580379 -0.014509 -1.039703 6
0.608380 -0.027795 -1.046202 6
0.651648 -0.003123 -1.081306 6
0.685692 0.000621 -1.100362 6
0.726161 0.022634 -1.132763 6
0.754544 0.014133 -1.142407 6
0.756861 -0.067787 -1.098702 6
0.788304 -0.069113 -1.113983 6
0.805797 -0.111937 -1.099546 6
0.831869 -0.129824 -1.103198 6
0.858244 -0.147000 -1.107474 6
0.863104 -0.237996 -1.060524 8
0.888897 -0.260863 -1.061569 8
0.914971 -0.283435 -1.063004 8
0.926032 -0.365045 -1.024642 8
0.943950 -0.425068 -1.001670 8
0.968886 -0.459641 -0.996268 8
0.995507 -0.488730 -0.994815 8
1.020460 -0.527237 -0.987476 8
1.012445 -0.731760 -0.873035 7
1.043340 -0.754235 -0.877723 7
1.071402 -0.793399 -0.871994 7
-1.299164 -0.050835 -0.113973 6
-1.172490 0.000823 -0.200064 6
-0.636397 0.426706 -0.693668 2
-0.551449 0.456340 -0.748452 2
-0.506605 0.450505 -0.764151 2
-0.444775 0.461976 -0.797937 2
-0.362624 0.495255 -0.854019 2
-0.294891 0.516520 -0.896547 2
-0.288460 0.476054 -0.874648 2
-0.251303 0.467401 -0.885696 2
-0.225241 0.447253 -0.884952 2
-0.171063 0.458536 -0.915773 2
-0.164793 0.416602 -0.893232 2
-0.128202 0.409125 -0.905063 2
-0.082302 0.413437 -0.928230 2
-0.048908 0.403587 -0.937360 2
-0.026893 0.379916 -0.933164 2
0.002789 0.365927 -0.938300 2
0.028663 0.347186 -0.938952 2
0.061790 0.338289 -0.948842 2
0.070623 0.296214 -0.928006 2
0.086351 0.262778 -0.915533 2
0.104740 0.232490 -0.906226 2
0.142110 0.230009 -0.922177 2
0.030580 -0.000049 -0.735154 6
0.042898 -0.046190 -0.713959 6
0.103072 -0.016377 -0.759756 6
0.144804 -0.014488 -0.780640 6
0.191391 -0.003164 -0.809402 6
0.230801 -0.002729 -0.828505 6
0.263985 -0.012418 -0.838844 6
0.305160 -0.006836 -0.861936 6
0.339600 -0.012697 -0.875256 6
0.372208 -0.021439 -0.886109 6
0.417130 -0.004871 -0.917590 6
0.461766 0.013129 -0.949832 6
0.484157 -0.014237 -0.945242 6
0.520801 -0.010900 -0.965317 6
0.557130 -0.007028 -0.985619 6
0.601695 0.017401 -1.021810 6
0.633092 0.012637 -1.034890 6
0.677503 0.041069 -1.073429 6
0.707585 0.035487 -1.085534 6
0.732586 0.016996 -1.087836 6
0.768141 0.027397 -1.111907 6
0.797169 0.020921 -1.123196 6
0.803848 -0.051315 -1.086042 6
0.832792 -0.059367 -1.096552 6
0.850603 -0.102578 -1.081623 6
0.879779 -0.110289 -1.092599 6
0.902164 -0.141021 -1.087207 6
0.900985 -0.258388 -1.021054 8
0.937703 -0.241853 -1.049792 8
0.957128 -0.290776 -1.032918 8
0.968715 -0.375425 -0.992042 8
0.989319 -0.427950 -0.973960 8
1.012706 -0.471747 -0.962315 8
1.042335 -0.488766 -0.969001 8
1.028793 -0.725060 -0.830680 8
1.050017 -0.800842 -0.800393 7
1.088396 -0.786426 -0.829550 7
-0.680138 0.492446 -0.662328 2
-0.604822 0.510716 -0.706896 2
-0.546934 0.515323 -0.735234 2
-0.474749 0.534480 -0.779155 2
-0.379455 0.577491 -0.848419 2
-0.339716 0.569921 -0.861299 2
-0.289738 0.573175 -0.885605 2
-0.273439 0.543482 -0.874322 2
-0.232583 0.538873 -0.889784 2
-0.199052 0.527277 -0.897676 2
-0.165556 0.516092 -0.905883 2
-0.140029 0.496485 -0.905335 2
-0.112351 0.479374 -0.907383 2
-0.090594 0.455497 -0.902632 2
-0.067158 0.433449 -0.899849 2
-0.009806 0.452918 -0.938222 2
0.006016 0.422115 -0.926712 2
0.029067 0.400063 -0.923974 2
0.042364 0.364996 -0.908839 2
0.066084 0.343245 -0.906745 2
0.098732 0.333758 -0.916351 2
0.128339 0.320435 -0.922279 2
0.139310 0.280193 -0.903215 2
0.153838 0.244162 -0.888452 2
0.185362 0.233347 -0.897025 2
0.212999 0.216818 -0.900386 2
0.104755 -0.019668 -0.706846 6
0.157526 -0.000121 -0.744043 6
0.194484 -0.005439 -0.758834 6
0.223671 -0.023623 -0.762270 6
0.272467 -0.006365 -0.796413 6
0.299024 -0.028328 -0.796480 6
0.353984 0.003735 -0.842577 6
0.382186 -0.013835 -0.846210 6
0.419935 -0.012079 -0.866053 6
0.460685 -0.002904 -0.891836 6
0.483418 -0.030795 -0.886902 6
0.525371 -0.016810 -0.916265 6
0.574960 0.016566 -0.960911 6
0.596888 -0.012052 -0.955372 6
0.639252 0.008263 -0.988868 6
0.679239 0.025025 -1.019151 6
0.707090 0.012415 -1.026190 6
0.734605 -0.000917 -1.032708 6
0.777947 0.030029 -1.073178 6
0.806208 0.020711 -1.082555 6
0.838963 0.025261 -1.102372 6
0.850072 -0.036226 -1.072762 6
0.876849 -0.050707 -1.078596 6
0.875340 -0.160679 -1.014523 6
0.910102 -0.151205 -1.038533 6
0.949154 -0.123927 -1.075139 6
0.953598 -0.225693 -1.019190 8
0.971190 -0.282922 -0.995936 8
0.987418 -0.350117 -0.966316 8
1.007027 -0.407756 -0.944081 8
1.030557 -0.451757 -0.931863 8
1.060377 -0.468181 -0.938923 8
1.085091 -0.511441 -0.927943 8
1.066764 -0.795410 -0.756046 7
1.108312 -0.763007 -0.797682 7
1.132081 -0.835517 -0.769784 7
-0.645127 0.577859 -0.679037 2
-0.587505 0.580634 -0.706672 2
-0.502671 0.608566 -0.762941 2
-0.457787 0.603132 -0.779679 2
-0.341452 0.664221 -0.871762 2
-0.321087 0.639012 -0.864790 2
-0.275457 0.637985 -0.884928 2
-0.251700 0.616356 -0.881943 2
-0.204530 0.618374 -0.904879 2
-0.169807 0.608623 -0.914657 2
-0.141769 0.592312 -0.917246 2
-0.136073 0.551936 -0.894286 2
-0.087449 0.558341 -0.920966 2
-0.059154 0.542883 -0.924425 2
-0.027233 0.531878 -0.932458 2
0.006922 0.523978 -0.943561 2
0.030401 0.503562 -0.941851 2
0.049819 0.477987 -0.935058 2
0.085390 0.472898 -0.948800 2
0.094504 0.433571 -0.928666 2
0.101445 0.390260 -0.905085 2
0.130875 0.376931 -0.910974 2
0.146619 0.344392 -0.898445 2
0.182337 0.340330 -0.913243 2
0.206383 0.319528 -0.912121 2
0.214362 0.273861 -0.887938 2
0.241713 0.257353 -0.891212 2
0.265197 0.234667 -0.888871 2
0.281941 0.200495 -0.876252 2
0.197077 -0.008701 -0.706545 6
0.227144 -0.026110 -0.710907 6
0.269925 -0.020378 -0.735766 6
0.304979 -0.027618 -0.748956 6
0.358478 0.001185 -0.793345 6
0.386640 -0.017242 -0.796439 6
0.432500 0.000295 -0.830304 6
0.467555 -0.002656 -0.846389 6
0.493896 -0.023535 -0.847302 6
0.536193 -0.009094 -0.877706 6
0.572636 -0.006102 -0.898296 6
0.605771 -0.009682 -0.913310 6
0.650377 0.015735 -0.951704 6
0.685230 0.019227 -0.971983 6
0.722327 0.029944 -0.997820 6
0.758472 0.039926 -1.022788 6
0.768525 -0.021819 -0.991377 6
0.821507 0.038447 -1.055288 6
0.849477 0.028526 -1.064305 6
0.883587 0.038316 -1.088354 6
0.901676 -0.002578 -1.073871 6
0.889367 -0.149752 -0.980230 6
0.921580 -0.149550 -0.997798 6
0.949923 -0.162496 -1.005579 6
0.968061 -0.215154 -0.984457 8
0.994888 -0.236028 -0.986883 8
1.006337 -0.323595 -0.941690 8
1.034677 -0.342603 -0.946196 8
1.057680 -0.387575 -0.932571 8
1.072734 -0.476065 -0.889061 8
1.105609 -0.478557 -0.906013 8
1.110504 -0.638000 -0.815388 8
1.123090 -0.770366 -0.745031 7
1.165348 -0.727780 -0.793905 7
-0.682517 0.648004 -0.654628 2
-0.604494 0.665834 -0.702253 2
-0.559607 0.658176 -0.717783 2
-0.497356 0.666110 -0.751730 2
-0.353128 0.747131 -0.871993 2
-0.312942 0.740202 -0.886050 2
-0.300545 0.708546 -0.870972 2
-0.257545 0.705097 -0.888764 2
-0.234857 0.683006 -0.884903 2
-0.184447 0.688149 -0.911927 2
-0.149349 0.679127 -0.922569 2
-0.144134 0.639806 -0.899444 2
-0.107253 0.633056 -0.912540 2
-0.067420 0.630174 -0.929610 2
-0.025510 0.630445 -0.949775 2
-0.017167 0.593503 -0.929942 2
-0.001597 0.564121 -0.918507 2
0.024537 0.546873 -0.920021 2
0.046191 0.524243 -0.915985 2
0.087628 0.526298 -0.937396 2
0.102865 0.495680 -0.925270 2
0.094176 0.432857 -0.881015 2
0.161301 0.470484 -0.937822 2
0.173237 0.434341 -0.920763 2
0.188493 0.402005 -0.907816 2
0.209779 0.377763 -0.903036 2
0.204584 0.313429 -0.859876 2
0.253946 0.330782 -0.895414 2
0.257692 0.277810 -0.863999 2
0.270754 0.238091 -0.845643 2
0.318900 0.255859 -0.881034 2
0.350852 0.247798 -0.892156 2
0.233151 -0.024267 -0.662627 6
0.285904 -0.000963 -0.704022 6
0.316494 -0.016656 -0.709904 6
0.349983 -0.026581 -0.720928 6
0.394913 -0.013286 -0.752315 6
0.423464 -0.031553 -0.755769 6
0.464489 -0.023553 -0.782002 6
0.507965 -0.008605 -0.813873 6
0.551247 0.007975 -0.846720 6
0.590663 0.017792 -0.873446 6
0.631191 0.032025 -0.903541 6
0.670235 0.044651 -0.931935 6
0.693037 0.017683 -0.927508 6
0.735050 0.040815 -0.964051 6
0.770613 0.049030 -0.988092 6
0.794462 0.025608 -0.986594 6
0.830147 0.036519 -1.012479 6
0.862847 0.040250 -1.032442 6
0.894676 0.042644 -1.051184 6
0.928899 0.054366 -1.076966 6
0.930501 -0.044943 -1.017541 6
0.938074 -0.130190 -0.969990 6
0.968450 -0.135581 -0.983477 6
0.979508 -0.216817 -0.940416 8
1.005751 -0.241484 -0.940082 8
1.038851 -0.237257 -0.961107 8
1.051699 -0.324451 -0.915650 8
1.076804 -0.360240 -0.908175 8
1.097758 -0.419998 -0.883976 8
1.124743 -0.452488 -0.879697 8
1.145210 -0.525383 -0.847454 8
1.142885 -0.748205 -0.712051 7
1.170765 -0.800039 -0.696872 7
1.201264 -0.838926 -0.691065 7
-0.731309 0.710057 -0.619555 2
-0.647484 0.729775 -0.672286 2
-0.604353 0.719639 -0.685641 2
-0.515102 0.747464 -0.746583 2
-0.439783 0.766321 -0.794937 2
-0.349702 0.799774 -0.860220 2
-0.294696 0.805503 -0.890206 2
-0.286871 0.770575 -0.870413 2
-0.236888 0.773437 -0.896203 2
-0.227143 0.739878 -0.878374 2
-0.175235 0.746075 -0.907447 2
-0.168007 0.709767 -0.886695 2
-0.115717 0.717984 -0.917426 2
-0.101853 0.688036 -0.904239 2
-0.085060 0.660692 -0.894264 2
-0.017841 0.687541 -0.944791 2
0.006989 0.669723 -0.945160 2
0.025557 0.644867 -0.937881 2
0.033735 0.607626 -0.917405 2
0.051791 0.581271 -0.909010 2
0.084708 0.572752 -0.919716 2
0.121959 0.570217 -0.936548 2
0.136092 0.538747 -0.923044 2
0.140389 0.493620 -0.895790 2
0.158209 0.465444 -0.886397 2
0.206428 0.479050 -0.919468 2
0.199712 0.415939 -0.875188 2
0.248130 0.431232 -0.909576 2
0.241863 0.366051 -0.864309 2
0.284790 0.374341 -0.891512 2
0.296808 0.335009 -0.872342 2
0.320061 0.312821 -0.870008 2
0.334075 0.274898 -0.852892 2
0.363004 0.261558 -0.859277 2
0.374439 0.217437 -0.836989 2
0.286652 -0.009355 -0.646605 6
0.316159 -0.028036 -0.650079 6
0.377344 0.014612 -0.709224 6
0.386575 -0.042607 -0.677704 6
0.436099 -0.019410 -0.718506 6
0.474929 -0.016285 -0.741007 6
0.516734 -0.005316 -0.770116 6
0.549278 -0.013412 -0.782317 6
0.594825 0.009423 -0.821051 6
0.629345 0.008348 -0.838871 6
0.668626 0.020205 -0.867459 6
0.702949 0.021233 -0.886626 6
0.731168 0.007144 -0.893058 6
0.779666 0.049409 -0.945932 6
0.805281 0.030159 -0.947838 6
0.849170 0.065207 -0.993802 6
0.884509 0.077630 -1.020982 6
0.905077 0.044426 -1.011575 6
0.945629 0.077011 -1.054349 6
0.953056 -0.002998 -1.008582 6
0.945316 -0.144826 -0.915912 6
0.980522 -0.133226 -0.942821 6
1.016832 -0.114678 -0.974738 6
1.025551 -0.209918 -0.920466 8
1.042260 -0.278079 -0.887591 8
1.074599 -0.278622 -0.905606 8
1.087647 -0.373720 -0.854075 8
1.114785 -0.404282 -0.850653 8
1.140850 -0.443025 -0.841618 8
1.165873 -0.491418 -0.826082 8
1.180287 -0.612908 -0.759277 8
1.192426 -0.766578 -0.671330 7
1.224538 -0.793888 -0.673157 7
-0.708860 0.781347 -0.624714 2
-0.637793 0.790706 -0.665395 2
-0.565979 0.802367 -0.708106 2
-0.489028 0.819864 -0.757414 2
-0.382722 0.863017 -0.838771 2
-0.322567 0.871462 -0.873801 2
-0.297718 0.851621 -0.872204 2
-0.262558 0.840786 -0.881895 2
-0.235167 0.823588 -0.883474 2
-0.202632 0.811260 -0.890973 2
-0.153052 0.815235 -0.918062 2
-0.150402 0.775648 -0.892342 2
-0.063079 0.817927 -0.964294 2
-0.072020 0.766819 -0.925111 2
-0.047848 0.748164 -0.924458 2
-0.006894 0.747242 -0.944232 2
0.009393 0.720627 -0.934374 2
0.033664 0.702482 -0.934285 2
0.056267 0.682500 -0.932179 2
0.074412 0.657289 -0.924369 2
0.096981 0.637039 -0.922179 2
0.117428 0.614125 -0.917185 2
0.134242 0.586440 -0.907214 2
0.160239 0.570116 -0.909560 2
0.181222 0.547287 -0.905068 2
0.209682 0.534369 -0.911057 2
0.232603 0.514032 -0.909330 2
0.229992 0.457098 -0.870236 2
0.261908 0.448736 -0.881198 2
0.281858 0.422877 -0.874452 2
0.312910 0.413780 -0.884598 2
0.335038 0.390973 -0.881115 2
0.344080 0.346473 -0.856572 2
0.349754 0.294789 -0.825601 2
0.385606 0.293369 -0.843543 2
0.402701 0.259504 -0.830390 2
0.420736 0.226400 -0.818293 2
0.326983 -0.018624 -0.608444 6
0.359480 -0.031931 -0.617086 6
0.406814 -0.015154 -0.653325 6
0.455706 0.007059 -0.694001 6
0.483415 -0.013327 -0.695667 6
0.517962 -0.018829 -0.710747 6
0.557787 -0.011529 -0.737047 6
0.601512 0.006590 -0.772532 6
0.639016 0.011997 -0.796471 6
0.676206 0.018155 -0.820786 6
0.709343 0.015353 -0.837158 6
0.760337 0.061748 -0.895127 6
0.780326 0.025913 -0.883096 6
0.813757 0.027604 -0.902706 6
0.859578 0.068098 -0.954196 6
0.877477 0.025180 -0.936629 6
0.913567 0.039532 -0.966030 6
0.942510 0.031900 -0.977390 6
0.971188 0.023878 -0.988410 6
0.991333 -0.015527 -0.974591 6
0.989992 -0.141595 -0.893252 6
1.028133 -0.116475 -0.931001 6
1.040081 -0.200626 -0.884118 8
1.064449 -0.235787 -0.875654 8
1.086176 -0.286097 -0.856080 8
1.107993 -0.340309 -0.834137 8
1.134094 -0.376377 -0.826285 8
1.162218 -0.403738 -0.825214 8
1.183851 -0.473148 -0.793688 8
1.206572 -0.543677 -0.762154 8
1.217013 -0.711252 -0.661838 8
1.231906 -0.870576 -0.569450 7
-0.714488 0.873740 -0.632653 2
-0.689640 0.849046 -0.627264 2
-0.591425 0.877412 -0.695895 2
-0.531075 0.880426 -0.727863 2
-0.452050 0.899016 -0.780184 2
-0.319566 0.961420 -0.890103 2
-0.307303 0.932033 -0.875451 2
-0.275986 0.917862 -0.881077 2
-0.245560 0.903309 -0.886044 2
-0.201736 0.900633 -0.906115 2
-0.174103 0.884583 -0.908741 2
-0.139181 0.875363 -0.919865 2
-0.111946 0.859577 -0.922581 2
-0.090749 0.838270 -0.918452 2
-0.043199 0.842597 -0.945560 2
-0.031972 0.811835 -0.929907 2
-0.024507 0.776651 -0.909325 2
0.011663 0.770839 -0.923771 2
0.040069 0.757360 -0.929001 2
0.071610 0.747640 -0.938484 2
0.078427 0.710387 -0.916353 2
0.095572 0.684193 -0.907199 2
0.126981 0.674629 -0.916879 2
0.146659 0.651201 -0.911037 2
0.155318 0.613698 -0.889897 2
0.173032 0.586862 -0.880811 2
0.196606 0.567335 -0.879821 2
0.223636 0.552444 -0.883849 2
0.272844 0.568629 -0.920693 2
0.266663 0.507446 -0.875933 2
0.302119 0.505074 -0.893052 2
0.324450 0.483750 -0.890456 2
0.325105 0.428595 -0.853551 2
0.340587 0.394984 -0.839126 2
0.373348 0.388815 -0.852466 2
0.389402 0.355122 -0.838401 2
0.413966 0.335264 -0.838254 2
0.443851 0.324772 -0.847311 2
0.444634 0.261136 -0.805099 2
0.464715 0.231271 -0.795992 2
0.365548 -0.032357 -0.565937 6
0.416481 -0.008925 -0.609325 6
0.457654 -0.003099 -0.635706 6
0.510845 0.030069 -0.686941 6
0.541808 0.017343 -0.695493 6
0.579474 0.020283 -0.718209 6
0.620081 0.031565 -0.748146 6
0.656944 0.035633 -0.771284 6
0.698184 0.052279 -0.805246 6
0.724172 0.031205 -0.805797 6
0.762209 0.042610 -0.834619 6
0.789522 0.025716 -0.838790 6
0.836334 0.066082 -0.891777 6
0.866527 0.060043 -0.904842 6
0.893054 0.043031 -0.908660 6
0.931674 0.065998 -0.945716 6
0.956023 0.042709 -0.944275 6
0.983390 0.029515 -0.951248 6
1.010397 0.014997 -0.957200 6
1.006867 -0.121382 -0.865681 6
1.038834 -0.121548 -0.884016 6
1.047899 -0.221339 -0.823870 8
1.075030 -0.246543 -0.823116 8
1.099718 -0.285123 -0.812244 8
1.128202 -0.306899 -0.814640 8
1.149767 -0.368257 -0.787165 8
1.175946 -0.408711 -0.776123 8
1.195386 -0.496071 -0.730532 8
1.224803 -0.526334 -0.728181 8
1.236473 -0.691444 -0.627365 8
1.246307 -0.898658 -0.498056 7
1.288258 -0.857865 -0.549715 7
-0.742756 0.949539 -0.618571 2
-0.706142 0.932650 -0.624715 2
-0.641695 0.935190 -0.659123 2
-0.578646 0.938192 -0.693217 2
-0.486575 0.963468 -0.758239 2
-0.348490 1.025194 -0.873082 2
-0.325092 1.004612 -0.870121 2
-0.288090 0.994635 -0.881800 2
-0.264504 0.974586 -0.879421 2
-0.253038 0.944720 -0.863830 2
-0.187812 0.959362 -0.907806 2
-0.165412 0.939107 -0.904821 2
-0.144123 0.917893 -0.900627 2
-0.098426 0.918646 -0.924763 2
-0.061866 0.912023 -0.938965 2
-0.049953 0.882716 -0.924301 2
-0.019188 0.871243 -0.932146 2
-0.008060 0.840613 -0.916232 2
0.028582 0.835493 -0.931738 2
0.027334 0.791386 -0.899924 2
0.063311 0.786023 -0.915007 2
0.097781 0.779716 -0.928682 2
0.119651 0.759811 -0.926208 2
0.117564 0.712041 -0.891567 2
0.158159 0.713582 -0.914132 2
0.169503 0.680444 -0.896955 2
0.179064 0.644296 -0.876774 2
0.196505 0.617357 -0.867269 2
0.245096 0.631138 -0.902837 2
0.246477 0.582579 -0.869782 2
0.285873 0.585352 -0.892862 2
0.291725 0.541239 -0.865396 2
0.319248 0.527557 -0.870764 2
0.345710 0.512507 -0.874661 2
0.372447 0.498032 -0.879154 2
0.379700 0.452584 -0.851720 2
0.391231 0.412560 -0.830407 2
0.411269 0.385619 -0.822803 2
0.423006 0.343663 -0.800374 2
0.454272 0.335272 -0.811783 2
0.457507 0.275631 -0.772636 2
0.495111 0.278840 -0.795598 2
0.513390 0.245382 -0.782809 2
0.419900 -0.015503 -0.552486 6
0.466829 0.001499 -0.590219 6
0.520809 0.036050 -0.643922 6
0.560440 0.042100 -0.670222 6
0.582367 0.008922 -0.659925 6
0.626257 0.027048 -0.696950 6
0.659426 0.021182 -0.711672 6
0.703502 0.044021 -0.752116 6
0.730393 0.024147 -0.753882 6
0.757970 0.005870 -0.757173 6
0.801863 0.034112 -0.801340 6
0.844707 0.062739 -0.845219 6
0.864432 0.023316 -0.829868 6
0.896677 0.022252 -0.847694 6
0.934926 0.042620 -0.883509 6
0.961283 0.024227 -0.886340 6
1.001704 0.057300 -0.932089 6
1.019717 0.008277 -0.909528 6
1.018371 -0.122933 -0.820373 6
1.056130 -0.099362 -0.858326 6
1.064561 -0.203871 -0.792970 8
1.090877 -0.233572 -0.788484 8
1.112216 -0.290323 -0.762941 8
1.136868 -0.334732 -0.747702 8
1.162472 -0.377795 -0.733990 8
1.192774 -0.396228 -0.739656 8
1.218417 -0.446123 -0.721498 8
1.240575 -0.526762 -0.680698 8
1.244449 -0.760723 -0.526222 7
1.269709 -0.855059 -0.478230 7
1.317024 -0.759776 -0.570625 7
1.346292 -0.827508 -0.543002 7
-0.760670 0.991458 -0.584963 2
-0.671599 1.007762 -0.643221 2
-0.645757 0.984599 -0.639422 2
-0.570499 0.994985 -0.686224 2
-0.413844 1.063803 -0.818686 2
-0.332067 1.084085 -0.876304 2
-0.311325 1.061919 -0.870787 2
-0.293709 1.037377 -0.861931 2
-0.244658 1.036906 -0.887290 2
-0.211238 1.025162 -0.896216 2
-0.183995 1.008888 -0.898620 2
-0.172710 0.979571 -0.883121 2
-0.123340 0.982308 -0.911181 2
-0.098840 0.964475 -0.911135 2
-0.083962 0.938124 -0.899833 2
-0.025101 0.951953 -0.941134 2
0.029896 0.963870 -0.979036 2
0.021131 0.915623 -0.939401 2
0.038554 0.891892 -0.931533 2
0.058394 0.870391 -0.926613 2
0.082011 0.852715 -0.926523 2
0.098055 0.826983 -0.916603 2
0.113211 0.799916 -0.905290 2
0.150992 0.797974 -0.924275 2
0.155053 0.757828 -0.897669 2
0.186103 0.748647 -0.907912 2
0.204366 0.724347 -0.900440 2
0.223241 0.700495 -0.893666 2
0.251201 0.688037 -0.900020 2
0.255636 0.644791 -0.871624 2
0.295890 0.648801 -0.896520 2
0.301592 0.605825 -0.869100 2
0.328748 0.592206 -0.874367 2
0.351285 0.572015 -0.872472 2
0.379579 0.560398 -0.879875 2
0.383752 0.511542 -0.847623 2
0.401406 0.482475 -0.836881 2
0.407992 0.434482 -0.806669 2
0.438941 0.426040 -0.817973 2
0.452491 0.387723 -0.798559 2
0.473966 0.362404 -0.792776 2
0.492543 0.331212 -0.781286 2
0.524180 0.324133 -0.794121 2
0.518701 0.244437 -0.735133 2
0.553235 0.242205 -0.753098 2
0.479012 0.012232 -0.550035 6
0.520116 0.018695 -0.577912 6
0.570633 0.047967 -0.627143 6
0.586510 0.000000 -0.602722 6
0.628326 0.012268 -0.635217 6
0.665676 0.015537 -0.658929 6
0.706713 0.029817 -0.692481 6
0.734090 0.009808 -0.694348 6
0.774895 0.026890 -0.729816 6
0.805581 0.017313 -0.740950 6
0.842680 0.027547 -0.769612 6
0.887443 0.063986 -0.820969 6
0.902684 0.008214 -0.791206 6
0.941890 0.030736 -0.829766 6
0.985886 0.073822 -0.885426 6
1.009094 0.044449 -0.878761 6
1.000109 -0.113153 -0.764471 8
1.074378 0.058876 -0.927308 6
1.061849 -0.127525 -0.791115 6
1.098572 -0.106599 -0.827403 6
1.108695 -0.211305 -0.761183 8
1.127815 -0.280738 -0.724721 8
1.153157 -0.323141 -0.710677 8
1.181041 -0.354529 -0.705804 8
1.204733 -0.415076 -0.678371 8
1.230009 -0.472209 -0.654298 8
1.256292 -0.529265 -0.630943 8
1.251218 -0.847666 -0.408741 7
1.285670 -0.875606 -0.410502 7
1.340092 -0.709695 -0.557852 7
1.363730 -0.840262 -0.482544 7
-0.767318 1.080383 -0.592624 2
-0.792772 1.025364 -0.537296 2
-0.661264 1.066081 -0.638137 2
-0.583460 1.076223 -0.687263 2
-0.476157 1.107564 -0.768203 2
-0.372323 1.139558 -0.847829 2
-0.310529 1.145487 -0.885360 2
-0.299705 1.116793 -0.869561 2
-0.265565 1.104673 -0.878774 2
-0.245003 1.082912 -0.873496 2
-0.189601 1.087814 -0.906991 2
-0.177001 1.060428 -0.893296 2
-0.137220 1.054617 -0.910437 2
-0.112296 1.037279 -0.910985 2
-0.073251 1.032089 -0.928273 2
-0.052957 1.011334 -0.923848 2
-0.022483 0.999633 -0.931723 2
0.013914 0.993781 -0.947200 2
0.041841 0.980665 -0.952718 2
0.057509 0.956026 -0.943053 2
0.067228 0.925199 -0.925601 2
0.069322 0.885999 -0.897829 2
0.106055 0.881878 -0.914972 2
0.120889 0.855095 -0.903427 2
0.181671 0.878375 -0.954046 2
0.149225 0.798738 -0.877674 2
0.195348 0.806792 -0.909101 2
0.214372 0.784064 -0.903008 2
0.234327 0.762232 -0.898128 2
0.259154 0.746307 -0.900313 2
0.266749 0.708321 -0.876835 2
0.287673 0.686861 -0.872888 2
0.322283 0.683799 -0.890032 2
0.345042 0.665013 -0.889139 2
0.341904 0.608998 -0.846694 2
0.374244 0.603151 -0.860664 2
0.386904 0.568116 -0.842418 2
0.416429 0.558390 -0.852070 2
0.416100 0.501157 -0.810493 2
0.457579 0.510698 -0.840935 2
0.456449 0.449290 -0.795970 2
0.479427 0.427489 -0.793350 2
0.487304 0.378111 -0.762279 2
0.509407 0.353239 -0.757033 2
0.530043 0.325064 -0.748612 2
0.552298 0.299390 -0.742964 2
0.574870 0.273800 -0.737602 2
0.604825 0.263250 -0.747332 2
0.524944 0.012915 -0.521719 6
0.564499 0.016695 -0.547366 6
0.594050 -0.001416 -0.551585 6
0.637679 0.014581 -0.588437 6
0.678908 0.026991 -0.621372 6
0.716712 0.032679 -0.647554 6
0.747621 0.021412 -0.657644 6
0.780621 0.016425 -0.673485 6
0.820093 0.031286 -0.707325 6
0.862065 0.056317 -0.749927 6
0.893204 0.050369 -0.764123 6
0.920760 0.033320 -0.768346 6
0.952078 0.029124 -0.783983 6
0.989910 0.049586 -0.821061 6
1.021255 0.048716 -0.839166 6
1.015547 -0.099290 -0.730740 8
1.058947 -0.054340 -0.788660 6
1.074403 -0.127260 -0.746271 6
1.105565 -0.133066 -0.760946 6
1.120048 -0.221229 -0.707264 8
1.145257 -0.261930 -0.693723 8
1.172168 -0.296621 -0.685517 8
1.191782 -0.378715 -0.639386 8
1.227132 -0.368285 -0.668329 8
1.247530 -0.459832 -0.616091 8
1.271326 -0.539026 -0.574714 8
1.268507 -0.855802 -0.349181 7
1.309293 -0.829135 -0.393143 7
1.354721 -0.744458 -0.480993 7
1.385038 -0.812173 -0.451953 7
-0.760327 1.136971 -0.583907 2
-0.760215 1.098065 -0.553838 2
-0.628080 1.137381 -0.656443 2
-0.574265 1.132174 -0.681864 2
-0.410365 1.197593 -0.822088 2
-0.340535 1.206855 -0.867519 2
-0.321609 1.183896 -0.860259 2
-0.265803 1.186135 -0.892664 2
-0.285315 1.136676 -0.843995 2
-0.199337 1.161907 -0.910719 2
-0.167060 1.149805 -0.919283 2
-0.140816 1.133565 -0.921389 2
-0.122033 1.111715 -0.915123 2
-0.094728 1.096621 -0.918763 2
-0.082530 1.069352 -0.904791 2
-0.044514 1.063524 -0.921499 2
0.005897 1.069194 -0.953870 2
0.019492 1.043416 -0.941915 2
0.035490 1.019490 -0.932740 2
0.056790 1.000286 -0.930135 2
0.063111 0.966662 -0.908288 2
0.092120 0.954678 -0.915525 2
0.118098 0.939995 -0.919061 2
0.145707 0.927229 -0.924994 2
0.128645 0.867059 -0.870158 2
0.176982 0.876388 -0.904451 2
0.195128 0.853229 -0.897347 2
0.227291 0.846018 -0.910164 2
0.229135 0.803411 -0.879332 2
0.240320 0.770864 -0.861364 2
0.273009 0.764467 -0.875197 2
0.304283 0.756894 -0.887383 2
0.317651 0.726216 -0.872161 2
0.330727 0.694420 -0.855978 2
0.362194 0.687523 -0.868887 2
0.362854 0.636981 -0.831720 2
0.389919 0.623563 -0.837331 2
0.412019 0.602837 -0.834699 2
0.432558 0.579474 -0.829250 2
0.439624 0.534056 -0.799722 2
0.468733 0.523508 -0.808789 2
0.479966 0.482830 -0.785256 2
0.500067 0.456319 -0.777377 2
0.524192 0.436526 -0.776835 2
0.540689 0.402277 -0.761225 2
0.562863 0.377885 -0.756232 2
0.562268 0.307599 -0.704168 2
0.580996 0.273585 -0.690155 2
0.605259 0.250206 -0.687251 2
0.622769 0.211517 -0.669166 2
0.558590 -0.014817 -0.465225 6
0.601890 -0.002475 -0.499893 6
0.646078 0.014250 -0.538341 6
0.686684 0.024445 -0.569925 6
0.722347 0.023716 -0.590619 6
0.760047 0.029813 -0.617560 6
0.792150 0.021795 -0.630884 6
0.828812 0.027955 -0.657335 6
0.869789 0.049310 -0.697510 6
0.898061 0.032948 -0.702570 6
0.929610 0.027513 -0.717614 6
0.965529 0.038369 -0.747210 6
0.993810 0.023472 -0.753466 6
1.035889 0.062062 -0.807072 6
1.063857 0.048542 -0.814222 6
1.054653 -0.124977 -0.682389 6
1.089543 -0.116095 -0.710131 6
1.121357 -0.119295 -0.727253 6
1.145304 -0.161473 -0.711275 8
1.165129 -0.229954 -0.673703 8
1.187403 -0.291836 -0.642472 8
1.214387 -0.331353 -0.630422 8
1.239574 -0.387201 -0.605454 8
1.265665 -0.443668 -0.580642 8
1.290507 -0.518197 -0.542000 8
1.286956 -0.856831 -0.294231 7
1.330571 -0.803328 -0.360201 7
1.372488 -0.751694 -0.423808 7
1.400636 -0.855687 -0.366058 7
-0.747065 1.233968 -0.611296 2
-0.771581 1.183125 -0.557390 2
-0.681698 1.194869 -0.617066 2
-0.631360 1.185995 -0.638333 2
-0.519996 1.214205 -0.723119 2
-0.361544 1.274096 -0.859336 2
-0.334550 1.256317 -0.860581 2
-0.276487 1.258776 -0.895244 2
-0.261985 1.233749 -0.883830 2
-0.243379 1.211306 -0.876789 2
-0.199111 1.206720 -0.898248 2
-0.189078 1.178469 -0.881886 2
-0.144197 1.175492 -0.905014 2
-0.092941 1.178300 -0.936296 2
-0.075271 1.156251 -0.929195 2
-0.046991 1.142555 -0.934651 2
-0.040216 1.111568 -0.914473 2
-0.002071 1.106362 -0.932198 2
0.023739 1.091276 -0.935263 2
0.036975 1.065270 -0.922726 2
0.065430 1.052753 -0.929353 2
0.087865 1.034964 -0.928493 2
0.111227 1.018127 -0.928931 2
0.103209 0.970498 -0.887652 2
0.134840 0.961405 -0.898869 2
0.155720 0.941679 -0.895750 2
0.179392 0.924871 -0.896516 2
0.198550 0.903217 -0.890988 2
0.210015 0.872740 -0.874278 2
0.237723 0.860355 -0.880864 2
0.263569 0.846083 -0.884959 2
0.286240 0.828155 -0.884446 2
0.290939 0.787728 -0.856330 2
0.325136 0.783997 -0.873428 2
0.350374 0.769209 -0.876903 2
0.364259 0.739142 -0.862140 2
0.380113 0.711113 -0.850113 2
0.394573 0.680473 -0.835316 2
0.403565 0.640977 -0.810615 2
0.428855 0.625007 -0.813385 2
0.449601 0.601999 -0.808175 2
0.467965 0.574801 -0.798419 2
0.488926 0.551317 -0.793043 2
0.488474 0.490743 -0.746968 2
0.516708 0.478154 -0.754206 2
0.529684 0.438050 -0.731634 2
0.552227 0.414459 -0.727251 2
0.571245 0.383600 -0.715321 2
0.591989 0.355283 -0.706372 2
0.611536 0.323717 -0.694295 2
0.625568 0.279324 -0.669295 2
0.658081 0.273977 -0.684789 2
0.668381 0.218448 -0.649247 2
0.611840 0.001125 -0.451951 6
0.660882 0.029345 -0.502723 6
0.684165 -0.004883 -0.491115 6
0.735876 0.035151 -0.552443 6
0.777813 0.052714 -0.591040 6
0.789899 -0.012826 -0.549288 6
0.838486 0.026918 -0.608617 6
0.871031 0.021328 -0.624278 6
0.906849 0.027338 -0.650652 6
0.933441 0.003789 -0.649318 6
0.980008 0.050956 -0.713114 6
1.008294 0.035578 -0.718999 6
1.042546 0.043664 -0.746111 6
1.075882 0.050323 -0.771631 6
1.085793 -0.043693 -0.707598 8
1.104992 -0.103914 -0.674557 6
1.135957 -0.111736 -0.687917 6
1.155476 -0.178982 -0.649911 8
1.174905 -0.254094 -0.606024 8
1.201070 -0.297546 -0.589961 8
1.231987 -0.314746 -0.596458 8
1.251587 -0.412197 -0.536156 8
1.282822 -0.435515 -0.538377 8
1.284512 -0.709588 -0.335445 7
1.307768 -0.838517 -0.254135 7
1.349142 -0.805638 -0.304682 7
1.382779 -0.851657 -0.291695 7
-0.782912 1.303917 -0.590701 2
-0.781871 1.267587 -0.562035 2
-0.750783 1.246327 -0.562832 2
-0.652382 1.261581 -0.631807 2
-0.576125 1.266981 -0.680132 2
-0.404205 1.328715 -0.828896 2
-0.335918 1.334592 -0.873063 2
-0.296928 1.324400 -0.887459 2
-0.278543 1.302070 -0.880254 2
-0.235906 1.295176 -0.899454 2
-0.201952 1.283391 -0.909747 2
-0.191410 1.256324 -0.894301 2
-0.155398 1.246567 -0.907461 2
-0.132551 1.228034 -0.906015 2
-0.099772 1.216877 -0.916238 2
-0.079689 1.196672 -0.911911 2
-0.037415 1.193601 -0.934139 2
-0.012862 1.177386 -0.935637 2
-0.008670 1.144761 -0.912278 2
0.027927 1.138543 -0.928781 2
0.057859 1.127313 -0.937451 2
0.072002 1.102578 -0.926233 2
0.085818 1.077237 -0.914374 2
0.123274 1.073552 -0.933490 2
0.132428 1.043638 -0.915344 2
0.124329 0.996180 -0.873271 2
0.181041 1.012492 -0.919532 2
0.183400 0.974438 -0.891069 2
0.214004 0.965346 -0.902036 2
0.218268 0.927991 -0.875301 2
0.238204 0.907172 -0.870824 2
0.258253 0.886343 -0.866433 2
0.283077 0.871022 -0.869212 2
0.326291 0.878240 -0.900554 2
0.330910 0.838563 -0.872353 2
0.341656 0.805524 -0.853010 2
0.365747 0.789260 -0.854728 2
0.395026 0.780130 -0.865129 2
0.405341 0.744939 -0.843936 2
0.410779 0.701686 -0.813582 2
0.436152 0.686454 -0.816984 2
0.455262 0.661791 -0.809331 2
0.468022 0.626705 -0.789801 2
0.485036 0.597418 -0.777359 2
0.507766 0.576919 -0.775202 2
0.523715 0.544548 -0.759786 2
0.533258 0.499846 -0.730986 2
0.545221 0.457802 -0.705735 2
0.587863 0.472090 -0.742655 2
0.593282 0.415812 -0.702497 2
0.617659 0.395104 -0.701355 2
0.641613 0.373244 -0.699098 2
0.648825 0.314914 -0.658541 2
0.665315 0.274346 -0.637370 2
0.691261 0.253919 -0.637527 3
0.693598 0.176599 -0.579456 3
0.663628 0.014325 -0.436234 6
0.690778 -0.011580 -0.433014 6
0.736521 0.011786 -0.479143 6
0.759692 -0.024627 -0.465466 6
0.808535 0.012053 -0.523802 6
0.855560 0.047793 -0.580327 6
0.881359 0.020849 -0.575644 6
0.919536 0.033896 -0.609343 6
0.951250 0.027216 -0.623936 6
0.985445 0.030387 -0.647654 6
1.020983 0.040532 -0.677585 6
1.054415 0.044803 -0.701735 6
1.088235 0.052764 -0.728985 6
1.099018 -0.040236 -0.664571 8
1.129081 -0.050988 -0.675211 8
1.147847 -0.118579 -0.635311 6
1.159924 -0.229567 -0.558050 8
1.198549 -0.200693 -0.604478 8
1.216944 -0.291319 -0.546834 8
1.245638 -0.325110 -0.539167 8
1.268586 -0.404477 -0.493077 8
1.297484 -0.448630 -0.477695 8
1.294767 -0.778593 -0.223986 7
1.326869 -0.837866 -0.199171 7
1.369228 -0.794619 -0.259206 7
1.404063 -0.830287 -0.254237 7
-0.760626 1.365793 -0.597530 2
-0.761048 1.329564 -0.567573 2
-0.710193 1.318384 -0.588521 2
-0.639601 1.318299 -0.630270 2
-0.478798 1.367774 -0.766047 2
-0.380054 1.387669 -0.840875 2
-0.345309 1.373982 -0.850331 2
-0.295121 1.369770 -0.876712 2
-0.249651 1.363766 -0.898854 2
-0.228614 1.343621 -0.894975 2
-0.203006 1.326424 -0.896239 2
-0.172574 1.312583 -0.903129 2
-0.151668 1.292759 -0.899505 2
-0.115130 1.283736 -0.913994 2
-0.085369 1.270558 -0.921093 2
-0.068102 1.248686 -0.913708 2
-0.006031 1.260183 -0.960144 2
-0.000959 1.229649 -0.938504 2
-0.000354 1.194975 -0.910867 2
0.050579 1.200249 -0.945674 2
0.035960 1.152297 -0.898239 2
0.100131 1.170154 -0.951185 2
0.102126 1.135409 -0.924419 2
0.125844 1.119394 -0.925816 2
0.131968 1.087217 -0.903648 2
0.167221 1.082041 -0.920754 2
0.158527 1.034611 -0.877446 2
0.201660 1.037677 -0.905970 2
0.208119 1.004066 -0.882946 2
0.218387 0.973652 -0.864813 2
0.249723 0.965533 -0.877310 2
0.273165 0.949135 -0.878421 2
0.287287 0.922100 -0.865398 2
0.327561 0.925499 -0.892596 2
0.340116 0.896374 -0.876999 2
0.357144 0.872188 -0.868087 2
0.362218 0.832247 -0.839355 2
0.392488 0.824350 -0.851548 2
0.393565 0.777278 -0.814745 2
0.403120 0.740350 -0.791221 2
0.442465 0.745220 -0.819192 2
0.447479 0.700459 -0.786710 2
0.486908 0.706651 -0.815831 2
0.498533 0.670473 -0.794270 2
0.516884 0.644031 -0.784593 2
0.526292 0.602034 -0.757102 2
0.536617 0.560041 -0.730205 2
0.567643 0.553304 -0.744029 2
0.575046 0.503813 -0.709442 2
0.603882 0.492847 -0.718616 2
0.622913 0.463043 -0.706847 2
0.644545 0.437613 -0.700174 2
0.653491 0.384963 -0.664149 2
0.673970 0.354804 -0.653077 2
0.655147 0.235293 -0.547055 2
0.674722 0.197739 -0.529639 2
0.727786 0.239626 -0.595786 3
0.736537 0.174770 -0.550145 3
0.716460 0.030907 -0.424252 6
0.740736 -0.002834 -0.412895 6
0.779816 0.003886 -0.442703 6
0.821697 0.020876 -0.482381 6
0.856204 0.018147 -0.501940 6
0.886972 0.004624 -0.510685 6
0.927255 0.023326 -0.550791 6
0.961218 0.023076 -0.572041 6
1.001687 0.048413 -0.617535 6
1.029206 0.027525 -0.618553 6
1.063939 0.035566 -0.646887 6
1.089539 0.006538 -0.640354 6
1.105083 -0.070465 -0.589808 8
1.139767 -0.061918 -0.618591 8
1.164796 -0.100606 -0.604200 8
1.175829 -0.220616 -0.517129 8
1.200763 -0.273306 -0.491754 8
1.233986 -0.278687 -0.508800 8
1.262041 -0.318738 -0.495391 8
1.286981 -0.387398 -0.457593 8
1.316220 -0.430976 -0.442241 8
1.317816 -0.738468 -0.202373 7
1.346588 -0.833810 -0.146233 7
1.388280 -0.797896 -0.201270 7
-0.774720 1.445339 -0.598282 2
-0.779080 1.408241 -0.564648 2
-0.789899 1.367402 -0.523989 2
-0.679528 1.383782 -0.604820 2
-0.580502 1.397233 -0.676327 2
-0.438038 1.435272 -0.794791 2
-0.370853 1.437520 -0.837617 2
-0.300348 1.443094 -0.885253 2
-0.279734 1.422463 -0.880697 2
-0.254677 1.404440 -0.881040 2
-0.217233 1.393954 -0.895222 2
-0.209179 1.366177 -0.877127 2
-0.148981 1.370720 -0.917714 2
-0.104963 1.366290 -0.940991 2
-0.108789 1.331002 -0.909469 2
-0.071161 1.323157 -0.926048 2
-0.048950 1.305182 -0.924828 2
-0.011214 1.298524 -0.942492 2
0.003221 1.275303 -0.932209 2
0.033355 1.263846 -0.941287 2
0.043796 1.237389 -0.925922 2
0.072050 1.224880 -0.933015 2
0.080741 1.196536 -0.915059 2
0.122928 1.196180 -0.940764 2
0.118821 1.156365 -0.905533 2
0.137958 1.136266 -0.900847 2
0.156608 1.115645 -0.895451 2
0.182170 1.101472 -0.899634 2
0.198827 1.078859 -0.891412 2
0.217953 1.058486 -0.886572 2
0.240760 1.041790 -0.887040 2
0.250463 1.011312 -0.868134 2
0.277307 0.998785 -0.874554 2
0.308133 0.991022 -0.887357 2
0.323405 0.965949 -0.876380 2
0.352391 0.956666 -0.886838 2
0.365146 0.928127 -0.871506 2
0.379924 0.901479 -0.858997 2
0.381446 0.857253 -0.823920 2
0.422235 0.863425 -0.854405 2
0.417474 0.808949 -0.807101 2
0.437627 0.787198 -0.802012 2
0.446082 0.748301 -0.775682 2
0.483655 0.751386 -0.801725 2
0.488082 0.704943 -0.766781 2
0.509457 0.683442 -0.762741 2
0.510159 0.628026 -0.718215 2
0.545202 0.627829 -0.740090 2
0.559367 0.592559 -0.720410 2
0.577407 0.563023 -0.707839 2
0.603605 0.547712 -0.711955 2
0.629559 0.532033 -0.715641 2
0.636542 0.479014 -0.677140 2
0.660451 0.457992 -0.675251 2
0.669053 0.404351 -0.637313 2
0.629904 0.243680 -0.482610 2
0.651831 0.210871 -0.470001 2
0.700263 0.239194 -0.523634 2
0.727344 0.218916 -0.524469 3
0.752242 0.192836 -0.519253 3
0.787279 0.192717 -0.541471 3
0.775303 0.064996 -0.430784 6
0.813063 0.070043 -0.458953 6
0.847846 0.068101 -0.479608 6
0.882234 0.066217 -0.500081 6
0.911302 0.048308 -0.504257 6
0.945348 0.047192 -0.525178 6
0.983536 0.062341 -0.561881 6
1.011516 0.042171 -0.563608 6
1.051491 0.069023 -0.610930 6
1.087924 0.085669 -0.647780 6
1.104608 0.018382 -0.604377 6
1.141268 0.038517 -0.644227 6
1.143117 -0.111218 -0.524961 8
1.172711 -0.131143 -0.528066 8
1.191816 -0.212022 -0.475388 8
1.220849 -0.241923 -0.470157 8
1.243335 -0.318177 -0.423437 8
1.275140 -0.337739 -0.428366 8
1.302663 -0.392515 -0.402233 8
1.327035 -0.483730 -0.344791 8
1.335055 -0.753932 -0.132888 7
1.367768 -0.816444 -0.104000 7
1.409215 -0.781577 -0.159083 7
-0.744938 1.508173 -0.612818 2
-0.766472 1.464674 -0.562401 2
-0.788108 1.419922 -0.510874 2
-0.668342 1.438792 -0.601827 2
-0.515803 1.476129 -0.728973 2
-0.345540 1.526145 -0.877980 2
-0.333161 1.501184 -0.864596 2
-0.279096 1.497715 -0.895544 2
-0.282467 1.464576 -0.865400 2
-0.249661 1.450713 -0.874259 2
-0.214943 1.438400 -0.885644 2
-0.180575 1.426418 -0.897104 2
-0.114736 1.433981 -0.944840 2
-0.128421 1.393759 -0.902318 2
-0.086367 1.388033 -0.923931 2
-0.072077 1.364872 -0.913407 2
-0.039899 1.353648 -0.924206 2
-0.015934 1.337200 -0.925454 2
0.030294 1.336897 -0.954320 2
0.046268 1.315381 -0.946302 2
0.081496 1.308326 -0.962588 2
0.064662 1.261368 -0.912535 2
0.090858 1.247307 -0.917271 2
0.132560 1.246299 -0.942765 2
0.116562 1.197435 -0.891685 2
0.165900 1.203743 -0.928168 2
0.166394 1.167755 -0.898337 2
0.188620 1.150770 -0.898187 2
0.215790 1.138543 -0.905164 2
0.230436 1.114488 -0.894327 2
0.241243 1.086270 -0.877590 2
0.257959 1.063553 -0.869213 2
0.281798 1.048097 -0.871440 2
0.305838 1.033004 -0.874112 2
0.334850 1.023617 -0.884722 2
0.349996 0.998789 -0.873647 2
0.376569 0.987032 -0.880758 2
0.379982 0.947479 -0.849966 2
0.394533 0.920552 -0.836808 2
0.408276 0.892031 -0.821822 2
0.433107 0.877527 -0.825595 2
0.453250 0.856802 -0.821214 2
0.462238 0.820213 -0.796523 2
0.468554 0.778588 -0.765953 2
0.495715 0.766509 -0.773295 2
0.509850 0.734754 -0.755963 2
0.530223 0.711951 -0.750080 2
0.553052 0.692787 -0.748810 2
0.566645 0.657928 -0.728601 2
0.579642 0.620864 -0.706195 2
0.603352 0.601697 -0.705536 2
0.617503 0.564643 -0.683914 2
0.646706 0.555060 -0.694768 2
0.648758 0.492136 -0.643946 2
0.685143 0.496396 -0.670931 2
0.594177 0.231611 -0.392952 2
0.632838 0.234150 -0.420016 2
0.694682 0.291128 -0.507138 2
0.721860 0.271625 -0.508573 2
0.744498 0.240751 -0.497682 2
0.773066 0.223926 -0.502268 3
0.789057 0.173602 -0.471021 3
0.784090 0.062329 -0.375812 6
0.825801 0.077916 -0.415774 6
0.863493 0.084239 -0.445488 6
0.888519 0.052645 -0.435661 6
0.939131 0.104188 -0.511173 6
0.958776 0.054938 -0.483298 6
1.001248 0.085418 -0.536150 6
1.024535 0.047150 -0.519753 6
1.061361 0.061080 -0.555297 6
1.094451 0.062320 -0.577946 6
1.128172 0.068294 -0.604931 6
1.156652 0.051544 -0.609757 6
1.161258 -0.088319 -0.497408 8
1.191499 -0.104926 -0.503542 8
1.212046 -0.179253 -0.455734 8
1.233969 -0.254474 -0.408113 8
1.261965 -0.298123 -0.390533 8
1.284200 -0.390992 -0.328605 8
1.314320 -0.434037 -0.312962 8
1.317416 -0.734559 -0.067304 7
1.354390 -0.752666 -0.076777 7
1.385911 -0.836657 -0.028375 7
1.431081 -0.754103 -0.126261 7
-0.783748 1.576379 -0.589483 2
-0.777243 1.545162 -0.566684 2
-0.785451 1.507554 -0.528918 2
-0.674793 1.519421 -0.610343 2
-0.598322 1.518938 -0.659127 2
-0.427218 1.562920 -0.807187 2
-0.316018 1.583448 -0.896473 2
-0.307454 1.557271 -0.879423 2
-0.257990 1.551174 -0.906030 2
-0.258759 1.520243 -0.878896 2
-0.207153 1.516469 -0.908905 2
-0.163406 1.509490 -0.931102 2
-0.155312 1.483272 -0.913770 2
-0.135707 1.463388 -0.909322 2
-0.095751 1.455716 -0.928510 2
-0.082853 1.432133 -0.916576 2
-0.013963 1.443860 -0.971128 2
-0.020536 1.408177 -0.936252 2
-0.001313 1.388876 -0.932111 2
0.039779 1.384714 -0.955101 2
0.063830 1.369309 -0.957444 2
0.046203 1.323600 -0.906868 2
0.091689 1.323886 -0.936545 2
0.094610 1.292316 -0.911399 2
0.106768 1.267381 -0.897925 2
0.130610 1.251674 -0.899927 2
0.177331 1.255418 -0.933407 2
0.178317 1.220820 -0.904459 2
0.196225 1.200372 -0.898593 2
0.228073 1.192573 -0.912591 2
0.237599 1.164351 -0.894664 2
0.258368 1.146439 -0.892853 2
0.273294 1.122719 -0.882299 2
0.290378 1.100880 -0.874764 2
0.328099 1.100548 -0.899005 2
0.326434 1.058559 -0.862110 2
0.331155 1.022282 -0.834251 2
0.371877 1.026189 -0.864093 2
0.392313 1.007428 -0.861417 2
0.392316 0.963794 -0.824249 2
0.409145 0.939629 -0.814641 2
0.429428 0.919504 -0.810736 2
0.450216 0.899883 -0.807602 2
0.465592 0.872741 -0.794545 2
0.482147 0.846650 -0.783164 2
0.501344 0.823832 -0.776304 2
0.522295 0.803273 -0.772522 2
0.530167 0.762375 -0.742909 2
0.554237 0.745653 -0.744452 2
0.556337 0.692991 -0.701087 2
0.580980 0.676087 -0.702873 2
0.605991 0.659827 -0.705461 2
0.635047 0.650885 -0.716924 2
0.643116 0.603366 -0.681885 2
0.662559 0.575624 -0.671108 2
0.675316 0.533766 -0.643974 2
0.573054 0.252714 -0.338370 2
0.606451 0.242650 -0.351796 2
0.710566 0.389991 -0.545224 2
0.722066 0.336709 -0.507625 2
0.734447 0.282713 -0.470015 2
0.744935 0.221077 -0.424695 2
0.780102 0.219574 -0.446609 2
0.817713 0.225920 -0.476800 3
0.841343 0.195008 -0.466216 3
0.843619 0.100295 -0.387511 6
0.874944 0.087367 -0.397268 6
0.912493 0.094696 -0.428302 6
0.939899 0.070247 -0.425740 6
0.981261 0.094126 -0.473334 6
1.010155 0.075886 -0.477039 6
1.044022 0.076752 -0.500219 6
1.078106 0.080304 -0.525830 6
1.110861 0.080197 -0.547476 6
1.139319 0.061909 -0.550904 6
1.171664 0.062295 -0.572722 6
1.171729 -0.105939 -0.430493 6
1.200945 -0.131475 -0.428336 6
1.231674 -0.149530 -0.433525 6
1.257170 -0.202922 -0.405366 8
1.280495 -0.279123 -0.356491 8
1.299185 -0.404315 -0.263126 8
1.327312 -0.470576 -0.225886 8
1.337357 -0.726950 -0.015895 7
1.375498 -0.735118 -0.034476 7
1.404998 -0.852196 0.044750 7
-0.792837 1.656077 -0.595143 2
-0.787792 1.624943 -0.571119 2
-0.793771 1.589294 -0.535848 2
-0.791973 1.555953 -0.507755 2
-0.680773 1.566088 -0.590210 2
-0.522995 1.598214 -0.722793 2
-0.353208 1.639526 -0.871392 2
-0.330294 1.619834 -0.869279 2
-0.303727 1.601979 -0.871203 2
-0.260443 1.592349 -0.891413 2
-0.255032 1.564882 -0.870917 2
-0.193611 1.565453 -0.912091 2
-0.169164 1.548052 -0.913036 2
-0.150669 1.527647 -0.907414 2
-0.124973 1.511268 -0.910096 2
-0.102368 1.493368 -0.909404 2
-0.081818 1.474401 -0.906422 2
-0.029653 1.474801 -0.941355 2
0.004482 1.465100 -0.955501 2
0.008952 1.436784 -0.933697 2
0.017735 1.410809 -0.916809 2
0.034379 1.389840 -0.909519 2
0.070184 1.382313 -0.926700 2
0.078853 1.355747 -0.909239 2
0.110206 1.345710 -0.921285 2
0.145208 1.339002 -0.938668 2
0.142071 1.302792 -0.904963 2
0.174776 1.294757 -0.919674 2
0.177514 1.262222 -0.893094 2
0.179456 1.228191 -0.864684 2
0.203064 1.212477 -0.866668 2
0.246164 1.214700 -0.897266 2
0.268982 1.199081 -0.898820 2
0.269503 1.162089 -0.866909 2
0.288618 1.142453 -0.862510 2
0.301218 1.116072 -0.847900 2
0.342783 1.119621 -0.878667 2
0.354705 1.092378 -0.862868 2
0.376285 1.075307 -0.862371 2
0.393635 1.053420 -0.854867 2
0.416417 1.037663 -0.856329 2
0.429478 1.010210 -0.841132 2
0.451858 0.993777 -0.841751 2
0.442277 0.936304 -0.785335 2
0.464283 0.918213 -0.784274 2
0.492710 0.908830 -0.795082 2
0.501346 0.872103 -0.768895 2
0.520434 0.849294 -0.761802 2
0.526957 0.807351 -0.729680 2
0.551903 0.792216 -0.733189 2
0.570199 0.766623 -0.723165 2
0.584779 0.734363 -0.704869 2
0.595664 0.694827 -0.677785 2
0.628839 0.692802 -0.698219 2
0.642244 0.655988 -0.675200 2
0.659674 0.625317 -0.660219 2
0.670335 0.580551 -0.628469 2
0.540987 0.253093 -0.257392 2
0.577150 0.247012 -0.276342 2
0.708450 0.446707 -0.537762 2
0.720714 0.396858 -0.502701 2
0.732516 0.343399 -0.464203 2
0.755673 0.314422 -0.454585 2
0.764765 0.249218 -0.404088 2
0.795983 0.237762 -0.415104 2
0.832619 0.241496 -0.442950 2
0.852844 0.200427 -0.420899 3
0.888763 0.203661 -0.447845 3
0.887465 0.093273 -0.351200 6
0.931031 0.119637 -0.403370 6
0.953856 0.079502 -0.383911 6
0.992117 0.092191 -0.420667 6
1.021778 0.075445 -0.426111 6
1.061359 0.098068 -0.472387 6
1.092518 0.089565 -0.486006 6
1.120428 0.067279 -0.485491 6
1.160294 0.100866 -0.541492 6
1.188279 0.080572 -0.542770 6
1.184005 -0.116140 -0.369342 6
1.214131 -0.139339 -0.369562 6
1.248212 -0.138944 -0.392916 6
1.272465 -0.203644 -0.353213 8
1.303515 -0.226773 -0.354144 8
1.330139 -0.288621 -0.318532 8
1.319850 -0.703386 0.047921 7
1.355954 -0.735917 0.051694 7
1.386657 -0.837974 0.119368 7
1.428297 -0.816551 0.072612 7
-0.807451 1.701032 -0.566614 2
-0.788813 1.674633 -0.555722 2
-0.784120 1.643286 -0.530930 2
-0.800317 1.603866 -0.484722 2
-0.599226 1.646275 -0.659377 2
-0.451592 1.672657 -0.783361 2
-0.347540 1.684879 -0.865061 2
-0.319745 1.667258 -0.868249 2
-0.291082 1.650324 -0.872642 2
-0.256798 1.636278 -0.883439 2
-0.229434 1.619494 -0.887087 2
-0.185421 1.611093 -0.909545 2
-0.154944 1.596744 -0.917488 2
-0.132571 1.578616 -0.916547 2
-0.129427 1.550369 -0.893497 2
-0.082751 1.545618 -0.921032 2
-0.054219 1.531539 -0.927900 2
-0.028103 1.516413 -0.932193 2
0.002158 1.504082 -0.941802 2
0.007225 1.476507 -0.920671 2
0.051200 1.473402 -0.947845 2
0.043146 1.436893 -0.909820 2
0.074469 1.426145 -0.921572 2
0.077669 1.396191 -0.897058 2
0.111995 1.388054 -0.913185 2
0.130851 1.369069 -0.909112 2
0.127400 1.333018 -0.874642 2
0.179302 1.339515 -0.915787 2
0.173282 1.300582 -0.877003 2
0.217681 1.302472 -0.908936 2
0.223559 1.272517 -0.886261 2
0.242353 1.253274 -0.881930 2
0.252654 1.226263 -0.864894 2
0.312227 1.244761 -0.921968 2
0.317992 1.213663 -0.898205 2
0.313773 1.171903 -0.858147 2
0.345444 1.165263 -0.873825 2
0.353222 1.134246 -0.851513 2
0.369654 1.111767 -0.842705 2
0.403126 1.107905 -0.862091 2
0.405506 1.069330 -0.829377 2
0.428020 1.053166 -0.830345 2
0.435400 1.018742 -0.804741 2
0.462433 1.007797 -0.813440 2
0.486485 0.993400 -0.817035 2
0.485576 0.946111 -0.774334 2
0.511481 0.933546 -0.780829 2
0.516797 0.892294 -0.747752 2
0.542142 0.878571 -0.752839 2
0.558285 0.851280 -0.739575 2
0.572103 0.819728 -0.720937 2
0.581722 0.780524 -0.692628 2
0.617456 0.782835 -0.719080 2
0.621065 0.731780 -0.676129 2
0.655452 0.732494 -0.700246 2
0.669953 0.698242 -0.679684 2
0.690381 0.673890 -0.671978 2
0.489524 0.218164 -0.129479 2
0.537641 0.232999 -0.175542 2
0.691244 0.470863 -0.492013 2
0.727855 0.474227 -0.520019 2
0.734877 0.412536 -0.469962 2
0.757726 0.384344 -0.460510 2
0.778074 0.349155 -0.443128 2
0.788172 0.286512 -0.394335 2
0.801249 0.227865 -0.351133 2
0.838127 0.231066 -0.379194 2
0.858535 0.188737 -0.355517 3
0.893084 0.186514 -0.377167 3
0.919633 0.160472 -0.372175 3
0.941218 0.117093 -0.348379 6
0.976263 0.117574 -0.372781 6
0.997088 0.067925 -0.342897 6
1.044008 0.114916 -0.416772 6
1.078535 0.118663 -0.443732 6
1.100542 0.070714 -0.416176 6
1.140013 0.098535 -0.467922 6
1.170660 0.088901 -0.480341 6
1.201226 0.079468 -0.492885 6
1.191869 -0.153186 -0.279702 8
1.227581 -0.147751 -0.308990 8
1.250629 -0.222057 -0.258738 8
1.287580 -0.207728 -0.296785 8
1.318538 -0.234907 -0.293840 8
1.348423 -0.274389 -0.279229 8
1.337213 -0.723310 0.127406 7
1.363795 -0.869970 0.239523 7
1.407491 -0.836949 0.180226 7
1.448203 -0.831550 0.147518 7
-0.805744 1.751542 -0.553896 2
-0.816640 1.715737 -0.513801 2
-0.776819 1.696037 -0.523797 2
-0.674204 1.698654 -0.597970 2
-0.524582 1.720489 -0.722461 2
-0.335860 1.760596 -0.890883 2
-0.306816 1.743518 -0.895707 2
-0.296943 1.719069 -0.880429 2
-0.256091 1.707346 -0.898368 2
-0.235534 1.687554 -0.894786 2
-0.209630 1.670259 -0.897207 2
-0.168968 1.660064 -0.916393 2
-0.156843 1.636940 -0.903882 2
-0.125441 1.623188 -0.913358 2
-0.108458 1.602519 -0.906468 2
-0.072693 1.591744 -0.921695 2
-0.028930 1.585943 -0.947028 2
-0.023718 1.559368 -0.926536 2
-0.006432 1.539356 -0.920447 2
0.016347 1.522609 -0.921160 2
0.037086 1.504778 -0.919461 2
0.062226 1.489843 -0.923467 2
0.090331 1.477117 -0.931550 2
0.101242 1.453171 -0.917418 2
0.115387 1.431169 -0.907312 2
0.123310 1.404523 -0.888635 2
0.152568 1.393150 -0.898744 2
0.173185 1.375659 -0.897254 2
0.183106 1.349872 -0.880746 2
0.219344 1.344841 -0.901490 2
0.230050 1.319445 -0.885883 2
0.250293 1.301762 -0.883947 2
0.261329 1.276024 -0.868255 2
0.296684 1.271816 -0.889121 2
0.298249 1.236986 -0.858543 2
0.335964 1.235771 -0.883776 2
0.346525 1.208768 -0.866592 2
0.368721 1.193013 -0.867761 2
0.379114 1.165032 -0.849567 2
0.405143 1.153241 -0.857012 2
0.412346 1.120935 -0.832652 2
0.417425 1.085304 -0.803784 2
0.436995 1.065593 -0.799509 2
0.443634 1.030091 -0.771842 2
0.481669 1.032622 -0.800685 2
0.481643 0.987464 -0.759577 2
0.501645 0.967094 -0.754995 2
0.527038 0.953882 -0.760686 2
0.548148 0.934875 -0.758112 2
0.562569 0.906013 -0.741903 2
0.578927 0.879276 -0.728976 2
0.585619 0.836930 -0.695100 2
0.610176 0.821451 -0.698132 2
0.631744 0.801120 -0.694662 2
0.644934 0.766236 -0.672101 2
0.661678 0.736365 -0.656578 2
0.676186 0.701484 -0.634934 2
0.468109 0.244622 -0.073969 2
0.506156 0.238050 -0.094498 2
0.718429 0.585954 -0.559181 2
0.726558 0.531599 -0.515350 2
0.736686 0.478735 -0.474268 2
0.746292 0.421876 -0.429180 2
0.764861 0.382976 -0.406688 2
0.777263 0.327149 -0.364482 2
0.809461 0.318675 -0.379185 2
0.825435 0.267679 -0.343861 2
0.852979 0.245857 -0.343160 2
0.903949 0.291691 -0.420386 2
0.905967 0.194344 -0.333123 3
0.947967 0.216700 -0.382715 3
0.929927 0.041781 -0.210828 6
0.973310 0.066783 -0.263787 6
1.027773 0.137400 -0.366004 6
1.055893 0.114447 -0.364655 6
1.091592 0.122058 -0.396418 6
1.126115 0.127277 -0.425180 6
1.153562 0.101871 -0.421120 6
1.186465 0.102314 -0.444400 6
1.220346 0.110134 -0.475078 6
1.211796 -0.124382 -0.255472 8
1.251995 -0.089801 -0.314917 6
1.280746 -0.124627 -0.303167 6
1.300781 -0.228675 -0.222288 8
1.337223 -0.216026 -0.259131 8
1.366255 -0.265570 -0.234156 8
1.358458 -0.708986 0.175279 7
1.390743 -0.799331 0.235177 7
1.432393 -0.783865 0.192162 7
1.470934 -0.808331 0.187696 7
-0.761958 1.782648 -0.553710 2
-0.792395 1.741289 -0.493703 2
-0.614875 1.766402 -0.644602 2
-0.457840 1.788844 -0.778289 2
-0.348045 1.798418 -0.866116 2
-0.330216 1.776810 -0.859016 2
-0.266105 1.772886 -0.901513 2
-0.265698 1.745110 -0.876177 2
-0.224259 1.733702 -0.895447 2
-0.205043 1.713570 -0.890679 2
-0.179238 1.696411 -0.893386 2
-0.128911 1.690711 -0.924297 2
-0.092275 1.679596 -0.940359 2
-0.099238 1.647826 -0.905995 2
-0.037030 1.650176 -0.952863 2
-0.033261 1.623555 -0.930956 2
0.005858 1.615516 -0.951618 2
-0.014788 1.575000 -0.899311 2
0.045973 1.579848 -0.947424 2
0.047463 1.551161 -0.921942 2
0.083183 1.542780 -0.939821 2
0.083479 1.512763 -0.912239 2
0.118844 1.504833 -0.930268 2
0.123182 1.476818 -0.907425 2
0.148211 1.462509 -0.912117 2
0.174124 1.449102 -0.918272 2
0.179222 1.420768 -0.895660 2
0.205534 1.407840 -0.902533 2
0.222697 1.388137 -0.896559 2
0.229430 1.360005 -0.875286 2
0.254248 1.346182 -0.880238 2
0.267662 1.322948 -0.868283 2
0.297464 1.313725 -0.881060 2
0.294600 1.275639 -0.843650 2
0.337386 1.278633 -0.877049 2
0.348297 1.252470 -0.860557 2
0.361718 1.228260 -0.847668 2
0.386709 1.215355 -0.853549 2
0.392013 1.182220 -0.826549 2
0.418777 1.171160 -0.835399 2
0.427292 1.140316 -0.812810 2
0.444820 1.118908 -0.805427 2
0.461476 1.096224 -0.796227 2
0.504075 1.104564 -0.834402 2
0.493998 1.048834 -0.775364 2
0.498466 1.009368 -0.741832 2
0.521319 0.992852 -0.742768 2
0.539757 0.970340 -0.734966 2
0.565080 0.957177 -0.740770 2
0.594674 0.950464 -0.755616 2
0.584689 0.884954 -0.687500 2
0.614958 0.878661 -0.703204 2
0.634281 0.855522 -0.695414 2
0.641998 0.812711 -0.661028 2
0.671682 0.805724 -0.675648 2
0.699270 0.795681 -0.685922 2
0.702063 0.740594 -0.636571 2
0.474254 0.244647 -0.012302 2
0.710420 0.627265 -0.536877 2
0.727524 0.592484 -0.516608 2
0.745171 0.557478 -0.496506 2
0.759157 0.512994 -0.464960 2
0.770781 0.460904 -0.424633 2
0.791035 0.426483 -0.406905 2
0.801690 0.366811 -0.358803 2
0.812836 0.304758 -0.308821 2
0.836260 0.271846 -0.294725 2
0.853053 0.218824 -0.257156 2
0.914799 0.294879 -0.371885 2
0.924244 0.218377 -0.307181 3
0.955280 0.205824 -0.317444 3
0.934326 0.016655 -0.126038 6
0.974494 0.028202 -0.165245 6
1.021000 0.066869 -0.234242 6
1.053052 0.054062 -0.244953 6
1.094126 0.079901 -0.298114 6
1.130952 0.091834 -0.335282 6
1.169231 0.114372 -0.383369 6
1.202551 0.116615 -0.408994 6
1.233897 0.110393 -0.425311 6
1.245693 -0.011672 -0.319634 6
1.267008 -0.090526 -0.261022 6
1.287584 -0.186719 -0.185685 8
1.318762 -0.216543 -0.179805 8
1.343723 -0.303993 -0.115707 8
1.377213 -0.326141 -0.118607 8
1.368178 -0.825569 0.354294 7
1.412238 -0.792930 0.292793 7
1.455819 -0.749119 0.221204 7
-0.832998 1.746961 -0.407280 2
-0.560154 1.800506 -0.659355 2
-0.331753 1.846160 -0.871135 2
-0.287010 1.834079 -0.892917 2
-0.259568 1.816567 -0.896797 2
-0.244223 1.794846 -0.887771 2
-0.216144 1.778045 -0.892766 2
-0.187495 1.761815 -0.898708 2
-0.165384 1.743209 -0.897573 2
-0.151592 1.721159 -0.887044 2
-0.095857 1.717866 -0.925120 2
-0.068363 1.702660 -0.931125 2
-0.033559 1.691319 -0.946152 2
-0.001652 1.679128 -0.958228 2
0.011311 1.657688 -0.947605 2
0.029614 1.638953 -0.943459 2
0.061189 1.627557 -0.956006 2
0.057090 1.596426 -0.923633 2
0.082537 1.581824 -0.928618 2
0.100471 1.562973 -0.924046 2
0.126145 1.548959 -0.929730 2
0.130385 1.521460 -0.906885 2
0.152207 1.505080 -0.907477 2
0.173728 1.488641 -0.907781 2
0.192050 1.470083 -0.903716 2
0.181133 1.430269 -0.858033 2
0.221962 1.427905 -0.885817 2
0.247207 1.414505 -0.891690 2
0.269160 1.398782 -0.892933 2
0.282159 1.375867 -0.880779 2
0.288082 1.346681 -0.857475 2
0.329193 1.347403 -0.888332 2
0.335573 1.318152 -0.865281 2
0.356094 1.301240 -0.864293 2
0.352741 1.261691 -0.824315 2
0.392793 1.263290 -0.855182 2
0.410326 1.243350 -0.849096 2
0.412724 1.207531 -0.816840 2
0.438680 1.195792 -0.824687 2
0.448335 1.166418 -0.803841 2
0.456766 1.134904 -0.780054 2
0.476326 1.115543 -0.775946 2
0.505669 1.107863 -0.790082 2
0.509939 1.069547 -0.756753 2
0.519108 1.036176 -0.731695 2
0.533892 1.009206 -0.716813 2
0.575322 1.018025 -0.755426 2
0.574704 0.969174 -0.708457 2
0.597943 0.952979 -0.709967 2
0.616019 0.929050 -0.700333 2
0.619355 0.881717 -0.657655 2
0.652687 0.880510 -0.680759 2
0.666556 0.848014 -0.659864 2
0.683095 0.818992 -0.644211 2
0.710078 0.807663 -0.653010 2
0.441326 0.251679 0.072588 2
0.714124 0.690749 -0.544396 2
0.725024 0.645164 -0.508795 2
0.732461 0.590277 -0.461792 2
0.753440 0.561340 -0.449366 2
0.767837 0.516856 -0.417313 2
0.781586 0.468644 -0.381216 2
0.810940 0.455309 -0.389717 2
0.813193 0.374456 -0.314091 2
0.837745 0.346247 -0.304880 2
0.857881 0.304987 -0.279989 2
0.873298 0.248029 -0.236671 2
0.912862 0.259356 -0.276050 2
0.961469 0.301736 -0.351628 2
0.962800 0.194551 -0.250080 3
0.939675 -0.006886 -0.040752 6
0.975458 -0.013495 -0.060191 6
1.021887 0.022166 -0.127715 6
1.057020 0.017900 -0.148897 6
1.095005 0.027507 -0.185388 6
1.136142 0.055046 -0.241290 6
1.172378 0.064305 -0.276163 6
1.202900 0.046785 -0.281288 6
1.247982 0.112184 -0.376215 6
1.255974 -0.039211 -0.237003 6
1.279574 -0.109878 -0.186242 6
1.296036 -0.244661 -0.068969 8
1.324929 -0.303045 -0.033726 8
1.358782 -0.326160 -0.035788 8
1.350168 -0.794823 0.419185 7
1.396257 -0.743887 0.337503 7
1.438943 -0.717242 0.281533 7
-0.848962 1.826726 -0.407001 2
-0.725603 1.829153 -0.503240 2
-1.017201 1.710756 -0.168680 2
-0.486499 1.839952 -0.695514 2
-0.351534 1.854479 -0.812039 2
-0.268128 1.854801 -0.875792 2
-0.229629 1.841165 -0.892070 2
-0.201401 1.824397 -0.897537 2
-0.164621 1.811242 -0.912934 2
-0.142782 1.792772 -0.911888 2
-0.102830 1.781924 -0.931867 2
-0.065047 1.770873 -0.949989 2
-0.067326 1.742766 -0.921365 2
-0.039567 1.727837 -0.928136 2
-0.017817 1.710416 -0.927945 2
0.002949 1.692677 -0.926688 2
0.028637 1.677574 -0.931674 2
0.033687 1.651926 -0.910887 2
0.055277 1.634839 -0.910833 2
0.066106 1.611868 -0.896961 2
0.127059 1.617703 -0.948704 2
0.112180 1.579791 -0.900981 2
0.127685 1.559405 -0.893087 2
0.157016 1.547741 -0.904027 2
0.172802 1.527624 -0.896574 2
0.197150 1.513224 -0.901082 2
0.189696 1.476837 -0.860363 2
0.237381 1.479100 -0.898528 2
0.245179 1.452997 -0.879208 2
0.285548 1.451367 -0.908067 2
0.285303 1.418668 -0.876282 2
0.311672 1.406724 -0.884593 2
0.332691 1.390656 -0.884872 2
0.340830 1.363551 -0.864764 2
0.357732 1.343674 -0.858228 2
0.377947 1.326699 -0.856978 2
0.379720 1.292310 -0.824982 2
0.416689 1.291201 -0.851662 2
0.426478 1.263782 -0.832412 2
0.433050 1.232405 -0.806892 2
0.461062 1.223041 -0.818796 2
0.463367 1.185876 -0.784428 2
0.487569 1.172304 -0.789360 2
0.491192 1.134881 -0.755695 2
0.511986 1.116891 -0.753751 2
0.527284 1.092006 -0.740976 2
0.551054 1.077493 -0.744604 2
0.568883 1.055263 -0.736271 2
0.585364 1.030833 -0.724773 2
0.596883 0.998888 -0.702238 2
0.620290 0.983277 -0.704462 2
0.623535 0.937336 -0.662091 2
0.639180 0.908732 -0.645836 2
0.653640 0.877400 -0.626021 2
0.677234 0.860275 -0.626839 2
0.696360 0.835399 -0.616757 2
0.400917 0.247724 0.176262 2
0.701696 0.722819 -0.510771 2
0.724279 0.700340 -0.505540 2
0.733445 0.650699 -0.463813 2
0.758625 0.631652 -0.463823 2
0.770292 0.583381 -0.425249 2
0.772617 0.511703 -0.356861 2
0.806876 0.509812 -0.380302 2
0.822129 0.463116 -0.345859 2
0.840474 0.421652 -0.318797 2
0.859598 0.380054 -0.292159 2
0.877463 0.332716 -0.258953 2
0.879293 0.236202 -0.165772 3
0.919310 0.247563 -0.206307 2
0.945261 0.217053 -0.195468 3
0.982903 0.224179 -0.230067 3
0.996573 0.149400 -0.166793 3
0.994652 0.010054 -0.028782 6
1.021107 -0.031977 -0.006933 6
1.064855 -0.004842 -0.065535 6
1.102564 0.001079 -0.098896 6
1.143958 0.027498 -0.155031 6
1.179212 0.028731 -0.181958 6
1.214906 0.034891 -0.214019 6
1.253644 0.062529 -0.269350 6
1.267396 -0.063436 -0.155736 6
1.286141 -0.175409 -0.059465 8
1.305622 -0.301845 0.050490 8
1.339816 -0.326157 0.049541 8
1.330597 -0.777339 0.499160 7
1.373019 -0.776536 0.467639 7
-0.785044 1.862861 -0.427283 2
-0.655103 1.866909 -0.532939 2
-1.091338 1.709585 -0.039449 2
-0.378513 1.888977 -0.770754 2
-0.321603 1.879108 -0.805724 2
-0.273799 1.867344 -0.831714 2
-0.219923 1.858563 -0.865322 2
-0.174219 1.847921 -0.890716 2
-0.161905 1.825645 -0.878705 2
-0.094616 1.824648 -0.930286 2
-0.076062 1.805491 -0.926138 2
-0.042089 1.792883 -0.940377 2
-0.041077 1.766483 -0.915449 2
0.020246 1.766819 -0.963590 2
0.006250 1.733392 -0.920070 2
0.039587 1.721883 -0.934803 2
0.040707 1.694787 -0.909200 2
0.072071 1.682839 -0.921927 2
0.071305 1.654163 -0.893271 2
0.105112 1.644015 -0.909619 2
0.135234 1.632363 -0.921611 2
0.145837 1.609640 -0.907563 2
0.147428 1.581144 -0.880834 2
0.169621 1.565018 -0.882218 2
0.206413 1.558577 -0.904421 2
0.221268 1.538167 -0.895864 2
0.224980 1.509897 -0.870921 2
0.257716 1.501763 -0.888255 2
0.288552 1.492869 -0.903350 2
0.282355 1.456362 -0.862565 2
0.319276 1.452529 -0.887315 2
0.328482 1.427150 -0.869371 2
0.346768 1.408868 -0.865426 2
0.380241 1.403611 -0.886047 2
0.375967 1.365648 -0.845209 2
0.396584 1.349158 -0.844772 2
0.410682 1.326586 -0.833275 2
0.411780 1.291063 -0.798928 2
0.443727 1.285303 -0.817774 2
0.455332 1.259265 -0.800865 2
0.478588 1.245077 -0.804636 2
0.503851 1.233277 -0.812298 2
0.486195 1.173202 -0.739090 2
0.509975 1.158794 -0.742982 2
0.525947 1.135154 -0.731698 2
0.558637 1.131883 -0.753442 2
0.571093 1.103518 -0.734725 2
0.591428 1.084835 -0.731646 2
0.612184 1.066598 -0.729311 2
0.611465 1.017880 -0.680203 2
0.638654 1.007785 -0.690844 2
0.654459 0.980933 -0.676084 2
0.667850 0.949596 -0.654990 2
0.699060 0.946020 -0.675129 2
0.705123 0.901270 -0.635032 2
0.700893 0.836644 -0.567246 2
0.713662 0.799028 -0.539318 2
0.727560 0.761962 -0.512773 2
0.748981 0.737881 -0.504883 2
0.757127 0.686616 -0.459736 2
0.772450 0.647588 -0.432233 2
0.793468 0.619106 -0.419563 2
0.800379 0.557872 -0.363430 2
0.825745 0.536228 -0.360837 2
0.836794 0.479131 -0.311914 2
0.854626 0.435803 -0.281869 2
0.870074 0.383715 -0.241223 2
0.860312 0.257943 -0.107723 2
0.885317 0.223476 -0.091868 3
0.945567 0.295541 -0.209296 2
0.959528 0.227340 -0.151260 3
0.998886 0.239956 -0.193327 3
0.990557 0.084758 -0.031220 3
1.005147 0.000470 0.042588 6
1.037180 -0.021795 0.041109 6
1.078460 -0.005195 -0.006280 6
1.113935 -0.010624 -0.027180 6
1.150046 -0.011416 -0.053188 6
1.185186 -0.015040 -0.075598 6
1.219551 -0.021141 -0.094914 6
1.247123 -0.067398 -0.068782 8
1.279693 -0.085877 -0.074263 6
1.301660 -0.183284 0.007528 8
1.327016 -0.271096 0.077192 8
1.359607 -0.310227 0.092566 8
1.358904 -0.703491 0.488886 7
-0.699399 1.903877 -0.472157 2
-0.636224 1.889969 -0.509380 2
-0.568559 1.878527 -0.552607 2
-0.375885 1.905428 -0.734074 2
-0.297969 1.901581 -0.792955 2
-0.260657 1.886301 -0.807903 2
-0.218855 1.873134 -0.828515 2
-0.147963 1.870946 -0.883304 2
-0.122128 1.853832 -0.887142 2
-0.070304 1.846932 -0.921913 2
-0.055485 1.826431 -0.913508 2
-0.022457 1.813404 -0.927084 2
-0.005920 1.793852 -0.920947 2
0.030711 1.783239 -0.939755 2
0.029587 1.755902 -0.911691 2
0.077807 1.751539 -0.945940 2
0.096889 1.733850 -0.943592 2
0.092387 1.704181 -0.910431 2
0.112551 1.686828 -0.909234 2
0.105064 1.654443 -0.870931 2
0.161178 1.657173 -0.918434 2
0.173398 1.635673 -0.906681 2
0.198652 1.621865 -0.912988 2
0.235596 1.615674 -0.936212 2
0.221804 1.577537 -0.887004 2
0.240447 1.559706 -0.883942 2
0.265553 1.546351 -0.890488 2
0.273539 1.521156 -0.871512 2
0.310291 1.516572 -0.896074 2
0.305013 1.481083 -0.856168 2
0.339885 1.475767 -0.878451 2
0.369438 1.466967 -0.892986 2
0.371118 1.435605 -0.862678 2
0.387790 1.416184 -0.856255 2
0.401301 1.393853 -0.844370 2
0.395834 1.353946 -0.799708 2
0.420302 1.340709 -0.805618 2
0.435957 1.319215 -0.796196 2
0.454259 1.300103 -0.791247 2
0.477126 1.285576 -0.794513 2
0.489615 1.260197 -0.778586 2
0.509127 1.241983 -0.775423 2
0.512967 1.205981 -0.741868 2
0.527109 1.180772 -0.727334 2
0.560774 1.178540 -0.751435 2
0.582879 1.162896 -0.752814 2
0.583614 1.119890 -0.709600 2
0.602178 1.098777 -0.702590 2
0.610142 1.062851 -0.672183 2
0.628139 1.039832 -0.662735 2
0.641293 1.009295 -0.641817 2
0.667361 0.997347 -0.649899 2
0.692526 0.984306 -0.656135 2
0.707729 0.955351 -0.638345 2
0.695341 0.879163 -0.550831 2
0.719612 0.862404 -0.552489 2
0.724019 0.809809 -0.502069 2
0.746550 0.788420 -0.497584 2
0.762394 0.753678 -0.474229 2
0.770562 0.702035 -0.427602 2
0.794532 0.680748 -0.424246 2
0.803730 0.626849 -0.376039 2
0.818125 0.581664 -0.340741 2
0.840388 0.552691 -0.328094 2
0.850911 0.493632 -0.275519 2
0.883611 0.488034 -0.294819 2
0.839552 0.276172 -0.043396 2
0.873862 0.267454 -0.060656 2
0.945336 0.369868 -0.220523 2
0.937663 0.237735 -0.078764 3
0.980584 0.259401 -0.133738 3
0.939341 -0.005812 0.170578 6
0.976824 -0.011531 0.147994 6
1.017010 -0.005331 0.111124 6
1.056102 -0.000680 0.076715 6
1.089835 -0.016651 0.067644 6
1.125023 -0.025698 0.050375 6
1.160645 -0.031478 0.029447 6
1.200158 -0.014593 -0.017742 6
1.235913 -0.014298 -0.044960 6
1.258827 -0.093143 0.019118 8
1.285974 -0.154689 0.062212 8
1.312016 -0.234584 0.125098 8
1.347336 -0.249422 0.113960 8
-0.790760 1.931628 -0.360756 2
-0.661499 1.931999 -0.468176 2
-0.827008 1.858229 -0.257616 2
-0.481138 1.920048 -0.605539 2
-0.375698 1.921399 -0.694109 2
-0.271923 1.924672 -0.783190 2
-0.246191 1.905725 -0.785477 2
-0.169183 1.903978 -0.847341 2
-0.142507 1.886644 -0.851961 2
-0.097944 1.876052 -0.878091 2
-0.062147 1.863035 -0.894516 2
-0.037543 1.846264 -0.897902 2
0.018060 1.842317 -0.939737 2
0.038155 1.824680 -0.938473 2
0.055434 1.805951 -0.933758 2
0.057688 1.780452 -0.909801 2
0.101205 1.773892 -0.938928 2
0.108704 1.750707 -0.921569 2
0.121809 1.730045 -0.911346 2
0.150476 1.717394 -0.922007 2
0.162238 1.696034 -0.909913 2
0.179173 1.677382 -0.904788 2
0.193059 1.656964 -0.895337 2
0.201145 1.632948 -0.877437 2
0.236349 1.625334 -0.898439 2
0.242635 1.599965 -0.877626 2
0.267800 1.586584 -0.884470 2
0.290647 1.571942 -0.888101 2
0.290847 1.541581 -0.857120 2
0.327882 1.537178 -0.882759 2
0.324334 1.503213 -0.844968 2
0.360013 1.498567 -0.869194 2
0.384466 1.485797 -0.875909 2
0.384801 1.453451 -0.842851 2
0.394274 1.427920 -0.824202 2
0.404865 1.402857 -0.806910 2
0.420283 1.381682 -0.797513 2
0.444989 1.368947 -0.804320 2
0.466619 1.353544 -0.805852 2
0.467762 1.317887 -0.769850 2
0.488511 1.301160 -0.769239 2
0.492885 1.267127 -0.737462 2
0.519395 1.256194 -0.747440 2
0.543257 1.242678 -0.752575 2
0.548512 1.207714 -0.720448 2
0.563518 1.183292 -0.707075 2
0.584815 1.166188 -0.706329 2
0.606972 1.150170 -0.707370 2
0.611860 1.111300 -0.670759 2
0.633069 1.093295 -0.668909 2
0.645383 1.062595 -0.646684 2
0.663751 1.039794 -0.637498 2
0.684984 1.020903 -0.634647 2
0.703477 0.997539 -0.624907 2
0.692418 0.925618 -0.540880 2
0.726659 0.925995 -0.568413 2
0.729733 0.873182 -0.515524 2
0.747368 0.844029 -0.498912 2
0.765916 0.815631 -0.483779 2
0.762975 0.744330 -0.406653 2
0.794221 0.738122 -0.424744 2
0.799498 0.677901 -0.365650 2
0.825797 0.660314 -0.367828 2
0.825451 0.581575 -0.284788 2
0.849761 0.556414 -0.277371 2
0.872153 0.525725 -0.262599 2
0.903597 0.517395 -0.278395 2
0.848388 0.272973 0.022036 2
0.951694 0.460745 -0.256229 2
0.914781 0.247154 -0.002446 2
0.959395 0.271136 -0.062381 3
0.990006 0.252868 -0.066861 3
0.949128 -0.017335 0.249809 6
0.992934 -0.001485 0.199207 6
1.032505 0.001773 0.165210 6
1.067999 -0.009447 0.149688 6
1.106252 -0.007455 0.118133 6
1.139816 -0.025324 0.111205 6
1.182091 0.001693 0.050214 6
1.216163 -0.010178 0.036647 6
1.253761 0.000064 -0.002948 6
1.276925 -0.080811 0.064852 6
1.294956 -0.212675 0.190523 8
1.331349 -0.221152 0.171772 8
1.368716 -0.218945 0.141026 8
-0.726347 1.966118 -0.383772 2
-0.622672 1.960049 -0.465912 2
-0.595553 1.936835 -0.465473 2
-0.426017 1.951860 -0.624959 2
-0.361576 1.941546 -0.669279 2
-0.256219 1.944576 -0.761917 2
-0.218801 1.929164 -0.778002 2
-0.182509 1.913997 -0.793342 2
-0.146739 1.899239 -0.808621 2
-0.083898 1.894579 -0.857157 2
-0.014651 1.893670 -0.914930 2
-0.006724 1.870977 -0.898364 2
0.008437 1.850920 -0.890596 2
0.044155 1.839339 -0.908909 2
0.071848 1.824950 -0.917508 2
0.100789 1.811504 -0.928099 2
0.089931 1.780070 -0.886470 2
0.142854 1.778332 -0.929336 2
0.143275 1.751742 -0.902166 2
0.182687 1.744691 -0.928069 2
0.188030 1.720280 -0.907238 2
0.202547 1.700522 -0.898925 2
0.222450 1.683757 -0.898219 2
0.242048 1.666926 -0.897155 2
0.246262 1.640780 -0.873433 2
0.287949 1.637803 -0.905284 2
0.291917 1.611189 -0.880800 2
0.303865 1.589383 -0.867991 2
0.319904 1.570175 -0.861289 2
0.348347 1.559820 -0.874199 2
0.365785 1.541763 -0.869805 2
0.379453 1.520778 -0.859158 2
0.376883 1.486683 -0.821162 2
0.408658 1.479641 -0.840194 2
0.428961 1.463581 -0.840151 2
0.425663 1.427007 -0.798836 2
0.460535 1.423567 -0.824133 2
0.466672 1.394309 -0.798301 2
0.478047 1.369291 -0.781254 2
0.517523 1.371600 -0.816340 2
0.511351 1.328484 -0.765552 2
0.525769 1.305394 -0.752957 2
0.543672 1.285702 -0.746805 2
0.544045 1.246094 -0.705030 2
0.575351 1.240956 -0.725300 2
0.596219 1.224064 -0.724455 2
0.620082 1.210874 -0.729973 2
0.618677 1.165496 -0.680454 2
0.620739 1.122753 -0.636545 2
0.659834 1.129017 -0.675164 2
0.678169 1.107412 -0.667038 2
0.691604 1.078247 -0.646803 2
0.706418 1.050266 -0.628919 2
0.716008 1.013221 -0.597048 2
0.709145 0.947826 -0.521424 2
0.737409 0.938231 -0.534034 2
0.740870 0.885648 -0.480429 2
0.760268 0.859340 -0.467860 2
0.769095 0.812285 -0.424442 2
0.794157 0.794743 -0.425777 2
0.801595 0.741091 -0.374069 2
0.825346 0.719109 -0.369491 2
0.842567 0.682197 -0.343566 2
0.860107 0.644265 -0.316756 2
0.877635 0.604414 -0.287825 2
0.907097 0.592568 -0.298567 2
0.826968 0.291659 0.089817 2
0.949486 0.524417 -0.258792 2
0.930313 0.370383 -0.077288 2
0.947849 0.314333 -0.030662 2
0.965466 0.254391 0.020152 3
1.004384 0.262004 -0.018831 3
0.965862 -0.005469 0.300743 6
0.996890 -0.038457 0.311984 6
1.047222 0.004760 0.225655 6
1.079621 -0.021224 0.228347 6
1.122167 -0.001610 0.173779 6
1.159148 -0.004118 0.147571 6
1.194722 -0.011913 0.128238 6
1.229126 -0.025057 0.115666 6
1.264900 -0.029026 0.092137 6
1.270485 -0.240200 0.316680 8
1.311858 -0.218444 0.261027 8
1.352335 -0.195342 0.204661 8
1.387845 -0.210311 0.193470 8
-0.687855 1.994211 -0.379942 2
-0.595098 1.985176 -0.451859 2
-0.576060 1.960038 -0.442625 2
-0.420512 1.970247 -0.589214 2
-0.352237 1.960448 -0.638777 2
-0.244319 1.963412 -0.736145 2
-0.193383 1.951842 -0.768634 2
-0.171080 1.932267 -0.767776 2
-0.113894 1.924352 -0.809430 2
-0.074390 1.911574 -0.830561 2
-0.052794 1.893083 -0.830087 2
0.023985 1.895412 -0.899373 2
0.036908 1.874753 -0.889001 2
0.082351 1.867201 -0.920602 2
0.101155 1.849371 -0.918230 2
0.110146 1.827340 -0.902884 2
0.138545 1.813917 -0.913395 2
0.158999 1.797164 -0.913472 2
0.181569 1.781601 -0.916597 2
0.196004 1.762131 -0.908515 2
0.204420 1.739418 -0.891757 2
0.239491 1.730951 -0.913085 2
0.237598 1.702300 -0.881050 2
0.262344 1.688496 -0.887725 2
0.270428 1.664920 -0.869608 2
0.305747 1.658017 -0.892658 2
0.328928 1.644021 -0.897665 2
0.327382 1.613735 -0.863993 2
0.341085 1.593147 -0.853739 2
0.354413 1.572103 -0.842637 2
0.377572 1.558098 -0.847460 2
0.387664 1.534370 -0.830631 2
0.407587 1.517979 -0.830047 2
0.416923 1.493047 -0.811198 2
0.437201 1.476816 -0.811010 2
0.467992 1.469786 -0.829654 2
0.472129 1.439539 -0.800531 2
0.495350 1.426086 -0.805725 2
0.499776 1.394910 -0.775765 2
0.519606 1.378002 -0.774265 2
0.519627 1.340911 -0.734088 2
0.536212 1.319927 -0.725344 2
0.570777 1.318236 -0.752683 2
0.576242 1.284864 -0.721020 2
0.584562 1.253690 -0.694110 2
0.598738 1.228573 -0.678677 2
0.612720 1.202650 -0.662163 2
0.636033 1.188072 -0.665803 2
0.656215 1.169486 -0.662404 2
0.672625 1.145581 -0.649999 2
0.682320 1.111614 -0.620943 2
0.701152 1.089839 -0.612803 2
0.695335 1.030128 -0.542557 2
0.717981 1.012205 -0.541723 2
0.740387 0.993795 -0.540112 2
0.741723 0.939467 -0.481574 2
0.755458 0.904111 -0.454087 2
0.763790 0.857415 -0.409627 2
0.794696 0.851294 -0.428363 2
0.809533 0.814234 -0.399772 2
0.808619 0.743056 -0.320614 2
0.831629 0.718626 -0.312554 2
0.859595 0.704627 -0.320005 2
0.880395 0.674131 -0.303348 2
0.899751 0.638848 -0.280178 2
0.796841 0.289764 0.189262 2
0.955710 0.608930 -0.292640 2
0.929085 0.440997 -0.085328 2
0.950685 0.399765 -0.057200 2
0.962457 0.325499 0.015489 2
0.969390 0.229152 0.116590 3
0.931502 -0.031083 0.435404 6
0.976473 -0.016730 0.383352 6
1.017237 -0.014599 0.348288 6
1.063119 0.011396 0.282722 6
1.099867 0.003026 0.262645 6
1.132680 -0.022684 0.265010 6
1.173093 -0.010900 0.219763 6
1.211266 -0.006777 0.184862 6
1.245948 -0.020017 0.172077 6
1.269462 -0.106262 0.249299 8
-0.693585 1.981969 -0.295154 2
-0.487697 1.999564 -0.498822 2
-0.391826 1.994650 -0.579877 2
-0.252647 2.003319 -0.714081 2
-0.213226 1.987666 -0.733008 2
-0.186481 1.968976 -0.737302 2
-0.127895 1.960351 -0.780752 2
-0.098105 1.943729 -0.789866 2
-0.084261 1.922169 -0.779407 2
0.001982 1.925950 -0.860651 2
0.013502 1.904524 -0.848161 2
0.069058 1.899790 -0.892793 2
0.087263 1.881463 -0.889493 2
0.113260 1.866449 -0.896647 2
0.137949 1.851213 -0.902353 2
0.158068 1.834230 -0.902068 2
0.177942 1.817280 -0.901555 2
0.191089 1.797217 -0.891661 2
0.230149 1.790033 -0.918643 2
0.238673 1.767821 -0.902236 2
0.253735 1.748837 -0.895077 2
0.291958 1.742726 -0.922345 2
0.272071 1.703883 -0.862614 2
0.289585 1.685936 -0.858620 2
0.334918 1.685234 -0.897920 2
0.339728 1.659767 -0.874433 2
0.371602 1.651698 -0.893740 2
0.370254 1.621515 -0.859593 2
0.395787 1.609510 -0.868931 2
0.401053 1.583035 -0.844570 2
0.397777 1.549480 -0.804906 2
0.424820 1.538561 -0.816627 2
0.439978 1.518481 -0.807827 2
0.456890 1.499682 -0.801926 2
0.473768 1.480755 -0.795810 2
0.467864 1.441406 -0.747248 2
0.494870 1.430890 -0.759153 2
0.513055 1.412435 -0.754562 2
0.527560 1.390274 -0.742627 2
0.554499 1.380399 -0.755047 2
0.568495 1.357414 -0.741665 2
0.568203 1.318513 -0.698199 2
0.586230 1.298657 -0.691685 2
0.622842 1.300138 -0.724903 2
0.633964 1.272314 -0.703473 2
0.650845 1.250846 -0.694038 2
0.657908 1.216441 -0.661685 2
0.669059 1.186201 -0.637443 2
0.698794 1.180515 -0.656520 2
0.702140 1.138060 -0.611840 2
0.696706 1.080779 -0.543012 2
0.725435 1.072687 -0.558388 2
0.729450 1.026097 -0.509497 2
0.739836 0.987714 -0.475179 2
0.749469 0.946391 -0.436869 2
0.769378 0.921355 -0.425522 2
0.788651 0.894497 -0.411535 2
0.798001 0.847835 -0.366816 2
0.820536 0.824975 -0.359976 2
0.835448 0.785787 -0.328257 2
0.865588 0.777601 -0.344250 2
0.873640 0.720302 -0.286221 2
0.906006 0.716659 -0.309102 2
0.770028 0.299141 0.276575 2
0.814463 0.309539 0.227879 2
0.933571 0.525011 -0.115004 2
0.934006 0.426604 -0.003817 2
0.953321 0.376184 0.037414 2
0.968015 0.307623 0.103099 2
0.981664 0.229841 0.180175 3
0.947071 -0.024893 0.497884 6
0.991332 -0.013854 0.449092 6
1.024983 -0.041138 0.452606 6
1.067616 -0.031476 0.406851 6
1.108625 -0.025215 0.366360 6
1.151709 -0.005184 0.308585 6
1.192140 0.006857 0.262124 6
1.224280 -0.023609 0.270838 6
1.265536 0.000362 0.210263 6
1.276917 -0.173198 0.398843 8
-0.613797 2.019147 -0.339431 2
-0.463522 2.023269 -0.482828 2
-0.390932 2.012161 -0.538083 2
-0.238770 2.022918 -0.690184 2
-0.209543 2.004304 -0.697228 2
-0.163066 1.990963 -0.725797 2
-0.118985 1.977787 -0.752278 2
-0.106145 1.955669 -0.740272 2
0.002665 1.964901 -0.850461 2
0.003815 1.940047 -0.824627 2
0.046401 1.929597 -0.852464 2
0.101322 1.924607 -0.897517 2
0.088897 1.894613 -0.853474 2
0.119347 1.881133 -0.866719 2
0.157121 1.871241 -0.890543 2
0.176333 1.853924 -0.889197 2
0.183254 1.831102 -0.870522 2
0.207839 1.816357 -0.876812 2
0.238435 1.804884 -0.892139 2
0.255330 1.786926 -0.887774 2
0.262215 1.763672 -0.868395 2
0.280984 1.746594 -0.866611 2
0.295342 1.727079 -0.858070 2
0.329219 1.719008 -0.879897 2
0.325745 1.688771 -0.843173 2
0.359541 1.681282 -0.865475 2
0.356858 1.650587 -0.828859 2
0.394333 1.646245 -0.857897 2
0.402684 1.622376 -0.838775 2
0.418317 1.603352 -0.831590 2
0.435783 1.585596 -0.827428 2
0.458943 1.572233 -0.833266 2
0.458485 1.540175 -0.796836 2
0.460573 1.509219 -0.763880 2
0.500588 1.509867 -0.800454 2
0.503892 1.479181 -0.768792 2
0.509542 1.449721 -0.740559 2
0.522851 1.426677 -0.726363 2
0.559239 1.425829 -0.757806 2
0.576675 1.406897 -0.751839 2
0.577877 1.370831 -0.711961 2
0.596221 1.351986 -0.706798 2
0.604172 1.321373 -0.678997 2
0.635610 1.316979 -0.701761 2
0.646981 1.289417 -0.680352 2
0.651275 1.252315 -0.641767 2
0.668074 1.229795 -0.630790 2
0.686629 1.209186 -0.623485 2
0.718590 1.206710 -0.648638 2
0.710714 1.148505 -0.575015 2
0.723390 1.117561 -0.550560 2
0.726966 1.071618 -0.500893 2
0.750475 1.055117 -0.502355 2
0.753119 1.004237 -0.446088 2
0.764960 0.966443 -0.412804 2
0.795689 0.960589 -0.432612 2
0.814626 0.933791 -0.418022 2
0.814185 0.868845 -0.342638 2
0.841243 0.854999 -0.349879 2
0.851627 0.806547 -0.302738 2
0.881288 0.797348 -0.317464 2
0.900532 0.765082 -0.296517 2
0.916875 0.724451 -0.263341 2
0.777951 0.294505 0.353447 2
0.945500 0.625437 -0.172759 2
0.932783 0.496813 -0.012618 2
0.963524 0.481978 -0.021336 2
0.964031 0.375563 0.101969 2
0.950276 0.213542 0.302019 3
0.919896 -0.021451 0.601019 6
0.958730 -0.033769 0.582872 6
1.002573 -0.026025 0.537251 6
1.044499 -0.022511 0.498241 6
1.086677 -0.014780 0.454185 6
1.124386 -0.024086 0.433789 6
1.166654 -0.009073 0.381323 6
1.204510 -0.012688 0.354322 6
1.242830 -0.011118 0.320963 6
1.279743 -0.015179 0.295415 6
-0.629635 2.035558 -0.273761 2
-0.458735 2.042632 -0.443962 2
-0.387364 2.030605 -0.498741 2
-0.241527 2.038472 -0.645844 2
-0.188192 2.025790 -0.682648 2
-0.153737 2.008972 -0.696955 2
-0.090882 2.000919 -0.747729 2
-0.002826 2.001916 -0.832253 2
0.010878 1.981337 -0.822591 2
0.022556 1.960037 -0.810161 2
0.073045 1.952206 -0.849237 2
0.091855 1.933889 -0.846731 2
0.121485 1.919814 -0.859084 2
0.133156 1.899046 -0.847011 2
0.168330 1.887904 -0.867740 2
0.177515 1.866188 -0.852160 2
0.209978 1.854713 -0.869854 2
0.260877 1.852448 -0.915123 2
0.259561 1.826081 -0.884309 2
0.281017 1.810567 -0.886981 2
0.298154 1.792994 -0.883238 2
0.318951 1.777444 -0.885145 2
0.336590 1.760292 -0.882240 2
0.356339 1.744419 -0.882696 2
0.341687 1.707852 -0.827579 2
0.382958 1.704992 -0.862737 2
0.388441 1.679959 -0.839352 2
0.420739 1.672420 -0.860739 2
0.417727 1.641013 -0.822096 2
0.429538 1.619291 -0.808192 2
0.434822 1.592409 -0.782293 2
0.486296 1.600464 -0.839044 2
0.484495 1.567811 -0.799875 2
0.490209 1.540273 -0.773454 2
0.512053 1.525768 -0.776814 2
0.522055 1.501003 -0.757416 2
0.524034 1.468393 -0.721550 2
0.549809 1.457147 -0.732109 2
0.556480 1.427679 -0.704056 2
0.579518 1.413851 -0.709010 2
0.607359 1.405248 -0.724349 2
0.600683 1.359973 -0.665616 2
0.639583 1.363576 -0.705085 2
0.651292 1.337196 -0.684918 2
0.674972 1.324426 -0.691401 2
0.674847 1.282453 -0.642219 2
0.691608 1.260287 -0.631361 2
0.703310 1.230993 -0.607548 2
0.710559 1.194635 -0.571395 2
0.715193 1.153081 -0.526742 2
0.729932 1.124613 -0.506437 2
0.742475 1.091884 -0.479099 2
0.767828 1.078331 -0.485684 2
0.766017 1.020080 -0.415385 2
0.788445 1.000214 -0.411803 2
0.801686 0.963673 -0.380334 2
0.829137 0.951943 -0.390673 2
0.840200 0.908870 -0.349429 2
0.864357 0.889976 -0.348259 2
0.882641 0.858502 -0.326964 2
0.898846 0.821110 -0.296763 2
0.923709 0.801708 -0.295407 2
0.747556 0.298358 0.455978 2
0.941557 0.681601 -0.168143 2
0.937177 0.579824 -0.043239 2
0.962018 0.550603 -0.029903 2
0.964456 0.454525 0.082474 2
0.979232 0.387883 0.149223 2
0.892261 -0.016230 0.705874 6
0.936865 -0.011524 0.662105 6
0.971655 -0.039719 0.666095 6
1.014264 -0.038456 0.628327 6
1.059021 -0.025384 0.574713 6
1.098035 -0.033353 0.551215 6
1.137199 -0.038970 0.524868 6
1.181226 -0.017219 0.461761 6
1.223832 0.003408 0.401283 6
1.256697 -0.029131 0.412730 6
1.288726 -0.070611 0.435673 6
-0.617874 2.058080 -0.239545 2
-0.587287 2.034106 -0.243027 2
-0.537448 2.014801 -0.270403 2
-0.228572 2.058134 -0.620089 2
-0.182139 2.043354 -0.649001 2
-0.125336 2.032208 -0.692004 2
-0.090675 2.016024 -0.707736 2
-0.013349 2.013020 -0.779695 2
0.033334 2.002339 -0.813161 2
0.050394 1.982955 -0.807980 2
0.087347 1.970424 -0.829780 2
0.108739 1.953012 -0.830906 2
0.129480 1.935551 -0.831282 2
0.169039 1.925607 -0.858349 2
0.171128 1.901215 -0.832675 2
0.199420 1.887476 -0.844403 2
0.233704 1.876822 -0.865378 2
0.261565 1.863874 -0.877471 2
0.272630 1.843334 -0.864622 2
0.309675 1.835525 -0.891335 2
0.313329 1.811281 -0.866982 2
0.312371 1.784077 -0.834731 2
0.351171 1.778288 -0.865277 2
0.355901 1.753757 -0.841447 2
0.385847 1.743806 -0.858578 2
0.382316 1.713668 -0.820231 2
0.402145 1.697622 -0.820500 2
0.415446 1.677348 -0.809565 2
0.422962 1.652893 -0.788186 2
0.461355 1.649977 -0.821261 2
0.473730 1.628872 -0.808294 2
0.477753 1.601105 -0.779541 2
0.485434 1.575489 -0.756717 2
0.518963 1.570446 -0.782446 2
0.517861 1.536917 -0.741895 2
0.555876 1.536518 -0.777204 2
0.556653 1.503511 -0.738915 2
0.566220 1.477620 -0.717234 2
0.596875 1.471568 -0.738761 2
0.584571 1.423121 -0.669733 2
0.612392 1.414157 -0.685028 2
0.642967 1.408713 -0.707016 2
0.649462 1.377245 -0.675527 2
0.665595 1.355822 -0.664912 2
0.678314 1.329971 -0.645777 2
0.686407 1.297721 -0.614644 2
0.697463 1.268123 -0.589359 2
0.719804 1.252552 -0.591228 2
0.726754 1.215859 -0.553517 2
0.737554 1.183148 -0.524058 2
0.748662 1.149668 -0.493890 2
0.759333 1.114218 -0.460878 2
0.775241 1.085671 -0.440899 2
0.783570 1.043601 -0.397627 2
0.807660 1.026708 -0.399023 2
0.821645 0.991641 -0.369204 2
0.841110 0.965292 -0.354826 2
0.860372 0.937716 -0.338704 2
0.883768 0.917587 -0.335263 2
0.894487 0.870210 -0.287282 2
0.911697 0.834423 -0.259123 2
0.713657 0.297058 0.571545 2
0.945818 0.756500 -0.194587 2
0.937959 0.650615 -0.058511 2
0.953712 0.598972 -0.009426 2
0.963417 0.526655 0.070319 2
0.971899 0.444731 0.162961 2
0.976568 0.343590 0.282530 2
0.903035 -0.027091 0.800375 6
0.953795 -0.002671 0.726189 6
0.997157 -0.000240 0.685481 6
1.035307 -0.015652 0.671264 6
1.072760 -0.033472 0.660705 6
1.116992 -0.019897 0.605887 6
1.157462 -0.019850 0.571011 6
1.197895 -0.016877 0.532674 6
1.238837 -0.007099 0.485644 6
1.275949 -0.016679 0.465763 6
1.204701 -0.801158 1.490468 1
1.250750 -0.828393 1.484910 1
-0.735366 2.056369 -0.047548 2
-0.580962 2.055513 -0.201844 2
-0.561955 2.029116 -0.191254 2
-0.191966 2.083324 -0.623963 2
-0.157326 2.065701 -0.638804 2
-0.143060 2.043366 -0.627796 2
0.007553 2.058127 -0.795513 2
0.037929 2.042342 -0.807951 2
0.055528 2.023160 -0.803657 2
0.050477 1.996868 -0.768510 2
0.092404 1.985595 -0.797455 2
0.120354 1.970285 -0.807738 2
0.136698 1.951141 -0.801962 2
0.166487 1.937159 -0.815476 2
0.169202 1.912858 -0.790031 2
0.234191 1.914018 -0.855976 2
0.233633 1.888479 -0.825707 2
0.277478 1.882414 -0.862120 2
0.264937 1.850863 -0.812822 2
0.317395 1.850031 -0.863751 2
0.325472 1.828030 -0.845910 2
0.372742 1.826417 -0.890667 2
0.369509 1.798355 -0.854404 2
0.391908 1.784082 -0.859594 2
0.412990 1.769283 -0.862803 2
0.413447 1.742043 -0.830950 2
0.420351 1.718167 -0.809348 2
0.431469 1.696596 -0.794550 2
0.461600 1.687703 -0.813386 2
0.462975 1.659099 -0.780547 2
0.485443 1.645123 -0.785701 2
0.495270 1.621800 -0.767285 2
0.502403 1.595923 -0.743118 2
0.537352 1.592040 -0.772319 2
0.548405 1.568989 -0.755219 2
0.561394 1.547186 -0.741431 2
0.564942 1.516523 -0.707756 2
0.580769 1.496346 -0.698537 2
0.592473 1.471956 -0.680176 2
0.615922 1.458785 -0.686644 2
0.641652 1.448236 -0.698417 2
0.652669 1.422342 -0.677363 2
0.678703 1.412453 -0.690094 2
0.682762 1.377749 -0.651514 2
0.692048 1.347944 -0.623825 2
0.710390 1.328347 -0.617160 2
0.707008 1.280691 -0.555442 2
0.715558 1.246562 -0.521537 2
0.743048 1.237219 -0.535892 2
0.756953 1.209001 -0.514154 2
0.764555 1.170521 -0.473777 2
0.790177 1.158121 -0.482388 2
0.788639 1.102509 -0.412150 2
0.818491 1.096078 -0.431937 2
0.837376 1.071450 -0.418912 2
0.841621 1.019690 -0.358588 2
0.872900 1.015821 -0.382644 2
0.872480 0.950802 -0.301384 2
0.893985 0.926418 -0.290767 2
0.921522 0.914234 -0.300796 2
0.718024 0.384936 0.545259 2
0.953578 0.837043 -0.233702 2
0.932616 0.704156 -0.048621 2
0.950200 0.659136 -0.008249 2
0.967351 0.610048 0.037692 2
0.974861 0.529944 0.131253 2
0.981986 0.441695 0.235456 2
0.889526 0.027163 0.838158 6
0.933677 0.027590 0.798196 6
0.963879 -0.019502 0.830443 6
1.013875 0.005814 0.754250 6
1.046796 -0.032578 0.773381 6
1.087131 -0.041081 0.748486 6
1.135981 -0.007487 0.663237 6
1.181532 0.017888 0.591344 6
1.221042 0.017269 0.557584 6
1.261314 0.024617 0.513230 6
1.191710 -0.706888 1.495766 1
1.237869 -0.728824 1.483457 1
1.283189 -0.758061 1.481219 1
1.327994 -0.794724 1.488929 1
-0.522760 2.057437 -0.190940 2
-0.172565 2.104396 -0.606524 2
-0.149132 2.084033 -0.607261 2
-0.036221 2.086168 -0.726171 2
0.004843 2.072203 -0.752321 2
0.048397 2.059701 -0.782657 2
0.047334 2.034972 -0.752780 2
0.085121 2.021744 -0.776187 2
0.107298 2.004158 -0.778385 2
0.130534 1.987152 -0.782278 2
0.152895 1.970090 -0.785134 2
0.179203 1.954729 -0.793964 2
0.201568 1.938193 -0.797298 2
0.225447 1.922506 -0.803111 2
0.268051 1.915072 -0.837763 2
0.272104 1.891509 -0.813844 2
0.292973 1.875282 -0.815728 2
0.321486 1.862916 -0.829931 2
0.354102 1.853085 -0.851268 2
0.372526 1.836522 -0.850053 2
0.388476 1.818716 -0.844763 2
0.408925 1.803424 -0.846990 2
0.406213 1.774797 -0.809627 2
0.434228 1.763921 -0.824692 2
0.451597 1.746863 -0.821461 2
0.450515 1.717807 -0.785006 2
0.481171 1.709315 -0.805415 2
0.486635 1.683839 -0.779755 2
0.498836 1.662642 -0.766002 2
0.530942 1.656119 -0.790057 2
0.523936 1.619897 -0.738547 2
0.533649 1.595774 -0.718501 2
0.561510 1.586314 -0.734497 2
0.554027 1.546807 -0.678245 2
0.569566 1.526322 -0.668251 2
0.606463 1.525432 -0.703578 2
0.599292 1.483315 -0.644175 2
0.627396 1.474518 -0.660862 2
0.648930 1.459527 -0.663303 2
0.662149 1.435770 -0.646580 2
0.681235 1.417992 -0.642993 2
0.705003 1.405499 -0.650517 2
0.720110 1.382982 -0.636964 2
0.711870 1.331176 -0.563874 2
0.721556 1.299670 -0.533608 2
0.733129 1.269544 -0.506827 2
0.759025 1.258142 -0.517398 2
0.756191 1.205994 -0.448785 2
0.780686 1.191726 -0.454225 2
0.788227 1.151427 -0.410391 2
0.810865 1.133505 -0.409262 2
0.830947 1.111196 -0.400045 2
0.838755 1.067012 -0.351285 2
0.861615 1.047823 -0.348504 2
0.871449 1.003729 -0.301605 2
0.896741 0.987763 -0.305055 2
0.917867 0.963236 -0.293576 2
0.939385 0.938795 -0.282487 2
0.952751 0.895137 -0.239114 2
0.937760 0.781577 -0.079736 2
0.955618 0.740082 -0.043130 2
0.968493 0.683026 0.018142 2
0.975172 0.604639 0.112615 2
0.982078 0.520183 0.214773 2
0.864792 0.046606 0.931294 6
0.909766 0.046945 0.889730 6
0.947817 0.026062 0.881931 6
0.992563 0.029815 0.836432 6
1.029062 0.004485 0.836025 6
1.014199 -0.237872 1.162079 1
1.056680 -0.254224 1.144951 1
1.104461 -0.243828 1.088665 1
1.139055 -0.298186 1.127962 1
1.137821 -0.567339 1.476940 1
1.182943 -0.589905 1.466047 1
1.224454 -0.638386 1.492019 1
1.267640 -0.680170 1.507996 1
1.313318 -0.705011 1.500001 1
1.357928 -0.742375 1.509305 1
-0.485907 2.055141 -0.153464 2
-0.025956 2.128476 -0.727672 2
-0.011921 2.107566 -0.717957 2
0.042851 2.096997 -0.763534 2
0.018365 2.066276 -0.701252 2
0.093061 2.062569 -0.775883 2
0.110931 2.043658 -0.772268 2
0.127839 2.024536 -0.767306 2
0.151821 2.007816 -0.772602 2
0.185011 1.994584 -0.791707 2
0.205096 1.977169 -0.791902 2
0.221838 1.958638 -0.787156 2
0.227218 1.935616 -0.764964 2
0.241680 1.916013 -0.756368 2
0.264522 1.900001 -0.760840 2
0.289974 1.885422 -0.769710 2
0.337942 1.881839 -0.815469 2
0.363184 1.868304 -0.825239 2
0.396490 1.859266 -0.848861 2
-0.530542 1.339220 0.756024 2
0.406531 1.811990 -0.801053 2
0.432100 1.799453 -0.812084 2
0.456195 1.786429 -0.820908 2
0.457448 1.759566 -0.788839 2
0.475262 1.742640 -0.786167 2
0.497569 1.728749 -0.791833 2
0.511507 1.709307 -0.781871 2
0.531825 1.694275 -0.783910 2
0.528055 1.661438 -0.738819 2
0.556138 1.652039 -0.755739 2
0.562671 1.625946 -0.729521 2
0.578881 1.607210 -0.722383 2
0.600324 1.592839 -0.726016 2
0.597281 1.556822 -0.677260 2
0.616703 1.540147 -0.675761 2
0.634009 1.521461 -0.669480 2
0.645759 1.497123 -0.650308 2
0.663488 1.478369 -0.644207 2
0.679601 1.457739 -0.634001 2
0.692794 1.433582 -0.616266 2
0.708635 1.411890 -0.604263 2
0.713121 1.376309 -0.562994 2
0.712590 1.333099 -0.506825 2
0.749038 1.335209 -0.545729 2
0.753226 1.295885 -0.499085 2
0.756693 1.253791 -0.448062 2
0.779130 1.236907 -0.448297 2
0.794285 1.209150 -0.427184 2
0.827241 1.208098 -0.458115 2
0.831591 1.162136 -0.402589 2
0.845477 1.129736 -0.373932 2
0.871397 1.117059 -0.382595 2
0.875515 1.064879 -0.318471 2
0.898446 1.045407 -0.315184 2
0.924535 1.031948 -0.322716 2
0.931933 0.979818 -0.261542 2
0.959639 0.968574 -0.273341 2
0.933646 0.835119 -0.073355 2
0.955300 0.804289 -0.053468 2
0.971519 0.758348 -0.008449 2
0.980932 0.691301 0.070892 2
0.984500 0.602466 0.184552 2
0.841569 0.072882 1.017146 6
0.883675 0.061832 0.992268 6
0.923146 0.043371 0.979776 6
0.948943 -0.022947 1.043392 6
0.969078 -0.116619 1.148570 6
0.981436 -0.251832 1.316044 1
1.030036 -0.247045 1.264923 1
1.076161 -0.249565 1.225906 1
1.120440 -0.258231 1.196874 1
1.163249 -0.272766 1.177114 1
1.200026 -0.322724 1.209973 1
1.214978 -0.525698 1.465804 1
1.257773 -0.562692 1.476319 1
1.299234 -0.615247 1.508856 1
1.346026 -0.625223 1.480219 1
-0.034947 2.166463 -0.703448 2
-0.023131 2.144963 -0.690648 2
0.013883 2.129190 -0.712113 2
0.013867 2.104995 -0.682992 2
0.068632 2.094600 -0.730098 2
0.071281 2.071069 -0.704504 2
0.110060 2.057659 -0.730386 2
0.107581 2.032350 -0.696883 2
0.154399 2.022368 -0.735494 2
0.183101 2.007272 -0.748119 2
0.181410 1.981811 -0.715023 2
0.220523 1.970971 -0.743972 2
0.249919 1.957151 -0.758659 2
0.263982 1.937560 -0.749572 2
0.282215 1.919682 -0.747017 2
0.303128 1.903080 -0.748850 2
0.330560 1.889685 -0.761607 2
0.368770 1.881943 -0.792918 2
0.399872 1.871499 -0.813137 2
-0.491222 1.377824 0.761298 2
-0.485780 1.335085 0.809387 2
0.464572 1.827686 -0.826996 2
0.461641 1.799091 -0.787633 2
0.466748 1.774532 -0.761862 2
0.501772 1.768461 -0.791296 2
0.509787 1.745407 -0.770359 2
0.517870 1.721946 -0.748892 2
0.530668 1.701362 -0.736006 2
0.559967 1.692705 -0.755742 2
0.564602 1.665785 -0.725946 2
0.563872 1.633852 -0.683968 2
0.588262 1.621503 -0.693533 2
0.600401 1.599037 -0.677102 2
0.606943 1.571202 -0.647778 2
0.627255 1.555206 -0.648095 2
0.668986 1.559680 -0.697244 2
0.667467 1.523010 -0.647776 2
0.679628 1.498843 -0.628716 2
0.708529 1.491892 -0.649394 2
0.709985 1.455406 -0.602975 2
0.713269 1.419486 -0.559087 2
0.726287 1.393643 -0.538352 2
0.734226 1.360834 -0.503145 2
0.746469 1.332280 -0.477856 2
0.767266 1.314175 -0.474993 2
0.781409 1.286762 -0.452956 2
0.804501 1.271339 -0.455789 2
0.819542 1.243973 -0.434533 2
0.822965 1.197635 -0.376240 2
0.851422 1.189361 -0.393698 2
0.863483 1.154103 -0.358642 2
0.893015 1.147972 -0.379841 2
0.903837 1.108354 -0.337524 2
0.919510 1.075938 -0.309568 2
0.929936 1.031507 -0.260208 2
0.956786 1.018926 -0.269704 2
0.938066 0.906407 -0.099965 2
0.951672 0.859035 -0.049455 2
0.969906 0.819799 -0.014316 2
0.983602 0.766651 0.044114 2
0.983298 0.671948 0.172337 2
0.738741 -0.124928 1.485564 1
0.782155 -0.147061 1.473794 1
0.824144 -0.173436 1.469302 1
0.856924 -0.231260 1.516392 1
0.903162 -0.244999 1.491058 1
0.952706 -0.244587 1.443554 1
0.998592 -0.255844 1.415521 1
1.049071 -0.244824 1.353062 1
1.094295 -0.253666 1.322703 1
1.140503 -0.255061 1.281457 1
1.189752 -0.235163 1.208564 1
1.222551 -0.311313 1.281875 1
1.245493 -0.469923 1.476785 1
1.287964 -0.507917 1.489519 1
1.333711 -0.521001 1.465461 1
-0.386283 2.056578 -0.113620 2
0.029063 2.124284 -0.662390 2
0.060945 2.107795 -0.677820 2
0.080908 2.088652 -0.676535 2
0.111309 2.072595 -0.690647 2
0.136121 2.055357 -0.696954 2
0.150638 2.035202 -0.688040 2
0.176262 2.018680 -0.695954 2
0.199463 2.001655 -0.700445 2
0.234467 1.989180 -0.723692 2
0.235973 1.964610 -0.694373 2
0.260293 1.948634 -0.701146 2
0.283887 1.932656 -0.707019 2
0.305147 1.915938 -0.709274 2
0.350931 1.910584 -0.753034 2
0.389722 1.903065 -0.786215 2
0.400898 1.882774 -0.772496 2
0.443000 1.878246 -0.812982 2
-0.449488 1.372403 0.819640 2
-0.416262 1.344699 0.819040 2
0.484645 1.822134 -0.786075 2
0.488398 1.797073 -0.757600 2
0.520531 1.789242 -0.782439 2
0.532579 1.769027 -0.769147 2
0.539805 1.745291 -0.745916 2
0.548916 1.722364 -0.725702 2
0.564212 1.703510 -0.717451 2
0.583824 1.687796 -0.717910 2
0.586775 1.659049 -0.683095 2
0.611346 1.647081 -0.693667 2
0.619600 1.621645 -0.668758 2
0.637756 1.604272 -0.665086 2
0.657596 1.588394 -0.665113 2
0.670207 1.565726 -0.648272 2
0.690537 1.550187 -0.649086 2
0.694593 1.518116 -0.610375 2
0.721471 1.509025 -0.626594 2
0.710883 1.459314 -0.548495 2
0.733212 1.444611 -0.552167 2
0.743208 1.415440 -0.523244 2
0.756063 1.388803 -0.500649 2
0.768336 1.360630 -0.475264 2
0.785203 1.337646 -0.461611 2
0.794762 1.304039 -0.425818 2
0.819468 1.290839 -0.433413 2
0.839791 1.271350 -0.427797 2
0.848991 1.234246 -0.386557 2
0.866586 1.209029 -0.370101 2
0.873427 1.164811 -0.316495 2
0.891357 1.137774 -0.297673 2
0.921256 1.131914 -0.320017 2
0.931223 1.088489 -0.270363 2
0.745092 0.645896 0.527431 2
0.938605 0.967107 -0.110471 2
0.952879 0.923388 -0.064420 2
0.970019 0.883647 -0.026617 2
0.988756 0.845458 0.007562 2
0.987614 0.753574 0.135990 2
0.729074 -0.049079 1.504923 1
0.773691 -0.066946 1.485725 1
0.807139 -0.118142 1.523985 1
0.858558 -0.114321 1.468335 1
0.899398 -0.143445 1.469031 1
0.936994 -0.185296 1.490782 1
0.977604 -0.217878 1.496878 1
1.016700 -0.258342 1.515608 1
1.064410 -0.262007 1.474895 1
1.113208 -0.256966 1.421169 1
1.162467 -0.244376 1.356638 1
1.207120 -0.252614 1.325770 1
1.249425 -0.273737 1.315316 1
1.286002 -0.337865 1.370591 1
1.320229 -0.433914 1.472917 1
1.362848 -0.471173 1.485287 1
-0.644648 2.022067 0.305240 2
-0.350791 2.054416 -0.074251 2
-0.325082 2.030370 -0.073700 2
0.079933 2.103678 -0.632489 2
0.104025 2.085526 -0.637267 2
0.143864 2.072180 -0.666135 2
0.178168 2.057942 -0.687409 2
0.164484 2.028960 -0.634719 2
0.196737 2.014481 -0.653129 2
0.214284 1.995355 -0.648636 2
0.261144 1.987188 -0.691665 2
0.268154 1.964589 -0.670452 2
0.300476 1.951998 -0.690966 2
0.320363 1.934701 -0.691105 2
0.379445 1.935052 -0.758713 2
0.410528 1.924035 -0.779572 2
0.443341 1.914473 -0.804205 2
0.449184 1.891922 -0.781140 2
-0.424784 1.403447 0.850465 2
-0.395014 1.373836 0.856085 2
-0.342077 1.357573 0.818087 2
0.499564 1.813265 -0.733661 2
0.521245 1.798772 -0.738639 2
0.534719 1.779207 -0.727551 2
0.540494 1.754289 -0.700589 2
0.575478 1.749130 -0.732649 2
0.592266 1.731727 -0.727871 2
0.589350 1.699458 -0.681044 2
0.622795 1.694403 -0.711241 2
0.620927 1.661614 -0.664675 2
0.623741 1.631531 -0.626855 2
0.670258 1.638652 -0.687729 2
0.676512 1.611057 -0.656886 2
0.687429 1.587002 -0.635896 2
0.707015 1.570848 -0.635115 2
0.725705 1.553808 -0.632039 2
0.731540 1.523149 -0.596131 2
0.726212 1.479138 -0.529597 2
0.734870 1.448898 -0.497122 2
0.767351 1.445782 -0.527801 2
0.762537 1.397865 -0.456097 2
0.787528 1.385555 -0.465752 2
0.796635 1.352464 -0.429371 2
0.818146 1.335191 -0.428174 2
0.823055 1.293929 -0.375698 2
0.853773 1.289343 -0.401798 2
0.859406 1.246511 -0.347668 2
0.882015 1.229103 -0.347002 2
0.900015 1.203754 -0.330216 2
0.920180 1.181447 -0.319868 2
0.937044 1.152441 -0.296517 2
0.955490 1.125312 -0.277346 2
0.934559 1.016830 -0.102250 2
0.956070 0.990103 -0.086580 2
0.971526 0.948790 -0.043884 2
0.992354 0.917630 -0.020977 2
0.991161 0.830193 0.104494 2
0.728272 0.048659 1.483481 1
0.771207 0.027978 1.469454 1
0.810632 -0.002539 1.473183 1
0.848861 -0.037543 1.484705 1
0.887315 -0.073212 1.497145 1
0.930334 -0.094332 1.484432 1
0.971170 -0.123383 1.485424 1
1.015025 -0.141028 1.467297 1
1.055045 -0.174687 1.476078 1
1.094818 -0.211413 1.489691 1
1.135892 -0.244013 1.496308 1
1.180925 -0.256153 1.469910 1
1.227377 -0.257339 1.426607 1
1.272002 -0.266699 1.396999 1
1.315130 -0.285020 1.381897 1
1.348584 -0.390987 1.502217 1
-0.607633 2.052585 0.312306 2
-0.555479 2.030286 0.278848 2
-0.326429 2.049783 -0.017838 2
-0.307430 2.023941 -0.007129 2
-0.252433 2.007526 -0.051067 2
-0.256566 1.975825 -0.005129 2
0.150784 2.064348 -0.601477 2
0.205936 2.056340 -0.656130 2
0.206251 2.031706 -0.624271 2
0.238894 2.017689 -0.644305 2
0.254405 1.998053 -0.636682 2
0.290672 1.986300 -0.663741 2
0.298198 1.963820 -0.642765 2
0.364064 1.965407 -0.722007 2
0.384529 1.949052 -0.724118 2
0.401832 1.931430 -0.720735 2
0.438251 1.922992 -0.751858 2
0.453158 1.904670 -0.744534 2
0.479779 1.892390 -0.758876 2
-0.350977 1.415450 0.850459 2
-0.317490 1.388465 0.848352 2
-0.314547 1.343737 0.905878 2
0.543713 1.821879 -0.736898 2
0.559306 1.803919 -0.730241 2
0.578528 1.788295 -0.730857 2
0.584293 1.763497 -0.703316 2
0.616705 1.757177 -0.731655 2
0.614053 1.725562 -0.684868 2
0.633954 1.710234 -0.686254 2
0.656019 1.696762 -0.692575 2
0.674633 1.680654 -0.691204 2
0.660655 1.636268 -0.613365 2
0.686523 1.625655 -0.627664 2
0.717817 1.620607 -0.655769 2
0.720039 1.588143 -0.612575 2
0.720662 1.552791 -0.563414 2
0.730783 1.525937 -0.536752 2
0.743057 1.500625 -0.514559 2
0.762757 1.483061 -0.511490 2
0.773166 1.454442 -0.482310 2
0.797972 1.442539 -0.492712 2
0.804652 1.407833 -0.450519 2
0.821127 1.384656 -0.435439 2
0.833086 1.354660 -0.405538 2
0.851671 1.333088 -0.394829 2
0.865634 1.304119 -0.368351 2
0.882602 1.278773 -0.350224 2
0.905910 1.263025 -0.352661 2
0.919824 1.231239 -0.321712 2
0.934885 1.200077 -0.292775 2
0.949647 1.166955 -0.260559 2
0.942507 1.089254 -0.140249 2
0.957355 1.050795 -0.100129 2
0.971401 1.008432 -0.053352 2
0.986117 0.964961 -0.005537 2
0.985898 0.882983 0.114213 2
0.996897 0.822184 0.191469 2
0.764599 0.108974 1.475340 1
0.805783 0.084919 1.467842 1
0.839851 0.039637 1.498976 1
0.885164 0.027391 1.470332 1
0.926722 0.003963 1.462143 1
0.962335 -0.040988 1.491820 1
1.004631 -0.063169 1.481459 1
1.044792 -0.094171 1.486432 1
1.084685 -0.127778 1.495714 1
1.122975 -0.171276 1.521373 1
1.167961 -0.182706 1.493307 1
1.211802 -0.198812 1.473482 1
1.252952 -0.231560 1.481070 1
1.295562 -0.256373 1.475718 1
1.343869 -0.233926 1.395225 1
-0.522017 2.026807 0.332640 2
-0.284193 2.049358 0.012910 2
-0.257568 2.025521 0.011873 2
-0.251561 1.996403 0.043073 2
-0.220065 1.974092 0.034385 2
0.012984 2.012779 -0.300275 2
0.213850 2.048488 -0.591754 2
0.238804 2.031618 -0.599356 2
0.276920 2.019709 -0.629450 2
0.285180 1.997525 -0.609458 2
0.311140 1.981947 -0.619668 2
0.362679 1.977189 -0.675308 2
0.390503 1.963651 -0.690309 2
0.424497 1.953346 -0.717037 2
0.455670 1.942451 -0.739458 2
0.458272 1.918199 -0.709150 2
0.489313 1.907908 -0.732025 2
-0.317949 1.450909 0.864888 2
-0.275674 1.429002 0.845017 2
-0.256128 1.394571 0.869824 2
-0.246781 1.353549 0.916137 2
-0.210348 1.328606 0.908013 2
0.583956 1.800589 -0.694447 2
0.590726 1.776355 -0.668229 2
0.610708 1.760908 -0.669870 2
0.633672 1.747790 -0.678200 2
0.651625 1.731130 -0.675516 2
0.668220 1.713390 -0.669591 2
0.675455 1.687796 -0.641422 2
0.695351 1.672401 -0.642472 2
0.705987 1.648799 -0.620883 2
0.725525 1.632925 -0.620602 2
0.716955 1.589864 -0.548555 2
0.733873 1.570351 -0.539768 2
0.760307 1.560580 -0.555897 2
0.762867 1.525344 -0.507612 2
0.777068 1.501778 -0.489473 2
0.788408 1.474265 -0.462202 2
0.809095 1.457323 -0.460859 2
0.831455 1.442482 -0.464359 2
0.841946 1.411966 -0.431367 2
0.846235 1.371638 -0.376861 2
0.873576 1.362600 -0.394118 2
0.886326 1.332179 -0.363422 2
0.905617 1.310810 -0.353251 2
0.912954 1.269302 -0.299895 2
0.939331 1.258245 -0.312584 2
0.950538 1.220353 -0.268603 2
0.948033 1.154524 -0.167907 2
0.962681 1.117792 -0.129152 2
0.974372 1.072914 -0.074890 2
0.988089 1.029563 -0.024967 2
0.993682 0.964764 0.065950 2
0.997511 0.890505 0.173074 2
0.755810 0.182528 1.493465 1
0.793152 0.148886 1.504185 1
0.835608 0.128800 1.489319 1
0.876064 0.103151 1.485155 1
0.914032 0.069205 1.496322 1
0.954239 0.041595 1.495810 1
0.998309 0.027714 1.470773 1
1.034627 -0.015753 1.498680 1
1.075525 -0.042810 1.497271 1
1.117828 -0.064077 1.485879 1
1.159608 -0.087875 1.479072 1
1.200261 -0.118434 1.483871 1
1.241063 -0.150069 1.490367 1
1.282878 -0.177145 1.489148 1
1.324849 -0.204667 1.488668 1
1.368229 -0.221456 1.470716 1
-0.467328 2.028186 0.354658 2
-0.247188 2.047846 0.051961 2
-0.248065 2.016969 0.094791 2
-0.208035 1.996635 0.072256 2
-0.145724 1.983450 0.012279 2
-0.547547 1.828951 0.725475 2
-0.533118 1.795050 0.753992 2
-0.508133 1.764408 0.765063 2
0.291841 2.013597 -0.574808 2
0.356910 2.012635 -0.654324 2
0.391852 2.001520 -0.682200 2
0.400627 1.980199 -0.663284 2
0.422676 1.964413 -0.668421 2
0.461548 1.956595 -0.705417 2
0.475909 1.937959 -0.696815 2
0.495797 1.922022 -0.698716 2
0.528468 1.912949 -0.725945 2
-0.256027 1.457154 0.885030 2
-0.226761 1.428279 0.890511 2
-0.198771 1.398688 0.898778 2
-0.164322 1.373078 0.893653 2
-0.139179 1.341737 0.908305 2
0.623412 1.807061 -0.689643 2
0.652046 1.798192 -0.711418 2
0.648559 1.766514 -0.661118 2
0.665628 1.749218 -0.656435 2
0.677340 1.727638 -0.638930 2
0.701770 1.716119 -0.651300 2
0.699915 1.682513 -0.599660 2
0.726115 1.672497 -0.616113 2
0.714706 1.628176 -0.537046 2
0.734728 1.611885 -0.536634 2
0.758771 1.599662 -0.546890 2
0.765644 1.569882 -0.510655 2
0.783195 1.550605 -0.502508 2
0.784050 1.512226 -0.446119 2
0.814117 1.506417 -0.472514 2
0.835127 1.490402 -0.472910 2
0.844225 1.459194 -0.436500 2
0.864392 1.441447 -0.433055 2
0.875854 1.411479 -0.400986 2
0.885915 1.378271 -0.362273 2
0.895850 1.343365 -0.320709 2
0.917102 1.324679 -0.316554 2
0.933127 1.297132 -0.292840 2
0.964020 1.294250 -0.323411 2
0.942465 1.197588 -0.151536 2
0.963480 1.173966 -0.139022 2
0.975632 1.131978 -0.088323 2
0.982103 1.075499 -0.008923 2
0.991079 1.020380 0.065757 2
0.997397 0.954976 0.159343 2
0.750292 0.262816 1.497085 1
0.790635 0.238511 1.490319 1
0.833331 0.220702 1.471190 1
0.870546 0.187706 1.481713 1
0.902475 0.137117 1.525398 1
0.950091 0.134880 1.477552 1
0.991116 0.112271 1.468578 1
1.027615 0.072453 1.491360 1
1.066793 0.040947 1.498620 1
1.108783 0.020460 1.486020 1
1.153527 0.013669 1.449460 1
1.187849 -0.045824 1.506039 1
1.230240 -0.065777 1.492886 1
1.270704 -0.098115 1.501253 1
1.312350 -0.124615 1.499536 1
1.355275 -0.141950 1.482452 1
-0.399992 2.032769 0.355582 2
-0.208338 2.046913 0.088624 2
-0.215009 2.014416 0.142306 2
-0.136126 2.005009 0.053798 2
-0.066506 1.994861 -0.021580 2
-0.484459 1.833010 0.742657 2
-0.466609 1.800466 0.765613 2
0.355330 2.049844 -0.640399 2
0.380600 2.034601 -0.651089 2
0.387682 2.012651 -0.628853 2
0.423579 2.002130 -0.659592 2
0.438005 1.983203 -0.650793 2
0.470754 1.972446 -0.676927 2
0.502056 1.961712 -0.701129 2
0.502728 1.936549 -0.665476 2
0.530350 1.924574 -0.682965 2
-0.215724 1.496584 0.883453 2
-0.171056 1.476773 0.856238 2
-0.179194 1.426793 0.939935 2
-0.142018 1.402716 0.928832 2
-0.113979 1.373241 0.937359 2
-0.061662 1.359868 0.891909 2
0.648484 1.803940 -0.653176 2
0.672959 1.792134 -0.665952 2
0.677826 1.765985 -0.632838 2
0.697169 1.750382 -0.633318 2
0.700973 1.722189 -0.595566 2
0.726776 1.711718 -0.611477 2
0.729042 1.680942 -0.567675 2
0.745643 1.662179 -0.559495 2
0.757680 1.638859 -0.538689 2
0.765714 1.610980 -0.505933 2
0.784824 1.593665 -0.502613 2
0.792953 1.564402 -0.467589 2
0.811086 1.545342 -0.460141 2
0.824431 1.520443 -0.437825 2
0.839259 1.496637 -0.418831 2
0.859919 1.479643 -0.417184 2
0.878898 1.460354 -0.409843 2
0.892158 1.432842 -0.382829 2
0.903029 1.400848 -0.345885 2
0.931683 1.394412 -0.369527 2
0.936267 1.350664 -0.306593 2
0.952159 1.323104 -0.282024 2
0.950660 1.264196 -0.187989 2
0.953130 1.208380 -0.103256 2
0.970246 1.176702 -0.073194 2
0.996129 1.161143 -0.078415 2
1.006408 1.112688 -0.013773 2
0.998931 1.021233 0.139136 2
0.747359 0.347360 1.489771 1
0.789065 0.327853 1.473568 1
0.824427 0.292243 1.490266 1
0.867416 0.276549 1.467066 1
0.900226 0.231662 1.501828 1
0.942471 0.213849 1.483313 1
0.980363 0.182066 1.492087 1
1.024819 0.172901 1.457852 1
1.059537 0.127649 1.492069 1
1.098777 0.097824 1.496980 1
1.140489 0.078078 1.483357 1
1.181057 0.052957 1.479806 1
1.223598 0.038109 1.457949 1
1.260201 -0.012152 1.499360 1
1.301817 -0.034768 1.491419 1
1.343257 -0.059329 1.487026 1
-0.345708 2.034695 0.376117 2
-0.175592 2.044585 0.136084 2
-0.146204 2.021564 0.129888 2
-0.116760 1.998888 0.123306 2
0.245265 2.077701 -0.469131 2
-0.450775 1.827986 0.811187 2
0.335903 2.056920 -0.558830 2
0.387286 2.050334 -0.616983 2
0.418014 2.037289 -0.638382 2
0.431857 2.018105 -0.628463 2
0.443398 1.997876 -0.613849 2
0.469156 1.983706 -0.626660 2
0.507322 1.975660 -0.664626 2
0.510615 1.951733 -0.633343 2
0.545104 1.942992 -0.665205 2
0.570713 1.930390 -0.679611 2
-0.147484 1.506992 0.887896 2
-0.117313 1.479495 0.890313 2
-0.107648 1.439739 0.937976 2
-0.064687 1.419964 0.912649 2
-0.047406 1.384094 0.945055 2
-0.006656 1.363648 0.924045 2
0.684962 1.808771 -0.642193 2
0.700298 1.790468 -0.633628 2
0.701359 1.760942 -0.589475 2
0.739057 1.759944 -0.635754 2
0.729061 1.720080 -0.561320 2
0.735574 1.692727 -0.527023 2
0.762642 1.683269 -0.546325 2
0.771334 1.656909 -0.516033 2
0.790007 1.639622 -0.512292 2
0.802812 1.616196 -0.491458 2
0.807556 1.583479 -0.445837 2
0.828943 1.568079 -0.448009 2
0.851029 1.553593 -0.452343 2
0.860973 1.524415 -0.418307 2
0.874609 1.498813 -0.394333 2
0.886421 1.469952 -0.362792 2
0.893757 1.433729 -0.313911 2
0.915910 1.417262 -0.314430 2
0.946949 1.414314 -0.347182 2
0.942289 1.355726 -0.247527 2
0.973919 1.353647 -0.282078 2
0.965447 1.282767 -0.157775 2
0.979085 1.247052 -0.116344 2
0.987108 1.198552 -0.047437 2
1.004612 1.165975 -0.015320 2
1.006834 1.099036 0.090619 2
0.742491 0.425352 1.493522 1
0.789308 0.418862 1.449617 1
0.822031 0.378949 1.476717 1
0.860867 0.353478 1.473478 1
0.899384 0.326916 1.472643 1
0.938805 0.302716 1.467173 1
0.971986 0.258183 1.502320 1
1.009080 0.224140 1.516117 1
1.052669 0.212699 1.485807 1
1.092404 0.187494 1.482661 1
1.128639 0.146408 1.509756 1
1.169150 0.122297 1.504467 1
1.213005 0.115358 1.467505 1
1.250088 0.071940 1.498275 1
1.291424 0.050999 1.487643 1
1.331426 0.020096 1.495135 1
1.367759 -0.045347 1.563793 1
-0.288602 2.037600 0.391046 2
-0.147504 2.041132 0.192940 2
-0.119761 2.017545 0.189592 2
-0.086672 1.995795 0.176445 2
0.180359 2.047333 -0.263460 2
0.369906 2.082419 -0.573359 2
0.385642 2.063401 -0.566408 2
0.400719 2.044138 -0.558047 2
0.456102 2.040470 -0.627530 2
0.462024 2.018205 -0.601971 2
0.491076 2.005450 -0.621870 2
0.514918 1.990899 -0.631877 2
0.539250 1.976916 -0.643263 2
0.542747 1.952975 -0.611312 2
0.573604 1.942632 -0.636736 2
-0.114633 1.542341 0.899813 2
-0.082894 1.515965 0.898309 2
-0.055687 1.487099 0.906935 2
-0.028749 1.458022 0.916486 2
-0.017594 1.418644 0.963264 2
0.021757 1.397344 0.944706 2
0.066877 1.380719 0.911440 2
0.721880 1.814203 -0.632862 2
0.728649 1.789440 -0.602534 2
0.730683 1.760164 -0.558711 2
0.739141 1.735158 -0.529911 2
0.762953 1.722808 -0.541110 2
0.776043 1.701090 -0.523278 2
0.786100 1.676049 -0.496047 2
0.799285 1.653361 -0.476481 2
0.808420 1.625967 -0.443972 2
0.831269 1.612365 -0.451160 2
0.843874 1.587531 -0.426922 2
0.856361 1.561816 -0.400947 2
0.880337 1.549310 -0.410885 2
0.897932 1.529001 -0.399874 2
0.909262 1.499963 -0.366543 2
0.927772 1.479751 -0.356525 2
0.936647 1.445104 -0.310598 2
0.958060 1.427852 -0.308743 2
0.965328 1.387860 -0.251689 2
0.960128 1.324617 -0.140656 2
0.978306 1.297865 -0.118602 2
0.994653 1.266695 -0.086806 2
1.003910 1.220214 -0.020750 2
1.005717 1.155278 0.085244 2
0.741004 0.508979 1.482640 1
0.775036 0.473897 1.500443 1
0.816008 0.454374 1.484191 1
0.858986 0.440588 1.456213 1
0.893128 0.404043 1.477150 1
0.928282 0.368752 1.495060 1
0.968469 0.347438 1.483834 1
1.009031 0.327648 1.469878 1
1.046055 0.295708 1.480779 1
1.084405 0.267375 1.484335 1
1.123943 0.242988 1.480136 1
1.162461 0.213522 1.485958 1
1.202275 0.189012 1.482200 1
1.244398 0.176602 1.455619 1
1.279327 0.121850 1.509124 1
1.321137 0.106193 1.488946 1
1.359804 0.066935 1.512559 1
-0.243608 2.037851 0.426421 2
-0.090980 2.045222 0.200443 2
-0.071419 2.019692 0.211398 2
-0.042588 1.996925 0.205360 2
0.326428 2.082887 -0.442833 2
0.367475 2.071324 -0.482665 2
0.423636 2.066114 -0.553201 2
0.452075 2.052036 -0.571228 2
0.475482 2.036464 -0.579774 2
0.489191 2.017140 -0.568850 2
0.511715 2.001589 -0.575888 2
0.543881 1.990768 -0.603532 2
0.558354 1.972077 -0.594193 2
0.581082 1.957495 -0.602569 2
0.600894 1.941652 -0.604780 2
-0.059427 1.546202 0.930475 2
-0.030389 1.518432 0.934937 2
0.020880 1.504303 0.887432 2
0.028403 1.463506 0.942654 2
0.063380 1.439852 0.933166 2
0.683232 1.824338 -0.529237 2
0.131203 1.392114 0.918528 2
0.743234 1.808115 -0.583977 2
0.739485 1.774398 -0.523922 2
0.767961 1.765854 -0.548141 2
0.773406 1.738123 -0.509905 2
0.783290 1.713408 -0.482395 2
0.800218 1.694608 -0.473855 2
0.818810 1.677249 -0.469744 2
0.830072 1.652298 -0.443192 2
0.847566 1.633262 -0.434524 2
0.868611 1.617960 -0.436581 2
0.880962 1.592597 -0.410284 2
0.893129 1.566179 -0.381816 2
0.905488 1.539073 -0.352273 2
0.923039 1.517889 -0.339252 2
0.945846 1.503580 -0.344435 2
0.960215 1.477104 -0.318042 2
0.979570 1.457255 -0.309084 2
0.965984 1.384099 -0.167486 2
0.984169 1.358824 -0.147468 2
1.000822 1.329943 -0.119186 2
1.008167 1.282417 -0.047174 2
1.020095 1.240580 0.009554 2
0.738644 0.588636 1.477700 1
0.774029 0.558100 1.486349 1
0.812307 0.533581 1.481367 1
0.851341 0.510909 1.472564 1
0.889813 0.486958 1.466938 1
0.922529 0.447033 1.496188 1
0.959820 0.418431 1.500608 1
0.997593 0.390617 1.503371 1
1.039980 0.377791 1.474915 1
1.078135 0.351001 1.476022 1
1.113795 0.313563 1.498869 1
1.150704 0.278797 1.515886 1
1.192529 0.264848 1.491203 1
1.233200 0.246448 1.475908 1
1.269931 0.205793 1.504256 1
1.313123 0.202379 1.460494 1
1.351780 0.170043 1.472690 1
-0.227613 2.030978 0.515536 2
-0.070202 2.040008 0.273273 2
-0.034778 2.018731 0.254964 2
0.028423 2.006545 0.182535 2
0.337570 2.076247 -0.373079 2
0.366335 2.060245 -0.389399 2
0.482261 2.076612 -0.582141 2
0.469887 2.047461 -0.518127 2
0.504552 2.036292 -0.550068 2
0.526110 2.020287 -0.555339 2
0.542938 2.002377 -0.550628 2
0.576025 1.992203 -0.581411 2
0.592356 1.974456 -0.575924 2
-0.061981 1.605953 0.952035 2
-0.025347 1.582359 0.938624 2
0.017281 1.562677 0.910604 2
0.040127 1.531900 0.928972 2
0.075268 1.508583 0.918013 2
0.705892 1.877611 -0.577331 2
0.691288 1.838739 -0.492338 2
0.719944 1.828984 -0.516053 2
0.727815 1.804276 -0.485687 2
0.763361 1.800603 -0.528821 2
0.785215 1.786886 -0.535951 2
0.795427 1.763446 -0.510455 2
0.805489 1.739242 -0.483294 2
0.830351 1.728179 -0.498550 2
0.845554 1.708161 -0.485203 2
0.851270 1.678124 -0.441669 2
0.867170 1.657693 -0.428224 2
0.876477 1.629540 -0.392442 2
0.896077 1.612291 -0.389112 2
0.908522 1.586233 -0.360810 2
0.926676 1.566536 -0.350962 2
0.946797 1.549132 -0.347532 2
0.961609 1.524178 -0.323765 2
0.968773 1.487148 -0.268688 2
0.972670 1.443024 -0.196753 2
0.979789 1.401305 -0.133056 2
0.995240 1.371133 -0.100269 2
1.013165 1.343959 -0.075766 2
1.023871 1.302090 -0.015885 2
0.741415 0.676602 1.449957 1
0.766116 0.625575 1.508509 1
0.807734 0.608938 1.484986 1
0.848163 0.590466 1.466525 1
0.887839 0.570834 1.451373 1
0.921514 0.535845 1.471340 1
0.954314 0.496846 1.499836 1
0.991931 0.470215 1.500616 1
1.026593 0.433489 1.523359 1
1.067820 0.417559 1.501198 1
1.110537 0.408351 1.465503 1
1.146028 0.371733 1.487950 1
1.185516 0.350292 1.478679 1
1.222187 0.314962 1.498000 1
1.262037 0.293954 1.488127 1
1.304777 0.290665 1.443309 1
1.340941 0.246299 1.480366 1
-0.283150 2.073998 0.636997 2
-0.254527 2.047025 0.636600 2
-0.189358 2.029740 0.566428 2
-0.033180 2.039220 0.317916 2
0.005078 2.018840 0.293388 2
0.326930 2.088379 -0.297949 2
0.352758 2.070753 -0.307943 2
0.363641 2.048175 -0.287519 2
0.502382 2.073290 -0.534151 2
0.524892 2.057482 -0.541625 2
0.524990 2.032580 -0.500875 2
0.567916 2.025824 -0.553027 2
0.580779 2.006340 -0.539685 2
0.587066 1.983477 -0.510893 2
-0.014998 1.648422 0.930585 2
0.004893 1.616341 0.955295 2
0.037624 1.591117 0.950021 2
0.083066 1.573686 0.913379 2
0.675330 1.895950 -0.492281 2
0.675350 1.867037 -0.443099 2
0.700441 1.854064 -0.457140 2
0.720236 1.837753 -0.457658 2
0.757179 1.834275 -0.504670 2
0.758130 1.804087 -0.453926 2
0.796737 1.803260 -0.507537 2
0.808216 1.780858 -0.484932 2
0.834453 1.771017 -0.504946 2
0.832709 1.735800 -0.440921 2
0.856815 1.723937 -0.454034 2
0.868515 1.699899 -0.428166 2
0.877401 1.672157 -0.391654 2
0.896985 1.655230 -0.388973 2
0.912345 1.633337 -0.371447 2
0.919278 1.600654 -0.322918 2
0.941603 1.586015 -0.327533 2
0.950126 1.553103 -0.280402 2
0.983892 1.553898 -0.327889 2
0.965479 1.479708 -0.169697 2
0.981179 1.452292 -0.141606 2
0.990115 1.412795 -0.082425 2
1.005793 1.382404 -0.048533 2
1.028856 1.363825 -0.045670 2
0.728365 0.731978 1.499453 1
0.771514 0.718824 1.466328 1
0.798941 0.673762 1.512284 1
0.838496 0.653443 1.497566 1
0.880740 0.640029 1.467054 1
0.910800 0.597140 1.506563 1
0.952090 0.581999 1.481087 1
0.983873 0.540597 1.516290 1
1.025091 0.525729 1.491045 1
1.062031 0.497861 1.495450 1
1.103300 0.484698 1.467644 1
1.138109 0.447893 1.491832 1
1.179447 0.436149 1.461961 1
1.214572 0.397313 1.490140 1
1.253950 0.376714 1.479690 1
1.291226 0.344089 1.494379 1
1.330789 0.323274 1.484741 1
1.367530 0.281325 1.517981 1
-0.197689 2.050331 0.655318 2
-0.132453 2.033573 0.582013 2
0.017360 2.042396 0.336702 2
0.046653 2.019632 0.329157 2
0.323075 2.076869 -0.190273 2
0.358321 2.061801 -0.219251 2
0.365334 2.037195 -0.188845 2
0.522510 2.069888 -0.483950 2
0.532069 2.048657 -0.462707 2
0.562019 2.035865 -0.486618 2
0.597655 2.026261 -0.524400 2
0.626857 2.014499 -0.548554 2
0.023613 1.686301 0.927134 2
0.052513 1.659452 0.929815 2
0.646940 1.945672 -0.460201 2
0.658473 1.924429 -0.440599 2
0.686393 1.912822 -0.462153 2
0.699032 1.892045 -0.444642 2
0.712825 1.871720 -0.429452 2
0.731321 1.854413 -0.426379 2
0.752354 1.838973 -0.430176 2
0.759769 1.813240 -0.395397 2
0.785860 1.801719 -0.413237 2
0.829177 1.805219 -0.483008 2
0.848114 1.789147 -0.481837 2
0.855764 1.762697 -0.445354 2
0.874721 1.746195 -0.443060 2
0.886329 1.722253 -0.416473 2
0.909155 1.709435 -0.426065 2
0.913702 1.676704 -0.372953 2
0.933625 1.660202 -0.371281 2
0.946414 1.634999 -0.343315 2
0.963857 1.614831 -0.330998 2
0.983666 1.597416 -0.326897 2
0.991304 1.562784 -0.273704 2
0.985904 1.507043 -0.163005 2
1.003004 1.482064 -0.140505 2
1.004204 1.430279 -0.045916 2
1.022497 1.404056 -0.022325 2
0.727610 0.809830 1.491974 1
0.764985 0.786142 1.485169 1
0.803839 0.765592 1.470808 1
0.839364 0.738400 1.473755 1
0.871843 0.703932 1.494821 1
0.907439 0.675670 1.500356 1
0.946583 0.655962 1.485364 1
0.987300 0.641109 1.459449 1
1.020249 0.604556 1.485161 1
1.059235 0.585060 1.470983 1
1.098859 0.568240 1.451233 1
1.134070 0.535971 1.466872 1
1.170053 0.504956 1.479463 1
1.207697 0.479485 1.479714 1
1.244595 0.449524 1.489801 1
1.283267 0.427188 1.483443 1
1.321422 0.401310 1.484830 1
1.359514 0.373482 1.490353 1
-0.129301 2.056903 0.649903 2
-0.082625 2.035852 0.611076 2
0.063904 2.044726 0.363190 2
0.090005 2.021164 0.361866 2
0.331712 2.069032 -0.102879 2
0.357094 2.050121 -0.110523 2
0.389269 2.034039 -0.133545 2
0.562018 2.074039 -0.475088 2
0.581249 2.056966 -0.475572 2
0.593911 2.037125 -0.460707 2
0.617039 2.021959 -0.470246 2
0.062519 1.724106 0.921927 2
0.643139 1.982171 -0.440544 2
0.655667 1.961671 -0.423504 2
0.673045 1.943663 -0.418238 2
0.684123 1.921864 -0.396220 2
0.697719 1.901241 -0.380002 2
0.724099 1.888761 -0.397976 2
0.738824 1.868733 -0.384164 2
0.762716 1.855097 -0.395813 2
0.783028 1.839104 -0.397489 2
0.798775 1.819593 -0.385566 2
0.810106 1.796164 -0.359536 2
0.847770 1.795109 -0.414395 2
0.866539 1.778289 -0.411398 2
0.894459 1.770204 -0.438161 2
0.906734 1.747205 -0.413531 2
0.917883 1.722355 -0.383563 2
0.930102 1.697836 -0.355597 2
0.948240 1.679341 -0.347501 2
0.964195 1.657963 -0.330546 2
0.981718 1.638050 -0.318452 2
0.993837 1.610514 -0.283803 2
0.985173 1.552597 -0.160977 2
0.991555 1.512566 -0.093787 2
1.015925 1.498028 -0.100980 2
1.025933 1.460192 -0.042741 2
1.044142 1.434185 -0.018674 2
0.756150 0.848380 1.517100 1
0.799495 0.836498 1.478962 1
0.834599 0.809309 1.482321 1
0.867221 0.776398 1.500576 1
0.905283 0.754919 1.489456 1
0.939076 0.723278 1.504331 1
0.978390 0.705019 1.485934 1
1.020925 0.696530 1.444454 1
1.047417 0.641801 1.515353 1
1.086212 0.622041 1.501654 1
1.126296 0.607277 1.476806 1
1.162447 0.578749 1.484522 1
1.197721 0.545272 1.503460 1
1.237129 0.528435 1.484634 1
1.272644 0.492636 1.508524 1
1.313460 0.483640 1.473154 1
1.350827 0.455336 1.480601 1
-0.062318 2.063610 0.644812 2
-0.020543 2.041817 0.614122 2
0.087834 2.040598 0.438525 2
0.141273 2.025429 0.377702 2
0.345143 2.062536 -0.021072 2
0.353883 2.037231 0.009605 2
0.397046 2.024634 -0.038198 2
0.585828 2.072121 -0.430120 2
0.618646 2.060736 -0.462828 2
0.607500 2.030216 -0.389557 2
0.629997 2.014383 -0.397087 2
0.658818 2.002004 -0.420894 2
0.660649 1.975907 -0.375970 2
0.684591 1.961296 -0.387416 2
0.709514 1.947612 -0.401926 2
0.723579 1.927640 -0.387241 2
0.728564 1.901535 -0.346477 2
0.751086 1.886515 -0.354031 2
0.770386 1.869452 -0.352438 2
0.787076 1.850471 -0.342901 2
0.808276 1.834876 -0.346633 2
0.811163 1.804337 -0.293113 2
0.497711 1.498868 0.777754 2
0.893892 1.809020 -0.430725 2
0.908530 1.788793 -0.414534 2
0.916994 1.762003 -0.375978 2
0.923717 1.732338 -0.328983 2
0.952688 1.725774 -0.360548 2
0.959516 1.694649 -0.310445 2
0.984172 1.683586 -0.326257 2
1.000985 1.663056 -0.311502 2
0.988309 1.602602 -0.173973 2
1.002863 1.575809 -0.143097 2
1.018133 1.548980 -0.112981 2
1.028269 1.513013 -0.056981 2
1.049136 1.492574 -0.047297 2
0.761250 0.934484 1.482186 1
0.798480 0.912280 1.471972 1
0.826460 0.872351 1.510872 1
0.868122 0.858820 1.477685 1
0.903418 0.832659 1.479276 1
0.938357 0.805367 1.484011 1
0.974483 0.780540 1.482484 1
1.008339 0.749435 1.497154 1
1.042665 0.718492 1.511206 1
1.080713 0.697804 1.499761 1
1.116633 0.670307 1.505387 1
1.156181 0.655080 1.481581 1
1.191784 0.625441 1.492716 1
1.230872 0.609394 1.471945 1
1.265464 0.572761 1.499370 1
1.303395 0.550447 1.493614 1
1.341499 0.528764 1.486718 1
-0.031613 2.094125 0.657044 2
-0.011676 2.066495 0.672625 2
0.018830 2.041782 0.665352 2
0.145360 2.046646 0.442316 2
0.176382 2.024778 0.429643 2
0.334478 2.047447 0.121467 2
0.370288 2.031012 0.091355 2
0.603064 2.092608 -0.413567 2
0.626943 2.077362 -0.425328 2
0.624985 2.051084 -0.373068 2
0.639915 2.031725 -0.361736 2
0.668059 2.018745 -0.384186 2
0.669097 1.992272 -0.335872 2
0.692611 1.977170 -0.346160 2
0.709654 1.958663 -0.339033 2
0.725595 1.939427 -0.328462 2
0.736224 1.916657 -0.302138 2
0.762687 1.903989 -0.321020 2
0.772890 1.880390 -0.291933 2
0.444091 1.605337 0.778388 2
0.466008 1.576979 0.798236 2
0.511280 1.567282 0.744078 2
0.553941 1.556806 0.695989 2
0.587157 1.539164 0.677530 2
0.919874 1.804859 -0.380750 2
0.940791 1.790316 -0.385143 2
0.949280 1.762995 -0.344114 2
0.967974 1.745688 -0.339012 2
0.977506 1.717722 -0.297879 2
0.998616 1.702513 -0.300323 2
0.995212 1.656224 -0.201584 2
0.997915 1.614906 -0.122148 2
1.013758 1.589436 -0.094929 2
1.029491 1.562841 -0.065002 2
1.049006 1.541066 -0.050441 2
0.753953 0.997439 1.510143 1
0.786976 0.967967 1.520529 1
0.823855 0.945121 1.511889 1
0.864275 0.929482 1.483504 1
0.897503 0.899888 1.495007 1
0.934610 0.878213 1.484791 1
0.973383 0.860779 1.463728 1
1.004998 0.825965 1.489582 1
1.037922 0.793004 1.510069 1
1.073287 0.765670 1.515707 1
1.115450 0.759172 1.468552 1
1.150692 0.731529 1.475795 1
1.186486 0.704914 1.480490 1
1.223138 0.680857 1.479016 1
1.260658 0.660179 1.469643 1
1.292358 0.610037 1.530498 1
1.333806 0.608169 1.477020 1
1.365494 0.547985 1.559734 1
