ply
format ascii 1.0
element vertex 13891
property float x
property float y
property float z
property int scalar_Label
end_header
1.265322 0.042656 0.159869 6
1.312542 -0.003329 0.277632 6
1.776987 0.030682 1.461790 6
2.012919 0.039506 2.062480 6
2.022704 0.006554 2.084685 6
2.027317 -0.027386 2.093354 6
2.038689 -0.059293 2.119060 6
2.038891 -0.094268 2.115814 6
1.980979 -0.149057 1.962828 8
1.998421 -0.179582 2.003119 8
2.004644 -0.213783 2.014262 8
2.013845 -0.246643 2.032785 8
2.027318 -0.277365 2.062074 8
2.056591 -0.300227 2.132038 8
2.045237 -0.341901 2.096517 8
2.039876 -0.381330 2.076105 8
2.041188 -0.417680 2.072649 8
2.044889 -0.452894 2.075068 8
2.039168 -0.493915 2.052517 8
2.031732 -0.536682 2.025017 8
2.030487 -0.576152 2.013292 8
2.022344 -0.620819 1.982984 8
2.016238 -0.664901 1.957530 8
2.001460 -0.716224 1.908611 8
2.023606 -0.740304 1.957034 7
2.023719 -0.781255 1.946699 7
1.629676 1.338824 1.144570 2
1.630810 1.290962 1.156068 2
1.646057 1.236358 1.202592 2
1.655953 1.185493 1.235119 2
1.650249 1.142604 1.228054 2
1.650125 1.097329 1.234576 2
1.660241 1.048190 1.266266 2
1.656839 1.004982 1.263760 2
1.661909 0.958850 1.281986 2
1.675805 0.910297 1.321751 2
1.674035 0.867439 1.322108 2
1.688830 0.820050 1.363230 2
1.686970 0.777835 1.362583 2
1.681917 0.736432 1.353660 2
1.702640 0.689608 1.408233 2
1.691779 0.649680 1.384190 2
1.693089 0.607420 1.389925 2
1.685720 0.566482 1.373839 2
1.690475 0.523949 1.387375 2
1.696939 0.481572 1.404768 2
1.680172 0.440967 1.364412 2
1.700980 0.398227 1.416516 2
1.689462 0.356906 1.388423 2
1.687538 0.315153 1.383671 2
1.685382 0.273290 1.377990 2
1.688714 0.231631 1.385510 2
1.226208 -0.008911 0.234905 6
1.740580 0.031283 1.504989 6
1.807956 0.004217 1.669102 6
1.999759 0.009072 2.141554 6
1.992176 -0.027733 2.119791 6
2.013442 -0.056960 2.169330 6
2.015802 -0.091052 2.171670 6
1.966312 -0.142306 2.044684 8
1.991126 -0.169823 2.102224 8
2.014425 -0.196863 2.155818 8
1.996507 -0.239654 2.106282 8
2.008692 -0.270596 2.131606 8
2.028640 -0.297602 2.176142 8
2.030895 -0.332371 2.176105 8
2.036521 -0.365570 2.184232 8
2.009526 -0.416210 2.109912 8
2.011677 -0.452205 2.108534 8
2.010123 -0.490581 2.097459 8
1.990560 -0.540456 2.040370 8
1.987545 -0.581118 2.024715 8
1.997697 -0.613501 2.042162 8
1.998445 -0.652280 2.035346 8
1.993817 -0.695332 2.014393 8
1.936061 -0.779137 1.856716 7
1.999820 -0.771615 2.010316 7
1.658027 1.777026 1.256245 2
1.663650 1.722476 1.282548 2
1.671677 1.666995 1.314264 2
1.671656 1.618442 1.325434 2
1.680380 1.564228 1.357776 2
1.673421 1.521671 1.350850 2
1.707474 1.452408 1.444562 2
1.707794 1.406575 1.454575 2
1.709753 1.360201 1.468186 2
1.708248 1.316326 1.472891 2
1.714860 1.268306 1.497033 2
1.712340 1.225764 1.498457 2
1.711509 1.182597 1.503625 2
1.708489 1.140745 1.503099 2
1.708600 1.097650 1.509818 2
1.700775 1.058192 1.496940 2
1.707854 1.012710 1.519803 2
1.706014 0.971145 1.520714 2
1.700261 0.931085 1.511833 2
1.698518 0.889670 1.512301 2
1.718442 0.841915 1.564599 2
1.694390 0.807358 1.510669 2
1.696500 0.765277 1.519383 2
1.715488 0.719645 1.568284 2
1.707892 0.680426 1.552982 2
1.697820 0.641410 1.531433 2
1.693255 0.601175 1.522782 2
1.694884 0.560012 1.528651 2
1.695118 0.519155 1.530844 2
1.703008 0.477742 1.551041 2
1.699607 0.437421 1.543874 2
1.699108 0.396872 1.543327 2
1.697430 0.356335 1.539638 2
1.697587 0.315748 1.540014 2
1.700082 0.275245 1.545659 2
1.715235 0.235585 1.581279 2
1.719670 0.195719 1.590930 3
1.376579 0.022148 0.763710 6
1.730442 0.036473 1.609671 6
1.746934 -0.000469 1.646676 6
1.973393 0.010643 2.187663 6
1.977364 -0.023051 2.194441 6
1.978777 -0.057385 2.194796 6
2.008642 -0.083313 2.263380 6
1.947487 -0.137296 2.112427 6
1.970567 -0.165214 2.164129 8
1.972470 -0.200054 2.164497 8
1.987556 -0.229775 2.196470 8
1.990341 -0.264140 2.198436 8
1.985572 -0.301964 2.181792 8
2.001397 -0.330560 2.214843 8
1.996149 -0.369080 2.196416 8
1.987598 -0.409864 2.169575 8
1.990846 -0.444907 2.171156 8
1.984858 -0.485391 2.149832 8
1.972589 -0.530281 2.112711 8
1.967991 -0.571352 2.093971 8
1.976245 -0.604628 2.106478 8
1.969940 -0.647749 2.082781 8
1.978909 -0.680800 2.096433 8
1.981856 -0.718205 2.094882 8
1.952802 -0.780312 2.013402 7
1.937317 -0.833775 1.964973 7
1.936156 -0.876863 1.951742 7
1.695857 1.809227 1.467132 2
1.706810 1.751307 1.505649 2
1.711764 1.699399 1.529044 2
1.700633 1.660761 1.513115 2
1.692924 1.619501 1.505127 2
1.695458 1.570986 1.521391 2
1.700840 1.521134 1.544030 2
1.703254 1.474013 1.559107 2
1.684164 1.441197 1.522482 2
1.703319 1.384393 1.576661 2
1.706656 1.338266 1.592704 2
1.694624 1.301317 1.571912 2
1.690606 1.259831 1.569814 2
1.687179 1.218189 1.568781 2
1.690600 1.173382 1.583560 2
1.691902 1.130033 1.592972 2
1.689133 1.088818 1.592455 2
1.689031 1.046647 1.597873 2
1.696548 1.001779 1.620817 2
1.691787 0.961977 1.614632 2
1.687546 0.921997 1.609358 2
1.688299 0.880450 1.615446 2
1.692749 0.838056 1.629838 2
1.687106 0.798756 1.620353 2
1.689404 0.757414 1.629077 2
1.682687 0.718320 1.616488 2
1.687600 0.676752 1.630668 2
1.675549 0.638482 1.605077 2
1.682469 0.596901 1.623299 2
1.692560 0.555330 1.648563 2
1.683067 0.516343 1.628026 2
1.688469 0.475774 1.641776 2
1.688128 0.435835 1.641891 2
1.689765 0.395847 1.646291 2
1.682758 0.356055 1.630333 2
1.745858 0.316756 1.776751 2
1.673180 0.275660 1.607804 2
1.588168 0.230471 1.409891 2
1.715767 0.198517 1.705147 3
1.364100 0.027251 0.883387 6
1.679092 0.034215 1.613315 6
1.701489 -0.001930 1.662985 6
1.846675 -0.010054 1.998299 6
1.952021 -0.021212 2.240989 6
1.943680 -0.057974 2.218686 6
1.983590 -0.081208 2.308702 6
1.989854 -0.113302 2.320018 6
1.934961 -0.166001 2.188052 8
1.958839 -0.192904 2.239975 8
1.963952 -0.226116 2.247759 8
1.968197 -0.259642 2.253252 8
1.972729 -0.293055 2.259163 8
1.972008 -0.328896 2.252450 8
1.968361 -0.366440 2.238540 8
1.969942 -0.401759 2.236652 8
1.944977 -0.451495 2.171666 8
1.962573 -0.478912 2.207044 8
1.948504 -0.524318 2.167062 8
1.934673 -0.570631 2.127194 8
1.934361 -0.609381 2.119097 8
1.945644 -0.640809 2.138366 8
1.959109 -0.670518 2.162637 8
1.957088 -0.711028 2.149533 8
1.937770 -0.764958 2.094417 7
1.935022 -0.807585 2.078683 7
1.672550 1.842817 1.534839 2
1.686044 1.782765 1.578164 2
1.689165 1.732447 1.596521 2
1.682902 1.690203 1.592433 2
1.678998 1.646381 1.593520 2
1.687495 1.593842 1.623152 2
1.674280 1.557481 1.601806 2
1.675422 1.511204 1.613522 2
1.682966 1.461280 1.639672 2
1.671157 1.424250 1.620662 2
1.671098 1.379996 1.628492 2
1.668546 1.337561 1.630225 2
1.677533 1.289043 1.658138 2
1.672952 1.248430 1.654517 2
1.668693 1.207764 1.651328 2
1.667736 1.165640 1.655384 2
1.668969 1.122784 1.664117 2
1.673029 1.079064 1.678961 2
1.667150 1.039806 1.670837 2
1.673521 0.995878 1.690282 2
1.680488 0.952273 1.710733 2
1.666200 0.916264 1.682627 2
1.666837 0.875186 1.688109 2
1.672705 0.832835 1.705128 2
1.702932 0.784548 1.776929 2
1.693988 0.747171 1.759789 2
1.702692 0.705714 1.782252 2
1.726689 0.661833 1.838921 2
1.704696 0.626984 1.791497 2
1.701567 0.588452 1.786379 2
1.717656 0.547471 1.824300 2
1.704092 0.510313 1.795109 2
1.704327 0.471506 1.796741 2
1.718439 0.431971 1.829346 2
1.722354 0.393453 1.838706 2
1.704497 0.355378 1.798776 2
1.726995 0.316958 1.849428 2
1.667244 0.276760 1.714622 2
1.399347 0.222071 1.110784 2
1.723221 0.202072 1.839297 3
1.356757 0.032841 1.008901 6
1.643992 0.034773 1.654552 6
1.665121 -0.001630 1.699949 6
1.802171 -0.012158 2.006944 6
1.908369 -0.023882 2.244360 6
1.926541 -0.053895 2.282759 6
1.949129 -0.081943 2.330976 6
1.962855 -0.111821 2.358950 6
1.897661 -0.167396 2.207704 8
1.905635 -0.200211 2.222044 8
1.942949 -0.221723 2.302871 8
1.927012 -0.263105 2.262412 8
1.942084 -0.292233 2.292280 8
1.945155 -0.326270 2.294574 8
1.921545 -0.373065 2.235621 8
1.922909 -0.408798 2.233403 8
1.942241 -0.435326 2.272118 8
1.928953 -0.479074 2.235755 8
1.931453 -0.514731 2.235326 8
1.923258 -0.556982 2.209956 8
1.905231 -0.606116 2.161491 8
1.906238 -0.644164 2.156610 8
1.925483 -0.670214 2.193733 8
1.922612 -0.711169 2.179295 8
1.920698 -0.751985 2.166726 8
1.923841 -0.789513 2.165612 7
1.583330 1.985283 1.436969 2
1.622503 1.899942 1.538822 2
1.485041 1.966629 1.235754 2
1.651355 1.778084 1.626865 2
1.661900 1.722275 1.661184 2
1.656194 1.679992 1.658106 2
1.650570 1.637868 1.654893 2
1.656594 1.587662 1.677677 2
1.659646 1.540283 1.693334 2
1.647078 1.503830 1.673473 2
1.656302 1.453335 1.702289 2
1.645491 1.415944 1.685794 2
1.658627 1.364391 1.722600 2
1.635867 1.333995 1.678847 2
1.641709 1.287501 1.698673 2
1.661348 1.234564 1.748825 2
1.638780 1.203504 1.704780 2
1.675685 1.144047 1.792470 2
1.678629 1.101598 1.804414 2
1.659552 1.068745 1.767339 2
1.678162 1.020406 1.813325 2
1.662118 0.986018 1.782464 2
1.677221 0.940282 1.820040 2
1.671095 0.902341 1.810527 2
1.660216 0.865747 1.790307 2
1.671987 0.822516 1.819626 2
1.668303 0.783946 1.814693 2
1.666471 0.744928 1.813564 2
1.670405 0.704745 1.824812 2
1.662158 0.667164 1.809092 2
1.674629 0.625874 1.838498 2
1.672173 0.587389 1.834939 2
1.669956 0.548850 1.831644 2
1.682209 0.508840 1.859742 2
1.656588 0.472367 1.804745 2
1.665832 0.432873 1.825737 2
1.685449 0.393476 1.869138 2
1.670899 0.355345 1.837590 2
1.664958 0.316671 1.824605 2
1.617808 0.276360 1.721278 2
1.595407 0.235311 1.671771 2
1.686247 0.202014 1.869600 3
0.825406 0.020251 -0.016252 6
1.316264 0.033370 1.055882 6
1.593586 0.032714 1.661017 6
1.620221 -0.003003 1.717202 6
1.762220 -0.013261 2.026118 6
1.533090 -0.104033 1.520926 6
1.902412 -0.051839 2.328715 6
1.925763 -0.079614 2.377291 6
1.944561 -0.107842 2.415706 6
1.851780 -0.171592 2.208316 8
1.873877 -0.199829 2.253440 8
1.901125 -0.225322 2.309784 8
1.904899 -0.258994 2.314165 8
1.916632 -0.289374 2.335918 8
1.920657 -0.322820 2.340417 8
1.913960 -0.361287 2.320905 8
1.914253 -0.396904 2.316616 8
1.890482 -0.445094 2.258534 8
1.875201 -0.490154 2.218928 8
1.890087 -0.519332 2.246260 8
1.881503 -0.561832 2.220948 8
1.878400 -0.601738 2.207555 8
1.870351 -0.645285 2.182739 8
1.879578 -0.678191 2.196403 8
1.892611 -0.708397 2.218428 7
1.920118 -0.728028 2.272964 7
1.869087 -0.804580 2.149648 8
1.518894 2.057046 1.412941 2
1.564035 1.965087 1.525363 2
1.618743 1.868090 1.658075 2
1.438939 1.968349 1.269961 2
1.637375 1.757272 1.719714 2
1.631766 1.714978 1.716898 2
1.630722 1.669505 1.723824 2
1.642254 1.615407 1.758013 2
1.625083 1.582359 1.728867 2
1.632637 1.532312 1.753593 2
1.655487 1.473197 1.811285 2
1.635111 1.442494 1.774339 2
1.641758 1.395053 1.795974 2
1.644761 1.350401 1.809338 2
1.638274 1.311463 1.801821 2
1.645628 1.265290 1.823976 2
1.636691 1.227960 1.810616 2
1.629099 1.189875 1.799923 2
1.634645 1.145755 1.817269 2
1.636892 1.103593 1.827208 2
1.635668 1.063214 1.829404 2
1.620846 1.028271 1.802167 2
1.613250 0.990262 1.790211 2
1.631633 0.943283 1.833610 2
1.631750 0.903143 1.837616 2
1.633795 0.862626 1.845476 2
1.612135 0.828853 1.802479 2
1.631203 0.784052 1.846147 2
1.624448 0.746156 1.834472 2
1.645539 0.702332 1.881857 2
1.627745 0.666749 1.846185 2
1.638424 0.625850 1.870867 2
1.632450 0.587864 1.859873 2
1.632757 0.548948 1.861992 2
1.620337 0.511357 1.836826 2
1.633562 0.471335 1.865898 2
1.635944 0.432519 1.871688 2
1.627152 0.394202 1.853503 2
1.636650 0.355323 1.873914 2
1.639357 0.316788 1.879662 2
1.555323 0.275544 1.700980 2
1.322158 0.222548 1.205302 2
1.658377 0.202631 1.918607 3
1.607413 0.159463 1.809367 3
0.768307 0.019879 0.024748 6
1.275814 0.033842 1.101609 6
1.530366 0.028607 1.641015 6
1.579763 -0.003545 1.744068 6
1.712707 -0.016347 2.024889 6
1.436255 -0.117173 1.433461 6
1.616963 -0.115546 1.815781 6
1.907224 -0.076119 2.432209 6
1.861914 -0.123112 2.332702 6
1.836092 -0.166084 2.274459 8
1.857840 -0.194186 2.317674 8
1.877877 -0.222104 2.357085 8
1.872752 -0.259009 2.342398 8
1.874159 -0.293678 2.341473 8
1.883836 -0.324926 2.358097 8
1.915274 -0.346056 2.421381 8
1.893857 -0.391228 2.370670 8
1.864917 -0.441424 2.303338 8
1.859483 -0.480908 2.286390 8
1.852206 -0.521946 2.265154 8
1.834690 -0.569502 2.221386 8
1.849998 -0.598621 2.248552 8
1.841484 -0.642137 2.223692 8
1.837351 -0.683592 2.208040 8
1.860410 -0.707373 2.251504 8
1.876804 -0.735025 2.280286 7
1.831458 -0.806795 2.173386 8
1.537009 1.952665 1.593104 2
1.612205 1.840165 1.765489 2
1.611916 1.793196 1.774458 2
1.606093 1.751091 1.771214 2
1.613114 1.699498 1.795160 2
1.615528 1.652136 1.808868 2
1.613528 1.608495 1.812825 2
1.608350 1.567381 1.809724 2
1.596524 1.530822 1.792250 2
1.601601 1.483417 1.810354 2
1.594591 1.444019 1.802567 2
1.608272 1.392575 1.838186 2
1.611838 1.347821 1.852113 2
1.600376 1.311664 1.834128 2
1.605866 1.266586 1.851529 2
1.597663 1.228805 1.839912 2
1.605779 1.183305 1.862234 2
1.582680 1.152366 1.818981 2
1.597095 1.104787 1.853918 2
1.579519 1.070920 1.821800 2
1.604024 1.020602 1.877170 2
1.595683 0.983285 1.863819 2
1.591758 0.944335 1.859435 2
1.592093 0.904082 1.863665 2
1.602943 0.860982 1.889466 2
1.590187 0.824848 1.866039 2
1.595326 0.783910 1.879489 2
1.598834 0.743705 1.889306 2
1.593438 0.705587 1.880452 2
1.621402 0.661304 1.940368 2
1.597797 0.626571 1.893391 2
1.613032 0.585540 1.926479 2
1.590575 0.549652 1.881458 2
1.607195 0.509131 1.916929 2
1.586866 0.472124 1.875873 2
1.613291 0.431808 1.931104 2
1.594822 0.394078 1.893441 2
1.593504 0.355399 1.890951 2
1.603625 0.316791 1.911837 2
1.584222 0.277666 1.871566 2
1.214165 0.219062 1.107301 3
1.633825 0.203454 1.972815 3
1.596512 0.161928 1.894868 3
1.314524 0.090112 1.311267 3
1.239186 0.034786 1.154004 6
1.494956 0.029071 1.680799 6
1.545688 -0.002951 1.783777 6
1.653922 -0.021236 2.005613 6
1.350768 -0.127298 1.375660 6
1.863582 -0.045811 2.435318 6
1.880459 -0.075020 2.467931 6
1.809559 -0.129052 2.318238 6
1.822577 -0.160187 2.342384 6
1.830131 -0.192733 2.355001 8
1.841392 -0.223799 2.375147 8
1.844248 -0.257724 2.377614 8
1.868361 -0.283207 2.424205 8
1.866040 -0.318988 2.415500 8
1.866743 -0.353744 2.412880 8
1.875583 -0.384888 2.427073 8
1.839316 -0.438025 2.346524 8
1.824782 -0.481916 2.311150 8
1.814656 -0.524389 2.284709 8
1.821064 -0.558354 2.292775 8
1.828612 -0.591658 2.303040 8
1.823772 -0.632464 2.286922 8
1.820296 -0.672978 2.273395 8
1.816373 -0.714311 2.258624 8
1.822586 -0.749302 2.265094 7
1.845455 -0.772612 2.306817 7
1.487026 -1.074026 1.534580 5
1.546247 1.910437 1.734200 2
1.376022 2.001140 1.387842 2
1.580401 1.787398 1.824002 2
1.583205 1.738927 1.838462 2
1.570293 1.702748 1.819947 2
1.575206 1.653654 1.838166 2
1.568804 1.613098 1.832640 2
1.565938 1.570319 1.834165 2
1.560689 1.529367 1.830508 2
1.571513 1.478616 1.859649 2
1.555671 1.444668 1.833697 2
1.579906 1.387396 1.889696 2
1.555020 1.358608 1.844772 2
1.568001 1.309069 1.877087 2
1.554547 1.273770 1.855142 2
1.559440 1.229339 1.870382 2
1.564791 1.185211 1.886273 2
1.544287 1.152888 1.849356 2
1.549072 1.109437 1.863608 2
1.555865 1.065659 1.881658 2
1.550818 1.026801 1.875464 2
1.556970 0.984036 1.891704 2
1.539800 0.949372 1.860555 2
1.568246 0.900225 1.921329 2
1.557991 0.863471 1.903705 2
1.562601 0.822539 1.915847 2
1.554399 0.785046 1.901943 2
1.561466 0.743985 1.918573 2
1.561888 0.704671 1.921592 2
1.561157 0.665695 1.922073 2
1.577689 0.624083 1.957029 2
1.559123 0.588019 1.921226 2
1.557918 0.549261 1.920101 2
1.569778 0.509292 1.944991 2
1.565897 0.471020 1.938055 2
1.569163 0.432255 1.945253 2
1.559829 0.394049 1.926949 2
1.577556 0.355190 1.962737 2
1.568754 0.316800 1.945074 2
1.554183 0.277856 1.915619 2
1.249351 0.223159 1.303385 3
1.631597 0.205857 2.069941 3
1.570417 0.162850 1.946273 3
1.300699 0.093292 1.403499 3
1.404069 0.063013 1.609705 6
1.456744 0.029041 1.713939 6
1.488293 -0.006568 1.775553 6
1.615203 -0.021985 2.028857 6
1.340889 -0.120444 1.474534 6
1.833330 -0.045660 2.463813 6
1.845284 -0.076223 2.485676 6
1.791864 -0.124971 2.375500 6
1.766748 -0.167507 2.322101 8
1.787492 -0.196285 2.361079 8
1.806855 -0.224816 2.397137 8
1.810825 -0.258386 2.401900 8
1.830965 -0.285626 2.439250 8
1.822485 -0.324043 2.418406 8
1.826251 -0.357700 2.422191 8
1.843921 -0.385034 2.454065 8
1.828605 -0.427691 2.418630 8
1.803758 -0.476092 2.363452 8
1.804631 -0.512341 2.360441 8
1.805029 -0.549093 2.356236 8
1.798531 -0.590075 2.337668 8
1.774435 -0.642163 2.282698 8
1.793222 -0.669137 2.315482 8
1.789851 -0.709827 2.302517 8
1.807475 -0.737025 2.332598 7
1.816495 -0.769701 2.344771 7
1.516532 -1.023589 1.716603 5
1.520630 1.898913 1.797524 2
1.510593 1.859163 1.785947 2
1.553870 1.778154 1.882077 2
1.554583 1.731731 1.891541 2
1.544330 1.693795 1.878595 2
1.534948 1.655224 1.867194 2
1.549175 1.600660 1.902993 2
1.539315 1.562958 1.890128 2
1.534384 1.522101 1.886921 2
1.547502 1.470451 1.919534 2
1.533673 1.435533 1.898059 2
1.524666 1.397637 1.886016 2
1.531651 1.351063 1.905568 2
1.520822 1.314335 1.889462 2
1.522494 1.271262 1.897953 2
1.542475 1.219922 1.942444 2
1.544830 1.177678 1.951741 2
1.523920 1.145766 1.914844 2
1.520042 1.106276 1.911411 2
1.522345 1.064482 1.919947 2
1.522316 1.023861 1.923657 2
1.522141 0.983504 1.926854 2
1.528005 0.941401 1.941700 2
1.520112 0.903856 1.929295 2
1.517725 0.864618 1.927501 2
1.508522 0.827197 1.912136 2
1.527931 0.782767 1.952640 2
1.526727 0.743733 1.952524 2
1.527426 0.704401 1.955926 2
1.521705 0.666328 1.946561 2
1.516152 0.628092 1.937329 2
1.525485 0.587733 1.956993 2
1.531159 0.548245 1.969289 2
1.528564 0.509815 1.965227 2
1.543692 0.470062 1.995574 2
1.526568 0.432617 1.962739 2
1.536287 0.393677 1.982115 2
1.533654 0.355278 1.977175 2
1.526454 0.316730 1.963120 2
1.514431 0.277735 1.939446 2
1.305273 0.228149 1.530661 3
1.596548 0.205805 2.098792 3
1.531074 0.162498 1.970129 3
1.293551 0.097075 1.505058 3
1.355496 0.061708 1.624763 6
1.385193 0.023850 1.681281 6
1.454029 -0.006051 1.814184 6
1.533908 -0.031054 1.968611 6
1.320727 -0.116123 1.549161 6
1.804556 -0.045207 2.494619 6
1.831076 -0.072026 2.544520 6
1.813084 -0.110259 2.506985 6
1.723534 -0.170824 2.328713 8
1.746844 -0.199122 2.371746 8
1.754780 -0.231855 2.384429 8
1.760358 -0.265283 2.392302 8
1.784806 -0.291396 2.437192 8
1.802357 -0.319456 2.468378 8
1.804764 -0.353446 2.469533 8
1.811226 -0.385723 2.478523 8
1.796853 -0.427780 2.446091 8
1.808817 -0.457703 2.465595 8
1.745469 -0.526241 2.335444 8
1.754775 -0.558743 2.349164 8
1.757394 -0.594872 2.349404 8
1.740318 -0.642696 2.310161 8
1.744368 -0.678796 2.312777 8
1.771356 -0.700584 2.361083 8
1.765536 -0.742918 2.343581 7
1.778359 -0.773259 2.363233 7
1.761797 -0.823986 2.323618 7
1.464225 1.961521 1.789180 2
1.468000 1.909868 1.805222 2
1.505388 1.832618 1.887163 2
1.522623 1.773025 1.928874 2
1.522796 1.727309 1.936686 2
1.523435 1.681746 1.945136 2
1.527675 1.634194 1.960353 2
1.512210 1.600370 1.936828 2
1.516249 1.553741 1.951145 2
1.503873 1.517851 1.933259 2
1.502513 1.475222 1.936591 2
1.511090 1.427207 1.958953 2
1.512403 1.383930 1.966963 2
1.497784 1.349467 1.943933 2
1.498402 1.306963 1.950165 2
1.493389 1.267521 1.945307 2
1.506315 1.219847 1.974788 2
1.506852 1.178476 1.980163 2
1.488258 1.145426 1.948565 2
1.509154 1.096083 1.992611 2
1.503334 1.057948 1.985144 2
1.494642 1.020811 1.971991 2
1.496642 0.979929 1.979119 2
1.477933 0.945843 1.946440 2
1.487901 0.902730 1.968400 2
1.484606 0.863825 1.964809 2
1.482734 0.824581 1.963740 2
1.497355 0.781575 1.993921 2
1.461024 0.750094 1.926790 2
1.471124 0.708361 1.947957 2
1.488923 0.665830 1.983566 2
1.491933 0.626351 1.990812 2
1.493900 0.587215 1.995877 2
1.491006 0.548769 1.991507 2
1.501968 0.509016 2.013290 2
1.492682 0.471177 1.996390 2
1.500936 0.432125 2.012640 2
1.497939 0.393770 2.007320 2
1.504282 0.355219 2.019560 2
1.499997 0.316820 2.011418 2
1.468314 0.277420 1.951030 2
1.324308 0.231092 1.676998 3
1.548771 0.204847 2.102992 3
1.487428 0.161752 1.985649 3
1.300203 0.102219 1.628703 3
1.305412 0.060226 1.637364 6
1.330955 0.021432 1.684513 6
1.423820 -0.004894 1.859641 6
1.773681 0.021665 2.524150 6
1.488973 -0.072090 1.980042 6
1.791265 -0.041215 2.554260 6
1.795438 -0.073446 2.560282 6
1.786771 -0.109138 2.541637 6
1.707293 -0.166140 2.387524 8
1.715431 -0.199003 2.400510 8
1.716397 -0.234095 2.399621 8
1.735284 -0.262930 2.432873 8
1.752261 -0.291874 2.462350 8
1.746159 -0.329495 2.447420 8
1.762815 -0.358020 2.475999 8
1.761362 -0.394042 2.469634 8
1.777111 -0.422388 2.496197 8
1.784469 -0.454356 2.506468 8
1.773290 -0.495642 2.480798 8
1.738818 -0.549991 2.409850 8
1.717924 -0.598666 2.364798 8
1.719502 -0.635694 2.362982 8
1.729514 -0.667941 2.377339 8
1.719552 -0.712412 2.352697 7
1.739346 -0.738599 2.385736 7
1.737054 -0.778905 2.375584 7
1.746322 -0.811737 2.387788 7
1.492749 -1.031492 1.885036 5
1.465706 1.928118 1.902575 2
1.501430 1.852369 1.978955 2
1.241880 2.005717 1.489485 2
1.499371 1.762296 1.989628 2
1.498054 1.718124 1.994039 2
1.485739 1.682024 1.977270 2
1.489950 1.634650 1.991742 2
1.491480 1.589643 2.000856 2
1.487867 1.548347 1.999982 2
1.476413 1.512034 1.984070 2
1.484652 1.464078 2.005177 2
1.476683 1.425956 1.995455 2
1.476204 1.383780 1.999653 2
1.485755 1.336708 2.022495 2
1.482359 1.296795 2.020763 2
1.468390 1.262060 1.999008 2
1.482910 1.214068 2.030473 2
1.469418 1.179094 2.009256 2
1.475786 1.135618 2.025015 2
1.475358 1.095309 2.027857 2
1.464149 1.059205 2.010390 2
1.475130 1.015085 2.034127 2
1.467181 0.977854 2.022382 2
1.466388 0.938275 2.023787 2
1.475146 0.896084 2.042764 2
1.465330 0.859397 2.027015 2
1.462400 0.820755 2.023895 2
1.465139 0.780843 2.031115 2
1.465775 0.741607 2.034249 2
1.477093 0.700504 2.057002 2
1.447623 0.666815 2.003969 2
1.458536 0.626061 2.025609 2
1.456913 0.587434 2.023838 2
1.466353 0.547612 2.042376 2
1.457386 0.509859 2.026655 2
1.470602 0.470269 2.051817 2
1.451166 0.432849 2.016380 2
1.458167 0.393908 2.029686 2
1.465180 0.355259 2.042836 2
1.471436 0.316885 2.054409 2
1.454552 0.278067 2.022998 2
1.369172 0.235191 1.864672 3
1.547162 0.207097 2.193491 3
1.482073 0.164415 2.072347 3
1.257228 0.101767 1.655221 3
1.253178 0.058494 1.646554 6
1.280642 0.019653 1.696064 6
1.361405 -0.009227 1.844189 6
1.556818 -0.013430 2.204813 6
1.418458 -0.079369 1.946478 6
1.764640 -0.040446 2.586968 6
1.772384 -0.071731 2.599541 6
1.772253 -0.104935 2.597344 6
1.677109 -0.165701 2.418313 8
1.666903 -0.204229 2.396920 8
1.678843 -0.236036 2.416571 8
1.693317 -0.266635 2.440813 8
1.709874 -0.296044 2.468816 8
1.709264 -0.331675 2.464650 8
1.750786 -0.350160 2.539060 8
1.728771 -0.394642 2.494569 8
1.729665 -0.429861 2.492727 8
1.734884 -0.463219 2.498821 8
1.737399 -0.497941 2.499683 8
1.725854 -0.540105 2.473935 8
1.687878 -0.597321 2.398182 8
1.690112 -0.633877 2.397847 8
1.674508 -0.681062 2.363648 8
1.661923 -0.727429 2.334867 8
1.705513 -0.739365 2.412197 7
1.706494 -0.777446 2.408753 7
1.716809 -0.809550 2.422841 7
1.711835 -0.852219 2.407677 7
1.455128 -1.076988 1.912173 5
1.448135 1.911427 1.975389 2
1.316571 1.966867 1.737316 2
1.482259 1.792631 2.053109 2
1.445885 1.774195 1.992161 2
1.441487 1.731932 1.990508 2
1.467063 1.669404 2.044132 2
1.467925 1.624825 2.051696 2
1.469057 1.580522 2.059529 2
1.446847 1.551071 2.024137 2
1.454453 1.503271 2.043497 2
1.455293 1.460048 2.050175 2
0.683015 1.843872 0.638459 2
0.713840 1.768909 0.701508 2
0.704670 1.716062 0.690956 2
0.694309 1.663824 0.677994 2
0.697701 1.605125 0.689910 2
0.669321 1.561121 0.643616 2
0.692338 1.494434 0.690782 2
0.681430 1.442774 0.675871 2
0.678415 1.387955 0.675091 2
0.673297 1.334086 0.670246 2
0.668547 1.280171 0.665834 2
0.678434 1.221601 0.687728 2
0.699791 1.160201 0.730132 2
0.669839 1.114440 0.679334 2
0.685235 1.055750 0.710425 2
0.656681 1.008592 0.661763 2
0.677809 0.949363 0.702717 2
0.678093 0.895400 0.705741 2
0.654220 0.846068 0.664912 2
0.662625 0.790612 0.682146 2
0.666046 0.736337 0.690144 2
0.652192 0.684487 0.666748 2
0.636485 0.632391 0.639795 2
0.647684 0.577420 0.661132 2
0.661875 0.522749 0.687622 2
0.653136 0.469790 0.672553 2
0.659231 0.416098 0.683991 2
1.257114 0.356936 1.761562 2
0.657020 0.309336 0.680234 2
1.387502 0.277139 1.996345 2
1.522162 0.244373 2.238693 3
1.528432 0.208096 2.249526 3
1.535566 0.172101 2.261765 3
1.212270 0.101098 1.678032 3
1.186210 0.054941 1.629937 3
1.229710 0.017818 1.707130 6
1.306456 -0.012205 1.844199 6
1.460795 -0.024990 2.121307 6
1.396854 -0.076432 2.004172 6
1.739540 -0.039398 2.621692 6
1.725517 -0.075920 2.594653 6
1.741807 -0.105122 2.622287 6
1.641526 -0.166854 2.438742 8
1.650430 -0.199589 2.452631 8
1.647351 -0.235999 2.444658 8
1.653147 -0.269646 2.452623 8
1.686101 -0.293348 2.509773 8
1.680339 -0.330774 2.496485 8
1.676239 -0.367957 2.486043 8
1.706274 -0.390993 2.537594 8
1.707466 -0.425870 2.536506 8
1.696001 -0.466834 2.512153 8
1.670604 -0.515316 2.462124 8
1.679852 -0.547485 2.475199 8
1.691286 -0.578368 2.492147 8
1.650724 -0.637736 2.413591 8
1.605137 -0.702031 2.325420 7
1.376387 -0.877662 1.899894 7
1.651629 -0.752581 2.401391 7
1.662240 -0.784907 2.415965 7
1.673442 -0.816724 2.431494 7
1.693658 -0.842235 2.463577 7
1.422779 -1.073081 1.955818 5
1.427479 1.897935 2.039935 2
1.412760 1.862906 2.019914 2
1.464069 1.778867 2.119252 2
1.122709 1.979067 1.508641 2
1.450477 1.699847 2.106710 2
1.436479 1.665371 2.087211 2
1.437944 1.620644 2.095379 2
1.439873 1.576090 2.104167 2
1.423469 1.543112 2.079880 2
1.443134 1.488711 2.120043 2
1.421834 1.458572 2.086680 2
1.406431 1.424668 2.063753 2
1.418219 1.376275 2.089191 2
1.396260 1.345559 2.054284 2
1.406228 1.298924 2.076083 2
1.395157 1.262634 2.060271 2
1.412913 1.213525 2.095497 2
1.406468 1.175507 2.087560 2
1.393725 1.139975 2.068310 2
1.375549 1.106210 2.039309 2
1.391585 1.059701 2.070708 2
1.386520 1.021162 2.064595 2
1.377903 0.983745 2.052053 2
1.383086 0.942053 2.063725 2
1.386337 0.901273 2.071808 2
1.369668 0.865937 2.044611 2
1.357426 0.829037 2.025083 2
1.366940 0.787008 2.043723 2
1.382120 0.744333 2.072158 2
0.622137 0.843075 0.736749 2
0.601517 0.792679 0.702398 2
0.594377 0.739687 0.691554 2
0.602289 0.684665 0.706952 2
0.593452 0.631797 0.692701 2
0.585494 0.578596 0.679788 2
0.576433 0.525231 0.664729 2
0.578970 0.471019 0.669826 2
0.595076 0.416553 0.698533 2
1.228310 0.356850 1.810571 2
0.586678 0.309126 0.684001 2
1.384186 0.278057 2.084103 2
1.490414 0.244439 2.270334 3
1.471732 0.206518 2.237089 3
1.159620 0.142698 1.688265 3
1.167748 0.100479 1.701694 3
1.150864 0.055405 1.671002 3
1.167240 0.014369 1.698591 3
1.458240 0.018442 2.208954 6
1.153241 -0.074580 1.671063 3
1.303452 -0.088050 1.933707 6
1.710521 -0.039280 2.648699 6
1.707819 -0.073009 2.642375 6
1.708416 -0.106103 2.641725 6
1.729293 -0.133645 2.676710 6
1.606186 -0.203439 2.457482 8
1.604018 -0.239776 2.451413 8
1.622709 -0.269315 2.482058 8
1.644023 -0.297346 2.517245 8
1.658748 -0.327193 2.540680 8
1.660136 -0.361943 2.540380 8
1.675623 -0.390944 2.564937 8
1.685449 -0.422007 2.579348 8
1.662740 -0.467812 2.535819 8
1.643991 -0.512885 2.499093 8
1.670519 -0.536342 2.542775 8
1.675592 -0.570128 2.548149 8
1.666307 -0.611750 2.527745 8
1.626189 -0.671411 2.452012 7
1.637459 -0.703047 2.467907 7
1.624476 -0.749212 2.440207 7
1.622630 -0.789279 2.432254 7
1.637252 -0.819074 2.453715 7
1.641339 -0.855662 2.456101 7
1.649561 -0.889572 2.465779 7
1.374152 -1.126777 1.962902 5
1.313831 2.005170 1.931395 2
1.342927 1.934357 1.989434 2
1.388293 1.853209 2.075762 2
1.406438 1.794361 2.113680 2
1.409634 1.747303 2.125010 2
1.406764 1.704961 2.125476 2
1.395202 1.668648 2.110527 2
1.404046 1.619220 2.131150 2
1.381373 1.589994 2.096466 2
1.380603 1.547136 2.099923 2
1.383219 1.502663 2.109099 2
1.394704 1.453739 2.133519 2
1.390227 1.414120 2.129961 2
1.394379 1.370214 2.141230 2
1.383329 1.334245 2.125944 2
1.376223 1.296256 2.117361 2
1.378241 1.254140 2.124430 2
1.362754 1.219904 2.101053 2
1.370261 1.175854 2.117290 2
1.372075 1.134564 2.123513 2
1.368701 1.095493 2.120624 2
1.365533 1.056429 2.117940 2
1.361801 1.017626 2.114137 2
1.342418 0.983756 2.083256 2
1.350528 0.941252 2.099544 2
1.346134 0.902651 2.094172 2
1.340601 0.864325 2.086701 2
1.340740 0.824594 2.088826 2
1.336532 0.785941 2.083344 2
1.331922 0.747328 2.077028 2
1.324607 0.709134 2.065934 2
1.331686 0.668465 2.079371 2
1.326726 0.629847 2.072026 2
1.322531 0.591026 2.065852 2
1.323260 0.551608 2.067967 2
1.320872 0.512537 2.064599 2
1.325361 0.472973 2.072860 2
1.312362 0.434432 2.051043 2
1.333971 0.394459 2.088315 2
1.309726 0.355739 2.046966 2
0.517181 0.308929 0.690599 2
1.316005 0.277119 2.057566 2
1.444480 0.243832 2.277177 3
1.435387 0.206318 2.261204 3
1.211398 0.150319 1.877169 3
1.225528 0.110403 1.900607 3
1.221075 0.068694 1.892073 3
1.210170 0.025839 1.872328 3
1.529810 0.035227 2.418934 6
1.692907 0.028676 2.697390 6
1.678694 -0.006786 2.671814 6
1.705283 -0.034048 2.716111 6
1.696716 -0.068677 2.699971 6
1.694823 -0.102043 2.695156 6
1.696983 -0.134490 2.697177 6
1.692057 -0.169059 2.686893 6
1.588916 -0.234647 2.507450 8
1.614900 -0.261533 2.549998 8
1.617737 -0.295706 2.552582 8
1.627088 -0.327525 2.566272 8
1.653617 -0.352446 2.609502 8
1.625630 -0.398898 2.558484 8
1.637404 -0.429547 2.575998 8
1.633376 -0.467064 2.566053 8
1.627542 -0.505821 2.552820 8
1.625648 -0.543119 2.546253 8
1.629323 -0.577898 2.549199 8
1.632100 -0.613267 2.550447 8
1.581867 -0.678122 2.459284 7
1.598170 -0.707172 2.483699 7
1.591002 -0.749815 2.467068 7
1.603080 -0.781219 2.483867 7
1.616130 -0.811822 2.502257 7
1.608241 -0.856023 2.483848 7
1.613551 -0.891936 2.488388 7
1.342148 -1.122709 2.006388 5
1.274720 2.005443 1.964975 2
1.322346 1.921138 2.052976 2
1.339756 1.861674 2.088651 2
1.362851 1.799401 2.133777 2
1.367192 1.751552 2.146504 2
1.360876 1.711456 2.140818 2
1.352220 1.673017 2.130988 2
1.364028 1.621780 2.155881 2
1.340535 1.592807 2.120484 2
1.355275 1.540854 2.149983 2
1.356736 1.497357 2.156712 2
1.370479 1.447578 2.184088 2
1.350243 1.416459 2.153711 2
1.338704 1.380450 2.137957 2
1.344901 1.335706 2.152055 2
1.342991 1.295244 2.152288 2
1.341069 1.254978 2.152351 2
1.340722 1.214224 2.154921 2
1.346522 1.171217 2.167689 2
1.325388 1.139015 2.134985 2
1.341157 1.092745 2.164217 2
1.340043 1.053125 2.164908 2
1.336004 1.014610 2.160547 2
1.312226 0.982188 2.122944 2
1.325627 0.938316 2.147570 2
1.334006 0.896465 2.163616 2
1.333284 0.857359 2.164269 2
1.301853 0.825476 2.113389 2
1.311661 0.783764 2.131410 2
1.304453 0.745841 2.120822 2
1.314965 0.704646 2.139729 2
1.287950 0.669827 2.095782 2
1.296720 0.629141 2.111505 2
1.306890 0.588689 2.129422 2
1.293702 0.551045 2.108198 2
1.311345 0.510415 2.138315 2
1.311125 0.471633 2.138476 2
1.290985 0.433794 2.105260 2
1.287483 0.394779 2.099683 2
1.288182 0.355612 2.100982 2
1.296802 0.316549 2.115366 2
1.317286 0.278125 2.149417 3
1.386477 0.242682 2.264624 3
1.406917 0.206622 2.298358 3
1.163476 0.149411 1.891477 3
1.191711 0.110700 1.937911 3
1.179414 0.068118 1.916538 3
1.196524 0.029079 1.944133 3
1.536772 0.041297 2.511549 6
1.664105 0.028712 2.723320 6
1.660280 -0.004676 2.715814 6
1.640065 -0.041784 2.680775 6
1.663238 -0.069701 2.718203 6
1.656587 -0.104322 2.705617 6
1.646791 -0.140157 2.687631 6
1.648249 -0.173245 2.688375 6
1.556929 -0.234920 2.533386 8
1.576295 -0.264107 2.563853 8
1.617440 -0.285187 2.630817 8
1.602848 -0.325187 2.604071 8
1.606309 -0.358994 2.607526 8
1.604076 -0.395155 2.601278 8
1.594019 -0.434915 2.581712 8
1.594652 -0.470548 2.580008 8
1.593612 -0.507153 2.575350 8
1.589699 -0.545422 2.565695 8
1.582336 -0.585829 2.550055 8
1.595861 -0.615866 2.569614 8
1.604811 -0.648111 2.581326 8
1.552820 -0.714652 2.489500 7
1.555060 -0.751923 2.489464 7
1.577157 -0.777388 2.523069 7
1.565812 -0.823214 2.499643 7
1.574591 -0.856822 2.510337 7
1.303984 -1.077463 2.043629 5
1.240477 2.002099 2.006339 2
1.265352 1.935593 2.053601 2
1.291854 1.869492 2.103265 2
1.326117 1.799568 2.165563 2
1.281715 1.784980 2.096489 2
1.309342 1.721537 2.147263 2
1.284916 1.692821 2.111268 2
1.319657 1.627025 2.173380 2
1.308254 1.590517 2.158718 2
1.306463 1.548373 2.159851 2
1.304738 1.506463 2.160943 2
1.296976 1.468038 2.151914 2
1.289178 1.429637 2.142701 2
1.304613 1.379740 2.171657 2
1.269929 1.354536 2.117888 2
1.304084 1.296914 2.177325 2
1.293993 1.260166 2.163792 2
1.299386 1.216830 2.175576 2
1.280201 1.183697 2.146875 2
1.311506 1.130976 2.200870 2
1.294423 1.097025 2.175370 2
1.297230 1.055867 2.182343 2
1.281743 1.020876 2.159241 2
1.302091 0.974653 2.194640 2
1.291318 0.938183 2.179005 2
1.280200 0.901559 2.162696 2
1.283992 0.860995 2.170622 2
1.271939 0.824318 2.152554 2
1.299904 0.778942 2.199656 2
1.275571 0.744699 2.161317 2
1.281495 0.704443 2.172202 2
1.264678 0.668008 2.145899 2
1.268176 0.628279 2.152582 2
1.293748 0.586149 2.195089 2
1.291021 0.547836 2.191376 2
1.251977 0.512438 2.128415 2
1.245179 0.473623 2.117842 2
1.255034 0.433843 2.134253 2
1.272791 0.394230 2.163399 2
1.242417 0.355711 2.114087 2
1.271987 0.316639 2.162213 2
1.360948 0.280246 2.306880 3
1.356373 0.242827 2.299199 3
0.852335 0.173552 1.478355 3
1.149929 0.151323 1.962274 3
1.163661 0.111548 1.983990 3
1.128757 0.066481 1.926370 3
1.142410 0.026685 1.947697 3
1.455863 0.033586 2.457445 6
1.615642 0.025332 2.716884 6
1.612407 -0.008283 2.710575 6
1.640359 -0.035576 2.755032 6
1.630967 -0.070443 2.738475 6
1.628924 -0.103951 2.733798 6
1.621963 -0.138951 2.720976 6
1.633622 -0.169055 2.738468 6
1.559601 -0.224748 2.615755 8
1.560076 -0.259450 2.614686 8
1.556205 -0.295768 2.606386 8
1.586931 -0.319985 2.654648 8
1.587756 -0.354507 2.653835 8
1.566574 -0.397918 2.616796 8
1.554010 -0.438752 2.593733 8
1.550679 -0.476257 2.585690 8
1.573928 -0.502014 2.621240 8
1.558754 -0.545331 2.593466 8
1.556576 -0.583061 2.586937 8
1.549753 -0.623520 2.572606 8
1.550988 -0.660211 2.571430 8
1.517757 -0.716245 2.513138 7
1.530908 -0.747256 2.531357 7
1.526577 -0.788446 2.520516 7
1.534772 -0.822419 2.530297 7
1.514173 -0.874725 2.492131 7
1.278935 -1.069460 2.096682 5
1.195603 2.006986 2.029601 2
1.214991 1.944806 2.066381 2
1.241486 1.878893 2.114461 2
1.286138 1.802061 2.191749 2
1.254397 1.778537 2.144751 2
1.271915 1.722243 2.177540 2
1.259158 1.686028 2.161107 2
1.275499 1.632047 2.191608 2
1.254624 1.600884 2.161807 2
1.253374 1.558135 2.163587 2
1.265921 1.508152 2.187454 2
1.269895 1.463494 2.197340 2
1.259295 1.426675 2.183637 2
1.250376 1.388918 2.172530 2
1.236566 1.353381 2.153463 2
1.252564 1.304238 2.182102 2
1.267942 1.256233 2.209571 2
1.244313 1.225031 2.174417 2
1.253620 1.180303 2.191886 2
1.237579 1.145570 2.168680 2
1.272960 1.092293 2.227540 2
1.269665 1.053466 2.224451 2
1.239177 1.023289 2.177851 2
1.249324 0.980078 2.195992 2
1.247344 0.940788 2.194665 2
1.232408 0.904956 2.172579 2
1.243585 0.862393 2.191982 2
1.253006 0.820765 2.208456 2
1.241058 0.784004 2.190799 2
1.265886 0.740010 2.231537 2
1.245530 0.704693 2.200285 2
1.261852 0.663162 2.227243 2
1.263183 0.624307 2.230251 2
1.240107 0.588405 2.194365 2
1.231620 0.550306 2.181558 2
1.252504 0.509601 2.215291 2
1.260217 0.470506 2.227985 2
1.248363 0.432592 2.209495 2
1.227459 0.394521 2.176526 2
1.217607 0.355620 2.160996 2
1.219724 0.316480 2.164358 2
1.218998 0.277335 2.163092 2
1.323427 0.242835 2.328692 3
0.834239 0.174996 1.551496 3
1.110955 0.151122 1.990470 3
1.094387 0.108310 1.963556 3
1.104216 0.067911 1.978454 3
1.088912 0.024431 1.953296 6
1.312798 0.016660 2.308229 6
1.592361 0.026320 2.751782 6
1.594209 -0.006219 2.753775 6
1.599750 -0.038017 2.761548 6
1.596323 -0.071718 2.754956 6
1.603617 -0.103048 2.765334 6
1.604245 -0.135960 2.765005 6
1.455467 -0.210648 2.526419 8
1.489863 -0.236470 2.579622 8
1.528279 -0.259901 2.639192 8
1.556422 -0.285498 2.682323 8
1.543314 -0.324771 2.659496 8
1.554230 -0.355774 2.674944 8
1.532251 -0.399395 2.637680 8
1.548247 -0.428488 2.661053 8
1.509778 -0.480514 2.597084 8
1.542735 -0.502249 2.647444 8
1.533062 -0.542847 2.629355 8
1.513517 -0.588856 2.595263 8
1.517099 -0.624175 2.598181 8
1.498222 -0.671417 2.564840 8
1.458749 -0.730911 2.498131 7
1.489101 -0.752796 2.543779 7
1.517427 -0.774952 2.586131 7
1.507175 -0.819641 2.566096 7
1.248180 -1.020820 2.143341 5
1.166830 1.999893 2.078655 2
1.182946 1.940638 2.108955 2
1.199486 1.882231 2.139704 2
1.257316 1.797004 2.235573 2
0.908335 1.981629 1.688094 2
1.202294 1.743484 2.156763 2
1.219788 1.687923 2.188261 2
1.198648 1.656456 2.158703 2
1.200134 1.611478 2.164681 2
1.217535 1.558058 2.195535 2
1.182389 1.533842 2.143680 2
1.215932 1.473062 2.199572 2
1.218653 1.429227 2.206921 2
1.212392 1.390082 2.200070 2
1.211549 1.348488 2.201587 2
1.203155 1.310451 2.191178 2
1.202302 1.269172 2.192450 2
1.204508 1.226869 2.198379 2
1.205772 1.185240 2.202716 2
1.212389 1.141916 2.215281 2
1.199520 1.105811 2.197351 2
1.216061 1.059751 2.225135 2
1.217801 1.019078 2.229737 2
1.208517 0.981867 2.217076 2
1.227187 0.936806 2.247787 2
1.207577 0.902388 2.218863 2
1.216837 0.860519 2.234710 2
1.198538 0.825192 2.207638 2
1.200664 0.785190 2.212189 2
1.220880 0.742026 2.244709 2
1.207597 0.705285 2.225127 2
1.212180 0.665490 2.233164 2
1.202499 0.627820 2.218973 2
1.203376 0.588672 2.221056 2
1.202587 0.549779 2.220450 2
1.222978 0.509235 2.252569 2
1.218405 0.470985 2.245889 2
1.212751 0.432654 2.237434 2
1.196103 0.394438 2.211842 2
1.190394 0.355555 2.203100 2
1.220863 0.316794 2.250309 3
1.273029 0.279669 2.331038 3
1.254731 0.241269 2.302484 3
0.847174 0.178293 1.670588 3
1.061601 0.150097 2.002451 3
1.070011 0.109497 2.014941 3
1.068647 0.068021 2.012171 3
1.052100 0.024430 1.985745 3
1.226241 0.008694 2.254975 6
1.438064 0.005345 2.582703 6
1.562978 -0.006651 2.775644 6
1.570447 -0.038109 2.786283 6
1.593397 -0.065977 2.820885 6
1.569446 -0.104313 2.782556 6
1.565789 -0.138411 2.775650 6
1.435273 -0.207589 2.571375 8
1.441847 -0.241497 2.580097 8
1.470299 -0.268511 2.622785 8
1.490200 -0.297453 2.652106 8
1.518442 -0.322930 2.694362 8
1.514687 -0.359242 2.686677 8
1.493059 -0.402739 2.650996 8
1.489528 -0.439935 2.643427 8
1.492034 -0.474917 2.645179 8
1.489728 -0.512134 2.639309 8
1.481652 -0.552310 2.624296 8
1.486860 -0.586669 2.629963 8
1.472572 -0.630774 2.604972 8
1.455154 -0.677303 2.574918 8
1.443370 -0.721756 2.553547 7
1.441746 -0.761303 2.547998 7
1.445564 -0.798078 2.550887 7
1.449187 -0.835127 2.553360 7
1.210516 -1.021550 2.173640 5
1.208458 -1.067481 2.166494 5
1.154067 1.981478 2.151385 2
1.165147 1.926626 2.172767 2
1.174219 1.874060 2.190867 2
1.211221 1.803696 2.251865 2
0.848683 1.993222 1.697210 2
1.182134 1.733163 2.214471 2
1.155485 1.704934 2.177046 2
1.161484 1.656886 2.189705 2
1.168148 1.609051 2.203241 2
1.154102 1.573146 2.184892 2
1.178380 1.516795 2.225147 2
1.161385 1.482683 2.202071 2
1.158726 1.441200 2.200837 2
1.175668 1.390673 2.229435 2
1.167146 1.352568 2.219013 2
1.156302 1.315412 2.204956 2
1.173047 1.266651 2.232862 2
1.169335 1.226858 2.229465 2
1.168444 1.186086 2.230260 2
1.151789 1.151170 2.206970 2
1.159721 1.107443 2.220988 2
1.158938 1.067018 2.221643 2
1.178595 1.020490 2.253242 2
1.159670 0.985951 2.226137 2
1.143979 0.950022 2.203864 2
1.168005 0.903653 2.241755 2
1.168335 0.863839 2.243590 2
1.153951 0.827362 2.223023 2
1.171297 0.784160 2.250450 2
1.147017 0.749258 2.214711 2
1.193915 0.701883 2.286680 2
1.186479 0.664235 2.276261 2
1.170755 0.627482 2.253209 2
1.170429 0.588519 2.253372 2
1.166673 0.549932 2.248251 2
1.166850 0.510960 2.248988 2
1.174443 0.471587 2.260848 2
1.180807 0.432561 2.270753 2
1.161745 0.394438 2.242109 2
1.170899 0.355426 2.256048 2
1.226199 0.317134 2.339683 3
1.220726 0.279172 2.331313 3
1.183777 0.239649 2.275246 2
1.033106 0.191946 2.047058 3
1.038155 0.151110 2.054298 3
1.038211 0.109930 2.053887 3
1.035783 0.068419 2.049618 3
1.037839 0.027341 2.052034 3
1.095427 -0.005560 2.138419 6
1.339127 -0.005885 2.506568 6
1.518571 -0.009487 2.777498 6
1.545789 -0.037290 2.817859 6
1.529280 -0.073729 2.791891 6
1.559084 -0.099969 2.836044 6
1.545077 -0.136328 2.813696 6
1.403279 -0.207844 2.597335 8
1.403417 -0.243636 2.596172 8
1.423617 -0.273426 2.625390 8
1.457499 -0.298209 2.675341 8
1.482531 -0.324957 2.711798 8
1.483337 -0.359687 2.711352 8
1.472155 -0.399097 2.692572 8
1.474712 -0.433650 2.694603 8
1.459947 -0.475491 2.670146 8
1.446717 -0.517418 2.647904 8
1.449435 -0.552842 2.649878 8
1.445500 -0.591523 2.641600 8
1.451665 -0.625645 2.648651 8
1.394741 -0.691880 2.559093 8
1.409061 -0.722943 2.578378 7
1.436537 -0.746538 2.617757 7
1.437131 -0.784585 2.615868 7
1.354681 -0.871577 2.486359 7
1.160518 -1.029803 2.184780 5
1.159483 -1.075252 2.179621 5
1.036087 2.039066 2.063185 2
1.012171 2.007155 2.031150 2
0.950996 1.999891 1.943006 2
0.925081 1.967518 1.907916 2
0.828076 1.979719 1.766039 2
1.131778 1.741832 2.225344 2
1.095234 1.719054 2.173797 2
1.123170 1.658031 2.218773 2
1.110914 1.620841 2.203438 2
1.109349 1.577759 2.204003 2
1.127731 1.524575 2.234249 2
1.105212 1.492871 2.203311 2
1.092991 1.455653 2.187674 2
1.104859 1.407098 2.207848 2
1.127940 1.354258 2.244591 2
1.122106 1.314863 2.238160 2
1.106595 1.279454 2.217249 2
1.107055 1.237477 2.220004 2
1.128283 1.188001 2.253506 2
1.127696 1.147233 2.254492 2
1.098752 1.116191 2.213309 2
1.135438 1.063371 2.269403 2
1.129483 1.024876 2.262146 2
1.104626 0.991700 2.226797 2
1.118947 0.947378 2.249412 2
1.116781 0.907804 2.247510 2
1.130591 0.864594 2.269164 2
1.126637 0.825792 2.264434 2
1.113000 0.788872 2.245296 2
1.124784 0.747027 2.263671 2
1.115158 0.709158 2.250300 2
1.118391 0.669180 2.255852 2
1.122222 0.629314 2.262198 2
0.181367 0.694307 0.872840 2
0.171958 0.639930 0.859663 2
0.182305 0.583788 0.875548 2
0.176031 0.529047 0.866764 2
0.199379 0.472877 0.901601 2
0.199832 0.418118 0.902509 2
0.715075 0.359014 1.663412 2
1.179715 0.317021 2.349477 3
1.106163 0.277099 2.240788 2
1.094112 0.237276 2.222821 2
1.230211 0.205848 2.423550 3
1.207219 0.166836 2.389268 3
1.198998 0.128384 2.376714 3
0.969211 0.065057 2.036748 3
0.983268 0.024995 2.056880 6
1.085689 -0.001841 2.207521 6
1.224958 -0.019264 2.412608 6
1.456885 -0.015354 2.754716 6
1.491455 -0.042351 2.805037 6
1.515154 -0.070568 2.839231 6
1.526137 -0.101002 2.854555 6
1.387516 -0.168373 2.648329 8
1.376030 -0.206852 2.630166 8
1.365376 -0.245627 2.613140 8
1.370215 -0.280246 2.618985 8
1.419318 -0.300721 2.690397 8
1.459606 -0.322579 2.748718 8
1.449929 -0.360881 2.732846 8
1.451221 -0.395614 2.733169 8
1.475140 -0.421641 2.767039 8
1.454160 -0.465340 2.734100 8
1.431939 -0.510528 2.699192 8
1.405952 -0.558414 2.658547 8
1.422628 -0.587701 2.681329 8
1.393299 -0.638784 2.635459 8
1.369747 -0.688312 2.598052 8
1.387332 -0.717608 2.621930 7
1.398283 -0.750084 2.635840 7
1.358529 -0.810697 2.573832 7
1.305945 -0.880529 2.492415 7
1.079542 -1.056327 2.150283 5
1.140925 -1.064118 2.239064 5
0.948027 2.024398 2.028510 2
0.891400 2.013068 1.948994 2
0.864533 1.980759 1.913118 2
0.810150 1.965038 1.836919 2
1.074041 1.754764 2.226231 2
1.099090 1.695175 2.265750 2
1.056974 1.675030 2.207036 2
1.067573 1.624694 2.225229 2
1.072334 1.578181 2.234784 2
1.063268 1.539233 2.224089 2
0.231230 1.906056 1.015290 2
0.234539 1.846051 1.023253 2
0.187405 1.809568 0.957750 2
0.162615 1.761939 0.924669 2
0.166709 1.701621 0.933443 2
1.130249 1.255645 2.334414 2
1.128915 1.215449 2.334293 2
1.137524 1.171769 2.348501 2
1.132048 1.133514 2.342203 2
1.125558 1.095592 2.334361 2
1.130668 1.053978 2.343237 2
1.128627 1.014834 2.341675 2
1.108917 0.980719 2.314477 2
1.122306 0.937392 2.335077 2
1.140267 0.893547 2.362192 2
1.127248 0.857509 2.344445 2
1.126184 0.818626 2.343901 2
1.107347 0.783263 2.317614 2
1.108829 0.743769 2.320597 2
1.120729 0.702755 2.338537 2
1.102117 0.666589 2.312363 2
1.106184 0.627011 2.318842 2
1.123817 0.586156 2.344812 2
1.130717 0.546943 2.355218 2
0.169767 0.581088 0.969708 2
0.152374 0.527597 0.945052 2
0.155858 0.472689 0.950398 2
0.157524 0.417976 0.953014 2
0.656832 0.359165 1.673062 2
1.165662 0.317183 2.406732 3
1.098949 0.277784 2.310464 2
1.045058 0.236672 2.232602 2
1.164591 0.203911 2.404744 3
1.178475 0.167156 2.424471 3
0.904042 0.104212 2.028269 3
0.912001 0.062806 2.039253 3
1.047965 0.037735 2.234845 6
1.136398 0.010392 2.361832 6
1.237587 -0.011996 2.507206 6
1.361626 -0.026997 2.685558 6
1.257517 -0.082081 2.534469 8
1.495613 -0.068659 2.877525 6
1.493430 -0.101968 2.873539 6
1.348815 -0.170357 2.663618 8
1.337132 -0.208969 2.645686 8
1.348462 -0.241677 2.660956 8
1.340984 -0.279713 2.648949 8
1.366337 -0.307835 2.684387 8
1.391235 -0.335376 2.719123 8
1.404792 -0.366166 2.737386 8
1.422993 -0.394943 2.762325 8
1.411174 -0.434798 2.743678 8
1.421159 -0.466483 2.756577 8
1.402065 -0.510230 2.727194 8
1.368072 -0.561400 2.676055 8
1.376483 -0.594660 2.686420 8
1.371088 -0.634397 2.676637 8
1.300343 -0.706796 2.571629 8
1.344314 -0.723375 2.633505 7
1.350766 -0.758481 2.640692 7
1.341582 -0.802205 2.624993 7
1.267527 -0.883397 2.514466 7
1.069857 -1.040247 2.223032 5
1.060929 -1.090627 2.207054 5
0.917585 2.018466 2.075726 2
0.967821 1.936930 2.150691 2
1.028024 1.851434 2.239669 2
1.080274 1.773541 2.317052 2
1.088307 1.724392 2.331151 2
1.071948 1.689994 2.310373 2
1.086401 1.638097 2.333423 2
1.064066 1.606949 2.303996 2
1.073739 1.558580 2.320050 2
1.066158 1.519560 2.311475 2
1.064336 1.477757 2.311010 2
1.066135 1.434474 2.315604 2
1.045921 1.401419 2.288881 2
1.057247 1.354278 2.306830 2
1.063904 1.309717 2.318065 2
1.070773 1.265539 2.329510 2
1.044017 1.234563 2.293262 2
1.052810 1.190014 2.307278 2
1.052890 1.148969 2.308881 2
1.069485 1.102719 2.333756 2
1.056954 1.066237 2.317375 2
1.057053 1.025800 2.318776 2
1.059798 0.984796 2.323840 2
1.073264 0.941264 2.343963 2
1.077213 0.900626 2.350571 2
1.062703 0.864396 2.331060 2
1.072977 0.822648 2.346448 2
1.049554 0.787790 2.314237 2
1.064283 0.745603 2.335763 2
1.052794 0.708130 2.320253 2
1.038412 0.670765 2.300601 2
1.056462 0.628968 2.326587 2
1.043860 0.591134 2.309311 2
1.065284 0.549844 2.339903 2
1.059147 0.511362 2.331598 2
1.071632 0.471639 2.349455 2
1.093309 0.431979 2.380188 2
1.050353 0.394660 2.319826 2
1.059360 0.355505 2.332579 2
1.073098 0.316691 2.351926 2
1.060635 0.277677 2.334307 2
1.073985 0.239304 2.352972 2
1.124456 0.203500 2.423856 3
1.109873 0.164495 2.403050 3
0.847141 0.102391 2.032599 3
0.851506 0.060256 2.038304 3
0.991045 0.034990 2.234408 6
1.110402 0.011456 2.402059 6
1.220132 -0.009692 2.556131 6
1.330469 -0.027148 2.711055 6
1.264335 -0.074694 2.617124 8
1.453621 -0.071486 2.883368 6
1.468385 -0.101201 2.903452 6
1.317210 -0.170589 2.689292 8
1.317791 -0.205989 2.689185 8
1.313904 -0.242725 2.682705 8
1.325313 -0.275252 2.697765 8
1.331777 -0.309060 2.705783 8
1.367334 -0.333287 2.754876 8
1.386393 -0.362121 2.780610 8
1.367438 -0.404199 2.752506 8
1.381694 -0.434525 2.771332 8
1.381984 -0.470071 2.770326 8
1.378225 -0.507474 2.763517 8
1.356260 -0.553074 2.730815 8
1.342753 -0.595863 2.710010 8
1.341673 -0.633549 2.706752 8
1.278610 -0.701612 2.615374 8
1.301930 -0.728689 2.646590 7
1.312762 -0.761698 2.660011 7
1.164899 -0.880362 2.447509 7
1.235636 -0.882577 2.545975 7
1.022118 -1.046705 2.239347 5
1.033292 -1.085135 2.252676 5
0.898885 1.956810 2.141226 2
0.947961 1.878363 2.212255 2
1.037931 1.777368 2.340039 2
1.035006 1.734695 2.338300 2
1.020502 1.698850 2.320383 2
1.021462 1.654290 2.323903 2
1.005161 1.619278 2.303371 2
1.015155 1.570461 2.319283 2
1.028307 1.520735 2.339484 2
1.010496 1.486581 2.316663 2
1.019253 1.439826 2.330607 2
0.998916 1.406532 2.304175 2
0.998227 1.364414 2.304895 2
0.993352 1.324222 2.299752 2
1.005945 1.277266 2.318700 2
0.998463 1.238460 2.309814 2
0.999943 1.196411 2.313250 2
0.989453 1.158670 2.300085 2
1.008703 1.111180 2.327922 2
1.008915 1.070330 2.329397 2
1.004723 1.030923 2.324732 2
0.982227 0.996501 2.294758 2
0.995469 0.952368 2.314016 2
1.003760 0.909996 2.326371 2
1.008247 0.868869 2.333416 2
1.000037 0.830611 2.322900 2
1.003232 0.790044 2.328037 2
0.969577 0.756011 2.282363 2
0.999076 0.711156 2.323597 2
0.993268 0.672256 2.316151 2
1.008937 0.630610 2.338206 2
0.991811 0.593020 2.315061 2
1.034069 0.549599 2.373578 2
1.001814 0.513073 2.329495 2
1.016895 0.472832 2.350487 2
0.993888 0.434665 2.319015 2
1.001349 0.395024 2.329401 2
1.008144 0.355645 2.338809 2
1.000418 0.316374 2.328180 2
1.061683 0.278532 2.412405 3
0.982703 0.236962 2.303625 2
1.101197 0.204058 2.466477 3
1.098026 0.166067 2.461882 3
0.778975 0.099604 2.022540 3
0.797946 0.058505 2.048251 3
0.982337 0.038216 2.301593 6
1.104397 0.015253 2.469136 6
1.193639 -0.008868 2.591486 6
1.303111 -0.026654 2.741680 6
1.384694 -0.046160 2.853465 6
1.397270 -0.077186 2.870171 6
1.294590 -0.133400 2.728007 8
1.299409 -0.167545 2.733893 8
1.314826 -0.198944 2.754337 8
1.290789 -0.240656 2.720325 8
1.291935 -0.276045 2.720977 8
1.301693 -0.308906 2.733458 8
1.336323 -0.333572 2.780228 8
1.317761 -0.375252 2.753511 8
1.325869 -0.408227 2.763566 8
1.347761 -0.435949 2.792623 8
1.366032 -0.464509 2.816639 8
1.352113 -0.505756 2.796084 8
1.301156 -0.563443 2.724187 8
1.305761 -0.598508 2.729100 8
1.292411 -0.641904 2.709078 8
1.240403 -0.704499 2.635382 8
1.250618 -0.738313 2.647846 7
1.283748 -0.760234 2.692061 7
1.266188 -0.808211 2.665870 7
1.198373 -0.884782 2.569742 7
0.991694 -1.043162 2.280326 5
0.986474 -1.091131 2.270768 5
0.822702 1.980738 2.123843 2
0.872139 1.901922 2.193373 2
0.988784 1.785190 2.354042 2
0.983471 1.743711 2.348865 2
0.979032 1.701891 2.344811 2
0.962920 1.666573 2.324865 2
0.978990 1.614110 2.348491 2
0.968473 1.575999 2.336012 2
0.966753 1.533505 2.335391 2
0.991370 1.478815 2.370346 2
0.964808 1.448489 2.335983 2
0.955029 1.410168 2.324278 2
0.967861 1.362274 2.343077 2
0.944568 1.329584 2.313002 2
0.937706 1.289997 2.305077 2
0.948739 1.243805 2.321252 2
0.965088 1.196327 2.344527 2
0.961660 1.156205 2.341052 2
0.953659 1.117602 2.331357 2
0.949879 1.077637 2.327299 2
0.929284 1.042489 2.300528 2
0.951237 0.995427 2.331033 2
0.937181 0.958278 2.312969 2
0.923248 0.920773 2.295024 2
0.919382 0.880742 2.290583 2
0.915965 0.840612 2.286691 2
0.944462 0.794558 2.325688 2
0.926548 0.757390 2.302179 2
0.923940 0.717387 2.299209 2
0.954456 0.672849 2.340737 2
0.950725 0.633505 2.336145 2
0.930528 0.595825 2.309360 2
0.946684 0.554336 2.331403 2
0.922532 0.516329 2.299200 2
0.958558 0.474199 2.347844 2
0.947622 0.435143 2.333302 2
0.949474 0.395449 2.335898 2
0.948430 0.355851 2.334547 2
0.943103 0.316189 2.327386 2
0.885438 0.275090 2.249821 2
0.926288 0.236082 2.304624 2
1.048755 0.202956 2.469095 3
1.024994 0.163164 2.436948 3
0.768468 0.101987 2.091794 3
0.740728 0.056412 2.054152 3
0.759275 0.015469 2.078689 3
1.041179 0.011103 2.457374 6
1.192602 -0.004180 2.660596 6
1.282065 -0.025116 2.780474 6
1.358802 -0.045584 2.883220 6
1.344850 -0.081943 2.863907 6
1.375325 -0.109153 2.904343 6
1.256423 -0.170513 2.743624 8
1.255199 -0.206341 2.741266 8
1.268819 -0.238356 2.758855 8
1.247675 -0.279927 2.729559 8
1.263011 -0.311362 2.749367 8
1.282957 -0.340966 2.775355 8
1.297087 -0.371997 2.793463 8
1.309572 -0.403290 2.809315 8
1.314981 -0.436931 2.815577 8
1.333891 -0.465365 2.840023 8
1.348476 -0.495075 2.858595 8
1.245027 -0.573969 2.717626 8
1.254726 -0.607236 2.729452 8
1.226908 -0.657417 2.690489 8
1.173736 -0.720752 2.617126 8
1.220996 -0.737081 2.679606 7
1.263478 -0.754414 2.735618 7
1.246137 -0.801879 2.710556 7
1.153112 -0.891299 2.582775 7
0.929986 -1.057307 2.278264 5
0.767170 -1.196841 2.055205 5
0.804084 1.920115 2.187170 2
0.949325 1.787119 2.381604 2
0.920106 1.759250 2.344631 2
0.942597 1.702099 2.376114 2
0.917374 1.671586 2.344355 2
0.922599 1.624749 2.352849 2
0.938753 1.572938 2.375729 2
0.903516 1.546750 2.330612 2
0.919073 1.496011 2.352583 2
0.885859 1.467899 2.310076 2
0.911579 1.413540 2.345344 2
0.923053 1.366190 2.361734 2
0.899468 1.333360 2.331815 2
0.880205 1.298316 2.307563 2
0.908595 1.245548 2.346090 2
0.910894 1.202962 2.350161 2
0.875187 1.173169 2.304111 2
0.878025 1.130310 2.308800 2
0.903929 1.080877 2.343807 2
0.892640 1.042878 2.329789 2
0.898037 1.000261 2.337686 2
0.894942 0.960065 2.334360 2
0.882344 0.922101 2.318486 2
0.879167 0.881828 2.314960 2
0.885453 0.839685 2.323832 2
0.872718 0.801333 2.307645 2
0.880142 0.759304 2.317916 2
0.856801 0.722248 2.287700 2
0.885746 0.677469 2.326159 2
0.856605 0.640601 2.288236 2
0.870721 0.598408 2.307109 2
0.878126 0.557305 2.317115 2
0.859119 0.518367 2.292375 2
0.896045 0.475763 2.341068 2
0.890088 0.436057 2.333379 2
0.869975 0.396520 2.307052 2
0.870991 0.356191 2.308432 2
0.884262 0.315996 2.325863 2
0.784543 0.273532 2.194834 2
0.923854 0.237362 2.377733 3
1.020951 0.203247 2.505147 3
0.650520 0.138835 2.018339 3
0.659065 0.095673 2.029315 3
0.647488 0.050656 2.013803 3
0.669514 0.009211 2.042394 3
1.050126 0.016801 2.542183 6
1.149975 -0.005910 2.673029 6
1.244565 -0.026377 2.796956 6
1.306911 -0.049791 2.878486 6
1.283695 -0.088318 2.847495 6
1.318418 -0.115214 2.892653 6
1.228088 -0.170020 2.773290 8
1.207652 -0.210555 2.745796 8
1.209383 -0.246022 2.747420 8
1.221888 -0.278539 2.763185 8
1.202102 -0.320358 2.736399 8
1.235993 -0.346166 2.780249 8
1.241369 -0.380402 2.786514 8
1.253700 -0.412210 2.801905 8
1.265162 -0.444088 2.816117 8
1.276862 -0.475665 2.830608 8
1.284895 -0.508483 2.840228 8
1.213235 -0.574160 2.744649 8
1.242507 -0.599035 2.782192 8
1.196583 -0.656771 2.720413 8
1.159377 -0.712258 2.670056 8
1.212291 -0.725829 2.738718 7
1.191556 -0.774591 2.710006 7
1.188451 -0.815219 2.704542 7
1.120913 -0.890676 2.613744 7
0.846545 -1.083084 2.248923 5
0.784860 1.956092 2.244323 2
0.668438 1.978227 2.095275 2
0.893869 1.798304 2.388553 2
0.886759 1.757498 2.380821 2
0.874680 1.719476 2.366623 2
0.887517 1.668218 2.384579 2
0.883873 1.626113 2.381189 2
0.859937 1.594166 2.351558 2
0.861659 1.549487 2.355014 2
0.896411 1.490008 2.401029 2
0.838541 1.472832 2.327526 2
0.882045 1.410936 2.384712 2
0.856446 1.378905 2.352761 2
0.857700 1.335750 2.355382 2
0.858442 1.293047 2.357297 2
0.858349 1.250876 2.358094 2
0.848864 1.212106 2.346758 2
0.830994 1.175940 2.324593 2
0.838549 1.131521 2.335110 2
0.835107 1.090734 2.331435 2
0.840656 1.047512 2.339282 2
0.834071 1.007778 2.331484 2
0.836029 0.965888 2.334630 2
0.833619 0.925191 2.332120 2
0.857425 0.878975 2.363260 2
0.833682 0.842969 2.333256 2
0.825853 0.803441 2.323665 2
0.857461 0.757269 2.364695 2
0.835113 0.720217 2.336375 2
0.800073 0.684230 2.291723 2
0.816250 0.641198 2.312810 2
0.830014 0.598983 2.330756 2
0.810104 0.560152 2.305423 2
0.840026 0.517236 2.344036 2
0.815530 0.478272 2.312740 2
0.825279 0.437233 2.325372 2
0.785126 0.397689 2.273902 2
0.817177 0.356338 2.315087 2
0.480562 0.313114 1.882959 2
0.780659 0.274288 2.268167 2
0.918551 0.238493 2.445114 3
0.959371 0.201680 2.497408 3
0.606758 0.138433 2.044543 3
0.609004 0.094630 2.047218 3
0.622207 0.051963 2.063920 3
0.586472 0.003905 2.017738 3
0.995987 0.013937 2.543332 6
1.108715 -0.007396 2.687795 6
1.230688 -0.023721 2.844132 6
1.259430 -0.053095 2.880696 6
1.277528 -0.083730 2.903560 6
1.182899 -0.137806 2.781531 6
1.167417 -0.176932 2.761158 8
1.182617 -0.209168 2.780187 8
1.195336 -0.241678 2.795997 8
1.180885 -0.281409 2.776836 8
1.196872 -0.312834 2.796785 8
1.204319 -0.346516 2.805719 8
1.235371 -0.372430 2.845000 8
1.231541 -0.409391 2.839361 8
1.222558 -0.448482 2.827049 8
1.246462 -0.475728 2.857051 8
1.167805 -0.542451 2.754900 8
1.156668 -0.584463 2.739664 8
1.171232 -0.616144 2.757512 8
1.154484 -0.661360 2.734954 8
1.158387 -0.697904 2.738981 8
1.150564 -0.740118 2.727837 7
1.134241 -0.787026 2.705673 7
1.141139 -0.822918 2.713437 7
1.107212 -0.880349 2.668420 7
0.773941 -1.102251 2.236416 5
0.678223 1.997600 2.191666 2
0.742819 1.910936 2.274612 2
0.531749 1.984519 2.009368 2
0.819591 1.774566 2.374021 2
0.828003 1.724985 2.385790 2
0.821692 1.683659 2.378939 2
0.819789 1.640204 2.377614 2
0.830240 1.590977 2.391822 2
0.825386 1.549554 2.386697 2
0.783978 1.524749 2.335488 2
0.814557 1.467498 2.374933 2
0.792110 1.433700 2.347556 2
-0.065362 1.735029 1.269048 2
-0.042605 1.669068 1.298775 2
-0.022227 1.605018 1.325447 2
-0.040383 1.555501 1.303589 2
-0.034939 1.497709 1.311373 2
-0.035818 1.442363 1.311161 2
-0.036491 1.387161 1.311160 2
-0.025345 1.328746 1.325971 2
-0.041356 1.278298 1.306605 2
-0.017799 1.217378 1.336918 2
-0.045200 1.169664 1.303161 2
-0.050120 1.116195 1.297608 2
-0.036429 1.058834 1.315387 2
-0.064411 1.010125 1.280790 2
-0.037878 0.950970 1.314605 2
-0.046943 0.898553 1.303680 2
-0.042872 0.844039 1.309204 2
-0.032927 0.788983 1.322059 2
-0.032284 0.735406 1.323195 2
-0.058994 0.684674 1.289961 2
-0.048274 0.630009 1.303661 2
-0.069523 0.577955 1.277202 2
-0.043039 0.522716 1.310601 2
-0.048279 0.469555 1.304149 2
-0.043512 0.416029 1.310213 2
-0.071967 0.362921 1.274548 2
0.407817 0.312859 1.876587 2
0.716588 0.273632 2.264005 2
0.768470 0.234012 2.329045 2
0.912396 0.200940 2.509561 3
0.550045 0.137138 2.054717 3
0.540839 0.092075 2.042993 3
0.530147 0.046528 2.029368 3
0.563798 0.005728 2.071365 3
0.907853 0.006678 2.502965 6
1.083653 -0.006469 2.723386 6
1.224236 -0.019937 2.899604 6
1.198374 -0.058735 2.866843 6
1.230404 -0.087207 2.906746 6
1.189067 -0.130126 2.854489 6
1.133875 -0.177559 2.784788 8
1.118698 -0.217195 2.765308 8
1.131409 -0.250267 2.780834 8
1.124574 -0.288384 2.771773 8
1.134796 -0.321928 2.784118 8
1.173221 -0.346695 2.831893 8
1.161845 -0.386338 2.817039 8
1.163785 -0.422015 2.818897 8
1.194980 -0.447467 2.857525 8
1.120579 -0.511054 2.763282 8
1.129740 -0.545034 2.774126 8
1.114930 -0.588538 2.754770 8
1.131719 -0.619506 2.775158 8
1.107746 -0.667859 2.744188 8
1.100637 -0.709610 2.734413 8
1.096087 -0.750630 2.727825 7
1.099010 -0.788414 2.730619 7
1.090096 -0.832296 2.718456 7
1.057553 -0.889022 2.676445 7
0.721265 -1.110206 2.251108 5
0.636754 1.998958 2.223441 2
0.643697 1.946374 2.233036 2
0.710058 1.860903 2.315834 2
0.775976 1.778310 2.398005 2
0.800713 1.720099 2.429367 2
0.790430 1.680982 2.417551 2
0.774385 1.644668 2.398616 2
0.802896 1.586768 2.434510 2
0.795309 1.546774 2.425930 2
0.800722 1.500997 2.433322 2
0.778475 1.467518 2.406656 2
0.794838 1.417613 2.427460 2
0.799750 1.373012 2.434148 2
0.810317 1.326639 2.447757 2
0.793971 1.290615 2.428253 2
0.781856 1.252793 2.413930 2
0.796639 1.205840 2.432636 2
0.767869 1.173312 2.397801 2
0.783109 1.126821 2.417013 2
0.788389 1.083810 2.423962 2
0.785501 1.043315 2.420851 2
0.805481 0.997081 2.445796 2
0.809025 0.955513 2.450529 2
0.783326 0.920677 2.419339 2
0.807409 0.874874 2.449237 2
0.804216 0.835140 2.445627 2
0.777022 0.799625 2.412537 2
0.811045 0.753550 2.454552 2
0.775066 0.718753 2.410639 2
0.788248 0.676554 2.427029 2
0.780706 0.637197 2.417964 2
0.786718 0.596327 2.425507 2
0.782436 0.556554 2.420396 2
0.796034 0.515470 2.437196 2
0.788298 0.475972 2.427799 2
0.763134 0.436929 2.397002 2
0.790250 0.395947 2.430312 2
0.801759 0.355921 2.444454 2
0.315624 0.312463 1.848125 2
0.693666 0.273931 2.311834 2
0.861724 0.238903 2.517943 3
0.870984 0.200514 2.529233 3
0.330514 0.124721 1.866112 3
0.373214 0.081252 1.918359 6
0.402799 0.037738 1.954491 6
0.428470 -0.005380 1.985797 6
0.882038 0.007685 2.542108 6
1.052775 -0.006414 2.751409 6
1.174050 -0.023270 2.900021 6
1.177094 -0.057242 2.903533 6
1.169941 -0.093149 2.894510 6
1.075580 -0.147382 2.778416 6
1.098799 -0.178517 2.806622 8
1.114368 -0.210853 2.825419 8
1.083888 -0.254479 2.787654 8
1.111351 -0.283594 2.821016 8
1.123445 -0.316349 2.835488 8
1.138063 -0.348098 2.853042 8
1.138260 -0.384087 2.852861 8
1.144971 -0.418054 2.860662 8
1.134244 -0.458034 2.847012 8
1.073121 -0.516875 2.771387 8
1.074163 -0.554220 2.772139 8
1.090518 -0.585647 2.791697 8
1.100627 -0.619315 2.803556 8
1.094417 -0.659858 2.795321 8
1.087618 -0.701081 2.786332 7
1.056401 -0.754034 2.747263 7
1.040363 -0.800992 2.726834 7
1.044952 -0.838510 2.731769 7
1.018877 -0.891844 2.698913 7
0.577251 1.962126 2.234299 2
0.594638 1.904006 2.255934 2
0.735622 1.780209 2.426247 2
0.729016 1.738549 2.418925 2
0.729388 1.693445 2.419978 2
0.743647 1.641858 2.437709 2
0.722609 1.607693 2.412974 2
0.727138 1.561450 2.418962 2
0.714567 1.523131 2.404374 2
0.703831 1.483875 2.391975 2
0.721508 1.432942 2.413701 2
0.746262 1.380037 2.443903 2
0.724396 1.345633 2.418074 2
0.702828 1.310632 2.392593 2
0.716838 1.262927 2.409825 2
0.720254 1.219325 2.414312 2
0.713197 1.179278 2.406206 2
0.703169 1.140061 2.394517 2
0.710152 1.095915 2.403230 2
0.728492 1.049124 2.425555 2
0.713212 1.011447 2.407509 2
0.717992 0.968728 2.413521 2
0.699715 0.931337 2.391846 2
0.713517 0.886961 2.408649 2
0.696180 0.848991 2.388071 2
0.713747 0.804539 2.409352 2
0.717596 0.762885 2.414156 2
0.725071 0.720913 2.423294 2
0.714492 0.681553 2.410755 2
0.694057 0.643052 2.386380 2
0.708743 0.600561 2.404114 2
0.729477 0.558064 2.429084 2
0.705200 0.519279 2.400051 2
0.706349 0.478462 2.401498 2
0.712362 0.437525 2.408760 2
0.697231 0.397264 2.390647 2
0.708008 0.356367 2.403589 2
-0.119253 0.309504 1.411465 2
0.614118 0.272946 2.290971 2
0.557801 0.228754 2.223393 2
0.805227 0.198818 2.520085 3
-0.320532 0.027216 1.169723 6
0.371280 0.038539 1.999356 6
0.397853 -0.004388 2.031095 6
0.873503 0.010872 2.601492 6
1.051777 -0.002090 2.815200 6
1.134653 -0.024812 2.914472 6
1.116214 -0.062660 2.892192 6
1.144251 -0.092379 2.925656 6
1.032129 -0.149909 2.790939 8
1.046523 -0.183227 2.807999 8
1.073621 -0.213226 2.840292 8
1.061145 -0.252394 2.825080 8
1.062877 -0.288293 2.826902 8
1.070904 -0.322495 2.836267 8
1.068617 -0.359637 2.833234 8
1.091738 -0.389062 2.860691 8
1.091367 -0.425609 2.859929 8
1.096171 -0.460545 2.865366 8
1.027042 -0.522056 2.781991 8
1.037454 -0.556092 2.794123 8
1.041824 -0.592342 2.798983 8
1.064832 -0.621055 2.826220 8
1.051578 -0.664578 2.809872 8
1.029263 -0.712722 2.782610 7
0.993528 -0.767929 2.739190 7
0.991859 -0.808451 2.736695 7
0.986648 -0.851001 2.729921 7
0.989334 -0.889988 2.732624 7
0.430101 1.972880 2.142674 2
0.531307 1.869237 2.262002 2
0.637603 1.766666 2.387268 2
0.665021 1.707241 2.419839 2
0.654288 1.667403 2.407582 2
0.656965 1.621244 2.411064 2
0.660436 1.575083 2.415465 2
0.657099 1.532243 2.411858 2
0.659122 1.487303 2.414535 2
0.656795 1.444411 2.412090 2
0.651912 1.402658 2.406636 2
0.650945 1.359517 2.405766 2
0.645353 1.318192 2.399457 2
0.626647 1.281335 2.377746 2
0.655563 1.228681 2.411911 2
0.665680 1.182890 2.424002 2
0.623563 1.152864 2.374793 2
0.632734 1.107484 2.385752 2
0.622546 1.067608 2.373987 2
0.631991 1.022720 2.385245 2
0.653335 0.975499 2.410449 2
0.643479 0.935801 2.399041 2
0.660851 0.890441 2.419563 2
0.635686 0.853635 2.390178 2
0.632121 0.812472 2.386121 2
0.633094 0.770586 2.387374 2
0.667395 0.724106 2.427705 2
0.638634 0.686690 2.394066 2
0.636414 0.645527 2.391544 2
0.625264 0.605219 2.378539 2
0.621615 0.564018 2.374322 2
0.629742 0.521966 2.383903 2
0.641830 0.479985 2.398118 2
0.634960 0.439093 2.390093 2
0.630322 0.397968 2.384675 2
0.634309 0.356652 2.389361 2
-0.131829 0.309751 1.490971 2
0.610755 0.273679 2.361730 2
0.693800 0.235170 2.459091 3
0.705880 0.195421 2.473226 3
-0.410526 0.023834 1.163956 6
0.350574 0.040361 2.056412 6
0.363594 -0.003830 2.071601 6
0.804141 0.006293 2.588164 6
0.971321 -0.009102 2.784145 6
0.936637 -0.051093 2.743377 8
1.095724 -0.061027 2.929864 6
1.089991 -0.096953 2.923036 6
1.002129 -0.149667 2.819867 8
1.019017 -0.182459 2.839550 8
1.052914 -0.210902 2.879180 8
1.020341 -0.254824 2.840828 8
1.060726 -0.280740 2.888054 8
1.008575 -0.331200 2.826708 8
1.024982 -0.363329 2.845787 8
1.048830 -0.392799 2.873591 8
1.066498 -0.423677 2.894136 8
1.045536 -0.467254 2.869340 8
0.973078 -0.529904 2.784091 8
0.988984 -0.562275 2.802536 8
0.990015 -0.600070 2.803514 8
0.990062 -0.638418 2.803326 8
0.694992 -0.800237 2.456648 7
1.008731 -0.707657 2.824728 7
0.988531 -0.755430 2.800736 7
0.955812 -0.809914 2.762026 7
0.917427 -0.868431 2.716641 7
0.960245 -0.887965 2.766619 7
0.340394 1.948859 2.122325 2
0.569382 1.782255 2.385186 2
0.602879 1.719582 2.423739 2
0.579766 1.685216 2.397339 2
0.558374 1.649592 2.372910 2
0.584142 1.592619 2.402580 2
0.573729 1.552207 2.390738 2
0.588254 1.501430 2.407500 2
0.591748 1.455718 2.411605 2
0.581299 1.415651 2.399711 2
0.554585 1.381417 2.369158 2
0.580156 1.328263 2.398572 2
0.582222 1.283958 2.401023 2
0.556788 1.248682 2.371929 2
0.578650 1.198427 2.397076 2
0.581850 1.154396 2.400815 2
0.562657 1.116749 2.378870 2
0.564769 1.073163 2.381355 2
0.550358 1.033807 2.364886 2
0.556644 0.989421 2.372151 2
0.557879 0.946428 2.373619 2
0.563081 0.902799 2.379633 2
0.562128 0.860564 2.378585 2
0.564219 0.817886 2.381023 2
0.566399 0.775347 2.383561 2
0.588953 0.730115 2.409457 2
0.580469 0.689493 2.399759 2
0.567253 0.649208 2.384632 2
0.588197 0.605339 2.408672 2
0.567868 0.565461 2.385381 2
0.561436 0.524114 2.378023 2
0.570663 0.481811 2.388616 2
0.572828 0.440063 2.391109 2
0.563525 0.398651 2.380449 2
0.542162 0.357066 2.355956 2
-0.174229 0.309773 1.534515 2
0.526300 0.272614 2.337766 2
0.626124 0.233969 2.452220 3
0.509321 0.187128 2.318279 2
-0.431596 0.026091 1.239339 6
0.309975 0.040240 2.089644 6
0.350440 -0.000967 2.136019 6
0.460176 -0.032410 2.261821 6
0.965530 -0.005526 2.841275 6
0.880753 -0.054790 2.744032 8
0.945666 -0.081336 2.818435 8
1.052428 -0.098343 2.940827 6
0.987052 -0.146468 2.865820 6
0.979025 -0.184380 2.856574 8
0.986103 -0.219178 2.864647 8
1.022019 -0.246847 2.905788 8
0.980893 -0.293472 2.858575 8
1.029100 -0.317008 2.913808 8
0.984918 -0.365897 2.863081 8
0.991296 -0.400891 2.870336 8
0.985546 -0.439705 2.863679 8
0.956926 -0.486500 2.830788 8
0.938652 -0.530713 2.809758 8
0.950779 -0.564551 2.823594 8
0.965991 -0.597017 2.840965 8
0.853857 -0.679694 2.712260 8
0.932192 -0.687562 2.802032 7
0.884094 -0.747287 2.746770 7
0.902371 -0.779291 2.767643 7
0.837220 -0.849298 2.692806 7
0.887164 -0.866866 2.750001 7
0.489611 1.803228 2.371791 2
0.508477 1.747264 2.392812 2
0.512322 1.699242 2.397004 2
0.526157 1.647082 2.412398 2
0.495486 1.615118 2.377915 2
0.483196 1.574681 2.364036 2
0.522425 1.513143 2.407904 2
0.490494 1.480908 2.372018 2
0.489686 1.436209 2.371019 2
0.491372 1.390799 2.372820 2
0.513387 1.338620 2.397414 2
0.473987 1.307593 2.353166 2
0.505457 1.253219 2.388367 2
0.511239 1.207681 2.394776 2
0.488273 1.170680 2.368960 2
0.508263 1.121543 2.391305 2
0.486673 1.083768 2.367036 2
0.502570 1.036476 2.384801 2
0.475681 0.999444 2.354599 2
0.483346 0.954453 2.363140 2
0.493937 0.909229 2.374967 2
0.485962 0.867794 2.365981 2
0.482600 0.825454 2.362170 2
0.493929 0.780869 2.374835 2
0.482489 0.739833 2.361974 2
0.473690 0.698212 2.352077 2
0.494903 0.653144 2.375836 2
0.501425 0.610132 2.383125 2
0.502828 0.567767 2.384678 2
0.466007 0.527974 2.343374 2
0.488702 0.484137 2.368807 2
0.487048 0.441864 2.366943 2
0.487033 0.399527 2.366920 2
0.481547 0.357242 2.360764 2
-0.149431 0.310281 1.653243 2
0.443455 0.271610 2.318055 2
0.561311 0.232902 2.450214 3
0.502899 0.188663 2.384726 3
-0.507192 0.023951 1.252152 6
0.259349 0.039179 2.111689 6
0.315029 -0.000593 2.174147 6
0.455205 -0.028406 2.331351 6
0.901755 -0.010024 2.832078 6
0.854912 -0.053820 2.779585 8
1.026653 -0.062577 2.972180 6
0.905521 -0.119548 2.836398 6
0.957688 -0.146154 2.894925 6
0.928704 -0.188432 2.862470 8
0.949891 -0.220341 2.886267 8
0.947208 -0.257467 2.883306 8
0.962015 -0.290319 2.899956 8
0.980454 -0.321868 2.920681 8
0.983649 -0.357338 2.924317 8
0.933514 -0.408851 2.868172 8
0.967502 -0.435497 2.906336 8
0.903929 -0.493491 2.835135 8
0.915251 -0.527695 2.847896 8
0.906009 -0.569139 2.837608 8
0.914173 -0.604495 2.846836 8
0.813173 -0.682515 2.733706 8
0.853518 -0.706337 2.779012 7
0.806058 -0.766205 2.725907 7
0.803963 -0.807898 2.723652 7
0.806576 -0.847747 2.726677 7
0.863173 -0.862399 2.790208 7
0.430611 1.766303 2.382954 2
0.417906 1.725406 2.368694 2
0.430090 1.673237 2.381697 2
0.435021 1.624845 2.386772 2
0.424552 1.583279 2.374994 2
0.420077 1.539226 2.369791 2
0.414563 1.495669 2.363462 2
0.453420 1.435693 2.405751 2
0.423558 1.401579 2.372772 2
0.431461 1.353885 2.381177 2
0.425556 1.311124 2.374464 2
0.429193 1.265401 2.378218 2
0.387572 1.233374 2.332387 2
0.421388 1.179039 2.369237 2
0.413086 1.137098 2.359939 2
0.433603 1.087796 2.382239 2
0.400182 1.052044 2.345430 2
0.429056 1.001562 2.376915 2
0.417870 0.960390 2.364498 2
0.413193 0.917746 2.359227 2
0.423865 0.872321 2.370792 2
0.393393 0.834083 2.337261 2
0.415168 0.787199 2.361021 2
0.428941 0.742113 2.376021 2
0.410227 0.701448 2.355409 2
0.401586 0.659230 2.345853 2
0.428203 0.613548 2.374968 2
0.413760 0.571905 2.359069 2
0.388997 0.530554 2.331864 2
0.418545 0.485816 2.364225 2
0.402600 0.443573 2.346710 2
0.431760 0.399928 2.378665 2
0.402239 0.357546 2.346283 2
0.372159 0.314321 2.313297 2
0.386186 0.271178 2.328689 2
0.284955 0.224310 2.217701 2
0.426025 0.186640 2.372427 3
0.252876 0.042246 2.182716 6
0.281482 -0.000028 2.214158 6
0.444284 -0.025224 2.392753 6
0.905850 -0.005181 2.898926 6
0.776066 -0.060844 2.756715 8
0.951368 -0.070038 2.949011 6
0.979065 -0.100704 2.979477 6
0.938349 -0.143904 2.934949 6
0.872827 -0.193540 2.863241 8
0.896942 -0.225203 2.889806 8
0.868930 -0.268644 2.859241 8
0.890063 -0.300626 2.882554 8
0.890032 -0.337753 2.882678 8
0.919345 -0.366743 2.914970 8
0.912185 -0.405807 2.907298 8
0.896726 -0.447805 2.890542 8
0.904907 -0.482701 2.899701 8
0.902469 -0.521128 2.897234 8
0.861709 -0.573441 2.852792 8
0.841273 -0.619609 2.830631 8
0.764952 -0.688176 2.747270 8
0.838749 -0.698958 2.828355 7
0.753390 -0.774057 2.735131 7
0.726400 -0.826754 2.705853 7
0.782184 -0.843433 2.767228 7
0.190359 1.861670 2.201468 2
0.221791 1.797436 2.234475 2
0.231251 1.744172 2.244010 2
0.232640 1.694914 2.244933 2
0.213312 1.654489 2.223706 2
0.215574 1.605164 2.225603 2
0.221978 1.554567 2.231956 2
0.230691 1.503546 2.240803 2
0.226628 1.457496 2.235993 2
0.237418 1.406532 2.247108 2
0.248545 1.355977 2.258606 2
0.233835 1.313880 2.242451 2
0.227266 1.269149 2.235033 2
0.215148 1.225939 2.221688 2
0.226946 1.176236 2.233985 2
0.229605 1.129304 2.236511 2
0.241187 1.080501 2.248619 2
0.248604 1.033084 2.256283 2
0.228350 0.991700 2.234306 2
0.237741 0.944177 2.244124 2
0.219043 0.902007 2.223848 2
0.256059 0.850334 2.263321 2
0.240255 0.807655 2.246182 2
0.240851 0.762407 2.246646 2
0.219801 0.719852 2.223915 2
0.231075 0.673344 2.235863 2
0.240065 0.627424 2.245381 2
0.224787 0.583695 2.228892 2
0.232799 0.538098 2.237395 2
0.258489 0.491891 2.264877 2
0.225857 0.448494 2.229828 2
0.258217 0.402820 2.264498 2
0.279015 0.358153 2.286786 2
0.275823 0.313907 2.283362 2
0.263116 0.269366 2.269752 2
0.442872 0.231240 2.462569 3
0.362420 0.185322 2.376337 3
0.203645 0.041316 2.206325 6
0.221211 -0.002306 2.225286 6
0.426403 -0.022954 2.445452 6
0.872769 -0.005449 2.924210 6
0.699610 -0.067339 2.738694 8
0.887835 -0.075402 2.940659 6
0.813992 -0.124574 2.861664 6
0.809364 -0.162692 2.856892 8
0.815333 -0.198853 2.863494 8
0.813642 -0.236624 2.861900 8
0.812518 -0.274415 2.860929 8
0.846312 -0.303653 2.897393 8
0.839737 -0.342666 2.890609 8
0.846648 -0.378245 2.898290 8
0.859482 -0.412018 2.912331 8
0.846079 -0.453617 2.898280 8
0.856467 -0.488092 2.909729 8
0.823316 -0.537081 2.874564 8
0.808550 -0.580747 2.859111 8
0.798092 -0.623444 2.848290 8
0.717132 -0.693536 2.762017 8
0.566491 -0.793892 2.601204 7
0.723493 -0.772329 2.769690 7
0.710105 -0.818967 2.755823 7
0.177984 0.042547 2.255178 6
0.226824 0.002368 2.306569 6
0.406501 -0.020976 2.495183 6
0.837717 -0.005968 2.947559 6
0.639987 -0.071204 2.740430 8
0.804954 -0.083745 2.913619 6
0.807370 -0.120143 2.916390 6
0.765115 -0.165000 2.872356 8
0.745026 -0.206636 2.851583 8
0.774849 -0.238085 2.883144 8
0.741223 -0.283488 2.848232 8
0.779021 -0.312391 2.888186 8
0.805663 -0.343233 2.916463 8
0.812115 -0.378976 2.923605 8
0.803996 -0.418875 2.915505 8
0.784693 -0.462540 2.895718 8
0.808154 -0.493304 2.920734 8
0.786531 -0.538536 2.898568 8
0.755827 -0.587714 2.866928 8
0.710702 -0.643183 2.820232 8
0.705289 -0.685198 2.815126 8
0.673485 -0.737899 2.782440 7
0.692767 -0.770973 2.803217 7
0.682862 -0.815982 2.793494 7
-1.133482 1.505757 0.991126 0
-1.108647 1.435350 1.015776 0
-1.117928 1.373646 1.005523 0
-1.119855 1.310281 1.002850 0
-1.106419 1.243946 1.015967 0
-1.135923 1.186167 0.985117 0
-1.117743 1.119468 1.003188 0
-1.129500 1.058169 0.990613 0
-1.113015 0.992571 1.007040 0
-1.107923 0.929039 1.011831 0
-1.116001 0.867293 1.003159 0
-1.108157 0.803769 1.010860 0
-1.128307 0.743049 0.989891 0
-1.103630 0.678445 1.014946 0
-1.111741 0.616613 1.006412 0
-1.113541 0.554301 1.004393 0
-1.126475 0.492359 0.990996 0
-1.095058 0.429173 1.023141 0
-1.126659 0.367301 0.990678 0
-1.138486 0.304700 0.978545 0
-1.121003 0.242374 0.996524 0
-1.133703 0.179474 0.983581 0
-1.099631 0.118452 1.018664 0
-1.145108 0.053401 0.972183 0
-1.108587 -0.006739 1.009861 0
0.084870 0.037709 2.234281 6
0.217904 0.005431 2.370949 6
0.386135 -0.019097 2.543728 6
0.352147 -0.065537 2.509133 6
0.569221 -0.076588 2.732014 8
0.746579 -0.087989 2.914157 6
0.659769 -0.140180 2.825466 8
0.718053 -0.167773 2.885554 8
0.712022 -0.206737 2.879735 8
0.712247 -0.244620 2.880355 8
0.707333 -0.283774 2.875737 8
0.711634 -0.320935 2.880588 8
0.715338 -0.358243 2.884853 8
0.712781 -0.397267 2.882732 8
0.733300 -0.429902 2.904268 8
0.734836 -0.467780 2.906390 8
0.697808 -0.517874 2.869070 8
0.737476 -0.543979 2.910275 8
0.707240 -0.593081 2.879977 8
0.699041 -0.635345 2.872261 8
0.641059 -0.696552 2.813675 8
0.617416 -0.746358 2.790252 7
0.623030 -0.785305 2.796775 7
-1.021381 1.463279 1.207139 0
-0.983812 1.392245 1.243848 0
-1.021381 1.339433 1.205347 0
-1.010725 1.275511 1.215208 0
-1.005674 1.213157 1.219509 0
-1.044262 1.159147 1.180119 0
-1.027606 1.094777 1.196156 0
-1.005669 1.030164 1.217543 0
-1.015403 0.970810 1.207228 0
-1.026961 0.911532 1.195132 0
-1.039557 0.852155 1.182044 0
-1.042883 0.791572 1.178304 0
-1.030124 0.729551 1.190749 0
-1.051594 0.670507 1.168908 0
-1.002557 0.606615 1.217855 0
-1.037273 0.548094 1.182822 0
-1.020114 0.486899 1.199889 0
-1.030364 0.426755 1.189503 0
-1.006007 0.366112 1.213893 0
-1.019351 0.305880 1.200504 0
-1.036997 0.245192 1.182848 0
-1.015376 0.185345 1.204643 0
-1.012864 0.125150 1.207313 0
-0.996806 0.065819 1.223625 0
-1.013826 0.004403 1.206799 0
-0.009841 0.032849 2.214296 6
0.168831 0.004324 2.393798 6
0.408029 -0.012361 2.634014 6
0.339482 -0.062425 2.565574 6
0.509284 -0.080288 2.736203 8
0.552968 -0.113360 2.780368 6
0.539982 -0.154985 2.767741 8
0.659421 -0.172608 2.887895 8
0.664637 -0.209681 2.893565 8
0.660530 -0.248681 2.889922 8
0.660829 -0.286898 2.890728 8
0.667890 -0.323590 2.898341 8
0.671939 -0.360963 2.902968 8
0.664958 -0.401300 2.896581 8
0.717209 -0.425247 2.949526 8
0.686416 -0.472458 2.919368 8
0.646247 -0.523590 2.879881 8
0.645588 -0.563186 2.879969 8
0.682984 -0.590059 2.918145 8
0.675996 -0.631706 2.911966 8
0.602820 -0.698061 2.839681 8
0.490011 -0.781858 2.727883 7
0.565495 -0.794432 2.804248 7
-0.948951 1.492194 1.378099 0
-0.943932 1.430489 1.381904 0
-0.952533 1.372338 1.372433 0
-0.932885 1.307811 1.390692 0
-0.935839 1.248729 1.386874 0
-0.953092 1.192522 1.369101 0
-0.942608 1.130927 1.378569 0
-0.935279 1.070283 1.385007 0
-0.945727 1.012719 1.374074 0
-0.910688 0.948543 1.407807 0
-0.939227 0.893559 1.379246 0
-0.948811 0.835724 1.369331 0
-0.927589 0.774601 1.389693 0
-0.916059 0.714972 1.400609 0
-0.944226 0.658654 1.372630 0
-0.933782 0.599293 1.382594 0
-0.949824 0.541503 1.366624 0
-0.959929 0.483115 1.356536 0
-0.940193 0.423878 1.375791 0
-0.935376 0.365286 1.380462 0
-0.943197 0.306744 1.372786 0
-0.957696 0.247851 1.358613 0
-0.935281 0.189796 1.380726 0
-0.933724 0.131337 1.382423 0
-0.945225 0.072097 1.371365 0
-0.964933 0.011895 1.352311 0
-0.476639 -0.004447 1.831752 6
0.744794 0.066367 3.030426 6
0.713300 0.026670 2.999811 6
0.707099 -0.010691 2.994048 6
0.690128 -0.049802 2.977760 6
0.401560 -0.131581 2.695192 8
0.450875 -0.164257 2.744017 8
0.457708 -0.203421 2.751223 8
0.628464 -0.210349 2.919122 8
0.588010 -0.257000 2.880037 8
0.607565 -0.291449 2.899794 8
0.603845 -0.330988 2.896787 8
0.619135 -0.365968 2.912434 8
0.637976 -0.399704 2.931588 8
0.615530 -0.444553 2.910366 8
0.588810 -0.491410 2.885015 8
0.572233 -0.536044 2.869640 8
0.567605 -0.577459 2.866001 8
0.568793 -0.617214 2.868090 8
0.557950 -0.661299 2.858465 8
0.597327 -0.687621 2.897943 8
0.398674 -0.802868 2.705028 7
-0.844729 1.451336 1.573176 0
-0.865894 1.398299 1.551693 0
-0.843556 1.334658 1.571925 0
-0.853028 1.278818 1.561765 0
-0.859167 1.222184 1.554860 0
-0.842631 1.161136 1.569749 0
-0.851958 1.105332 1.559920 0
-0.854460 1.048265 1.556696 0
-0.875113 0.994030 1.536129 0
-0.867092 0.935334 1.543122 0
-0.862134 0.877339 1.547244 0
-0.841696 0.817812 1.566283 0
-0.867819 0.763558 1.540714 0
-0.901915 0.709365 1.507553 0
-0.868860 0.649410 1.538894 0
-0.860900 0.591889 1.546218 0
-0.840090 0.534023 1.565940 0
-0.840369 0.477443 1.565484 0
-0.846524 0.420996 1.559451 0
-0.863058 0.364468 1.543517 0
-0.859461 0.307638 1.546969 0
-0.847364 0.251069 1.558645 0
-0.865702 0.193797 1.541168 0
-0.839351 0.138093 1.566649 0
-0.823872 0.082409 1.581756 0
-0.856373 0.023585 1.550877 0
-0.505901 -0.003037 1.887571 6
0.651018 0.060129 2.998046 6
0.630949 0.020935 2.979119 6
0.580280 -0.022720 2.930886 6
0.600863 -0.057817 2.951047 6
0.333703 -0.136557 2.695314 6
0.380082 -0.170249 2.740330 8
0.440623 -0.200222 2.798951 8
0.464114 -0.235830 2.822085 8
0.537437 -0.260565 2.893000 8
0.551898 -0.296413 2.907541 8
0.564764 -0.332346 2.920593 8
0.553471 -0.374034 2.910553 8
0.560123 -0.411450 2.917740 8
0.557826 -0.451274 2.916406 8
0.504951 -0.505924 2.866743 8
0.478987 -0.554018 2.842893 8
0.498161 -0.588671 2.862249 8
0.496314 -0.629903 2.861557 8
0.056824 -0.822298 2.442953 7
0.347064 -0.765269 2.721370 7
-0.797975 1.483412 1.709394 0
-0.796735 1.425954 1.709143 0
-0.804270 1.370859 1.700752 0
-0.805109 1.314176 1.698701 0
-0.803184 1.257027 1.699311 0
-0.793916 1.198573 1.706874 0
-0.797148 1.142902 1.702800 0
-0.785945 1.084701 1.712327 0
-0.797348 1.030647 1.700734 0
-0.797905 0.974756 1.699380 0
-0.787600 0.917450 1.708283 0
-0.809864 0.864585 1.686708 0
-0.794785 0.807037 1.700232 0
-0.776804 0.749675 1.716554 0
-0.785226 0.695111 1.708170 0
-0.786563 0.639870 1.706503 0
-0.815237 0.586259 1.679244 0
-0.809462 0.530348 1.684389 0
-0.802800 0.474591 1.690436 0
-0.825141 0.419603 1.669324 0
-0.791646 0.363673 1.700702 0
-0.790354 0.308417 1.701915 0
-0.792699 0.253119 1.699782 0
-0.800667 0.197561 1.692439 0
-0.805221 0.141929 1.688370 0
-0.817890 0.085666 1.676753 0
-0.803072 0.031018 1.691007 0
-0.785328 -0.023038 1.708074 0
0.547093 0.053038 2.958887 6
0.530178 0.013276 2.943392 6
0.518449 -0.026335 2.932815 6
0.512556 -0.065507 2.927763 6
0.390288 -0.122542 2.813628 6
0.331902 -0.172364 2.759486 8
0.369913 -0.206641 2.795776 8
0.434494 -0.234904 2.857001 8
0.488424 -0.263715 2.908268 8
0.506113 -0.299091 2.925612 8
0.506985 -0.337993 2.927251 8
0.477948 -0.384316 2.900944 8
0.505881 -0.416798 2.928014 8
0.441602 -0.473758 2.868864 8
0.338637 -0.543659 2.773639 8
0.276643 -0.604237 2.716837 8
0.258837 -0.652822 2.701422 8
0.353373 -0.665319 2.790990 7
0.322716 -0.718049 2.763677 7
0.257751 -0.783973 2.704439 7
0.280909 -0.819404 2.727496 7
-0.854830 1.032094 1.735464 0
-0.867249 0.977871 1.723153 0
-0.852161 0.919661 1.736146 0
-0.879786 0.867220 1.710037 0
-0.835319 0.806166 1.750146 0
-0.834722 0.750627 1.750084 0
-0.866672 0.697918 1.720227 0
-0.836206 0.639971 1.747735 0
-0.870928 0.586677 1.715479 0
-0.842090 0.529629 1.741650 0
-0.868520 0.475155 1.717154 0
-0.885494 0.419831 1.701417 0
-0.861165 0.363812 1.723679 0
-0.870386 0.308210 1.715212 0
-0.849924 0.252944 1.734077 0
-0.860348 0.197193 1.724658 0
-0.853915 0.141916 1.730793 0
-0.879134 0.084925 1.707946 0
-0.865345 0.030027 1.720986 0
-0.853886 -0.024756 1.731963 0
0.037685 0.006560 2.550704 6
0.432634 0.006157 2.913581 6
0.450636 -0.030599 2.930577 6
0.430570 -0.072148 2.912704 6
0.279444 -0.133929 2.774707 6
0.245767 -0.180605 2.744509 8
0.303926 -0.212069 2.798559 8
0.382056 -0.238306 2.870938 8
0.427991 -0.269092 2.913841 8
0.467097 -0.300232 2.950520 8
0.469666 -0.338806 2.953782 8
0.405307 -0.393645 2.895851 8
0.387020 -0.438533 2.880167 8
0.324645 -0.495902 2.824240 8
0.264798 -0.554365 2.770730 8
0.197828 -0.616692 2.710821 8
0.184597 -0.664343 2.700105 8
0.130941 -0.725583 2.652567 7
0.150756 -0.763705 2.672171 7
0.155974 -0.806584 2.678512 7
-0.027772 0.003956 2.560390 6
0.213499 -0.014091 2.777414 6
0.143556 -0.064016 2.715226 6
0.165208 -0.103425 2.735281 6
0.118364 -0.152491 2.693970 8
0.164112 -0.187925 2.735752 8
0.252168 -0.214881 2.815495 8
0.299381 -0.247276 2.858660 8
0.295286 -0.288805 2.855906 8
0.305114 -0.327568 2.865685 8
0.332837 -0.362122 2.891536 8
0.330261 -0.403319 2.890325 8
0.293985 -0.453221 2.859041 8
0.084621 -0.550268 2.673128 8
0.185613 -0.566296 2.764750 8
0.154649 -0.618405 2.738513 8
-0.038028 -0.720994 2.568033 7
0.069168 -0.733098 2.665322 7
0.055463 -0.782750 2.654783 7
0.058123 -0.827280 2.658916 7
0.029059 -0.160106 2.681317 8
0.031610 -0.203168 2.684401 8
-0.121368 -0.364286 2.553417 8
-0.067197 -0.398642 2.602024 8
-0.069776 -0.444415 2.601014 8
0.099147 -0.579941 2.754300 8
0.077797 -0.629796 2.737221 8
-0.929088 -0.400881 2.483340 1
-0.925072 -0.451490 2.488232 1
-0.904845 -0.498974 2.505058 1
-0.997490 -0.250381 2.503081 1
-0.993354 -0.301103 2.507669 1
-0.973802 -0.349403 2.523375 1
-0.970212 -0.400014 2.527839 1
-0.962828 -0.449956 2.535139 1
-0.968202 -0.502267 2.533500 1
-1.062079 -0.572778 2.469125 1
-1.115370 -0.207692 2.492984 1
-1.057318 -0.252117 2.535005 1
-1.023259 -0.298712 2.560424 1
-1.010432 -0.347884 2.571189 1
-1.015161 -0.399762 2.569880 1
-0.981590 -0.445039 2.595331 1
-0.977707 -0.495256 2.600283 1
-0.958346 -0.542380 2.616112 1
-1.237799 -0.163745 2.482508 1
-1.064809 -0.196036 2.601742 1
-1.055958 -0.245821 2.609371 1
-1.055863 -0.296717 2.611189 1
-1.047813 -0.346473 2.618561 1
-1.052582 -0.398236 2.617373 1
-1.005293 -0.441048 2.651653 1
-1.005820 -0.491829 2.653623 1
-1.016455 -0.544734 2.648897 1
-1.104798 -0.614332 2.591754 1
-1.403299 -0.122088 2.446231 1
-1.269555 -0.161954 2.536572 1
-1.169238 -0.202805 2.604780 1
-1.160868 -0.253308 2.612025 1
-1.178109 -0.307281 2.602425 1
-1.168205 -0.357614 2.610996 1
-1.184847 -0.412124 2.602126 1
-1.164371 -0.460646 2.618006 1
-1.172078 -0.514024 2.615378 1
-1.199666 -0.571591 2.599776 1
-1.205057 -0.625279 2.599028 1
-1.507550 -0.744418 2.402430 1
-1.804203 1.469698 2.290380 1
-1.693149 -0.031328 2.332156 1
-1.539994 -0.075252 2.432822 1
-1.455361 -0.122275 2.489105 1
-1.428868 -0.173589 2.507790 1
-1.174980 -0.197924 2.674066 1
-1.122850 -0.242388 2.709576 1
-1.129150 -0.293859 2.707363 1
-1.398972 -0.385015 2.534775 1
-1.406438 -0.440059 2.532264 1
-1.428792 -0.497927 2.520311 1
-1.419809 -0.550650 2.528784 1
-1.440788 -0.609109 2.518094 1
-1.442884 -0.664266 2.519770 1
-1.455708 -0.721923 2.514718 1
-1.800543 1.457173 2.375128 1
-1.811319 1.401083 2.364841 1
-1.807943 1.342153 2.363637 1
-1.749200 1.273369 2.397501 1
-1.772926 1.220053 2.379631 1
-1.810874 1.168582 2.352949 1
-1.763448 1.103712 2.380325 1
-1.744640 1.043907 2.389848 1
-1.799179 0.993854 2.353193 1
-1.786880 0.934979 2.358968 1
-1.796945 0.878775 2.350778 1
-1.756821 0.817738 2.374553 1
-1.772999 0.762265 2.362859 1
-1.783107 0.706054 2.355186 1
-1.786159 0.649240 2.352164 1
-1.775721 0.591731 2.357879 1
-1.788611 0.535374 2.348979 1
-1.754985 0.477485 2.369772 1
-1.787765 0.421439 2.348611 1
-1.773710 0.364429 2.357350 1
-1.783562 0.307599 2.351098 1
-1.769114 0.250949 2.360447 1
-1.767457 0.194256 2.361859 1
-1.773735 0.137278 2.358417 1
-1.793004 0.079500 2.346917 1
-1.753675 0.024798 2.372762 1
-1.727103 -0.029986 2.390686 1
-1.674949 -0.082128 2.424987 1
-1.659529 -0.136595 2.436174 1
-1.653804 -0.191788 2.441392 1
-1.287269 -0.205375 2.675069 1
-1.067278 -0.229440 2.815982 1
-1.091447 -0.282215 2.802594 1
-1.685852 -0.420127 2.429322 1
-1.698145 -0.478541 2.424075 1
-1.709057 -0.537089 2.419894 1
-1.705309 -0.593321 2.425145 1
-1.740356 -0.657052 2.406166 1
-1.727669 -0.711955 2.417424 1
-1.720089 -0.767797 2.425648 1
-1.815917 1.448881 2.446933 1
-1.833794 1.394646 2.432379 1
-1.807892 1.331794 2.444865 1
-1.836584 1.279435 2.424040 1
-1.821816 1.219225 2.430099 1
-1.813831 1.160512 2.432192 1
-1.826191 1.105054 2.421956 1
-1.795006 1.043501 2.438739 1
-1.808232 0.988258 2.428346 1
-1.815422 0.932112 2.421857 1
-1.829595 0.876599 2.411238 1
-1.822995 0.818923 2.413635 1
-1.795537 0.759751 2.429118 1
-1.847136 0.706794 2.395910 1
-1.806237 0.647245 2.420090 1
-1.799564 0.590289 2.423292 1
-1.808018 0.534080 2.417319 1
-1.792082 0.477050 2.426628 1
-1.816698 0.421040 2.411017 1
-1.793575 0.364248 2.425149 1
-1.814678 0.307720 2.412083 1
-1.839982 0.250664 2.396601 1
-1.809089 0.194572 2.416100 1
-1.811535 0.137869 2.415141 1
-1.816269 0.080979 2.412954 1
-1.800522 0.025177 2.423625 1
-1.809575 -0.032065 2.419139 1
-1.822432 -0.089856 2.412491 1
-1.823606 -0.146898 2.413257 1
-1.795182 -0.200970 2.432491 1
-1.366694 -0.208894 2.698821 1
-1.076616 -0.224824 2.879626 1
-1.064144 -0.272181 2.889240 1
-1.070841 -0.322148 2.887200 1
-1.836743 -0.492042 2.418092 1
-1.835281 -0.549414 2.421819 1
-1.804993 -0.601678 2.443446 1
-1.852342 -0.668186 2.417585 1
-1.837423 -0.723296 2.430154 1
-1.822855 -0.778275 2.442684 1
-1.893633 1.453808 2.480862 1
-1.852468 1.387509 2.501750 1
-1.838475 1.327358 2.506636 1
-1.853803 1.272838 2.494176 1
-1.857524 1.216153 2.488856 1
-1.859087 1.159151 2.485025 1
-1.872895 1.103987 2.474034 1
-1.878316 1.047484 2.468268 1
-1.836730 0.985134 2.490970 1
-1.842344 0.929080 2.485489 1
-1.853982 0.873586 2.476568 1
-1.880365 0.819248 2.458947 1
-1.859471 0.760591 2.470008 1
-1.906298 0.707153 2.440424 1
-1.861572 0.647350 2.466256 1
-1.827627 0.589063 2.485790 1
-1.840536 0.533291 2.477237 1
-1.872029 0.477762 2.457650 1
-1.846965 0.420664 2.472405 1
-1.837765 0.364198 2.477771 1
-1.875762 0.307680 2.454822 1
-1.863975 0.251144 2.462132 1
-1.856607 0.194733 2.466962 1
-1.835241 0.138990 2.480434 1
-1.832067 0.082805 2.483110 1
-1.817390 0.027339 2.492915 1
-1.848145 -0.031016 2.475502 1
-1.864016 -0.088875 2.467268 1
-1.846948 -0.144117 2.479086 1
-1.843658 -0.200451 2.482786 1
-1.442788 -0.211929 2.726004 1
-1.188084 -0.232885 2.881166 1
-1.027316 -0.261029 2.979819 1
-1.019948 -0.308039 2.986351 1
-1.878189 -0.490050 2.473561 1
-1.854962 -0.543644 2.490392 1
-1.868702 -0.603405 2.485251 1
-1.878392 -0.662808 2.482750 1
-1.879252 -0.720774 2.485741 1
-1.881785 -0.779232 2.487935 1
-1.888623 1.441316 2.564192 1
-1.905853 1.387301 2.550375 1
-1.949345 1.337936 2.521423 1
-1.916289 1.274274 2.537317 1
-1.913653 1.216455 2.535676 1
-1.913555 1.159183 2.532758 1
-1.921132 1.103108 2.525547 1
-1.877727 1.040174 2.548409 1
-1.885113 0.984461 2.541722 1
-1.886386 0.927979 2.538816 1
-1.930703 0.875882 2.510829 1
-1.898400 0.815979 2.528032 1
-1.908093 0.760164 2.520765 1
-1.910890 0.703713 2.517744 1
-1.876560 0.645074 2.536765 1
-1.889220 0.589445 2.528339 1
-1.915780 0.534091 2.511922 1
-1.899466 0.477057 2.520939 1
-1.915011 0.420892 2.511393 1
-1.913588 0.364316 2.512035 1
-1.904364 0.307815 2.517468 1
-1.924759 0.251035 2.505653 1
-1.858061 0.196124 2.545319 1
-1.902762 0.138475 2.519585 1
-1.891562 0.082525 2.526961 1
-1.896848 0.025823 2.524828 1
-1.916591 -0.032024 2.514392 1
-1.872297 -0.085230 2.541809 1
-1.895036 -0.143594 2.530009 1
-1.921052 -0.202826 2.516497 1
-1.531636 -0.216288 2.747018 1
-1.242244 -0.233733 2.918758 1
-0.985293 -0.249369 3.071415 1
-0.974112 -0.294898 3.080086 1
-1.900397 -0.485069 2.540455 1
-1.911564 -0.544028 2.536897 1
-1.920466 -0.602927 2.534878 1
-1.909451 -0.658404 2.544692 1
-1.925474 -0.719095 2.538944 1
-1.949063 -0.781829 2.529024 1
-1.954890 1.501349 2.610003 1
-1.976663 1.448189 2.593557 1
-1.966219 1.388385 2.595579 1
-1.997073 1.336554 2.574358 1
-1.950495 1.270687 2.597366 1
-1.976073 1.217715 2.579542 1
-1.965632 1.158789 2.582433 1
-1.958317 1.100619 2.583760 1
-1.974527 1.045785 2.571865 1
-1.951014 0.985875 2.582867 1
-1.941046 0.928030 2.586346 1
-1.952995 0.872652 2.577492 1
-1.926390 0.813632 2.590915 1
-1.963450 0.760246 2.568073 1
-1.957280 0.703171 2.570198 1
-1.941475 0.645708 2.578055 1
-1.931815 0.588903 2.582593 1
-1.932740 0.532717 2.581261 1
-1.955619 0.477110 2.567528 1
-1.930217 0.420276 2.581709 1
-1.931992 0.364128 2.580490 1
-1.951306 0.307853 2.569402 1
-1.920196 0.251964 2.587461 1
-1.931551 0.195605 2.581343 1
-1.940034 0.139097 2.577075 1
-1.954711 0.082096 2.569457 1
-1.932088 0.026916 2.583438 1
-1.957409 -0.031098 2.570124 1
-1.942362 -0.086501 2.580158 1
-1.952239 -0.143861 2.576110 1
-1.956193 -0.200889 2.575662 1
-1.637357 -0.222384 2.760067 1
-1.340360 -0.239845 2.931928 1
-1.082613 -0.256252 3.081297 1
-0.993383 -0.291240 3.134425 1
-1.963131 -0.486324 2.583859 1
-1.956368 -0.542411 2.590765 1
-1.981648 -0.604031 2.579640 1
-1.946318 -0.655090 2.603204 1
-1.942562 -0.711677 2.609008 1
-1.950904 -0.770794 2.608159 1
-1.962337 -0.830883 2.605786 1
-1.974067 1.493586 2.678723 1
-2.010514 1.443775 2.654417 1
-1.995076 1.383267 2.658962 1
-2.013133 1.329329 2.645202 1
-2.006041 1.270780 2.645573 1
-1.972563 1.208211 2.660808 1
-1.962467 1.149978 2.663309 1
-1.981207 1.096108 2.650000 1
-1.995242 1.041311 2.639500 1
-1.994710 0.984550 2.637310 1
-1.996097 0.928079 2.634261 1
-1.996316 0.871526 2.632071 1
-1.990190 0.814464 2.633631 1
-1.988408 0.757921 2.632977 1
-1.964112 0.699936 2.645109 1
-1.993700 0.645580 2.627343 1
-1.988015 0.588989 2.629492 1
-1.989010 0.532787 2.628114 1
-1.979524 0.476312 2.632803 1
-1.972879 0.420094 2.636110 1
-1.995641 0.364176 2.623171 1
-1.999593 0.307885 2.620960 1
-1.998681 0.251585 2.621676 1
-2.013034 0.194898 2.614060 1
-1.962025 0.140277 2.643205 1
-1.961244 0.084346 2.644459 1
-2.006389 0.025776 2.620252 1
-1.988755 -0.029521 2.631342 1
-1.998012 -0.086589 2.627614 1
-2.011999 -0.144313 2.621460 1
-1.973337 -0.197170 2.644888 1
-1.690709 -0.222585 2.804472 1
-1.387729 -0.239707 2.975361 1
-1.161240 -0.260514 3.103604 1
-1.146619 -0.306477 3.114014 1
-2.002518 -0.483958 2.641063 1
-1.973232 -0.536237 2.660437 1
-2.000825 -0.597799 2.648464 1
-1.957203 -0.647013 2.676165 1
-2.023449 -0.716677 2.643275 1
-2.027932 -0.775249 2.644800 1
-2.018356 -0.831016 2.654303 1
-2.044937 1.496878 2.719255 1
-2.024028 1.435253 2.726197 1
-2.048508 1.382880 2.708959 1
-2.050737 1.326074 2.703901 1
-2.059409 1.270427 2.695584 1
-2.048387 1.211541 2.698117 1
-2.048425 1.154635 2.694898 1
-2.042133 1.096931 2.695325 1
-2.015264 1.036783 2.707127 1
-1.997051 0.978293 2.714475 1
-2.061571 0.929209 2.677138 1
-2.043159 0.870726 2.685017 1
-2.066842 0.816369 2.670240 1
-2.018007 0.755968 2.695105 1
-2.039629 0.701337 2.681868 1
-2.026771 0.644345 2.687603 1
-2.063759 0.589960 2.666408 1
-2.047212 0.532910 2.674576 1
-2.039391 0.476446 2.678205 1
-2.019305 0.419968 2.688730 1
-2.055581 0.364202 2.668750 1
-2.021019 0.308058 2.687586 1
-2.018574 0.252125 2.689128 1
-2.022782 0.196064 2.687255 1
-2.037986 0.139505 2.679602 1
-2.027029 0.083824 2.686411 1
-2.023742 0.027909 2.689252 1
-2.047062 -0.029753 2.677823 1
-2.009811 -0.083252 2.699563 1
-2.019042 -0.140099 2.696224 1
-2.029569 -0.197313 2.692400 1
-1.802622 -0.229081 2.817713 1
-1.486348 -0.245608 2.991501 1
-1.274958 -0.269173 3.108354 1
-1.238414 -0.312790 3.130514 1
-2.040993 -0.481439 2.698918 1
-2.058987 -0.541158 2.692389 1
-2.066493 -0.599554 2.691760 1
-2.055798 -0.654909 2.701173 1
-2.061391 -0.713266 2.702024 1
-2.035816 -0.765553 2.719860 1
-2.068813 -0.829872 2.706438 1
-1.215770 1.423070 0.964170 0
-1.198843 1.456958 0.970659 0
-1.197310 1.504201 0.989725 0
-1.152944 1.513417 0.972964 0
-1.233811 1.287701 0.967482 0
-1.224026 1.330010 0.980840 0
-1.219182 1.376334 0.997938 0
-1.176159 1.386473 0.982931 0
-1.198703 1.456748 1.021905 0
-1.214317 1.519037 1.054375 0
-1.154777 1.514599 1.025619 0
-1.213997 1.161363 0.959195 0
-1.224026 1.225755 0.989987 0
-1.210057 1.264855 1.000014 0
-1.198194 1.305470 1.011448 0
-1.206414 1.364508 1.038925 0
-1.194564 1.403601 1.049517 0
-1.200928 1.458682 1.074363 0
-1.187128 1.494682 1.082638 0
-1.149320 1.509460 1.071799 0
-1.228364 1.066034 0.979501 0
-1.199425 1.091754 0.978014 0
-1.210084 1.158334 1.009277 0
-1.215571 1.218026 1.035509 0
-1.199166 1.254713 1.043294 0
-1.189867 1.297853 1.056514 0
-1.185758 1.345219 1.073482 0
-1.185583 1.395367 1.093101 0
-1.153233 1.415376 1.087125 0
-1.185874 1.493330 1.131375 0
-1.152224 1.511582 1.123943 0
-1.109212 1.522257 1.109450 0
-1.233751 0.897712 0.967645 0
-1.214350 0.935829 0.975244 0
-1.201254 0.980391 0.987804 0
-1.199051 1.035920 1.008951 0
-1.181443 1.074033 1.016928 0
-1.186931 1.135474 1.043276 0
-1.184015 1.186995 1.062228 0
-1.176791 1.233232 1.077261 0
-1.161060 1.270441 1.085210 0
-1.158409 1.319600 1.103033 0
-1.150340 1.362817 1.116234 0
-1.138807 1.402220 1.126439 0
-1.139542 1.451993 1.145584 0
-1.108520 1.473246 1.140577 0
-1.080611 1.497406 1.137865 0
-1.214081 0.752528 0.957326 0
-1.203934 0.803778 0.973613 0
-1.206371 0.868416 0.999854 0
-1.196781 0.917973 1.015473 0
-1.189163 0.968743 1.032218 0
-1.196620 1.034710 1.060593 0
-1.155258 1.047684 1.049388 0
-1.198232 1.148102 1.104695 0
-1.153698 1.157222 1.090560 0
-1.179726 1.236735 1.131005 0
-1.151600 1.261728 1.129193 0
-1.152244 1.314019 1.149047 0
-1.125044 1.339477 1.147577 0
-1.134871 1.398571 1.173467 0
-1.117021 1.431775 1.178455 0
-1.118511 1.481526 1.197310 0
-1.102205 1.515209 1.202906 0
-1.231158 0.645832 0.977811 0
-1.214011 0.690565 0.988759 0
-1.211200 0.751667 1.011191 0
-1.208091 0.810968 1.032718 0
-1.193452 0.855697 1.044279 0
-1.201312 0.924890 1.073466 0
-1.162376 0.940964 1.064825 0
-1.174898 1.012766 1.096554 0
-1.143181 1.036179 1.093208 0
-1.154015 1.103554 1.122436 0
-1.159301 1.163663 1.146735 0
-1.128869 1.187150 1.143611 0
-1.112759 1.224629 1.151091 0
-1.140532 1.303192 1.190606 0
-1.105719 1.321666 1.183650 0
-1.100254 1.367115 1.197908 0
-1.138069 1.450212 1.242728 0
-1.110272 1.473982 1.240168 0
-1.110942 1.522099 1.257533 0
-1.026063 1.498164 1.215040 0
0.752256 1.845185 0.571891 2
-1.233546 0.516004 0.985281 0
-1.229597 0.579820 1.008000 0
-1.195520 0.604492 1.005125 0
-1.204331 0.681577 1.037191 0
-1.190765 0.729816 1.050310 0
-1.179646 0.780014 1.064943 0
-1.165819 0.826137 1.076981 0
-1.148987 0.868095 1.086283 0
-1.161796 0.941938 1.118100 0
-1.134060 0.970306 1.118204 0
-1.149157 1.043647 1.150491 0
-1.135812 1.085800 1.160767 0
-1.111281 1.116060 1.162465 0
-1.109524 1.168668 1.180668 0
-1.093664 1.206610 1.188202 0
-1.110279 1.274829 1.218747 0
-1.110884 1.326531 1.237247 0
-1.090125 1.357853 1.240291 0
-1.093717 1.410623 1.260131 0
-1.071292 1.439737 1.261581 0
-1.096505 1.509293 1.295450 0
-1.019621 1.492112 1.259537 0
0.393238 1.733254 0.759217 2
0.686863 1.812983 0.658134 2
0.656741 1.879884 0.690107 2
0.759741 1.890974 0.649288 2
-1.224678 0.364810 0.982744 0
-1.228582 0.442642 1.012874 0
-1.208512 0.487098 1.022346 0
-1.198132 0.543124 1.039320 0
-1.169353 0.574996 1.040959 0
-1.161405 0.632051 1.058960 0
-1.159275 0.694786 1.080971 0
-1.164553 0.764679 1.108089 0
-1.149578 0.809622 1.118941 0
-1.171619 0.895256 1.157489 0
-1.136480 0.915785 1.152209 0
-1.125944 0.962985 1.165177 0
-1.127089 1.021631 1.186329 0
-1.109960 1.060179 1.193668 0
-1.098118 1.103589 1.204552 0
-1.111155 1.170877 1.232805 0
-1.107589 1.220480 1.248708 0
-1.073251 1.240064 1.242760 0
-1.093967 1.310949 1.274832 0
-1.087360 1.355267 1.287525 0
-1.056766 1.377597 1.283654 0
-1.061775 1.431081 1.303651 0
-1.051874 1.470810 1.313293 0
-1.019909 1.491667 1.308152 0
-0.988033 1.512897 1.303084 0
0.273029 1.735625 0.872144 2
0.192610 1.826263 0.931347 2
0.337359 1.807658 0.866696 2
0.373460 1.842285 0.861797 2
0.636113 1.775758 0.734791 2
0.622020 1.835867 0.757573 2
0.620514 1.889779 0.773303 2
0.713226 1.904414 0.738964 2
-1.233901 0.152789 0.966538 0
-1.204636 0.189791 0.970344 0
-1.209597 0.273813 1.002366 0
-1.196369 0.330680 1.018462 0
-1.202808 0.412361 1.049939 0
-1.182231 0.456600 1.058854 0
-1.178515 0.521534 1.080741 0
-1.161464 0.568267 1.091548 0
-1.155453 0.627613 1.110487 0
-1.138448 0.672500 1.120473 0
-1.134189 0.731521 1.139716 0
-1.126880 0.785732 1.156132 0
-1.112583 0.831007 1.166919 0
-1.112482 0.891087 1.187706 0
-1.120339 0.958349 1.213674 0
-1.094615 0.988693 1.215033 0
-1.085114 1.035600 1.227716 0
-1.104704 1.111003 1.260364 0
-1.084583 1.145269 1.264795 0
-1.090570 1.204462 1.286919 0
-1.070103 1.237335 1.290589 0
-1.057827 1.277571 1.299601 0
-1.055886 1.326658 1.315229 0
-1.053689 1.374631 1.330312 0
-1.055293 1.425066 1.347516 0
-1.035275 1.456159 1.350352 0
-1.041330 1.508828 1.369765 0
-0.967730 1.495525 1.338189 0
0.971791 -0.004647 0.132924 6
1.086558 -0.014842 0.086830 6
0.274599 1.409353 0.837549 2
0.183709 1.516080 0.904585 2
0.132884 1.597449 0.948387 2
0.064099 1.686505 1.001378 2
0.519315 1.497039 0.767341 2
0.121526 1.757171 0.999187 2
0.207223 1.764272 0.967333 2
0.198753 1.818961 0.986235 2
0.256760 1.841339 0.969503 2
0.299808 1.871584 0.960835 2
0.309756 1.917280 0.969582 2
0.343607 1.952284 0.965710 2
0.440698 1.960789 0.929112 2
0.615262 1.939247 0.853103 2
0.703885 1.955872 0.821912 2
-1.215904 -0.032558 0.954298 0
-1.218631 0.055040 0.986189 0
-1.209184 0.122330 1.006932 0
-1.201542 0.190400 1.028432 0
-1.193634 0.256309 1.048996 0
-1.167573 0.295933 1.054398 0
-1.150044 0.346326 1.066239 0
-1.155123 0.425061 1.095224 0
-1.169212 0.513051 1.130282 0
-1.159745 0.569189 1.146492 0
-1.157157 0.632471 1.167351 0
-1.115228 0.647375 1.158451 0
-1.119428 0.716586 1.183431 0
-1.125907 0.786659 1.209385 0
-1.106485 0.826001 1.216105 0
-1.091470 0.869669 1.225695 0
-1.107221 0.945650 1.256537 0
-1.109178 1.005148 1.277064 0
-1.089752 1.041338 1.282397 0
-1.061069 1.067848 1.281245 0
-1.054089 1.115799 1.294617 0
-1.040686 1.156719 1.303361 0
-1.063697 1.231524 1.335844 0
-1.040305 1.261431 1.337336 0
-1.046125 1.317730 1.357602 0
-1.035768 1.358491 1.367054 0
-1.028461 1.401366 1.378192 0
-1.035858 1.456128 1.398296 0
-1.009205 1.481403 1.396759 0
-0.980316 1.504967 1.393803 0
0.964219 -0.000236 0.218708 6
1.082948 -0.013919 0.171401 6
1.171154 -0.001595 0.143152 6
1.235472 0.030220 0.129518 6
0.337639 1.018052 0.761123 2
0.225098 1.152220 0.843140 2
0.171910 1.244249 0.890366 2
0.146969 1.316279 0.921005 2
0.099666 1.400496 0.963523 2
0.102088 1.452989 0.977952 2
0.569845 1.233866 0.737712 2
0.175069 1.570391 0.984220 2
0.183892 1.617967 0.994427 2
0.128728 1.698947 1.038417 2
0.930247 1.336995 0.629941 2
0.961973 1.381550 0.630236 2
0.978786 1.433556 0.638222 2
0.972613 1.496290 0.657914 2
1.010135 1.538013 0.654862 2
1.011799 1.596238 0.670070 2
1.041926 1.641451 0.670609 2
1.057130 1.693199 0.678593 2
0.287714 2.069352 1.078565 2
0.372039 2.083530 1.049407 2
0.533135 2.069389 0.982694 2
-1.220332 -0.193649 0.960700 0
-1.195751 -0.143322 0.970547 0
-1.204703 -0.043351 1.007716 0
-1.194742 0.025428 1.028235 0
-1.180220 0.085770 1.044359 0
-1.175966 0.159174 1.068058 0
-1.161102 0.215890 1.082662 0
-1.154820 0.282945 1.103392 0
-1.157195 0.359757 1.130077 0
-1.129134 0.395007 1.132986 0
-1.144391 0.484869 1.168001 0
-1.133173 0.539219 1.182545 0
-1.108292 0.575820 1.186679 0
-1.129731 0.667161 1.223935 0
-1.090851 0.685551 1.217319 0
-1.079496 0.735720 1.230107 0
-1.064042 0.780376 1.239657 0
-1.061053 0.837970 1.257476 0
-1.061214 0.897711 1.276961 0
-1.067579 0.962647 1.300120 0
-1.053622 1.005169 1.309162 0
-1.020676 1.027973 1.305404 0
-1.057701 1.119952 1.347335 0
-1.055666 1.171594 1.363094 0
-1.032909 1.202664 1.365200 0
-1.039220 1.260507 1.385620 0
-1.022728 1.296441 1.391256 0
-1.029760 1.352926 1.411352 0
-1.011765 1.386472 1.415579 0
-1.014883 1.437755 1.432559 0
-0.984000 1.459735 1.428586 0
-0.980693 1.504467 1.441165 0
-0.920070 1.502740 1.419380 0
1.031244 0.024614 0.283362 6
1.174540 -0.006315 0.223414 6
0.309070 0.721256 0.748979 2
0.220956 0.850339 0.818946 2
0.224367 0.910057 0.835520 2
0.159692 1.016664 0.890240 2
0.140449 1.089233 0.918532 2
0.132862 1.152551 0.939824 2
0.098737 1.232205 0.975363 2
0.064540 1.310105 1.010327 2
0.161855 1.414056 1.004699 2
0.150871 1.474466 1.025838 2
0.094503 1.559743 1.070548 2
0.085378 1.616578 1.089821 2
0.047539 1.688120 1.123692 2
0.051318 1.736049 1.135554 2
1.053925 1.268443 0.635300 2
1.063056 1.325807 0.647579 2
1.112542 1.362974 0.639237 2
1.094595 1.432915 0.664804 2
1.151476 1.467029 0.652664 2
1.181166 1.514239 0.654101 2
1.172654 1.578374 0.674263 2
1.167951 1.699188 0.707671 2
0.573894 1.997070 1.009454 2
0.655176 2.016237 0.983600 2
0.737074 2.036654 0.957740 2
0.997534 1.992970 0.847639 2
-1.239677 -0.339179 0.979281 0
-1.212550 -0.289975 0.987798 0
-1.194147 -0.228018 1.003095 0
-1.195404 -0.137285 1.033796 0
-1.196858 -0.049096 1.063621 0
-1.175264 0.002367 1.074201 0
-1.161897 0.064629 1.090770 0
-1.141347 0.115217 1.101211 0
-1.150033 0.205183 1.133485 0
-1.158455 0.292101 1.164594 0
-1.147933 0.351409 1.180737 0
-1.135128 0.406392 1.194680 0
-1.109352 0.443764 1.198777 0
-1.099832 0.500878 1.214282 0
-1.088572 0.554641 1.228080 0
-1.097608 0.631446 1.255625 0
-1.075739 0.670221 1.261097 0
-1.074450 0.731995 1.280398 0
-1.057850 0.775267 1.288837 0
-1.058551 0.836815 1.308555 0
-1.048616 0.885584 1.320732 0
-1.060121 0.955979 1.346586 0
-1.036121 0.988152 1.348841 0
-1.020607 1.028683 1.356404 0
-1.018908 1.082312 1.372497 0
-1.025142 1.142547 1.393175 0
-1.002906 1.174549 1.395674 0
-1.002625 1.226711 1.411573 0
-1.010797 1.285547 1.432257 0
-1.026353 1.349671 1.456948 0
-0.986410 1.364050 1.447893 0
-0.988362 1.414657 1.463794 0
-0.994033 1.467432 1.481534 0
-0.985753 1.507795 1.490773 0
-0.902297 1.487592 1.456373 0
0.263440 0.623155 0.802806 2
0.200132 0.737314 0.858079 2
0.155455 0.834401 0.901857 2
0.145917 0.903304 0.925220 2
0.118846 0.983528 0.957837 2
0.109865 1.049307 0.979924 2
0.173530 1.180456 0.995151 2
0.116354 1.274085 1.041658 2
0.102875 1.337899 1.064328 2
0.084031 1.403878 1.089411 2
0.077087 1.461503 1.107880 2
0.045882 1.532426 1.138545 2
0.020181 1.598696 1.165892 2
0.001830 1.659547 1.189057 2
-0.028531 1.725827 1.217910 2
-0.055378 1.836757 1.257404 2
0.010493 1.850949 1.237484 2
0.089988 1.859641 1.211115 2
0.160430 1.874183 1.189483 2
0.183798 1.911915 1.190901 2
0.209404 1.948727 1.191189 2
0.234461 1.985940 1.191699 2
0.268254 2.019562 1.188023 2
0.340211 2.037674 1.166367 2
0.568379 1.993953 1.071783 2
0.602899 2.031189 1.068512 2
0.726549 2.034900 1.024029 2
0.850336 2.041033 0.980012 2
-1.255812 -0.498074 0.994587 0
-1.217971 -0.463660 0.995025 0
-1.204210 -0.389858 1.015130 0
-1.193633 -0.313064 1.037042 0
-1.175413 -0.250578 1.052015 0
-1.177308 -0.158681 1.082276 0
-1.167318 -0.087572 1.102275 0
-1.158384 -0.016847 1.122380 0
-1.152657 0.056595 1.144225 0
-1.141399 0.120228 1.161215 0
-1.117476 0.164818 1.168283 0
-1.112252 0.233912 1.188659 0
-1.112389 0.308318 1.212256 0
-1.091942 0.354116 1.220525 0
-1.075937 0.404768 1.231596 0
-1.078332 0.477260 1.255052 0
-1.090792 0.560097 1.284750 0
-1.063105 0.592937 1.286457 0
-1.075634 0.672352 1.314969 0
-1.083870 0.744740 1.339905 0
-1.043149 0.760652 1.332124 0
-1.038293 0.816240 1.347669 0
-1.035119 0.872494 1.363876 0
-1.022530 0.917714 1.373686 0
-1.021701 0.974302 1.390598 0
-1.031377 1.040288 1.413622 0
-1.012187 1.076279 1.418343 0
-1.013461 1.131687 1.435371 0
-0.995955 1.168223 1.440664 0
-0.971658 1.198125 1.441730 0
-0.962164 1.241378 1.451475 0
-0.997254 1.323607 1.487125 0
-0.957770 1.338769 1.478721 0
-0.986693 1.412715 1.509803 0
-0.972914 1.449168 1.515902 0
-0.976955 1.499822 1.531919 0
-0.918098 1.499272 1.512336 0
0.166355 0.697583 0.922960 2
0.106265 0.807521 0.974359 2
0.106749 0.869086 0.991724 2
1.396666 -0.015957 0.309964 6
0.132457 1.031192 1.028821 2
0.118026 1.099771 1.052835 2
0.129044 1.149982 1.063062 2
0.101374 1.225116 1.093212 2
0.068893 1.301740 1.125327 2
0.051232 1.367370 1.149305 2
-0.007609 1.457022 1.193814 2
-0.001816 1.505607 1.204985 2
-0.051440 1.586114 1.243710 2
-0.036373 1.627664 1.249654 2
-0.048796 1.684346 1.269043 2
1.141881 1.085431 0.698471 2
1.159542 1.140321 0.706810 2
1.196618 1.184898 0.705604 2
1.161550 1.266146 0.738982 2
1.238970 1.290479 0.718261 2
1.243292 1.351146 0.732371 2
1.232785 1.418195 0.753216 2
0.097024 1.995284 1.298967 2
0.126356 2.029095 1.297196 2
0.166857 2.058379 1.290276 2
0.347555 2.029695 1.219275 2
0.531068 2.003784 1.147893 2
0.600149 2.026835 1.129088 2
0.706579 2.036828 1.093737 2
0.813668 2.048642 1.058516 2
-1.226648 -0.748242 0.970831 0
-1.215320 -0.662072 0.995042 0
-1.196156 -0.592221 1.011835 0
-1.195027 -0.493952 1.042544 0
-1.200951 -0.387339 1.077777 0
-1.188794 -0.313463 1.097561 0
-1.155194 -0.275455 1.099970 0
-1.142230 -0.206188 1.117930 0
-1.149897 -0.107741 1.150794 0
-1.115499 -0.074314 1.151321 0
-1.135940 0.037777 1.191938 0
-1.112013 0.083729 1.199216 0
-1.119767 0.172534 1.228826 0
-1.093677 0.213083 1.233669 0
-1.088808 0.281081 1.253065 0
-1.093545 0.359784 1.278485 0
-1.076740 0.409097 1.288527 0
-1.091973 0.497170 1.319764 0
-1.055908 0.520534 1.316085 0
-1.061367 0.593368 1.339669 0
-1.053174 0.648469 1.353760 0
-1.031142 0.686685 1.358559 0
-1.029108 0.746775 1.375871 0
-1.007196 0.783835 1.380231 0
-0.997253 0.833331 1.391862 0
-1.009397 0.905101 1.416764 0
-1.012094 0.965393 1.435325 0
-0.996271 1.005749 1.442271 0
-0.991712 1.056697 1.455734 0
-1.000851 1.119930 1.476960 0
-0.988277 1.161210 1.485000 0
-0.990640 1.215776 1.501484 0
-0.971958 1.250180 1.505511 0
-0.952099 1.283282 1.508735 0
-0.948221 1.330085 1.520854 0
-0.976662 1.403656 1.550753 0
-0.935623 1.417413 1.541598 0
-0.949892 1.476937 1.562906 0
-0.946670 1.521183 1.574279 0
-0.865965 1.504118 1.543625 0
0.163112 0.762350 1.006374 2
0.135374 0.845842 1.038423 2
0.113138 0.923434 1.066989 2
0.097328 0.994777 1.091678 2
0.063571 1.077344 1.125196 2
0.060642 1.136829 1.142308 2
0.008101 1.228752 1.184351 2
0.002606 1.287394 1.201931 2
-0.010411 1.349952 1.222961 2
-0.063226 1.436405 1.263413 2
1.130267 0.755553 0.688285 2
1.162178 0.804394 0.690590 2
1.162222 0.871937 0.708300 2
1.186193 0.924958 0.714159 2
1.181712 0.993716 0.733512 2
1.206074 1.045849 0.738830 2
1.223953 1.101321 0.747090 2
-0.076452 1.840343 1.373037 2
0.016398 1.840283 1.341750 2
0.012462 1.889807 1.355600 2
1.313431 1.312109 0.770366 2
1.340838 1.362194 0.773602 2
1.322765 1.433034 0.797350 2
1.360771 1.477979 0.795532 2
0.178007 2.049005 1.338970 2
0.372099 2.014540 1.264281 2
0.482058 2.018508 1.227635 2
0.597349 2.022553 1.189112 2
0.707877 2.030710 1.153138 2
0.825119 2.038532 1.114702 2
-1.193397 -0.798201 1.012549 0
-1.175123 -0.723478 1.030504 0
-1.159032 -0.647223 1.049442 0
-1.171605 -0.524995 1.090105 0
-1.161828 -0.443872 1.112096 0
-1.154190 -0.361760 1.134900 0
-1.151544 -0.274272 1.160635 0
-1.134944 -0.210901 1.175160 0
-1.122254 -0.143253 1.191990 0
-1.085019 -0.113431 1.190547 0
-1.087298 -0.026919 1.217080 0
-1.080491 0.044283 1.236418 0
-1.095125 0.143127 1.269976 0
-1.062073 0.174720 1.269972 0
-1.073204 0.264388 1.299683 0
-1.065616 0.327297 1.316076 0
-1.037142 0.362344 1.318207 0
-1.049231 0.447268 1.346603 0
-1.053422 0.520260 1.369161 0
-1.047608 0.579516 1.384744 0
-1.026275 0.619444 1.390123 0
-1.011480 0.666314 1.399366 0
-1.040816 0.761596 1.435495 0
-1.014764 0.793661 1.437036 0
-0.997755 0.835222 1.443918 0
-0.998261 0.894580 1.461032 0
-0.965695 0.918728 1.458201 0
-0.960993 0.971050 1.471642 0
-0.996413 1.061909 1.507966 0
-0.969658 1.090246 1.507892 0
-0.967163 1.141499 1.521525 0
-0.955048 1.182910 1.529434 0
-0.949667 1.229892 1.540887 0
-0.954926 1.285562 1.557943 0
-0.937494 1.320378 1.562233 0
-0.908111 1.344749 1.559924 0
-0.915102 1.399636 1.577132 0
-0.929173 1.459225 1.597757 0
-0.906159 1.487865 1.598421 0
-0.847878 1.488884 1.580591 0
0.076988 0.826746 1.113796 2
0.033210 0.920728 1.152725 2
0.002200 1.002987 1.184447 2
-0.009086 1.069192 1.205627 2
-0.060379 1.162315 1.246480 2
1.116934 0.407871 0.675493 2
1.157598 0.452879 0.674449 2
1.161258 0.522431 0.691486 2
1.183780 0.578969 0.699045 2
-0.011753 1.401280 1.293577 2
-0.042189 1.472424 1.321666 2
-0.038044 1.521268 1.332881 2
-0.021741 1.562448 1.338169 2
-0.040873 1.623755 1.359921 2
-0.061850 1.684969 1.382182 2
1.264347 1.009417 0.783190 2
1.243234 1.086280 0.809291 2
-0.067850 1.832268 1.421036 2
-0.039626 1.864877 1.419940 2
0.016080 1.884129 1.406526 2
0.077157 1.901717 1.390890 2
0.105229 1.935826 1.390029 2
1.394206 1.394784 0.835939 2
1.418858 1.446371 0.840301 2
0.221151 2.025826 1.373683 2
0.414629 1.991815 1.301771 2
0.498433 2.006729 1.277639 2
0.608959 2.012616 1.242469 2
0.730356 2.016496 1.203160 2
0.852416 2.022535 1.164067 2
1.241040 1.934745 1.014528 2
1.282523 1.976790 1.010428 2
-1.186838 -0.799885 1.076485 0
-1.152409 -0.753913 1.081008 0
-1.151716 -0.650815 1.111187 0
-1.165154 -0.527475 1.150989 0
-1.132711 -0.483830 1.155149 0
-1.124703 -0.401731 1.177021 0
-1.107581 -0.336373 1.191495 0
-1.107174 -0.247063 1.217380 0
-1.102083 -0.167494 1.239106 0
-1.089127 -0.101734 1.254630 0
-1.099905 -0.003563 1.285929 0
-1.076896 0.044124 1.293367 0
-1.061001 0.100728 1.305262 0
-1.058055 0.173523 1.325311 0
-1.054128 0.243130 1.344116 0
-1.020773 0.273046 1.343365 0
-1.049453 0.381177 1.382101 0
-1.014903 0.407831 1.379973 0
-1.002855 0.461770 1.391825 0
-1.011529 0.539208 1.416088 0
-0.976432 0.563804 1.413055 0
-0.981335 0.634032 1.434112 0
-0.967526 0.681708 1.443481 0
-0.976265 0.753198 1.465874 0
-0.969988 0.806884 1.478961 0
-0.941940 0.836743 1.479134 0
-0.966034 0.920030 1.509050 0
-0.977146 0.988049 1.530953 0
-0.946739 1.013581 1.529093 0
-0.942126 1.064101 1.541526 0
-0.937442 1.113657 1.553625 0
-0.931515 1.161207 1.564763 0
-0.945092 1.225667 1.586161 0
-0.922967 1.256951 1.588035 0
-0.930562 1.313973 1.605564 0
-0.918027 1.352676 1.612170 0
-0.921475 1.404297 1.626925 0
-0.917542 1.448935 1.637576 0
-0.906246 1.487014 1.644239 0
-0.885140 1.517012 1.645780 0
-0.062563 0.932209 1.244726 2
0.970492 0.215267 0.745556 2
1.053465 0.228558 0.723867 2
1.174212 0.216159 0.683980 3
1.163880 0.298636 0.708374 2
-0.054465 1.211450 1.314508 2
-0.066181 1.273947 1.334058 2
-0.051906 1.318215 1.340939 2
-0.037007 1.361764 1.347387 2
-0.079621 1.441246 1.380563 2
-0.033270 1.464071 1.371974 2
-0.059756 1.531345 1.396987 2
-0.065759 1.585205 1.412250 2
-0.077577 1.641619 1.429895 2
-0.077782 1.690609 1.442036 2
-0.105498 1.754067 1.466260 2
1.383313 1.006764 0.817927 2
-0.106323 1.848716 1.489577 2
-0.054998 1.868972 1.478354 2
-0.006553 1.891468 1.468522 2
0.033529 1.918736 1.462415 2
0.067242 1.949523 1.459104 2
1.459928 1.359036 0.878380 2
0.132977 2.012961 1.453289 2
0.223587 2.020210 1.426220 2
0.455546 1.969706 1.340653 2
0.487732 2.006026 1.338836 2
0.576256 2.020293 1.313889 2
0.700620 2.022397 1.274633 2
0.974492 1.971082 1.175256 2
1.189930 1.946841 1.100700 2
1.334770 1.951875 1.055354 2
-1.132259 -0.779786 1.133867 0
-1.136203 -0.668525 1.166440 0
-1.135835 -0.568346 1.194699 0
-1.108350 -0.515905 1.202383 0
-1.099107 -0.435383 1.222667 0
-1.095701 -0.348081 1.246323 0
-1.066995 -0.302156 1.251675 0
-1.072325 -0.206064 1.279971 0
-1.078270 -0.112037 1.307794 0
-1.061023 -0.054112 1.319351 0
-1.040892 -0.001528 1.328599 0
-1.034618 0.069024 1.346475 0
-1.037220 0.149701 1.369475 0
-1.036968 0.224408 1.390005 0
-1.030376 0.288994 1.405984 0
-1.025120 0.353738 1.422316 0
-0.995538 0.386919 1.423342 0
-0.984627 0.442464 1.435514 0
-1.009003 0.538684 1.468363 0
-0.999574 0.592899 1.480476 0
-0.991564 0.647658 1.493076 0
-0.982158 0.699775 1.504527 0
-0.957650 0.734449 1.507047 0
-0.964656 0.802531 1.527247 0
-0.950593 0.846951 1.535189 0
-0.944170 0.898554 1.547136 0
-0.930181 0.941620 1.554641 0
-0.929100 0.996800 1.568944 0
-0.921286 1.044411 1.579297 0
-0.950867 1.126580 1.609295 0
-0.941414 1.170449 1.618106 0
-0.920346 1.203152 1.620642 0
-0.897156 1.233796 1.621988 0
-0.901685 1.288475 1.637475 0
-0.907823 1.343465 1.653458 0
-0.897510 1.383644 1.660837 0
-0.908099 1.440433 1.678478 0
-0.868381 1.455790 1.670893 0
-0.857286 1.494135 1.677442 0
-0.812837 1.506492 1.667629 0
-0.043845 0.975207 1.308614 2
-0.027430 1.021096 1.315373 2
-0.040172 1.087608 1.335811 2
-0.082268 1.173554 1.369690 2
-0.059326 1.212583 1.372646 2
-0.055690 1.264536 1.384462 2
-0.068611 1.326756 1.403666 2
-0.096962 1.397816 1.429574 2
-0.090363 1.445323 1.439255 2
-0.101731 1.503413 1.456825 2
-0.102007 1.553851 1.469168 2
-0.114832 1.611035 1.486850 2
-0.124006 1.665162 1.502649 2
-0.119109 1.710557 1.512071 2
-0.160425 1.780838 1.541310 2
1.423448 0.980459 0.872871 2
-0.093795 1.838661 1.534906 2
-0.068946 1.872403 1.535334 2
-0.051553 1.909979 1.538875 2
-0.001621 1.931782 1.528788 2
0.026611 1.964581 1.527818 2
0.084668 1.983942 1.514589 2
0.128253 2.010736 1.507445 2
0.208045 2.022428 1.485707 2
0.399414 1.988507 1.419310 2
0.467210 2.009415 1.403246 2
0.634440 1.991878 1.347871 2
0.775291 1.988037 1.303643 2
1.014380 1.950191 1.221462 2
1.154451 1.953433 1.178940 2
1.346727 1.941062 1.116759 2
1.339840 2.000508 1.131990 2
-1.117810 -0.795622 1.191176 0
-1.125870 -0.677356 1.225468 0
-1.103774 -0.613706 1.237243 0
-1.072683 -0.566408 1.242246 0
-1.097260 -0.431003 1.285198 0
-1.067007 -0.386084 1.289660 0
-1.059350 -0.307387 1.308958 0
-1.061884 -0.215676 1.334320 0
-1.035664 -0.168794 1.340184 0
-1.030339 -0.092827 1.359189 0
-1.030379 -0.011390 1.380995 0
-1.030838 0.068352 1.402406 0
-1.019917 0.130642 1.416152 0
-1.006553 0.188282 1.427974 0
-0.992430 0.243711 1.438962 0
-0.981496 0.302026 1.451503 0
-0.976883 0.366896 1.467394 0
-0.998952 0.462505 1.498390 0
-0.987001 0.515090 1.509012 0
-0.968710 0.559325 1.515712 0
-0.936949 0.587608 1.514602 0
-0.928445 0.641769 1.526417 0
-0.932140 0.708192 1.544650 0
-0.924700 0.761195 1.556361 0
-0.947064 0.844396 1.583882 0
-0.924520 0.879355 1.586761 0
-0.939721 0.951963 1.609525 0
-0.925335 0.993675 1.616270 0
-0.893771 1.018290 1.613912 0
-0.917607 1.095399 1.640057 0
-0.916150 1.147144 1.652772 0
-0.895945 1.180950 1.655741 0
-0.884207 1.222066 1.662851 0
-0.907229 1.292926 1.687026 0
-0.875468 1.315372 1.683814 0
-0.870926 1.360798 1.693879 0
-0.864185 1.403746 1.702674 0
-0.895133 1.476296 1.729317 0
-0.865086 1.499207 1.726539 0
-0.077470 0.940658 1.367460 2
-0.086085 1.005311 1.385744 2
-0.102113 1.074251 1.407121 2
-0.108473 1.134866 1.423683 2
-0.112505 1.192817 1.438888 2
-0.125833 1.256259 1.458017 2
-0.121763 1.306794 1.469028 2
-0.099363 1.344610 1.471699 2
-0.142530 1.424686 1.503205 2
-0.148992 1.479661 1.518152 2
-0.156868 1.534661 1.533464 2
-0.124282 1.564401 1.531103 2
-0.134719 1.619772 1.547150 2
-0.167690 1.687228 1.572502 2
-0.148728 1.724022 1.575599 2
-0.160156 1.777443 1.591341 2
-0.155999 1.821675 1.600378 2
-0.113669 1.845544 1.593551 2
1.478410 1.079952 0.953049 2
1.529791 1.120223 0.947241 2
1.499835 1.200504 0.974299 2
1.501531 1.264428 0.988301 2
0.168188 1.941394 1.532848 2
0.158556 1.992880 1.547258 2
0.215265 2.014806 1.535458 2
0.395676 1.985296 1.475647 2
0.488603 1.995646 1.450485 2
0.606899 1.997620 1.415917 2
0.849142 1.953849 1.334516 2
1.032569 1.937411 1.276496 2
1.133472 1.954872 1.250324 2
1.302109 1.950263 1.199164 2
1.440043 1.959553 1.160092 2
-1.102276 -0.813357 1.247727 0
-1.088392 -0.732607 1.265509 0
-1.071893 -0.658649 1.280823 0
-1.050739 -0.594380 1.292412 0
-1.050735 -0.497990 1.317541 0
-1.061920 -0.387169 1.349144 0
-1.055781 -0.306428 1.368587 0
-1.022932 -0.267869 1.370399 0
-1.027328 -0.175371 1.395418 0
-1.021430 -0.100349 1.413301 0
-1.013942 -0.029551 1.429650 0
-0.988192 0.014431 1.434458 0
-0.996416 0.103289 1.459321 0
-1.000813 0.184592 1.481234 0
-0.977016 0.227453 1.486118 0
-0.943438 0.257393 1.485170 0
-0.953222 0.340717 1.508842 0
-0.967224 0.426890 1.534277 0
-0.952001 0.476142 1.542809 0
-0.921489 0.506831 1.542669 0
-0.935619 0.588095 1.566772 0
-0.931335 0.646754 1.580379 0
-0.942071 0.720560 1.601648 0
-0.927569 0.765599 1.609105 0
-0.909371 0.806103 1.614424 0
-0.910471 0.865902 1.629562 0
-0.897833 0.910654 1.637319 0
-0.908269 0.977461 1.656572 0
-0.891610 1.016615 1.661807 0
-0.884392 1.064263 1.671594 0
-0.891935 1.124811 1.688427 0
-0.898945 1.183593 1.704650 0
-0.869821 1.209058 1.703068 0
-0.853425 1.245729 1.707578 0
-0.855286 1.297652 1.720644 0
-0.114441 0.728374 1.383926 2
-0.100730 0.778452 1.392274 2
-0.090533 0.830790 1.402069 2
-0.121730 0.914957 1.430642 2
-0.100291 0.956715 1.434772 2
-0.150377 1.052053 1.471047 2
-0.103273 1.073352 1.463245 2
-0.129321 1.148006 1.487981 2
-0.132102 1.204623 1.502060 2
-0.133932 1.259710 1.515476 2
-0.148094 1.322311 1.533995 2
-0.141705 1.370182 1.543381 2
-0.149259 1.426541 1.558543 2
-0.144016 1.473913 1.568047 2
-0.129771 1.515211 1.573617 2
-0.147157 1.575369 1.592254 2
-0.142898 1.621656 1.601658 2
-0.163560 1.681829 1.621129 2
-0.159545 1.726976 1.630262 2
-0.181999 1.786227 1.649944 2
-0.143624 1.811710 1.644946 2
-0.104703 1.837389 1.639800 2
-0.091855 1.876882 1.645027 2
1.537472 1.111076 1.016076 2
1.548804 1.171309 1.026255 2
1.542748 1.239379 1.043017 2
0.147898 1.946524 1.592865 2
0.161078 1.987449 1.598114 2
0.217943 2.009182 1.586751 2
0.385106 1.985027 1.534067 2
0.459022 2.002893 1.516941 2
0.608073 1.991955 1.472181 2
0.842597 1.950809 1.396539 2
0.994719 1.945787 1.352083 2
1.095002 1.962811 1.327080 2
1.247985 1.962997 1.283391 2
1.410981 1.962782 1.236701 2
1.401133 2.023237 1.252243 2
-1.069004 -0.756841 1.318818 0
-1.055442 -0.677758 1.335449 0
-1.037117 -0.608744 1.348371 0
-1.032423 -0.519847 1.369496 0
-1.031277 -0.428109 1.392140 0
-1.036153 -0.329984 1.417787 0
-1.011569 -0.278817 1.424575 0
-1.008285 -0.197584 1.443960 0
-0.998974 -0.127223 1.459142 0
-0.991422 -0.056196 1.474876 0
-0.975482 0.001552 1.485239 0
-0.990763 0.099867 1.513222 0
-0.977732 0.158147 1.524351 0
-0.979653 0.234377 1.543537 0
-0.970586 0.294810 1.556097 0
-0.941233 0.328938 1.557156 0
-0.927912 0.382167 1.566824 0
-0.920332 0.441173 1.579293 0
-0.924214 0.512216 1.597513 0
-0.907120 0.557751 1.604259 0
-0.896415 0.609704 1.614125 0
-0.894021 0.669770 1.628005 0
-0.909325 0.747463 1.650559 0
-0.909673 0.807553 1.665067 0
-0.890309 0.846187 1.669401 0
-0.877778 0.891279 1.676981 0
-0.887487 0.957594 1.695253 0
-0.856393 0.983074 1.693359 0
-0.871476 1.052303 1.713630 0
-0.887706 1.120975 1.734030 0
-0.074573 0.435987 1.363283 2
-0.092176 0.517930 1.387090 2
-0.104126 0.593130 1.407813 2
-0.084667 0.639987 1.413730 2
-0.125647 0.736916 1.446973 2
-0.097745 0.775021 1.448576 2
-0.132586 0.863342 1.478141 2
-0.148408 0.934601 1.498752 2
-0.140190 0.985930 1.508437 2
-0.106844 1.017710 1.506999 2
-0.161494 1.114514 1.543548 2
-0.154242 1.164119 1.552977 2
-0.159397 1.221901 1.567503 2
-0.150053 1.268729 1.575673 2
-0.164186 1.330956 1.593507 2
-0.145421 1.370280 1.597409 2
-0.154271 1.427312 1.612597 2
-0.144409 1.471573 1.619903 2
-0.145647 1.522321 1.631583 2
-0.134756 1.565065 1.638204 2
-0.152357 1.624331 1.656080 2
-0.119873 1.653608 1.653863 2
-0.163346 1.726016 1.681510 2
-0.154175 1.767724 1.688221 2
-0.104734 1.787492 1.679250 2
-0.112273 1.837915 1.692300 2
-0.067826 1.861034 1.685338 2
-0.044084 1.895124 1.686319 2
1.609510 1.136339 1.074640 2
1.583424 1.214537 1.098561 2
1.608116 1.267989 1.103338 2
0.121101 2.001151 1.664321 2
0.221536 2.003182 1.637425 2
0.399176 1.974328 1.582898 2
0.468177 1.994215 1.568284 2
0.717156 1.942936 1.489473 2
0.821975 1.953318 1.462994 2
0.987295 1.942770 1.415533 2
1.113772 1.949858 1.382352 2
1.238931 1.959867 1.350096 2
1.390613 1.963133 1.309118 2
1.497360 1.984372 1.284151 2
-1.044471 -0.789794 1.369117 0
-1.019179 -0.729810 1.377693 0
-1.022246 -0.625138 1.403562 0
-0.997540 -0.568030 1.411506 0
-0.982591 -0.497024 1.425023 0
-0.989976 -0.393900 1.451417 0
-1.007290 -0.279229 1.482864 0
-1.001168 -0.202401 1.499734 0
-0.955877 -0.183483 1.493540 0
-0.942204 -0.120058 1.505368 0
-0.965831 -0.007149 1.537746 0
-0.933391 0.027254 1.538170 0
-0.946460 0.121007 1.563433 0
-0.921594 0.163415 1.567487 0
-0.917787 0.231706 1.582646 0
-0.924482 0.311299 1.602949 0
-0.890935 0.340311 1.601672 0
-0.909766 0.431158 1.627470 0
-0.877795 0.460723 1.626639 0
-0.878026 0.526757 1.642081 0
-0.897828 0.613036 1.666954 0
-0.875323 0.650964 1.670273 0
-0.890432 0.728640 1.691946 0
-0.879963 0.777630 1.700703 0
-0.879085 0.835632 1.713859 0
-0.869742 0.883970 1.722682 0
-0.128162 0.211398 1.385749 3
-0.095783 0.250446 1.386701 2
-0.067273 0.293045 1.389385 2
-0.097178 0.389470 1.418771 2
-0.101302 0.460127 1.435861 2
-0.081270 0.507951 1.441728 2
-0.127752 0.613229 1.477135 2
-0.163595 0.706658 1.507175 2
-0.135474 0.744316 1.508621 2
-0.140520 0.809052 1.524428 2
-0.162279 0.886019 1.547137 2
-0.149337 0.934053 1.554617 2
-0.159702 0.999508 1.571820 2
-0.167139 1.061532 1.587488 2
-0.136921 1.094696 1.587201 2
-0.169815 1.173524 1.612968 2
-0.157322 1.218472 1.619713 2
-0.164607 1.276699 1.634373 2
-0.136549 1.310045 1.634546 2
-0.137549 1.362728 1.646327 2
-0.146018 1.419517 1.660879 2
-0.110617 1.447600 1.657934 2
-0.159873 1.528451 1.688091 2
-0.147631 1.570064 1.693952 2
-0.141365 1.614940 1.702021 2
-0.131285 1.657189 1.708514 2
-0.159890 1.720984 1.729564 2
-0.137520 1.755353 1.731139 2
-0.132903 1.799334 1.739321 2
-0.090519 1.823069 1.733398 2
-0.092421 1.870094 1.743854 2
-0.030529 1.884679 1.730879 2
-0.007660 1.919366 1.732242 2
0.121602 1.903599 1.695318 2
1.614576 1.259283 1.171781 2
0.184978 1.968157 1.692293 2
0.256554 1.983416 1.676786 2
0.394666 1.971557 1.638243 2
0.497409 1.977216 1.612539 2
0.686624 1.949990 1.557390 2
0.829733 1.944798 1.518813 2
0.953686 1.949762 1.487306 2
1.099236 1.949176 1.448958 2
1.189141 1.971357 1.429829 2
1.319443 1.981163 1.397526 2
1.449646 1.993505 1.365724 2
1.519776 2.027785 1.354129 2
-0.986991 -0.774951 1.423543 0
-0.986670 -0.675137 1.446429 0
-0.970071 -0.604324 1.458936 0
-0.961388 -0.523080 1.475599 0
-0.970767 -0.416692 1.502097 0
-0.970339 -0.328236 1.522228 0
-0.947545 -0.274879 1.529204 0
-0.949536 -0.187300 1.549626 0
-0.939226 -0.119351 1.562728 0
-0.954981 -0.017493 1.589501 0
-0.925907 0.021425 1.591631 0
-0.935543 0.110549 1.614046 0
-0.903496 0.143775 1.614144 0
-0.891681 0.202198 1.624594 0
-0.889026 0.270674 1.639412 0
-0.895792 0.348888 1.658586 0
-0.882345 0.401252 1.667210 0
-0.874553 0.459203 1.678382 0
-0.881004 0.532120 1.696214 0
-0.894895 0.611528 1.717215 0
-0.898620 0.677850 1.732881 0
-0.884695 0.723850 1.739838 0
-0.131850 -0.002765 1.400645 6
-0.029560 -0.033154 1.369707 6
0.031854 -0.019860 1.358093 6
-0.112004 0.196235 1.439981 3
-0.132187 0.286037 1.464577 2
-0.121108 0.344187 1.474728 2
-0.147332 0.435981 1.501141 2
-0.145966 0.500533 1.514957 2
-0.154159 0.572435 1.532639 2
-0.143828 0.626764 1.542013 2
-0.167850 0.709658 1.565834 2
-0.147793 0.753810 1.570595 2
-0.140484 0.808059 1.580592 2
-0.161718 0.884456 1.602245 2
-0.134272 0.920949 1.603479 2
-0.143485 0.985620 1.619637 2
-0.130440 1.032330 1.626506 2
-0.135722 1.092112 1.640603 2
-0.144331 1.153300 1.655784 2
-0.107304 1.181151 1.652698 2
-0.144272 1.260553 1.678624 2
-0.110361 1.290097 1.676606 2
-0.135727 1.359192 1.697453 2
-0.123117 1.402231 1.703456 2
-0.134453 1.460136 1.718445 2
-0.124198 1.503679 1.725079 2
-0.103668 1.540647 1.727779 2
-0.140324 1.611446 1.751628 2
-0.099262 1.635661 1.746546 2
-0.087864 1.677181 1.752372 2
-0.126200 1.745920 1.776129 2
-0.103035 1.779944 1.777436 2
-0.097653 1.823412 1.785079 2
-0.086906 1.863758 1.790722 2
-0.029990 1.880752 1.780064 2
0.000652 1.911534 1.778745 2
0.071653 1.923390 1.763478 2
1.634512 1.244347 1.235313 2
0.185656 1.963605 1.743214 2
0.326727 1.948137 1.704822 2
0.347582 1.987043 1.707467 2
0.564719 1.944334 1.644486 2
0.672510 1.950509 1.618709 2
0.807305 1.948152 1.584419 2
0.916167 1.958364 1.559123 2
1.004615 1.978193 1.540844 2
1.150572 1.978987 1.504287 2
1.288897 1.985305 1.470715 2
1.385841 2.008217 1.450814 2
1.561472 2.007287 1.406345 2
1.513552 2.080059 1.432723 2
-0.967391 -0.799110 1.477672 0
-0.965899 -0.701010 1.498902 0
-0.946511 -0.634342 1.509274 0
-0.947791 -0.537302 1.530829 0
-0.941150 -0.455238 1.547332 0
-0.931633 -0.379741 1.561737 0
-0.926796 -0.299442 1.578203 0
-0.927957 -0.212803 1.597357 0
-0.932112 -0.124433 1.617528 0
-0.932280 -0.043991 1.635063 0
-0.886739 -0.026697 1.628661 0
-0.896247 0.063003 1.650244 0
-0.864972 0.098005 1.650824 0
-0.907416 0.225187 1.687853 0
-0.913269 0.303431 1.706068 0
-0.873625 0.324913 1.701779 0
-0.858259 0.375308 1.709168 0
-0.867887 0.453716 1.728202 0
-0.406874 -0.002682 1.525930 6
-0.354140 0.013334 1.517415 6
-0.277980 0.004585 1.498258 6
-0.196440 -0.008181 1.476994 6
-0.124170 -0.009366 1.460286 6
-0.058271 -0.002560 1.446707 6
-0.002696 0.015781 1.437913 6
-0.135565 0.220120 1.511689 2
-0.145843 0.299698 1.530910 2
-0.152959 0.374559 1.548382 2
-0.166997 0.454276 1.568445 2
-0.178808 0.530222 1.587175 2
-0.154873 0.572790 1.590618 2
-0.155791 0.636724 1.604262 2
-0.165894 0.707363 1.621411 2
-0.104349 0.716694 1.609118 2
-0.141897 0.808260 1.636954 2
-0.139088 0.865192 1.648176 2
-0.124606 0.912087 1.654571 2
-0.151596 0.990457 1.677136 2
-0.135221 1.034381 1.682429 2
-0.135449 1.090223 1.694039 2
-0.150287 1.155789 1.711050 2
-0.152206 1.210962 1.722874 2
-0.119269 1.241163 1.721372 2
-0.128150 1.299944 1.735525 2
-0.158428 1.371935 1.757387 2
-0.101874 1.386006 1.746970 2
-0.118101 1.447212 1.763280 2
-0.106243 1.489872 1.769174 2
-0.121675 1.548793 1.784788 2
-0.145384 1.611589 1.803122 2
-0.118580 1.643867 1.803318 2
-0.111456 1.687441 1.810431 2
-0.117514 1.737944 1.822042 2
-0.105967 1.778243 1.827406 2
-0.084051 1.812853 1.829146 2
-0.064841 1.848914 1.831799 2
-0.030982 1.877616 1.829478 2
0.015016 1.900746 1.823136 2
0.061474 1.924330 1.816753 2
0.117722 1.944044 1.807248 2
0.063058 2.014914 1.834323 2
0.085299 2.050127 1.835962 2
0.366299 1.974432 1.753851 2
0.565938 1.938904 1.699086 2
0.688820 1.938752 1.669621 2
0.781489 1.952927 1.650178 2
0.870982 1.970023 1.632044 2
0.994753 1.976020 1.603495 2
1.101820 1.990417 1.580565 2
1.199349 2.010136 1.560935 2
1.395484 1.998342 1.511465 2
-0.957176 -0.807698 1.537381 0
-0.949465 -0.719820 1.554156 0
-0.935169 -0.644970 1.566780 0
-0.922090 -0.570253 1.579615 0
-0.944239 -0.444174 1.610694 0
-0.932312 -0.372762 1.623045 0
-0.912176 -0.315081 1.630754 0
-0.911567 -0.230902 1.648156 0
-0.893834 -0.172851 1.656420 0
-0.875622 -0.116670 1.664173 0
-0.887392 -0.021657 1.686438 0
-0.869567 0.032003 1.693714 0
-0.880734 0.121722 1.714714 0
-0.856567 0.164704 1.718370 0
-0.577116 -0.106187 1.601761 6
-0.580940 -0.024323 1.619488 6
-0.546839 0.010844 1.619319 6
-0.501140 0.032489 1.613820 6
-0.376068 -0.035250 1.572604 6
-0.342932 0.002962 1.573214 6
-0.259154 -0.014032 1.551403 6
-0.211972 0.009989 1.545990 6
-0.143223 0.011933 1.531311 6
-0.058078 -0.001566 1.509855 6
0.009174 0.004847 1.496378 6
-0.175882 0.260459 1.589205 2
-0.140925 0.295458 1.588622 2
-0.139580 0.362220 1.601893 2
-0.153843 0.442199 1.621276 2
-0.140697 0.495566 1.629183 2
-0.175727 0.591048 1.656263 2
-0.150204 0.631405 1.658759 2
-0.127792 0.674223 1.662423 2
-0.162739 0.764725 1.688425 2
-0.106170 0.778037 1.678517 2
-0.119687 0.848512 1.695685 2
-0.150017 0.930809 1.718955 2
-0.126262 0.969549 1.721411 2
-0.105925 1.010740 1.725103 2
-0.142121 1.093474 1.749718 2
-0.114194 1.127878 1.750323 2
-0.115102 1.182756 1.761449 2
-0.110123 1.232751 1.770266 2
-0.104071 1.281417 1.778561 2
-0.113055 1.339521 1.792089 2
-0.106900 1.386832 1.800060 2
-0.078528 1.419523 1.800122 2
-0.080508 1.471219 1.810757 2
-0.120413 1.545273 1.834333 2
-0.113114 1.589579 1.841387 2
-0.078422 1.617587 1.839036 2
-0.100665 1.678251 1.855944 2
-0.087956 1.718404 1.860912 2
-0.106048 1.775022 1.876057 2
-0.072705 1.803481 1.874035 2
-0.039423 1.832319 1.872085 2
-0.019942 1.868450 1.874670 2
-0.023504 1.915897 1.884669 2
0.018380 1.941056 1.880003 2
0.073342 1.960696 1.871278 2
0.094801 1.996439 1.873273 2
0.098450 2.040141 1.880844 2
0.403485 1.953860 1.794678 2
0.558292 1.937209 1.756138 2
0.633873 1.955972 1.742455 2
0.679623 1.987851 1.738078 2
0.830715 1.979937 1.702003 2
0.955068 1.985011 1.674499 2
1.055093 2.001272 1.654672 2
1.200850 2.003368 1.621661 2
1.406105 1.988148 1.571714 2
-0.903544 -0.786227 1.594023 0
-0.919556 -0.662348 1.622020 0
-0.898379 -0.600059 1.630045 0
-0.924986 -0.466961 1.662041 0
-0.916230 -0.390641 1.675402 0
-0.901906 -0.324406 1.685589 0
-0.886618 -0.261120 1.694977 0
-0.864351 -0.208964 1.700693 0
-0.873355 -0.115260 1.721141 0
-0.810995 -0.119243 1.707354 0
-0.789747 -0.068257 1.713010 0
-0.743571 -0.049990 1.706976 0
-0.697335 -0.031334 1.700994 0
-0.597383 -0.078076 1.670848 0
-0.580873 -0.021444 1.678556 6
-0.555917 0.024239 1.682321 6
-0.469561 -0.001477 1.659129 6
-0.385700 -0.022067 1.637456 6
-0.349355 0.012129 1.636529 6
-0.282979 0.013685 1.622857 6
-0.198654 -0.002578 1.601894 6
-0.146169 0.016401 1.594539 6
-0.076920 0.018888 1.580402 6
0.039038 -0.024126 1.547480 6
-0.156961 0.242566 1.641040 2
-0.143742 0.298667 1.649188 2
-0.125419 0.349142 1.655143 2
-0.138385 0.427990 1.673247 2
-0.128290 0.484220 1.682041 2
-0.133459 0.553205 1.696545 2
-0.130743 0.614002 1.707768 2
-0.118331 0.665523 1.715116 2
-0.111772 0.721311 1.724524 2
-0.112831 0.782542 1.736596 2
-0.125869 0.852372 1.752874 2
-0.089257 0.881765 1.750728 2
-0.108008 0.954086 1.768682 2
-0.131520 1.028514 1.788048 2
-0.086786 1.050904 1.782777 2
-0.105107 1.119491 1.799883 2
-0.123441 1.186729 1.816720 2
-0.111052 1.231331 1.822612 2
-0.096973 1.274408 1.827837 2
-0.112070 1.336564 1.842969 2
-0.104202 1.382657 1.850082 2
-0.090075 1.424317 1.854990 2
-0.105631 1.484191 1.869749 2
-0.073921 1.514244 1.868635 2
-0.097480 1.577431 1.885727 2
-0.076402 1.613435 1.888013 2
-0.089545 1.668875 1.901363 2
-0.066056 1.703081 1.902765 2
-0.055843 1.744560 1.908401 2
-0.085549 1.806909 1.926604 2
-0.064850 1.841962 1.928736 2
-0.034918 1.872396 1.927986 2
0.018837 1.891392 1.919910 2
0.073184 1.910967 1.911803 2
0.085543 1.951032 1.916639 2
0.135647 1.973775 1.910024 2
0.177242 2.001059 1.906095 2
0.397612 1.951801 1.849001 2
0.457615 1.974591 1.840208 2
0.589625 1.968984 1.810447 2
0.701209 1.974108 1.787116 2
0.822500 1.977639 1.761363 2
0.954464 1.979529 1.732966 2
1.058679 1.994044 1.712945 2
1.221163 1.990023 1.676774 2
1.388422 1.987588 1.639841 2
-0.891478 -0.797865 1.652572 0
-0.891375 -0.699527 1.671166 0
-0.895799 -0.597206 1.691412 0
-0.883169 -0.523779 1.702769 0
-0.875197 -0.445367 1.715992 0
-0.844871 -0.401379 1.718218 0
-0.780403 -0.406369 1.704332 0
-0.750881 -0.361474 1.706875 0
-0.729330 -0.306375 1.712936 0
-0.688147 -0.278414 1.709923 0
-0.671485 -0.218411 1.717876 0
-0.599085 -0.230735 1.700970 0
-0.574578 -0.181423 1.705313 0
-0.566672 -0.112488 1.716688 6
-0.578024 -0.021926 1.736008 6
-0.522408 -0.012505 1.726546 6
-0.474164 0.006307 1.720330 6
-0.415759 0.014170 1.709996 6
-0.347544 0.012153 1.695815 6
-0.299196 0.033104 1.689954 6
-0.172149 -0.029179 1.652546 6
-0.123259 -0.006113 1.646955 6
-0.033968 -0.023860 1.625523 6
0.031202 -0.015304 1.613898 6
-0.107123 0.194301 1.681166 2
-0.141503 0.297002 1.707336 2
-0.133428 0.356994 1.716893 2
-0.110527 0.402308 1.720689 2
-0.143618 0.498029 1.745270 2
-0.117221 0.538496 1.747435 2
-0.109139 0.594730 1.756258 2
-0.096050 0.645877 1.763107 2
-0.099736 0.710453 1.775866 2
-0.118483 0.786231 1.793772 2
-0.110414 0.838861 1.801898 2
-0.147460 0.926318 1.825693 2
-0.100116 0.946607 1.819780 2
-0.097167 1.001045 1.829264 2
-0.080892 1.044864 1.834048 2
-0.056083 1.082175 1.835874 2
-0.092465 1.162836 1.858238 2
-0.099211 1.221057 1.870377 2
-0.072652 1.255694 1.871328 2
-0.064614 1.302703 1.878352 2
-0.088801 1.370222 1.895761 2
-0.066193 1.406576 1.897818 2
-0.058326 1.452092 1.904581 2
-0.061455 1.503890 1.914750 2
-0.054142 1.548770 1.921496 2
-0.075241 1.609797 1.937041 2
-0.091582 1.666983 1.950895 2
-0.073498 1.704051 1.953971 2
-0.046980 1.736474 1.954453 2
-0.068719 1.794647 1.969579 2
-0.050874 1.831279 1.972604 2
-0.021394 1.861997 1.972143 2
0.035553 1.879446 1.963590 2
0.045662 1.920332 1.968966 2
0.130485 1.926033 1.952508 2
0.144012 1.965863 1.956972 2
0.179840 1.995676 1.955003 2
0.386810 1.951911 1.904305 2
0.440371 1.977127 1.897824 2
0.579302 1.968245 1.867504 2
0.743684 1.952035 1.830588 2
0.806955 1.978219 1.822252 2
0.942867 1.978198 1.794140 2
1.117461 1.966766 1.755954 2
1.255132 1.971845 1.728384 2
1.393009 1.979504 1.701230 2
-0.860505 -0.839928 1.702017 0
-0.860566 -0.740755 1.719817 0
-0.799016 -0.739509 1.708121 0
-0.762879 -0.698757 1.708427 0
-0.711122 -0.681522 1.701489 0
-0.716350 -0.581431 1.720442 0
-0.635092 -0.606561 1.700188 0
-0.624944 -0.530902 1.711777 0
-0.584344 -0.498375 1.709730 0
-0.577225 -0.421417 1.722133 8
-0.564810 -0.353197 1.731941 8
-0.555673 -0.282276 1.742866 8
-0.516537 -0.250412 1.740973 8
-1.825709 1.431976 2.296254 1
-1.817630 1.468040 2.301139 1
-1.811983 1.506279 2.306883 1
-0.465878 -0.000785 1.775798 6
-0.386265 -0.016908 1.757445 6
-0.319534 -0.016836 1.744488 6
-0.214608 -0.056891 1.716930 6
-0.162111 -0.038249 1.710054 6
-0.054960 -0.075945 1.682480 6
0.012965 -0.070657 1.670211 6
0.081594 -0.064837 1.657898 6
0.192807 -0.099606 1.630048 6
-0.115120 0.272087 1.756340 2
-0.107302 0.332621 1.765623 2
-0.122141 0.413149 1.782882 2
-0.106090 0.463899 1.788811 2
-0.106619 0.528796 1.800489 2
-0.081721 0.570389 1.803056 2
-0.111291 0.658271 1.824486 2
-0.085043 0.697371 1.826339 2
-0.080911 0.754477 1.835710 2
-0.101469 0.830578 1.853276 2
-0.102237 0.889480 1.863917 2
-0.078105 0.928237 1.866112 2
-0.092273 0.995817 1.880907 2
-0.066647 1.032647 1.882463 2
-0.074198 1.093489 1.894762 2
-0.077996 1.150638 1.905670 2
-0.087664 1.210984 1.918290 2
-0.069271 1.251210 1.921852 2
-0.064044 1.300017 1.929507 2
-0.086288 1.366178 1.945609 2
-0.049312 1.393279 1.943201 2
-0.046668 1.442172 1.951369 2
-0.041136 1.488742 1.958558 2
-0.033880 1.533821 1.965143 2
-0.044449 1.588894 1.976983 2
-0.008261 1.616466 1.974801 2
-0.024840 1.673811 1.988214 2
-0.018785 1.717874 1.994845 2
-0.015010 1.762782 2.002068 2
0.010378 1.796073 2.003003 2
0.044014 1.825337 2.001609 2
0.045702 1.870726 2.009319 2
0.102685 1.889075 2.001420 2
0.161755 1.907376 1.993102 2
0.145533 1.961081 2.005781 2
0.214481 1.976038 1.994933 2
0.313375 1.979221 1.976139 2
0.428751 1.977352 1.953222 2
0.559369 1.971497 1.926614 2
0.717285 1.957353 1.893193 2
0.815037 1.969710 1.876234 2
0.955937 1.967646 1.848274 2
1.060406 1.981636 1.830283 2
1.224529 1.976453 1.797219 2
1.405971 1.968570 1.760282 2
-0.572755 -0.782767 1.721122 7
-0.550630 -0.720319 1.727578 7
-0.484511 -0.719992 1.715276 7
-0.555881 -0.532091 1.760497 8
-1.828282 1.243356 2.299532 1
-1.828505 1.293912 2.308156 1
-1.827675 1.341847 2.316140 1
-1.858796 1.428493 2.336664 1
-1.854646 1.469281 2.342818 1
-1.847209 1.505241 2.347539 1
-1.829616 1.528579 2.348223 1
-1.773984 1.507929 2.334338 1
-0.383251 -0.018070 1.815588 6
-0.323886 -0.010000 1.805893 6
-0.246454 -0.020525 1.789671 6
-0.173822 -0.024196 1.775512 6
-0.098124 -0.029554 1.760497 6
0.030481 -0.087372 1.726702 6
0.092602 -0.074898 1.717257 6
0.187356 -0.093493 1.696449 6
-0.095465 0.253653 1.808217 2
-0.091763 0.318245 1.818531 2
-0.089243 0.382804 1.829061 2
-0.098478 0.456902 1.843407 2
-0.083436 0.507911 1.849305 2
-0.078620 0.567236 1.858525 2
-0.039892 0.596669 1.856344 2
-0.068893 0.683066 1.876473 2
-0.060873 0.737094 1.884202 2
-0.094283 0.823710 1.905193 2
-0.062028 0.856567 1.904810 2
-0.068083 0.919111 1.916614 2
-0.053529 0.964998 1.921749 2
-0.044497 1.014572 1.928542 2
-0.061452 1.082444 1.943288 2
-0.066247 1.140368 1.954079 2
-0.053639 1.185273 1.959417 2
-0.015245 1.212245 1.956906 2
-0.052793 1.290222 1.977212 2
-0.053282 1.342251 1.986206 2
-0.031102 1.379123 1.988403 2
-0.001883 1.411562 1.988539 2
-0.022895 1.474846 2.003272 2
0.022482 1.497292 1.998706 2
0.026040 1.544775 2.006182 2
-0.001691 1.609628 2.022437 2
0.019023 1.646177 2.024865 2
-0.005107 1.707150 2.039792 2
0.009949 1.746132 2.043690 2
0.023872 1.785578 2.047880 2
0.012638 1.837634 2.058895 2
0.059565 1.860168 2.054075 2
0.092144 1.890312 2.053220 2
0.175468 1.896931 2.038932 2
0.172348 1.944725 2.047723 2
0.249223 1.956300 2.035485 2
0.315204 1.974002 2.026319 2
0.413064 1.979346 2.009132 2
0.547348 1.971563 1.982949 2
0.637098 1.984268 1.968534 2
0.765371 1.983645 1.944700 2
0.936966 1.969177 1.910474 2
1.046926 1.980721 1.892128 2
1.177490 1.987000 1.869068 2
1.332436 1.987384 1.840487 2
-1.808069 0.944924 2.284435 1
-1.829409 1.033598 2.302469 1
-1.845420 1.111867 2.317883 1
-1.831467 1.146293 2.320887 1
-1.846859 1.219787 2.335436 1
-1.880276 1.314951 2.356703 1
-1.862905 1.341051 2.357773 1
-1.865566 1.392332 2.366486 1
-1.874265 1.449825 2.377284 1
-1.898607 1.524875 2.393713 1
-1.835199 1.492564 2.377162 1
-1.811292 1.508627 2.375471 1
-0.476738 0.016589 1.896489 6
-0.387021 -0.011592 1.875916 6
-0.319950 -0.012345 1.863820 6
-0.219362 -0.048097 1.840102 6
-0.130842 -0.068288 1.821058 6
-0.051183 -0.077088 1.805442 6
-0.001736 -0.053280 1.800489 6
0.064167 -0.045456 1.790029 6
0.101573 -0.008511 1.789363 6
-0.086344 0.245362 1.863916 2
-0.092190 0.318936 1.876891 2
-0.079458 0.373846 1.883547 2
-0.095424 0.454039 1.899409 2
-0.088509 0.512148 1.907632 2
-0.076787 0.565189 1.914187 2
-0.081249 0.631377 1.925756 2
-0.081548 0.692879 1.935832 2
-0.087909 0.758337 1.947633 2
-0.015854 0.759546 1.935097 2
-0.063925 0.856816 1.959477 2
-0.028773 0.887369 1.958267 2
-0.031054 0.946462 1.968338 2
-0.023278 0.997174 1.975271 2
-0.017354 1.048638 1.982661 2
0.004161 1.088393 1.985392 2
-0.020689 1.160284 2.001568 2
-0.003012 1.201712 2.005264 2
-0.010835 1.259937 2.016213 2
-0.013544 1.313897 2.025568 2
0.020218 1.343797 2.024562 2
0.027099 1.390779 2.031098 2
0.017871 1.447161 2.042019 2
0.033960 1.487533 2.045863 2
0.050050 1.527734 2.049685 2
0.027279 1.589991 2.063973 2
0.032328 1.635550 2.070630 2
0.037200 1.680793 2.077273 2
0.048493 1.722212 2.082166 2
0.033746 1.776957 2.093831 2
0.047768 1.816227 2.097903 2
0.089921 1.841425 2.094726 2
0.103538 1.880985 2.098931 2
0.165898 1.897447 2.090784 2
0.260723 1.900052 2.074667 2
0.254149 1.949849 2.084123 2
0.299337 1.976509 2.080694 2
0.430649 1.967285 2.056259 2
0.526630 1.975265 2.040866 2
0.624783 1.984169 2.025257 2
0.703393 2.002521 2.014643 2
0.843315 1.999044 1.989700 2
0.978020 2.000224 1.966454 2
1.114717 2.003296 1.943188 2
1.272603 2.001681 1.915456 2
-1.814077 0.710139 2.289353 1
-1.821831 0.786983 2.302222 1
-1.851578 0.895084 2.323619 1
-1.837577 0.933761 2.326992 1
-1.850711 1.011467 2.340953 1
-1.881145 1.111610 2.361301 1
-1.855894 1.129926 2.359685 1
-1.882890 1.220340 2.377989 1
-1.895705 1.288651 2.390515 1
-1.901231 1.345277 2.400025 1
-1.906345 1.399814 2.409157 1
-1.923226 1.467844 2.422365 1
-1.918856 1.507395 2.427610 1
-1.864759 1.485357 2.414975 1
-1.839880 1.499875 2.412914 1
-1.792066 1.487638 2.402861 1
-0.475496 0.017569 1.953697 6
-0.362706 -0.036792 1.926133 6
-0.303512 -0.028515 1.917293 6
-0.249454 -0.013689 1.910343 6
-0.151098 -0.045173 1.888776 6
-0.076753 -0.049069 1.875534 6
-0.044071 -0.008883 1.876147 6
0.033520 -0.013821 1.862221 6
0.101888 -0.008088 1.851514 6
-0.087790 0.247242 1.922947 2
-0.055553 0.284649 1.923263 2
-0.059166 0.355165 1.934760 2
-0.031403 0.395877 1.936368 2
-0.044434 0.472684 1.950454 2
-0.044034 0.536190 1.960229 2
-0.039872 0.595406 1.968719 2
-0.041217 0.658322 1.978723 2
-0.043089 0.720611 1.988731 2
-0.012877 0.756046 1.989186 2
-0.027678 0.826999 2.002737 2
0.025855 0.843770 1.996400 2
-0.032220 0.945811 2.022075 2
0.005145 0.974423 2.020318 2
-0.022641 1.050668 2.036917 2
0.004035 1.086534 2.038107 2
0.012701 1.134960 2.044284 2
0.026603 1.179317 2.048960 2
0.044429 1.220724 2.052532 2
0.036620 1.278686 2.062988 2
0.017528 1.342961 2.076328 2
0.062141 1.366175 2.072612 2
0.066650 1.414522 2.079539 2
0.088799 1.451803 2.081800 2
0.052792 1.523123 2.099107 2
0.047979 1.575052 2.108181 2
0.073981 1.609056 2.109318 2
0.088531 1.649444 2.113377 2
0.062731 1.711213 2.127520 2
0.079845 1.749447 2.130835 2
0.109630 1.781165 2.131029 2
0.087847 1.838743 2.143873 2
0.122470 1.867999 2.142898 2
0.145069 1.903320 2.144888 2
0.227151 1.911355 2.132721 2
0.310805 1.920201 2.120438 2
0.356874 1.947004 2.117236 2
0.414093 1.969721 2.111557 2
0.573095 1.951242 2.082537 2
0.596925 1.990372 2.085014 2
0.699645 1.998801 2.069604 2
0.795806 2.011639 2.055998 2
0.895701 2.024862 2.041859 2
1.048931 2.020850 2.016208 2
1.180547 2.027320 1.995814 2
-1.809396 0.428126 2.290336 1
-1.851947 0.574164 2.317892 1
-1.846818 0.634960 2.325508 1
-1.845476 0.700105 2.334384 1
-1.869367 0.803579 2.352886 1
-1.872930 0.871623 2.363019 1
-1.884680 0.950094 2.376003 1
-1.902212 1.034699 2.390829 1
-1.901960 1.090436 2.398632 1
-1.912135 1.159591 2.410078 1
-1.935891 1.245750 2.426198 1
-1.927586 1.284926 2.430358 1
-1.936484 1.346455 2.440548 1
-1.954888 1.418787 2.453857 1
-1.944954 1.452186 2.456961 1
-1.966425 1.524837 2.470843 1
-1.893756 1.478100 2.452216 1
-1.874420 1.498981 2.452020 1
-1.833615 1.494075 2.444625 1
-0.510844 -0.012782 2.012104 6
-0.456712 -0.001623 2.004858 6
-0.357728 -0.040186 1.983162 6
-0.308733 -0.020752 1.977981 6
-0.238984 -0.023252 1.966279 6
-0.195033 0.003060 1.962948 6
-0.117341 -0.005442 1.949128 6
-0.044853 -0.006940 1.937184 6
0.022086 -0.001437 1.927174 6
0.102240 -0.007705 1.913339 6
0.199343 -0.028598 1.894661 6
-0.055305 0.284704 1.981376 2
-0.034882 0.332794 1.985142 2
-0.034375 0.398480 1.994699 2
-0.015228 0.446437 1.998688 2
-0.001176 0.498376 2.004095 2
0.014803 0.548058 2.008880 2
-0.004528 0.626803 2.023601 2
0.018105 0.669420 2.026318 2
0.019001 0.729288 2.035064 2
0.023410 0.785457 2.042721 2
0.015724 0.850192 2.053587 2
0.009199 0.912915 2.063986 2
0.037896 0.948442 2.064777 2
0.030453 1.010278 2.075222 2
0.046233 1.054550 2.079394 2
0.065241 1.096257 2.082689 2
0.048314 1.162293 2.095309 2
0.044245 1.218515 2.104448 2
0.068226 1.255563 2.106312 2
0.096960 1.289552 2.106985 2
0.067641 1.360043 2.122286 2
0.086890 1.399317 2.125276 2
0.078986 1.454767 2.134981 2
0.083962 1.501850 2.141418 2
0.085598 1.550395 2.148616 2
0.093528 1.594890 2.154231 2
0.096327 1.641851 2.161036 2
0.099967 1.687903 2.167588 2
0.097076 1.736943 2.175627 2
0.141985 1.761043 2.172438 2
0.108750 1.824648 2.187451 2
0.150518 1.850566 2.185060 2
0.236612 1.856058 2.172679 2
0.241758 1.900513 2.178847 2
0.273875 1.932527 2.178941 2
0.379285 1.932774 2.162821 2
0.407042 1.968160 2.164147 2
0.457777 1.994244 2.160505 2
0.662623 1.958916 2.123603 2
0.721401 1.985109 2.118783 2
0.823489 1.995729 2.104898 2
0.878449 2.025663 2.101291 2
1.001756 2.031913 2.083511 2
1.216484 2.008705 2.047122 2
-1.810979 0.119385 2.294594 1
-1.821502 0.222844 2.309624 1
-1.839706 0.336448 2.327244 1
-1.846685 0.425732 2.339902 1
-1.878676 0.555467 2.361904 1
-1.871864 0.614114 2.368381 1
-1.900749 0.730511 2.388182 1
-1.894275 0.784976 2.394206 1
-1.900556 0.858227 2.404761 1
-1.936451 0.975375 2.425848 1
-1.925397 1.016559 2.429448 1
-1.919984 1.065202 2.434948 1
-1.942809 1.153933 2.450257 1
-1.963410 1.236540 2.464421 1
-1.956255 1.277468 2.468672 1
-1.951086 1.320167 2.473489 1
-1.961252 1.382525 2.483359 1
-1.978202 1.452035 2.495268 1
-1.980260 1.500167 2.501994 1
-1.940389 1.493855 2.494863 1
-1.908309 1.498166 2.490391 1
-1.852896 1.474557 2.478532 1
-0.412201 -0.202838 2.027842 8
-0.462882 -0.066351 2.054117 6
-0.475577 0.022439 2.068066 6
-0.373041 -0.020738 2.046289 6
-0.312613 -0.014486 2.037763 6
-0.255726 -0.003357 2.030471 6
-0.193453 0.002934 2.021713 6
-0.100052 -0.022089 2.003911 6
-0.034899 -0.015959 1.994737 6
0.046491 -0.024929 1.981027 6
0.106933 -0.011584 1.973616 6
0.175257 -0.004901 1.964108 6
0.007310 0.225912 2.021583 2
-0.003008 0.303400 2.033887 2
0.008557 0.359443 2.039918 2
0.021433 0.413556 2.045506 2
0.019807 0.479627 2.054978 2
0.005914 0.555032 2.067628 2
0.027351 0.599302 2.070619 2
0.012311 0.673229 2.083281 2
0.022334 0.725499 2.089158 2
0.062502 0.753352 2.087098 2
0.047972 0.823854 2.099268 2
0.047303 0.882502 2.107713 2
0.088777 0.908978 2.105331 2
0.091622 0.963969 2.112777 2
0.094814 1.017983 2.120053 2
0.074403 1.087773 2.133107 2
0.075894 1.141242 2.140601 2
0.107806 1.173669 2.140598 2
0.087888 1.240231 2.153179 2
0.099463 1.285360 2.158049 2
0.111856 1.329628 2.162694 2
0.115229 1.379122 2.169444 2
0.102981 1.437459 2.179789 2
0.110659 1.483166 2.185397 2
0.121891 1.526448 2.190153 2
0.128227 1.572202 2.196006 2
0.157826 1.604811 2.196561 2
0.116123 1.675831 2.213161 2
0.161999 1.699468 2.210069 2
0.162912 1.746712 2.217011 2
0.185012 1.782927 2.219270 2
0.174912 1.834869 2.228543 2
0.236124 1.852281 2.222394 2
0.253155 1.891140 2.225841 2
0.315626 1.909487 2.219695 2
0.367960 1.933321 2.215853 2
0.466432 1.938232 2.202560 2
0.493758 1.974591 2.204242 2
0.556164 1.996977 2.198807 2
0.822451 1.940200 2.152228 2
0.905868 1.958874 2.143282 2
1.200225 1.954696 2.100952 2
1.160607 2.022065 2.117064 2
-1.814153 -0.332717 2.288632 1
-1.823665 -0.211885 2.304319 1
-1.833577 -0.095214 2.319608 1
-1.841920 0.013605 2.333747 1
-1.860230 0.137624 2.351303 1
-1.889340 0.277309 2.372463 1
-1.882802 0.344932 2.379426 1
-1.897202 0.448432 2.393999 1
-1.919644 0.562391 2.411114 1
-1.914373 0.623841 2.417610 1
-1.923156 0.707279 2.428968 1
-1.927296 0.780123 2.438349 1
-1.946386 0.874923 2.452728 1
-1.950357 0.942329 2.461469 1
-1.967096 1.027519 2.474362 1
-1.959734 1.073072 2.478738 1
-1.977784 1.155415 2.491527 1
-1.974430 1.203740 2.496895 1
-2.001195 1.293944 2.512018 1
-2.016331 1.364835 2.523015 1
-2.002446 1.393623 2.524433 1
-2.016788 1.459953 2.534783 1
-1.999237 1.482195 2.534870 1
-1.969085 1.487917 2.531025 1
-1.951288 1.509749 2.531057 1
-1.904305 1.495131 2.522183 1
-0.440948 -0.243493 2.085892 8
-0.408251 -0.204589 2.085891 8
-0.458253 -0.069126 2.110362 6
-0.456434 0.002837 2.119170 6
-0.387179 -0.002643 2.108239 6
-0.313010 -0.012079 2.096111 6
-0.228457 -0.031107 2.081264 6
-0.187979 -0.001331 2.079138 6
-0.125847 0.006094 2.071014 6
-0.036925 -0.012755 2.055641 6
0.037983 -0.015484 2.044412 6
0.117638 -0.021364 2.032119 6
0.148008 0.021831 2.033342 6
0.159877 0.082266 2.039505 6
0.069580 0.236343 2.072602 2
0.055349 0.316903 2.085202 2
0.054056 0.384263 2.094249 2
0.067921 0.437216 2.099266 2
0.061295 0.507060 2.109458 2
0.067267 0.565055 2.116321 2
0.057140 0.635448 2.127140 2
0.087773 0.671689 2.127677 2
0.062524 0.752069 2.142017 2
0.059490 0.813536 2.150726 2
0.096688 0.843512 2.149584 2
0.090834 0.905747 2.158846 2
0.111722 0.947501 2.161630 2
0.159091 0.970182 2.158163 2
0.138164 1.041157 2.170792 2
0.116387 1.111337 2.183456 2
0.132056 1.155077 2.187343 2
0.119987 1.216730 2.197547 2
0.131674 1.262110 2.202261 2
0.160341 1.296478 2.203145 2
0.135344 1.363950 2.216008 2
0.141851 1.411184 2.221767 2
0.187919 1.434723 2.218840 2
0.173280 1.493775 2.229189 2
0.214548 1.520456 2.227409 2
0.232201 1.560603 2.230760 2
0.227123 1.612851 2.238927 2
0.244884 1.652473 2.242241 2
0.268832 1.688858 2.244284 2
0.251562 1.745922 2.254858 2
0.217307 1.810364 2.268795 2
0.272976 1.830768 2.264362 2
0.305580 1.862741 2.264712 2
0.383654 1.874501 2.256087 2
0.416693 1.907477 2.256580 2
0.508552 1.915589 2.245644 2
0.501514 1.966644 2.254161 2
0.647457 1.955068 2.233219 2
0.707246 1.980373 2.229151 2
1.012831 1.912419 2.178839 2
1.188502 1.899213 2.153834 2
1.132905 1.973006 2.172280 2
-1.821956 -0.748296 2.296908 1
-1.848690 -0.567789 2.320244 1
-1.845166 -0.464196 2.330653 1
-1.860044 -0.324334 2.347861 1
-1.877239 -0.185577 2.365349 1
-1.886406 -0.069607 2.379172 1
-1.903785 0.058412 2.395601 1
-1.905368 0.149611 2.405641 1
-1.934218 0.290507 2.425296 1
-1.925718 0.354547 2.430899 1
-1.927104 0.434840 2.439812 1
-1.929672 0.514433 2.448857 1
-1.942886 0.610154 2.461312 1
-1.956419 0.702953 2.473522 1
-1.991837 0.829608 2.492789 1
-1.992055 0.893019 2.499802 1
-1.997628 0.963132 2.508384 1
-1.993064 1.014852 2.513432 1
-1.997878 1.079700 2.521361 1
-2.011636 1.156166 2.531937 1
-2.017799 1.218817 2.539863 1
-2.016424 1.268557 2.545249 1
-2.024086 1.329872 2.553287 1
-2.033258 1.391485 2.561601 1
-2.038546 1.445939 2.568556 1
-2.054210 1.512827 2.578453 1
-2.032126 1.527914 2.576986 1
-2.010178 1.543231 2.575584 1
-1.940697 1.498388 2.560449 1
-0.435033 -0.327132 2.134092 8
-0.422477 -0.262758 2.139781 8
-0.401501 -0.209688 2.142993 8
-0.437570 -0.090688 2.162016 6
-0.395223 -0.065002 2.159074 6
-0.384858 -0.003089 2.164924 6
-0.324324 0.002358 2.157114 6
-0.245130 -0.011315 2.144468 6
-0.167198 -0.021830 2.132409 6
-0.078747 -0.041561 2.117827 6
-0.023066 -0.025759 2.112066 6
0.050251 -0.026830 2.101884 6
0.076792 0.019424 2.103870 6
0.123568 0.045852 2.100722 6
0.183719 0.060076 2.094304 6
0.065119 0.240566 2.132507 2
0.079722 0.294699 2.137219 2
0.095853 0.346806 2.141510 2
0.084486 0.422311 2.152425 2
0.101732 0.471852 2.156316 2
0.083965 0.550260 2.168515 2
0.100845 0.598572 2.172369 2
0.110487 0.652270 2.177894 2
0.154149 0.678446 2.175481 2
0.143784 0.746882 2.185576 2
0.133896 0.813725 2.195439 2
0.149718 0.860278 2.199374 2
0.122686 0.937674 2.212893 2
0.127503 0.990723 2.219162 2
0.143380 1.035396 2.222945 2
0.180090 1.065504 2.222172 2
0.156359 1.136429 2.234551 2
0.231710 1.140942 2.225522 2
0.190343 1.221828 2.241534 2
0.212131 1.261191 2.244019 2
0.245979 1.293066 2.244006 2
0.237320 1.350792 2.252869 2
0.274937 1.380424 2.252142 2
0.271131 1.434281 2.259935 2
0.294766 1.472010 2.262124 2
0.328453 1.504244 2.262337 2
0.327574 1.555353 2.269483 2
0.323933 1.607352 2.277126 2
0.343464 1.646859 2.280196 2
0.417793 1.658913 2.272699 2
0.352409 1.740510 2.292191 2
0.324715 1.802101 2.304266 2
0.325428 1.849379 2.310866 2
0.380875 1.871449 2.307223 2
0.435233 1.894862 2.303935 2
0.583572 1.878733 2.283572 2
0.681597 1.886628 2.272808 2
0.745967 1.910028 2.268396 2
1.068221 1.832449 2.218172 2
1.287649 1.801195 2.187145 2
-1.859319 -0.765063 2.356339 1
-1.885288 -0.582833 2.377676 1
-1.899546 -0.436361 2.393831 1
-1.918405 -0.286136 2.411091 1
-1.915104 -0.191382 2.419664 1
-1.936067 -0.048427 2.436619 1
-1.938768 0.050164 2.446546 1
-1.947202 0.156534 2.458128 1
-1.956997 0.261370 2.469797 1
-1.977261 0.382449 2.484654 1
-1.977252 0.460193 2.492269 1
-1.965534 0.513431 2.495764 1
-1.991510 0.633392 2.511448 1
-2.000984 0.719493 2.521377 1
-1.999487 0.783512 2.527530 1
-2.023848 0.889298 2.541651 1
-2.015067 0.936263 2.545090 1
-2.028464 1.017911 2.555251 1
-2.040509 1.094647 2.564746 1
-2.031284 1.135781 2.567608 1
-2.024717 1.179928 2.571179 1
-2.045300 1.263382 2.582648 1
-2.069756 1.349728 2.594985 1
-2.074518 1.405060 2.601376 1
-2.075069 1.452900 2.606423 1
-2.077034 1.501398 2.611757 1
-2.038937 1.494742 2.605790 1
-2.005441 1.495057 2.601213 1
-1.986193 1.514408 2.600624 1
-0.414189 -0.431279 2.179443 8
-0.417702 -0.345124 2.189122 8
-0.393116 -0.295248 2.191153 8
-0.354475 -0.262811 2.189455 8
-0.354690 -0.184940 2.197922 8
-0.392117 -0.066158 2.215841 6
-0.371808 -0.015603 2.218679 6
-0.328159 0.008530 2.215571 6
-0.229350 -0.026629 2.198702 6
-0.184785 -0.001645 2.195647 6
-0.123808 0.006630 2.188630 6
-0.011909 -0.036005 2.169342 6
0.016214 0.008132 2.170689 6
0.062162 0.034483 2.167771 6
0.131953 0.038291 2.159277 6
0.184837 0.059323 2.154950 6
0.367562 -0.039119 2.120454 6
0.115082 0.262527 2.187215 2
0.137321 0.309636 2.189896 2
0.108006 0.401337 2.204282 2
0.110352 0.463847 2.211332 2
0.132632 0.508651 2.213858 2
0.147677 0.559106 2.217988 2
0.170504 0.602775 2.220389 2
0.197781 0.642685 2.221834 2
0.171010 0.724366 2.234952 2
0.195849 0.765131 2.236875 2
0.219738 0.806480 2.239022 2
0.199706 0.879700 2.250410 2
0.257529 0.895906 2.245461 2
0.240818 0.965131 2.256034 2
0.290234 0.987789 2.252966 2
0.313755 1.028466 2.255266 2
0.313165 1.084901 2.262438 2
0.338630 1.123843 2.264365 2
0.343645 1.175657 2.270369 2
0.349252 1.226563 2.276224 2
0.371372 1.267011 2.278848 2
0.400735 1.303135 2.280109 2
0.417650 1.346580 2.283799 2
0.390434 1.414731 2.295844 2
0.424896 1.447623 2.296207 2
0.437077 1.492814 2.300782 2
0.425000 1.550516 2.309824 2
1.312458 1.145363 2.154786 2
1.366563 1.179199 2.153195 2
1.286660 1.279316 2.175739 2
0.364719 1.778944 2.347398 2
0.412782 1.804559 2.345496 2
0.438949 1.840795 2.347538 2
0.596355 1.819163 2.326987 2
0.639915 1.849770 2.326384 2
0.712938 1.868593 2.320906 2
0.765592 1.896964 2.319057 2
-1.910521 -0.746578 2.420715 1
-1.940997 -0.550673 2.441829 1
-1.947820 -0.420384 2.453863 1
-1.947411 -0.312701 2.462931 1
-1.949192 -0.204727 2.472393 1
-1.977427 -0.043299 2.490404 1
-1.994571 0.087236 2.504157 1
-2.004973 0.198145 2.515261 1
-2.000296 0.273823 2.521138 1
-2.005902 0.367137 2.530082 1
-2.027899 0.488668 2.543903 1
-2.020962 0.550509 2.548343 1
-2.047177 0.671670 2.562802 1
-2.035588 0.719692 2.565418 1
-2.057322 0.825257 2.577916 1
-2.036968 0.854073 2.577637 1
-2.051519 0.941407 2.587548 1
-2.076245 1.042517 2.600152 1
-2.054633 1.064933 2.599205 1
-2.081007 1.163153 2.611829 1
-2.082213 1.218867 2.617125 1
-2.081506 1.270015 2.621764 1
-2.085595 1.326843 2.627607 1
-2.108011 1.408699 2.638283 1
-2.098851 1.442790 2.640267 1
-2.109455 1.503774 2.647449 1
-2.065631 1.488362 2.640188 1
-2.040852 1.499770 2.638023 1
-1.994601 1.483111 2.630372 1
-0.358121 -0.583253 2.217550 8
-0.384029 -0.465581 2.232359 8
-0.376771 -0.392345 2.238600 8
-0.374123 -0.315096 2.245873 8
-0.338378 -0.279015 2.244905 8
-0.308491 -0.236218 2.245394 8
-0.335582 -0.128526 2.259602 6
-0.363482 -0.022802 2.273758 6
-0.328017 0.010307 2.272709 6
-0.254436 0.002220 2.262783 6
-0.199075 0.015025 2.257288 6
-0.098039 -0.018833 2.241427 6
-0.064612 0.018846 2.241279 6
0.005317 0.019940 2.232930 6
0.073461 0.024109 2.225166 6
0.145356 0.025905 2.216748 6
0.181518 0.062754 2.216370 6
0.359702 -0.031744 2.185121 6
0.169633 0.212943 2.233938 3
0.187914 0.264344 2.237379 2
0.222219 0.301235 2.237411 2
0.213853 0.374670 2.246461 2
0.239898 0.417869 2.248237 2
0.248226 0.475440 2.253695 2
0.264810 0.525600 2.257424 2
0.284770 0.572628 2.260461 2
0.310713 0.614684 2.262303 2
0.284505 0.696213 2.274569 2
0.299284 0.745535 2.278586 2
0.320568 0.789685 2.281324 2
0.344089 0.832020 2.283647 2
0.351028 0.885826 2.289189 2
0.349266 0.944999 2.296364 2
0.398345 0.969208 2.293872 2
0.382694 1.036604 2.303629 2
0.416568 1.070955 2.304091 2
0.398512 1.138247 2.314183 2
0.449979 1.161489 2.311490 2
1.270795 0.721190 2.169807 2
1.281111 0.780229 2.175994 2
1.293407 0.837641 2.181821 2
1.295793 0.900232 2.189391 2
1.225482 1.002290 2.209609 2
1.144176 1.107827 2.231468 2
0.383344 1.618757 2.375807 2
0.418401 1.650693 2.376307 2
0.423881 1.697486 2.381819 2
0.354518 1.779738 2.399672 2
0.433773 1.790538 2.393003 2
0.764836 1.841857 2.366393 2
1.060764 1.771132 2.327146 2
-1.996686 -0.635990 2.496089 1
-1.984691 -0.545611 2.500924 1
-1.989115 -0.419303 2.510879 1
-2.009784 -0.260365 2.525682 1
-2.005924 -0.165322 2.532193 1
-2.022033 -0.029470 2.544696 1
-2.037419 0.098806 2.556567 1
-2.032098 0.177381 2.561753 1
-2.050282 0.301837 2.573813 1
-2.050844 0.385319 2.580285 1
-2.047529 0.457939 2.585413 1
-2.062513 0.563348 2.595670 1
-2.055070 0.622240 2.599230 1
-2.071934 0.724099 2.609541 1
-2.078954 0.804325 2.616833 1
-2.096973 0.901116 2.626969 1
-2.090940 0.952822 2.630287 1
-2.106296 1.039088 2.639286 1
-2.117201 1.114964 2.646881 1
-2.103618 1.148673 2.647831 1
-2.128152 1.241948 2.658708 1
-2.133003 1.301466 2.664257 1
-2.132338 1.350786 2.668271 1
-2.139442 1.410250 2.674164 1
-2.126125 1.438191 2.674814 1
-2.144276 1.510482 2.683257 1
-2.110769 1.508325 2.678839 1
-2.095085 1.531265 2.678845 1
-2.022947 1.478197 2.665254 1
-0.319243 -0.716847 2.262723 7
-0.260818 -0.704417 2.256627 7
-0.359721 -0.492439 2.287476 8
-0.366348 -0.401716 2.296368 8
-0.341337 -0.351668 2.297844 8
-0.305013 -0.315761 2.296738 8
-0.296806 -0.247142 2.302011 8
-0.263549 -0.208566 2.301617 8
-0.313790 -0.076442 2.319733 6
-0.310567 -0.006983 2.325824 6
-0.247118 -0.003960 2.318748 6
-0.163750 -0.020878 2.307542 6
-0.146760 0.033110 2.310736 6
-0.049849 0.004911 2.297008 6
0.021241 0.004931 2.288975 6
0.058130 0.039845 2.288230 6
0.142007 0.029629 2.277868 6
0.287764 -0.037150 2.255109 6
0.342735 -0.015948 2.251163 6
0.447641 -0.039370 2.237328 6
0.269057 0.191862 2.280125 3
0.285907 0.245193 2.283733 2
0.294360 0.305137 2.288974 2
0.291687 0.373592 2.296336 2
0.325056 0.411240 2.296715 2
0.321682 0.478568 2.304136 2
0.334874 0.531686 2.308370 2
0.391808 0.550337 2.304424 2
0.342821 0.650281 2.320226 2
0.416069 0.656793 2.313389 2
0.401486 0.728710 2.322719 2
0.443886 0.758585 2.321685 2
0.456197 0.809938 2.326121 2
1.220575 0.344722 2.197395 2
1.228992 0.408406 2.203707 2
1.202531 0.494376 2.216066 2
0.380686 1.091320 2.365368 2
0.389816 1.140867 2.370163 2
0.422598 1.175376 2.370953 2
0.438683 1.220183 2.374614 2
0.442166 1.272218 2.380391 2
0.504752 1.289550 2.376424 2
0.487755 1.352871 2.385602 2
0.510528 1.393188 2.388279 2
0.539104 1.430368 2.390075 2
0.559954 1.471776 2.393162 2
0.602511 1.501963 2.392883 2
0.600261 1.555210 2.399683 2
0.602514 1.605674 2.405766 2
0.657141 1.630581 2.403853 2
0.671832 1.674970 2.408120 2
0.676347 1.723869 2.413939 2
0.736814 1.747548 2.411477 2
-2.009919 -0.841082 2.538052 1
-2.025038 -0.670671 2.550832 1
-2.040977 -0.506756 2.563378 1
-2.032252 -0.412299 2.568049 1
-2.046182 -0.267175 2.579222 1
-2.056871 -0.136477 2.589065 1
-2.055876 -0.038536 2.595202 1
-2.067610 0.083722 2.604741 1
-2.086347 0.215939 2.615948 1
-2.088298 0.306722 2.622163 1
-2.103904 0.422206 2.631924 1
-2.088516 0.470151 2.633014 1
-2.098334 0.566421 2.640788 1
-2.093669 0.630981 2.644519 1
-2.112097 0.736865 2.654173 1
-2.105900 0.793263 2.657219 1
-2.147420 0.933823 2.672376 1
-2.125376 0.956841 2.671107 1
-2.125676 1.018028 2.675440 1
-2.136440 1.094872 2.682257 1
-2.143398 1.162802 2.687988 1
-2.139732 1.211344 2.691016 1
-2.139294 1.263586 2.694749 1
-2.150109 1.331694 2.701074 1
-2.179824 1.426241 2.711713 1
-2.149731 1.428789 2.708215 1
-2.157466 1.486821 2.713507 1
-2.148480 1.519307 2.714879 1
-2.095860 1.490228 2.706362 1
-2.079337 1.512270 2.706094 1
-0.328704 -0.789159 2.321133 7
-0.313303 -0.720053 2.324740 7
-0.229290 -0.740686 2.313358 7
-0.283149 -0.585211 2.331946 8
-0.283921 -0.500170 2.338867 8
-0.314635 -0.380809 2.352026 8
-0.305211 -0.312532 2.356548 8
-0.277736 -0.266672 2.357263 8
-0.238530 -0.234721 2.355576 8
-0.290193 -0.100746 2.372510 6
-0.304086 -0.012186 2.381529 6
-0.235668 -0.014597 2.373912 6
-0.181436 -0.000628 2.369288 6
-0.129106 0.016076 2.365159 6
-0.074951 0.031592 2.360789 6
0.004616 0.022451 2.351620 6
0.072061 0.026889 2.344985 6
0.123470 0.047952 2.341566 6
0.260803 -0.011418 2.322060 6
0.351155 -0.023634 2.311730 6
0.397839 0.005711 2.309727 6
0.542729 -0.051946 2.289791 6
0.330560 0.205748 2.335242 3
0.390339 0.222337 2.330909 3
0.353874 0.320570 2.343923 2
0.380287 0.364780 2.345634 2
0.414206 0.402739 2.346064 2
0.403292 0.476226 2.354362 2
0.436276 0.514340 2.355012 2
0.424664 0.586419 2.363350 2
0.441937 0.635698 2.366720 2
0.473368 0.674260 2.367731 2
0.511307 0.708222 2.367721 2
0.515723 0.765941 2.373321 2
0.549574 0.802746 2.374094 2
0.558977 0.856154 2.378898 2
0.559800 0.914699 2.385080 2
0.603864 0.944618 2.384365 2
0.606802 1.000975 2.390232 2
0.613589 1.054318 2.395485 2
0.660774 1.082712 2.394493 2
0.647352 1.147541 2.402898 2
0.665975 1.192816 2.406386 2
0.710995 1.222990 2.405946 2
0.720717 1.273225 2.410872 2
0.757365 1.308536 2.411845 2
0.762549 1.360803 2.417499 2
0.784325 1.404060 2.420761 2
0.756382 1.472367 2.431182 2
-2.073056 -0.783743 2.604816 1
-2.067321 -0.668157 2.609891 1
-2.079724 -0.510644 2.619766 1
-2.084451 -0.380572 2.627187 1
-2.094044 -0.244650 2.635650 1
-2.107118 -0.106751 2.644755 1
-2.107517 -0.005048 2.650231 1
-2.112471 0.102647 2.656702 1
-2.115730 0.201893 2.662533 1
-2.127284 0.315007 2.670286 1
-2.121388 0.386319 2.673444 1
-2.130680 0.486364 2.680261 1
-2.149681 0.601991 2.689273 1
-2.145557 0.667294 2.692455 1
-2.141220 0.729867 2.695493 1
-2.154823 0.824043 2.702702 1
-2.150359 0.881416 2.705501 1
-2.157918 0.958525 2.711019 1
-2.166219 1.034205 2.716582 1
-2.163730 1.088680 2.719568 1
-2.194441 1.197313 2.729964 1
-2.172163 1.214688 2.728331 1
-2.191583 1.299153 2.735935 1
-2.178101 1.328788 2.736194 1
-2.181230 1.383465 2.740045 1
-2.189376 1.444087 2.744900 1
-2.182910 1.481181 2.746560 1
-2.144668 1.471254 2.741504 1
-2.135035 1.503010 2.742514 1
-2.108467 1.510507 2.740011 1
-0.267234 -0.775902 2.378642 7
-0.247303 -0.713185 2.380860 7
-0.199633 -0.686579 2.377587 7
-0.278684 -0.503038 2.399201 8
-0.293956 -0.402610 2.408091 8
-0.263015 -0.359711 2.407970 8
-0.270987 -0.271818 2.415301 8
-0.205749 -0.269724 2.408709 8
-0.177457 -0.224995 2.409189 8
-0.256580 -0.062518 2.429635 6
-0.260345 0.013750 2.435902 6
-0.175818 -0.005062 2.426001 6
-0.125247 0.013373 2.422455 6
-0.062407 0.019915 2.416819 6
0.000654 0.027310 2.411292 6
0.067487 0.032071 2.405248 6
0.160909 0.012460 2.394723 6
0.268336 -0.018218 2.382016 6
0.332285 -0.006078 2.377047 6
0.398167 0.005312 2.371899 6
0.548761 -0.057623 2.352634 6
0.376151 0.165476 2.387756 3
0.328405 0.274682 2.401660 3
0.487675 0.207407 2.381423 3
0.559337 0.216366 2.375864 3
0.664993 0.199108 2.365002 3
0.734281 0.212912 2.360223 3
0.624592 0.366698 2.383942 2
0.638498 0.422097 2.387932 2
0.613556 0.505917 2.397973 2
0.620138 0.565026 2.403064 2
0.653789 0.604045 2.404020 2
0.690264 0.641186 2.404622 2
0.695042 0.700306 2.410054 2
0.745056 0.728274 2.408768 2
0.715569 0.809260 2.419291 2
0.766702 0.836590 2.417977 2
0.765298 0.897768 2.424366 2
0.810153 0.929542 2.424131 2
-2.125911 -0.751317 2.667366 1
-2.122990 -0.627085 2.671930 1
-2.129925 -0.482621 2.678751 1
-2.130002 -0.363363 2.683649 1
-2.129389 -0.251597 2.688200 1
-2.140106 -0.117057 2.695302 1
-2.154262 0.019409 2.703005 1
-2.145866 0.096723 2.705207 1
-2.170054 0.245195 2.714867 1
-2.160000 0.310786 2.716439 1
-2.151435 0.377097 2.718285 1
-2.171340 0.501130 2.726447 1
-2.165494 0.566761 2.728705 1
-2.174983 0.660890 2.734263 1
-2.180076 0.742666 2.738737 1
-2.180224 0.811850 2.742045 1
-2.193388 0.903001 2.748048 1
-2.195701 0.970796 2.751637 1
-2.202680 1.044603 2.756124 1
-2.210602 1.117464 2.760717 1
-2.185165 1.130524 2.758382 1
-2.185382 1.186740 2.761299 1
-2.208566 1.278937 2.768782 1
-2.219331 1.347880 2.773655 1
-2.219460 1.397793 2.776341 1
-2.208032 1.428411 2.776721 1
-2.221011 1.495226 2.781834 1
-2.200289 1.510045 2.780383 1
-2.181263 1.527310 2.779289 1
-2.136856 1.508426 2.773427 1
-2.114286 1.521284 2.771768 1
-0.239676 -0.807389 2.437385 7
-0.260415 -0.692041 2.446564 7
-0.139686 -0.758082 2.430251 7
-0.073876 -0.752414 2.424016 7
-0.217893 -0.491467 2.454907 8
-0.224374 -0.402604 2.461278 8
-0.210976 -0.339015 2.464136 8
-0.193598 -0.281116 2.466304 8
-0.143980 -0.260271 2.462988 8
-0.140700 -0.187974 2.467598 8
-0.198984 -0.050723 2.482484 6
-0.178985 -0.000202 2.484171 6
-0.109200 -0.001980 2.477688 6
-0.076389 0.035248 2.477400 6
0.018177 0.010705 2.467184 6
0.081986 0.018563 2.462132 6
0.201320 -0.025881 2.448402 6
0.272274 -0.021627 2.442595 6
0.332388 -0.006073 2.438647 6
0.449468 -0.041334 2.426018 6
0.530267 -0.041472 2.419248 6
0.613179 -0.041917 2.412351 6
0.671874 -0.020044 2.409305 6
0.423911 0.260082 2.452212 3
0.542580 0.229105 2.440146 3
0.636509 0.220845 2.432007 3
0.716423 0.225593 2.426139 3
0.840561 0.197455 2.414093 3
0.896457 0.224026 2.412102 3
0.954855 0.249404 2.409890 3
1.034356 0.260096 2.404861 3
1.070525 0.303197 2.406044 3
1.142952 0.320933 2.402325 3
1.238263 0.324058 2.395668 3
1.840270 -0.012541 2.320901 6
1.947197 -0.006562 2.313835 6
-2.165432 -0.754834 2.725896 1
-2.180727 -0.576631 2.733188 1
-2.167663 -0.486231 2.734063 1
-2.181863 -0.327121 2.740766 1
-2.187822 -0.197565 2.745521 1
-2.201660 -0.054380 2.751807 1
-2.198558 0.040152 2.754383 1
-2.203454 0.149626 2.758537 1
-2.203979 0.243968 2.761688 1
-2.203857 0.332765 2.764625 1
-2.208875 0.429232 2.768524 1
-2.208633 0.510276 2.771284 1
-2.204691 0.580284 2.773250 1
-2.204763 0.655897 2.775956 1
-2.214347 0.747744 2.780451 1
-2.214796 0.818057 2.783102 1
-2.214048 0.883508 2.785475 1
-2.224602 0.967821 2.789940 1
-2.210205 1.003301 2.789652 1
-2.238420 1.114159 2.797284 1
-2.217224 1.134247 2.795691 1
-2.230380 1.212944 2.800399 1
-2.219920 1.249287 2.800759 1
-2.250607 1.352206 2.808503 1
-2.248530 1.398770 2.810295 1
-2.266695 1.475809 2.815637 1
-2.237877 1.477897 2.812676 1
-2.221834 1.499741 2.811992 1
-2.199391 1.511823 2.810228 1
-2.155576 1.493066 2.804857 1
-2.127650 1.498187 2.802277 1
-0.184945 -0.784642 2.497156 7
-0.159625 -0.728923 2.497736 7
-0.097880 -0.718990 2.492525 7
-0.029603 -0.716018 2.486408 7
-0.142988 -0.496179 2.509011 8
-0.151157 -0.405903 2.514878 8
-0.150044 -0.328360 2.519263 8
-0.135547 -0.267456 2.521573 8
-0.090014 -0.241667 2.519174 8
-0.081608 -0.175524 2.522470 8
-0.124447 -0.056374 2.533434 6
-0.093799 -0.016656 2.533369 6
-0.032838 -0.007987 2.528904 6
0.012337 0.017436 2.526877 6
0.098268 0.003310 2.519053 6
0.197876 -0.022067 2.509466 6
0.271652 -0.020738 2.503784 6
0.318862 0.006538 2.502013 6
0.418828 -0.013635 2.492979 6
0.519936 -0.032583 2.484020 6
0.599874 -0.030812 2.478204 6
0.688214 -0.034750 2.471432 6
0.737368 -0.004039 2.470149 6
0.808872 0.008703 2.465993 6
0.890464 0.014451 2.460670 6
0.708462 0.230450 2.490107 3
0.802637 0.225246 2.483217 3
0.895078 0.223222 2.476775 3
0.927096 0.268081 2.478259 3
1.006444 0.278274 2.473844 3
1.425162 0.046462 2.427177 6
1.575910 0.014059 2.414716 6
1.666358 0.026463 2.410019 6
1.801142 0.010504 2.400161 6
1.942362 -0.006953 2.389862 6
-2.211171 -0.738439 2.785392 1
-2.218800 -0.579523 2.789285 1
-2.218346 -0.452099 2.791576 1
-2.242255 -0.264336 2.798329 1
-2.235408 -0.168548 2.799295 1
-2.217734 -0.105395 2.798258 1
-2.234594 0.042199 2.803477 1
-2.251949 0.183845 2.808692 1
-2.238944 0.246236 2.808413 1
-2.235576 0.328562 2.809837 1
-2.251564 0.451317 2.814631 1
-2.253774 0.538181 2.816954 1
-2.237553 0.581724 2.816059 1
-2.256296 0.697397 2.821173 1
-2.236160 0.728393 2.819600 1
-2.264771 0.856323 2.826285 1
-2.246346 0.886867 2.824996 1
-2.244888 0.949117 2.826554 1
-2.246734 1.015366 2.828643 1
-2.256330 1.093450 2.831980 1
-2.262744 1.163019 2.834760 1
-2.261505 1.216784 2.836274 1
-2.270566 1.286442 2.839428 1
-2.258573 1.318485 2.839199 1
-2.264021 1.378326 2.841739 1
-2.265100 1.429236 2.843571 1
-2.260491 1.469676 2.844505 1
-2.243431 1.489882 2.843518 1
-2.218248 1.497602 2.841316 1
-2.193900 1.506815 2.839289 1
-2.182820 1.535418 2.839313 1
-0.116316 -0.779349 2.555232 7
-0.100043 -0.712561 2.556865 7
-0.035541 -0.705331 2.551727 7
-0.060103 -0.591399 2.559180 8
-0.103558 -0.458486 2.569194 8
-0.094092 -0.389699 2.571822 8
-0.076310 -0.331516 2.573329 8
-0.082251 -0.248165 2.578086 8
-0.039505 -0.219107 2.576282 8
-0.070908 -0.111447 2.584454 6
-0.056260 -0.054283 2.586468 6
-0.065848 0.026702 2.591690 6
0.032748 -0.002046 2.582823 6
0.106302 -0.003859 2.577401 6
0.190429 -0.014408 2.570789 6
0.256817 -0.006450 2.566610 6
0.307764 0.016903 2.564520 6
0.448848 -0.040975 2.551315 6
0.526146 -0.038415 2.546300 6
0.604920 -0.035726 2.541277 6
0.683704 -0.031602 2.536432 6
0.750330 -0.015843 2.533227 6
0.805570 0.010307 2.531532 6
0.909849 -0.002537 2.524180 6
0.955880 0.032944 2.523875 6
1.087116 0.002551 2.513817 6
1.186653 -0.000765 2.507694 6
1.307245 -0.017880 2.499412 6
1.392400 -0.006531 2.495396 6
1.475797 0.007527 2.491778 6
1.556107 0.025137 2.488701 6
1.654395 0.031636 2.483858 6
1.784909 0.018145 2.475772 6
-2.268741 -0.828833 2.845141 1
-2.264878 -0.695103 2.845463 1
-2.265915 -0.554143 2.846566 1
-2.268542 -0.416279 2.847931 1
-2.272042 -0.283312 2.849442 1
-2.264496 -0.187472 2.849277 1
-2.263109 -0.079908 2.850072 1
-2.279984 0.069642 2.853645 1
-2.282433 0.175538 2.855034 1
-2.278272 0.260346 2.855442 1
-2.281110 0.358098 2.856910 1
-2.274269 0.429071 2.856948 1
-2.268297 0.499116 2.857135 1
-2.271649 0.586919 2.858710 1
-2.280972 0.683935 2.861160 1
-2.268628 0.731477 2.860458 1
-2.277505 0.820877 2.862848 1
-2.293506 0.920979 2.866257 1
-2.290360 0.979686 2.866912 1
-2.300102 1.060933 2.869411 1
-2.289440 1.101070 2.869019 1
-2.287449 1.155842 2.869869 1
-2.286990 1.211535 2.870944 1
-2.290522 1.272362 2.872580 1
-2.276329 1.300907 2.871770 1
-2.293176 1.380663 2.875249 1
-2.291047 1.426606 2.876119 1
-2.301222 1.490890 2.878666 1
-2.269163 1.486876 2.875513 1
-2.233349 1.477823 2.871918 1
-2.214063 1.494562 2.870588 1
-2.174428 1.481222 2.866608 1
-0.046669 -0.774569 2.614033 7
0.003315 -0.748794 2.611120 7
-0.045237 -0.605863 2.620383 8
0.006136 -0.583200 2.617423 8
-0.042844 -0.445600 2.626684 8
-0.017318 -0.395232 2.626946 8
-0.001189 -0.335123 2.628387 8
-0.001237 -0.258524 2.631781 8
0.007279 -0.192523 2.634189 8
-0.005796 -0.105285 2.639136 6
-0.023433 -0.015354 2.644599 6
0.024370 0.007214 2.642569 6
0.088297 0.014470 2.638819 6
0.169843 0.005871 2.633226 6
0.259044 -0.008249 2.626952 6
0.339647 -0.012485 2.621815 6
0.416974 -0.012155 2.617209 6
0.502275 -0.017470 2.611906 6
0.610821 -0.041388 2.604286 6
0.678571 -0.027917 2.601245 6
0.722093 0.006971 2.600916 6
0.814669 0.001693 2.595561 6
0.898743 0.005115 2.591291 6
1.006459 -0.008676 2.584783 6
1.083596 0.003540 2.581621 6
1.218521 -0.027020 2.572821 6
1.319216 -0.029018 2.567727 6
1.374308 0.004317 2.567361 6
1.455310 0.019619 2.564604 6
1.523328 0.045373 2.563294 6
1.624877 0.048935 2.558946 6
1.795556 0.007645 2.548300 6
-2.327380 -0.766545 2.905991 1
-2.309914 -0.675512 2.903208 1
-2.321098 -0.501203 2.903936 1
-2.308393 -0.408107 2.901925 1
-2.327992 -0.226384 2.903871 1
-2.315295 -0.145241 2.902042 1
-2.301369 -0.071350 2.900143 1
-2.315193 0.072611 2.901653 1
-2.309289 0.158568 2.900863 1
-2.309829 0.256733 2.900914 1
-2.319770 0.373309 2.902157 1
-2.304341 0.424279 2.900406 1
-2.310919 0.524219 2.901355 1
-2.314892 0.613927 2.902039 1
-2.326597 0.716844 2.903694 1
-2.285513 0.702213 2.899080 1
-2.314968 0.836523 2.902940 1
-2.323385 0.922139 2.904320 1
-2.313408 0.967690 2.903549 1
-2.303155 1.011222 2.902787 1
-2.312610 1.090912 2.904390 1
-2.310441 1.145994 2.904651 1
-2.308815 1.200214 2.905007 1
-2.321955 1.278925 2.907118 1
-2.300210 1.294066 2.905186 1
-2.325880 1.389906 2.908795 1
-2.301747 1.399208 2.906655 1
-2.317976 1.474555 2.909202 1
-2.303842 1.498802 2.908281 1
-2.294879 1.530690 2.907986 1
-2.248662 1.504723 2.903498 1
-2.223121 1.511416 2.901414 1
0.087595 -0.847038 2.666892 7
0.108776 -0.785115 2.667300 7
0.010785 -0.585698 2.680228 8
0.067682 -0.569003 2.676980 8
0.063741 -0.483556 2.680119 8
0.033999 -0.371663 2.685928 8
0.072637 -0.336236 2.684783 8
0.067514 -0.254574 2.688142 8
0.042794 -0.154313 2.693487 8
0.095826 -0.135530 2.691109 6
0.096781 -0.064144 2.693975 6
0.215133 -0.109015 2.685407 8
0.158308 0.017450 2.694034 6
0.268922 -0.017261 2.686513 6
0.314320 0.011039 2.685418 6
0.403273 0.000178 2.680317 6
0.500037 -0.015780 2.674665 6
0.576335 -0.011776 2.671109 6
0.672206 -0.023174 2.665916 6
0.747103 -0.014959 2.662832 6
0.820651 -0.004354 2.660033 6
0.912615 -0.007425 2.655754 6
0.976065 0.013893 2.654194 6
1.074978 0.008500 2.649677 6
1.182678 -0.001658 2.644613 6
1.283248 -0.004316 2.640392 6
1.416068 -0.028691 2.633657 6
1.440885 0.027378 2.636270 6
1.545014 0.027285 2.632385 6
1.598888 0.063836 2.632860 6
-2.340524 -0.700591 2.959074 1
-2.339563 -0.560155 2.956769 1
-2.333335 -0.443881 2.954228 1
-2.342377 -0.288604 2.953146 1
-2.340472 -0.173389 2.951322 1
-2.331723 -0.083288 2.949056 1
-2.340042 0.048729 2.948417 1
-2.335274 0.139548 2.946767 1
-2.349117 0.273828 2.946900 1
-2.344556 0.355646 2.945509 1
-2.340156 0.434217 2.944232 1
-2.358359 0.562859 2.945118 1
-2.365220 0.659450 2.945073 1
-2.355363 0.714276 2.943575 1
-2.342260 0.759923 2.941848 1
-2.340997 0.829300 2.941292 1
-2.341228 0.899100 2.940947 1
-2.347488 0.978509 2.941234 1
-2.353191 1.053722 2.941535 1
-2.328927 1.067830 2.939084 1
-2.346295 1.160981 2.940598 1
-2.368328 1.259214 2.942608 1
-2.355686 1.290708 2.941408 1
-2.352090 1.337457 2.941107 1
-2.345981 1.378379 2.940616 1
-2.347351 1.430822 2.940872 1
-2.354859 1.491811 2.941745 1
-2.329024 1.496463 2.939534 1
-2.298663 1.494244 2.936949 1
-2.263955 1.485870 2.934008 1
-2.247791 1.506773 2.932844 1
0.016653 -0.589609 2.742941 8
0.062968 -0.560981 2.740885 8
0.136614 -0.562636 2.736577 8
0.155530 -0.502853 2.737100 8
0.112509 -0.377294 2.742977 8
0.106725 -0.294380 2.745707 8
0.140811 -0.254514 2.745132 8
0.174225 -0.214099 2.744706 8
0.217349 -0.183509 2.743569 8
0.233227 -0.126011 2.744774 6
0.282118 -0.100978 2.743360 6
0.227979 0.021630 2.750384 6
0.336975 -0.009813 2.744313 6
0.415824 -0.011312 2.740833 6
0.494248 -0.010927 2.737546 6
0.579590 -0.015122 2.733878 6
0.686344 -0.035999 2.728727 6
0.774706 -0.039077 2.725189 6
0.820781 -0.005576 2.725037 6
0.909481 -0.006213 2.721806 6
0.999214 -0.005999 2.718684 6
1.082994 0.000525 2.716189 6
1.222616 -0.034089 2.709816 6
1.314790 -0.030091 2.707130 6
1.396968 -0.017091 2.705355 6
1.478422 -0.002214 2.703817 6
1.543065 0.025837 2.703636 6
1.671488 0.010661 2.699242 6
-2.280124 -0.329652 2.993763 1
-2.284637 -0.198615 2.991202 1
-2.294744 -0.059156 2.989187 1
-2.310112 0.087094 2.987708 1
-2.290895 0.137689 2.984420 1
-2.296894 0.248996 2.982770 1
-2.299194 0.346200 2.981067 1
-2.310974 0.461428 2.980113 1
-2.317571 0.559571 2.978992 1
-2.323870 0.652808 2.977992 1
-2.319317 0.718401 2.976406 1
-2.300033 0.750056 2.973938 1
-2.328620 0.880459 2.974785 1
-2.310935 0.911342 2.972607 1
-2.301168 0.957121 2.971045 1
-2.310069 1.037622 2.970860 1
-2.313136 1.104039 2.970358 1
-2.307288 1.151569 2.969309 1
-2.314553 1.221356 2.969260 1
-2.294920 1.241010 2.967368 1
-2.318851 1.335939 2.968654 1
-2.324247 1.395937 2.968683 1
-2.312785 1.425955 2.967559 1
-2.314768 1.477140 2.967460 1
-2.295427 1.492794 2.965872 1
-2.268375 1.496325 2.963773 1
-1.122599 -0.209173 2.880460 1
-1.036875 -0.258073 2.874166 1
0.145604 -0.411027 2.802832 8
0.171700 -0.361346 2.802673 8
0.183327 -0.297168 2.803591 8
0.167263 -0.205869 2.806459 8
0.252416 -0.217545 2.802591 8
0.313147 -0.203509 2.800499 8
0.349662 -0.165337 2.800134 6
0.303310 -0.049069 2.805302 6
0.440140 -0.105120 2.798581 6
0.395945 0.006628 2.803737 6
0.459529 0.019685 2.802024 6
0.560468 0.001081 2.798084 6
0.660352 -0.014430 2.794393 6
0.718790 0.007028 2.793458 6
0.819719 -0.005814 2.790050 6
0.894600 0.004507 2.788417 6
1.000158 -0.008279 2.785101 6
1.096420 -0.011667 2.782542 6
1.200966 -0.019532 2.779692 6
1.303630 -0.023924 2.777160 6
1.394240 -0.017490 2.775530 6
1.515231 -0.031317 2.772377 6
-2.075717 -0.286832 3.017245 1
-2.055022 -0.231484 3.013360 1
-2.007264 -0.241779 3.008682 1
-1.964256 -0.239851 3.004221 1
-1.907789 -0.267254 2.999313 1
-1.857427 -0.279178 2.994670 1
-1.840448 -0.218711 2.991439 1
-1.768467 -0.274413 2.986027 1
-1.745651 -0.227012 2.982745 1
-1.685745 -0.254365 2.977933 1
-1.646203 -0.240207 2.974084 1
-1.590703 -0.255981 2.969575 1
-1.547596 -0.247253 2.965707 1
-1.501108 -0.244124 2.961753 1
-1.451011 -0.246608 2.957696 1
-1.408180 -0.235496 2.954068 1
-1.377126 -0.203984 2.951112 1
-1.305356 -0.240382 2.946188 1
-1.270979 -0.213614 2.943230 1
-2.260103 1.440331 2.993180 1
-1.161794 -0.223487 2.935485 1
-1.092553 -0.249031 2.930961 1
-1.055858 -0.223906 2.928222 1
0.255849 -0.448488 2.860645 8
0.250760 -0.365589 2.862028 8
0.267282 -0.306338 2.862378 8
0.283627 -0.247720 2.862833 8
0.348150 -0.237028 2.860924 8
0.432870 -0.244721 2.858122 8
0.400541 -0.140394 2.861351 6
0.468401 -0.131152 2.859639 6
0.538878 -0.123180 2.857933 6
0.585636 -0.092907 2.857531 6
0.539305 0.019071 2.861766 6
0.687790 -0.038658 2.856675 6
0.739486 -0.011285 2.856409 6
0.837766 -0.021819 2.854081 6
0.898280 0.000213 2.853689 6
0.993580 -0.004586 2.851841 6
1.116708 -0.029211 2.848915 6
1.207389 -0.026400 2.847661 6
1.312836 -0.033002 2.845940 6
1.420987 -0.039534 2.844307 6
-1.832976 -0.320717 3.042879 1
-1.819359 -0.252444 3.039142 1
-1.781911 -0.235875 3.035183 1
-1.728007 -0.252490 3.031009 1
-1.683065 -0.249784 3.027049 1
-1.633845 -0.254590 3.023063 1
-1.586904 -0.254006 3.019185 1
-1.556873 -0.221368 3.015778 1
-1.488394 -0.258635 3.011510 1
-1.453282 -0.234497 3.008139 1
-1.396216 -0.248400 3.004264 1
-1.343166 -0.254006 3.000556 1
-1.317450 -0.213203 2.997710 1
-1.259094 -0.226058 2.993995 1
-1.202232 -0.235068 2.990387 1
-1.147130 -0.240016 2.986899 1
-1.106928 -0.221094 2.983961 1
-1.045897 -0.233042 2.980433 1
0.378730 -0.341572 2.921706 8
0.407010 -0.293874 2.921527 8
0.482821 -0.292153 2.919785 8
0.545313 -0.276501 2.918644 8
0.573608 -0.228339 2.918824 8
0.482928 -0.072508 2.923215 6
0.473042 0.007056 2.924886 6
0.702345 -0.123902 2.918557 6
0.711508 -0.059705 2.919843 6
0.717459 0.006340 2.921332 6
0.825453 -0.012771 2.919585 6
0.902507 -0.004527 2.919015 6
0.997240 -0.009020 2.918039 6
1.100774 -0.018545 2.916963 6
1.214306 -0.033650 2.915767 6
1.320866 -0.041205 2.914984 6
-1.560411 -0.294747 3.068804 1
-1.549501 -0.226233 3.065224 1
-1.482258 -0.261237 3.061687 1
-1.437371 -0.254456 3.058240 1
-1.389982 -0.251369 3.054855 1
-1.344762 -0.243834 3.051553 1
-1.278180 -0.270982 3.048160 1
-1.244151 -0.243400 3.045088 1
-1.180789 -0.262485 3.041826 1
-1.125937 -0.266624 3.038704 1
-1.101860 -0.222815 3.036016 1
-1.024857 -0.258665 3.032771 1
0.705232 -0.055035 2.984241 6
1.022960 -0.103422 2.982356 6
-1.283872 -0.254393 3.099539 1
-1.223120 -0.270511 3.096748 1
-1.180922 -0.255671 3.093795 1
-1.108248 -0.287713 3.091218 1
-1.077032 -0.254534 3.088318 1
-1.039261 -0.231452 3.085583 1
0.851300 -0.011425 0.014233 6
0.976203 -0.057974 0.062832 6
0.932820 -0.067934 0.066400 6
0.895431 -0.020277 0.064599 6
0.852596 -0.024061 0.067342 6
0.806326 -0.071859 0.073884 6
0.766452 -0.043772 0.073481 6
0.722725 -0.069688 0.077755 6
0.681683 -0.055229 0.078307 6
0.617978 -0.544403 0.123012 8
0.580126 -0.556642 0.125480 8
0.543537 -0.530209 0.124445 8
0.505592 -0.555515 0.127806 8
0.468815 -0.494798 0.123573 8
0.430627 -0.128261 0.092792 6
0.389437 -0.125100 0.093396 6
0.348033 -0.114265 0.093208 6
0.307416 -0.138739 0.095928 6
0.266942 -0.155695 0.097866 6
1.141740 -0.108855 0.106711 6
1.039909 -0.515285 0.143323 8
1.005075 -0.488841 0.143887 8
0.933255 -0.748776 0.167582 7
0.897491 -0.745794 0.169678 7
0.875916 -0.613114 0.161296 8
0.839997 -0.600053 0.162437 8
0.801479 -0.613673 0.165578 8
0.768241 -0.566394 0.163813 8
0.730084 -0.575758 0.166388 8
0.690902 -0.604799 0.170362 8
0.654386 -0.595132 0.171210 8
0.617404 -0.592667 0.172503 8
0.581687 -0.554356 0.170941 8
0.544991 -0.527358 0.170149 8
0.507136 -0.539315 0.172209 8
0.469804 -0.516202 0.171496 8
0.432058 -0.499658 0.171172 8
0.393937 -0.475935 0.170198 8
0.348883 -0.111023 0.143527 6
0.308121 -0.135856 0.146014 6
0.266496 -0.125966 0.145771 6
0.226303 -0.151445 0.148044 6
0.184385 -0.138142 0.147293 6
0.144563 -0.161620 0.149159 6
0.098916 -0.101188 0.144638 6
0.060666 -0.143732 0.147670 6
1.160485 -0.507492 0.180433 8
1.115958 -0.541013 0.185910 8
1.057130 -0.670726 0.198123 8
1.004633 -0.774618 0.208202 7
0.962920 -0.814983 0.213551 7
0.924591 -0.835526 0.217351 7
0.888120 -0.844351 0.220203 7
0.865609 -0.728223 0.214348 7
0.827353 -0.747959 0.217772 7
0.792339 -0.736877 0.218979 7
0.757848 -0.717641 0.219537 7
0.721434 -0.720621 0.221486 7
0.686986 -0.694317 0.221378 7
0.650266 -0.701561 0.223395 7
0.613019 -0.724093 0.226299 7
0.570295 -0.910338 0.239766 7
0.535127 -0.943926 0.243092 7
0.508671 -0.524045 0.216957 8
0.470946 -0.518221 0.217616 8
0.433123 -0.523334 0.218867 8
0.395048 -0.492733 0.217716 8
0.356705 -0.478203 0.217488 8
0.317886 -0.456666 0.216704 8
0.277063 -0.392382 0.213092 8
0.226597 -0.146065 0.197814 6
0.184031 -0.124141 0.196688 6
0.144283 -0.152633 0.198638 6
0.102572 -0.148162 0.198373 6
0.059296 -0.126530 0.196895 6
0.016297 -0.112907 0.195799 6
1.338447 -0.775788 0.224565 7
1.301053 -0.776032 0.228065 7
1.231075 -0.564821 0.224391 8
1.193508 -0.558195 0.227154 8
1.117448 -0.770326 0.243367 7
1.067331 -0.851446 0.251128 7
1.028212 -0.872971 0.255054 7
0.991582 -0.881060 0.258036 7
0.958421 -0.865835 0.259518 7
0.925646 -0.846070 0.260645 7
0.880366 -0.928371 0.267619 7
0.869124 -0.716906 0.257487 7
0.829527 -0.747679 0.261289 7
0.793153 -0.750284 0.263360 7
0.757893 -0.740673 0.264635 7
0.723835 -0.712973 0.264806 7
0.686964 -0.721854 0.266914 7
0.647210 -0.786969 0.271993 7
0.613391 -0.749200 0.271314 7
0.578256 -0.729204 0.271518 7
0.540182 -0.804132 0.276742 7
0.504930 -0.800252 0.277597 7
0.468941 -0.871925 0.282381 7
0.434249 -0.845699 0.281832 7
0.399404 -0.854530 0.283048 7
0.364573 -0.855759 0.283759 7
0.318673 -0.458748 0.263423 8
0.278885 -0.424689 0.262127 8
0.237608 -0.372552 0.259779 8
0.198573 -0.378817 0.260382 8
0.144037 -0.144169 0.248274 6
0.100727 -0.120731 0.247099 6
0.058971 -0.121888 0.247090 6
0.018959 -0.142385 0.247971 6
-0.024278 -0.128113 0.246913 6
2.003254 -0.464182 0.185786 4
1.984096 -0.397104 0.186703 4
1.377450 -0.785260 0.265601 7
1.344561 -0.765478 0.268010 7
1.381398 -0.434224 0.253303 8
1.311044 -0.572643 0.264331 8
1.272509 -0.569803 0.267517 8
1.185292 -0.816064 0.283600 7
1.136136 -0.883903 0.290006 7
1.098326 -0.895528 0.293351 7
1.060726 -0.907873 0.296609 7
1.026386 -0.901715 0.298831 7
0.994787 -0.876965 0.300051 7
0.958712 -0.881726 0.302617 7
0.922572 -0.888344 0.305162 7
0.887541 -0.887439 0.307244 7
0.853301 -0.879927 0.308918 7
0.820955 -0.853084 0.309612 7
0.784149 -0.869782 0.312208 7
0.748778 -0.873636 0.314111 7
0.716252 -0.840606 0.314268 7
0.680293 -0.851956 0.316311 7
0.645899 -0.839516 0.317205 7
0.610134 -0.852575 0.319114 7
0.574886 -0.858871 0.320625 7
0.540421 -0.841832 0.321037 7
0.505235 -0.847698 0.322332 7
0.470050 -0.866314 0.324065 7
0.435213 -0.824437 0.323151 7
0.400306 -0.859001 0.325352 7
0.364152 -0.791724 0.323204 7
0.329700 -0.831346 0.325412 7
0.293380 -0.801001 0.324619 7
0.246394 -0.551977 0.314708 8
0.202034 -0.434117 0.310137 8
0.163956 -0.447895 0.310889 8
0.103809 -0.160003 0.299123 6
0.057826 -0.107385 0.296924 6
0.014586 -0.095711 0.296292 6
-0.027402 -0.099195 0.296167 6
-0.067538 -0.119491 0.296618 6
-0.114202 -0.083112 0.294608 6
2.011717 -0.680381 0.237131 4
1.990912 -0.625413 0.239245 4
1.949836 -0.622011 0.244427 4
1.923571 -0.578705 0.247154 4
1.883958 -0.571194 0.251886 4
1.877871 -0.466859 0.251109 4
1.847510 -0.429399 0.254085 4
1.416680 -0.794615 0.306461 7
1.373851 -0.815489 0.310929 7
1.328216 -0.850722 0.315881 7
1.349873 -0.591282 0.307885 8
1.236535 -0.934710 0.325846 7
1.208927 -0.895210 0.327164 7
1.169007 -0.915134 0.330872 7
1.138147 -0.889334 0.332606 7
1.098335 -0.911858 0.336183 7
1.066296 -0.891332 0.337955 7
1.039477 -0.836097 0.338327 7
0.993838 -0.900745 0.343167 7
0.965466 -0.851182 0.343610 7
0.931770 -0.835996 0.345260 7
0.894994 -0.844602 0.347678 7
0.857714 -0.859854 0.350221 7
0.821175 -0.871320 0.352519 7
0.785881 -0.872368 0.354350 7
0.749619 -0.885903 0.356506 7
0.715225 -0.878380 0.357851 7
0.683230 -0.832493 0.357841 7
0.647682 -0.835776 0.359373 7
0.610002 -0.886956 0.362353 7
0.576872 -0.842129 0.362136 7
0.540430 -0.886805 0.364685 7
0.505694 -0.885336 0.365667 7
0.471109 -0.866248 0.366007 7
0.436172 -0.856081 0.366538 7
0.401245 -0.867971 0.367657 7
0.365843 -0.842164 0.367526 7
0.331069 -0.857075 0.368547 7
0.297930 -0.909510 0.370606 7
0.261008 -0.859110 0.369459 7
0.227502 -0.887981 0.370612 7
0.169499 -0.529449 0.360031 8
0.129349 -0.503580 0.359359 8
0.087518 -0.463926 0.358171 8
0.016646 -0.118665 0.347699 6
-0.027022 -0.104735 0.347057 6
-0.071665 -0.085096 0.346127 6
-0.112581 -0.100159 0.346128 6
-0.156841 -0.088025 0.345192 6
2.027961 -0.759081 0.282764 4
2.000273 -0.724012 0.286332 4
1.950343 -0.745068 0.292604 4
1.923214 -0.707701 0.295898 4
1.891203 -0.682252 0.299705 4
1.880478 -0.596412 0.300713 4
1.870375 -0.504398 0.301524 4
1.879213 -0.351169 0.299795 4
1.886152 -0.194925 0.298155 4
1.453702 -0.813074 0.347500 7
1.413360 -0.822908 0.351369 7
1.381404 -0.800130 0.354010 7
1.333124 -0.845281 0.358813 7
1.286584 -0.887323 0.363332 7
1.252619 -0.875797 0.366005 7
1.215970 -0.876834 0.368974 7
1.181612 -0.867052 0.371518 7
1.133471 -0.930309 0.376089 7
1.103533 -0.898933 0.377796 7
1.074271 -0.860673 0.379257 7
1.031892 -0.900879 0.382782 7
0.996291 -0.901595 0.385120 7
0.959175 -0.913866 0.387658 7
0.931381 -0.857369 0.388355 7
0.896759 -0.848991 0.390203 7
0.861275 -0.847567 0.392131 7
0.827754 -0.827473 0.393525 7
0.790858 -0.840167 0.395602 7
0.758223 -0.805688 0.396502 7
0.721969 -0.811721 0.398239 7
0.686590 -0.806812 0.399638 7
0.646381 -0.886987 0.402779 7
0.612503 -0.864593 0.403598 7
0.577725 -0.855837 0.404625 7
0.542763 -0.848621 0.405598 7
0.507547 -0.848544 0.406628 7
0.472426 -0.839642 0.407390 7
0.437105 -0.908189 0.409600 7
0.402068 -0.864293 0.409486 7
0.366639 -0.844161 0.409759 7
0.330972 -0.829447 0.410053 7
0.297466 -0.881847 0.411547 7
0.261771 -0.865815 0.411634 7
0.227250 -0.877031 0.412151 7
0.194080 -0.906546 0.412922 7
0.159178 -0.905699 0.413028 7
0.119407 -0.847023 0.411952 7
0.059889 -0.587149 0.406982 8
0.016402 -0.533148 0.405799 8
-0.018258 -0.568296 0.406206 8
-0.116273 -0.073108 0.396394 6
-0.164208 -0.035620 0.395161 6
-0.205185 -0.053859 0.394884 6
2.052563 -0.814842 0.325980 4
2.019263 -0.794816 0.330417 4
1.986592 -0.772903 0.334701 4
1.951786 -0.756028 0.339096 4
1.917136 -0.738560 0.343381 4
1.906709 -0.655133 0.345292 4
1.902570 -0.550032 0.346550 4
1.905732 -0.418418 0.347067 4
1.902878 -0.297356 0.348081 4
1.910939 -0.136129 0.348021 4
1.903877 -0.013054 0.349280 4
1.521801 -0.856223 0.385235 7
1.485635 -0.849999 0.388688 7
1.452981 -0.830845 0.391733 7
1.409261 -0.854005 0.395686 7
1.365752 -0.878858 0.399531 7
1.334946 -0.852890 0.402137 7
1.291814 -0.879588 0.405771 7
1.251761 -0.895214 0.409042 7
1.218174 -0.881885 0.411634 7
1.178686 -0.897691 0.414683 7
1.141231 -0.905009 0.417461 7
1.106264 -0.899890 0.419921 7
1.073563 -0.881505 0.422074 7
1.034716 -0.900011 0.424737 7
1.003745 -0.869189 0.426536 7
0.968601 -0.864493 0.428657 7
0.933352 -0.860596 0.430702 7
0.895919 -0.874659 0.432900 7
0.863570 -0.846641 0.434446 7
0.827315 -0.852011 0.436344 7
0.790351 -0.866688 0.438259 7
0.753576 -0.883074 0.440089 7
0.719301 -0.870993 0.441498 7
0.686181 -0.838644 0.442609 7
0.649346 -0.862015 0.444235 7
0.614592 -0.851291 0.445413 7
0.579232 -0.852022 0.446620 7
0.544028 -0.848547 0.447700 7
0.508573 -0.855555 0.448789 7
0.473217 -0.866734 0.449825 7
0.438099 -0.844319 0.450475 7
0.402850 -0.855562 0.451334 7
0.367342 -0.840962 0.451886 7
0.332088 -0.846229 0.452518 7
0.297585 -0.869939 0.453210 7
0.262484 -0.871465 0.453633 7
0.226171 -0.851021 0.453796 7
0.191249 -0.858679 0.454094 7
0.160421 -0.920514 0.454726 7
0.126305 -0.929435 0.454858 7
0.084136 -0.850020 0.454217 7
0.057616 -0.939504 0.454803 7
-0.016071 -0.590433 0.451867 8
-0.055391 -0.581299 0.451486 8
-0.095428 -0.568636 0.450980 8
-0.134767 -0.563357 0.450436 8
-0.176568 -0.542892 0.449668 8
2.063683 -0.899865 0.369119 4
2.044227 -0.848831 0.372716 4
2.009435 -0.833023 0.377302 4
1.963790 -0.844124 0.382517 4
1.931582 -0.822245 0.386740 4
1.925617 -0.730932 0.389218 4
1.926175 -0.617520 0.391284 4
1.932375 -0.482548 0.393019 4
1.940096 -0.335932 0.394694 4
1.930845 -0.231248 0.397384 4
1.926928 -0.104573 0.399761 4
1.935574 0.068912 0.401454 4
1.564858 -0.854098 0.425105 7
1.528157 -0.848792 0.428642 7
1.483860 -0.871162 0.432457 7
1.452954 -0.845885 0.435524 7
1.410960 -0.862367 0.439025 7
1.364843 -0.897495 0.442601 7
1.328796 -0.893922 0.445626 7
1.293627 -0.886885 0.448525 7
1.258622 -0.879149 0.451333 7
1.221194 -0.882978 0.454145 7
1.183808 -0.887654 0.456863 7
1.143043 -0.911317 0.459603 7
1.110558 -0.892154 0.461970 7
1.077607 -0.874236 0.464275 7
1.040080 -0.883343 0.466634 7
1.002512 -0.894547 0.468899 7
0.968627 -0.881929 0.470981 7
0.939796 -0.829941 0.472875 7
0.905578 -0.814520 0.474819 7
0.869118 -0.816994 0.476722 7
0.829224 -0.853676 0.478580 7
0.794563 -0.842960 0.480273 7
0.760081 -0.828474 0.481886 7
0.721565 -0.864373 0.483428 7
0.688714 -0.825724 0.484879 7
0.652426 -0.835396 0.486239 7
0.616705 -0.837718 0.487515 7
0.580657 -0.850439 0.488689 7
0.545316 -0.847720 0.489796 7
0.510123 -0.835739 0.490838 7
0.474511 -0.843727 0.491758 7
0.439022 -0.882383 0.492519 7
0.403673 -0.851280 0.493357 7
0.368585 -0.868319 0.493992 7
0.332004 -0.818657 0.494730 7
0.297210 -0.844323 0.495171 7
0.264058 -0.896031 0.495440 7
0.228097 -0.879600 0.495836 7
0.190461 -0.842500 0.496218 7
0.157336 -0.876609 0.496283 7
0.124111 -0.902425 0.496291 7
0.088630 -0.899175 0.496312 7
0.056685 -0.931835 0.496130 7
0.020271 -0.919408 0.496016 7
-0.014846 -0.920269 0.495774 7
-0.094033 -0.583174 0.496512 8
-0.128377 -0.613458 0.495976 8
-0.172624 -0.574189 0.495558 8
-0.210046 -0.583292 0.494903 8
2.111825 -0.898726 0.408961 4
2.076776 -0.883792 0.413736 4
2.033054 -0.889249 0.418776 4
2.003000 -0.862762 0.423166 4
1.974451 -0.831874 0.427435 4
1.957138 -0.771438 0.431258 4
1.959151 -0.657782 0.434447 4
1.959760 -0.542176 0.437756 4
1.946458 -0.459150 0.441533 4
1.957554 -0.302324 0.444705 4
1.956848 -0.171422 0.448294 4
1.959912 -0.021705 0.451898 4
1.701449 -0.682150 0.460435 8
1.621336 -0.810196 0.464943 7
1.578128 -0.824252 0.468648 7
1.543431 -0.810551 0.472139 7
1.494933 -0.846079 0.475656 7
1.458124 -0.841478 0.478959 7
1.407549 -0.890411 0.482192 7
1.376513 -0.865454 0.485277 7
1.336990 -0.874626 0.488265 7
1.298037 -0.882791 0.491145 7
1.260920 -0.884012 0.493938 7
1.221859 -0.895299 0.496601 7
1.187486 -0.884925 0.499247 7
1.147478 -0.903790 0.501676 7
1.110557 -0.908259 0.504069 7
1.079862 -0.877496 0.506581 7
1.044160 -0.874779 0.508856 7
1.003909 -0.902353 0.510827 7
0.966044 -0.917540 0.512778 7
0.935771 -0.878407 0.515078 7
0.902318 -0.859718 0.517154 7
0.869227 -0.835421 0.519214 7
0.831364 -0.853116 0.520803 7
0.792122 -0.889542 0.522100 7
0.762684 -0.820095 0.524408 7
0.727300 -0.812262 0.526009 7
0.691699 -0.806185 0.527513 7
0.655532 -0.808713 0.528837 7
0.618227 -0.836641 0.529769 7
0.582253 -0.844439 0.530851 7
0.545745 -0.876199 0.531542 7
0.510625 -0.869019 0.532640 7
0.475529 -0.847973 0.533843 7
0.440044 -0.826921 0.534976 7
0.404665 -0.867774 0.535194 7
0.368841 -0.839699 0.536267 7
0.334107 -0.872438 0.536420 7
0.298509 -0.864829 0.537052 7
0.264413 -0.893921 0.537084 7
0.227845 -0.868595 0.537810 7
0.194657 -0.903843 0.537588 7
0.160345 -0.915419 0.537625 7
0.124540 -0.906976 0.537870 7
0.085620 -0.867167 0.538492 7
0.054289 -0.909799 0.537839 7
0.018203 -0.903096 0.537820 7
-0.010645 -0.957952 0.536835 7
-0.049174 -0.931145 0.536947 7
-0.086756 -0.915361 0.536817 7
-0.165745 -0.625055 0.540476 8
-0.208064 -0.600991 0.540253 8
-0.340449 -0.046043 0.547266 6
2.140162 -0.942111 0.449493 4
2.108748 -0.919489 0.454263 4
2.083661 -0.882029 0.458871 4
2.015166 -0.945111 0.463988 4
1.982417 -0.926317 0.468495 4
1.967755 -0.862592 0.472801 4
1.966788 -0.761376 0.477079 4
1.973074 -0.636336 0.481461 4
1.979408 -0.504793 0.486010 4
1.942448 -0.485889 0.490544 4
1.925707 -0.409173 0.495155 4
1.883803 -0.402308 0.499545 4
1.730043 -0.733892 0.502231 8
1.654316 -0.844200 0.505417 7
1.619129 -0.831902 0.509103 7
1.582319 -0.824895 0.512671 7
1.546017 -0.816368 0.516164 7
1.496008 -0.856918 0.519116 7
1.456283 -0.863094 0.522251 7
1.410759 -0.892765 0.525023 7
1.371250 -0.901428 0.527901 7
1.339110 -0.880796 0.531042 7
1.308959 -0.850442 0.534252 7
1.265505 -0.878461 0.536597 7
1.233924 -0.853377 0.539596 7
1.190606 -0.885003 0.541666 7
1.154222 -0.884247 0.544128 7
1.111493 -0.919065 0.545911 7
1.081680 -0.883286 0.548786 7
1.042759 -0.900106 0.550680 7
1.005359 -0.909750 0.552603 7
0.968236 -0.919429 0.554433 7
0.938516 -0.875691 0.557211 7
0.906036 -0.848189 0.559628 7
0.870454 -0.843906 0.561514 7
0.834411 -0.843932 0.563233 7
0.799657 -0.831167 0.565144 7
0.762612 -0.842913 0.566451 7
0.726654 -0.844071 0.567904 7
0.691601 -0.832790 0.569557 7
0.655460 -0.837388 0.570775 7
0.619377 -0.843289 0.571881 7
0.583696 -0.842493 0.573063 7
0.548741 -0.817473 0.574742 7
0.511962 -0.860128 0.574730 7
0.476882 -0.821297 0.576598 7
0.440948 -0.868216 0.576305 7
0.405372 -0.848856 0.577552 7
0.369603 -0.839758 0.578475 7
0.334931 -0.878824 0.578117 7
0.299498 -0.876897 0.578703 7
0.265171 -0.900679 0.578563 7
0.229187 -0.886640 0.579303 7
0.193547 -0.882644 0.579713 7
0.159928 -0.907712 0.579305 7
0.121490 -0.869648 0.580434 7
0.089891 -0.913901 0.579380 7
0.054854 -0.916822 0.579308 7
0.020732 -0.928059 0.578946 7
-0.012926 -0.941981 0.578441 7
-0.046753 -0.953180 0.577930 7
-0.085612 -0.927516 0.578281 7
-0.121832 -0.923395 0.578005 7
-0.201372 -0.648244 0.584479 8
-0.246162 -0.610952 0.584836 8
-0.390404 -0.021085 0.598849 6
2.128177 -0.981773 0.494217 4
2.103521 -0.944882 0.499093 4
2.052405 -0.967092 0.503626 4
2.022983 -0.940565 0.508311 4
1.985827 -0.931927 0.512808 4
1.980477 -0.845318 0.517915 4
1.993647 -0.707901 0.523623 4
1.987952 -0.612580 0.529052 4
1.968642 -0.548988 0.534184 8
1.936571 -0.517580 0.538906 8
1.894941 -0.512175 0.543206 8
1.878368 -0.434097 0.548523 8
1.694005 -0.857124 0.545688 7
1.658516 -0.845512 0.549460 7
1.634448 -0.797190 0.553825 7
1.593494 -0.802363 0.557157 7
1.553595 -0.805001 0.560434 7
1.516311 -0.799248 0.563786 7
1.474404 -0.810858 0.566678 7
1.420362 -0.870599 0.568380 7
1.386100 -0.856961 0.571601 7
1.345772 -0.868077 0.574161 7
1.305290 -0.881514 0.576559 7
1.269683 -0.874802 0.579364 7
1.231713 -0.879337 0.581799 7
1.203443 -0.836894 0.585398 7
1.149677 -0.923707 0.585436 7
1.117125 -0.904015 0.588258 7
1.084510 -0.883160 0.591056 7
1.045802 -0.897924 0.592762 7
1.008802 -0.904088 0.594626 7
0.972579 -0.906340 0.596522 7
0.942390 -0.864595 0.599687 7
0.904921 -0.875580 0.601172 7
0.875261 -0.821184 0.604635 7
0.840346 -0.807479 0.606765 7
0.803985 -0.806828 0.608406 7
0.764440 -0.843529 0.608741 7
0.729546 -0.829614 0.610654 7
0.694729 -0.811378 0.612647 7
0.658097 -0.819139 0.613693 7
0.622233 -0.814882 0.615071 7
0.583827 -0.873894 0.614188 7
0.550383 -0.805242 0.617646 7
0.513007 -0.865704 0.616533 7
0.477535 -0.858545 0.617706 7
0.441931 -0.853015 0.618751 7
0.406072 -0.827794 0.620430 7
0.370992 -0.876635 0.619380 7
0.334717 -0.845976 0.621113 7
0.300103 -0.878307 0.620496 7
0.265349 -0.894654 0.620380 7
0.229954 -0.894217 0.620801 7
0.194217 -0.889157 0.621318 7
0.158843 -0.890911 0.621513 7
0.126721 -0.932043 0.620189 7
0.092104 -0.938367 0.620070 7
0.056444 -0.933894 0.620274 7
0.022582 -0.946903 0.619764 7
-0.014224 -0.934156 0.620128 7
-0.050675 -0.926599 0.620228 7
-0.090446 -0.896999 0.621060 7
-0.127473 -0.890136 0.620983 7
-0.199147 -0.667343 0.628696 8
-0.247690 -0.607476 0.630362 8
-0.386620 -0.049015 0.649956 6
-0.434481 -0.032127 0.649793 6
2.172148 -0.990377 0.533856 4
2.144008 -0.961158 0.538945 4
2.093726 -0.980208 0.543210 4
2.050714 -0.984510 0.547573 4
2.022706 -0.954896 0.552449 4
2.011881 -0.883455 0.558112 4
2.013111 -0.779381 0.564510 4
2.016853 -0.664039 0.571279 4
1.981860 -0.643308 0.576005 8
1.945044 -0.627040 0.580558 8
1.926232 -0.561278 0.586280 8
1.870247 -0.597293 0.589370 8
1.758050 -0.799799 0.587782 7
1.703065 -0.844171 0.590138 7
1.665555 -0.838037 0.593775 7
1.622768 -0.849104 0.596816 7
1.585860 -0.842212 0.600297 7
1.550070 -0.831735 0.603810 7
1.507564 -0.845040 0.606483 7
1.477079 -0.815844 0.610452 7
1.430324 -0.847249 0.612326 7
1.394584 -0.838135 0.615469 7
1.354566 -0.846662 0.617917 7
1.311164 -0.871212 0.619691 7
1.269279 -0.891822 0.621494 7
1.228080 -0.911802 0.623211 7
1.192908 -0.904644 0.625854 7
1.163649 -0.866759 0.629612 7
1.123663 -0.884158 0.631170 7
1.084910 -0.897077 0.632808 7
1.047912 -0.901487 0.634698 7
1.006165 -0.937988 0.635196 7
0.970797 -0.935825 0.637180 7
0.942776 -0.879497 0.641358 7
0.911685 -0.839765 0.644814 7
0.881160 -0.789262 0.648692 7
0.843121 -0.801216 0.649842 7
0.806444 -0.802133 0.651388 7
0.766741 -0.838710 0.651290 7
0.733342 -0.803687 0.654269 7
0.693147 -0.859432 0.653140 7
0.659350 -0.824772 0.655974 7
0.623075 -0.827904 0.657044 7
0.586196 -0.848466 0.657245 7
0.550267 -0.851274 0.658178 7
0.514710 -0.839677 0.659705 7
0.478539 -0.863465 0.659523 7
0.442968 -0.815690 0.662601 7
0.407245 -0.869289 0.660875 7
0.371895 -0.885435 0.660821 7
0.336352 -0.883134 0.661564 7
0.301032 -0.888838 0.661859 7
0.266537 -0.910972 0.661303 7
0.230902 -0.905140 0.662004 7
0.195044 -0.898136 0.662694 7
0.160152 -0.906660 0.662573 7
0.125465 -0.916302 0.662329 7
0.091245 -0.929626 0.661838 7
0.055827 -0.929319 0.661932 7
0.021655 -0.940841 0.661389 7
-0.021257 -0.878996 0.664293 7
-0.057528 -0.877645 0.664227 7
-0.092579 -0.885795 0.663635 7
-0.131905 -0.865015 0.664356 7
-0.169305 -0.859456 0.664275 7
-0.227198 -0.734101 0.669819 8
-0.291899 -0.584959 0.676386 8
-0.433864 -0.042482 0.701429 6
2.164062 -1.020820 0.577633 4
2.117707 -1.031269 0.581783 4
2.073622 -1.038004 0.585906 4
2.060680 -0.975492 0.591950 4
2.028567 -0.954920 0.596748 4
2.024824 -0.866548 0.603640 4
2.018710 -0.779977 0.610562 4
2.012854 -0.688786 0.617721 8
1.980420 -0.661829 0.622725 8
1.940953 -0.652787 0.627037 8
1.891875 -0.670248 0.630288 8
1.781318 -0.862404 0.626801 7
1.752469 -0.830329 0.631545 7
1.707634 -0.844752 0.634412 7
1.666412 -0.849702 0.637546 7
1.629088 -0.843296 0.641051 7
1.601841 -0.803985 0.645867 7
1.553557 -0.834379 0.647663 7
1.515769 -0.830621 0.650819 7
1.476257 -0.833620 0.653595 7
1.435472 -0.842411 0.656021 7
1.408908 -0.796376 0.660874 7
1.349546 -0.882312 0.659547 7
1.319754 -0.849349 0.663656 7
1.279804 -0.859709 0.665648 7
1.240619 -0.868141 0.667642 7
1.194037 -0.914478 0.667681 7
1.160984 -0.896281 0.670808 7
1.121765 -0.910396 0.672251 7
1.085369 -0.910555 0.674316 7
1.055565 -0.871299 0.678340 7
1.016251 -0.889311 0.679350 7
0.979749 -0.891019 0.681127 7
0.947483 -0.862364 0.684441 7
0.917891 -0.808752 0.689045 7
0.882976 -0.792819 0.691594 7
0.820976 -1.028776 0.680395 5
0.783942 -1.054640 0.680437 5
0.775099 -0.764802 0.697801 7
0.736392 -0.787669 0.697955 7
0.698153 -0.810767 0.698010 7
0.661788 -0.810296 0.699304 7
0.625983 -0.799064 0.701138 7
0.586736 -0.869118 0.698294 7
0.551853 -0.840855 0.700953 7
0.516093 -0.829519 0.702590 7
0.479999 -0.829450 0.703516 7
0.443817 -0.869204 0.702074 7
0.408223 -0.886191 0.701868 7
0.372584 -0.881554 0.702849 7
0.337502 -0.902146 0.702292 7
0.301490 -0.886158 0.703804 7
0.265892 -0.886647 0.704289 7
0.231266 -0.905391 0.703635 7
0.194086 -0.879241 0.705554 7
0.162148 -0.931779 0.702774 7
0.124382 -0.902648 0.704740 7
0.091782 -0.935965 0.702956 7
0.049696 -0.870731 0.706928 7
0.015393 -0.886990 0.706019 7
-0.021969 -0.876071 0.706650 7
-0.059822 -0.863634 0.707303 7
-0.093748 -0.881484 0.706100 7
-0.133688 -0.857611 0.707293 7
-0.172439 -0.844711 0.707769 7
-0.208038 -0.852526 0.706955 7
-0.276247 -0.678212 0.716767 8
-0.428780 -0.076447 0.751507 6
2.199689 -1.046882 0.616592 4
2.179263 -1.002399 0.622613 4
2.130679 -1.016792 0.626323 4
2.107491 -0.976940 0.632089 4
2.057181 -0.996866 0.635360 4
2.051858 -0.914723 0.642840 4
2.056696 -0.804933 0.651605 4
2.053721 -0.709025 0.659879 4
1.991841 -0.755906 0.661718 8
1.961548 -0.725036 0.666998 8
1.926967 -0.704520 0.671747 8
1.836152 -0.836553 0.669021 7
1.788507 -0.856321 0.671522 7
1.767888 -0.800029 0.677733 7
1.722980 -0.813267 0.680387 7
1.680237 -0.821459 0.683195 7
1.643333 -0.812395 0.686817 7
1.610618 -0.789711 0.691102 7
1.559788 -0.827704 0.692029 7
1.515784 -0.845150 0.693952 7
1.482994 -0.823698 0.697948 7
1.445461 -0.819288 0.700929 7
1.412211 -0.798380 0.704784 7
1.360704 -0.851350 0.704297 7
1.312750 -0.894370 0.704249 7
1.278833 -0.879221 0.707526 7
1.237749 -0.896863 0.708780 7
1.204467 -0.878685 0.712111 7
1.162814 -0.902445 0.712825 7
1.122076 -0.924468 0.713549 7
1.084673 -0.930552 0.715172 7
1.050191 -0.920335 0.717743 7
1.012999 -0.926977 0.719189 7
0.979436 -0.910265 0.722050 7
0.949024 -0.868695 0.726457 7
0.917987 -0.826422 0.730879 7
0.860745 -1.002338 0.721063 5
0.824278 -1.016572 0.721629 5
0.792060 -0.990728 0.724762 5
0.753075 -1.036818 0.723083 5
0.714839 -1.085245 0.721152 5
0.679752 -1.102076 0.721242 5
0.663973 -0.800296 0.742711 7
0.627484 -0.798884 0.743991 7
0.590900 -0.799928 0.745040 7
0.551510 -0.892943 0.739751 7
0.516974 -0.843092 0.744130 7
0.481179 -0.820361 0.746607 7
0.444780 -0.867732 0.744200 7
0.409003 -0.875504 0.744447 7
0.373560 -0.895011 0.743814 7
0.338957 -0.933171 0.741816 7
0.301840 -0.880396 0.746078 7
0.267288 -0.907648 0.744708 7
0.231966 -0.911792 0.744884 7
0.196115 -0.907011 0.745623 7
0.161798 -0.924971 0.744706 7
0.124907 -0.908375 0.746150 7
0.088269 -0.898549 0.747059 7
0.049437 -0.869692 0.749244 7
0.016059 -0.895235 0.747543 7
-0.023671 -0.864994 0.749701 7
-0.057170 -0.887424 0.748093 7
-0.097229 -0.860747 0.749874 7
-0.132713 -0.868584 0.749164 7
-0.168404 -0.874821 0.748504 7
-0.214083 -0.822137 0.751911 7
-0.279314 -0.666916 0.762423 8
-0.324583 -0.633877 0.764294 8
2.211035 -1.037059 0.661314 4
2.168933 -1.037303 0.665454 4
2.130146 -1.031262 0.669817 4
2.085740 -1.037977 0.673427 4
2.055126 -1.014873 0.678526 4
2.063655 -0.901291 0.688527 4
2.075716 -0.774139 0.699423 4
2.049051 -0.734822 0.705500 4
2.003933 -0.740107 0.708988 8
1.966403 -0.727057 0.713447 8
1.920570 -0.735916 0.716533 8
1.834920 -0.853984 0.712915 7
1.801047 -0.835375 0.717379 7
1.762329 -0.830314 0.720948 7
1.724334 -0.823545 0.724550 7
1.672739 -0.858725 0.725404 7
1.651619 -0.800599 0.732147 7
1.608143 -0.812359 0.734334 7
1.565551 -0.822689 0.736517 7
1.535615 -0.790137 0.741474 7
1.474778 -0.868232 0.738928 7
1.448835 -0.821337 0.744725 7
1.408601 -0.827524 0.746854 7
1.371016 -0.824115 0.749569 7
1.323177 -0.864811 0.749121 7
1.276335 -0.905398 0.748559 7
1.239238 -0.905091 0.750798 7
1.210932 -0.862556 0.756007 7
1.166373 -0.899726 0.755416 7
1.123384 -0.933062 0.754998 7
1.094249 -0.891866 0.759961 7
1.055948 -0.901812 0.761113 7
1.015932 -0.924685 0.761227 7
0.983692 -0.898128 0.764962 7
0.945570 -0.911554 0.765640 7
0.897924 -1.002726 0.760343 5
0.857252 -1.050110 0.758249 5
0.825953 -1.019622 0.762030 5
0.790226 -1.028960 0.762704 5
0.757126 -1.011323 0.765401 5
0.715385 -1.099505 0.759818 5
0.680566 -1.112939 0.759958 5
0.648889 -1.078843 0.763762 5
0.614681 -1.082815 0.764531 5
0.580474 -1.089284 0.765043 5
0.553463 -0.870668 0.783354 7
0.518174 -0.841741 0.786621 7
0.481723 -0.863553 0.785792 7
0.445657 -0.897642 0.783911 7
0.410016 -0.898477 0.784625 7
0.374355 -0.897545 0.785423 7
0.338598 -0.894062 0.786368 7
0.303253 -0.904729 0.786112 7
0.267090 -0.893131 0.787597 7
0.232710 -0.919022 0.785987 7
0.199254 -0.952237 0.783718 7
0.158597 -0.879311 0.790013 7
0.124028 -0.897175 0.788874 7
0.087595 -0.891811 0.789566 7
0.049595 -0.872744 0.791316 7
0.013204 -0.871966 0.791517 7
-0.021443 -0.886317 0.790426 7
-0.064925 -0.831773 0.794893 7
-0.101924 -0.831435 0.794880 7
-0.141430 -0.815122 0.796108 7
-0.178762 -0.815011 0.795954 7
-0.217077 -0.809795 0.796154 7
-0.253716 -0.815127 0.795434 7
-0.319323 -0.667783 0.807057 8
-0.470142 -0.108470 0.852013 6
-1.130432 1.386159 0.967299 0
-1.143498 1.207220 0.951640 0
-1.151915 1.023641 0.935593 0
2.252168 -1.052764 0.700774 4
2.207929 -1.056611 0.704579 4
2.174486 -1.039030 0.709621 4
2.127437 -1.050282 0.712773 4
2.094773 -1.031529 0.717751 4
2.075070 -0.983632 0.724594 4
2.107507 -0.814519 0.739535 4
2.073841 -0.792756 0.744740 8
2.053745 -0.737844 0.752172 8
1.995502 -0.775384 0.753183 8
1.953612 -0.774104 0.756775 8
1.894248 -0.819385 0.756959 7
1.857070 -0.808185 0.761061 8
1.806972 -0.833007 0.762467 7
1.766526 -0.832453 0.765627 7
1.722357 -0.843622 0.767833 7
1.696536 -0.800299 0.774057 7
1.646530 -0.831055 0.774623 7
1.606135 -0.833343 0.777258 7
1.574459 -0.807139 0.782029 7
1.529138 -0.827435 0.783119 7
1.483778 -0.850113 0.783921 7
1.449260 -0.834489 0.787674 7
1.408531 -0.842628 0.789469 7
1.375381 -0.821319 0.793568 7
1.332038 -0.842158 0.794187 7
1.277439 -0.915433 0.790404 7
1.248674 -0.876442 0.795762 7
1.206258 -0.900715 0.795827 7
1.167576 -0.909079 0.797136 7
1.125646 -0.936486 0.796767 7
1.092513 -0.917724 0.800226 7
1.059608 -0.896080 0.803888 7
1.019290 -0.919734 0.803621 7
0.986525 -0.895821 0.807376 7
0.934278 -1.011153 0.799018 5
0.899971 -1.004065 0.801169 5
0.860540 -1.039937 0.799509 5
0.829754 -1.003033 0.804162 5
0.790590 -1.044529 0.801864 5
0.755166 -1.053660 0.802349 5
0.716160 -1.110756 0.798503 5
0.681888 -1.116429 0.799159 5
0.651146 -1.066036 0.804784 5
0.618626 -1.032380 0.808881 5
0.583622 -1.044150 0.808844 5
0.549254 -1.043614 0.809860 5
0.515666 -1.008179 0.813990 5
0.480731 -1.027005 0.813146 5
0.446255 -1.014993 0.815053 5
0.411580 -1.007909 0.816461 5
0.376684 -0.995789 0.818280 5
0.342270 -1.012097 0.817440 5
0.302485 -0.867091 0.831377 7
0.268467 -0.913779 0.827646 7
0.232211 -0.903328 0.829118 7
0.194018 -0.866237 0.832999 7
0.158166 -0.871355 0.832929 7
0.123460 -0.889712 0.831578 7
0.082666 -0.839116 0.836557 7
0.049820 -0.876444 0.833336 7
0.012107 -0.864457 0.834629 7
-0.029640 -0.821801 0.838713 7
-0.061863 -0.858687 0.835361 7
-0.101920 -0.835537 0.837524 7
-0.134508 -0.865606 0.834691 7
-0.173307 -0.853951 0.835674 7
-0.213105 -0.838418 0.836958 7
-0.257490 -0.799759 0.840327 7
-0.300089 -0.775182 0.842328 7
-0.332250 -0.805960 0.839144 7
-1.095066 1.477539 1.046342 0
-1.113185 1.308243 1.029714 0
-1.112445 1.080808 1.007735 0
-1.126370 0.921202 0.991947 0
-1.131312 0.740951 0.974258 0
-1.142048 0.591319 0.959346 0
-1.146115 0.429276 0.943298 0
-1.157284 0.298853 0.930105 0
2.262438 -1.045725 0.745872 4
2.203625 -1.078472 0.747308 4
2.171504 -1.058423 0.752540 4
2.132600 -1.052527 0.756651 4
2.111754 -1.007909 0.763667 4
2.102879 -0.935146 0.772877 4
2.100620 -0.844281 0.783570 4
2.065976 -0.825311 0.788612 8
2.035222 -0.796753 0.794378 8
2.004013 -0.768549 0.800083 8
1.951943 -0.792577 0.801449 8
1.886818 -0.852893 0.799672 7
1.858716 -0.817911 0.805730 7
1.809011 -0.841453 0.806799 7
1.767347 -0.844244 0.809534 7
1.728355 -0.840102 0.812789 7
1.686244 -0.845919 0.815109 7
1.649550 -0.835867 0.818743 7
1.615847 -0.816173 0.823176 7
1.576363 -0.815259 0.825889 7
1.531525 -0.833648 0.826797 7
1.491239 -0.837714 0.828911 7
1.457741 -0.817398 0.833178 7
1.420069 -0.812453 0.835992 7
1.389165 -0.780398 0.841253 7
1.346712 -0.795148 0.842132 7
1.301526 -0.823993 0.841611 7
1.256687 -0.854625 0.840827 7
1.207163 -0.911593 0.837454 7
1.169691 -0.913755 0.839180 7
1.135731 -0.898048 0.842554 7
1.095801 -0.915013 0.842742 7
1.058588 -0.918421 0.844167 7
1.009828 -0.996314 0.838297 5
0.972379 -1.008576 0.838705 5
0.935146 -1.021681 0.838965 5
0.899159 -1.027727 0.839854 5
0.862991 -1.036967 0.840369 5
0.830305 -1.016525 0.843768 5
0.792131 -1.048112 0.841950 5
0.753659 -1.090510 0.838978 5
0.720468 -1.077706 0.841457 5
0.684670 -1.099156 0.840451 5
0.649216 -1.122400 0.839199 5
0.616941 -1.092881 0.843220 5
0.584869 -1.045581 0.849012 5
0.550469 -1.043457 0.850185 5
0.516236 -1.032920 0.852166 5
0.481975 -1.009727 0.855396 5
0.447078 -1.046484 0.852448 5
0.412604 -1.038589 0.854015 5
0.378832 -1.085046 0.849948 5
0.343309 -1.028003 0.856475 5
0.310638 -1.084299 0.851280 5
0.275107 -1.052719 0.855096 5
0.232233 -0.897207 0.871695 7
0.193687 -0.857041 0.876336 7
0.158155 -0.869119 0.875517 7
0.124536 -0.902072 0.872478 7
0.084504 -0.859521 0.877225 7
0.050979 -0.889281 0.874409 7
0.007663 -0.827042 0.881108 7
-0.028711 -0.832450 0.880721 7
-0.060106 -0.875616 0.876350 7
-0.093734 -0.897645 0.874125 7
-0.138209 -0.845547 0.879566 7
-0.173793 -0.855809 0.878462 7
-0.221162 -0.796400 0.884556 7
-0.261458 -0.783370 0.885767 7
-0.308146 -0.738765 0.890206 7
-0.331559 -0.815572 0.881966 7
-0.380607 -0.763759 0.887039 7
-0.592341 0.021947 0.968193 6
-1.077090 1.394239 1.108331 0
-1.078020 1.161812 1.083409 0
-1.083607 0.963049 1.061945 0
-1.101974 0.823238 1.046530 0
-1.107048 0.646678 1.027311 0
-1.115559 0.492651 1.010393 0
-1.118908 0.331406 0.992724 0
-1.123167 0.182517 0.976314 0
-1.137542 0.072490 0.963856 0
-1.148287 -0.042209 0.950906 0
-1.151608 -0.171825 0.936438 0
2.273161 -1.037887 0.791343 4
2.227502 -1.043547 0.794521 4
2.183950 -1.045938 0.797888 4
2.127759 -1.075901 0.798736 4
2.120718 -1.001840 0.808720 4
2.151725 -0.840397 0.826633 4
2.123931 -0.805160 0.833277 4
2.087403 -0.789264 0.838127 8
2.037900 -0.804434 0.840043 8
2.002199 -0.787237 0.844884 8
1.932293 -0.856482 0.841517 7
1.911302 -0.803079 0.849638 7
1.861100 -0.825626 0.850481 7
1.812306 -0.846409 0.851387 7
1.782794 -0.814385 0.857338 7
1.736080 -0.831577 0.858434 7
1.692063 -0.842466 0.860059 7
1.644383 -0.866279 0.860315 7
1.613453 -0.838302 0.865666 7
1.582499 -0.809196 0.871102 7
1.540107 -0.818380 0.872623 7
1.493930 -0.842588 0.872532 7
1.452831 -0.850435 0.874032 7
1.418321 -0.834079 0.877962 7
1.383606 -0.817936 0.881829 7
1.345290 -0.816300 0.884138 7
1.311003 -0.797537 0.888188 7
1.258821 -0.860054 0.883617 7
1.221697 -0.856738 0.885909 7
1.166967 -0.942925 0.878606 7
1.136245 -0.910975 0.883814 7
1.077852 -1.031841 0.872563 5
1.045662 -1.011521 0.876397 5
1.010157 -1.010320 0.878123 5
0.977551 -0.990086 0.881870 5
0.937770 -1.019477 0.880160 5
0.900132 -1.037349 0.879639 5
0.861655 -1.065865 0.877883 5
0.826082 -1.073562 0.878355 5
0.792850 -1.059942 0.881135 5
0.755582 -1.088900 0.879144 5
0.718610 -1.121786 0.876649 5
0.688272 -1.070565 0.883485 5
0.653190 -1.081487 0.883342 5
0.619887 -1.062656 0.886488 5
0.585638 -1.058478 0.887948 5
0.551201 -1.058335 0.888907 5
0.517092 -1.044464 0.891374 5
0.482118 -1.077042 0.888534 5
0.448086 -1.021906 0.895598 5
0.413414 -1.036013 0.894759 5
0.378818 -1.038074 0.895241 5
0.346102 -1.113622 0.887283 5
0.310934 -1.077610 0.892014 5
0.276828 -1.081644 0.892124 5
0.242111 -1.073488 0.893586 5
0.208583 -1.087055 0.892511 5
0.157478 -0.857783 0.919299 7
0.122172 -0.872958 0.917968 7
0.080967 -0.821884 0.924215 7
0.047135 -0.853200 0.920928 7
0.013589 -0.882297 0.917844 7
-0.023774 -0.876018 0.918789 7
-0.069340 -0.808910 0.926707 7
-0.103251 -0.834262 0.923907 7
-0.145201 -0.803754 0.927507 7
-0.182305 -0.807766 0.927071 7
-0.219517 -0.811352 0.926635 7
-0.267695 -0.754483 0.933128 7
-0.302479 -0.774523 0.930691 7
-0.353560 -0.711956 0.937734 7
-0.376635 -0.789113 0.928607 7
-0.469613 -0.542848 0.956709 8
-1.037452 1.472746 1.187854 0
-1.049997 1.274866 1.164422 0
-0.703551 -0.284155 0.984677 0
-0.738406 -0.320622 0.979883 0
-0.786818 -0.307070 0.980769 0
-0.818592 -0.352278 0.974868 0
-0.863711 -0.351041 0.974225 0
-0.911709 -0.341486 0.974468 0
-0.964081 -0.319835 0.976019 0
-0.999938 -0.349834 0.971633 0
-1.037267 -0.374528 0.967798 0
-1.097343 -0.334544 0.971221 0
-1.130344 -0.371693 0.965859 0
-1.144669 -0.457070 0.955027 0
-1.152125 -0.556172 0.942639 0
-1.142471 -0.693504 0.925972 0
2.325274 -1.034194 0.833198 4
2.269364 -1.058560 0.834368 4
2.222351 -1.067073 0.836975 4
2.180654 -1.065885 0.840454 4
2.139754 -1.063749 0.843953 4
2.139694 -0.974279 0.856239 4
2.165147 -0.824656 0.874760 4
2.134947 -0.794236 0.881168 8
2.086091 -0.806429 0.883121 8
2.051952 -0.784929 0.888509 8
2.005395 -0.793533 0.890681 8
1.960331 -0.799651 0.893031 7
1.897364 -0.853367 0.890202 7
1.856734 -0.851350 0.893236 7
1.821152 -0.836105 0.897643 7
1.788102 -0.813520 0.902808 7
1.752152 -0.798763 0.907079 7
1.693785 -0.851435 0.903842 7
1.655470 -0.845869 0.906956 7
1.629150 -0.802044 0.914300 7
1.582265 -0.824451 0.914180 7
1.543177 -0.822299 0.916753 7
1.501560 -0.829784 0.918172 7
1.450914 -0.872139 0.915536 7
1.423483 -0.828880 0.922636 7
1.398037 -0.774820 0.930974 7
1.354752 -0.791690 0.931085 7
1.309140 -0.820979 0.929674 7
1.266293 -0.841027 0.929261 7
1.235242 -0.807113 0.935117 7
1.140756 -1.090299 0.903527 5
1.114821 -1.040267 0.911104 5
1.081746 -1.025348 0.914501 5
1.052727 -0.985307 0.920862 5
1.013136 -1.007557 0.919746 5
0.973579 -1.033191 0.918157 5
0.940827 -1.014223 0.921879 5
0.903975 -1.024753 0.922000 5
0.870175 -1.012162 0.924872 5
0.828700 -1.067846 0.919398 5
0.796611 -1.041342 0.923871 5
0.757013 -1.092781 0.918777 5
0.721092 -1.111749 0.917590 5
0.686804 -1.113591 0.918454 5
0.653998 -1.092626 0.922087 5
0.621603 -1.056644 0.927544 5
0.585599 -1.090308 0.924351 5
0.552473 -1.056473 0.929476 5
0.518245 -1.042949 0.932049 5
0.483420 -1.055433 0.931344 5
0.448909 -1.049948 0.932834 5
0.414303 -1.046340 0.934049 5
0.378939 -0.998451 0.940769 5
0.346456 -1.102971 0.928346 5
0.312167 -1.097851 0.929617 5
0.277851 -1.094918 0.930572 5
0.242696 -1.078050 0.933242 5
0.210277 -1.109887 0.929734 5
0.156491 -0.842193 0.963980 7
0.116099 -0.799094 0.969876 7
0.083012 -0.844527 0.964542 7
0.045060 -0.834445 0.966178 7
0.010382 -0.855971 0.963770 7
-0.034029 -0.794795 0.971791 7
-0.067319 -0.827880 0.967828 7
-0.110466 -0.787310 0.973154 7
-0.147164 -0.795340 0.972275 7
-0.188992 -0.771195 0.975431 7
-0.232375 -0.741421 0.979255 7
-0.271195 -0.740827 0.979331 7
-0.304415 -0.770339 0.975541 7
-0.355163 -0.710297 0.983063 7
-0.384909 -0.756300 0.977087 7
-0.414590 -0.799108 0.971472 7
-0.519603 -0.512655 1.007527 8
-0.571596 -0.470945 1.012505 8
-0.646461 -0.342340 1.028418 0
-0.693749 -0.330025 1.029551 0
-0.742730 -0.313209 1.031194 0
-0.783129 -0.328843 1.028683 0
-0.827086 -0.332005 1.027692 0
-0.876493 -0.317774 1.028835 0
-0.919535 -0.325610 1.027142 0
-0.957200 -0.350351 1.023270 0
-1.014367 -0.316074 1.026749 0
-1.053577 -0.336737 1.023277 0
-1.099382 -0.338468 1.022121 0
-1.108484 -0.440952 1.008338 0
-1.125552 -0.517278 0.997801 0
-1.116133 -0.658229 0.979215 0
-1.136073 -0.718793 0.970609 0
-1.130971 -0.837784 0.954755 0
-1.186704 -0.807199 0.957364 0
2.326941 -1.044290 0.877547 4
2.286225 -1.038854 0.881481 4
2.247200 -1.030591 0.885664 4
2.186461 -1.067122 0.884771 4
2.166578 -1.020668 0.893110 4
2.180424 -0.900257 0.909869 4
2.180668 -0.804457 0.923938 4
2.155744 -0.761348 0.932013 8
2.092256 -0.806181 0.929872 8
2.053708 -0.794879 0.934154 8
2.008463 -0.800141 0.936438 7
1.941582 -0.860884 0.932077 7
1.900767 -0.858497 0.935084 7
1.863115 -0.848337 0.938963 7
1.827977 -0.831456 0.943604 7
1.792820 -0.814369 0.948232 7
1.738590 -0.852514 0.946092 7
1.705608 -0.830027 0.951270 7
1.658703 -0.850027 0.951188 7
1.617725 -0.853119 0.953116 7
1.575888 -0.860027 0.954510 7
1.536064 -0.861249 0.956550 7
1.496898 -0.860953 0.958726 7
1.459196 -0.855953 0.961441 7
1.434248 -0.802199 0.970278 7
1.395005 -0.802046 0.972308 7
1.350900 -0.822926 0.971604 7
1.309188 -0.835945 0.971834 7
1.273606 -0.822927 0.975348 7
1.183123 -1.071840 0.945031 5
1.159760 -1.009501 0.954737 5
1.108755 -1.087362 0.946238 5
1.076406 -1.070471 0.949977 5
1.047969 -1.029173 0.956878 5
1.012359 -1.028413 0.958451 5
0.977027 -1.026370 0.960150 5
0.944674 -1.003417 0.964565 5
0.902262 -1.055043 0.959086 5
0.870060 -1.030846 0.963587 5
0.833170 -1.045474 0.962898 5
0.797646 -1.050049 0.963498 5
0.760102 -1.078472 0.960866 5
0.720917 -1.134544 0.954469 5
0.688018 -1.118710 0.957655 5
0.655384 -1.094341 0.961960 5
0.623564 -1.046097 0.969460 5
0.588471 -1.053465 0.969429 5
0.554317 -1.037403 0.972528 5
0.519472 -1.038422 0.973278 5
0.485082 -1.008611 0.978178 5
0.449809 -1.056117 0.972527 5
0.415196 -1.057906 0.973049 5
0.380578 -1.057465 0.973836 5
0.346821 -1.092509 0.969733 5
0.311960 -1.076520 0.972565 5
0.277271 -1.071963 0.973798 5
0.241587 -1.051141 0.977225 5
0.212844 -1.146513 0.964658 5
0.156861 -0.845118 1.006587 7
0.120133 -0.847119 1.006796 7
0.084053 -0.856325 1.005970 7
0.044524 -0.830734 1.009900 7
0.012353 -0.875871 1.004036 7
-0.029843 -0.832173 1.010386 7
-0.067982 -0.826443 1.011458 7
-0.110176 -0.793506 1.016249 7
-0.153650 -0.757072 1.021486 7
-0.190501 -0.766847 1.020294 7
-0.230163 -0.759752 1.021393 7
-0.273920 -0.731506 1.025375 7
-0.312696 -0.732970 1.025204 7
-0.357614 -0.704443 1.029139 7
-0.394675 -0.716545 1.027411 7
-0.418621 -0.787543 1.017494 7
-0.454696 -0.800605 1.015547 7
-0.565383 -0.504329 1.056311 8
-0.621880 -0.448082 1.063836 8
-0.686136 -0.367391 1.074681 0
-0.736906 -0.343114 1.077679 0
-0.780920 -0.345314 1.076971 0
-0.823983 -0.351410 1.075676 0
-0.881164 -0.311386 1.080680 0
-0.917342 -0.341726 1.075944 0
-0.959152 -0.353565 1.073706 0
-1.011711 -0.333428 1.075807 0
-1.045903 -0.368429 1.070289 0
-1.085079 -0.388191 1.066816 0
-1.095394 -0.486083 1.052614 0
-1.104281 -0.582924 1.038541 0
-1.110723 -0.681384 1.024235 0
-1.116563 -0.776701 1.010348 0
-1.141610 -0.821033 1.003379 0
-1.170175 -0.855481 0.997720 0
2.331196 -1.049452 0.922412 4
2.303410 -1.018712 0.929308 4
2.234245 -1.069604 0.926095 4
2.197996 -1.056731 0.930666 4
2.185737 -0.993948 0.941445 4
2.193791 -0.885360 0.958034 4
2.204466 -0.766298 0.976057 4
2.167810 -0.748396 0.981286 8
2.112762 -0.772863 0.981037 8
2.082102 -0.741633 0.987878 8
2.008637 -0.813800 0.981280 7
1.947686 -0.859474 0.977977 7
1.922402 -0.816680 0.986156 7
1.885884 -0.801953 0.990634 7
1.846100 -0.796049 0.993904 7
1.778609 -0.868503 0.986695 7
1.736172 -0.873589 0.988349 7
1.702760 -0.852744 0.993426 7
1.659053 -0.863118 0.994263 7
1.627550 -0.835935 1.000125 7
1.586368 -0.839624 1.001765 7
1.544652 -0.846160 1.002961 7
1.503514 -0.851868 1.004214 7
1.464388 -0.851336 1.006271 7
1.430422 -0.831713 1.010918 7
1.390030 -0.836864 1.012101 7
1.360777 -0.796845 1.019516 7
1.310817 -0.843972 1.014756 7
1.225783 -1.055512 0.986874 5
1.190029 -1.053444 0.988776 5
1.141722 -1.114620 0.981722 5
1.114573 -1.071558 0.989313 5
1.077482 -1.079613 0.989650 5
1.041433 -1.083168 0.990580 5
1.012157 -1.045548 0.997339 5
0.979381 -1.026941 1.001368 5
0.942406 -1.036297 1.001363 5
0.908342 -1.025459 1.004213 5
0.868422 -1.062005 1.000207 5
0.830394 -1.088634 0.997569 5
0.795933 -1.085853 0.999131 5
0.758164 -1.119291 0.995406 5
0.725410 -1.100069 0.999276 5
0.690295 -1.109088 0.999008 5
0.658310 -1.071439 1.005508 5
0.623606 -1.072213 1.006376 5
0.589411 -1.062239 1.008782 5
0.554074 -1.081414 1.006879 5
0.521115 -1.016612 1.017273 5
0.485293 -1.067657 1.010610 5
0.450848 -1.030003 1.016963 5
0.416094 -1.070874 1.011704 5
0.381712 -1.084272 1.010455 5
0.347727 -1.103768 1.008263 5
0.312233 -1.068913 1.014084 5
0.277944 -1.077295 1.013467 5
0.243000 -1.071033 1.014987 5
0.211585 -1.122912 1.007829 5
0.173928 -1.076272 1.015286 5
0.124877 -0.903717 1.041481 7
0.080436 -0.817841 1.054760 7
0.048623 -0.872302 1.047080 7
0.006777 -0.828480 1.054029 7
-0.031421 -0.822262 1.055330 7
-0.069146 -0.821218 1.055821 7
-0.109235 -0.804297 1.058651 7
-0.155573 -0.749021 1.067185 7
-0.194142 -0.749319 1.067368 7
-0.233964 -0.742961 1.068509 7
-0.278727 -0.710751 1.073485 7
-0.312332 -0.740913 1.069078 7
-0.356341 -0.717115 1.072717 7
-0.391986 -0.735841 1.069944 7
-0.417085 -0.801161 1.060149 7
-0.456426 -0.800009 1.060277 7
-0.502140 -0.773319 1.064192 7
-0.625816 -0.440380 1.113943 8
-0.702015 -0.315147 1.132519 0
-0.749604 -0.305050 1.133801 0
-0.791865 -0.315312 1.131990 0
-0.839427 -0.307611 1.132820 0
-0.865766 -0.371026 1.122972 0
-0.917460 -0.350460 1.125635 0
-0.966381 -0.340578 1.126652 0
-1.007661 -0.354886 1.124011 0
-1.058971 -0.340224 1.125642 0
-1.067702 -0.446314 1.109241 0
-1.086742 -0.519004 1.097792 0
-1.074735 -0.670098 1.074667 0
-1.089913 -0.743880 1.063021 0
-1.095981 -0.837037 1.048483 0
-1.145969 -0.819598 1.050306 0
-1.176502 -0.849706 1.045046 0
2.354083 -1.019401 0.972067 4
2.306591 -1.025870 0.974126 4
2.254659 -1.042267 0.974760 4
2.215386 -1.034582 0.978605 4
2.204404 -0.968496 0.990445 4
2.216828 -0.850013 1.009579 4
2.239232 -0.704498 1.032590 4
2.186504 -0.720733 1.033115 8
2.139224 -0.726134 1.035081 8
2.070745 -0.782754 1.029743 8
2.001136 -0.846044 1.023325 7
1.961408 -0.839119 1.026782 7
1.908633 -0.866075 1.025340 7
1.863247 -0.875875 1.026279 7
1.832090 -0.848343 1.032548 7
1.797748 -0.828828 1.037636 7
1.742200 -0.870151 1.033836 7
1.702125 -0.868745 1.036186 7
1.666166 -0.855327 1.040253 7
1.634060 -0.829486 1.046116 7
1.596836 -0.819468 1.049621 7
1.541879 -0.870011 1.044106 7
1.508969 -0.847011 1.049441 7
1.470601 -0.843054 1.051910 7
1.432746 -0.837563 1.054569 7
1.406623 -0.785726 1.064155 7
1.293976 -1.088755 1.020244 5
1.268089 -1.043895 1.028624 5
1.222221 -1.086007 1.023816 5
1.185396 -1.089965 1.024734 5
1.150489 -1.085450 1.026904 5
1.123303 -1.040672 1.035196 5
1.077320 -1.095585 1.028203 5
1.043196 -1.088165 1.030711 5
1.021749 -1.001713 1.045364 5
0.976689 -1.060972 1.037543 5
0.946318 -1.025130 1.044364 5
0.909630 -1.032712 1.044437 5
0.868529 -1.078539 1.038525 5
0.834187 -1.072554 1.040619 5
0.794077 -1.122745 1.033914 5
0.761269 -1.104947 1.037778 5
0.723105 -1.148680 1.031978 5
0.689294 -1.144847 1.033586 5
0.658225 -1.096857 1.042109 5
0.625633 -1.060652 1.048770 5
0.590717 -1.062513 1.049409 5
0.555376 -1.078819 1.047732 5
0.521699 -1.039694 1.054789 5
0.486107 -1.082333 1.048871 5
0.451614 -1.067121 1.052085 5
0.416751 -1.037377 1.057585 5
0.382456 -1.085321 1.050699 5
0.347063 -1.051038 1.056866 5
0.312658 -1.065625 1.055218 5
0.277279 -1.052155 1.058015 5
0.245121 -1.104193 1.050310 5
0.209843 -1.091617 1.052899 5
0.177687 -1.125672 1.047990 5
0.120081 -0.845230 1.093477 7
0.084729 -0.864745 1.090864 7
0.045515 -0.843490 1.094762 7
0.006105 -0.824842 1.098213 7
-0.030804 -0.830350 1.097749 7
-0.073878 -0.788973 1.104798 7
-0.112250 -0.787189 1.105445 7
-0.155767 -0.752395 1.111377 7
-0.197286 -0.734929 1.114487 7
-0.235185 -0.741272 1.113726 7
-0.272699 -0.749736 1.112587 7
-0.321715 -0.698000 1.121128 7
-0.352373 -0.743131 1.114001 7
-0.394879 -0.728745 1.116446 7
-0.419372 -0.797531 1.105426 7
-0.470799 -0.744982 1.113964 7
-0.491433 -0.824613 1.101119 7
-0.628245 -0.438699 1.163426 8
-0.702274 -0.322521 1.182128 0
-0.742888 -0.338174 1.179500 0
-0.784332 -0.350564 1.177358 0
-0.839260 -0.317069 1.182583 0
-0.869178 -0.368745 1.174021 0
-0.929583 -0.321136 1.181437 0
-0.973268 -0.328731 1.179906 0
-1.018797 -0.331202 1.179158 0
-1.032489 -0.425935 1.163511 0
-1.054591 -0.492313 1.152404 0
-1.053307 -0.618881 1.131588 0
-1.068580 -0.695433 1.118797 0
-1.070800 -0.801784 1.101201 0
-1.108413 -0.815161 1.098508 0
-1.138811 -0.846015 1.092977 0
2.358150 -1.025077 1.017416 4
2.323696 -1.006184 1.022931 4
2.269621 -1.025948 1.022662 4
2.229336 -1.019607 1.026213 4
2.240594 -0.906981 1.045686 4
2.246646 -0.800581 1.064321 4
2.271805 -0.647986 1.090048 4
2.204122 -0.695734 1.085416 8
2.155753 -0.702577 1.086921 8
2.100634 -0.726528 1.085737 8
2.002787 -0.855969 1.068208 7
1.955583 -0.867561 1.068710 7
1.914902 -0.863927 1.071515 7
1.869167 -0.874168 1.072113 7
1.815810 -0.906454 1.069202 7
1.787942 -0.870316 1.076956 7
1.747642 -0.868479 1.079299 7
1.709161 -0.861885 1.082351 7
1.679405 -0.828846 1.089563 7
1.628897 -0.860172 1.086520 7
1.591284 -0.852103 1.089695 7
1.553361 -0.845264 1.092638 7
1.519957 -0.822737 1.098067 7
1.471896 -0.852886 1.094990 7
1.425931 -0.878187 1.092630 7
1.340464 -1.062709 1.064415 5
1.302944 -1.065697 1.065488 5
1.268528 -1.056267 1.068545 5
1.226965 -1.078877 1.066343 5
1.189843 -1.083361 1.067055 5
1.155817 -1.073631 1.070061 5
1.117991 -1.083391 1.069836 5
1.085374 -1.066216 1.074010 5
1.054546 -1.037292 1.080105 5
1.016901 -1.047670 1.079681 5
0.979038 -1.061526 1.078640 5
0.947462 -1.033658 1.084494 5
0.913440 -1.020832 1.087830 5
0.869955 -1.084172 1.078430 5
0.839509 -1.043085 1.086421 5
0.803854 -1.045669 1.087090 5
0.763669 -1.098445 1.079305 5
0.723214 -1.167632 1.068700 5
0.691355 -1.138290 1.074617 5
0.657780 -1.127697 1.077360 5
0.626404 -1.072825 1.087560 5
0.592069 -1.061849 1.090333 5
0.556683 -1.076224 1.088787 5
0.522288 -1.062096 1.092042 5
0.487597 -1.050311 1.094876 5
0.452544 -1.067056 1.092834 5
0.417696 -1.058968 1.094986 5
0.383130 -1.081449 1.091900 5
0.347196 -1.030201 1.101367 5
0.312081 -1.032833 1.101615 5
0.276701 -1.028843 1.102967 5
0.244402 -1.084415 1.094089 5
0.210357 -1.095871 1.092729 5
0.175539 -1.094291 1.093575 5
0.142376 -1.113655 1.090797 5
0.081458 -0.830018 1.140085 7
0.043633 -0.826664 1.141193 7
0.001503 -0.786228 1.148659 7
-0.035045 -0.798677 1.146991 7
-0.075343 -0.781540 1.150394 7
-0.114125 -0.778153 1.151397 7
-0.153998 -0.768712 1.153417 7
-0.193518 -0.763297 1.154713 7
-0.234835 -0.748745 1.157560 7
-0.271486 -0.762152 1.155544 7
-0.317467 -0.726247 1.162027 7
-0.358079 -0.721208 1.163142 7
-0.393624 -0.741245 1.159887 7
-0.436766 -0.725999 1.162708 7
-0.475318 -0.732544 1.161725 7
-0.506219 -0.770766 1.155224 7
-0.653824 -0.345609 1.228967 0
-0.696361 -0.353319 1.227694 0
-0.744376 -0.341251 1.229813 0
-0.793749 -0.326105 1.232430 0
-0.827791 -0.364843 1.225675 0
-0.879383 -0.344275 1.229160 0
-0.929406 -0.330878 1.231366 0
-0.978258 -0.322770 1.232619 0
-1.008812 -0.370220 1.224216 0
-1.014710 -0.486324 1.203898 0
-1.028014 -0.575612 1.188196 0
-1.038650 -0.667636 1.171997 0
-1.052051 -0.747888 1.157811 0
-1.060584 -0.836788 1.142110 0
-1.103433 -0.836546 1.141783 0
2.437378 -0.975074 1.069154 4
2.381791 -0.994037 1.068706 4
2.324931 -1.017188 1.067505 4
2.290894 -0.997393 1.073156 4
2.244187 -1.002984 1.074666 4
2.276962 -0.845609 1.102650 4
2.280472 -0.743092 1.121821 4
2.278660 -0.647745 1.139893 4
2.275877 -0.550483 1.158346 8
2.192313 -0.633498 1.147073 8
2.043226 -0.875538 1.109278 7
2.018597 -0.831764 1.118724 7
1.976460 -0.829712 1.121208 7
1.924503 -0.853367 1.119343 7
1.881913 -0.854638 1.121172 7
1.840713 -0.853021 1.123445 7
1.796199 -0.861307 1.124004 7
1.751537 -0.871312 1.124222 7
1.708288 -0.878547 1.124863 7
1.664454 -0.888812 1.124941 7
1.625681 -0.884531 1.127459 7
1.607213 -0.814301 1.141258 7
1.570110 -0.802923 1.144961 7
1.508417 -0.877830 1.133758 7
1.486638 -0.813675 1.146495 7
1.430355 -0.875964 1.137338 7
1.335994 -1.094279 1.100988 5
1.313690 -1.035568 1.112666 5
1.262950 -1.094428 1.103839 5
1.225863 -1.098099 1.104589 5
1.199085 -1.054313 1.113625 5
1.159252 -1.071307 1.111985 5
1.124129 -1.066297 1.114178 5
1.082654 -1.096247 1.110176 5
1.052888 -1.062416 1.117399 5
1.014113 -1.080599 1.115405 5
0.983513 -1.048179 1.122349 5
0.945000 -1.067482 1.120091 5
0.913042 -1.040886 1.125967 5
0.875592 -1.055470 1.124487 5
0.833993 -1.110101 1.115813 5
0.800051 -1.101447 1.118408 5
0.761475 -1.141444 1.112259 5
0.728873 -1.119793 1.117132 5
0.725482 -0.695364 1.194424 7
0.687295 -0.687670 1.196863 7
0.636660 -0.908926 1.157983 7
0.592636 -1.079100 1.128190 5
0.558839 -1.049127 1.134486 5
0.523446 -1.061008 1.133191 5
0.488041 -1.090138 1.128738 5
0.453421 -1.078047 1.131730 5
0.418395 -1.029356 1.141357 5
0.383303 -1.042414 1.139742 5
0.347820 -1.029291 1.142867 5
0.313043 -1.045086 1.140699 5
0.278753 -1.065547 1.137649 5
0.243731 -1.065436 1.138327 5
0.210394 -1.092580 1.133995 5
0.177131 -1.114071 1.130665 5
0.140027 -1.084711 1.136624 5
0.077982 -0.793073 1.190675 7
0.040027 -0.793041 1.191261 7
0.001422 -0.787897 1.192760 7
-0.033796 -0.811961 1.188865 7
-0.076331 -0.777746 1.195660 7
-0.114758 -0.777895 1.196112 7
-0.147433 -0.816534 1.189448 7
-0.194824 -0.760299 1.200238 7
-0.227844 -0.794811 1.194277 7
-0.272164 -0.764171 1.200307 7
-0.312109 -0.760210 1.201391 7
-0.349501 -0.769962 1.199916 7
-0.389934 -0.765186 1.201099 7
-0.429665 -0.764707 1.201462 7
-0.476297 -0.735374 1.207135 7
-0.515972 -0.737836 1.206903 7
-0.519803 -0.882146 1.180398 7
-0.706360 -0.323763 1.283904 0
-0.744755 -0.348391 1.279504 0
-0.781921 -0.376332 1.274458 0
-0.833823 -0.353236 1.278831 0
-0.874863 -0.368042 1.276157 0
-0.924730 -0.354816 1.278642 0
-0.984213 -0.313930 1.286220 0
-0.992638 -0.427398 1.265182 0
-1.003744 -0.526973 1.246688 0
-1.013613 -0.624769 1.228496 0
-1.016894 -0.735331 1.207916 0
-1.033871 -0.804456 1.194983 0
-1.065344 -0.833604 1.189423 0
-1.104476 -0.842988 1.187493 0
2.455818 -0.954927 1.120037 4
2.408598 -0.957368 1.121988 4
2.338831 -1.003934 1.116228 4
2.307550 -0.978158 1.122967 4
2.270312 -0.963916 1.127677 4
2.287095 -0.838703 1.151826 4
2.317148 -0.680078 1.181959 4
2.321368 -0.570073 1.203643 4
2.330270 -0.444865 1.228099 4
2.341688 -0.308228 1.254678 4
2.058249 -0.854250 1.159700 7
2.029211 -0.820271 1.167771 7
1.985141 -0.822302 1.169383 7
1.930621 -0.851783 1.166020 7
1.895270 -0.833716 1.171160 7
1.838982 -0.871676 1.166155 7
1.811668 -0.832439 1.175068 7
1.773594 -0.822281 1.178699 7
1.717223 -0.866220 1.172450 7
1.675540 -0.869079 1.173629 7
1.629132 -0.887776 1.171873 7
1.596239 -0.864497 1.177770 7
1.546206 -0.898144 1.173186 7
1.521343 -0.846960 1.184178 7
1.482863 -0.842080 1.186627 7
1.384655 -1.063043 1.147242 5
1.340850 -1.089021 1.143826 5
1.308007 -1.073010 1.148167 5
1.267402 -1.089468 1.146445 5
1.245207 -1.025813 1.159636 5
1.199702 -1.065966 1.153435 5
1.160834 -1.078185 1.152412 5
1.127088 -1.065856 1.155962 5
1.077537 -1.139176 1.143390 5
1.047247 -1.110402 1.149975 5
1.015857 -1.085502 1.155824 5
0.986421 -1.045256 1.164565 5
0.951263 -1.040086 1.166666 5
0.915686 -1.037973 1.168167 5
0.881014 -1.028863 1.170974 5
0.841787 -1.059053 1.166287 5
0.842461 -0.709948 1.233818 7
0.804964 -0.695879 1.237600 7
0.766455 -0.691351 1.239543 7
0.726246 -0.709380 1.237147 7
0.690449 -0.664862 1.246701 7
0.649424 -0.701334 1.240716 7
0.610808 -0.700540 1.241848 7
0.559486 -1.066175 1.172481 5
0.523258 -1.114122 1.164093 5
0.489319 -1.073672 1.172704 5
0.454576 -1.036852 1.180613 5
0.419328 -1.048751 1.179102 5
0.383563 -1.008212 1.187709 5
0.348586 -1.034168 1.183435 5
0.313666 -1.047346 1.181607 5
0.279226 -1.066187 1.178655 5
0.244387 -1.071231 1.178354 5
0.209888 -1.080673 1.177177 5
0.174391 -1.074524 1.179010 5
0.142153 -1.109788 1.172759 5
0.106529 -1.101633 1.174940 5
0.037922 -0.774091 1.239420 7
0.004758 -0.819959 1.231068 7
-0.033313 -0.818985 1.231835 7
-0.071039 -0.821433 1.231912 7
-0.110076 -0.815013 1.233702 7
-0.149716 -0.806151 1.235951 7
-0.187265 -0.811961 1.235306 7
-0.226901 -0.805672 1.237011 7
-0.262754 -0.821513 1.234354 7
-0.312337 -0.765076 1.245862 7
-0.356444 -0.742012 1.250805 7
-0.388285 -0.779486 1.243834 7
-0.428800 -0.775366 1.245012 7
-0.475147 -0.747340 1.250872 7
-0.507018 -0.781803 1.244418 7
-0.547127 -0.781766 1.244729 7
-0.705743 -0.334489 1.333097 0
-0.752737 -0.327891 1.334686 0
-0.790408 -0.355249 1.329559 0
-0.843557 -0.329213 1.334930 0
-0.882415 -0.352397 1.330574 0
-0.926391 -0.358732 1.329513 0
-0.952529 -0.419830 1.317625 0
-0.985188 -0.458635 1.310105 0
-0.992336 -0.568745 1.288488 0
-0.996485 -0.681301 1.266359 0
-0.991486 -0.812572 1.240509 0
-1.035924 -0.807998 1.241442 0
-1.073217 -0.822580 1.238571 0
2.437590 -0.916965 1.177145 4
2.382673 -0.933748 1.176137 4
2.324423 -0.958706 1.173541 4
2.307409 -0.903260 1.185959 4
2.319978 -0.785303 1.210157 4
2.328468 -0.670854 1.233780 4
2.340253 -0.544347 1.259763 4
2.354169 -0.407468 1.287804 4
2.359269 -0.284270 1.313341 4
2.060746 -0.862347 1.205272 7
2.021661 -0.852378 1.208993 7
1.977666 -0.854736 1.210328 7
1.938340 -0.846229 1.213715 7
1.908807 -0.812544 1.221924 7
1.855549 -0.841226 1.218099 7
1.800065 -0.878599 1.212537 7
1.751736 -0.898718 1.210256 7
1.722612 -0.864468 1.218489 7
1.684384 -0.856362 1.221633 7
1.639512 -0.869324 1.220646 7
1.591794 -0.893188 1.217489 7
1.545062 -0.916199 1.214454 7
1.505305 -0.917346 1.215665 7
1.469601 -0.904661 1.219568 7
1.381620 -1.088298 1.184783 5
1.350494 -1.065126 1.190653 5
1.320418 -1.036414 1.197610 5
1.276510 -1.064776 1.193261 5
1.236303 -1.079959 1.191484 5
1.196150 -1.097033 1.189298 5
1.160364 -1.095115 1.190859 5
1.130037 -1.065541 1.197914 5
1.089571 -1.088536 1.194468 5
1.051573 -1.100690 1.193155 5
1.018064 -1.087606 1.196870 5
0.984605 -1.073167 1.200844 5
0.951094 -1.057759 1.205001 5
0.964139 -0.692677 1.279512 7
0.924613 -0.694235 1.280328 7
0.883989 -0.706463 1.278969 7
0.842793 -0.727282 1.275845 7
0.807067 -0.695098 1.283414 7
0.763492 -0.749332 1.273471 7
0.730047 -0.682486 1.288041 7
0.691825 -0.670037 1.291577 7
0.652063 -0.682052 1.290124 7
0.611709 -0.713330 1.284722 7
0.572340 -0.734816 1.281282 7
0.525952 -1.051910 1.217484 5
0.490906 -1.038117 1.221126 5
0.455740 -0.998704 1.229996 5
0.420153 -1.043467 1.221632 5
0.384418 -1.015324 1.228173 5
0.348932 -1.021373 1.227695 5
0.313581 -1.028474 1.226981 5
0.279260 -1.056671 1.221910 5
0.244393 -1.064811 1.220938 5
0.211296 -1.099052 1.214571 5
0.175955 -1.093907 1.216294 5
0.141832 -1.105306 1.214590 5
0.104869 -1.084267 1.219564 5
0.044781 -0.842526 1.270148 7
0.006851 -0.840950 1.271116 7
-0.026505 -0.877646 1.264144 7
-0.070936 -0.825876 1.275472 7
-0.106649 -0.843249 1.272464 7
-0.146630 -0.831033 1.275572 7
-0.182372 -0.847097 1.272796 7
-0.220945 -0.845576 1.273652 7
-0.263671 -0.822178 1.279040 7
-0.312520 -0.770192 1.290366 7
-0.347216 -0.793831 1.285944 7
-0.388876 -0.783259 1.288626 7
-0.427928 -0.786047 1.288509 7
-0.470076 -0.776064 1.291037 7
-0.508857 -0.781444 1.290345 7
-0.552380 -0.768484 1.293463 7
-0.705279 -0.344632 1.382385 0
-0.755232 -0.327422 1.386403 0
-0.799146 -0.333412 1.385554 0
-0.853919 -0.303212 1.392253 0
-0.886519 -0.348072 1.383233 0
-0.930053 -0.356383 1.381837 0
-0.952851 -0.428023 1.367160 0
-0.947387 -0.579089 1.335817 0
-0.966257 -0.652196 1.320768 0
-0.974617 -0.750717 1.300365 0
-0.977357 -0.859255 1.277832 0
-1.036648 -0.815023 1.287304 0
-1.060008 -0.864979 1.277007 0
2.476592 -0.858354 1.237223 4
2.410865 -0.893884 1.232060 4
2.379826 -0.864516 1.239797 4
2.333365 -0.865315 1.241486 4
2.347799 -0.742700 1.267929 4
2.352532 -0.635101 1.291432 4
2.362659 -0.511330 1.318265 4
2.387469 -0.349727 1.352830 4
2.407717 -0.190829 1.386959 4
2.083212 -0.824132 1.260284 7
2.032738 -0.839927 1.258722 7
1.985233 -0.850153 1.258254 7
1.928831 -0.884190 1.252884 7
1.886040 -0.885721 1.254116 7
1.858505 -0.847408 1.263498 7
1.808466 -0.869457 1.260474 7
1.770908 -0.858265 1.264255 7
1.716074 -0.897711 1.257569 7
1.684219 -0.871046 1.264499 7
1.644468 -0.868030 1.266527 7
1.599383 -0.882816 1.264841 7
1.555885 -0.894109 1.263847 7
1.520617 -0.878410 1.268443 7
1.426802 -1.073285 1.229112 5
1.387599 -1.079659 1.229004 5
1.351784 -1.074052 1.231379 5
1.316460 -1.066678 1.234108 5
1.282122 -1.055178 1.237690 5
1.238213 -1.085777 1.232410 5
1.203270 -1.078333 1.235101 5
1.169806 -1.063622 1.239312 5
1.120717 -1.128279 1.226755 5
1.090238 -1.099950 1.233804 5
1.049987 -1.125004 1.229548 5
1.058685 -0.856183 1.287574 7
1.046381 -0.689052 1.324146 7
1.008785 -0.674613 1.328332 7
0.969209 -0.673521 1.329667 7
0.925037 -0.709957 1.322985 7
0.889618 -0.677024 1.331072 7
0.845939 -0.717605 1.323450 7
0.813163 -0.652224 1.338460 7
0.772334 -0.667395 1.336233 7
0.731592 -0.686172 1.333208 7
0.691082 -0.707870 1.329530 7
0.649962 -0.749207 1.321605 7
0.615015 -0.672873 1.338965 7
0.575693 -0.678490 1.338692 7
0.535944 -0.705975 1.333685 7
0.497290 -0.699174 1.336052 7
0.456483 -1.036140 1.264117 5
0.420879 -1.011576 1.270228 5
0.385161 -1.014235 1.270440 5
0.349790 -1.029906 1.267817 5
0.313765 -1.017401 1.271288 5
0.279783 -1.058329 1.263146 5
0.244475 -1.059753 1.263563 5
0.211925 -1.105100 1.254410 5
0.174827 -1.076395 1.261352 5
0.140306 -1.086278 1.259882 5
0.105660 -1.093332 1.259014 5
0.049141 -0.886565 1.304815 7
0.008164 -0.854990 1.312396 7
-0.029849 -0.853403 1.313418 7
-0.070549 -0.832471 1.318662 7
-0.103455 -0.869821 1.311135 7
-0.140601 -0.875158 1.310599 7
-0.187434 -0.820989 1.323104 7
-0.219979 -0.856519 1.315921 7
-0.271985 -0.782445 1.332794 7
-0.305339 -0.813443 1.326577 7
-0.342291 -0.824345 1.324760 7
-0.378526 -0.838269 1.322262 7
-0.418829 -0.833459 1.323874 7
-0.465489 -0.802652 1.331206 7
-0.507259 -0.795164 1.333390 7
-0.555913 -0.762034 1.341224 7
-0.705772 -0.351173 1.432470 0
-0.758779 -0.323189 1.439208 0
-0.799474 -0.341042 1.435804 0
-0.846936 -0.335694 1.437514 0
-0.875521 -0.392830 1.425382 0
-0.917799 -0.404006 1.423401 0
-0.929973 -0.506593 1.401150 0
-0.935806 -0.622071 1.376005 0
-0.940707 -0.733815 1.351650 0
-0.947446 -0.834488 1.329716 0
-0.984864 -0.847876 1.327124 0
-1.034780 -0.828796 1.331727 0
2.479675 -0.777507 1.305530 4
2.401500 -0.836466 1.294674 4
2.362106 -0.822198 1.299354 4
2.362169 -0.727846 1.321129 4
2.380851 -0.590820 1.352092 4
2.407170 -0.431379 1.387950 4
2.424374 -0.284587 1.421191 4
2.085676 -0.832500 1.306458 7
2.044811 -0.825275 1.309485 7
2.011503 -0.800027 1.316397 7
1.950424 -0.843871 1.308326 7
1.899974 -0.863629 1.305432 7
1.864197 -0.846337 1.310563 7
1.813487 -0.869715 1.306824 7
1.786080 -0.829486 1.316931 7
1.738474 -0.846382 1.314559 7
1.694236 -0.855023 1.313964 7
1.647711 -0.872150 1.311484 7
1.604566 -0.880346 1.310936 7
1.570680 -0.859000 1.316861 7
1.533605 -0.847879 1.320531 7
1.427459 -1.084663 1.269513 5
1.391457 -1.079070 1.271865 5
1.350574 -1.092680 1.269957 5
1.311819 -1.099540 1.269522 5
1.280778 -1.075109 1.276007 5
1.242015 -1.083262 1.275256 5
1.202397 -1.096842 1.273280 5
1.172022 -1.067569 1.280823 5
1.130958 -1.090569 1.276716 5
1.093417 -1.097793 1.276103 5
1.133024 -0.666443 1.373501 7
1.089288 -0.687514 1.369876 7
1.048651 -0.692107 1.369918 7
1.004216 -0.724287 1.363755 7
0.962902 -0.738901 1.361507 7
0.927612 -0.708416 1.369379 7
0.887242 -0.717555 1.368334 7
0.850190 -0.697622 1.373823 7
0.811869 -0.687603 1.377073 7
0.774305 -0.667147 1.382673 7
0.734454 -0.672445 1.382447 7
0.693116 -0.702878 1.376518 7
0.655211 -0.683083 1.381943 7
0.614762 -0.711272 1.376483 7
0.576607 -0.691688 1.381845 7
0.536091 -0.749198 1.369683 7
0.498457 -0.698603 1.382078 7
0.459523 -0.698198 1.383056 7
0.421620 -0.978575 1.320018 5
0.386078 -1.025715 1.310065 5
0.349547 -0.991476 1.318668 5
0.314590 -1.025380 1.311699 5
0.280160 -1.056591 1.305322 5
0.244108 -1.046211 1.308448 5
0.210462 -1.077913 1.301923 5
0.173215 -1.052211 1.308547 5
0.138254 -1.060893 1.307277 5
0.101302 -1.046874 1.311213 5
0.051125 -0.907433 1.343995 7
0.004954 -0.828887 1.362805 7
-0.032220 -0.837154 1.361633 7
-0.064149 -0.884379 1.351465 7
-0.109306 -0.832982 1.364032 7
-0.141629 -0.873020 1.355491 7
-0.184502 -0.844039 1.362881 7
-0.218127 -0.872572 1.356968 7
-0.258435 -0.862170 1.360051 7
-0.302504 -0.834119 1.367219 7
-0.341761 -0.833220 1.368093 7
-0.379892 -0.838376 1.367554 7
-0.413660 -0.863223 1.362433 7
-0.460378 -0.831411 1.370463 7
-0.499956 -0.832151 1.370925 7
-0.540644 -0.829210 1.372237 7
-0.710695 -0.341083 1.486528 0
-0.756594 -0.339732 1.487533 0
-0.806870 -0.324080 1.491865 0
-0.848912 -0.338019 1.489289 0
-0.897014 -0.332204 1.491313 0
-0.897190 -0.477618 1.457995 0
-0.917324 -0.553908 1.440786 0
-0.930469 -0.646616 1.419705 0
-0.945887 -0.727898 1.401265 0
-0.944380 -0.851598 1.372857 0
-0.995477 -0.828304 1.378860 0
2.416247 -0.729243 1.369886 4
2.396902 -0.671916 1.384301 4
2.426169 -0.511637 1.422097 4
2.418366 -0.423064 1.443692 4
2.093387 -0.828801 1.355441 7
2.051713 -0.823041 1.358040 7
2.002669 -0.835709 1.356408 7
1.957953 -0.839101 1.356879 7
1.934719 -0.788217 1.369793 7
1.880973 -0.815978 1.364642 7
1.841076 -0.808426 1.367589 7
1.785171 -0.846279 1.360058 7
1.731957 -0.879527 1.353552 7
1.714950 -0.807097 1.371441 7
1.657615 -0.855652 1.361357 7
1.619524 -0.846598 1.364582 7
1.574464 -0.860834 1.362395 7
1.538342 -0.846088 1.366920 7
1.443204 -1.042058 1.322423 5
1.402042 -1.053551 1.320771 5
1.364727 -1.051816 1.322185 5
1.329885 -1.040678 1.325785 5
1.285391 -1.069895 1.319948 5
1.252930 -1.049544 1.325685 5
1.212148 -1.066308 1.322727 5
1.175978 -1.063138 1.324425 5
1.143537 -1.041346 1.330489 5
1.174777 -0.675919 1.417339 7
1.131725 -0.690938 1.414833 7
1.090345 -0.698489 1.414069 7
1.044381 -0.737206 1.405941 7
1.015427 -0.665310 1.423900 7
0.969037 -0.712042 1.413848 7
0.928053 -0.723971 1.411999 7
0.891554 -0.699944 1.418651 7
0.853721 -0.684751 1.423212 7
0.813299 -0.694236 1.421915 7
0.776131 -0.668718 1.428922 7
0.736411 -0.670961 1.429330 7
0.696412 -0.678895 1.428376 7
0.655422 -0.708181 1.422322 7
0.616638 -0.702919 1.424488 7
0.577978 -0.692147 1.427964 7
0.538266 -0.714214 1.423591 7
0.499853 -0.684318 1.431630 7
0.460695 -0.679704 1.433623 7
0.421525 -0.697984 1.430126 7
0.382636 -0.710687 1.427951 7
0.348394 -0.913132 1.380213 7
0.312497 -0.945313 1.373294 5
0.279732 -1.036083 1.352264 5
0.244854 -1.053593 1.348825 5
0.208587 -1.044101 1.351880 5
0.172219 -1.036433 1.354494 5
0.137733 -1.053984 1.351020 5
0.106029 -1.098390 1.341046 5
0.070738 -1.099897 1.341421 5
0.012969 -0.902382 1.389952 7
-0.025565 -0.894456 1.392643 7
-0.063776 -0.890834 1.394290 7
-0.096767 -0.924933 1.386783 7
-0.141591 -0.877880 1.398962 7
-0.181942 -0.864770 1.402907 7
-0.218158 -0.877745 1.400511 7
-0.263850 -0.838348 1.410852 7
-0.300969 -0.848058 1.409244 7
-0.336556 -0.865008 1.405863 7
-0.384938 -0.821346 1.417260 7
-0.424512 -0.821619 1.417943 7
-0.457216 -0.851812 1.411311 7
-0.502828 -0.827598 1.417971 7
-0.541692 -0.832447 1.417524 7
-0.588834 -0.806595 1.424592 7
-0.757230 -0.346078 1.538232 0
-0.806363 -0.334684 1.541851 0
-0.845522 -0.358351 1.536863 0
-0.865957 -0.441734 1.517188 0
-0.880931 -0.537375 1.494465 0
-0.894121 -0.632937 1.471723 0
-0.903150 -0.735356 1.447254 0
-0.922092 -0.804103 1.431044 0
-0.958890 -0.820432 1.427736 0
-0.993973 -0.841139 1.423340 0
2.088633 -0.853809 1.397879 7
2.059591 -0.818605 1.407461 7
1.997562 -0.862180 1.398023 7
1.975436 -0.809643 1.411793 7
1.926438 -0.823765 1.409444 7
1.893092 -0.798221 1.416691 7
1.857159 -0.778973 1.422415 7
1.806434 -0.800829 1.418155 7
1.766488 -0.793688 1.420926 7
1.717930 -0.812627 1.417343 7
1.684401 -0.787193 1.424556 7
1.639978 -0.795619 1.423513 7
1.602980 -0.780846 1.428124 7
1.477752 -1.068631 1.358755 5
1.445605 -1.047405 1.364868 5
1.400411 -1.073538 1.359381 5
1.369348 -1.048073 1.366530 5
1.330232 -1.053509 1.366098 5
1.289525 -1.066803 1.363726 5
1.240878 -1.116812 1.352309 5
1.215519 -1.065388 1.365842 5
1.177466 -1.070712 1.365405 5
1.141847 -1.064951 1.367696 5
1.168142 -0.728206 1.451736 7
1.131811 -0.707483 1.457801 7
1.091870 -0.706649 1.458949 7
1.048541 -0.728125 1.454565 7
1.011903 -0.707621 1.460576 7
0.965591 -0.755829 1.449538 7
0.932596 -0.706991 1.462581 7
0.893631 -0.701846 1.464779 7
0.854246 -0.700451 1.466042 7
0.818098 -0.665870 1.475568 7
0.776098 -0.691952 1.469981 7
0.736463 -0.694607 1.470225 7
0.694043 -0.740878 1.459569 7
0.657162 -0.705913 1.469200 7
0.616970 -0.728164 1.464526 7
0.578971 -0.703153 1.471676 7
0.540436 -0.680525 1.478239 7
0.500788 -0.698732 1.474561 7
0.461539 -0.712529 1.471981 7
0.422369 -0.665778 1.484614 7
0.383430 -0.707693 1.474956 7
0.349731 -0.941352 1.416991 7
0.312848 -0.938502 1.418533 7
0.279675 -1.024037 1.397778 5
0.245596 -1.060871 1.389280 5
0.207575 -1.023926 1.399410 5
0.173085 -1.046223 1.394571 5
0.138267 -1.059815 1.391924 5
0.101330 -1.048285 1.395637 5
0.067568 -1.070526 1.390790 5
0.013695 -0.911201 1.432017 7
-0.025880 -0.894961 1.436966 7
-0.067631 -0.865496 1.445284 7
-0.102419 -0.889557 1.439993 7
-0.139684 -0.894952 1.439447 7
-0.186610 -0.841227 1.453970 7
-0.222079 -0.860522 1.449886 7
-0.253853 -0.898480 1.441028 7
-0.301307 -0.852331 1.453652 7
-0.340160 -0.853624 1.454160 7
-0.383527 -0.834479 1.459902 7
-0.417631 -0.858975 1.454471 7
-0.465012 -0.825653 1.463859 7
-0.505064 -0.825686 1.464702 7
-0.543383 -0.833201 1.463624 7
-0.575401 -0.864447 1.456442 7
-0.758601 -0.349801 1.589741 0
-0.801379 -0.360816 1.587870 0
-0.847819 -0.359642 1.589140 0
-0.845418 -0.516926 1.549525 0
-0.873207 -0.570330 1.536670 0
-0.885771 -0.666916 1.512632 0
-0.903019 -0.744453 1.493482 0
-0.915953 -0.830132 1.472191 0
-0.951987 -0.848104 1.468414 0
2.115533 -0.806363 1.458357 7
2.067015 -0.815352 1.456985 7
2.020361 -0.821183 1.456407 7
1.973881 -0.827746 1.455636 7
1.936619 -0.811970 1.460546 7
1.897299 -0.801491 1.464109 7
1.848650 -0.816474 1.461177 7
1.811079 -0.802245 1.465694 7
1.757475 -0.834146 1.458422 7
1.730631 -0.789246 1.470782 7
1.689699 -0.785483 1.472625 7
1.652824 -0.769337 1.477640 7
1.610502 -0.770796 1.478143 7
1.470238 -1.108063 1.392425 5
1.449361 -1.047975 1.408663 5
1.406659 -1.064388 1.405249 5
1.369878 -1.060136 1.407146 5
1.326895 -1.081050 1.402560 5
1.298656 -1.042957 1.413178 5
1.254272 -1.072572 1.406336 5
1.214649 -1.083949 1.404192 5
1.181200 -1.067534 1.409227 5
1.155997 -1.008480 1.425301 5
1.173544 -0.716060 1.501837 7
1.138907 -0.684500 1.510887 7
1.089894 -0.735756 1.498465 7
1.047184 -0.754321 1.494509 7
1.012610 -0.720881 1.504059 7
0.975314 -0.703145 1.509539 7
0.937204 -0.689756 1.513895 7
0.901160 -0.657145 1.523265 7
0.856489 -0.699991 1.512975 7
0.815397 -0.715500 1.509800 7
0.776927 -0.705110 1.513384 7
0.739830 -0.674883 1.522159 7
0.700652 -0.667576 1.524952 7
0.659221 -0.698217 1.517812 7
0.619984 -0.695802 1.519323 7
0.579732 -0.720491 1.513728 7
0.541450 -0.690954 1.522358 7
0.502710 -0.654633 1.532786 7
0.462820 -0.680884 1.526778 7
0.423315 -0.660834 1.532946 7
0.383992 -0.686211 1.527160 7
0.350198 -0.931838 1.463296 7
0.314311 -0.965391 1.455284 7
0.280190 -1.025230 1.440317 5
0.245748 -1.056982 1.432751 5
0.210906 -1.072885 1.429365 5
0.171084 -1.016595 1.445091 5
0.138442 -1.061313 1.434077 5
0.104495 -1.082952 1.429167 5
0.067893 -1.075183 1.432059 5
0.012744 -0.905155 1.478072 7
-0.025912 -0.897784 1.480910 7
-0.061985 -0.911620 1.478111 7
-0.104213 -0.881208 1.487098 7
-0.140903 -0.891625 1.485217 7
-0.177532 -0.901812 1.483397 7
-0.219356 -0.881604 1.489697 7
-0.256467 -0.889955 1.488375 7
-0.295272 -0.889411 1.489435 7
-0.346971 -0.826649 1.507168 7
-0.378855 -0.862770 1.498425 7
-0.419646 -0.856784 1.500970 7
-0.467408 -0.822514 1.511122 7
-0.497832 -0.862231 1.501405 7
-0.539360 -0.856229 1.503978 7
-0.698213 -0.413127 1.624304 0
-0.745288 -0.406315 1.627228 0
-0.787509 -0.417630 1.625272 0
-0.830252 -0.427224 1.623783 0
-0.843632 -0.531494 1.596696 0
-0.842768 -0.673820 1.559262 0
-0.863906 -0.741427 1.542005 0
-0.879879 -0.820519 1.521607 0
-0.923820 -0.816616 1.523706 0
-0.961514 -0.830802 1.520901 0
2.110615 -0.831818 1.500926 7
2.056252 -0.854761 1.495519 7
2.019591 -0.837253 1.500903 7
1.982624 -0.820337 1.506137 7
1.934842 -0.830786 1.504063 7
1.893921 -0.824702 1.506410 7
1.856440 -0.809776 1.511128 7
1.826169 -0.774658 1.521263 7
1.771390 -0.808520 1.512919 7
1.731117 -0.802372 1.515299 7
1.692093 -0.792780 1.518608 7
1.650009 -0.793032 1.519279 7
1.603599 -0.808310 1.515911 7
1.494462 -1.039164 1.454538 5
1.442786 -1.085153 1.442853 5
1.406017 -1.080711 1.444741 5
1.373181 -1.061593 1.450591 5
1.331672 -1.076135 1.447369 5
1.296005 -1.068374 1.450166 5
1.254858 -1.084446 1.446529 5
1.227326 -1.040761 1.459049 5
1.185062 -1.063853 1.453517 5
1.164067 -0.983136 1.476094 5
1.179048 -0.703575 1.552600 7
1.135907 -0.718430 1.549367 7
1.098386 -0.702441 1.554505 7
1.054965 -0.722512 1.549857 7
1.020100 -0.688217 1.559985 7
0.981652 -0.675663 1.564217 7
0.943723 -0.657820 1.569899 7
0.904485 -0.648833 1.573179 7
0.856937 -0.716394 1.555596 7
0.818870 -0.701214 1.560568 7
0.778723 -0.707150 1.559785 7
0.738003 -0.722843 1.556338 7
0.699203 -0.715416 1.559214 7
0.660589 -0.702893 1.563493 7
0.619555 -0.737204 1.554953 7
0.581772 -0.703286 1.565110 7
0.544327 -0.632861 1.585307 7
0.503563 -0.674575 1.574744 7
0.463971 -0.670339 1.576799 7
0.424327 -0.677068 1.575846 7
0.388001 -0.934862 1.505777 7
0.349757 -0.881974 1.521201 7
0.317512 -1.045650 1.476934 5
0.281715 -1.050026 1.476565 5
0.245427 -1.044046 1.479061 5
0.210193 -1.057412 1.476219 5
0.170764 -1.010037 1.490184 5
0.141493 -1.097562 1.466819 5
0.101324 -1.049330 1.481050 5
0.070324 -1.100329 1.467782 5
0.011974 -0.900738 1.524080 7
-0.028947 -0.876212 1.531830 7
-0.064925 -0.893223 1.528046 7
-0.106782 -0.867508 1.536158 7
-0.148099 -0.849415 1.542169 7
-0.183667 -0.869388 1.537579 7
-0.219253 -0.887606 1.533479 7
-0.261334 -0.869272 1.539594 7
-0.306973 -0.835313 1.550099 7
-0.340555 -0.864300 1.543008 7
-0.383851 -0.846129 1.549129 7
-0.425213 -0.838923 1.552194 7
-0.461561 -0.854295 1.548933 7
-0.503208 -0.847633 1.551869 7
-0.536650 -0.874112 1.545495 7
-0.639663 -0.639838 1.612567 0
-0.693482 -0.600660 1.624775 0
-0.731908 -0.618323 1.620975 0
-0.777684 -0.611056 1.624222 0
-0.818869 -0.619848 1.622945 0
-0.824880 -0.737977 1.590717 0
-0.842182 -0.815240 1.570014 0
-0.879290 -0.830821 1.566783 0
-0.920628 -0.834312 1.566991 0
2.131688 -0.798207 1.559673 7
2.079115 -0.815593 1.555334 7
2.013792 -0.865347 1.541941 7
1.996365 -0.800760 1.560551 7
1.935929 -0.842292 1.549464 7
1.906106 -0.807201 1.559844 7
1.857068 -0.822485 1.556118 7
1.823936 -0.795419 1.564275 7
1.782720 -0.790575 1.566210 7
1.738221 -0.795933 1.565290 7
1.698735 -0.787139 1.568351 7
1.647567 -0.815462 1.560988 7
1.607258 -0.811061 1.562830 7
1.484044 -1.088430 1.485375 5
1.449278 -1.076110 1.489419 5
1.410483 -1.078295 1.489387 5
1.371908 -1.080548 1.489342 5
1.333028 -1.084918 1.488707 5
1.300955 -1.062204 1.495722 5
1.266237 -1.049585 1.499902 5
1.217775 -1.098809 1.486616 5
1.184440 -1.081637 1.492096 5
1.161347 -1.012111 1.512405 5
1.174248 -0.745689 1.588500 7
1.140353 -0.710597 1.599155 7
1.096409 -0.731522 1.593949 7
1.056227 -0.732198 1.594489 7
1.024143 -0.679181 1.610281 7
0.983938 -0.677868 1.611414 7
0.944672 -0.669794 1.614478 7
0.902340 -0.687102 1.610335 7
0.862717 -0.683316 1.612198 7
0.822528 -0.685318 1.612425 7
0.782088 -0.691423 1.611490 7
0.738137 -0.745121 1.596985 7
0.703794 -0.673401 1.618273 7
0.658673 -0.764729 1.593018 7
0.622574 -0.705589 1.610756 7
0.583845 -0.685751 1.617284 7
0.543677 -0.704642 1.612741 7
0.504613 -0.682983 1.619821 7
0.464505 -0.743748 1.603282 7
0.425321 -0.687211 1.620395 7
0.388298 -0.894596 1.561731 7
0.354459 -1.059661 1.515149 5
0.316956 -1.011001 1.529995 5
0.282978 -1.068755 1.514230 5
0.247944 -1.085007 1.510410 5
0.208964 -1.033644 1.526096 5
0.174506 -1.059371 1.519564 5
0.135753 -1.027554 1.529657 5
0.101906 -1.056171 1.522300 5
0.067221 -1.071681 1.518733 5
0.008290 -0.870559 1.577934 7
-0.032821 -0.847896 1.585502 7
-0.066970 -0.881593 1.576737 7
-0.109806 -0.850687 1.586736 7
-0.145586 -0.870484 1.582021 7
-0.188161 -0.847086 1.589881 7
-0.228607 -0.839371 1.593199 7
-0.268500 -0.836231 1.595202 7
-0.303869 -0.857341 1.590142 7
-0.336937 -0.888247 1.582222 7
-0.384067 -0.851734 1.594020 7
-0.427027 -0.837749 1.599258 7
-0.464015 -0.850955 1.596551 7
-0.511823 -0.820043 1.606798 7
-0.547242 -0.840425 1.602012 7
-0.614676 -0.740805 1.632520 0
-0.650416 -0.762995 1.627249 0
-0.681915 -0.798919 1.617934 0
-0.727584 -0.785971 1.623033 0
-0.771236 -0.781164 1.625755 0
-0.816962 -0.771043 1.630071 0
-0.840166 -0.829790 1.614022 0
-0.884807 -0.823443 1.617248 0
-1.802537 1.439070 2.292317 1
2.122443 -0.833473 1.599484 7
2.076348 -0.836331 1.598970 7
2.042351 -0.811319 1.606626 7
1.999953 -0.806348 1.608433 7
1.950383 -0.820043 1.604786 7
1.910890 -0.809177 1.608346 7
1.863341 -0.820066 1.605545 7
1.824874 -0.807360 1.609673 7
1.780015 -0.812883 1.608471 7
1.736728 -0.814949 1.608294 7
1.706193 -0.779154 1.619244 7
1.659514 -0.792514 1.615781 7
1.615097 -0.800255 1.613977 7
1.496734 -1.059300 1.538321 5
1.456464 -1.064795 1.537168 5
1.414347 -1.078190 1.533702 5
1.376427 -1.077479 1.534395 5
1.334083 -1.094919 1.529756 5
1.294142 -1.104687 1.527384 5
1.265231 -1.068503 1.538565 5
1.230859 -1.054261 1.543299 5
1.191423 -1.063324 1.541173 5
1.150945 -1.079243 1.537032 5
1.173558 -0.765954 1.630135 7
1.141838 -0.719404 1.644523 7
1.104300 -0.702276 1.650240 7
1.071339 -0.654990 1.664899 7
1.024302 -0.696394 1.653333 7
0.985798 -0.683236 1.657928 7
0.947384 -0.668078 1.663134 7
0.904099 -0.692179 1.656716 7
0.862801 -0.703244 1.654173 7
0.822155 -0.710741 1.652698 7
0.782221 -0.712655 1.652894 7
0.745161 -0.679054 1.663664 7
0.703437 -0.704851 1.656787 7
0.662447 -0.727714 1.650789 7
0.624017 -0.707568 1.657610 7
0.585118 -0.689916 1.663711 7
0.545227 -0.696018 1.662747 7
0.505858 -0.680595 1.668222 7
0.466172 -0.667238 1.673102 7
0.426330 -0.702956 1.663328 7
0.386848 -0.710223 1.662068 7
0.354215 -1.018473 1.570667 5
0.317965 -1.024297 1.569792 5
0.280526 -0.999919 1.577989 5
0.246010 -1.041252 1.566484 5
0.209980 -1.045699 1.566058 5
0.174840 -1.061807 1.562137 5
0.139012 -1.066325 1.561712 5
0.104864 -1.088605 1.555949 5
0.066970 -1.070760 1.562291 5
0.010138 -0.889348 1.618028 7
-0.026687 -0.900817 1.615611 7
-0.069142 -0.869063 1.626275 7
-0.105590 -0.884316 1.622746 7
-0.149994 -0.846575 1.635283 7
-0.182422 -0.887178 1.624100 7
-0.222483 -0.879972 1.627425 7
-0.269862 -0.834716 1.642337 7
-0.303900 -0.863296 1.634835 7
-0.346228 -0.849409 1.640266 7
-0.383120 -0.862743 1.637428 7
-0.426709 -0.846028 1.643772 7
-0.464408 -0.856361 1.641884 7
-0.509002 -0.838737 1.648561 7
-0.552713 -0.826723 1.653554 7
-0.615444 -0.745783 1.679706 0
-0.651980 -0.765362 1.675089 0
-0.698708 -0.749220 1.681457 0
-0.741137 -0.749267 1.682880 0
-0.779095 -0.764394 1.679683 0
-0.806647 -0.811423 1.666660 0
-0.834715 -0.854590 1.654819 0
-0.883177 -0.836815 1.661810 0
-1.753061 1.290646 2.324359 1
-1.796241 1.226336 2.306863 1
2.133240 -0.823446 1.652573 7
2.096982 -0.802879 1.658982 7
2.045587 -0.818014 1.654498 7
1.994380 -0.834400 1.649650 7
1.964932 -0.797824 1.661017 7
1.905417 -0.837818 1.648986 7
1.874966 -0.803477 1.659710 7
1.826704 -0.816853 1.655857 7
1.791374 -0.795171 1.662751 7
1.750561 -0.788968 1.664928 7
1.702589 -0.804868 1.660356 7
1.671437 -0.769917 1.671376 7
1.624415 -0.784833 1.667142 7
1.497503 -1.070625 1.579906 5
1.453432 -1.089369 1.574503 5
1.419379 -1.073935 1.579594 5
1.384048 -1.062811 1.583384 5
1.345683 -1.063426 1.583590 5
1.310029 -1.053681 1.586993 5
1.265332 -1.082610 1.578538 5
1.234227 -1.053874 1.587810 5
1.193670 -1.067620 1.584047 5
1.146127 -1.118186 1.568975 5
1.110262 -1.113847 1.570797 5
1.135243 -0.772968 1.676222 7
1.107836 -0.698972 1.699579 7
1.065808 -0.707564 1.697532 7
1.026167 -0.702185 1.699808 7
0.992903 -0.651099 1.716199 7
0.940592 -0.739982 1.689436 7
0.906816 -0.689302 1.705750 7
0.863137 -0.720796 1.696716 7
0.827363 -0.679568 1.710167 7
0.785136 -0.702438 1.703827 7
0.741956 -0.744125 1.691675 7
0.702366 -0.746468 1.691708 7
0.664198 -0.726066 1.698808 7
0.626662 -0.684850 1.712389 7
0.586199 -0.699289 1.708738 7
0.546651 -0.692408 1.711719 7
0.507736 -0.643809 1.727686 7
0.467172 -0.679647 1.717439 7
0.427277 -0.688579 1.715569 7
0.391241 -1.003178 1.618528 5
0.355842 -1.060989 1.601384 5
0.318160 -1.012304 1.617445 5
0.283132 -1.050226 1.606516 5
0.248281 -1.077576 1.598889 5
0.208907 -1.024299 1.616476 5
0.174177 -1.050506 1.609238 5
0.140271 -1.080917 1.600689 5
0.101903 -1.057269 1.609089 5
0.066946 -1.072068 1.605460 5
0.002858 -0.827475 1.683302 7
-0.029694 -0.879591 1.668042 7
-0.070488 -0.862761 1.674466 7
-0.112399 -0.841270 1.682390 7
-0.145693 -0.879256 1.671601 7
-0.185459 -0.873842 1.674506 7
-0.223972 -0.876951 1.674745 7
-0.267574 -0.852954 1.683577 7
-0.307465 -0.851203 1.685408 7
-0.345879 -0.857523 1.684706 7
-0.379715 -0.885099 1.677281 7
-0.435390 -0.814710 1.700976 7
-0.475204 -0.818037 1.701308 7
-0.513194 -0.829173 1.699178 7
-0.557439 -0.816002 1.704813 7
-0.849130 -0.820137 1.714372 0
-1.763226 1.125727 2.350459 1
-1.789451 1.023232 2.319989 1
-1.808867 0.908528 2.285513 1
2.090460 -0.832369 1.700174 7
2.040678 -0.844056 1.696394 7
1.997481 -0.841213 1.697272 7
1.967008 -0.807146 1.708131 7
1.923539 -0.805439 1.708698 7
1.877416 -0.811524 1.706806 7
1.832124 -0.816537 1.705280 7
1.799526 -0.786775 1.714869 7
1.751270 -0.801641 1.710250 7
1.721882 -0.761336 1.723252 7
1.670381 -0.788155 1.714869 7
1.632423 -0.773872 1.719621 7
1.503587 -1.064138 1.627209 5
1.469729 -1.046570 1.633041 5
1.425299 -1.066603 1.626894 5
1.391809 -1.047834 1.633155 5
1.346758 -1.073547 1.625233 5
1.308037 -1.076333 1.624654 5
1.274009 -1.060031 1.630196 5
1.231637 -1.080276 1.624078 5
1.195985 -1.071663 1.627206 5
1.157552 -1.076618 1.626017 5
1.112931 -1.115081 1.614124 5
1.073987 -1.127376 1.610621 5
1.103084 -0.744248 1.733778 7
1.077309 -0.653865 1.763262 7
1.038045 -0.641511 1.767782 7
0.989037 -0.697631 1.750369 7
0.948453 -0.698585 1.750663 7
0.908362 -0.696360 1.752000 7
0.868169 -0.695446 1.752941 7
0.827387 -0.701045 1.751812 7
0.785843 -0.717250 1.747295 7
0.742394 -0.762488 1.733455 7
0.703473 -0.756127 1.736231 7
0.667198 -0.703393 1.753969 7
0.627492 -0.699987 1.755853 7
0.587827 -0.694561 1.758415 7
0.548517 -0.673680 1.765990 7
0.508458 -0.671424 1.767584 7
0.468397 -0.665168 1.770496 7
0.428947 -1.079664 1.637379 5
0.392630 -1.052840 1.646903 5
0.356777 -1.072427 1.641433 5
0.320801 -1.076419 1.641029 5
0.284697 -1.076087 1.642049 5
0.246628 -1.038899 1.655056 5
0.211918 -1.068290 1.646477 5
0.177599 -1.095488 1.638618 5
0.136717 -1.037293 1.658557 5
0.101287 -1.051204 1.655067 5
0.064296 -1.047889 1.657209 5
0.007715 -0.872860 1.715413 7
-0.031759 -0.866050 1.718803 7
-0.075181 -0.831473 1.731303 7
-0.114124 -0.833646 1.731825 7
-0.150949 -0.849964 1.727740 7
-0.192408 -0.836822 1.733332 7
-0.233390 -0.828683 1.737319 7
-0.270615 -0.842444 1.734143 7
-0.306322 -0.863216 1.728679 7
-0.354737 -0.821055 1.743958 7
-0.396030 -0.816548 1.746882 7
-0.425861 -0.863572 1.732828 7
-0.461660 -0.882092 1.728189 7
-0.510207 -0.848545 1.740796 7
-0.559433 -0.815902 1.753163 7
-1.792804 1.018092 2.392572 1
-1.772587 0.805374 2.323799 1
-1.792641 0.700062 2.291160 1
2.108799 -0.804666 1.759966 7
2.050458 -0.835345 1.749524 7
2.005704 -0.835651 1.749202 7
1.969336 -0.815876 1.755578 7
1.927781 -0.809108 1.757667 7
1.891946 -0.787609 1.764674 7
1.846582 -0.791641 1.763240 7
1.796563 -0.809884 1.757120 7
1.753529 -0.809813 1.757108 7
1.721673 -0.776925 1.768015 7
1.671322 -0.800143 1.760335 7
1.634470 -0.782320 1.766303 7
1.593151 -0.778922 1.767514 7
1.464389 -1.079226 1.667957 5
1.424988 -1.081878 1.667207 5
1.400362 -1.030111 1.684549 5
1.358756 -1.041040 1.681105 5
1.312968 -1.070702 1.671467 5
1.278397 -1.056004 1.676584 5
1.241370 -1.051606 1.678308 5
1.192710 -1.101940 1.661871 5
1.152855 -1.114864 1.657886 5
1.117339 -1.107385 1.660707 5
1.080512 -1.106954 1.661212 5
1.115708 -0.688160 1.800930 7
1.078038 -0.667468 1.808277 7
1.037486 -0.663795 1.809991 7
0.994967 -0.674336 1.807000 7
0.950643 -0.701149 1.798612 7
0.910691 -0.696997 1.800567 7
0.870696 -0.693248 1.802417 7
0.828336 -0.713188 1.796392 7
0.786824 -0.728992 1.791770 7
0.748040 -0.715339 1.797009 7
0.708125 -0.714768 1.797909 7
0.670350 -0.678685 1.810712 7
0.628261 -0.716329 1.798890 7
0.590242 -0.669989 1.815197 7
0.549080 -0.700860 1.805689 7
0.509363 -0.688844 1.810571 7
0.469045 -0.719433 1.801198 7
0.429807 -1.056444 1.688990 5
0.393275 -1.039832 1.695427 5
0.357397 -1.069374 1.686385 5
0.321172 -1.069852 1.687132 5
0.285235 -1.077562 1.685472 5
0.249269 -1.082370 1.684812 5
0.211640 -1.059558 1.693491 5
0.172293 -1.020094 1.707830 5
0.138982 -1.064034 1.694048 5
0.102713 -1.067136 1.694076 5
0.043060 -0.843450 1.770869 7
0.001417 -0.819788 1.780087 7
-0.035828 -0.836340 1.775717 7
-0.071092 -0.865876 1.766962 7
-0.114028 -0.838695 1.777486 7
-0.150695 -0.856434 1.772785 7
-0.189703 -0.858480 1.773446 7
-0.239890 -0.797246 1.795702 7
-0.267870 -0.863156 1.774663 7
-0.310224 -0.849538 1.780769 7
-0.353582 -0.833179 1.787856 7
-0.390542 -0.848591 1.784116 7
-0.433854 -0.835447 1.790186 7
-0.468377 -0.861059 1.783003 7
-0.516107 -0.832255 1.794531 7
-0.552061 -0.851862 1.789466 7
-1.853858 0.992235 2.461621 1
-1.754625 0.595777 2.325701 1
-1.784090 0.519609 2.302087 1
2.106396 -0.824731 1.804397 7
2.070258 -0.803258 1.811358 7
2.024414 -0.804891 1.810375 7
1.984445 -0.792856 1.814149 7
1.940520 -0.791096 1.814413 7
1.899456 -0.782521 1.817066 7
1.848821 -0.800302 1.810663 7
1.805204 -0.800346 1.810416 7
1.763047 -0.796988 1.811379 7
1.729696 -0.767838 1.821269 7
1.688109 -0.763028 1.822802 7
1.650003 -0.747524 1.828056 7
1.598509 -0.776254 1.818098 7
1.478770 -1.043631 1.725913 5
1.438233 -1.048504 1.724246 5
1.396285 -1.059786 1.720403 5
1.371568 -1.005738 1.739111 5
1.322537 -1.046401 1.725201 5
1.280530 -1.061692 1.720067 5
1.234382 -1.097551 1.707870 5
1.199941 -1.083116 1.713047 5
1.154002 -1.124254 1.699085 5
1.114480 -1.137424 1.694796 5
1.086506 -1.089727 1.711543 5
1.119730 -0.682523 1.852435 7
1.081473 -0.664406 1.859080 7
1.033343 -0.709599 1.843892 7
0.999184 -0.663502 1.860272 7
0.956736 -0.674095 1.857101 7
0.914973 -0.681632 1.855017 7
0.870235 -0.718216 1.842916 7
0.826623 -0.751847 1.831859 7
0.786013 -0.760617 1.829432 7
0.747833 -0.742059 1.836500 7
0.711295 -0.695356 1.853363 7
0.670817 -0.699526 1.852634 7
0.632892 -0.654681 1.868943 7
0.592211 -0.657490 1.868760 7
0.550615 -0.694461 1.856743 7
0.510665 -0.685357 1.860759 7
0.470532 -0.676951 1.864569 7
0.430684 -1.032513 1.741750 5
0.393706 -1.007025 1.751498 5
0.357664 -1.049604 1.737568 5
0.320645 -1.034728 1.743686 5
0.285753 -1.078494 1.729376 5
0.246886 -1.029433 1.747499 5
0.211457 -1.052307 1.740533 5
0.174079 -1.042511 1.745018 5
0.143081 -1.112987 1.721430 5
0.105412 -1.096780 1.728214 5
0.048672 -0.899536 1.798554 7
0.009534 -0.893908 1.801770 7
-0.033084 -0.861781 1.814339 7
-0.069883 -0.878738 1.809697 7
-0.108376 -0.882255 1.809812 7
-0.155669 -0.829144 1.829927 7
-0.194850 -0.832572 1.830163 7
-0.233066 -0.841818 1.828379 7
-0.272209 -0.845782 1.828494 7
-0.315111 -0.830934 1.835308 7
-0.353660 -0.839359 1.833921 7
-0.397617 -0.822874 1.841410 7
-0.440977 -0.811293 1.847211 7
-0.477620 -0.829594 1.842428 7
-0.518446 -0.830342 1.843926 7
-2.059708 1.484242 2.716106 1
-1.889082 0.903832 2.508401 1
-1.743706 0.412793 2.332668 1
-1.773232 0.342312 2.310306 1
-1.798734 0.265600 2.285638 1
2.102150 -0.848964 1.847213 7
2.072790 -0.811976 1.859828 7
2.031046 -0.803573 1.862225 7
1.981654 -0.814496 1.857736 7
1.938007 -0.812261 1.858010 7
1.907823 -0.775338 1.870752 7
1.863549 -0.775159 1.870371 7
1.814226 -0.789936 1.864679 7
1.771099 -0.788616 1.864792 7
1.732807 -0.773603 1.869848 7
1.674521 -0.820123 1.852928 7
1.640063 -0.794576 1.861833 7
1.591326 -0.815292 1.854230 7
1.487067 -1.029355 1.777527 5
1.449608 -1.022187 1.779983 5
1.403226 -1.048371 1.770551 5
1.354131 -1.088001 1.756348 5
1.315460 -1.089687 1.755749 5
1.274344 -1.102587 1.751175 5
1.242606 -1.075949 1.760774 5
1.189808 -1.145150 1.736137 5
1.155023 -1.134301 1.740159 5
1.116713 -1.141121 1.737896 5
1.082317 -1.128150 1.742747 5
1.125807 -0.665226 1.908642 7
1.071621 -0.743020 1.881115 7
1.035326 -0.714981 1.891501 7
0.995652 -0.707388 1.894608 7
0.954267 -0.712367 1.893251 7
0.912555 -0.721671 1.890382 7
0.871770 -0.725153 1.889634 7
0.829133 -0.748450 1.881818 7
0.791389 -0.723910 1.891193 7
0.752869 -0.703538 1.899117 7
0.712943 -0.698042 1.901745 7
0.674344 -0.669409 1.912723 7
0.633274 -0.679360 1.909883 7
0.593332 -0.666873 1.915146 7
0.543871 -0.968813 1.807316 5
0.506025 -0.989261 1.800742 5
0.468668 -1.002902 1.796647 5
0.431632 -1.059891 1.776954 5
0.394680 -1.020980 1.791864 5
0.358785 -1.069283 1.775346 5
0.320346 -1.006331 1.799030 5
0.284758 -1.043084 1.786737 5
0.247633 -1.036468 1.790152 5
0.212834 -1.070106 1.779031 5
0.177179 -1.083084 1.775415 5
0.139555 -1.069670 1.781399 5
0.101505 -1.055298 1.787777 5
0.044471 -0.860470 1.859776 7
0.009002 -0.891734 1.849712 7
-0.032129 -0.872759 1.857957 7
-0.072551 -0.862718 1.863001 7
-0.114491 -0.844333 1.871137 7
-0.149182 -0.875928 1.861076 7
-0.193732 -0.844655 1.874018 7
-0.233931 -0.842580 1.876340 7
-0.271401 -0.856121 1.872985 7
-0.304807 -0.889590 1.862351 7
-0.357142 -0.829165 1.886221 7
-0.393924 -0.846669 1.881530 7
-0.439854 -0.823314 1.891915 7
-0.471913 -0.860714 1.879965 7
-0.524941 -0.811889 1.899863 7
-2.113021 1.423414 2.780024 1
-1.945776 0.868042 2.573932 1
-1.789463 0.366095 2.387406 1
-1.763432 0.175428 2.318650 1
-1.781402 0.087591 2.288890 1
2.069825 -0.833576 1.903704 7
2.031907 -0.816236 1.909342 7
2.000141 -0.783560 1.920729 7
1.959966 -0.771178 1.924610 7
1.893935 -0.826623 1.903335 7
1.854376 -0.814876 1.907083 7
1.800951 -0.841854 1.896499 7
1.756480 -0.845661 1.894569 7
1.717063 -0.835515 1.897865 7
1.671870 -0.843253 1.894571 7
1.630434 -0.840388 1.895257 7
1.581954 -0.861376 1.887146 7
1.483033 -1.057552 1.814155 5
1.439258 -1.073527 1.808008 5
1.402599 -1.065191 1.810912 5
1.358383 -1.086048 1.803042 5
1.320925 -1.082262 1.804342 5
1.283578 -1.078397 1.805712 5
1.239596 -1.104127 1.796161 5
1.192687 -1.146646 1.780430 5
1.167303 -1.089670 1.801594 5
1.125264 -1.112551 1.793215 5
1.102037 -1.036912 1.821376 5
1.061381 -1.052922 1.815623 5
1.081107 -0.702974 1.945535 7
1.040907 -0.696992 1.948035 7
0.969003 -0.912737 1.868371 5
0.929672 -0.917325 1.867019 5
0.900406 -0.841078 1.895692 7
0.854638 -0.898987 1.874642 7
0.834773 -0.714459 1.943611 7
0.792538 -0.734087 1.936860 7
0.754159 -0.711911 1.945676 7
0.712154 -0.735318 1.937600 7
0.677278 -0.649725 1.970087 7
0.634639 -0.684378 1.957916 7
0.580202 -1.031695 1.829407 5
0.542680 -1.051378 1.822807 5
0.506126 -1.043046 1.826677 5
0.469147 -1.062675 1.820165 5
0.432531 -1.030096 1.833161 5
0.395405 -1.012115 1.840762 5
0.359331 -1.061860 1.823114 5
0.321610 -1.027313 1.836990 5
0.284482 -1.024648 1.838998 5
0.248067 -1.037449 1.835258 5
0.211839 -1.049711 1.831754 5
0.175444 -1.056843 1.830207 5
0.139170 -1.064343 1.828558 5
0.084862 -0.876759 1.900235 7
0.047392 -0.890455 1.896399 7
0.005201 -0.860791 1.908917 7
-0.034353 -0.858084 1.911346 7
-0.070031 -0.885380 1.902507 7
-0.113589 -0.855023 1.915458 7
-0.156763 -0.831959 1.925725 7
-0.195323 -0.840393 1.924140 7
-0.232342 -0.857321 1.919378 7
-0.284465 -0.792163 1.945781 7
-0.320211 -0.817766 1.937829 7
-0.357385 -0.834639 1.933223 7
-0.400233 -0.824665 1.938870 7
-0.437937 -0.838818 1.935382 7
-0.474031 -0.859172 1.929565 7
-2.160535 1.350179 2.838813 1
-1.981599 0.785038 2.621229 1
-1.838408 0.326885 2.445021 1
-1.754429 0.017647 2.326992 1
-1.799606 -0.008729 2.320540 1
-1.801529 -0.122360 2.279509 1
2.069828 -0.848239 1.950122 7
2.042764 -0.805037 1.965772 7
2.010383 -0.773264 1.977052 7
1.947753 -0.817071 1.959259 7
1.900344 -0.824682 1.955478 7
1.849109 -0.843907 1.947286 7
1.820421 -0.802612 1.962434 7
1.765062 -0.835894 1.948950 7
1.722272 -0.835010 1.948660 7
1.683830 -0.821563 1.953249 7
1.640757 -0.822674 1.952295 7
1.584012 -0.869636 1.933794 7
1.487378 -1.057059 1.861453 5
1.441317 -1.080584 1.852078 5
1.393959 -1.111545 1.839901 5
1.367714 -1.064721 1.857605 5
1.311323 -1.135411 1.830290 5
1.273131 -1.136980 1.829528 5
1.243935 -1.099962 1.843603 5
1.199703 -1.129217 1.832317 5
1.166007 -1.111233 1.839183 5
1.141849 -1.043383 1.865207 5
1.103541 -1.044796 1.864727 5
1.064384 -1.051963 1.862085 5
1.032135 -1.018782 1.874957 5
0.993130 -1.025682 1.872507 5
0.968443 -0.934623 1.907670 5
0.925340 -0.968310 1.895038 5
0.883438 -0.998657 1.883727 5
0.843457 -1.018256 1.876578 5
0.821965 -0.861593 1.937140 7
0.788813 -0.797410 1.962269 7
0.749538 -0.792862 1.964551 7
0.710562 -0.783589 1.968696 7
0.672089 -0.763745 1.976956 7
0.631928 -0.769916 1.975262 7
0.579301 -1.087920 1.853601 5
0.542713 -1.091895 1.852780 5
0.507048 -1.054537 1.867924 5
0.470208 -1.060168 1.866558 5
0.433489 -1.075256 1.861584 5
0.396418 -1.029109 1.880283 5
0.358978 -1.011089 1.888186 5
0.322539 -1.037617 1.878925 5
0.286846 -1.069666 1.867559 5
0.249244 -1.052731 1.875181 5
0.214694 -1.091309 1.861352 5
0.175921 -1.061165 1.874190 5
0.141631 -1.093480 1.862855 5
0.082289 -0.849695 1.958786 7
0.047422 -0.892424 1.943549 7
0.006421 -0.874097 1.952089 7
-0.032936 -0.872820 1.954052 7
-0.071124 -0.881163 1.952315 7
-0.112004 -0.870449 1.958061 7
-0.151950 -0.867921 1.960669 7
-0.191642 -0.867981 1.962318 7
-0.233144 -0.858510 1.967753 7
-0.271523 -0.867552 1.965990 7
-0.314713 -0.852025 1.973918 7
-0.356946 -0.843428 1.979193 7
-0.406627 -0.802411 1.997293 7
-0.443366 -0.822335 1.991472 7
-0.486711 -0.813773 1.996930 7
-1.619509 -0.040844 2.360204 1
-1.639997 -0.119114 2.332303 1
-1.689444 -0.132807 2.330779 1
-1.735900 -0.153035 2.326648 1
-1.781380 -0.175263 2.321758 1
-1.795240 -0.259645 2.291320 1
1.963769 -0.791538 2.021616 7
1.910963 -0.811950 2.012435 7
1.856629 -0.838581 2.000849 7
1.825165 -0.804522 2.013497 7
1.766618 -0.846394 1.995980 7
1.730665 -0.825247 2.003600 7
1.685732 -0.830873 2.000629 7
1.642315 -0.832929 1.999137 7
1.603425 -0.821124 2.003207 7
1.553931 -0.845280 1.993055 7
1.440318 -1.098511 1.892058 5
1.398358 -1.109760 1.887177 5
1.360268 -1.107888 1.887554 5
1.318876 -1.119769 1.882528 5
1.273121 -1.151660 1.869622 5
1.241532 -1.125406 1.879817 5
1.198095 -1.151587 1.869276 5
1.178009 -1.068680 1.902020 5
1.145588 -1.040178 1.913248 5
1.105104 -1.052433 1.908374 5
1.071066 -1.030230 1.917204 5
1.036205 -1.010908 1.924942 5
0.987306 -1.080391 1.897532 5
0.951079 -1.072885 1.900684 5
0.922544 -1.007485 1.926838 5
0.882891 -1.021812 1.921435 5
0.849313 -0.985796 1.936046 5
0.812479 -0.974940 1.940731 5
0.787469 -0.834414 1.996928 7
0.750697 -0.802581 2.010061 7
0.712358 -0.784213 2.017906 7
0.671229 -0.805885 2.009901 7
0.624475 -0.947033 1.954453 5
0.581512 -1.067244 1.907330 5
0.544779 -1.065371 1.908779 5
0.507459 -1.091313 1.899206 5
0.471075 -1.077993 1.905306 5
0.434422 -1.078503 1.905949 5
0.397845 -1.085743 1.903957 5
0.361358 -1.090751 1.902900 5
0.323116 -1.036511 1.925547 5
0.286976 -1.060789 1.916899 5
0.250474 -1.069054 1.914690 5
0.214006 -1.075764 1.913147 5
0.177923 -1.086564 1.910012 5
0.125565 -0.898280 1.986734 7
0.084891 -0.878328 1.996096 7
0.047061 -0.890621 1.992576 7
0.007735 -0.888241 1.994999 7
-0.031895 -0.884533 1.998013 7
-0.072015 -0.878483 2.002030 7
-0.111290 -0.879862 2.003110 7
-0.151793 -0.873901 2.007210 7
-0.195169 -0.852130 2.017762 7
-0.237623 -0.838930 2.024925 7
-0.272033 -0.870925 2.013847 7
-0.319814 -0.832671 2.031294 7
-0.350974 -0.878769 2.014577 7
-0.401503 -0.832810 2.035316 7
-0.444888 -0.822960 2.041460 7
-1.485272 -0.106863 2.388656 1
-1.513868 -0.167135 2.367391 1
-1.571194 -0.160915 2.374134 1
-1.605138 -0.206939 2.358928 1
-1.639557 -0.250576 2.344747 1
-1.685385 -0.269444 2.341094 1
-1.726702 -0.297464 2.333617 1
-1.757901 -0.344973 2.317882 1
-1.781408 -0.405904 2.296419 1
1.925014 -0.790569 2.073786 7
1.875552 -0.802999 2.067496 7
1.830686 -0.804415 2.065816 7
1.785494 -0.807697 2.063436 7
1.735298 -0.826746 2.054641 7
1.687813 -0.839699 2.048425 7
1.643790 -0.843498 2.046039 7
1.595939 -0.860881 2.038141 7
1.556991 -0.850249 2.041807 7
1.516955 -0.843421 2.043971 7
1.405593 -1.097744 1.939118 5
1.357453 -1.133180 1.924112 5
1.326901 -1.102514 1.936257 5
1.277660 -1.147454 1.917478 5
1.245458 -1.123245 1.927083 5
1.212717 -1.099845 1.936408 5
1.182035 -1.064894 1.950514 5
1.147280 -1.047493 1.957486 5
1.112847 -1.027130 1.965723 5
1.077153 -1.012207 1.971787 5
1.030854 -1.059987 1.952238 5
0.996157 -1.040378 1.960329 5
0.955932 -1.056774 1.953733 5
0.919957 -1.044876 1.958775 5
0.882424 -1.044246 1.959256 5
0.845899 -1.035374 1.963167 5
0.801681 -1.099911 1.937057 5
0.771552 -1.027985 1.966908 5
0.730332 -1.073049 1.948873 5
0.694907 -1.051542 1.958177 5
0.657282 -1.059107 1.955613 5
0.621493 -1.034857 1.966156 5
0.581769 -1.094628 1.942265 5
0.544936 -1.101527 1.940121 5
0.509061 -1.069729 1.953929 5
0.471935 -1.096370 1.943774 5
0.435361 -1.096853 1.944422 5
0.398576 -1.076202 1.953823 5
0.362115 -1.092662 1.947999 5
0.325646 -1.098490 1.946603 5
0.287965 -1.072627 1.958330 5
0.251835 -1.087896 1.953146 5
0.214052 -1.072022 1.960873 5
0.157804 -0.805612 2.072262 7
0.119657 -0.826013 2.065198 7
0.082896 -0.857497 2.053587 7
0.045791 -0.880050 2.045715 7
0.006720 -0.881918 2.046469 7
-0.031407 -0.891799 2.043951 7
-0.074916 -0.860928 2.058434 7
-0.108836 -0.901283 2.043351 7
-0.149431 -0.894069 2.048119 7
-0.193265 -0.869030 2.060394 7
-0.231173 -0.881227 2.057200 7
-0.276533 -0.853062 2.070940 7
-0.317441 -0.851141 2.073782 7
-0.354536 -0.868416 2.068641 7
-0.402618 -0.834769 2.084933 7
-0.447470 -0.819046 2.093793 7
-1.300658 -0.176780 2.409758 1
-1.342623 -0.204083 2.401942 1
-1.370863 -0.264117 2.380019 1
-1.422636 -0.266249 2.383191 1
-1.473878 -0.270475 2.385554 1
-1.510576 -0.307904 2.373553 1
-1.553753 -0.330278 2.368158 1
-1.570009 -0.409380 2.338004 1
-1.631334 -0.392614 2.349843 1
-1.660451 -0.442333 2.332597 1
-1.713838 -0.443096 2.336934 1
-1.734555 -0.507177 2.313403 1
-1.795073 -0.495067 2.323602 1
-1.807089 -0.572694 2.294079 1
1.901639 -0.866004 2.094975 8
1.893655 -0.770017 2.134511 7
1.829870 -0.821834 2.111178 7
1.790069 -0.809953 2.115030 7
1.743572 -0.817719 2.110601 7
1.704229 -0.805198 2.114860 7
1.659195 -0.810461 2.111637 7
1.616869 -0.808141 2.111703 7
1.565944 -0.835455 2.099278 7
1.529045 -0.816594 2.106492 7
1.482917 -0.830643 2.099831 7
1.357545 -1.147374 1.965127 5
1.318297 -1.151365 1.962910 5
1.281718 -1.145408 1.964962 5
1.248952 -1.123110 1.973982 5
1.222604 -1.070199 1.995998 5
1.188720 -1.048582 2.004837 5
1.147945 -1.060057 1.999748 5
1.110970 -1.053363 2.002397 5
1.072066 -1.057483 2.000535 5
1.037051 -1.039542 2.008054 5
0.998117 -1.045000 2.005745 5
0.956427 -1.070881 1.994864 5
0.919997 -1.062633 1.998462 5
0.882219 -1.064524 1.997833 5
0.848347 -1.033325 2.011248 5
0.806921 -1.069294 1.996330 5
0.762991 -1.140806 1.966434 5
0.727595 -1.128229 1.972145 5
0.690794 -1.132089 1.970961 5
0.654407 -1.131336 1.971784 5
0.620746 -1.078566 1.994687 5
0.583195 -1.093697 1.988904 5
0.546633 -1.088032 1.991985 5
0.510091 -1.076608 1.997566 5
0.473288 -1.068368 2.001860 5
0.436313 -1.073262 2.000640 5
0.399445 -1.079290 1.998994 5
0.361892 -1.046163 2.014041 5
0.325806 -1.083782 1.999082 5
0.290240 -1.115762 1.986558 5
0.251200 -1.067944 2.008056 5
0.197110 -0.793195 2.126362 7
0.157416 -0.797718 2.125797 7
0.121378 -0.846135 2.106554 7
0.077084 -0.795634 2.129607 7
0.042925 -0.854065 2.106172 7
0.003383 -0.855239 2.107269 7
-0.033314 -0.879830 2.098393 7
-0.072453 -0.883217 2.098658 7
-0.116287 -0.854565 2.112747 7
-0.148541 -0.904787 2.093015 7
-0.192416 -0.879596 2.105765 7
-0.239022 -0.842764 2.123627 7
-0.279227 -0.844931 2.124767 7
-0.320060 -0.844469 2.127111 7
-0.358330 -0.857061 2.123877 7
-0.403677 -0.837040 2.134832 7
-1.143206 -0.190610 2.454113 1
-1.187787 -0.210252 2.449302 1
-1.220002 -0.262412 2.430126 1
-1.256076 -0.302480 2.416337 1
-1.294466 -0.335379 2.405775 1
-1.330866 -0.372163 2.393521 1
-1.376325 -0.386524 2.391341 1
-1.425038 -0.393620 2.392502 1
-1.456062 -0.440653 2.375796 1
-1.501763 -0.454380 2.374120 1
-1.537927 -0.488468 2.363325 1
-1.582152 -0.505232 2.360421 1
-1.627237 -0.520410 2.358316 1
-1.652594 -0.574310 2.338661 1
-1.671930 -0.638006 2.314524 1
-1.736181 -0.616221 2.329494 1
-1.756537 -0.676006 2.307190 1
-1.793322 -0.704906 2.299080 1
1.914437 -0.730352 2.205903 7
1.846197 -0.792427 2.177144 7
1.798098 -0.802596 2.171294 7
1.751534 -0.809822 2.166821 7
1.696981 -0.842478 2.151286 7
1.662294 -0.816257 2.161634 7
1.620103 -0.813233 2.161889 7
1.576738 -0.814749 2.160232 7
1.529967 -0.829085 2.153045 7
1.483208 -0.845346 2.145097 7
1.440036 -0.850217 2.142202 7
1.328851 -1.124427 2.021791 5
1.292525 -1.115719 2.025012 5
1.262427 -1.080076 2.040048 5
1.227237 -1.064715 2.046293 5
1.194221 -1.038188 2.057469 5
1.155376 -1.038759 2.056892 5
1.112101 -1.063592 2.045804 5
1.074028 -1.062950 2.045886 5
1.031540 -1.089306 2.034266 5
0.996534 -1.072297 2.041607 5
0.958976 -1.070993 2.042168 5
0.927460 -1.025769 2.061931 5
0.885577 -1.056354 2.048720 5
0.849049 -1.046667 2.053123 5
0.809209 -1.067477 2.044295 5
0.761656 -1.175657 1.997430 5
0.723600 -1.197963 1.988057 5
0.692051 -1.138431 2.014439 5
0.656835 -1.118306 2.023702 5
0.623456 -1.055875 2.051499 5
0.586396 -1.050907 2.054284 5
0.548311 -1.075817 2.044080 5
0.511527 -1.064696 2.049677 5
0.474409 -1.063920 2.050817 5
0.437276 -1.065176 2.051130 5
0.400122 -1.062118 2.053394 5
0.363660 -1.097229 2.039001 5
0.325986 -1.069360 2.052259 5
0.288415 -1.058845 2.057985 5
0.238588 -0.814306 2.166524 7
0.195973 -0.769803 2.187406 7
0.160897 -0.843452 2.156433 7
0.116858 -0.790641 2.181132 7
0.080319 -0.831079 2.164863 7
0.036469 -0.793417 2.183069 7
0.000421 -0.831902 2.167768 7
-0.035934 -0.862178 2.156131 7
-0.075403 -0.865407 2.156500 7
-0.114573 -0.870967 2.155905 7
-0.154917 -0.869002 2.158712 7
-0.196456 -0.860876 2.164329 7
-0.239902 -0.843737 2.174033 7
-0.279744 -0.848454 2.174107 7
-0.324171 -0.830384 2.184403 7
-0.360242 -0.854782 2.175850 7
-0.401746 -0.852924 2.179075 7
-1.010175 -0.293108 2.461846 1
-1.059703 -0.294675 2.464943 1
-1.080352 -0.378433 2.430657 1
-1.133565 -0.369009 2.438909 1
-1.189214 -0.354670 2.449536 1
-1.211328 -0.428085 2.420028 1
-1.255951 -0.442140 2.417787 1
-1.301204 -0.454807 2.416269 1
-1.337675 -0.488311 2.405211 1
-1.381038 -0.505193 2.401894 1
-1.416795 -0.538985 2.390807 1
-1.438842 -0.601528 2.366383 1
-1.498135 -0.583448 2.379546 1
-1.531636 -0.620077 2.367285 1
-1.577107 -0.631924 2.366680 1
-1.606884 -0.674683 2.351637 1
-1.629448 -0.729994 2.330693 1
-1.699264 -0.696119 2.351902 1
-1.744186 -0.709822 2.350774 1
-1.755188 -0.783700 2.321127 1
-1.774391 -0.840997 2.299316 1
1.875043 -0.729342 2.259734 7
1.805169 -0.798142 2.226983 7
1.748510 -0.834040 2.209259 7
1.706020 -0.830699 2.209389 7
1.661694 -0.833663 2.206750 7
1.618658 -0.833520 2.205598 7
1.564323 -0.871970 2.187114 7
1.527487 -0.853446 2.194421 7
1.490064 -0.836365 2.201147 7
1.440452 -0.864536 2.187561 7
1.396512 -0.873688 2.182627 7
1.363284 -0.840518 2.196817 7
1.264224 -1.087706 2.084958 5
1.230973 -1.063478 2.095300 5
1.198701 -1.032878 2.108571 5
1.151666 -1.073381 2.089949 5
1.115426 -1.062319 2.094574 5
1.081325 -1.038734 2.104893 5
1.038834 -1.062720 2.093909 5
0.998706 -1.075703 2.087938 5
0.962356 -1.065625 2.092394 5
0.924169 -1.068169 2.091247 5
0.890160 -1.038731 2.104533 5
0.848294 -1.072664 2.089423 5
0.811452 -1.066295 2.092483 5
0.766623 -1.143670 2.057982 5
0.725241 -1.200053 2.032968 5
0.693063 -1.148251 2.056638 5
0.660701 -1.082980 2.086442 5
0.625477 -1.046861 2.103219 5
0.587852 -1.050348 2.102252 5
0.549984 -1.064439 2.096578 5
0.512815 -1.060550 2.099062 5
0.475592 -1.055241 2.102255 5
0.438260 -1.049139 2.105876 5
0.401081 -1.072768 2.096156 5
0.364702 -1.112542 2.079203 5
0.318989 -0.818089 2.213252 7
0.278901 -0.812740 2.216886 7
0.239535 -0.824429 2.212891 7
0.197623 -0.791548 2.229135 7
0.158590 -0.808899 2.222721 7
0.119179 -0.818011 2.220104 7
0.080343 -0.832000 2.215341 7
0.038253 -0.812453 2.225876 7
0.001967 -0.848166 2.211375 7
-0.039212 -0.839309 2.217206 7
-0.078716 -0.844986 2.216499 7
-0.120249 -0.836669 2.222247 7
-0.159792 -0.842960 2.221411 7
-0.203832 -0.822298 2.232972 7
-0.241319 -0.841747 2.226270 7
-0.282044 -0.842569 2.228166 7
-0.329227 -0.811671 2.244705 7
-0.366352 -0.832600 2.237539 7
-0.935338 -0.381352 2.477650 1
-0.970938 -0.421335 2.462756 1
-1.026370 -0.401954 2.475752 1
-1.058382 -0.450570 2.456926 1
-1.101624 -0.466475 2.453528 1
-1.136493 -0.504393 2.439818 1
-1.170019 -0.544374 2.425169 1
-1.209319 -0.568596 2.418025 1
-1.252550 -0.582872 2.415672 1
-1.306511 -0.572161 2.425311 1
-1.336912 -0.616574 2.408769 1
-1.374472 -0.643664 2.400539 1
-1.395492 -0.705854 2.375521 1
-1.437618 -0.721468 2.372889 1
-1.487659 -0.721050 2.378078 1
-1.523044 -0.750760 2.368822 1
-1.562890 -0.771280 2.364077 1
-1.606598 -0.784431 2.362995 1
-1.650393 -0.797743 2.361933 1
-1.669295 -0.856223 2.338870 1
-1.731459 -0.836817 2.354003 1
-1.789242 -0.826815 2.364709 1
-1.832414 -0.842774 2.362771 1
1.830424 -0.743000 2.307024 7
1.767896 -0.793416 2.281822 7
1.706232 -0.845573 2.255942 7
1.670159 -0.823014 2.264993 7
1.634665 -0.797790 2.275356 7
1.571652 -0.863136 2.243668 7
1.535609 -0.841092 2.252723 7
1.488173 -0.859086 2.243253 7
1.452009 -0.837153 2.252412 7
1.404066 -0.860175 2.240785 7
1.365688 -0.847006 2.246035 7
1.324776 -0.844239 2.246540 7
1.235754 -1.057721 2.146928 5
1.191552 -1.082584 2.134829 5
1.154154 -1.077076 2.136876 5
1.115049 -1.080647 2.134793 5
1.075763 -1.086391 2.131780 5
1.031685 -1.121918 2.115059 5
0.994995 -1.116361 2.117425 5
0.963236 -1.077395 2.135318 5
0.925832 -1.074251 2.136710 5
0.887841 -1.075945 2.135935 5
0.850188 -1.075773 2.136097 5
0.811171 -1.089215 2.130031 5
0.774219 -1.084653 2.132366 5
0.727722 -1.192414 2.082786 5
0.695502 -1.138934 2.107901 5
0.659421 -1.129184 2.112847 5
0.627476 -1.038714 2.155257 5
0.588822 -1.061484 2.145295 5
0.551279 -1.065385 2.144143 5
0.513185 -1.098861 2.129346 5
0.476495 -1.072107 2.142552 5
0.439266 -1.030879 2.162561 5
0.401810 -1.058264 2.150794 5
0.358976 -0.784799 2.278910 7
0.319590 -0.815487 2.265812 7
0.279632 -0.817024 2.266340 7
0.241054 -0.845689 2.254310 7
0.201531 -0.849981 2.253698 7
0.159889 -0.824348 2.267122 7
0.121896 -0.850189 2.256612 7
0.080958 -0.839273 2.263337 7
0.039075 -0.822207 2.273029 7
-0.003540 -0.802629 2.283994 7
-0.044262 -0.802314 2.286031 7
-0.080076 -0.839083 2.270750 7
-0.120761 -0.837886 2.273348 7
-0.163406 -0.825099 2.281483 7
-0.198720 -0.858528 2.267953 7
-0.237460 -0.869450 2.265080 7
-0.283579 -0.840819 2.280955 7
-0.327807 -0.825529 2.290646 7
-0.895518 -0.515020 2.473428 1
-0.938803 -0.527760 2.471188 1
-0.982045 -0.540673 2.468953 1
-1.033738 -0.529957 2.478253 1
-1.065621 -0.574590 2.460822 1
-1.108835 -0.587573 2.458814 1
-1.148780 -0.609012 2.452774 1
-1.190398 -0.625957 2.449003 1
-1.233677 -0.638849 2.447302 1
-1.280666 -0.643271 2.449855 1
-1.309429 -0.689720 2.431837 1
-1.354440 -0.698710 2.432317 1
-1.390513 -0.727342 2.423188 1
-1.445104 -0.716688 2.433605 1
-1.486388 -0.734620 2.429967 1
-1.535654 -0.736750 2.434299 1
-1.564943 -0.778373 2.419012 1
-1.608841 -0.791339 2.418123 1
-1.638114 -0.831551 2.403632 1
-1.708776 -0.796459 2.427171 1
-2.003259 -0.371535 2.648321 1
-1.871260 -0.697827 2.489486 1
-1.849520 -0.825681 2.430855 1
-1.896468 -0.836453 2.431812 1
1.780940 -0.771549 2.347092 7
1.721430 -0.815849 2.324064 7
1.671763 -0.833777 2.313827 7
1.634882 -0.812987 2.322264 7
1.583304 -0.840203 2.307779 7
1.533027 -0.865878 2.294144 7
1.493761 -0.854992 2.298109 7
1.446713 -0.873049 2.288319 7
1.422122 -0.806070 2.319262 7
1.365555 -0.863921 2.290641 7
1.324093 -0.863699 2.289858 7
1.281322 -0.870101 2.286001 7
1.238054 -0.880280 2.280430 7
1.152398 -1.101883 2.174144 5
1.120259 -1.069796 2.188926 5
1.075386 -1.105084 2.171673 5
1.032838 -1.131892 2.158546 5
1.002162 -1.088520 2.178931 5
0.966783 -1.071285 2.186940 5
0.929135 -1.068572 2.188108 5
0.891384 -1.066950 2.188835 5
0.852888 -1.072152 2.186389 5
0.812705 -1.095000 2.175616 5
0.775916 -1.088160 2.179058 5
0.730911 -1.176788 2.137096 5
0.699817 -1.104873 2.171692 5
0.661921 -1.116088 2.166758 5
0.627397 -1.069679 2.189369 5
0.591041 -1.043878 2.202243 5
0.554054 -1.021579 2.213531 5
0.515648 -1.042800 2.204134 5
0.477736 -1.060615 2.196431 5
0.440633 -0.769160 2.336553 7
0.400283 -0.792910 2.326233 7
0.361090 -0.851199 2.299461 7
0.320597 -0.826160 2.312620 7
0.280123 -0.815257 2.319107 7
0.240743 -0.831063 2.312884 7
0.200797 -0.832983 2.313394 7
0.158859 -0.807423 2.327180 7
0.119898 -0.825209 2.320243 7
0.077084 -0.798312 2.334866 7
0.041293 -0.845441 2.313965 7
-0.001911 -0.819674 2.328232 7
-0.043404 -0.812757 2.333519 7
-0.081850 -0.830188 2.327143 7
-0.123057 -0.826944 2.330832 7
-0.166870 -0.808296 2.342072 7
-0.203159 -0.837710 2.330130 7
-0.249998 -0.805188 2.348299 7
-0.283011 -0.850261 2.328897 7
-0.941830 -0.528613 2.529658 1
-0.982951 -0.548080 2.524180 1
-1.031163 -0.547354 2.528856 1
-1.065992 -0.583812 2.515070 1
-1.114603 -0.582775 2.520113 1
-1.147182 -0.623482 2.504324 1
-1.190924 -0.635153 2.503184 1
-1.239332 -0.635887 2.507664 1
-1.282706 -0.649219 2.505904 1
-1.327756 -0.658950 2.506071 1
-1.352086 -0.714677 2.482967 1
-1.421574 -0.671657 2.510187 1
-1.434321 -0.750133 2.475569 1
-1.497039 -0.724027 2.494476 1
-1.738503 -0.346544 2.694202 1
-1.806098 -0.324372 2.712055 1
-1.849791 -0.349326 2.705782 1
-1.914466 -0.335641 2.719639 1
-1.965219 -0.348634 2.719840 1
-2.035731 -0.327569 2.737952 1
-2.052681 -0.400047 2.707347 1
-1.948525 -0.672246 2.571769 1
-1.931289 -0.791464 2.516041 1
-1.948798 -0.851010 2.491621 1
1.771652 -0.814089 2.381699 7
1.727506 -0.813603 2.380033 7
1.681281 -0.820316 2.374913 7
1.635962 -0.825481 2.370664 7
1.583088 -0.856821 2.353608 7
1.539889 -0.858236 2.351426 7
1.497009 -0.859450 2.349441 7
1.448208 -0.883580 2.336274 7
1.405443 -0.887215 2.333299 7
1.370134 -0.861790 2.344706 7
1.327813 -0.864510 2.342363 7
1.293844 -0.831177 2.357820 7
1.244666 -0.866285 2.339757 7
1.205917 -0.854637 2.344743 7
1.163612 -0.860956 2.341002 7
1.075960 -1.118550 2.214135 5
1.037600 -1.120825 2.212590 5
1.003659 -1.096545 2.224144 5
0.969715 -1.069540 2.237112 5
0.934835 -1.045867 2.248527 5
0.889789 -1.098363 2.222702 5
0.851800 -1.101023 2.221379 5
0.818198 -1.063901 2.239632 5
0.775114 -1.117813 2.213357 5
0.739245 -1.101598 2.221527 5
0.703868 -1.075038 2.234853 5
0.663386 -1.119472 2.213455 5
0.628443 -1.079675 2.233438 5
0.594650 -0.995118 2.275473 5
0.555380 -1.022900 2.262486 5
0.517747 -1.005029 2.271985 5
0.482219 -0.784305 2.381216 7
0.441673 -0.794959 2.376930 7
0.401568 -0.830905 2.360291 7
0.360507 -0.778940 2.386971 7
0.321150 -0.821493 2.367240 7
0.282413 -0.857962 2.350567 7
0.241505 -0.837385 2.362081 7
0.200483 -0.822744 2.370771 7
0.161707 -0.844373 2.361652 7
0.119635 -0.821258 2.374718 7
0.077667 -0.805261 2.384375 7
0.042178 -0.855807 2.361188 7
-0.002248 -0.819516 2.381087 7
-0.041773 -0.829404 2.378201 7
-0.083220 -0.824327 2.382832 7
-0.124976 -0.818656 2.387859 7
-0.160849 -0.851988 2.373566 7
-0.203764 -0.839863 2.381992 7
-0.244829 -0.840329 2.384243 7
-0.975527 -0.579580 2.567497 1
-1.032017 -0.555215 2.584501 1
-1.073774 -0.573092 2.579957 1
-1.110125 -0.604918 2.568312 1
-1.146834 -0.634824 2.557718 1
-1.198151 -0.627926 2.566256 1
-1.230941 -0.666617 2.551271 1
-1.283370 -0.658448 2.560727 1
-1.323008 -0.680528 2.554556 1
-1.525028 -0.346023 2.735115 1
-1.585658 -0.332372 2.748373 1
-1.643546 -0.326178 2.757910 1
-1.679127 -0.366514 2.743076 1
-1.751309 -0.333635 2.767045 1
-1.809636 -0.330114 2.775706 1
-1.857545 -0.347384 2.773486 1
-1.927195 -0.325118 2.792512 1
-1.981828 -0.331833 2.796271 1
-2.025131 -0.359088 2.789156 1
-2.103606 -0.326323 2.814517 1
-2.109229 -0.417319 2.773214 1
-1.951822 -0.770099 2.589590 1
-1.978387 -0.815956 2.572104 1
-2.035232 -0.813822 2.580886 1
1.714526 -0.867846 2.407925 7
1.685147 -0.824430 2.428059 7
1.631684 -0.855032 2.410649 7
1.592159 -0.842937 2.415048 7
1.546926 -0.850235 2.409706 7
1.501183 -0.860758 2.402840 7
1.452936 -0.882242 2.390532 7
1.413338 -0.873017 2.393883 7
1.384219 -0.821535 2.418701 7
1.333394 -0.857639 2.399314 7
1.291249 -0.859674 2.397259 7
1.243545 -0.888565 2.381741 7
1.204112 -0.880831 2.384819 7
1.164383 -0.874551 2.387256 7
1.123182 -0.876381 2.385696 7
1.081112 -0.884303 2.381160 7
1.039657 -0.890247 2.377716 7
0.970492 -1.082362 2.280534 5
0.933591 -1.073392 2.284808 5
0.920836 -0.876182 2.384024 7
0.883740 -0.850196 2.397042 7
0.843011 -0.853655 2.395316 7
0.807344 -0.806422 2.419227 7
0.766343 -0.810178 2.417538 7
0.725275 -0.816675 2.414561 7
0.667134 -1.088064 2.278129 5
0.633773 -1.011379 2.317248 5
0.595057 -1.020286 2.313301 5
0.556057 -1.043995 2.301970 5
0.524406 -0.770930 2.440528 7
0.483752 -0.759185 2.447324 7
0.442807 -0.772008 2.441806 7
0.402272 -0.801978 2.427708 7
0.361114 -0.766931 2.446574 7
0.323047 -0.861854 2.399772 7
0.281794 -0.828403 2.418021 7
0.240473 -0.808261 2.429643 7
0.199624 -0.803512 2.433567 7
0.160345 -0.822761 2.425407 7
0.120221 -0.827582 2.424658 7
0.079677 -0.827550 2.426470 7
0.037855 -0.815969 2.434258 7
0.001258 -0.852996 2.417384 7
-0.043034 -0.822931 2.434796 7
-0.082400 -0.834667 2.430992 7
-0.128634 -0.798569 2.451733 7
-0.166353 -0.822338 2.441971 7
-0.205234 -0.836921 2.436989 7
-1.101881 -0.226248 2.813344 1
-1.023746 -0.588534 2.627146 1
-1.065628 -0.605440 2.623040 1
-1.118926 -0.592421 2.634909 1
-1.152775 -0.630316 2.619878 1
-1.304212 -0.378286 2.759446 1
-1.368328 -0.349945 2.780292 1
-1.429384 -0.331301 2.796181 1
-1.493549 -0.307716 2.814939 1
-1.529874 -0.347371 2.799869 1
-1.598167 -0.317859 2.822214 1
-1.634934 -0.356295 2.808017 1
-1.691788 -0.353233 2.816421 1
-1.759620 -0.329787 2.836123 1
-1.815546 -0.331421 2.842381 1
-1.864127 -0.347792 2.840746 1
-1.933127 -0.327207 2.859573 1
-1.979964 -0.348169 2.855748 1
-2.034449 -0.355959 2.859343 1
-2.108420 -0.331445 2.881062 1
-2.152865 -0.358140 2.874544 1
-2.137495 -0.481615 2.814001 1
-2.001201 -0.791988 2.648247 1
-2.034377 -0.827402 2.636365 1
-2.098165 -0.816010 2.651020 1
1.672958 -0.877588 2.456063 7
1.638450 -0.849659 2.468660 7
1.600011 -0.833349 2.475275 7
1.542051 -0.883001 2.447573 7
1.505865 -0.860445 2.457665 7
1.463107 -0.861049 2.455784 7
1.418754 -0.868657 2.450366 7
1.375528 -0.873235 2.446636 7
1.330745 -0.885592 2.438972 7
1.294336 -0.863077 2.449533 7
1.255509 -0.850262 2.455150 7
1.209073 -0.873985 2.441903 7
1.167649 -0.875368 2.440357 7
1.120883 -0.906850 2.423305 7
1.084498 -0.882893 2.435102 7
1.040510 -0.903545 2.423874 7
1.006666 -0.860716 2.445641 7
0.960515 -0.899904 2.425011 7
0.926104 -0.855689 2.447685 7
0.883618 -0.872280 2.438960 7
0.846938 -0.839235 2.456041 7
0.808404 -0.818778 2.466702 7
0.770197 -0.790346 2.481593 7
0.727578 -0.812669 2.470293 7
0.688597 -0.787577 2.483656 7
0.646354 -0.812892 2.470999 7
0.606149 -0.805220 2.475535 7
0.566721 -0.770728 2.494080 7
0.525302 -0.791091 2.484280 7
0.484628 -0.787672 2.486914 7
0.443891 -0.782161 2.490735 7
0.402850 -0.754814 2.506003 7
0.361938 -0.765600 2.501565 7
0.321228 -0.776262 2.497285 7
0.281525 -0.807199 2.482546 7
0.241713 -0.823790 2.475357 7
0.199911 -0.802887 2.487801 7
0.160142 -0.817232 2.481975 7
0.121739 -0.845206 2.469120 7
0.079420 -0.825491 2.481266 7
0.041059 -0.848732 2.471061 7
-0.005775 -0.794372 2.501576 7
-0.043002 -0.826843 2.486732 7
-0.082800 -0.836050 2.484166 7
-0.125370 -0.825784 2.491927 7
-0.163841 -0.843732 2.484963 7
-1.069807 -0.329352 2.823084 1
-1.122629 -0.324458 2.830982 1
-1.156817 -0.370908 2.811104 1
-1.213828 -0.356046 2.824712 1
-1.270392 -0.344198 2.836871 1
-1.316647 -0.359283 2.834460 1
-1.384626 -0.322864 2.860480 1
-1.428830 -0.344414 2.854832 1
-1.489980 -0.327760 2.870402 1
-1.537404 -0.342996 2.868531 1
-1.593465 -0.340113 2.876860 1
-1.650275 -0.336878 2.885579 1
-1.708692 -0.331633 2.895620 1
-1.758282 -0.345038 2.895418 1
-1.818983 -0.337600 2.907086 1
-1.872450 -0.345105 2.910553 1
-1.928231 -0.349129 2.916167 1
-1.990807 -0.342010 2.928304 1
-2.062910 -0.319846 2.949256 1
-2.102415 -0.354998 2.937749 1
-2.163587 -0.353868 2.947142 1
-2.230836 -0.344138 2.961725 1
-2.175893 -0.528758 2.864252 1
-2.056476 -0.805654 2.712671 1
-2.086984 -0.845346 2.698241 1
-2.137726 -0.854544 2.701688 1
1.629405 -0.894213 2.500653 7
1.546004 -0.885776 2.501214 7
1.508588 -0.867224 2.509343 7
1.470907 -0.848928 2.517434 7
1.416999 -0.891950 2.492818 7
1.384924 -0.852401 2.512492 7
1.333256 -0.891917 2.490009 7
1.292757 -0.887109 2.491329 7
1.249508 -0.895288 2.485825 7
1.203670 -0.917706 2.472839 7
1.167932 -0.891671 2.485802 7
1.125691 -0.898643 2.481272 7
1.089012 -0.875200 2.493052 7
1.050991 -0.857677 2.501776 7
1.001873 -0.911607 2.472561 7
0.970088 -0.851573 2.504123 7
0.927669 -0.864107 2.497159 7
0.890760 -0.833553 2.513230 7
0.850446 -0.829089 2.515520 7
0.810132 -0.824452 2.518006 7
0.768840 -0.830664 2.514824 7
0.729466 -0.814412 2.523701 7
0.689723 -0.799326 2.532063 7
0.649066 -0.795736 2.534413 7
0.607079 -0.820857 2.521578 7
0.565921 -0.838162 2.513003 7
0.526647 -0.792391 2.538140 7
0.485838 -0.790416 2.540052 7
0.444965 -0.798998 2.536438 7
0.404027 -0.777620 2.548914 7
0.363086 -0.781112 2.548227 7
0.322907 -0.808873 2.534678 7
0.282937 -0.827827 2.525924 7
0.241208 -0.804743 2.539754 7
0.201777 -0.828047 2.528870 7
0.161574 -0.834449 2.527131 7
0.119227 -0.813937 2.539930 7
0.082845 -0.862983 2.515511 7
0.037128 -0.812760 2.544499 7
-0.001881 -0.831269 2.536674 7
-0.038733 -0.864607 2.520952 7
-0.080911 -0.854299 2.528833 7
-1.038070 -0.283922 2.907838 1
-1.064756 -0.354731 2.873787 1
-1.119218 -0.344993 2.884670 1
-1.163415 -0.364357 2.879463 1
-1.229007 -0.327963 2.905634 1
-1.276056 -0.341437 2.904044 1
-1.335848 -0.324000 2.920008 1
-1.383931 -0.336341 2.919376 1
-1.443790 -0.321883 2.934067 1
-1.500012 -0.317403 2.943319 1
-1.539802 -0.349959 2.931675 1
-1.607266 -0.323216 2.953993 1
-1.653454 -0.342789 2.950057 1
-1.700755 -0.360173 2.947512 1
-1.771511 -0.331865 2.971448 1
-1.820580 -0.347407 2.970336 1
-1.883652 -0.337241 2.984294 1
-1.963120 -0.298948 3.014880 1
-1.999546 -0.339777 2.999628 1
-2.055978 -0.345243 3.005167 1
-2.243214 -0.531189 2.941415 1
-2.122598 -0.804341 2.787452 1
-2.167901 -0.822804 2.785713 1
-2.225851 -0.823392 2.794937 1
1.437693 -0.829755 2.582240 7
1.374908 -0.909177 2.536990 7
1.339593 -0.882453 2.550183 7
1.293218 -0.902221 2.537971 7
1.249405 -0.913056 2.530785 7
1.217076 -0.870369 2.553044 7
1.166409 -0.917242 2.526349 7
1.126520 -0.912231 2.528189 7
1.086775 -0.906559 2.530500 7
1.049243 -0.887370 2.540314 7
1.011379 -0.868418 2.550102 7
0.969771 -0.873797 2.546694 7
0.928856 -0.875558 2.545376 7
0.892036 -0.844336 2.562194 7
0.849618 -0.858959 2.554065 7
0.813609 -0.812601 2.579372 7
0.771215 -0.828338 2.570854 7
0.731371 -0.816243 2.577657 7
0.692084 -0.792707 2.590826 7
0.650911 -0.794726 2.590137 7
0.610518 -0.781287 2.598012 7
0.568229 -0.815077 2.580166 7
0.527413 -0.818354 2.579115 7
0.486909 -0.804468 2.587569 7
0.446150 -0.777999 2.603033 7
0.405407 -0.826507 2.577534 7
0.364069 -0.787505 2.600099 7
0.323066 -0.789285 2.600428 7
0.282545 -0.803023 2.594301 7
0.242257 -0.816337 2.588509 7
0.202003 -0.826343 2.584637 7
0.160515 -0.816908 2.591567 7
0.119934 -0.821713 2.590777 7
0.078440 -0.816378 2.595685 7
0.035431 -0.798349 2.607720 7
-0.002311 -0.830431 2.592208 7
-0.043705 -0.828660 2.595496 7
-1.026622 -0.328720 2.948352 1
-1.068981 -0.353635 2.939657 1
-1.125359 -0.339188 2.953633 1
-1.177452 -0.338098 2.960145 1
-1.232257 -0.331046 2.970269 1
-1.268673 -0.371573 2.953115 1
-1.336462 -0.334307 2.981067 1
-1.376084 -0.366792 2.968822 1
-1.430007 -0.365609 2.976264 1
-1.498175 -0.333736 3.001817 1
-1.556597 -0.325797 3.013661 1
-1.608390 -0.333330 3.016648 1
-1.676949 -0.307073 3.039715 1
-1.707248 -0.359824 3.016415 1
-1.766748 -0.354012 3.027838 1
-2.182689 -0.813976 2.857505 1
-2.232358 -0.827021 2.859468 1
1.373244 -0.760101 2.674952 7
1.327608 -0.769992 2.667843 7
1.258540 -0.888694 2.599613 7
1.219483 -0.876571 2.605189 7
1.178520 -0.873571 2.605750 7
1.129269 -0.915585 2.581128 7
1.093471 -0.886803 2.596417 7
1.052006 -0.889513 2.594127 7
1.010360 -0.894581 2.590631 7
0.972489 -0.874716 2.601246 7
0.932471 -0.868687 2.604209 7
0.892338 -0.863325 2.606912 7
0.856444 -0.819195 2.631481 7
0.812280 -0.849590 2.614353 7
0.773088 -0.832005 2.624259 7
0.732983 -0.822122 2.629960 7
0.692627 -0.813612 2.635009 7
0.650563 -0.832964 2.624537 7
0.612081 -0.783891 2.652588 7
0.570419 -0.796384 2.646198 7
0.529656 -0.783853 2.653976 7
0.488236 -0.800439 2.645515 7
0.447177 -0.815786 2.637859 7
0.406347 -0.818798 2.637249 7
0.365286 -0.806323 2.645470 7
0.324523 -0.814111 2.642405 7
0.284210 -0.829859 2.634966 7
0.242978 -0.821374 2.641298 7
0.202919 -0.835876 2.634782 7
0.160520 -0.814175 2.648820 7
0.119120 -0.811013 2.652518 7
0.076091 -0.791892 2.665369 7
0.039215 -0.836722 2.642140 7
-0.003640 -0.821781 2.652871 7
-0.976289 -0.338260 3.003376 1
-1.029848 -0.330189 3.013714 1
-1.080890 -0.330804 3.019148 1
-1.131801 -0.332726 3.023989 1
-1.172072 -0.363870 3.011761 1
-1.229852 -0.348859 3.026934 1
-1.288059 -0.334697 3.041836 1
-1.356272 -0.298099 3.070317 1
-1.385981 -0.355408 3.043111 1
-1.445986 -0.341113 3.058734 1
-1.505538 -0.329666 3.072901 1
-2.243977 -0.823505 2.929345 1
-2.307323 -0.818457 2.943406 1
1.324803 -0.800061 2.708523 7
1.283594 -0.792453 2.711404 7
1.231019 -0.839255 2.682987 7
1.193443 -0.816342 2.694969 7
1.133969 -0.908694 2.640569 7
1.094371 -0.900419 2.644369 7
1.054697 -0.892309 2.648194 7
1.013951 -0.890802 2.648334 7
0.973997 -0.884330 2.651455 7
0.934843 -0.871545 2.658333 7
0.898133 -0.837160 2.677768 7
0.855804 -0.847625 2.671496 7
0.815340 -0.842478 2.674337 7
0.775696 -0.827701 2.682842 7
0.734784 -0.825834 2.684037 7
0.693481 -0.829967 2.681899 7
0.654942 -0.787940 2.706467 7
0.612464 -0.812427 2.692850 7
0.570858 -0.827963 2.684507 7
0.530250 -0.817517 2.691255 7
0.489453 -0.805411 2.699087 7
0.448340 -0.811291 2.696671 7
0.407228 -0.800665 2.703901 7
0.366093 -0.802156 2.704263 7
0.324876 -0.800444 2.706598 7
0.284450 -0.820529 2.696455 7
0.243812 -0.828542 2.693404 7
0.202593 -0.824964 2.697183 7
0.163404 -0.851602 2.683578 7
-0.982981 -0.328769 3.075765 1
-1.025053 -0.355365 3.065623 1
-1.082943 -0.336224 3.083169 1
-1.133331 -0.339930 3.087149 1
-1.191738 -0.323081 3.103763 1
-1.240047 -0.334284 3.103583 1
1.328638 -0.801497 2.766038 7
1.280374 -0.825211 2.750339 7
1.244811 -0.791788 2.768658 7
1.199442 -0.804765 2.759605 7
1.154012 -0.820425 2.749109 7
1.105625 -0.855589 2.727215 7
1.059089 -0.885062 2.708836 7
1.016085 -0.896709 2.701141 7
0.975577 -0.893590 2.702306 7
0.938029 -0.868516 2.716570 7
0.900242 -0.841733 2.731966 7
0.857559 -0.854493 2.724127 7
0.818941 -0.830378 2.738198 7
0.778287 -0.823953 2.741948 7
0.737212 -0.821907 2.743239 7
0.696368 -0.816626 2.746569 7
0.657520 -0.775434 2.771245 7
0.612292 -0.852774 2.726015 7
0.573251 -0.804979 2.754855 7
0.532990 -0.765715 2.778795 7
0.490836 -0.799888 2.759444 7
0.449516 -0.808148 2.755539 7
0.984188 -0.854450 2.782961 7
0.937391 -0.894376 2.758138 7
0.900040 -0.865340 2.775245 7
0.858854 -0.865684 2.774681 7
0.820155 -0.842337 2.788602 7
0.778345 -0.848621 2.784706 7
0.738409 -0.833856 2.793694 7
0.698312 -0.817594 2.803724 7
0.656704 -0.822182 2.801258 7
0.580258 -0.656177 2.902908 8
-0.044844 -0.926769 0.498753 7
0.019398 -0.905408 0.463380 7
0.071669 -0.905209 0.441951 7
0.126955 -0.897585 0.415893 7
0.175663 -0.901904 0.397567 7
0.240749 -0.870202 0.356709 7
0.320164 -0.804025 0.294849 7
0.356205 -0.830602 0.290938 7
0.385856 -0.872222 0.296021 7
0.437570 -0.862335 0.269542 7
0.466940 -0.905421 0.275058 7
0.508567 -0.918786 0.262501 7
0.555023 -0.919054 0.242142 7
-1.161444 -0.778850 0.922901 0
0.025206 -0.126712 0.172272 6
0.063217 -0.142130 0.164614 6
0.114186 -0.136156 0.141852 6
0.172743 -0.116171 0.109506 6
0.201217 -0.145311 0.111527 6
-0.124285 -0.888603 0.581440 7
-0.098307 -0.940810 0.594537 7
-0.037170 -0.928227 0.563782 7
0.108368 -0.750774 0.423781 7
0.330091 -0.411738 0.179431 8
0.355277 -0.452926 0.187288 8
0.403665 -0.446717 0.164091 8
0.429276 -0.487855 0.171465 8
0.458244 -0.522699 0.174477 8
0.511351 -0.503566 0.143115 8
0.546568 -0.523869 0.136734 8
0.581905 -0.543868 0.130028 8
0.529110 -0.781895 0.257358 7
0.563664 -0.810499 0.254470 7
0.594622 -0.849021 0.257352 7
-1.198119 -0.653012 0.949263 0
-1.144751 -0.672968 0.940024 0
-1.136408 -0.745466 0.973359 0
-1.121897 -0.812259 1.001408 0
-0.050097 -0.097825 0.245619 6
-0.019161 -0.125451 0.246728 6
0.034142 -0.118587 0.222368 6
0.128851 -0.044524 0.149374 6
0.125605 -0.124998 0.188868 6
0.172708 -0.124448 0.169588 6
0.196972 -0.161741 0.177294 6
0.256040 -0.138874 0.142371 6
0.311403 -0.120372 0.110887 6
0.352305 -0.126418 0.096724 6
0.404137 -0.111036 0.067904 6
0.432936 -0.138378 0.068441 6
0.340836 -0.406639 0.231323 8
0.374835 -0.430620 0.227841 8
0.428200 -0.414056 0.197299 8
0.458625 -0.444874 0.198217 8
0.499232 -0.453643 0.184510 8
0.529408 -0.485521 0.185748 8
0.568368 -0.497408 0.173909 8
0.605226 -0.513860 0.164932 8
0.647628 -0.516253 0.147000 8
0.680115 -0.543037 0.144366 8
0.717381 -0.557587 0.133943 8
0.710873 -0.691628 0.196814 7
0.741547 -0.728090 0.198923 7
-1.214705 -0.507054 0.955888 0
-1.157754 -0.522838 0.943215 0
-1.146332 -0.589197 0.973363 0
-1.130319 -0.651726 0.999664 0
-1.094994 -0.692779 1.007546 0
-1.086042 -0.765967 1.041620 0
-0.133226 -0.075643 0.326283 6
-0.097102 -0.096944 0.322533 6
-0.057482 -0.112909 0.314617 6
0.004564 -0.094465 0.280613 6
0.031385 -0.128662 0.286552 6
0.146344 -0.023169 0.188177 6
0.206321 -0.000940 0.152773 6
0.239195 -0.021761 0.149329 6
0.289530 -0.012629 0.124013 6
0.341384 0.000739 0.095895 6
0.312540 -0.129427 0.170619 6
0.358679 -0.126736 0.149791 6
0.415325 -0.102850 0.114231 6
0.452873 -0.113739 0.103305 6
0.495096 -0.114755 0.085547 6
0.547316 -0.094172 0.053094 6
0.444459 -0.398721 0.241852 8
0.487230 -0.403234 0.225127 8
0.532971 -0.400154 0.203389 8
0.579355 -0.394195 0.179886 8
0.613043 -0.416704 0.175242 8
0.643325 -0.447656 0.175938 8
0.668003 -0.493369 0.185909 8
0.715418 -0.481761 0.158788 8
0.753747 -0.492448 0.146024 8
0.788135 -0.513451 0.139713 8
0.815719 -0.554005 0.145436 8
0.810124 -0.694033 0.212248 7
0.840788 -0.731717 0.214938 7
0.883612 -0.732212 0.194723 7
0.922243 -0.745095 0.182024 7
-1.154541 -0.359450 0.930318 0
-1.125337 -0.403915 0.943125 0
-1.108094 -0.462062 0.967556 0
-1.092083 -0.522713 0.993620 0
-1.112396 -0.626446 1.056115 0
-1.080915 -0.672345 1.068167 0
-1.077261 -0.752323 1.108645 0
-1.056334 -0.813130 1.132246 0
-0.207185 -0.035961 0.395598 6
-0.169758 -0.056589 0.391174 6
-0.128257 -0.071233 0.381923 6
-0.069095 -0.059804 0.352113 6
-0.015753 -0.055261 0.328040 6
0.046723 -0.035448 0.292372 6
0.095556 -0.034725 0.271827 6
0.135700 -0.046660 0.261124 6
0.197122 -0.023276 0.223723 6
0.252724 -0.007319 0.192351 6
0.298979 -0.005471 0.171832 6
0.320921 -0.045231 0.182179 6
0.372552 -0.032288 0.153629 6
0.387885 -0.084856 0.172897 6
0.410003 -0.126187 0.183580 6
0.456054 -0.121811 0.161298 6
0.497852 -0.124595 0.144262 6
0.543898 -0.117614 0.120470 6
0.600762 -0.086127 0.079840 6
0.638715 -0.092992 0.066139 6
0.587982 -0.298429 0.188220 8
0.622100 -0.318561 0.182414 8
0.676783 -0.289677 0.143543 8
0.696157 -0.344543 0.160912 8
0.731595 -0.360926 0.152331 8
0.761486 -0.391619 0.153033 8
0.794689 -0.414116 0.148161 8
0.830228 -0.430329 0.139081 8
0.846027 -0.503304 0.166119 8
0.880314 -0.524876 0.159919 8
0.920103 -0.529638 0.143024 8
0.948022 -0.571442 0.149169 8
0.971856 -0.628612 0.164388 8
0.976683 -0.754490 0.220981 7
1.015550 -0.766651 0.207489 7
-1.159959 -0.209917 0.924778 0
-1.128458 -0.250537 0.935137 0
-1.116880 -0.312449 0.964638 0
-1.063629 -0.330825 0.954177 0
-1.102050 -0.449379 1.033540 0
-1.088504 -0.513349 1.062937 0
-1.071362 -0.574568 1.089283 0
-1.063028 -0.647414 1.125196 0
-1.034704 -0.697994 1.141095 0
-1.048816 -0.801611 1.202070 0
-0.315995 -0.037459 0.501569 6
-0.274576 -0.055012 0.494061 6
-0.220143 -0.054570 0.471636 6
-0.193888 -0.091824 0.480431 6
-0.106196 -0.042657 0.418528 6
-0.070566 -0.065361 0.415587 6
-0.029280 -0.079562 0.405739 6
0.038819 -0.052463 0.363104 6
0.091178 -0.047359 0.338354 6
0.146920 -0.035408 0.308517 6
0.180663 -0.057707 0.305545 6
0.251251 -0.018100 0.254923 6
0.304071 -0.005892 0.225848 6
0.352460 0.000268 0.201659 6
0.333327 -0.114571 0.268299 6
0.396370 -0.081381 0.223748 6
0.490641 0.014486 0.133624 6
0.539106 0.026769 0.105846 6
0.559158 -0.016508 0.118570 6
0.609306 0.001364 0.087008 6
0.628974 -0.043687 0.100567 6
0.681322 -0.018434 0.064099 6
0.712514 -0.038398 0.059686 6
0.744748 -0.056001 0.053511 6
0.797579 -0.024083 0.013180 6
0.719095 -0.314141 0.192863 8
0.752417 -0.335879 0.187875 8
0.788847 -0.349571 0.177348 8
0.829469 -0.351478 0.158935 8
0.861207 -0.377261 0.156323 8
0.904050 -0.371166 0.132699 8
0.939986 -0.384174 0.121599 8
0.960144 -0.446168 0.141860 8
0.998677 -0.451827 0.125685 8
1.019551 -0.516058 0.146439 8
1.037917 -0.592765 0.174341 8
1.067583 -0.633082 0.178938 8
1.074061 -0.763417 0.238375 7
1.101209 -0.821601 0.252578 7
-1.166317 -0.065367 0.919420 0
-1.124441 -0.094578 0.919750 0
-1.134862 -0.176101 0.969806 0
-1.100415 -0.213763 0.977504 0
-1.079604 -0.265936 0.998547 0
-1.018781 -0.276014 0.980123 0
-0.941540 -0.267008 0.944409 0
-0.926033 -0.325439 0.970601 0
-1.054396 -0.550405 1.146448 0
-1.031714 -0.606690 1.168271 0
-1.021744 -0.679307 1.204063 0
-1.014932 -0.757621 1.244104 0
-0.374392 -0.039783 0.589880 6
-0.304411 -0.022154 0.551412 6
-0.255050 -0.029618 0.534963 6
-0.209138 -0.040833 0.521852 6
-0.146957 -0.028820 0.489290 6
-0.121952 -0.067649 0.499561 6
-0.064452 -0.059971 0.471053 6
-0.037141 -0.095563 0.478369 6
0.030232 -0.070644 0.436214 6
0.109727 -0.024316 0.377360 6
0.161169 -0.019349 0.352411 6
0.196136 -0.039985 0.348020 6
0.257754 -0.015618 0.308177 6
0.318126 0.009049 0.268610 6
0.354979 -0.005517 0.259859 6
0.380450 -0.040419 0.266670 6
0.434784 -0.022085 0.232752 6
0.449339 -0.077973 0.255138 6
0.467959 -0.127772 0.272420 6
0.520690 -0.109979 0.239166 6
0.577243 -0.081994 0.198802 6
0.616090 -0.089220 0.184563 6
0.661608 -0.080946 0.159182 6
0.716204 -0.050325 0.118040 6
0.759611 -0.042907 0.093863 6
0.794608 -0.054197 0.083058 6
0.843578 -0.030160 0.047591 6
0.883294 -0.027227 0.027118 6
0.824286 -0.285626 0.185950 8
0.854209 -0.315639 0.186598 8
0.885313 -0.343068 0.185258 8
0.925795 -0.343499 0.165667 8
0.961121 -0.358369 0.155730 8
0.985533 -0.407549 0.168233 8
1.040506 -0.358678 0.116477 8
1.067134 -0.401388 0.124418 8
1.096255 -0.437296 0.127608 8
1.113723 -0.517901 0.158776 8
1.099177 -0.727583 0.270118 7
1.126440 -0.785804 0.284960 7
1.170372 -0.777432 0.258179 7
1.191285 -0.868328 0.292189 7
-1.218691 0.033327 0.956092 0
-1.161565 0.018060 0.942459 0
-1.150416 -0.040361 0.971952 0
-1.140073 -0.100716 1.002747 0
-1.116105 -0.148662 1.020795 0
-1.073521 -0.178206 1.020645 0
-1.090455 -0.269916 1.079994 0
-1.007486 -0.257264 1.039083 0
-0.938650 -0.257971 1.011392 0
-0.851727 -0.236905 0.963798 0
-0.828734 -0.286726 0.982468 0
-0.776141 -0.302631 0.969635 0
-0.996364 -0.645676 1.253922 0
-0.387547 0.016395 0.628593 6
-0.343526 0.000203 0.619105 6
-0.297310 -0.012627 0.606696 6
-0.233450 -0.001488 0.573375 6
-0.207717 -0.040056 0.583698 6
-0.162521 -0.052278 0.571022 6
-0.098259 -0.036783 0.534762 6
-0.069361 -0.070636 0.540768 6
-0.028773 -0.087506 0.532275 6
0.034793 -0.068892 0.494254 6
0.095379 -0.052741 0.458766 6
0.142989 -0.055348 0.439075 6
0.199754 -0.041791 0.406454 6
0.241646 -0.051420 0.392875 6
0.296117 -0.038543 0.361421 6
0.351634 -0.021910 0.327366 6
0.405600 -0.006013 0.294298 6
0.446886 -0.011857 0.278519 6
0.500425 0.006791 0.243961 6
0.555380 0.030476 0.205966 6
0.602080 0.039844 0.179283 6
0.628545 0.008457 0.183485 6
0.689520 0.050925 0.132431 6
0.720616 0.030634 0.128399 6
0.756679 0.021650 0.115970 6
0.783129 -0.009438 0.119603 6
0.832050 0.013454 0.084135 6
0.872186 0.016905 0.062941 6
0.899180 -0.012380 0.065064 6
0.919455 -0.060483 0.080137 6
0.964553 -0.041737 0.048269 6
0.928417 -0.253964 0.175901 8
0.952693 -0.300306 0.187774 8
0.989237 -0.310858 0.174965 8
1.024894 -0.323687 0.163662 8
1.060382 -0.336700 0.152430 8
1.087561 -0.378129 0.159879 8
1.111586 -0.432922 0.175671 8
1.156387 -0.412830 0.142403 8
1.175516 -0.490212 0.172033 8
1.142622 -0.786607 0.340196 7
1.178270 -0.814899 0.335996 7
1.223992 -0.798792 0.303816 7
1.313037 -0.767697 0.240923 7
-1.169785 0.155561 0.937326 0
-1.163835 0.094358 0.971439 0
-1.114492 0.072331 0.964523 0
-1.111665 0.006462 1.002410 0
-1.098782 -0.051102 1.031142 0
-1.089898 -0.113778 1.064394 0
-1.064768 -0.161215 1.081854 0
-1.065276 -0.236093 1.125872 0
-1.012654 -0.256078 1.115587 0
-0.937352 -0.250611 1.080867 0
-0.873599 -0.256264 1.057312 0
-0.801734 -0.251354 1.024088 0
-0.752060 -0.270728 1.014144 0
-0.413677 0.057160 0.681387 6
-0.382907 0.023955 0.687202 6
-0.306009 0.048549 0.640018 6
-0.266437 0.027544 0.634837 6
-0.241309 -0.012242 0.646486 6
-0.175777 0.001968 0.609785 6
-0.140760 -0.024093 0.609106 6
-0.094330 -0.033955 0.594153 6
-0.069292 -0.074136 0.605596 6
-0.019033 -0.077445 0.585033 6
0.043006 -0.061624 0.548394 6
0.096690 -0.056815 0.521535 6
0.146872 -0.056123 0.498433 6
0.201132 -0.047411 0.468920 6
0.248945 -0.047908 0.447333 6
0.296935 -0.046883 0.424714 6
0.346923 -0.041001 0.398390 6
0.423019 0.014318 0.332714 6
0.439067 -0.039260 0.354553 6
0.503520 -0.000852 0.303353 6
0.552918 0.010956 0.273636 6
0.591720 0.002921 0.259621 6
0.639753 0.015093 0.230145 6
0.678950 0.009986 0.214148 6
0.722746 0.016060 0.189796 6
0.761965 0.013141 0.172404 6
0.794026 -0.005800 0.167009 6
0.837423 0.003094 0.141030 6
0.881243 0.014851 0.113208 6
0.917938 0.009933 0.097723 6
0.963360 0.029549 0.064709 6
0.970302 -0.056169 0.106928 6
0.999615 -0.081799 0.105866 6
1.042201 -0.068067 0.077106 6
1.021916 -0.248429 0.183020 8
1.047535 -0.292471 0.193286 8
1.086386 -0.293983 0.174194 8
1.112151 -0.340142 0.185294 8
1.137378 -0.390723 0.198898 8
1.178526 -0.383425 0.173656 8
1.202730 -0.441565 0.191557 8
1.227976 -0.499231 0.208554 8
1.255059 -0.552834 0.222343 8
1.243844 -0.786423 0.350598 7
1.277125 -0.827346 0.354229 7
1.318145 -0.831315 0.334285 7
1.372079 -0.763944 0.270028 7
-1.150862 0.312759 0.906388 0
-1.147580 0.251841 0.942366 0
-1.145591 0.188479 0.980247 0
-1.134538 0.131944 1.010080 0
-1.095974 0.099894 1.013448 0
-1.094385 0.032756 1.053407 0
-1.075364 -0.019001 1.076627 0
-1.067341 -0.082561 1.111461 0
-1.052952 -0.141042 1.140419 0
-1.021380 -0.182774 1.151911 0
-1.024068 -0.261447 1.199949 0
-0.938561 -0.245911 1.153964 0
-0.874811 -0.252374 1.130272 0
-0.799224 -0.244032 1.092568 0
-0.736620 -0.248958 1.068203 0
-0.427153 0.043581 0.760966 6
-0.371950 0.039296 0.739217 6
-0.328981 0.020772 0.731070 6
-0.270268 0.022987 0.703744 6
-0.216551 0.020056 0.681518 6
-0.188518 -0.016430 0.690116 6
-0.133754 -0.016353 0.665452 6
-0.088266 -0.028130 0.651698 6
-0.045355 -0.042940 0.640744 6
-0.010367 -0.069026 0.639757 8
0.048016 -0.059317 0.607465 8
0.089053 -0.075053 0.597565 8
0.150680 -0.057127 0.558871 8
0.222188 -0.020619 0.504923 8
0.251088 -0.053257 0.509932 8
0.296228 -0.058073 0.491490 6
0.360763 -0.027137 0.443638 6
0.410978 -0.019597 0.415626 6
0.464255 -0.004596 0.381863 6
0.513815 0.005261 0.352655 6
0.550634 -0.008599 0.342725 6
0.602338 0.008633 0.308162 6
0.645778 0.010580 0.286016 6
0.685473 0.005679 0.269401 6
0.738721 0.032240 0.228599 6
0.768550 0.007263 0.227753 6
0.805293 -0.001505 0.214435 6
0.851339 0.013419 0.183329 6
0.870981 -0.036967 0.201268 6
0.925181 0.001859 0.152736 6
0.961150 -0.005240 0.138500 6
0.995376 -0.016523 0.127342 6
1.037875 -0.003068 0.098347 6
1.073692 -0.007675 0.082539 6
1.089744 -0.073838 0.110362 6
1.118063 -0.103591 0.111930 6
1.098275 -0.298899 0.228390 8
1.139005 -0.293566 0.204241 8
1.175285 -0.302823 0.190234 8
1.199534 -0.358096 0.207385 8
1.232285 -0.382411 0.203188 8
1.259737 -0.430023 0.214294 8
1.292624 -0.456461 0.210965 8
1.309259 -0.560324 0.257999 8
1.302490 -0.789663 0.385128 7
1.338043 -0.821620 0.383010 7
1.375762 -0.843346 0.374099 7
1.431873 -0.757217 0.297087 7
-1.202464 0.407777 0.940578 0
-1.161941 0.378756 0.941782 0
-1.137063 0.336751 0.957614 0
-1.144476 0.266456 1.004697 0
-1.121287 0.221462 1.022872 0
-1.103556 0.170990 1.046660 0
-1.093381 0.112722 1.078395 0
-1.081150 0.055235 1.108639 0
-1.073628 -0.007947 1.144303 0
-1.066382 -0.072797 1.180986 0
-1.037685 -0.117315 1.195747 0
-1.010852 -0.164276 1.212689 0
-0.996915 -0.225596 1.243910 0
-0.962001 -0.265357 1.252662 0
-0.858316 -0.228639 1.184519 0
-0.800350 -0.240808 1.166099 0
-0.478465 0.056912 0.843066 6
-0.425055 0.048740 0.824034 6
-0.374732 0.037781 0.807947 6
-0.326511 0.025033 0.793768 6
-0.277322 0.014284 0.777845 6
-0.212347 0.025218 0.741721 6
-0.157959 0.023730 0.717702 6
-0.136291 -0.021872 0.734722 6
-0.089242 -0.032348 0.719178 6
-0.034382 -0.030628 0.692720 6
0.019451 -0.029020 0.666699 6
0.053026 -0.057083 0.667439 6
0.096594 -0.069565 0.654264 6
0.170992 -0.031576 0.596983 6
0.187944 -0.085534 0.620360 6
0.255199 -0.055418 0.570839 6
0.316049 -0.033559 0.529063 6
0.361987 -0.036015 0.508413 6
0.396847 -0.057809 0.504170 6
0.472809 -0.001436 0.434871 6
0.540427 0.043144 0.376314 6
0.579400 0.033932 0.362535 6
0.609218 0.006438 0.363629 6
0.663673 0.031116 0.322642 6
0.686697 -0.010589 0.335020 6
0.742808 0.021404 0.288848 6
0.776597 0.004445 0.281580 6
0.823103 0.018363 0.250301 6
0.867214 0.028482 0.222290 6
0.894539 -0.002760 0.226096 6
0.938972 0.010760 0.195813 6
0.966702 -0.019630 0.198747 6
1.025164 0.037039 0.136766 6
1.040889 -0.027650 0.165003 6
1.079499 -0.025447 0.143716 6
1.113483 -0.036547 0.132208 6
1.138398 -0.077387 0.142011 6
1.158717 -0.136172 0.164173 6
1.200088 -0.122462 0.134631 6
1.187382 -0.310203 0.246076 8
1.216614 -0.348092 0.251568 8
1.257524 -0.339709 0.224952 8
1.291464 -0.359098 0.217430 8
1.316539 -0.419215 0.237220 8
1.344143 -0.471898 0.251414 8
1.377274 -0.500652 0.249229 8
1.361276 -0.794640 0.420749 7
1.402243 -0.798294 0.400157 7
1.434362 -0.853952 0.413099 7
1.488954 -0.769182 0.335873 7
-1.158509 0.517094 0.924096 0
-1.141333 0.470212 0.946836 0
-1.137506 0.411729 0.982682 0
-1.115236 0.367527 1.001270 0
-1.113104 0.305497 1.039890 0
-1.106167 0.246330 1.074474 0
-1.116058 0.170778 1.126717 0
-1.058597 0.155364 1.111143 0
-1.044802 0.099589 1.140209 0
-1.044193 0.030004 1.183695 0
-1.018851 -0.016813 1.201764 0
-1.030832 -0.102083 1.260454 0
-0.976941 -0.121457 1.248351 0
-0.973635 -0.193884 1.291924 0
-0.966193 -0.263673 1.331866 0
-0.892885 -0.261791 1.297423 0
-0.570587 0.026021 0.972851 6
-0.467026 0.073708 0.896107 6
-0.427101 0.048971 0.892969 6
-0.356700 0.061839 0.852626 6
-0.304742 0.053573 0.833630 6
-0.247463 0.053147 0.807274 6
-0.206723 0.032249 0.800984 6
-0.166127 0.011478 0.794579 6
-0.110813 0.011452 0.768583 6
-0.070618 -0.008725 0.761798 6
-0.014693 -0.005621 0.733415 6
0.020856 -0.031520 0.732075 6
0.056421 -0.057408 0.730620 6
0.103951 -0.064443 0.712024 6
0.140530 -0.088244 0.708626 6
0.213183 -0.051988 0.651841 6
0.253107 -0.068328 0.642171 6
0.314343 -0.046827 0.599516 6
0.370758 -0.031503 0.562787 6
0.422923 -0.021885 0.531428 6
0.464735 -0.030181 0.515670 6
0.526378 0.001296 0.466522 6
0.568752 -0.003049 0.447965 6
0.609659 -0.009428 0.431242 6
0.657973 0.000987 0.400853 6
0.699169 -0.002424 0.382058 6
0.732701 -0.022273 0.376664 6
0.790532 0.015168 0.325375 6
0.825805 0.001440 0.315340 6
0.873049 0.018201 0.281330 6
0.915247 0.024275 0.256041 6
0.944342 -0.003224 0.256920 6
0.984908 0.000611 0.233596 6
1.021170 -0.006398 0.218703 6
1.052161 -0.028429 0.215164 6
1.094673 -0.014900 0.184954 6
1.134178 -0.008671 0.160452 6
1.166617 -0.024399 0.152251 6
1.194871 -0.054781 0.154620 6
1.210870 -0.131374 0.189999 6
1.250957 -0.121019 0.162463 6
1.245731 -0.290126 0.262137 8
1.274309 -0.331780 0.270432 8
1.313218 -0.330290 0.248334 8
1.353695 -0.319631 0.220048 8
1.384364 -0.354209 0.222877 8
1.405738 -0.439251 0.259518 8
1.384423 -0.767898 0.458519 7
1.427037 -0.761855 0.431287 7
1.471918 -0.738551 0.392866 7
1.513123 -0.734204 0.367182 7
1.544026 -0.801148 0.387707 7
-1.197895 0.619904 0.945955 0
-1.153845 0.594161 0.943489 0
-1.150103 0.537441 0.979119 0
-1.119493 0.500995 0.989422 0
-1.110030 0.447145 1.020413 0
-1.105174 0.388455 1.056512 0
-1.088272 0.338856 1.081190 0
-1.072245 0.287716 1.107151 0
-1.050395 0.240956 1.127540 0
-1.027102 0.194888 1.146719 0
-1.022586 0.130543 1.186077 0
-1.016963 0.065781 1.225088 0
-1.001401 0.009329 1.254118 0
-0.996985 -0.059484 1.296044 0
-0.974943 -0.111739 1.319189 0
-0.937563 -0.148614 1.325352 0
-0.950058 -0.239801 1.388966 0
-0.894422 -0.257983 1.374576 0
-0.565446 0.036162 1.035308 6
-0.487658 0.053077 0.988199 6
-0.427938 0.050698 0.961601 6
-0.369846 0.047670 0.936074 6
-0.329781 0.023285 0.932339 6
-0.257511 0.040600 0.887167 6
-0.207411 0.030938 0.869268 6
-0.146193 0.037252 0.836017 6
-0.081171 0.050572 0.796491 6
-0.046758 0.022355 0.797337 6
-0.012978 -0.006885 0.799021 6
0.033789 -0.016812 0.782392 6
0.071289 -0.040158 0.778439 6
0.113464 -0.055995 0.767488 6
0.164626 -0.056730 0.742770 6
0.208500 -0.068292 0.728170 6
0.260023 -0.066021 0.701241 6
0.317149 -0.052394 0.664512 6
0.370475 -0.043529 0.632479 6
0.409507 -0.059448 0.622561 6
0.477369 -0.019671 0.564291 6
0.526276 -0.013632 0.535914 6
0.572706 -0.010947 0.510727 6
0.626688 0.009040 0.471171 6
0.680678 0.031596 0.429975 6
0.715125 0.013333 0.423253 6
0.767667 0.036808 0.382072 6
0.789692 -0.009347 0.398311 6
0.842611 0.018537 0.354121 6
0.874308 -0.004207 0.351156 6
0.921457 0.013363 0.315964 6
0.948746 -0.020492 0.321764 6
0.993121 -0.007314 0.290476 6
1.038915 0.012358 0.254492 6
1.061907 -0.034322 0.269934 6
1.103258 -0.025373 0.242508 6
1.144511 -0.014609 0.213976 6
1.179325 -0.023558 0.200487 6
1.231988 0.031860 0.139237 6
1.261683 0.008050 0.137129 6
1.265400 -0.117823 0.209270 6
1.271785 -0.243353 0.279662 8
1.299881 -0.286641 0.289646 8
1.340754 -0.275066 0.260240 8
1.366751 -0.331259 0.278790 8
1.403233 -0.339320 0.263171 8
1.433113 -0.381631 0.271235 8
1.468860 -0.394096 0.258430 8
1.441477 -0.787080 0.503883 7
1.494112 -0.716427 0.432709 7
1.530247 -0.747247 0.430141 7
1.568395 -0.765380 0.418912 7
-1.169566 0.713409 0.942783 0
-1.142939 0.675221 0.956442 0
-1.126860 0.628832 0.980298 0
-1.110916 0.581698 1.004614 0
-1.090730 0.537247 1.025098 0
-1.083544 0.481697 1.058834 0
-1.093901 0.410470 1.110949 0
-1.054819 0.379526 1.113464 0
-1.069922 0.301425 1.172116 0
-1.058605 0.244774 1.204259 0
-1.019391 0.212562 1.207233 0
-1.008122 0.154221 1.240297 0
-1.001533 0.090184 1.279176 0
-0.989058 0.030470 1.312358 0
-0.964824 -0.018647 1.332984 0
-0.942162 -0.070126 1.355778 0
-0.941861 -0.146119 1.404976 0
-0.915518 -0.195949 1.424732 0
-0.889976 -0.247438 1.445831 0
-0.585861 0.017265 1.129571 6
-0.495078 0.047968 1.066223 6
-0.431999 0.048617 1.035418 6
-0.380646 0.036429 1.018407 6
-0.305959 0.054424 0.970677 6
-0.258035 0.040329 0.956350 6
-0.217513 0.017187 0.951303 6
-0.153180 0.026555 0.913826 6
-0.091051 0.034782 0.878059 6
-0.038796 0.030776 0.854813 6
0.021302 0.039442 0.819580 6
0.046405 -0.002611 0.833633 6
0.093289 -0.011936 0.816126 6
0.134309 -0.029665 0.806741 6
0.170415 -0.054977 0.804488 6
0.217925 -0.061226 0.784457 6
0.258275 -0.078747 0.775000 6
0.315786 -0.065535 0.737560 6
0.358156 -0.077710 0.723559 6
0.434898 -0.024896 0.651468 6
0.491149 -0.007067 0.611527 6
0.550683 0.019698 0.564266 6
0.593823 0.015916 0.544304 6
0.642158 0.024181 0.514112 6
0.675860 0.002492 0.509944 6
0.732866 0.033013 0.461330 6
0.761655 0.001514 0.465607 6
0.807446 0.009937 0.436310 6
0.854788 0.024114 0.402577 6
0.883992 -0.005802 0.405413 6
0.918961 -0.021209 0.396213 6
0.972053 0.013410 0.346655 6
0.999494 -0.021076 0.352981 6
1.045212 -0.002767 0.317177 6
1.085297 0.001079 0.293149 6
1.113660 -0.030812 0.297151 6
1.157355 -0.012891 0.262438 6
1.185713 -0.045197 0.266535 6
1.239806 0.014364 0.200687 6
1.268834 -0.014087 0.201918 6
1.284681 -0.096017 0.242748 6
1.319233 -0.106584 0.229934 6
1.326878 -0.234324 0.302871 8
1.359936 -0.256899 0.297984 8
1.393427 -0.278101 0.291941 8
1.428169 -0.293495 0.281607 8
1.465484 -0.294803 0.261243 8
1.488286 -0.378755 0.298814 8
1.523678 -0.393863 0.287683 8
1.510181 -0.735240 0.500712 7
1.556169 -0.699622 0.452822 7
1.591673 -0.737101 0.454807 7
1.626100 -0.787732 0.465222 7
-1.188972 0.828171 0.945149 0
-1.149170 0.799755 0.946284 0
-1.137162 0.751743 0.973719 0
-1.133291 0.697036 1.009446 0
-1.101080 0.662536 1.018007 0
-1.093269 0.609217 1.050751 0
-1.077278 0.561356 1.075840 0
-1.072482 0.503739 1.112733 0
-1.048540 0.460779 1.130552 0
-1.028325 0.414196 1.152488 0
-1.023840 0.353303 1.191452 0
-1.003692 0.305010 1.214375 0
-1.022895 0.220099 1.280589 0
-0.992326 0.179190 1.293374 0
-0.962164 0.137555 1.306738 0
-0.944585 0.083195 1.334552 0
-0.933218 0.021578 1.370098 0
-0.930499 -0.050320 1.416562 0
-0.896825 -0.091417 1.427455 0
-0.896906 -0.169377 1.479089 0
-0.856727 -0.204886 1.482902 0
-0.611848 -0.007824 1.232956 6
-0.520313 0.022185 1.168201 6
-0.430032 0.053791 1.102917 6
-0.392475 0.023981 1.103866 6
-0.318727 0.039613 1.057037 6
-0.254260 0.045602 1.021029 6
-0.206052 0.031910 1.005869 6
-0.150128 0.029434 0.979457 6
-0.099432 0.021018 0.959437 6
-0.050706 0.010797 0.941487 6
-0.001024 0.002876 0.921474 6
0.053911 0.003867 0.892950 6
0.102811 -0.002987 0.872467 6
0.147016 -0.016252 0.858417 6
0.187380 -0.035106 0.849840 6
0.221381 -0.064275 0.851062 6
0.268569 -0.070941 0.830980 6
0.431578 0.128897 0.618812 3
0.377720 -0.054141 0.763638 6
0.428672 -0.049671 0.734230 6
0.478187 -0.046314 0.706195 6
0.532915 -0.030965 0.667717 6
0.585103 -0.018502 0.632324 6
0.638538 -0.001229 0.593140 6
0.691217 0.016865 0.553754 6
0.733846 0.014811 0.532369 6
0.773952 0.008102 0.515189 6
0.808313 -0.011543 0.509161 6
0.856160 0.002473 0.474608 6
0.903116 0.016570 0.440404 6
0.927925 -0.026175 0.453819 6
0.962555 -0.043434 0.445829 6
1.015330 -0.008344 0.395054 6
1.061130 0.010058 0.358466 6
1.094402 -0.007592 0.351229 6
1.128631 -0.022142 0.341450 6
1.167008 -0.022456 0.320414 6
1.201080 -0.036456 0.310226 6
1.241634 -0.026345 0.281328 6
1.286694 0.003615 0.237479 6
1.297515 -0.100212 0.295977 6
1.329685 -0.122352 0.291611 6
1.370767 -0.105344 0.257823 6
1.374210 -0.261989 0.353061 8
1.411100 -0.268293 0.335958 8
1.449785 -0.263967 0.311163 8
1.483978 -0.282330 0.302914 8
1.521459 -0.281414 0.280764 8
1.551505 -0.325946 0.290938 8
1.565415 -0.486473 0.382095 8
1.575380 -0.700280 0.508387 7
1.613914 -0.716847 0.496095 7
1.650177 -0.753842 0.497658 7
1.684714 -0.812363 0.513431 7
1.891368 -0.695905 0.318607 4
-1.240743 0.920623 0.977167 0
-1.133401 0.936112 0.915244 0
-1.140145 0.877171 0.959928 0
-1.114751 0.839149 0.974501 0
-1.107335 0.788130 1.006690 0
-1.125738 0.717423 1.064929 0
-1.094850 0.681603 1.075061 0
-1.069899 0.641138 1.091196 0
-1.075179 0.576625 1.138534 0
-1.067452 0.521015 1.173317 0
-1.029404 0.489288 1.176784 0
-1.024140 0.429991 1.215126 0
-1.006716 0.379939 1.241079 0
-1.001204 0.318515 1.280577 0
-0.961684 0.286624 1.283064 0
-0.962089 0.217651 1.330446 0
-0.959366 0.149912 1.375350 0
-0.950630 0.086373 1.414325 0
-0.904558 0.058800 1.410249 0
-0.896005 -0.006993 1.450652 0
-0.860458 -0.045948 1.459332 0
-0.857672 -0.120518 1.508354 0
-0.838666 -0.179180 1.538419 0
-0.832149 -0.253253 1.585036 0
-0.522936 0.022845 1.243691 6
-0.469239 0.009882 1.225271 6
-0.409390 0.005364 1.197984 6
-0.332254 0.023883 1.146420 6
-0.275034 0.019271 1.120351 6
-0.220568 0.012307 1.097166 6
-0.140183 0.041638 1.036467 6
0.065225 0.248025 0.793847 3
0.125759 0.259886 0.754783 3
0.165915 0.243847 0.744642 3
0.211673 0.236728 0.725622 3
0.228210 0.185317 0.750946 3
0.281598 0.191038 0.719328 3
0.317163 0.169277 0.715035 3
0.373699 0.182903 0.676413 3
0.276114 -0.068005 0.892356 6
0.317720 -0.084321 0.881071 6
0.493900 0.146489 0.636790 3
0.541095 0.149065 0.610030 3
0.587859 0.152298 0.582994 3
0.529914 -0.052793 0.747570 6
0.580504 -0.045044 0.715392 6
0.644501 -0.006786 0.656098 6
0.696956 0.009957 0.616916 6
0.741096 0.010303 0.592786 6
0.781018 0.002160 0.576367 6
0.830444 0.017963 0.539208 6
0.871474 0.015165 0.518578 6
0.905867 -0.003716 0.511890 6
0.943344 -0.014227 0.498035 6
0.981054 -0.023437 0.483139 6
1.034420 0.013661 0.429711 6
1.065968 -0.010842 0.427918 6
1.104873 -0.012706 0.407415 6
1.131777 -0.052593 0.417940 6
1.172592 -0.046810 0.391317 6
1.222854 -0.005190 0.336358 6
1.253892 -0.030034 0.334706 6
1.296553 -0.010133 0.297792 6
1.341356 0.022186 0.251655 6
1.344624 -0.120158 0.340633 6
1.377401 -0.141673 0.335575 6
1.418828 -0.122157 0.299322 6
1.434355 -0.230595 0.359432 8
1.467239 -0.256581 0.356939 8
1.507650 -0.240482 0.323227 8
1.543941 -0.245463 0.305246 8
1.573582 -0.293092 0.318180 8
1.594035 -0.411772 0.381563 8
1.620492 -0.501564 0.422995 8
1.650906 -0.571644 0.449501 8
1.684254 -0.625462 0.463871 8
1.722265 -0.639528 0.450177 8
1.886408 -0.471430 0.245148 4
1.922364 -0.479581 0.228544 4
1.958240 -0.487465 0.211742 4
1.994310 -0.483420 0.187192 4
2.028654 -0.584548 0.230215 4
2.064688 -0.718984 0.293214 4
2.103348 -0.879752 0.371188 4
-1.187279 1.025147 0.949287 0
-1.125645 1.010893 0.929457 0
-1.141421 0.947125 0.982955 0
-1.122897 0.904735 1.004246 0
-1.077643 0.880250 0.999526 0
-1.096886 0.810767 1.058566 0
-1.092207 0.756714 1.094742 0
-1.072036 0.713099 1.115760 0
-1.034949 0.681840 1.119556 0
-1.040197 0.617697 1.167549 0
-1.026419 0.567208 1.196351 0
-1.040469 0.493065 1.255613 0
-0.969291 0.488492 1.223261 0
-0.994178 0.402661 1.295985 0
-0.972810 0.355042 1.318627 0
-0.957456 0.301293 1.348492 0
-0.928026 0.259610 1.362747 0
-0.932366 0.185419 1.416637 0
-0.878711 0.165753 1.403122 0
-0.890993 0.080900 1.468272 0
-0.883856 0.013372 1.511434 0
-0.852509 -0.030404 1.525714 0
-0.840521 -0.095520 1.564545 0
-0.828079 -0.161708 1.603790 0
-0.806326 -0.218977 1.632012 0
-0.527579 0.021230 1.323229 6
-0.482535 -0.003000 1.316559 6
-0.383855 0.038725 1.236834 6
-0.344451 0.009861 1.236087 6
-0.274546 0.020330 1.192514 6
-0.205775 0.031421 1.149024 6
0.036140 0.279520 0.853473 3
0.103483 0.299277 0.804675 3
0.146683 0.286957 0.790279 3
0.198960 0.288671 0.761508 3
0.231968 0.262753 0.761557 3
0.288422 0.273126 0.724571 3
0.325884 0.255146 0.716748 3
0.364368 0.239163 0.706961 3
0.407395 0.231273 0.689227 3
0.441399 0.208604 0.686193 3
0.501454 0.232498 0.637820 3
0.536127 0.212453 0.632522 3
0.575271 0.201006 0.618980 3
0.613678 0.188753 0.606305 3
0.647317 0.167472 0.602184 3
0.597121 -0.028063 0.759977 6
0.657088 0.001510 0.707422 6
0.699943 -0.003448 0.687168 6
0.748239 0.005156 0.654830 6
0.801202 0.026842 0.611155 6
0.838195 0.012341 0.600257 6
0.874560 -0.003347 0.590424 6
0.920729 0.007055 0.557787 6
0.952063 -0.020770 0.558650 6
1.000280 -0.001436 0.518821 6
1.046491 0.015003 0.481961 6
1.073568 -0.024309 0.492590 6
1.114655 -0.020709 0.466949 6
1.152584 -0.025753 0.448721 6
1.188896 -0.035294 0.434304 6
1.233286 -0.014797 0.395462 6
1.268124 -0.027051 0.383532 6
1.309589 -0.012446 0.350101 6
1.354760 0.020856 0.302202 6
1.383530 -0.012987 0.307729 6
1.400310 -0.104710 0.358054 6
1.431438 -0.134579 0.359475 6
1.450273 -0.230493 0.411210 8
1.486279 -0.241183 0.397097 8
1.518934 -0.271132 0.397468 8
1.555665 -0.277213 0.379776 8
1.592768 -0.279349 0.359217 8
1.617332 -0.372672 0.405535 8
1.640068 -0.494936 0.471749 8
1.672049 -0.555950 0.492429 8
1.710555 -0.562589 0.473681 8
1.743867 -0.624567 0.494043 8
1.768482 -0.807916 0.598644 7
1.877556 -0.340593 0.228200 4
1.913918 -0.321489 0.193619 4
1.948304 -0.337182 0.182826 4
1.982417 -0.365503 0.180350 4
2.016763 -0.400033 0.181704 4
2.050793 -0.541646 0.252873 4
2.087514 -0.704323 0.336014 4
2.127363 -0.874012 0.421704 4
-1.213643 1.131452 0.957130 0
-1.141169 1.122675 0.927296 0
-1.129277 1.078030 0.954089 0
-1.110865 1.036890 0.974964 0
-1.125290 0.974066 1.028140 0
-1.080960 0.948740 1.024259 0
-1.073195 0.898905 1.056618 0
-1.060109 0.851931 1.084127 0
-1.054639 0.798783 1.119900 0
-1.050704 0.743486 1.157930 0
-1.026227 0.702594 1.175016 0
-1.021310 0.646171 1.213203 0
-0.998721 0.602632 1.233002 0
-0.971414 0.562442 1.247899 0
-0.985030 0.487705 1.308498 0
-0.957017 0.446571 1.323547 0
-0.958808 0.378868 1.372866 0
-0.922631 0.343679 1.379294 0
-0.932232 0.266115 1.439516 0
-0.894340 0.231353 1.444586 0
-0.907058 0.147371 1.510820 0
-0.875603 0.104877 1.524555 0
-0.845482 0.060608 1.540156 0
-0.840272 -0.010286 1.587515 0
-0.823389 -0.070510 1.621142 0
-0.782759 -0.105876 1.624693 0
-0.726752 -0.123894 1.607859 0
-0.532496 0.019376 1.404703 6
-0.484545 -0.002357 1.394560 6
-0.436172 -0.023054 1.383385 6
-0.359376 -0.007546 1.331710 6
-0.288287 0.003078 1.286402 6
-0.228821 0.000524 1.256409 6
-0.018594 0.204020 1.002188 3
0.063954 0.242146 0.931370 3
0.113328 0.236313 0.908843 3
0.172641 0.246209 0.869980 3
0.222891 0.244369 0.844072 3
0.265342 0.231707 0.829804 3
0.313492 0.228831 0.805613 3
0.394584 0.281353 0.725199 3
0.425179 0.252862 0.728102 3
0.483382 0.272138 0.682957 3
0.524553 0.263374 0.666365 3
0.554774 0.235194 0.669060 3
0.583172 0.203163 0.675336 3
0.641067 0.228417 0.625995 3
0.684264 0.226866 0.603078 3
0.692771 0.154051 0.648092 3
0.774982 0.236951 0.545637 3
0.712007 0.002891 0.740457 6
0.762029 0.014923 0.704198 6
0.801121 0.003177 0.690200 6
0.832304 -0.027470 0.693444 6
0.878711 -0.019876 0.662037 6
0.925834 -0.008314 0.627464 6
0.970419 -0.001356 0.597388 6
1.015524 0.009146 0.564549 6
1.047213 -0.017930 0.564754 6
1.081055 -0.039019 0.559608 6
1.127682 -0.019028 0.519281 6
1.163903 -0.030781 0.506328 6
1.210726 -0.004631 0.461600 6
1.241198 -0.034706 0.464208 6
1.283856 -0.018920 0.428757 6
1.324120 -0.009574 0.398976 6
1.364604 0.003420 0.366547 6
1.393807 -0.031247 0.372736 6
1.430703 -0.031425 0.351148 6
1.452628 -0.105357 0.387891 6
1.487946 -0.114786 0.373324 6
1.513922 -0.176928 0.399624 8
1.540612 -0.241351 0.426966 8
1.585006 -0.196481 0.370370 8
1.612243 -0.264198 0.399466 8
1.641159 -0.328160 0.424971 8
1.667568 -0.422706 0.472412 8
1.697270 -0.502982 0.508240 8
1.730773 -0.558659 0.525225 8
1.767146 -0.591119 0.524856 8
1.796410 -0.724353 0.596193 7
1.866754 -0.252836 0.237699 4
1.901993 -0.248212 0.213005 4
1.936207 -0.259292 0.199382 4
1.969135 -0.309801 0.212860 4
2.003393 -0.336233 0.209350 4
2.037639 -0.390248 0.224228 4
2.072646 -0.535233 0.299401 4
2.110530 -0.698066 0.384648 4
2.151166 -0.844704 0.457274 4
-1.142537 1.240856 0.911680 0
-1.160496 1.180197 0.966380 0
-1.126167 1.149026 0.972002 0
-1.125625 1.097409 1.010263 0
-1.105239 1.057218 1.029678 0
-1.073853 1.023737 1.038335 0
-1.087565 0.960509 1.092406 0
-1.079088 0.910719 1.124916 0
-1.045493 0.877537 1.131990 0
-1.023427 0.836162 1.151056 0
-1.030486 0.773058 1.201287 0
-1.000784 0.736026 1.213017 0
-0.996782 0.679019 1.252826 0
-0.990364 0.622714 1.290779 0
-0.987494 0.562369 1.333484 0
-0.950559 0.529006 1.338428 0
-0.950435 0.464268 1.385644 0
-0.936262 0.410243 1.417542 0
-0.908132 0.367728 1.433589 0
-0.900263 0.306125 1.474191 0
-0.902780 0.233298 1.528387 0
-0.859291 0.203060 1.527124 0
-0.837335 0.151641 1.552607 0
-0.838538 0.075725 1.608102 0
-0.807277 0.031603 1.623176 0
-0.787368 -0.025200 1.653403 0
-0.735201 -0.047664 1.641481 0
-0.664748 -0.048852 1.604329 0
-0.546937 0.006569 1.500885 6
-0.471021 0.016826 1.452413 6
-0.421283 -0.002636 1.439336 6
-0.366047 -0.014564 1.417810 6
-0.297347 -0.008134 1.375767 6
-0.056981 0.227211 1.076720 3
0.004599 0.234233 1.038002 3
0.017520 0.175261 1.072832 3
0.074128 0.177129 1.040371 3
0.299097 0.428636 0.738012 2
0.186407 0.184324 0.973311 3
0.241816 0.189323 0.939093 3
0.309704 0.216061 0.882521 2
0.356447 0.210932 0.860140 2
0.483637 0.343470 0.695777 2
0.520816 0.327989 0.685902 2
0.555610 0.308629 0.680032 2
0.587783 0.284571 0.678875 2
0.632061 0.283534 0.654682 2
0.657737 0.247089 0.665759 2
0.716834 0.277736 0.610864 2
0.734109 0.223809 0.638821 3
0.792521 0.257047 0.582383 3
0.822021 0.228986 0.585186 3
0.856430 0.211776 0.577551 3
0.898366 0.212854 0.552793 3
0.926738 0.181619 0.558280 3
0.891686 -0.014345 0.714904 6
0.937652 -0.006449 0.682901 6
0.990273 0.022136 0.632603 6
1.013308 -0.031097 0.656234 6
1.057067 -0.024684 0.626354 6
1.094323 -0.036547 0.612879 6
1.135890 -0.033707 0.586633 6
1.180089 -0.019973 0.551237 6
1.226412 0.004289 0.507245 6
1.257955 -0.022859 0.507464 6
1.304112 0.006502 0.459923 6
1.340922 0.001963 0.441283 6
1.378907 0.003827 0.417464 6
1.416334 0.005144 0.394297 6
1.449498 -0.012306 0.386563 6
1.491582 0.016190 0.341748 6
1.521047 -0.019211 0.348493 6
1.544105 -0.095238 0.387031 6
1.570320 -0.160299 0.416053 8
1.599777 -0.211131 0.433261 8
1.635646 -0.220582 0.418037 8
1.665454 -0.278054 0.439481 8
1.689148 -0.398436 0.507872 8
1.722449 -0.447340 0.521171 8
1.757514 -0.485136 0.525688 8
1.788610 -0.579279 0.571317 8
1.819571 -0.700604 0.635649 8
1.887387 -0.225707 0.267416 4
1.923868 -0.192776 0.222206 4
1.957997 -0.197903 0.204545 4
1.991293 -0.229497 0.205527 4
2.025197 -0.249095 0.197831 4
2.058628 -0.388769 0.272856 4
2.094716 -0.530362 0.347474 4
2.133703 -0.687206 0.430683 4
2.175771 -0.848944 0.515247 4
-1.214629 1.319450 0.961801 0
-1.154284 1.302246 0.943078 0
-1.141042 1.259823 0.968467 0
-1.108189 1.228102 0.975246 0
-1.121901 1.169130 1.027404 0
-1.085139 1.139205 1.030614 0
-1.079693 1.090062 1.065000 0
-1.060439 1.048858 1.085951 0
-1.056257 0.997375 1.122653 0
-1.051893 0.945047 1.159830 0
-1.032536 0.902065 1.181876 0
-1.016563 0.856195 1.207843 0
-1.028175 0.789621 1.264107 0
-0.998070 0.752457 1.275814 0
-0.985099 0.702004 1.306635 0
-0.952149 0.666394 1.315511 0
-0.938885 0.614818 1.346878 0
-0.928641 0.559818 1.382365 0
-0.922225 0.500467 1.423099 0
-0.918322 0.437608 1.467737 0
-0.903862 0.382696 1.500664 0
-0.863675 0.350313 1.502801 0
-0.866206 0.277829 1.557873 0
-0.832347 0.238491 1.568471 0
-0.822039 0.175561 1.609317 0
-0.796341 0.126779 1.631214 0
-0.770862 0.077016 1.653882 0
-1.295210 -0.562178 2.412773 1
-0.716088 -0.020797 1.695638 0
-0.656888 -0.035001 1.673364 0
-0.570100 -0.016217 1.611570 6
-0.468241 0.023266 1.526191 6
-0.410447 0.012853 1.501703 6
-0.353234 0.002864 1.477159 6
-0.154239 0.176496 1.239530 3
-0.088165 0.185558 1.196013 3
-0.023083 0.195342 1.152459 3
0.034337 0.196524 1.119395 3
0.317563 0.523312 0.722894 2
0.123412 0.165746 1.091626 3
0.240534 0.261462 0.956174 2
0.276787 0.237962 0.952689 2
0.456589 0.445124 0.701001 2
0.478208 0.404365 0.718174 2
0.519275 0.395634 0.701112 2
0.559058 0.385478 0.685756 2
0.592422 0.364451 0.681842 2
0.628690 0.348882 0.672283 2
0.664864 0.333514 0.662580 2
0.710101 0.336504 0.634423 2
0.733518 0.296372 0.649736 2
0.741445 0.222178 0.698369 2
0.787124 0.226941 0.668521 2
0.832547 0.232878 0.637927 2
0.866953 0.214865 0.630815 3
0.900045 0.193805 0.626594 3
0.965044 0.252850 0.546466 3
0.987099 0.205792 0.567153 3
1.021218 0.189229 0.558959 3
1.060594 0.187630 0.536954 3
1.095479 0.174246 0.525937 3
1.065527 -0.036439 0.693612 6
1.119401 0.002919 0.633727 6
1.150651 -0.027698 0.636960 6
1.190129 -0.030880 0.615751 6
1.232294 -0.022885 0.584946 6
1.275543 -0.008236 0.548715 6
1.315788 -0.002363 0.520453 6
1.348299 -0.026706 0.518206 6
1.386973 -0.024470 0.493359 6
1.426762 -0.014824 0.462536 6
1.464882 -0.010391 0.436358 6
1.502384 -0.006675 0.411009 6
1.538829 -0.006383 0.388672 6
1.568277 -0.046448 0.399088 6
1.587979 -0.154206 0.463265 8
1.620530 -0.186232 0.465995 8
1.657330 -0.188549 0.445071 8
1.686745 -0.250925 0.471062 8
1.717468 -0.311219 0.494721 8
1.746351 -0.401434 0.540590 8
1.778950 -0.467714 0.567204 8
1.814441 -0.510335 0.575265 8
1.874868 -0.166470 0.294982 4
1.910822 -0.143779 0.256547 4
1.944296 -0.162893 0.249107 4
1.977718 -0.188697 0.246367 4
2.012667 -0.153509 0.199586 4
2.045451 -0.241337 0.240898 4
2.079873 -0.373681 0.312525 4
2.116822 -0.507161 0.383302 4
2.156755 -0.662356 0.467448 4
2.200067 -0.831289 0.559079 4
2.246884 -1.007468 0.653527 4
-1.173311 1.408626 0.943487 0
-1.136127 1.379420 0.946039 0
-1.135237 1.331076 0.983160 0
-1.115996 1.291960 1.003065 0
-1.110248 1.244894 1.036434 0
-1.068092 1.218242 1.034067 0
-1.100537 1.147361 1.106608 0
-1.077149 1.108716 1.123655 0
-1.041792 1.077369 1.128458 0
-1.026617 1.033056 1.154257 0
-1.022868 0.980539 1.192579 0
-1.004552 0.936976 1.215958 0
-0.971992 0.902906 1.224155 0
-1.000626 0.824611 1.299897 0
-0.958687 0.796273 1.298414 0
-0.949727 0.743128 1.334047 0
-0.947976 0.683324 1.378690 0
-0.924189 0.639831 1.398631 0
-0.908568 0.589119 1.428536 0
-0.890254 0.539806 1.455819 0
-0.884880 0.478466 1.499370 0
-0.877837 0.417180 1.541886 0
-0.841696 0.381062 1.549041 0
-0.828843 0.323016 1.585733 0
-0.816668 0.263062 1.624182 0
-0.797617 0.208550 1.654604 0
-1.318853 -0.394769 2.401937 1
-1.286015 -0.451591 2.426209 1
-1.218491 -0.472203 2.403637 1
-1.187130 -0.531395 2.430365 1
-1.140746 -0.574678 2.436590 1
-0.547926 0.013554 1.660207 6
-0.489362 0.001387 1.636083 6
-0.403798 0.023262 1.571106 6
-0.343337 0.016654 1.541621 6
-0.133518 0.203600 1.282540 3
-0.037319 0.252345 1.191270 2
0.048686 0.291539 1.112883 2
0.321873 0.595976 0.729911 2
0.092316 0.196944 1.158156 3
0.194051 0.265959 1.048413 2
0.266104 0.295372 0.985083 2
0.464606 0.525782 0.699801 2
0.491178 0.494367 0.707684 2
0.527536 0.478645 0.698242 2
0.575134 0.482517 0.667751 2
0.604256 0.455449 0.670796 2
0.627764 0.417853 0.684829 2
0.668142 0.410822 0.666439 2
0.704733 0.397390 0.654930 2
0.751690 0.405122 0.621726 2
0.708758 0.229581 0.775993 2
0.768541 0.262294 0.716794 2
0.804319 0.245850 0.707781 2
0.834236 0.216346 0.711759 2
0.881181 0.226373 0.676633 2
0.922759 0.225478 0.652640 2
0.965308 0.228453 0.625188 3
0.995589 0.200840 0.627369 3
1.045002 0.224890 0.580315 3
1.067790 0.176639 0.601958 3
1.113075 0.192566 0.563209 3
1.085264 -0.014289 0.730890 6
1.118261 -0.041699 0.731048 6
1.161216 -0.036345 0.701266 6
1.206354 -0.021056 0.662873 6
1.243536 -0.031924 0.648297 6
1.285948 -0.021801 0.615217 6
1.322737 -0.031747 0.600107 6
1.364323 -0.020265 0.566441 6
1.406524 -0.002760 0.527968 6
1.445872 0.005042 0.498244 6
1.481767 -0.001861 0.481271 6
1.518183 -0.004760 0.461022 6
1.551209 -0.025726 0.455928 6
1.585292 -0.040935 0.445956 6
1.618123 -0.064693 0.442913 6
1.644175 -0.139942 0.481375 8
1.673982 -0.196283 0.503745 8
1.709839 -0.207503 0.489584 8
1.738216 -0.291745 0.532975 8
1.769947 -0.356297 0.559948 8
1.806592 -0.372937 0.549072 8
1.844444 -0.372680 0.525142 8
1.897322 -0.103615 0.296953 4
1.932403 -0.086871 0.262721 4
1.965634 -0.104849 0.254761 4
1.999387 -0.107064 0.235006 4
2.032690 -0.127388 0.228605 4
2.065888 -0.234683 0.285216 4
2.101254 -0.362385 0.355179 4
2.139740 -0.529351 0.451540 4
2.180913 -0.676875 0.532048 4
2.225110 -0.830201 0.614767 4
2.273381 -1.007744 0.712356 4
-1.190983 1.514646 0.942471 0
-1.165129 1.479850 0.955678 0
-1.123095 1.453057 0.953447 0
-1.133618 1.399696 1.001602 0
-1.121261 1.357246 1.028268 0
-1.085973 1.326759 1.032584 0
-1.090442 1.274195 1.076566 0
-1.076105 1.231368 1.102266 0
-1.039022 1.201502 1.104931 0
-1.043442 1.146566 1.150599 0
-1.043189 1.093356 1.192229 0
-1.006891 1.062271 1.196138 0
-0.995104 1.015124 1.226406 0
-0.975143 0.972797 1.248233 0
-0.984850 0.909278 1.303346 0
-0.967383 0.863638 1.329065 0
-0.941399 0.823646 1.345500 0
-0.947105 0.759351 1.398789 0
-0.955051 0.691685 1.455917 0
-0.919275 0.657115 1.462408 0
-0.902121 0.607287 1.491289 0
-0.881321 0.559698 1.516299 0
-0.850870 0.519740 1.529835 0
-0.855443 0.448433 1.587584 0
-0.824901 0.407110 1.602009 0
-0.824329 0.337424 1.655446 0
-0.783866 0.304116 1.657883 0
-1.307286 -0.284345 2.411874 1
-1.247556 -0.312858 2.399414 1
-1.215461 -0.369390 2.424347 1
-1.189657 -0.433486 2.458646 1
-1.132288 -0.464310 2.449116 1
-1.083019 -0.503721 2.450782 1
-0.558864 0.005109 1.757481 6
-0.488972 0.005132 1.716884 6
-0.424342 0.000575 1.682786 6
-0.091442 0.333403 1.234932 2
-0.030672 0.336360 1.197237 2
0.283076 0.675601 0.755562 2
0.337934 0.683486 0.717472 2
0.103294 0.288402 1.155379 2
0.163209 0.295663 1.114708 2
0.199222 0.269514 1.113397 2
0.468186 0.598090 0.705849 2
0.476893 0.539567 0.745075 2
0.526494 0.544908 0.711745 2
0.568298 0.538965 0.691521 2
0.595820 0.509530 0.697478 2
0.640137 0.509291 0.671367 2
0.669346 0.482863 0.673965 2
0.707458 0.472841 0.658842 2
0.613605 0.207385 0.914963 3
0.737302 0.361991 0.724591 2
0.773449 0.347050 0.714219 2
0.818244 0.351038 0.684376 2
0.852562 0.333507 0.676962 2
0.893624 0.331643 0.653673 2
0.932724 0.326422 0.634046 2
0.958605 0.289664 0.646026 2
0.979429 0.238638 0.671725 2
1.015241 0.224993 0.660274 3
1.044473 0.193596 0.666077 3
1.095982 0.225272 0.611053 3
1.130305 0.209659 0.601853 3
1.085387 -0.053560 0.826221 6
1.129874 -0.046570 0.793819 6
1.178173 -0.024136 0.747490 6
1.218883 -0.024937 0.723132 6
1.260763 -0.019613 0.693434 6
1.294393 -0.044489 0.691318 6
1.345769 0.003728 0.623658 6
1.383138 -0.002290 0.605073 6
1.419318 -0.012584 0.590367 6
1.459706 -0.001340 0.556949 6
1.496564 -0.005106 0.536869 6
1.533680 -0.005775 0.514275 6
1.570746 -0.004597 0.490295 6
1.609853 0.012376 0.453231 6
1.637972 -0.042691 0.476642 6
1.669237 -0.080939 0.485518 6
1.696152 -0.160506 0.527835 8
1.726266 -0.224285 0.556349 8
1.764186 -0.218377 0.528046 8
1.795464 -0.285714 0.558381 8
1.828213 -0.349372 0.585005 8
1.867414 -0.327054 0.543549 8
1.921117 -0.005276 0.270141 4
1.952926 -0.046133 0.280273 4
1.986556 -0.046391 0.259016 4
2.019499 -0.070698 0.256036 4
2.052710 -0.096220 0.253746 4
2.086516 -0.221424 0.325142 4
2.122608 -0.336927 0.387815 4
2.162127 -0.504004 0.486580 4
2.204765 -0.667186 0.580392 4
2.249758 -0.812630 0.659445 4
2.300060 -1.004430 0.769479 4
-1.163134 1.500599 1.011459 0
-1.100877 1.483351 0.989572 0
-1.100722 1.435614 1.027937 0
-1.095641 1.389589 1.062043 0
-1.069655 1.354078 1.075606 0
-1.072873 1.302276 1.119049 0
-1.058154 1.259643 1.144739 0
-1.061909 1.205658 1.190152 0
-1.046740 1.161944 1.216357 0
-1.007538 1.132605 1.217114 0
-0.999903 1.083378 1.251994 0
-1.007042 1.023591 1.303819 0
-0.973702 0.989675 1.311487 0
-0.953889 0.946396 1.334421 0
-0.947486 0.893053 1.373109 0
-0.931044 0.846000 1.400910 0
-0.907760 0.803387 1.421152 0
-0.907562 0.742479 1.469317 0
-0.895808 0.689288 1.504575 0
-0.892647 0.628073 1.551156 0
-0.827377 0.617388 1.521402 0
-0.832581 0.547422 1.579697 0
-0.826555 0.485434 1.625063 0
-0.795361 0.444767 1.638796 0
-0.801224 0.369279 1.701682 0
-1.285121 -0.165292 2.406994 1
-1.240735 -0.208305 2.414650 1
-1.203470 -0.258615 2.432177 1
-1.142771 -0.285195 2.417186 1
-1.113526 -0.344471 2.446363 1
-1.060646 -0.378984 2.442093 1
-1.038246 -0.447403 2.482362 1
-0.988586 -0.485981 2.483059 1
-0.517158 -0.024906 1.842725 6
-0.061771 0.444354 1.205481 2
0.013655 0.466201 1.143513 2
0.284252 0.741888 0.767245 2
0.344580 0.756567 0.719788 2
0.034016 0.268920 1.285010 2
0.089088 0.266261 1.254106 2
0.149738 0.273077 1.212450 2
0.471999 0.669549 0.711102 2
0.499870 0.641876 0.715825 2
0.532555 0.621451 0.711991 2
0.577432 0.620868 0.685394 2
0.620420 0.618443 0.661327 2
0.645878 0.587064 0.670228 2
0.686789 0.582455 0.649031 2
0.720822 0.566313 0.640883 2
0.578146 0.216685 0.997582 2
0.727456 0.415093 0.753643 2
0.782646 0.438533 0.701962 2
0.813398 0.414053 0.702097 2
0.858358 0.419935 0.670118 2
0.889498 0.396807 0.668897 2
0.940538 0.419466 0.620203 2
0.978024 0.412736 0.602398 2
1.011886 0.397922 0.593000 2
1.049583 0.393324 0.573351 2
1.019002 0.206463 0.735783 2
1.069739 0.233177 0.683966 2
1.102719 0.212025 0.679832 3
1.139804 0.203115 0.663725 3
1.177704 0.197628 0.644449 3
1.144853 -0.041157 0.847945 6
1.184244 -0.050105 0.830319 6
1.232345 -0.026378 0.782192 6
1.274755 -0.020119 0.750952 6
1.309070 -0.043883 0.747718 6
1.367392 0.033651 0.651885 6
1.395980 -0.011437 0.668478 6
1.441174 0.019138 0.616727 6
1.478282 0.014747 0.596761 6
1.518034 0.026210 0.562971 6
1.550708 0.000570 0.561968 6
1.586300 -0.008448 0.546380 6
1.623460 -0.005923 0.520943 6
1.658887 -0.013039 0.503930 6
1.688650 -0.064121 0.524056 6
1.717135 -0.134125 0.559406 8
1.751273 -0.161192 0.558334 8
1.782531 -0.223543 0.585997 8
1.817596 -0.251503 0.584937 8
1.855428 -0.243101 0.554312 8
1.904586 -0.024195 0.355733 4
1.940053 0.005324 0.310431 4
1.972586 -0.024428 0.312208 4
2.005991 -0.033514 0.297618 4
2.039360 -0.041234 0.281973 4
2.072608 -0.079745 0.289862 4
2.107398 -0.220927 0.375054 4
2.144896 -0.358931 0.456027 4
2.184983 -0.493864 0.532937 4
2.228631 -0.652298 0.625421 4
2.276892 -0.840803 0.737803 4
2.330098 -1.049955 0.862669 4
-1.102741 1.501925 1.049512 0
-1.088001 1.461279 1.074082 0
-1.053935 1.430197 1.079339 0
-1.052723 1.381787 1.118202 0
-1.055837 1.330116 1.162257 0
-1.038152 1.289124 1.185211 0
-1.034028 1.239836 1.222947 0
-0.991705 1.212503 1.220051 0
-0.997303 1.156067 1.269310 0
-0.970091 1.119104 1.283163 0
-0.993131 1.049260 1.353631 0
-0.951867 1.020432 1.352422 0
-0.939878 0.971768 1.384730 0
-0.926432 0.923323 1.415951 0
-0.893185 0.888481 1.424283 0
-0.893281 0.828692 1.472700 0
-0.870174 0.785299 1.493933 0
-0.857827 0.732917 1.528831 0
-0.835626 0.687525 1.552137 0
-0.845891 0.614496 1.617175 0
-0.806582 0.581751 1.619931 0
-0.798922 0.521301 1.663980 0
-1.537365 -0.213913 2.699826 1
-1.327624 -0.108265 2.488541 1
-1.282383 -0.151136 2.495681 1
-1.203758 -0.161428 2.456473 1
-1.160149 -0.205224 2.465237 1
-1.082543 -0.214099 2.425405 1
-1.075612 -0.296222 2.486961 1
-1.031395 -0.340046 2.495224 1
-0.971117 -0.366099 2.479482 1
-0.932388 -0.416207 2.495996 1
-0.061151 0.518097 1.220361 2
0.227395 0.798183 0.821281 2
0.280175 0.800779 0.787056 2
0.345601 0.821168 0.730907 2
-0.032255 0.257689 1.410313 2
0.041330 0.277488 1.349582 2
0.101496 0.281305 1.309734 2
0.472701 0.735340 0.721466 2
0.501802 0.710122 0.723653 2
0.542029 0.701744 0.705609 2
0.582892 0.695205 0.685683 2
0.606566 0.661713 0.697676 2
0.627045 0.622139 0.716426 2
0.672903 0.625220 0.685703 2
0.717994 0.628495 0.655269 2
0.551199 0.243961 1.062668 2
0.751688 0.532642 0.710259 2
0.799409 0.542518 0.672881 2
0.814713 0.488742 0.705877 2
0.858517 0.492420 0.675763 2
0.898667 0.489846 0.652825 2
0.939039 0.489008 0.628347 2
0.978355 0.487072 0.605363 2
1.007000 0.460620 0.608337 2
1.043835 0.454144 0.590417 2
1.074063 0.431382 0.589432 2
1.048626 0.257214 0.742519 2
1.104147 0.298918 0.674857 2
1.123835 0.240225 0.708673 2
1.167434 0.251516 0.672368 3
1.188191 0.192091 0.706021 3
1.226856 0.189015 0.684055 3
1.202799 -0.033709 0.874269 6
1.250791 -0.010291 0.825526 6
1.285187 -0.035441 0.823500 6
1.334483 -0.000189 0.764569 6
1.381365 0.030606 0.710634 6
1.415043 0.006448 0.708182 6
1.454290 0.008549 0.681551 6
1.493272 0.011725 0.654213 6
1.528262 -0.004607 0.644687 6
1.569388 0.015640 0.602526 6
1.603365 -0.004516 0.596579 6
1.637918 -0.021501 0.587745 6
1.682954 0.041118 0.509770 6
1.710988 -0.023485 0.542371 6
1.740522 -0.085211 0.571719 6
1.770134 -0.157738 0.609447 8
1.803777 -0.198463 0.619630 8
1.838020 -0.239372 0.629537 8
1.877528 -0.204510 0.576665 8
1.926411 0.039380 0.354008 4
1.959324 0.020554 0.347385 4
1.992707 0.013086 0.331534 4
2.026361 0.027278 0.298516 4
2.059294 0.013773 0.287621 4
2.092615 -0.067056 0.329150 4
2.128447 -0.211435 0.418761 4
2.166714 -0.339828 0.494229 4
2.214009 -0.644378 0.701668 4
2.253052 -0.645580 0.676974 4
2.301354 -0.809883 0.773866 4
2.356072 -1.021248 0.903350 4
-1.153051 1.497535 1.159200 0
-1.040734 1.504163 1.085284 0
-1.048378 1.452106 1.133278 0
-1.053537 1.400218 1.179586 0
-1.023616 1.366255 1.189565 0
-1.026914 1.313737 1.235198 0
-1.000376 1.277275 1.249254 0
-0.986543 1.233147 1.277398 0
-0.986722 1.179883 1.321647 0
-0.985752 1.126222 1.365489 0
-0.932511 1.105185 1.350308 0
-0.950773 1.037432 1.417517 0
-0.910976 1.007410 1.417933 0
-0.897464 0.959177 1.449473 0
-0.875775 0.916056 1.471743 0
-0.881628 0.851993 1.528160 0
-0.865880 0.802744 1.559063 0
-0.846669 0.755386 1.586246 0
-0.813037 0.718937 1.595543 0
-0.812010 0.655376 1.647180 0
-0.813954 0.587672 1.704017 0
-1.675643 -0.233710 2.910003 1
-1.568582 -0.227921 2.839177 1
-1.466867 -0.224244 2.773340 1
-1.353637 -0.206987 2.689206 1
-1.242707 -0.188617 2.605539 1
-1.135247 -0.170363 2.524071 1
-1.090974 -0.213864 2.532235 1
-1.010111 -0.218819 2.486149 1
-1.001980 -0.300922 2.548205 1
-0.010514 0.648512 1.156912 2
0.251246 0.890208 0.796875 2
0.307299 0.897154 0.756312 2
0.344863 0.882760 0.744636 2
-0.118913 0.224223 1.570323 2
0.018632 0.324546 1.402785 2
-0.000325 0.219356 1.500227 2
0.466546 0.790610 0.743654 2
0.502241 0.775169 0.733866 2
0.548636 0.776060 0.704079 2
0.576142 0.749425 0.708465 2
0.612971 0.737213 0.695265 2
0.643489 0.715320 0.693859 2
0.681461 0.705908 0.677617 2
0.721803 0.701349 0.655924 2
0.517855 0.261224 1.141068 2
0.744270 0.588003 0.733598 2
0.788278 0.590222 0.704026 2
0.838030 0.605318 0.660375 2
0.865151 0.576704 0.666375 2
0.896232 0.555834 0.663579 2
0.946107 0.575964 0.615702 2
0.986461 0.577411 0.588936 2
1.021189 0.567160 0.575169 2
1.054004 0.552883 0.565843 2
1.080507 0.522927 0.573167 2
1.028635 0.285523 0.797811 2
1.106054 0.384761 0.668384 2
1.124763 0.326176 0.703700 2
1.162252 0.320096 0.684653 2
1.190150 0.285228 0.694920 2
1.206808 0.212177 0.743130 2
1.241954 0.196982 0.732848 3
1.223829 -0.008787 0.910227 6
1.268001 0.000777 0.874156 6
1.317703 0.035292 0.814410 6
1.357249 0.033135 0.790692 6
1.392331 0.012987 0.784302 6
1.432879 0.018193 0.753957 6
1.466110 -0.010369 0.755475 6
1.508850 0.010278 0.711237 6
1.547240 0.011338 0.685538 6
1.581981 -0.007503 0.678177 6
1.620692 -0.000366 0.647329 6
1.660828 0.021122 0.603991 6
1.695091 0.002817 0.596428 6
1.728562 -0.023252 0.595592 6
1.760670 -0.065490 0.608613 6
1.795666 -0.082937 0.599801 6
1.826330 -0.156796 0.639115 8
1.862825 -0.164050 0.621080 8
1.898904 -0.176187 0.607211 8
1.945329 0.047895 0.396784 4
1.979226 0.051910 0.371317 4
2.013171 0.074683 0.330725 4
2.045892 0.052964 0.326650 4
2.078836 0.047877 0.309044 4
2.112956 -0.070700 0.381792 4
2.149216 -0.180347 0.445928 4
2.199628 -0.653165 0.792396 4
2.241592 -0.707506 0.808283 4
2.277741 -0.638518 0.728920 4
2.327583 -0.806502 0.830813 4
2.384041 -1.018590 0.963715 4
-1.056690 1.515824 1.161322 0
-1.022666 1.484391 1.166627 0
-1.013410 1.440234 1.198198 0
-0.976284 1.410386 1.200168 0
-1.013428 1.339731 1.283195 0
-0.989779 1.301459 1.300689 0
-0.991913 1.247822 1.347319 0
-0.948913 1.220291 1.343542 0
-0.940339 1.171758 1.379087 0
-0.917865 1.131278 1.399079 0
-0.916562 1.076491 1.444414 0
-0.901747 1.029668 1.474515 0
-0.884255 0.983997 1.501935 0
-0.858811 0.943382 1.520067 0
-0.848460 0.891285 1.557337 0
-0.839919 0.836811 1.597718 0
-0.826107 0.785314 1.632247 0
-0.812974 0.732320 1.668434 0
-0.775933 0.697988 1.673840 0
-1.601703 -0.243127 2.984653 1
-1.499074 -0.240511 2.917494 1
-1.395532 -0.234357 2.846761 1
-1.272800 -0.206734 2.745872 1
-1.173630 -0.198671 2.676241 1
-1.106484 -0.220672 2.652020 1
-0.018304 0.709585 1.184029 2
0.241332 0.941163 0.825696 2
0.302679 0.953459 0.776394 2
0.360977 0.964152 0.730349 2
-0.145524 0.271190 1.630485 2
-0.132137 0.207705 1.674815 2
-0.069583 0.207340 1.635195 2
0.467649 0.855425 0.752818 2
0.513040 0.853856 0.725115 2
0.545558 0.834945 0.720043 2
0.580041 0.819157 0.711098 2
0.606015 0.790691 0.718115 2
0.656100 0.799949 0.678328 2
0.689491 0.783902 0.670236 2
0.728142 0.777028 0.651136 2
0.528360 0.356713 1.128191 2
0.753595 0.672984 0.721096 2
0.799295 0.678945 0.686760 2
0.832996 0.663704 0.677700 2
0.875832 0.666911 0.647449 2
0.903941 0.641524 0.650360 2
0.958862 0.672678 0.589126 2
0.988258 0.651308 0.587841 2
1.028686 0.654929 0.558721 2
1.046536 0.606745 0.587052 2
1.070452 0.571168 0.601007 2
0.981483 0.245453 0.928022 2
1.105935 0.462863 0.667583 2
1.132200 0.427817 0.679518 2
1.155611 0.383077 0.701296 2
1.184690 0.353095 0.707176 2
1.214832 0.325382 0.710471 2
1.238602 0.275676 0.736057 2
1.260751 0.217225 0.769900 2
1.304106 0.231908 0.729515 3
1.285985 0.014247 0.921017 6
1.324708 0.004545 0.903740 6
1.360693 -0.015891 0.897087 6
1.411894 0.032353 0.823790 6
1.449528 0.023517 0.806443 6
1.485952 0.009548 0.794101 6
1.525265 0.011857 0.766416 6
1.559197 -0.014858 0.766176 6
1.604204 0.027462 0.701716 6
1.641051 0.023172 0.681027 6
1.679466 0.032823 0.647792 6
1.711986 -0.001768 0.654886 6
1.746466 -0.022650 0.649367 6
1.783941 -0.013859 0.617396 6
1.816859 -0.052920 0.627848 6
1.848343 -0.120027 0.662337 8
1.883726 -0.143309 0.658113 8
1.918779 -0.177873 0.663383 8
1.965235 0.077516 0.422164 4
1.999495 0.100710 0.380327 4
2.032379 0.084879 0.371536 4
2.065469 0.096110 0.340292 4
2.098371 0.064118 0.344763 4
2.133585 -0.069792 0.431646 4
2.170968 -0.185708 0.502238 4
2.225757 -0.681158 0.873910 4
2.264615 -0.655855 0.827117 4
2.306685 -0.695998 0.832080 4
2.355335 -0.819210 0.901068 4
2.411394 -1.003609 1.015493 4
-1.031965 1.499197 1.237440 0
-1.004880 1.463796 1.250477 0
-0.991555 1.421025 1.278709 0
-0.984988 1.374021 1.314922 0
-0.942954 1.346211 1.311736 0
-0.919910 1.307767 1.329924 0
-0.933304 1.247256 1.390571 0
-0.920776 1.201123 1.422116 0
-0.902706 1.157800 1.447651 0
-0.897314 1.105667 1.488917 0
-0.882500 1.058824 1.519539 0
-0.852587 1.021704 1.532043 0
-0.824262 0.983300 1.546655 0
-0.825209 0.923232 1.598749 0
-0.806005 0.876859 1.626052 0
-0.808977 0.812630 1.682982 0
-1.530556 -0.255612 3.064334 1
-1.427768 -0.252091 2.994610 1
-1.290104 -0.212045 2.871020 1
-1.217672 -0.232169 2.841148 1
-1.096265 -0.200862 2.735528 1
-0.089620 0.766708 1.255543 2
0.209132 1.025193 0.840758 2
0.262235 1.026459 0.805122 2
0.307345 1.020052 0.781215 2
-0.146251 0.426678 1.582274 2
-0.145252 0.351762 1.645441 2
-0.123475 0.300172 1.675179 2
-0.099908 0.249633 1.702834 2
0.494040 0.952818 0.716762 2
0.525769 0.933476 0.712505 2
0.537909 0.886803 0.744279 2
0.581460 0.884079 0.718135 2
0.616149 0.869330 0.707995 2
0.652938 0.858240 0.693356 2
0.696960 0.859272 0.663668 2
0.738580 0.857783 0.637682 2
0.496441 0.378250 1.203611 2
0.760486 0.751622 0.713485 2
0.806410 0.758293 0.677704 2
0.834954 0.734423 0.679235 2
0.869708 0.722259 0.666742 2
0.919293 0.740198 0.618952 2
0.952653 0.727314 0.607957 2
0.995291 0.734722 0.573637 2
1.020695 0.705854 0.581402 2
1.048403 0.681505 0.583803 2
1.074484 0.652808 0.590948 2
0.981379 0.327335 0.928116 2
1.107218 0.542640 0.662719 2
1.123550 0.482843 0.702600 2
1.157085 0.467749 0.693247 2
1.184711 0.435631 0.702199 2
1.200438 0.365830 0.750907 2
1.238774 0.363582 0.727460 2
1.275974 0.359036 0.706694 2
1.285402 0.257917 0.786036 2
1.313045 0.215625 0.803513 2
1.345426 0.189172 0.804433 3
1.342225 0.014844 0.954043 6
1.383246 0.015281 0.926451 6
1.423067 0.012424 0.902426 6
1.467935 0.036434 0.852307 6
1.507501 0.038107 0.824587 6
1.538307 -0.007209 0.842413 6
1.580205 0.010754 0.799336 6
1.617823 0.006089 0.778223 6
1.653754 -0.008762 0.766831 6
1.692779 0.001041 0.732518 6
1.731928 0.017293 0.692656 6
1.768527 0.015885 0.669407 6
1.804067 0.006145 0.653892 6
1.836251 -0.045391 0.675930 6
1.869167 -0.099359 0.699519 8
1.905073 -0.115668 0.689264 8
1.940922 -0.134812 0.681427 8
1.985868 0.132434 0.425461 4
2.019112 0.132571 0.403047 4
2.052193 0.144722 0.370576 4
2.084853 0.117381 0.371745 4
2.118101 0.073807 0.386220 4
2.154140 -0.052843 0.469007 4
2.191996 -0.159081 0.533308 4
2.250569 -0.664059 0.920603 4
2.290554 -0.660128 0.890337 4
2.329828 -0.650830 0.855996 4
2.379301 -0.776295 0.928650 4
-0.977505 1.497113 1.282490 0
-0.969240 1.451840 1.316682 0
-0.945881 1.414019 1.334339 0
-0.936088 1.368410 1.367792 0
-0.913333 1.329538 1.386745 0
-0.925776 1.269534 1.447515 0
-0.924211 1.216507 1.492880 0
-0.904846 1.173553 1.517620 0
-0.877432 1.135315 1.532885 0
-0.843709 1.101069 1.540463 0
-0.828687 1.054006 1.571642 0
-0.830943 0.993994 1.625594 0
-0.806743 0.951720 1.646473 0
-0.798818 0.896829 1.689169 0
-1.343000 -0.251340 3.052840 1
-1.227947 -0.231661 2.959122 1
-0.063479 0.862934 1.229924 2
0.216161 1.093746 0.842594 2
0.249984 1.073894 0.837367 2
0.307704 1.080883 0.792830 2
-0.162983 0.485130 1.625359 2
-0.147111 0.428894 1.663754 2
-0.140518 0.359887 1.719444 2
-0.122800 0.302484 1.757601 2
0.481323 0.997145 0.749997 2
0.518010 0.984171 0.736810 2
0.563534 0.983825 0.706728 2
0.595302 0.965478 0.701482 2
0.621194 0.938829 0.707371 2
0.675523 0.954342 0.657589 2
0.685827 0.904342 0.694183 2
0.740381 0.922838 0.641639 2
0.447496 0.373686 1.314844 2
0.781833 0.852962 0.674660 2
0.805690 0.822043 0.685572 2
0.850303 0.827969 0.650567 2
0.871293 0.791465 0.668233 2
0.912975 0.793860 0.638242 2
0.947950 0.784368 0.623058 2
0.981410 0.772431 0.611006 2
1.014773 0.760798 0.598746 2
1.048239 0.749925 0.585749 2
1.078913 0.733155 0.579736 2
1.098376 0.689478 0.604594 2
1.102112 0.604317 0.676008 2
1.133518 0.585835 0.670964 2
1.155907 0.542805 0.693271 2
1.182272 0.508884 0.704994 2
1.205915 0.465467 0.726776 2
1.235552 0.438274 0.730444 2
1.261171 0.397132 0.748906 2
1.285395 0.348908 0.774441 2
1.316790 0.323242 0.775575 2
1.346903 0.291863 0.782517 2
1.369147 0.227570 0.823294 2
1.365936 0.050510 0.979003 6
1.400336 0.022186 0.980379 6
1.443477 0.034099 0.940964 6
1.478641 0.009489 0.938585 6
1.518874 0.011401 0.909783 6
1.556597 0.001481 0.892923 6
1.594470 -0.006401 0.874184 6
1.633795 -0.002826 0.844523 6
1.670037 -0.018784 0.833867 6
1.710297 -0.001418 0.791601 6
1.749740 0.015838 0.749973 6
1.787551 0.024234 0.717119 6
1.820092 -0.023759 0.736692 6
1.857750 -0.011728 0.700772 6
1.890202 -0.076425 0.734864 6
1.926361 -0.089054 0.721312 8
1.971461 0.144610 0.488245 4
2.005911 0.179278 0.434843 4
2.038268 0.137059 0.449483 4
2.071498 0.183099 0.387036 4
2.104284 0.137987 0.403874 4
2.137883 0.090760 0.421985 4
2.174994 -0.041636 0.511510 4
2.234039 -0.624246 0.976284 4
2.274655 -0.630007 0.953662 4
2.315405 -0.640059 0.934657 4
2.354712 -0.631544 0.900531 4
2.410066 -0.814204 1.021159 4
-0.992095 1.509345 1.361681 0
-0.980010 1.465548 1.392517 0
-0.920079 1.446721 1.368515 0
-0.929995 1.390394 1.425493 0
-0.896175 1.357540 1.431765 0
-0.913128 1.295017 1.499051 0
-0.893238 1.253018 1.522952 0
-0.869384 1.213038 1.542350 0
-0.855437 1.166377 1.574445 0
-0.831661 1.125484 1.594704 0
-0.805688 1.085710 1.612464 0
-0.810850 1.023801 1.671150 0
-0.057452 0.936948 1.235195 2
0.227641 1.165775 0.837110 2
0.274267 1.159793 0.810648 2
0.326012 1.160409 0.774819 2
-0.138771 0.589333 1.600105 2
-0.132294 0.524321 1.653556 2
-0.128492 0.454095 1.713469 2
-0.133517 0.370803 1.791028 2
0.481390 1.057634 0.760328 2
0.521113 1.048651 0.741224 2
0.567651 1.049515 0.708705 2
0.592176 1.021751 0.716677 2
0.610576 0.985001 0.736820 2
0.663095 0.996801 0.690480 2
0.702399 0.990931 0.668877 2
0.739413 0.982495 0.651117 2
0.419965 0.406665 1.381441 2
0.768092 0.893394 0.710801 2
0.798902 0.874439 0.706625 2
0.860107 0.909013 0.634079 2
0.887713 0.886253 0.635469 2
0.927922 0.886974 0.607366 2
0.969208 0.891208 0.575400 2
0.990507 0.856803 0.591447 2
1.004288 0.805527 0.627631 2
1.038205 0.795470 0.613398 2
1.072917 0.787852 0.596452 2
1.103554 0.771539 0.590020 2
1.103237 0.680096 0.671542 2
1.128868 0.648313 0.682280 2
1.160221 0.630472 0.676709 2
1.189447 0.606800 0.677772 2
1.209521 0.556326 0.708917 2
1.235310 0.520014 0.723561 2
1.255512 0.464372 0.759209 2
1.281069 0.422672 0.778796 2
1.307078 0.380103 0.798843 2
1.339819 0.359444 0.794806 2
1.364342 0.306827 0.824795 2
1.394197 0.271841 0.835461 2
1.425877 0.242584 0.839783 2
1.416146 0.022214 1.042314 6
1.456359 0.018707 1.017900 6
1.485617 -0.040011 1.050055 6
1.528992 -0.025686 1.007621 6
1.573054 -0.002197 0.956569 6
1.611385 -0.009486 0.936794 6
1.650361 -0.010475 0.910972 6
1.690173 -0.001875 0.876053 6
1.728016 -0.005180 0.853061 6
1.765426 -0.009810 0.831540 6
1.802995 -0.009840 0.805816 6
1.839689 -0.016595 0.786668 6
1.876535 -0.018251 0.762880 6
1.910991 -0.059132 0.775585 8
1.946842 -0.082016 0.771337 8
1.990914 0.162843 0.523517 4
2.024908 0.184591 0.480874 4
2.057891 0.170981 0.470342 4
2.090800 0.183327 0.436793 4
2.123274 0.189466 0.409055 4
2.158485 0.081899 0.480481 4
2.195662 -0.020268 0.545756 4
2.259556 -0.618378 1.033412 4
2.299025 -0.601369 0.991200 4
2.342675 -0.651570 1.005841 4
2.378954 -0.602514 0.937333 4
2.436320 -0.793017 1.067230 4
-1.796338 1.193544 2.293006 1
-1.751966 1.153285 2.298525 1
-0.929238 1.511170 1.398237 0
-0.917235 1.467286 1.429690 0
-0.906626 1.422026 1.463372 0
-0.914176 1.365861 1.519658 0
-0.875185 1.335327 1.520130 0
-0.871016 1.284225 1.563632 0
-0.829646 1.255041 1.561221 0
-0.815729 1.208741 1.593555 0
-0.802401 1.161329 1.627313 0
-0.796195 1.108324 1.671137 0
0.166163 1.218302 0.898826 2
0.235700 1.233120 0.836795 2
0.269963 1.214499 0.829808 2
0.338628 1.232156 0.765809 2
-0.156668 0.645782 1.644940 2
-0.131596 0.602223 1.667063 2
-0.117806 0.545015 1.709481 2
-0.104118 0.486079 1.753546 2
0.490108 1.127859 0.754961 2
0.531740 1.121521 0.731678 2
0.548698 1.084467 0.753561 2
0.598651 1.090187 0.713507 2
0.632814 1.076072 0.702520 2
0.666027 1.061087 0.692990 2
0.713209 1.066793 0.654889 2
0.753639 1.064089 0.629155 2
0.333700 0.350101 1.571868 2
0.788767 0.989122 0.672897 2
0.819324 0.971363 0.667759 2
0.864776 0.979184 0.628953 2
0.891116 0.955171 0.632455 2
0.926765 0.947841 0.614281 2
0.959201 0.935283 0.603109 2
0.991499 0.922919 0.591861 2
1.012392 0.887882 0.609206 2
1.041721 0.869368 0.605631 2
1.072804 0.854681 0.597351 2
1.093608 0.816953 0.617217 2
1.104553 0.754408 0.666553 2
1.128533 0.720238 0.680972 2
1.153866 0.688192 0.692517 2
1.175737 0.645718 0.715974 2
1.203012 0.616122 0.723942 2
1.228870 0.581342 0.737622 2
1.256797 0.551268 0.745577 2
1.288974 0.533552 0.739322 2
1.311574 0.483730 0.768978 2
1.341773 0.457302 0.772041 2
1.357121 0.374741 0.836572 2
1.391379 0.358972 0.827108 2
1.420336 0.321365 0.841228 2
1.439398 0.237605 0.904277 2
1.427641 0.000566 1.128403 6
1.463771 -0.026483 1.127926 6
1.509071 -0.005556 1.077368 6
1.549013 -0.009681 1.053363 6
1.590330 -0.003031 1.018588 6
1.628009 -0.017023 1.005152 6
1.669053 -0.005357 0.966004 6
1.707314 -0.010842 0.944420 6
1.745632 -0.013406 0.920137 6
1.783387 -0.018513 0.898567 6
1.822937 0.000857 0.853451 6
1.860657 0.006239 0.822354 6
1.898268 0.017855 0.785656 6
1.931974 -0.040563 0.815485 6
1.967839 -0.068001 0.815592 8
2.011047 0.206225 0.535732 4
2.044347 0.205230 0.513530 4
2.077401 0.182043 0.511723 4
2.110439 0.183553 0.487426 4
2.143275 0.181302 0.466699 4
2.178501 0.103990 0.512712 4
2.216208 0.005351 0.576441 4
2.284222 -0.591136 1.072787 4
2.322774 -0.563023 1.020443 4
2.362236 -0.557683 0.988221 4
2.407655 -0.622658 1.015943 4
2.461878 -0.763255 1.106470 4
-1.798097 1.279881 2.319302 1
-1.750835 1.240881 2.321368 1
-0.904984 1.493038 1.480531 0
-0.883134 1.453745 1.501178 0
-0.871332 1.408560 1.534503 0
-0.870494 1.356397 1.582168 0
-0.830581 1.326256 1.581412 0
-0.825624 1.275058 1.625252 0
-0.805756 1.232210 1.650671 0
-0.792786 1.184378 1.685666 0
0.175370 1.286487 0.897192 2
0.244375 1.299990 0.835278 2
0.261531 1.264864 0.855637 2
0.332560 1.283588 0.787445 2
-0.127642 0.751539 1.610905 2
-0.128600 0.681722 1.676482 2
-0.105103 0.636543 1.701692 2
-0.096376 0.573656 1.753931 2
0.503413 1.202117 0.741091 2
0.537589 1.187084 0.730671 2
0.567042 1.166614 0.728689 2
0.608546 1.161721 0.703622 2
0.640646 1.145430 0.695880 2
0.671706 1.128043 0.689908 2
0.699564 1.106387 0.690203 2
0.123375 0.205978 1.939259 2
0.274848 0.341410 1.705198 2
0.781351 1.038332 0.695287 2
0.824399 1.040664 0.662453 2
0.854139 1.022474 0.658222 2
0.902653 1.036553 0.610571 2
0.934160 1.022834 0.600933 2
0.958371 0.996114 0.608611 2
0.993017 0.988660 0.590919 2
1.004815 0.937049 0.630642 2
1.050433 0.952030 0.584253 2
1.073753 0.922306 0.595398 2
1.106763 0.913006 0.580622 2
1.122435 0.864736 0.614512 2
1.130284 0.795391 0.673620 2
1.152319 0.756929 0.693861 2
1.175869 0.720641 0.711008 2
1.206136 0.700850 0.708010 2
1.224912 0.648530 0.743518 2
1.256496 0.630728 0.737748 2
1.286894 0.609252 0.736256 2
1.309842 0.563244 0.762945 2
1.331672 0.510485 0.796736 2
1.356615 0.465103 0.821447 2
1.392315 0.457295 0.803480 2
1.417400 0.408080 0.831688 2
1.436676 0.330296 0.890685 2
1.463160 0.277293 0.921460 2
1.490578 0.223954 0.951897 2
1.481202 -0.024259 1.190310 6
1.525457 -0.009975 1.145730 6
1.569279 0.006880 1.099065 6
1.610100 0.010116 1.067247 6
1.646861 -0.011763 1.061760 6
1.688900 0.006607 1.014968 6
1.728778 0.013896 0.980060 6
1.764794 -0.010916 0.977870 6
1.804133 -0.001264 0.941155 6
1.841847 -0.004694 0.917815 6
1.879258 -0.008516 0.895064 6
1.916808 -0.004794 0.865180 6
1.953906 -0.001625 0.836138 6
1.989258 -0.045777 0.852543 8
2.030647 0.231596 0.564335 4
2.063857 0.226755 0.545537 4
2.096770 0.241720 0.508454 4
2.129713 0.222323 0.503461 4
2.163347 0.186426 0.513408 4
2.200446 0.081068 0.585828 4
2.238887 -0.009000 0.643032 4
2.305026 -0.502640 1.057862 4
2.345958 -0.518454 1.043972 4
2.387683 -0.542436 1.037170 4
2.432407 -0.594359 1.054381 4
2.493605 -0.789867 1.194206 4
-1.806632 1.422547 2.297523 1
-1.768729 1.379568 2.309903 1
-1.857515 1.279719 2.469356 1
-0.919264 1.505302 1.564394 0
-0.856692 1.487060 1.535416 0
-0.872636 1.426773 1.603993 0
-0.842141 1.391163 1.615081 0
-0.826645 1.346722 1.645576 0
-0.797918 1.309663 1.659375 0
0.145491 1.369081 0.909338 2
0.203091 1.370162 0.866055 2
0.240682 1.354381 0.853452 2
0.283128 1.343754 0.832417 2
0.347193 1.355122 0.774682 2
-0.149765 0.803031 1.662797 2
-0.132439 0.753126 1.697499 2
-0.108915 0.708677 1.722502 2
-0.102834 0.644146 1.779367 2
0.503298 1.259477 0.751277 2
0.532912 1.239184 0.748923 2
0.562745 1.219284 0.746049 2
0.613867 1.226033 0.702292 2
0.625470 1.183830 0.733977 2
0.675980 1.191859 0.689479 2
0.706081 1.173871 0.684650 2
0.059948 0.201929 2.081230 2
0.761094 1.130911 0.685468 2
0.809050 1.140117 0.641768 2
0.831960 1.112353 0.651547 2
0.870767 1.109605 0.625928 2
0.897091 1.087276 0.628072 2
0.940407 1.093959 0.590211 2
0.955620 1.052454 0.618747 2
0.992398 1.049076 0.595262 2
1.018063 1.025595 0.599039 2
1.025024 0.964709 0.652101 2
1.077915 0.994998 0.584835 2
1.101355 0.966197 0.595347 2
1.121148 0.928454 0.617055 2
1.125873 0.854362 0.684403 2
1.152895 0.829174 0.688914 2
1.172300 0.784327 0.717731 2
1.203579 0.768138 0.710595 2
1.226139 0.728327 0.732349 2
1.250558 0.691781 0.749655 2
1.267880 0.632258 0.794064 2
1.300498 0.616519 0.785592 2
1.320682 0.560068 0.825032 2
1.353084 0.541802 0.819162 2
1.381907 0.510368 0.828481 2
1.412837 0.485433 0.830082 2
1.439016 0.440124 0.854610 2
1.460781 0.372093 0.904068 2
1.489879 0.331249 0.922258 2
1.514133 0.263103 0.970072 2
1.497830 -0.027976 1.260389 6
1.542611 -0.012249 1.213228 6
1.581219 -0.029174 1.201768 6
1.630660 0.027297 1.112298 6
1.661474 -0.040177 1.154852 6
1.708170 0.012084 1.071413 6
1.745339 -0.007032 1.063153 6
1.785225 0.001341 1.026644 6
1.823370 -0.003948 1.004480 6
1.862501 0.008201 0.964930 6
1.899259 -0.008921 0.955121 6
1.936637 -0.014050 0.933403 6
1.974406 -0.001088 0.894096 6
2.009928 -0.062308 0.927459 8
2.050132 0.243940 0.605531 4
2.083449 0.239876 0.585748 4
2.117018 0.205218 0.595105 4
2.149618 0.229463 0.548746 4
2.182757 0.217291 0.536902 4
2.221912 0.082635 0.638126 4
2.262072 -0.021595 0.709512 4
2.330129 -0.485769 1.105908 4
2.368811 -0.472141 1.065496 4
2.408730 -0.477718 1.042620 4
2.460686 -0.598990 1.122055 4
2.522259 -0.782045 1.253883 4
-1.843443 1.494027 2.363626 1
-1.754639 1.471447 2.317753 1
-0.888657 1.489676 1.643338 0
-0.828235 1.470166 1.616305 0
-0.814716 1.425382 1.649097 0
-0.815240 1.371799 1.701004 0
0.144128 1.426160 0.924371 2
0.221787 1.443840 0.848832 2
0.250269 1.420332 0.850177 2
0.284344 1.402029 0.842296 2
0.344622 1.408891 0.790368 2
-0.144836 0.881648 1.669019 2
-0.122312 0.838065 1.694393 2
-0.104988 0.788295 1.729698 2
-0.111898 0.711471 1.809457 2
0.510463 1.324211 0.748170 2
0.512920 1.273586 0.795519 2
0.566157 1.280600 0.748869 2
0.606965 1.274467 0.724320 2
0.648009 1.269626 0.698358 2
0.681530 1.256190 0.686398 2
0.718612 1.247969 0.666725 2
0.060057 0.289035 2.091783 2
0.760931 1.189051 0.692558 2
0.796214 1.179311 0.675766 2
0.836264 1.177469 0.647746 2
0.866566 1.161670 0.640611 2
0.892775 1.139544 0.642711 2
0.942288 1.156092 0.589777 2
0.959075 1.118682 0.613831 2
0.981530 1.090078 0.625101 2
1.007014 1.066371 0.629362 2
1.041589 1.059753 0.610212 2
1.068475 1.038712 0.610869 2
1.084373 0.994729 0.642103 2
1.121294 0.993902 0.615616 2
1.126421 0.923398 0.680785 2
1.150420 0.892485 0.693311 2
1.174090 0.859690 0.707944 2
1.188742 0.802823 0.752803 2
1.227646 0.806506 0.720543 2
1.255540 0.781772 0.724234 2
1.281645 0.751193 0.734986 2
1.296578 0.685514 0.788352 2
1.328238 0.668151 0.782118 2
1.355653 0.636595 0.792929 2
1.380778 0.595410 0.814879 2
1.403875 0.543967 0.848390 2
1.429429 0.498148 0.874614 2
1.450636 0.430622 0.925323 2
1.481876 0.401180 0.931372 2
1.506890 0.340465 0.972667 2
1.536795 0.298321 0.992197 2
1.563777 0.236280 1.033403 2
1.563357 0.004478 1.261171 6
1.603862 -0.001356 1.237425 6
1.648492 0.024130 1.179964 6
1.681373 -0.033035 1.212192 6
1.724700 -0.008843 1.156999 6
1.764481 -0.008957 1.128265 6
1.803695 -0.010839 1.101704 6
1.842872 -0.008639 1.071186 6
1.881492 -0.008257 1.042882 6
1.919906 -0.004474 1.011411 6
1.957775 -0.003059 0.982683 6
1.995119 -0.007067 0.959686 6
2.031499 -0.060610 0.986051 6
2.069883 0.282432 0.621542 4
2.103047 0.272435 0.607506 4
2.135908 0.275076 0.581298 4
2.168672 0.270813 0.561962 4
2.202915 0.229969 0.577509 4
2.242065 0.114342 0.662993 4
2.283535 0.000209 0.745372 4
2.352220 -0.427863 1.116554 4
2.393529 -0.448751 1.107544 4
2.427929 -0.399699 1.034829 4
2.487551 -0.585920 1.175115 4
-2.046151 1.504888 2.620125 1
-1.875662 1.509943 2.482071 1
-0.805875 1.501498 1.656482 0
-0.814453 1.444526 1.718941 0
0.160893 1.497538 0.910909 2
0.207092 1.488060 0.884616 2
0.269364 1.493385 0.831323 2
0.294351 1.467521 0.837641 2
0.349843 1.469437 0.793002 2
-0.150621 0.949153 1.693371 2
-0.128607 0.905642 1.719543 2
-0.115377 0.852541 1.762009 2
-0.102655 0.797520 1.806805 2
0.508590 1.378192 0.761421 2
0.532075 1.351784 0.769627 2
0.583097 1.356308 0.726028 2
0.597887 1.320199 0.750589 2
0.637656 1.313285 0.727030 2
0.688156 1.320665 0.681070 2
0.724023 1.311113 0.663173 2
0.058483 0.372683 2.105805 2
0.762766 1.249094 0.695379 2
0.806525 1.251519 0.659607 2
0.837288 1.236483 0.651172 2
0.864139 1.215871 0.651302 2
0.906519 1.219460 0.615497 2
0.935035 1.202247 0.611020 2
0.953476 1.168316 0.630915 2
0.983559 1.153487 0.622919 2
1.016481 1.144049 0.607409 2
1.044136 1.125488 0.605035 2
1.056025 1.076471 0.645079 2
1.099006 1.087428 0.601635 2
1.122358 1.059782 0.611682 2
1.119413 0.974415 0.699392 2
1.152613 0.964994 0.683812 2
1.165284 0.908114 0.731271 2
1.195358 0.890487 0.726321 2
1.214234 0.844285 0.758464 2
1.248659 0.837017 0.739912 2
1.275774 0.810301 0.746380 2
1.294200 0.757270 0.785793 2
1.324912 0.738428 0.781721 2
1.349558 0.699849 0.802027 2
1.378663 0.674139 0.806108 2
1.401863 0.626288 0.836862 2
1.430255 0.594555 0.847580 2
1.449992 0.526217 0.901556 2
1.471217 0.457706 0.954629 2
1.500111 0.417282 0.973796 2
1.529102 0.374007 0.995788 2
1.554677 0.308863 1.042335 2
1.586431 0.270976 1.056921 2
1.578792 -0.012483 1.347703 6
1.621660 -0.006304 1.309806 6
1.664093 0.001433 1.270698 6
1.702945 -0.014649 1.258231 6
1.744358 -0.007039 1.220069 6
1.782925 -0.022534 1.207288 6
1.821675 -0.035642 1.192005 6
1.864602 0.011910 1.112626 6
1.902578 0.000988 1.095776 6
1.941004 0.002327 1.066285 6
1.978662 -0.007933 1.049066 6
2.016885 0.015052 0.997996 6
2.053453 -0.061048 1.047923 6
2.089577 0.296851 0.661257 4
2.122766 0.292685 0.641286 4
2.156742 0.254841 0.654677 4
2.189261 0.268772 0.617031 4
2.223415 0.240103 0.621113 4
2.263305 0.128106 0.704951 4
2.308069 -0.017329 0.818950 4
2.369196 -0.315460 1.074847 4
2.409933 -0.339268 1.069396 4
2.457442 -0.422264 1.118662 4
2.513864 -0.565574 1.222237 4
-2.325711 1.497507 2.967683 1
-2.129881 1.504828 2.803204 1
0.124459 1.572622 0.934211 2
0.145754 1.542622 0.947552 2
0.213955 1.550063 0.886038 2
0.240788 1.525273 0.889812 2
0.294199 1.523221 0.849647 2
0.350707 1.525319 0.802880 2
-0.139084 1.032125 1.688176 2
-0.132247 0.975432 1.740140 2
-0.106427 0.935468 1.760249 2
-0.103598 0.871985 1.822334 2
0.512403 1.437563 0.764276 2
0.547786 1.424312 0.749902 2
0.572680 1.400151 0.754874 2
0.619572 1.400722 0.717497 2
0.657740 1.392559 0.695867 2
0.700645 1.390957 0.663889 2
0.733695 1.378372 0.650832 2
0.069812 0.471852 2.092893 2
0.779605 1.328053 0.666204 2
0.818365 1.324061 0.640029 2
0.851597 1.313331 0.625067 2
0.882708 1.300115 0.614324 2
0.910103 1.281710 0.611803 2
0.924329 1.242743 0.640553 2
0.957490 1.233076 0.624688 2
0.983950 1.212836 0.624862 2
1.016402 1.202919 0.609866 2
1.032665 1.164448 0.636656 2
1.067023 1.158332 0.616357 2
1.089657 1.130381 0.627513 2
1.116256 1.109665 0.628226 2
1.142045 1.087030 0.631563 2
1.152153 1.029792 0.682493 2
1.165863 0.977462 0.725650 2
1.191494 0.950441 0.733706 2
1.225480 0.943274 0.715000 2
1.246119 0.902591 0.740980 2
1.272007 0.873947 0.750606 2
1.298973 0.847285 0.757404 2
1.312250 0.779100 0.817381 2
1.341652 0.756002 0.818724 2
1.371765 0.734624 0.817789 2
1.400856 0.709245 0.821785 2
1.422596 0.656034 0.860049 2
1.446174 0.605610 0.894084 2
1.472806 0.563558 0.917219 2
1.500327 0.522093 0.939111 2
1.520808 0.444259 1.003835 2
1.556353 0.433135 0.988473 2
1.577939 0.347338 1.060644 2
1.606268 0.289535 1.098915 2
1.634470 0.223557 1.145750 2
1.640181 -0.009381 1.381698 6
1.679103 -0.031095 1.374915 6
1.725038 0.006769 1.301462 6
1.765315 0.003713 1.274501 6
1.803426 -0.019657 1.270160 6
1.844331 -0.008811 1.228467 6
1.881957 -0.038937 1.231541 6
1.923697 0.005053 1.155105 6
1.962113 0.000676 1.131099 6
2.000742 0.014904 1.087772 6
2.038096 -0.015437 1.091432 6
2.075844 -0.086748 1.137131 6
2.109730 0.288237 0.725054 4
2.143127 0.290347 0.698255 4
2.176523 0.283441 0.680800 4
2.209586 0.281348 0.658657 4
2.241749 0.290874 0.625219 4
2.283647 0.157559 0.732095 4
2.328528 0.022892 0.838219 4
2.376620 -0.115297 0.945666 4
2.426387 -0.241610 1.039678 4
2.480328 -0.380954 1.144131 4
2.546376 -0.591548 1.313313 4
0.124277 1.629097 0.947534 2
0.180273 1.625437 0.905734 2
0.204485 1.598592 0.913664 2
0.276101 1.609506 0.844260 2
0.309111 1.590894 0.836650 2
0.350012 1.579356 0.815388 2
-0.142781 1.100353 1.708979 2
-0.127722 1.052182 1.746555 2
-0.109668 1.005702 1.780015 2
-0.101813 0.948398 1.832965 2
0.493645 1.473657 0.808545 2
0.537081 1.468018 0.779377 2
0.581570 1.464587 0.747110 2
0.621212 1.457072 0.723021 2
0.654435 1.443244 0.710687 2
0.702231 1.446886 0.668534 2
0.734703 1.433721 0.656190 2
0.061543 0.544615 2.120929 2
0.780079 1.383801 0.671849 2
0.810745 1.368959 0.662812 2
0.858500 1.377903 0.615361 2
0.868484 1.335287 0.651881 2
0.901990 1.325562 0.635353 2
0.930339 1.308698 0.630426 2
0.956385 1.288387 0.630972 2
0.985455 1.272907 0.624100 2
0.998829 1.231226 0.657136 2
1.038514 1.233815 0.623010 2
1.062397 1.209361 0.629758 2
1.090853 1.193041 0.624403 2
1.114993 1.168433 0.631184 2
1.137394 1.139767 0.643634 2
1.149391 1.088250 0.688301 2
1.178386 1.071338 0.683295 2
1.190379 1.015529 0.732554 2
1.210998 0.977049 0.756869 2
1.236655 0.949311 0.765981 2
1.270223 0.941310 0.748180 2
1.290543 0.897994 0.777937 2
1.316458 0.868190 0.789144 2
1.346833 0.850548 0.784105 2
1.361752 0.783932 0.842737 2
1.394071 0.770000 0.832359 2
1.423802 0.747301 0.833275 2
1.451469 0.716216 0.844676 2
1.466479 0.633308 0.920589 2
1.493221 0.591248 0.944373 2
1.519715 0.544647 0.973185 2
1.544697 0.486492 1.015408 2
1.569002 0.418530 1.068555 2
1.603146 0.397281 1.064842 2
1.628494 0.321767 1.125262 2
1.648819 0.201794 1.236563 2
1.666843 0.043858 1.389805 6
1.703840 0.008786 1.398719 6
1.742237 -0.017914 1.397764 6
1.786497 0.013866 1.330550 6
1.822554 -0.038164 1.358266 6
1.865857 0.000702 1.284382 6
1.906289 0.013953 1.239820 6
1.945959 0.026693 1.196421 6
1.983437 -0.009100 1.206082 6
2.022320 0.003305 1.163729 6
2.060454 0.000944 1.137614 6
2.098842 -0.078970 1.193431 6
2.130078 0.297405 0.771765 4
2.163756 0.293774 0.750467 4
2.197512 0.284017 0.735635 4
2.229782 0.300399 0.694295 4
2.266365 0.243230 0.727616 4
2.305059 0.173373 0.772838 4
2.353853 0.007893 0.911788 4
2.399153 -0.088338 0.980115 4
2.451388 -0.227900 1.089202 4
2.509831 -0.393248 1.221034 4
2.568783 -0.536534 1.329217 4
0.133798 1.691988 0.945695 2
0.177071 1.678659 0.923511 2
0.214483 1.661777 0.909999 2
0.270530 1.659766 0.865374 2
0.294359 1.633685 0.872949 2
0.357096 1.639366 0.814758 2
-0.130919 1.181367 1.703077 2
-0.107934 1.141318 1.726229 2
-0.098440 1.088514 1.774102 2
-0.102126 1.022028 1.847416 2
0.511562 1.545702 0.785497 2
0.558793 1.544030 0.748214 2
0.582524 1.519674 0.754424 2
0.627942 1.518066 0.718662 2
0.661117 1.504434 0.705797 2
0.707381 1.506052 0.666003 2
0.731518 1.483440 0.670207 2
0.080237 0.649365 2.092519 2
0.780310 1.438465 0.678058 2
0.817763 1.432523 0.653722 2
0.855329 1.427702 0.628142 2
0.869092 1.391266 0.655796 2
0.902993 1.382239 0.637788 2
0.940010 1.378524 0.611606 2
0.962253 1.353449 0.620338 2
0.976519 1.315378 0.649506 2
1.001249 1.292981 0.653438 2
1.040057 1.294134 0.620765 2
1.065653 1.273589 0.622096 2
1.087662 1.246340 0.633566 2
1.114451 1.227427 0.632271 2
1.147784 1.221304 0.612005 2
1.143835 1.139898 0.702711 2
1.170915 1.119294 0.703134 2
1.190574 1.082008 0.727507 2
1.213296 1.050126 0.743654 2
1.242389 1.032382 0.739520 2
1.266706 1.002570 0.752252 2
1.288225 0.964211 0.776480 2
1.322518 0.959193 0.754615 2
1.338054 0.900892 0.805212 2
1.366992 0.879279 0.805607 2
1.388969 0.834787 0.836279 2
1.414761 0.800192 0.853286 2
1.440152 0.762111 0.874426 2
1.467657 0.729502 0.888032 2
1.489257 0.670997 0.934346 2
1.511539 0.609879 0.983001 2
1.538699 0.565027 1.010276 2
1.566395 0.518648 1.038835 2
1.588072 0.435404 1.112074 2
1.623074 0.418086 1.103558 2
1.645795 0.323039 1.188877 2
1.665777 0.193478 1.313784 2
1.687662 0.054171 1.447836 6
1.728049 0.044876 1.426667 6
1.766289 0.016759 1.427625 6
1.804841 -0.011279 1.428318 6
1.847467 0.010544 1.371850 6
1.886102 -0.015431 1.370358 6
1.927475 0.008806 1.312353 6
1.965747 -0.024005 1.318674 6
2.005473 -0.014187 1.277689 6
2.044498 -0.011290 1.244806 6
2.083046 0.012841 1.189304 6
2.125406 -0.292379 1.488331 8
2.150911 0.299311 0.827005 4
2.183260 0.335654 0.763115 4
2.217590 0.310690 0.764296 4
2.250805 0.308619 0.741530 4
2.284797 0.293476 0.732410 4
2.329255 0.159730 0.844134 4
2.376431 0.028006 0.951680 4
2.423783 -0.079609 1.033003 4
2.476236 -0.210387 1.135692 4
2.537614 -0.386967 1.281448 4
0.090258 1.761923 0.980902 2
0.115739 1.735533 0.987195 2
0.179821 1.735827 0.931881 2
0.218467 1.719697 0.916017 2
0.277854 1.719496 0.865372 2
0.335464 1.719581 0.815996 2
0.396026 1.723605 0.759919 2
-0.101938 1.274983 1.667497 2
-0.132105 1.191628 1.782973 2
-0.088422 1.168895 1.770278 2
-0.084489 1.111084 1.829320 2
0.533774 1.619967 0.754334 2
0.564556 1.602736 0.746850 2
0.593034 1.583561 0.743476 2
0.625249 1.568382 0.732661 2
0.673810 1.570848 0.688941 2
0.709816 1.561248 0.668972 2
0.749323 1.556342 0.641001 2
0.068978 0.716799 2.127052 2
0.787180 1.500362 0.670083 2
0.824743 1.494701 0.644720 2
0.845258 1.468166 0.656469 2
0.880418 1.460600 0.635298 2
0.900072 1.432596 0.649472 2
0.931890 1.421273 0.635300 2
0.955358 1.398238 0.640956 2
0.979466 1.375896 0.645369 2
0.999827 1.347392 0.659700 2
1.036002 1.344059 0.633352 2
1.055313 1.313243 0.651191 2
1.085238 1.300187 0.640792 2
1.108036 1.274493 0.650221 2
1.130366 1.247310 0.661724 2
1.147413 1.208938 0.689941 2
1.172973 1.186414 0.693759 2
1.190645 1.146582 0.723173 2
1.216583 1.123342 0.727573 2
1.235457 1.083126 0.756531 2
1.263267 1.062669 0.756434 2
1.288583 1.035576 0.765753 2
1.318672 1.020312 0.758169 2
1.336642 0.971246 0.797851 2
1.362798 0.943047 0.807869 2
1.379625 0.884736 0.858813 2
1.410320 0.867262 0.853398 2
1.437733 0.838384 0.863317 2
1.455973 0.774489 0.919472 2
1.485138 0.747202 0.926329 2
1.505113 0.680491 0.984327 2
1.534977 0.650642 0.993582 2
1.556479 0.579222 1.055700 2
1.591052 0.566093 1.042759 2
1.614030 0.489452 1.109616 2
1.635873 0.395341 1.196840 2
1.660859 0.307107 1.275107 2
1.664667 0.050025 1.557799 6
1.704520 0.029931 1.548736 6
1.744904 0.014109 1.534577 6
1.788674 0.034158 1.477944 6
1.828526 0.018824 1.463796 6
1.869896 0.026129 1.423352 6
1.910294 0.027245 1.390618 6
1.950588 0.036540 1.348935 6
1.988614 -0.010246 1.371469 6
2.028478 0.006451 1.322019 6
2.067479 0.005534 1.292901 6
2.105918 0.027769 1.238523 6
2.152255 -0.347992 1.620931 8
2.172362 0.295473 0.889628 4
2.205287 0.319448 0.837740 4
2.238383 0.325847 0.805331 4
2.273355 0.299998 0.807419 4
2.307390 0.289751 0.792927 4
2.350377 0.185673 0.876039 4
2.398088 0.058399 0.981423 4
2.447123 -0.056795 1.072438 4
2.506977 -0.235846 1.226335 4
2.567484 -0.391915 1.354267 4
-0.118977 1.778690 1.221693 2
-0.074016 1.760833 1.201307 2
-0.028853 1.743852 1.179859 2
0.135176 1.803811 0.969759 2
0.203265 1.806216 0.907094 2
0.241693 1.790220 0.890713 2
0.281343 1.775709 0.871695 2
0.326442 1.765883 0.842821 2
0.368970 1.755094 0.817321 2
0.427901 1.758021 0.762445 2
-0.111552 1.279066 1.761242 2
-0.091609 1.236988 1.790113 2
-0.087820 1.180228 1.849348 2
0.517506 1.657929 0.794368 2
0.555498 1.646884 0.773476 2
0.614263 1.656366 0.711876 2
0.635983 1.631539 0.720497 2
0.673638 1.622680 0.697657 2
0.712770 1.616212 0.670940 2
0.739067 1.596803 0.669758 2
0.072911 0.801176 2.129784 2
0.796809 1.564216 0.656188 2
0.840696 1.566342 0.616034 2
0.846830 1.523197 0.658888 2
0.873675 1.504986 0.656181 2
0.911282 1.501164 0.628230 2
0.936928 1.482024 0.627702 2
0.956743 1.454593 0.641494 2
0.975624 1.425184 0.658354 2
1.009767 1.418319 0.636992 2
1.035488 1.399007 0.636817 2
1.060823 1.379006 0.637800 2
1.081191 1.350417 0.652702 2
1.120878 1.355230 0.613740 2
1.143482 1.330415 0.622617 2
1.157175 1.287983 0.658910 2
1.160149 1.222183 0.730625 2
1.197317 1.223298 0.698181 2
1.202141 1.156095 0.770044 2
1.237196 1.152781 0.744489 2
1.262300 1.127302 0.752362 2
1.284440 1.093780 0.771863 2
1.304712 1.053903 0.800169 2
1.332496 1.032162 0.801760 2
1.362362 1.015884 0.795496 2
1.384188 0.975637 0.823114 2
1.406728 0.935113 0.850520 2
1.435099 0.911337 0.854178 2
1.450366 0.840577 0.922014 2
1.477453 0.807383 0.937546 2
1.499098 0.750445 0.984580 2
1.526646 0.713134 1.004544 2
1.554038 0.672176 1.028849 2
1.577468 0.608195 1.082635 2
1.611082 0.590310 1.075765 2
1.631855 0.498655 1.163341 2
1.656160 0.415144 1.238861 2
1.678247 0.302901 1.348968 2
1.675587 -0.019479 1.718482 6
1.726100 0.039396 1.610917 6
1.764537 0.001750 1.623121 6
1.808656 0.021845 1.565037 6
1.850839 0.029849 1.522361 6
1.890896 0.014182 1.508448 6
1.931382 0.007832 1.483647 6
1.972449 0.025660 1.430884 6
2.012102 0.018597 1.407708 6
2.051335 -0.013444 1.413435 6
2.090798 0.002859 1.363903 6
2.133134 -0.192512 1.553695 8
2.193651 0.307817 0.935773 4
2.227114 0.320042 0.895862 4
2.262240 0.298856 0.892839 4
2.295801 0.300419 0.865146 4
2.330015 0.291586 0.848872 4
2.374770 0.180822 0.940781 4
2.421271 0.075789 1.024887 4
2.474816 -0.066765 1.146440 4
2.532349 -0.215511 1.272081 4
2.592751 -0.361769 1.392780 4
-0.107383 1.800913 1.267456 2
-0.047901 1.791321 1.224054 2
0.004118 1.778521 1.191065 2
0.053297 1.765003 1.161525 2
0.164570 1.793216 1.029372 2
0.268834 1.820514 0.904653 2
0.336262 1.825609 0.838072 2
0.355331 1.797624 0.852183 2
0.418270 1.802313 0.790242 2
0.459952 1.792437 0.763831 2
-0.107261 1.294712 1.832557 2
-0.090960 1.249143 1.869205 2
0.539231 1.729109 0.763966 2
0.575914 1.717299 0.744477 2
0.614529 1.707966 0.720531 2
0.648227 1.694827 0.705340 2
0.674520 1.675012 0.704369 2
0.711970 1.666590 0.680622 2
0.056986 0.934592 2.093074 2
0.077697 0.885222 2.130836 2
0.801983 1.621660 0.651917 2
0.826474 1.601075 0.653735 2
0.866532 1.599087 0.620677 2
0.877762 1.562641 0.652406 2
0.907105 1.548227 0.643094 2
0.928661 1.523840 0.652088 2
0.962971 1.516624 0.630308 2
0.987677 1.496596 0.631675 2
1.002158 1.461391 0.659445 2
1.034059 1.451631 0.642876 2
1.060204 1.433401 0.641111 2
1.086731 1.415819 0.638332 2
1.106620 1.386925 0.654395 2
1.126773 1.357652 0.670729 2
1.163142 1.357474 0.639566 2
1.172155 1.306080 0.691161 2
1.191576 1.272740 0.713011 2
1.210733 1.237522 0.737324 2
1.232998 1.207556 0.752963 2
1.253569 1.172633 0.775856 2
1.276232 1.141105 0.793095 2
1.309415 1.134479 0.772576 2
1.326983 1.088091 0.811516 2
1.360794 1.083337 0.788423 2
1.380051 1.037876 0.824992 2
1.401815 0.996979 0.854207 2
1.428186 0.968178 0.865547 2
1.447650 0.914580 0.911610 2
1.473187 0.878362 0.932419 2
1.497333 0.834379 0.963508 2
1.521129 0.785354 1.000834 2
1.547084 0.741210 1.030746 2
1.574942 0.701889 1.053528 2
1.598011 0.634879 1.112654 2
1.626750 0.590344 1.140941 2
1.650281 0.509797 1.215642 2
1.669692 0.389883 1.339783 2
1.696943 0.304606 1.417114 2
1.699798 0.006647 1.763008 6
1.741568 -0.010070 1.748532 6
1.785627 -0.002364 1.703732 6
1.826575 -0.023985 1.695838 6
1.871693 0.014268 1.614641 6
1.912853 0.007341 1.589571 6
1.955473 0.042897 1.513717 6
1.994464 -0.004485 1.537893 6
2.035146 0.009322 1.489215 6
2.075052 0.007379 1.459669 6
2.114580 0.008928 1.426427 6
2.158953 -0.197956 1.633289 8
2.252297 0.275070 1.006305 4
2.285411 0.293315 0.959000 4
2.320646 0.279147 0.948018 4
2.353129 0.293245 0.906207 4
2.398426 0.187947 0.994085 4
2.445018 0.090672 1.071656 4
2.499142 -0.046548 1.190158 4
2.558198 -0.196663 1.320001 4
-0.063976 1.841249 1.263982 2
-0.002803 1.832869 1.216399 2
0.052940 1.822655 1.176041 2
0.097310 1.806575 1.153014 2
0.223585 1.844479 0.992527 2
0.285302 1.843556 0.936293 2
0.331255 1.833378 0.905316 2
0.392080 1.834922 0.847246 2
0.427129 1.819057 0.833017 2
-0.095411 1.374094 1.825684 2
-0.086138 1.324033 1.874643 2
0.535982 1.777809 0.780069 2
0.595705 1.785328 0.716526 2
0.613173 1.757644 0.732443 2
0.638791 1.736986 0.732845 2
0.683749 1.734630 0.694456 2
0.724758 1.729736 0.662685 2
0.053601 1.007923 2.111927 2
0.770603 1.685598 0.672179 2
0.801780 1.672277 0.659356 2
0.835268 1.662026 0.640930 2
0.862644 1.645403 0.635538 2
0.883521 1.621234 0.644898 2
0.912876 1.607236 0.634790 2
0.927442 1.574677 0.659788 2
0.958948 1.563652 0.644402 2
0.974216 1.530886 0.669150 2
1.008299 1.523940 0.646807 2
1.032862 1.503808 0.648538 2
1.038506 1.454537 0.701493 2
1.087421 1.471840 0.637600 2
1.101182 1.433771 0.670277 2
1.136167 1.430615 0.643015 2
1.161936 1.412177 0.642022 2
1.166362 1.353983 0.706935 2
1.190321 1.330261 0.713927 2
1.208862 1.295101 0.739297 2
1.234057 1.272442 0.744087 2
1.250617 1.230344 0.779561 2
1.277576 1.209923 0.780299 2
1.309886 1.202106 0.761476 2
1.324588 1.150800 0.809726 2
1.362015 1.156233 0.770851 2
1.378883 1.106799 0.815144 2
1.396141 1.055055 0.861925 2
1.424843 1.034810 0.861388 2
1.450301 1.003594 0.876797 2
1.476024 0.971563 0.893028 2
1.493876 0.908738 0.952822 2
1.516175 0.857265 0.995346 2
1.543708 0.822851 1.013115 2
1.564638 0.756335 1.074943 2
1.596493 0.734746 1.073875 2
1.625090 0.695362 1.096933 2
1.641593 0.583501 1.217003 2
1.663910 0.489603 1.310774 2
1.687172 0.386302 1.415107 2
1.705345 0.224869 1.593432 3
1.719586 -0.006262 1.858662 6
1.762714 -0.016009 1.834625 6
1.805309 -0.028963 1.814979 6
1.850229 -0.008611 1.753572 6
1.892947 -0.007188 1.716782 6
1.934355 -0.022908 1.701735 6
1.977530 0.015989 1.619812 6
2.018044 -0.005608 1.612745 6
2.058945 0.011309 1.559246 6
2.099233 -0.005022 1.546241 6
2.277986 0.240673 1.108061 4
2.311029 0.265929 1.051514 4
2.346440 0.257199 1.033935 4
2.377623 0.286788 0.973837 4
2.420904 0.208302 1.033851 4
2.470194 0.097163 1.128367 4
2.527058 -0.049365 1.259443 4
-0.014573 1.884640 1.249761 2
0.036281 1.870639 1.217218 2
0.066714 1.845463 1.217258 2
0.198189 1.883115 1.047917 2
0.261254 1.881523 0.989581 2
0.345293 1.895628 0.893063 2
0.390718 1.885919 0.861162 2
0.397044 1.849337 0.897905 2
0.465163 1.857496 0.823721 2
-0.077913 1.400670 1.873935 2
-0.071591 1.348229 1.929557 2
-0.055203 1.302551 1.967824 2
0.585342 1.784544 0.795900 2
0.682605 1.826006 0.655414 2
0.693040 1.793150 0.684450 2
0.733275 1.787424 0.653490 2
0.047146 1.077720 2.137455 2
0.792968 1.758328 0.632171 2
0.805876 1.726796 0.657627 2
0.823659 1.699707 0.673326 2
0.854461 1.686625 0.660299 2
0.870989 1.657579 0.679650 2
0.909481 1.654097 0.648177 2
0.926253 1.624920 0.667612 2
0.957344 1.613381 0.652776 2
0.985496 1.598506 0.644725 2
1.000915 1.566407 0.669137 2
1.033795 1.558253 0.648819 2
1.059869 1.540818 0.645978 2
1.073570 1.504430 0.677356 2
1.101022 1.488612 0.671460 2
1.135484 1.484633 0.644967 2
1.155268 1.456436 0.661148 2
1.153228 1.388185 0.745636 2
1.185765 1.380443 0.725671 2
1.212759 1.362761 0.722833 2
1.228124 1.321436 0.759220 2
1.256454 1.305544 0.753165 2
1.276386 1.271164 0.777180 2
1.299964 1.243676 0.789635 2
1.323142 1.214247 0.804889 2
1.347038 1.185450 0.818816 2
1.375194 1.166890 0.816565 2
1.405381 1.153889 0.805816 2
1.425419 1.111129 0.840439 2
1.445692 1.066163 0.877632 2
1.469859 1.030812 0.899738 2
1.486575 0.966906 0.963383 2
1.517747 0.951141 0.955568 2
1.543169 0.912482 0.980885 2
1.563586 0.849237 1.040763 2
1.585402 0.785409 1.100235 2
1.613115 0.743319 1.128045 2
1.637501 0.678939 1.186166 2
1.658104 0.583508 1.285748 2
1.683249 0.501773 1.364724 2
1.709845 0.416320 1.447128 2
1.720012 0.182565 1.725877 3
1.742314 0.001057 1.930222 6
1.785322 -0.013191 1.911507 6
1.830175 -0.003087 1.861398 6
1.874109 0.005314 1.814270 6
1.916288 -0.005674 1.792580 6
1.959069 0.003268 1.745973 6
2.000953 0.004664 1.709509 6
2.042279 -0.000647 1.681875 6
2.083258 0.025043 1.616475 6
2.123969 -0.003094 1.617664 6
2.346288 0.145559 1.254146 4
2.377428 0.194754 1.168651 4
2.411446 0.206678 1.126781 4
2.441714 0.243113 1.057867 4
2.495363 0.107065 1.182446 4
2.555060 -0.048336 1.326108 4
0.009352 1.913674 1.275585 2
0.083026 1.912547 1.204397 2
0.108616 1.885036 1.211801 2
0.253337 1.930510 1.015823 2
0.292980 1.914572 0.995904 2
0.353979 1.913385 0.937618 2
0.425595 1.921167 0.858354 2
0.449045 1.897215 0.864097 2
0.477239 1.876707 0.861185 2
-0.070921 1.419407 1.942740 2
-0.040185 1.385823 1.953250 2
0.547536 1.804816 0.879314 2
0.668569 1.862846 0.692246 2
0.729395 1.874121 0.619883 2
0.043280 1.214159 2.079726 2
0.063629 1.168641 2.115301 2
0.782476 1.797076 0.662165 2
0.798282 1.768746 0.681452 2
0.834141 1.760619 0.657039 2
0.867243 1.750399 0.637895 2
0.883462 1.722117 0.656976 2
0.908398 1.703245 0.656343 2
0.946483 1.700101 0.624054 2
0.954090 1.660481 0.665439 2
0.988214 1.653318 0.641994 2
0.991169 1.605638 0.697838 2
1.027372 1.601614 0.668739 2
1.061081 1.595155 0.645065 2
1.076377 1.562290 0.671308 2
1.103119 1.545948 0.666523 2
1.134790 1.537661 0.647262 2
1.163620 1.525420 0.635622 2
1.176232 1.485502 0.673424 2
1.188822 1.443693 0.713674 2
1.204802 1.406227 0.745484 2
1.236488 1.397893 0.726687 2
1.256357 1.366164 0.747950 2
1.279519 1.340198 0.759102 2
1.302531 1.313102 0.771887 2
1.327123 1.288777 0.779858 2
1.346943 1.252014 0.807790 2
1.374261 1.232631 0.807286 2
1.401003 1.211432 0.809660 2
1.416041 1.156258 0.865218 2
1.439659 1.122719 0.886040 2
1.464222 1.090252 0.904762 2
1.481119 1.029920 0.965388 2
1.508174 1.000635 0.978075 2
1.529899 0.949242 1.023365 2
1.559222 0.924168 1.028936 2
1.580715 0.863373 1.086441 2
1.608335 0.824723 1.110785 2
1.630059 0.752101 1.183169 2
1.655566 0.690613 1.238319 2
1.677834 0.600601 1.332334 2
1.700572 0.498367 1.441449 2
1.698417 0.188443 1.834105 3
1.743323 0.204313 1.775331 3
1.761386 -0.031701 2.057555 6
1.809236 -0.001472 1.978381 6
1.853345 -0.002813 1.942379 6
1.897394 0.003033 1.897482 6
1.939104 -0.028315 1.901656 6
1.982736 -0.010110 1.841759 6
2.025442 0.010934 1.779184 6
2.066958 -0.016963 1.779535 6
2.108338 0.000143 1.723290 6
0.027006 1.939326 1.311881 2
0.101149 1.938030 1.238461 2
0.122340 1.907904 1.253498 2
0.270486 1.954422 1.047731 2
0.335540 1.954287 0.982399 2
0.393983 1.951723 0.926772 2
0.434804 1.938890 0.901455 2
0.463686 1.918521 0.897411 2
0.511380 1.912044 0.857637 2
-0.046812 1.451284 1.980316 2
-0.016997 1.416980 1.992767 2
0.628050 1.878882 0.782111 2
0.685989 1.885432 0.716490 2
0.748587 1.898047 0.638848 2
0.072098 1.250434 2.110061 2
0.085295 1.198451 2.161517 2
0.770655 1.791490 0.749246 2
0.824464 1.800066 0.685656 2
0.866804 1.798914 0.645544 2
0.877285 1.765064 0.677551 2
0.901427 1.745325 0.678651 2
0.929736 1.730370 0.669785 2
0.954259 1.711248 0.669919 2
0.978713 1.692056 0.670299 2
0.994699 1.662020 0.692612 2
1.033179 1.661041 0.656672 2
1.052490 1.634992 0.670929 2
1.087172 1.630381 0.643411 2
1.116644 1.619098 0.629421 2
1.131580 1.585875 0.657218 2
1.149862 1.556804 0.676645 2
1.172337 1.533840 0.684415 2
1.200698 1.520709 0.674186 2
1.200631 1.456336 0.756183 2
1.235421 1.453953 0.726371 2
1.249839 1.412644 0.765486 2
1.263135 1.366878 0.811437 2
1.295028 1.358688 0.792040 2
1.323921 1.344594 0.783093 2
1.345766 1.314092 0.801813 2
1.367617 1.282264 0.822320 2
1.395280 1.264112 0.819998 2
1.416839 1.229004 0.845175 2
1.438664 1.192642 0.871814 2
1.463264 1.162547 0.887944 2
1.477463 1.097006 0.959293 2
1.503854 1.067509 0.973215 2
1.528455 1.029755 0.999503 2
1.552552 0.987120 1.032641 2
1.580413 0.956573 1.046888 2
1.604485 0.906693 1.089603 2
1.626324 0.840428 1.155582 2
1.652965 0.791046 1.195561 2
1.668263 0.669499 1.339028 2
1.693562 0.590697 1.418453 2
1.679622 0.218814 1.911816 3
1.724465 0.229505 1.858433 3
1.763924 0.199390 1.862731 3
1.785586 -0.021846 2.130180 6
1.832595 -0.001855 2.063268 6
1.877310 0.000507 2.021326 6
1.921651 0.007291 1.974119 6
1.964915 0.003981 1.941058 6
2.007607 -0.007075 1.918663 6
2.050052 -0.027454 1.908696 6
2.092447 -0.016605 1.858443 6
2.134702 -0.037793 1.849959 6
0.030388 1.999508 1.321140 2
0.065796 1.976354 1.312781 2
0.103643 1.954950 1.299850 2
0.276496 2.011757 1.050242 2
0.344011 2.012116 0.979847 2
0.359580 1.982207 1.000891 2
0.413373 1.976520 0.952420 2
0.447315 1.958990 0.939297 2
0.482162 1.942576 0.923956 2
-0.031961 1.532121 1.966360 2
-0.018333 1.486478 2.009689 2
0.576951 1.889142 0.893838 2
0.656411 1.910459 0.785793 2
0.706331 1.910468 0.734886 2
0.761358 1.916450 0.671323 2
0.097283 1.283474 2.148227 2
0.767727 1.838658 0.763587 2
0.807033 1.832327 0.731897 2
0.830166 1.811010 0.735733 2
0.859584 1.796094 0.725164 2
0.891828 1.784587 0.707494 2
0.939526 1.790790 0.651740 2
0.959483 1.767123 0.662162 2
0.989766 1.755400 0.647026 2
1.008733 1.730276 0.660501 2
1.036720 1.716223 0.650843 2
1.040904 1.670895 0.705244 2
1.093166 1.689862 0.629090 2
1.103159 1.651148 0.669392 2
1.124915 1.628338 0.677602 2
1.153671 1.616008 0.665437 2
1.181440 1.602549 0.655801 2
1.195955 1.567168 0.687727 2
1.218970 1.545172 0.694037 2
1.226147 1.493869 0.754052 2
1.250877 1.473062 0.757345 2
1.280845 1.462397 0.742420 2
1.299854 1.429531 0.767204 2
1.318935 1.395349 0.793745 2
1.343000 1.370916 0.802830 2
1.369318 1.351155 0.803733 2
1.382602 1.298272 0.860665 2
1.417465 1.298816 0.826963 2
1.441054 1.269731 0.843028 2
1.451739 1.201119 0.923442 2
1.483627 1.192681 0.904692 2
1.499491 1.132090 0.969881 2
1.524185 1.097007 0.993250 2
1.547158 1.052955 1.030184 2
1.569699 1.003262 1.075090 2
1.595736 0.963748 1.103410 2
1.623086 0.926702 1.127368 2
1.644556 0.856362 1.200945 2
1.669148 0.793448 1.261944 2
1.689594 0.696225 1.372340 2
1.677941 0.366002 1.821126 2
1.718262 0.352186 1.803102 2
1.713982 -0.039636 2.327300 6
1.763033 -0.021901 2.259828 6
1.810035 -0.014504 2.208078 6
1.856463 -0.003883 2.152711 6
1.900951 -0.011758 2.123804 6
1.944860 -0.025896 2.103888 6
1.989750 -0.001787 2.032407 6
2.032819 -0.021590 2.021066 6
2.075967 -0.033641 1.999495 6
2.119026 -0.048637 1.982070 6
0.055895 2.029327 1.344518 2
0.100342 2.010931 1.320107 2
0.169782 2.006965 1.250931 2
0.302045 2.040554 1.067403 2
0.341971 2.024440 1.045313 2
0.403357 2.022199 0.982908 2
0.440628 2.006360 0.963529 2
0.475945 1.989877 0.947157 2
0.525359 1.983633 0.902900 2
-0.020556 1.554940 2.028706 2
0.028431 1.535183 2.002495 2
0.620789 1.932531 0.868046 2
0.686912 1.943636 0.784339 2
0.711068 1.922642 0.786199 2
0.772888 1.933866 0.707062 2
0.756196 1.877948 0.797078 2
0.794583 1.870018 0.767462 2
0.825505 1.855952 0.753702 2
0.834939 1.821154 0.789382 2
0.883518 1.825391 0.733645 2
0.917662 1.816137 0.710582 2
0.936757 1.791096 0.723832 2
0.350802 1.073625 2.268788 2
1.009829 1.781161 0.662050 2
1.028030 1.755256 0.677669 2
1.056786 1.742311 0.665512 2
1.076967 1.718413 0.676670 2
1.103209 1.702465 0.671250 2
1.123655 1.678382 0.682593 2
1.145909 1.656524 0.689260 2
1.188411 1.665849 0.634157 2
1.183648 1.600873 0.725602 2
1.203146 1.572842 0.743580 2
1.225401 1.548788 0.753598 2
1.258954 1.544937 0.725454 2
1.275090 1.508889 0.757822 2
1.298853 1.486433 0.764526 2
1.324344 1.467120 0.765416 2
1.342349 1.431124 0.796195 2
1.363634 1.400831 0.816198 2
1.394494 1.392408 0.797498 2
1.409122 1.343442 0.849379 2
1.431754 1.312510 0.869266 2
1.452861 1.275656 0.898742 2
1.468917 1.221282 0.956891 2
1.495282 1.195177 0.966996 2
1.520492 1.163971 0.985233 2
1.542483 1.119214 1.025028 2
1.566663 1.078969 1.056741 2
1.592966 1.044027 1.079365 2
1.621404 1.015721 1.091084 2
1.637832 0.927442 1.195728 2
1.660426 0.858792 1.268033 2
1.684716 0.789937 1.339166 2
1.703469 0.675049 1.478245 2
1.708665 0.441899 1.791087 2
1.697334 0.022474 2.373133 6
1.744690 0.022949 2.329117 6
1.787231 -0.020680 2.349811 6
1.833535 -0.025883 2.314841 6
1.880021 -0.021420 2.266689 6
1.925913 -0.014705 2.216171 6
1.970629 -0.020318 2.183704 6
2.015888 0.019026 2.089555 6
2.059093 -0.012698 2.094408 6
0.097249 2.066997 1.340351 2
0.146843 2.051523 1.305704 2
0.203761 2.041010 1.256755 2
0.352327 2.083146 1.039374 2
0.393177 2.068142 1.014115 2
0.429214 2.051012 0.997007 2
0.473005 2.039341 0.964456 2
0.507119 2.022324 0.949549 2
0.548013 2.010431 0.920688 2
-0.006193 1.580097 2.086569 2
0.036850 1.555594 2.072224 2
0.650989 1.965260 0.868671 2
0.691953 1.956619 0.835939 2
0.724705 1.942283 0.819706 2
0.752063 1.923927 0.814715 2
0.790662 1.915699 0.784332 2
0.799253 1.881042 0.821358 2
0.852632 1.887789 0.755455 2
0.876404 1.867509 0.757326 2
0.901413 1.848492 0.756305 2
0.930197 1.833558 0.745920 2
0.962785 1.823188 0.725490 2
0.391948 1.124865 2.268256 2
0.421025 1.085285 2.291210 2
0.429837 1.019992 2.370364 2
1.078120 1.770019 0.676471 2
1.104955 1.755208 0.668643 2
1.129146 1.737026 0.668260 2
1.150383 1.714591 0.676839 2
1.174022 1.695389 0.678639 2
1.196825 1.674771 0.683347 2
1.201156 1.623875 0.748562 2
1.225387 1.603859 0.751206 2
1.246903 1.578844 0.763594 2
1.266058 1.548806 0.785401 2
1.293387 1.533426 0.778870 2
1.309178 1.494902 0.815995 2
1.348024 1.503201 0.765437 2
1.365154 1.465737 0.799985 2
1.393416 1.452176 0.790470 2
1.405404 1.398995 0.852124 2
1.426082 1.364372 0.879554 2
1.455966 1.352896 0.865895 2
1.477339 1.317454 0.894013 2
1.495880 1.271082 0.940218 2
1.519475 1.237393 0.963963 2
1.537818 1.183295 1.021352 2
1.563210 1.150082 1.042932 2
1.584675 1.098912 1.093466 2
1.609990 1.058840 1.124938 2
1.635471 1.015708 1.160649 2
1.657793 0.952148 1.228038 2
1.675237 0.853168 1.349691 2
1.703446 0.802287 1.394032 2
1.697741 0.517678 1.797407 2
1.675173 0.041925 2.484198 6
1.719714 0.011997 2.484321 6
1.768083 0.016906 2.432291 6
1.812933 -0.009660 2.427794 6
1.859407 -0.016117 2.393816 6
1.906785 0.000893 2.326317 6
1.951733 -0.014841 2.307111 6
1.997396 0.000177 2.244342 6
2.041820 -0.007738 2.215025 6
0.203237 2.096772 1.272010 2
0.243791 2.078099 1.250850 2
0.377345 2.111364 1.056262 2
0.398975 2.085328 1.066465 2
0.446451 2.074625 1.027371 2
0.481308 2.057212 1.011516 2
0.534388 2.052108 0.958940 2
0.561014 2.030736 0.957857 2
0.046868 1.632460 2.066321 2
0.065213 1.590750 2.102123 2
0.094711 1.556629 2.115472 2
0.707096 1.977701 0.867086 2
0.755029 1.975547 0.817040 2
0.782850 1.957955 0.810297 2
0.803454 1.934333 0.819842 2
0.835641 1.921029 0.802701 2
0.858026 1.899070 0.808266 2
0.894549 1.890845 0.779674 2
0.927698 1.880133 0.758302 2
0.946129 1.854616 0.773440 2
0.980986 1.846660 0.746660 2
1.006697 1.829207 0.743022 2
0.444384 1.116106 2.337205 2
0.461720 1.061196 2.394817 2
0.506618 1.039527 2.376855 2
1.138329 1.799176 0.643515 2
1.141746 1.753143 0.704127 2
1.176779 1.750360 0.670815 2
1.201679 1.733638 0.667871 2
1.204183 1.681943 0.737733 2
1.224056 1.655658 0.753747 2
1.253144 1.644326 0.739186 2
1.268367 1.608883 0.773206 2
1.293839 1.590866 0.772087 2
1.321415 1.576889 0.763201 2
1.343452 1.551923 0.775710 2
1.364277 1.523587 0.794366 2
1.383182 1.489792 0.822859 2
1.408257 1.468814 0.826966 2
1.426737 1.430991 0.861863 2
1.444199 1.388169 0.905033 2
1.469907 1.365225 0.911674 2
1.489026 1.322199 0.953716 2
1.514623 1.296091 0.965241 2
1.536795 1.257403 0.998291 2
1.556351 1.206462 1.051592 2
1.584583 1.183484 1.056417 2
1.608757 1.143014 1.090427 2
1.629096 1.081878 1.157954 2
1.649822 1.015005 1.233461 2
1.669275 0.932388 1.332931 2
1.694122 0.867566 1.401764 2
1.684550 0.575727 1.829995 2
1.650242 0.045623 2.624446 6
1.697415 0.030108 2.601427 6
1.744463 0.015312 2.577701 6
1.792585 0.014208 2.533471 6
1.840164 0.014133 2.488482 6
1.886255 0.000357 2.464808 6
1.933173 0.007990 2.409757 6
0.188300 2.023422 1.478520 2
0.269946 2.026593 1.379707 2
0.332702 2.021221 1.314520 2
0.386280 2.011994 1.265345 2
0.429116 1.997298 1.236179 2
0.491362 1.996361 1.165980 2
0.575147 2.012218 1.048126 2
0.092220 1.624956 2.135045 2
0.100459 1.575070 2.194694 2
0.139842 1.547851 2.187631 2
0.773359 1.999032 0.840475 2
0.809055 1.988023 0.815379 2
0.834274 1.968713 0.813865 2
0.845222 1.936651 0.846438 2
0.881416 1.927370 0.818766 2
0.926560 1.927698 0.767666 2
0.945662 1.903298 0.780708 2
0.979058 1.893572 0.757194 2
1.002084 1.873305 0.760280 2
1.030394 1.858979 0.749202 2
0.480228 1.161701 2.349332 2
0.504301 1.115541 2.388542 2
1.112891 1.815333 0.720389 2
1.140190 1.801220 0.710640 2
1.176871 1.800460 0.671639 2
1.198210 1.779001 0.679183 2
1.209302 1.741796 0.720620 2
1.225664 1.711175 0.746996 2
1.253686 1.698527 0.735005 2
1.271860 1.669462 0.757442 2
1.296024 1.650057 0.759618 2
1.309858 1.611114 0.801258 2
1.331087 1.584610 0.817116 2
1.359126 1.571214 0.806846 2
1.372595 1.526729 0.857318 2
1.402067 1.515744 0.842295 2
1.421882 1.482314 0.870260 2
1.446653 1.459552 0.877609 2
1.466035 1.421761 0.912663 2
1.489534 1.393084 0.930255 2
1.511288 1.357717 0.959583 2
1.532310 1.317627 0.996724 2
1.554134 1.277113 1.033807 2
1.580246 1.248770 1.048791 2
1.601079 1.198153 1.102007 2
1.625891 1.158868 1.134681 2
1.645129 1.090522 1.215880 2
1.669032 1.035993 1.272205 2
1.691190 0.964795 1.354985 2
1.713352 0.882343 1.454506 2
1.716112 0.656483 1.784894 2
0.004665 1.942120 1.906789 2
0.211806 2.009960 1.565750 2
0.292837 2.013014 1.465179 2
0.332881 1.993909 1.444414 2
0.388751 1.985436 1.390169 2
0.457077 1.986630 1.307782 2
0.549064 2.006187 1.171761 2
0.624935 2.017944 1.065898 2
0.129254 1.610874 2.225070 2
0.169587 1.584438 2.215465 2
0.794378 2.024694 0.857942 2
0.812673 1.999283 0.872966 2
0.840625 1.981867 0.865454 2
0.866223 1.962634 0.863425 2
0.897104 1.948459 0.848148 2
0.929911 1.936668 0.827355 2
0.960341 1.923170 0.811906 2
0.979463 1.898356 0.825973 2
1.024813 1.901718 0.769254 2
1.045604 1.879109 0.778489 2
1.077824 1.869704 0.755608 2
1.105318 1.855289 0.745546 2
1.127112 1.833948 0.752209 2
1.156637 1.822666 0.735540 2
1.173225 1.794034 0.759043 2
1.199046 1.777863 0.753996 2
1.233893 1.775479 0.718678 2
1.239865 1.728963 0.780825 2
1.265824 1.712750 0.776106 2
1.292038 1.697111 0.770393 2
1.308162 1.663472 0.802653 2
1.331941 1.642718 0.807497 2
1.360814 1.631700 0.792418 2
1.379876 1.600921 0.817629 2
1.401496 1.574301 0.833999 2
1.421574 1.543109 0.859011 2
1.443082 1.513811 0.879795 2
1.460746 1.473277 0.921686 2
1.482461 1.440920 0.947127 2
1.508758 1.419795 0.950971 2
1.530003 1.382719 0.984304 2
1.552932 1.348395 1.011868 2
1.570645 1.293541 1.075995 2
1.597935 1.268695 1.085008 2
1.621360 1.227115 1.123461 2
1.639885 1.160285 1.205292 2
1.663340 1.107855 1.260429 2
1.680460 1.016301 1.381424 2
1.709507 0.976927 1.411410 2
1.704632 0.720646 1.804617 2
0.043194 2.026701 1.848812 2
0.083354 2.002241 1.834245 2
0.115580 1.973971 1.835036 2
0.225669 1.990351 1.676969 2
0.294699 1.986238 1.598609 2
0.366811 1.986108 1.510962 2
0.449817 1.995341 1.396762 2
0.517374 1.997166 1.312200 2
0.613393 2.021239 1.161106 2
0.703337 2.044897 1.018124 2
0.763815 2.050021 0.937830 2
0.240356 1.595629 2.231275 2
0.841563 2.031563 0.871609 2
0.872989 2.017465 0.854793 2
0.904168 2.003701 0.837934 2
0.928861 1.984485 0.836994 2
0.945096 1.957212 0.858164 2
0.991487 1.959602 0.799798 2
1.017049 1.942093 0.795748 2
1.034991 1.916480 0.812890 2
1.075221 1.915551 0.767169 2
1.092213 1.888790 0.787436 2
1.119239 1.873673 0.778688 2
1.145789 1.858260 0.771088 2
1.167463 1.836623 0.778658 2
1.203941 1.835266 0.738680 2
1.231041 1.821786 0.727968 2
1.245709 1.789875 0.759575 2
1.269873 1.771690 0.759650 2
1.282446 1.734287 0.802283 2
1.314000 1.727865 0.776360 2
1.333234 1.700167 0.796959 2
1.355973 1.678105 0.805150 2
1.382201 1.662506 0.799691 2
1.402561 1.634745 0.819572 2
1.417312 1.593467 0.866585 2
1.441822 1.572211 0.872173 2
1.464817 1.546735 0.886080 2
1.479483 1.498642 0.944136 2
1.503055 1.471248 0.960678 2
1.528095 1.446793 0.971242 2
1.552671 1.419864 0.986290 2
1.571942 1.373916 1.036661 2
1.597333 1.345464 1.053512 2
1.616968 1.293234 1.113554 2
1.641785 1.256613 1.144020 2
1.655351 1.166345 1.269897 2
1.677751 1.105671 1.340633 2
1.701793 1.045168 1.409557 2
1.695269 0.795023 1.805734 2
0.097682 2.072848 1.822438 2
0.114260 2.036827 1.853912 2
0.126632 1.998009 1.894996 2
0.125967 1.951089 1.964585 2
0.228047 1.963000 1.818814 2
0.307836 1.964933 1.715930 2
0.408184 1.982654 1.564186 2
0.498338 1.997486 1.429661 2
0.591790 2.018113 1.282608 2
0.666322 2.028942 1.173873 2
0.733234 2.036967 1.078960 2
0.789920 2.039584 1.004982 2
0.289315 1.589663 2.299258 2
0.886602 2.036987 0.889898 2
0.913167 2.018960 0.884618 2
0.946911 2.007764 0.860364 2
0.972730 1.989741 0.856317 2
1.007282 1.980612 0.828256 2
1.036544 1.966883 0.813797 2
1.057759 1.944937 0.821806 2
1.084249 1.928721 0.814824 2
1.115000 1.917766 0.794791 2
1.137254 1.897088 0.800078 2
1.163514 1.881357 0.793099 2
1.185762 1.860527 0.798945 2
1.214908 1.849074 0.782227 2
1.245529 1.840359 0.759668 2
1.264335 1.814543 0.777800 2
1.292563 1.802930 0.762882 2
1.312000 1.777266 0.780352 2
1.333364 1.754159 0.791731 2
1.354722 1.730466 0.804196 2
1.379048 1.711801 0.805494 2
1.402418 1.691039 0.811348 2
1.414163 1.645265 0.870086 2
1.441669 1.631506 0.860490 2
1.463961 1.605814 0.875836 2
1.476922 1.555878 0.940257 2
1.498200 1.523887 0.967049 2
1.519515 1.490108 0.996802 2
1.544861 1.466108 1.006696 2
1.568555 1.435868 1.028517 2
1.592491 1.404500 1.052037 2
1.612660 1.357192 1.105268 2
1.633217 1.306560 1.163549 2
1.653480 1.248994 1.233396 2
1.676776 1.198164 1.289375 2
1.694614 1.113186 1.406015 2
1.689697 0.887215 1.772803 2
0.165652 2.037181 1.898029 2
0.168033 1.992592 1.961942 2
0.154479 1.937490 2.062556 2
0.270944 1.958615 1.880240 2
0.385446 1.983044 1.695683 2
0.461930 1.987146 1.591156 2
0.555000 2.005337 1.444071 2
0.617594 2.005585 1.363654 2
0.692988 2.017537 1.249135 2
0.759029 2.025317 1.153144 2
0.812302 2.025413 1.085419 2
0.364928 1.605658 2.301928 2
0.941037 2.050933 0.883192 2
0.432766 1.544408 2.311815 2
0.433280 1.481896 2.408849 2
1.021456 2.000056 0.861855 2
1.049835 1.985260 0.849731 2
1.076117 1.968617 0.843291 2
1.101987 1.951750 0.837886 2
1.131335 1.939162 0.821588 2
1.153047 1.917789 0.828778 2
1.182422 1.905967 0.811570 2
1.205730 1.886656 0.813867 2
1.224954 1.861569 0.830515 2
1.248266 1.841803 0.833868 2
1.281796 1.837434 0.800384 2
1.310699 1.826960 0.782434 2
1.337113 1.812999 0.773241 2
1.363362 1.799065 0.764369 2
1.370395 1.750145 0.834960 2
1.403519 1.748311 0.798724 2
1.417858 1.709920 0.843983 2
1.445279 1.697174 0.832474 2
1.455945 1.647067 0.901384 2
1.474617 1.612223 0.936326 2
1.497191 1.585084 0.954378 2
1.520228 1.557904 0.972139 2
1.540708 1.522094 1.007099 2
1.562916 1.488970 1.035872 2
1.584960 1.452997 1.069675 2
1.607455 1.415747 1.105239 2
1.628831 1.371103 1.154370 2
1.649182 1.317713 1.219186 2
1.670748 1.263254 1.284591 2
1.691889 1.199705 1.365600 2
1.713984 1.131777 1.452959 2
0.215763 1.990537 2.017660 2
0.313569 1.953843 1.944792 2
0.389326 1.954454 1.843563 2
0.452688 1.949300 1.767989 2
0.517228 1.946989 1.686631 2
0.607347 1.965697 1.538748 2
0.687372 1.980562 1.410401 2
0.775398 2.005296 1.256158 2
0.851290 2.024094 1.127384 2
0.924574 2.044199 1.000115 2
0.431570 1.553597 2.424016 2
0.476673 1.532457 2.399752 2
1.028494 2.012516 0.916864 2
1.067204 2.007900 0.874674 2
1.102761 2.001215 0.840050 2
1.120094 1.975208 0.860168 2
1.145824 1.958416 0.854821 2
1.165897 1.934907 0.867757 2
1.188572 1.914299 0.872857 2
1.217312 1.901603 0.857562 2
1.249494 1.894239 0.829394 2
1.264293 1.862525 0.863113 2
1.310487 1.877457 0.781169 2
1.326174 1.846717 0.812538 2
1.347096 1.823450 0.825274 2
1.386150 1.831512 0.764027 2
1.400050 1.795595 0.806694 2
1.417754 1.765077 0.835930 2
1.426084 1.713873 0.911152 2
1.458839 1.711684 0.875333 2
1.476044 1.675645 0.914921 2
1.497334 1.647198 0.937106 2
1.514220 1.606033 0.986022 2
1.539177 1.583742 0.993905 2
1.561704 1.553646 1.017950 2
1.580714 1.510788 1.067772 2
1.601276 1.469274 1.113711 2
1.626081 1.439110 1.135790 2
1.645586 1.386328 1.202346 2
1.663056 1.318867 1.296229 2
1.687058 1.271903 1.348206 2
1.705195 1.189710 1.466650 2
0.366379 1.955309 1.987862 2
0.441493 1.956369 1.883961 2
0.510019 1.955519 1.792351 2
0.572532 1.952703 1.712322 2
0.639249 1.955230 1.618182 2
0.683579 1.942536 1.579244 2
0.747898 1.947519 1.484800 2
0.811957 1.954902 1.387000 2
0.858631 1.949367 1.333881 2
0.949596 1.987069 1.150731 2
1.027004 2.016748 0.999046 2
0.590853 1.524428 2.392230 2
0.633285 1.502769 2.372450 2
1.124101 1.982920 0.927590 2
1.143717 1.958321 0.943117 2
1.158738 1.927636 0.975027 2
1.203591 1.933957 0.906234 2
1.234495 1.924011 0.883070 2
1.266279 1.916098 0.855531 2
1.287010 1.893004 0.868046 2
1.315737 1.881661 0.850613 2
1.341835 1.866725 0.842819 2
1.360618 1.839706 0.865050 2
1.393489 1.836666 0.828803 2
1.418924 1.821238 0.823254 2
1.435366 1.788305 0.859097 2
1.449017 1.747811 0.911567 2
1.472872 1.726948 0.917875 2
1.490154 1.690401 0.959458 2
1.514581 1.668979 0.966411 2
1.532811 1.630818 1.010009 2
1.547776 1.580804 1.078243 2
1.578625 1.573263 1.054015 2
1.603072 1.546721 1.070595 2
1.624392 1.508023 1.112196 2
1.642942 1.455632 1.181065 2
1.658336 1.384696 1.286097 2
1.681874 1.339289 1.337358 2
1.701754 1.271077 1.432814 2
0.379118 1.979600 2.050599 2
0.453204 1.979241 1.947279 2
0.485792 1.952959 1.945349 2
0.582464 1.972957 1.777167 2
0.627114 1.958176 1.739778 2
0.683962 1.954041 1.667877 2
0.743921 1.954428 1.584324 2
0.802859 1.956247 1.500017 2
0.848098 1.948170 1.451537 2
0.894471 1.942568 1.397547 2
0.949773 1.947277 1.314050 2
0.997123 1.946343 1.251242 2
1.046976 1.949982 1.177443 2
1.094206 1.952976 1.108518 2
1.143487 1.960532 1.029203 2
1.167525 1.939887 1.032622 2
1.205325 1.936684 0.987695 2
1.229313 1.916567 0.990688 2
1.257211 1.901802 0.979407 2
1.292906 1.898851 0.937463 2
1.315140 1.876728 0.946892 2
1.355645 1.883690 0.881728 2
1.381436 1.868227 0.875257 2
1.399997 1.840060 0.900680 2
1.437719 1.846725 0.840264 2
1.449749 1.805074 0.898257 2
1.475239 1.788774 0.894458 2
1.486120 1.740188 0.966576 2
1.518644 1.738529 0.928329 2
1.523420 1.669641 1.044576 2
1.546779 1.643238 1.062217 2
1.578498 1.639163 1.029905 2
1.594762 1.590113 1.097133 2
1.619960 1.565238 1.110413 2
1.637615 1.512691 1.182601 2
1.654920 1.452890 1.268404 2
1.678053 1.409477 1.318019 2
1.697013 1.342333 1.415420 2
0.427427 1.978128 2.108230 2
0.504790 1.980718 1.992187 2
0.559055 1.969845 1.932755 2
0.610099 1.958171 1.879613 2
0.688744 1.969394 1.747768 2
0.742003 1.963477 1.682082 2
0.777329 1.944143 1.665465 2
0.835005 1.945187 1.581949 2
0.904555 1.959610 1.458547 2
0.952554 1.956627 1.396248 2
1.002042 1.956994 1.326225 2
1.037830 1.944917 1.297535 2
1.088419 1.950177 1.217833 2
1.130671 1.948233 1.162705 2
1.176871 1.952858 1.090682 2
1.209419 1.942443 1.064478 2
1.252956 1.947579 0.995662 2
1.259500 1.903287 1.066062 2
1.322432 1.939310 0.915911 2
1.343489 1.916228 0.928959 2
1.367864 1.897986 0.929027 2
1.395641 1.885486 0.914380 2
1.414466 1.857432 0.940048 2
1.446190 1.852637 0.906615 2
1.467213 1.827814 0.923937 2
1.493819 1.813877 0.914313 2
1.514534 1.787061 0.936099 2
1.530332 1.747274 0.988194 2
1.552261 1.720019 1.009640 2
1.570847 1.682313 1.054760 2
1.595770 1.659936 1.063857 2
1.608882 1.600164 1.156925 2
1.634793 1.576356 1.167853 2
1.652869 1.523211 1.242906 2
1.677760 1.490364 1.272236 2
1.692260 1.410316 1.401844 2
0.482516 1.981057 2.150306 2
0.559866 1.984671 2.029091 2
0.618274 1.977459 1.955403 2
0.662646 1.961407 1.918445 2
0.737440 1.970863 1.791565 2
0.792645 1.967208 1.717163 2
0.849238 1.966825 1.635153 2
0.901780 1.964998 1.561929 2
0.948463 1.959610 1.503918 2
0.992380 1.953128 1.452165 2
1.045035 1.957430 1.368505 2
1.086055 1.951380 1.320668 2
1.139402 1.961111 1.226638 2
1.167494 1.943131 1.219586 2
1.244788 1.988054 1.027488 2
1.272106 1.972593 1.017392 2
1.298915 1.956756 1.008939 2
1.320451 1.933429 1.021959 2
1.358541 1.935230 0.965545 2
1.372419 1.899669 1.012394 2
1.400278 1.886206 0.999011 2
1.428405 1.873699 0.983708 2
1.457983 1.864532 0.960409 2
1.481308 1.843651 0.967795 2
1.508149 1.829830 0.957402 2
1.533155 1.812201 0.956869 2
1.544236 1.760789 1.038854 2
1.572311 1.748519 1.024579 2
1.588867 1.705148 1.084568 2
1.609243 1.669157 1.125793 2
1.630102 1.631753 1.169298 2
1.649914 1.587435 1.227529 2
1.670752 1.542233 1.286352 2
1.686824 1.472654 1.397903 2
1.710045 1.424530 1.459727 2
0.527902 1.977397 2.220633 2
0.551327 1.942706 2.248094 2
0.682303 1.989126 1.963585 2
0.734556 1.980128 1.900759 2
0.770055 1.958869 1.886212 2
0.860505 1.986052 1.699509 2
0.907033 1.978119 1.644295 2
0.961001 1.978888 1.562041 2
1.000577 1.967570 1.524125 2
1.034573 1.951521 1.503654 2
1.080041 1.948764 1.441518 2
1.125135 1.947483 1.377438 2
1.237282 2.029536 1.057751 2
1.257101 2.004298 1.076573 2
1.282801 1.986302 1.073331 2
1.318079 1.981860 1.030649 2
1.334085 1.950430 1.067536 2
1.360914 1.934452 1.059566 2
1.385723 1.915418 1.060593 2
1.419772 1.912249 1.018237 2
1.447246 1.898736 1.005359 2
1.472457 1.881313 1.003458 2
1.492769 1.853852 1.028077 2
1.519237 1.838465 1.020972 2
1.542463 1.815803 1.032726 2
1.565602 1.792147 1.046780 2
1.583826 1.754640 1.094784 2
1.604507 1.721044 1.132059 2
1.628511 1.694928 1.150478 2
1.646050 1.646277 1.221923 2
1.664250 1.594611 1.298639 2
1.683638 1.541316 1.377226 2
1.705766 1.492615 1.443440 2
0.589128 1.984696 2.248661 2
0.613654 1.950806 2.273990 2
0.739351 1.995980 1.991256 2
0.796460 1.991786 1.909934 2
0.836206 1.974756 1.880485 2
0.876617 1.959188 1.847539 2
0.966361 1.991509 1.646688 2
1.006855 1.980296 1.605894 2
1.052875 1.976074 1.543423 2
1.092169 1.966324 1.502255 2
1.130348 1.956552 1.463129 2
1.171260 1.951316 1.411321 2
1.282473 2.037169 1.075662 2
1.303081 2.012815 1.092427 2
1.321908 1.985378 1.118178 2
1.348523 1.968559 1.111683 2
1.374111 1.950336 1.109750 2
1.410041 1.949177 1.059060 2
1.431822 1.925316 1.074432 2
1.453050 1.899737 1.094290 2
1.480039 1.884447 1.085548 2
1.502093 1.859227 1.104020 2
1.539167 1.866019 1.037161 2
1.563199 1.845406 1.044107 2
1.583727 1.815502 1.074935 2
1.608959 1.796286 1.077899 2
1.627223 1.756658 1.132000 2
1.642908 1.705438 1.213338 2
1.661797 1.659239 1.280360 2
1.679823 1.604771 1.365561 2
1.702137 1.560332 1.424869 2
0.680826 2.014906 2.183182 2
0.706754 1.983222 2.203022 2
0.798658 2.004985 2.011815 2
0.845811 1.993355 1.958761 2
0.905271 1.994256 1.861579 2
0.929245 1.964310 1.882593 2
0.985837 1.966198 1.788733 2
1.062979 1.992163 1.614612 2
1.107750 1.987770 1.552694 2
1.137898 1.968434 1.544085 2
1.195585 1.982666 1.425112 2
1.281779 2.036894 1.181289 2
1.319596 2.034287 1.127881 2
1.344600 2.015399 1.127592 2
1.370115 1.997257 1.125282 2
1.391368 1.972480 1.143307 2
1.417738 1.955457 1.137974 2
1.438337 1.928463 1.162096 2
1.469358 1.919760 1.133236 2
1.495763 1.903090 1.127976 2
1.521138 1.884384 1.128730 2
1.546887 1.866336 1.127854 2
1.575261 1.854414 1.110712 2
1.598253 1.829499 1.128676 2
1.622083 1.805668 1.143450 2
1.642789 1.771537 1.184454 2
1.658712 1.719362 1.270211 2
1.676000 1.665798 1.357196 2
1.698602 1.625500 1.409220 2
