ply
format ascii 1.0
element vertex 18453
property float x
property float y
property float z
property int scalar_Label
end_header
1.361970 0.010115 -0.286557 6
1.290186 -0.080178 -0.477266 6
1.204628 0.019176 -0.561198 6
1.367364 0.019095 -0.160666 6
1.305037 -0.030635 -0.318156 6
1.237973 -0.084908 -0.487992 6
1.308642 -0.100628 -0.316102 6
1.307702 -0.702828 -0.421809 7
1.333708 -0.723775 -0.364732 7
1.341478 -0.757966 -0.354606 7
1.380661 -0.766688 -0.263770 7
1.375839 -0.810612 -0.286594 7
1.386867 -0.841528 -0.268798 7
1.388995 -0.880328 -0.274422 7
1.014569 -0.011882 -0.898886 6
1.379684 0.029166 -0.025004 6
1.320990 -0.018204 -0.168684 6
1.329437 -0.050143 -0.151367 6
1.329850 -0.084210 -0.153640 6
1.374180 -0.104248 -0.050333 6
1.377943 -0.136360 -0.044969 6
1.314747 -0.408332 -0.233051 8
1.321640 -0.441301 -0.222553 8
1.328730 -0.474103 -0.211841 8
1.339730 -0.504504 -0.191804 8
1.168509 -0.648910 -0.619776 7
1.185518 -0.679767 -0.586374 7
1.229989 -0.691428 -0.485388 7
1.245242 -0.721779 -0.456564 7
1.283424 -0.734863 -0.371073 7
1.328883 -0.740720 -0.267391 7
1.360351 -0.755556 -0.198387 7
1.356548 -0.797994 -0.217536 7
1.357625 -0.836993 -0.224897 7
1.385163 -0.853199 -0.166086 7
0.904538 0.017044 -1.026131 6
0.991735 -0.008630 -0.825831 6
1.063029 -0.033854 -0.662610 6
1.137480 -0.055091 -0.492098 6
1.141287 -0.091875 -0.486344 6
1.360662 -0.065803 0.022297 6
1.356638 -0.099883 0.009700 6
1.383047 -0.123990 0.068003 6
1.027036 -0.285888 -0.769309 8
1.065210 -0.312481 -0.684754 8
1.267791 -0.269779 -0.214328 8
1.283298 -0.299006 -0.182695 8
1.276501 -0.337983 -0.203763 8
1.284983 -0.370127 -0.189145 8
1.291792 -0.402967 -0.178713 8
1.291817 -0.439376 -0.184581 8
1.306551 -0.467825 -0.155890 8
1.301133 -0.507651 -0.175237 8
1.126373 -0.651783 -0.597919 7
1.150498 -0.678382 -0.548403 7
1.193162 -0.691792 -0.454702 7
1.197400 -0.729916 -0.452947 7
1.243320 -0.738305 -0.351438 7
1.268067 -0.760427 -0.300724 7
1.388980 -0.707344 -0.018031 7
1.346453 -0.778830 -0.129587 7
1.346683 -0.817730 -0.138329 7
1.363444 -0.842936 -0.107226 7
0.850392 0.014733 -1.021009 6
0.942080 -0.010748 -0.816499 6
1.017339 -0.035697 -0.649138 6
1.109981 -0.053167 -0.442543 6
1.160217 -0.077611 -0.331829 6
1.374988 -0.052965 0.151327 6
1.390904 -0.079802 0.184481 6
1.365468 -0.119761 0.123667 6
1.232219 -0.199370 -0.182354 8
1.245496 -0.229933 -0.156174 8
1.238235 -0.268336 -0.176943 8
1.244616 -0.301481 -0.166928 8
1.253570 -0.333389 -0.151272 8
1.259885 -0.366360 -0.141868 8
1.265797 -0.399478 -0.133621 8
1.270333 -0.433296 -0.128769 8
1.277574 -0.465689 -0.117954 8
1.252300 -0.516663 -0.182205 8
1.247541 -0.556942 -0.199666 8
1.105278 -0.683592 -0.535178 7
1.126021 -0.712002 -0.494959 7
1.177648 -0.718882 -0.383222 7
1.195651 -0.747075 -0.349491 7
1.251702 -0.747043 -0.227228 7
1.349231 -0.713156 -0.007764 7
1.080428 -0.960814 -0.645618 7
1.267018 -0.855168 -0.217566 7
1.378779 -0.802358 0.036239 7
0.501639 0.063174 -1.655806 4
0.529180 0.017320 -1.597520 4
0.809940 0.014753 -0.984972 6
0.902113 -0.010997 -0.785312 6
0.992948 -0.033017 -0.588631 6
1.067230 -0.054949 -0.428277 6
1.037334 -0.100374 -0.496685 6
1.160252 -0.104654 -0.229658 8
1.398584 -0.068663 0.291431 6
1.356231 -0.113072 0.195337 6
1.341101 -0.150110 0.158832 6
1.222455 -0.226392 -0.106361 8
1.242576 -0.253690 -0.065878 8
1.222564 -0.297005 -0.114296 8
1.227699 -0.330391 -0.107393 8
1.230910 -0.364662 -0.104985 8
1.237357 -0.397447 -0.095630 8
1.235015 -0.434686 -0.106047 8
1.249646 -0.463206 -0.078930 8
1.220394 -0.515916 -0.149921 8
1.228439 -0.548531 -0.138027 8
1.220253 -0.590976 -0.162712 8
1.092123 -0.710360 -0.456981 7
1.139211 -0.720846 -0.358630 7
1.208642 -0.714011 -0.209797 7
1.269930 -0.709811 -0.078991 7
1.311585 -0.717320 0.007681 7
1.354781 -0.721877 0.097989 7
1.246409 -0.844396 -0.156377 7
1.359155 -0.792403 0.092062 7
0.477351 0.115090 -1.565591 4
0.500847 0.068652 -1.517203 4
0.509579 0.021065 -1.500480 4
0.788489 0.017827 -0.909350 6
0.865451 -0.010673 -0.747705 6
0.937969 -0.036829 -0.595606 6
1.125099 -0.033667 -0.199351 8
1.142998 -0.064864 -0.163644 8
1.151322 -0.098016 -0.148542 8
1.387813 -0.063495 0.353689 6
1.356816 -0.103599 0.284778 6
1.304113 -0.152630 0.169088 6
1.215983 -0.217062 -0.022937 8
1.235094 -0.244301 0.014383 8
1.218931 -0.285278 -0.024166 8
1.206261 -0.325699 -0.055529 8
1.207292 -0.360698 -0.057707 8
1.225927 -0.387473 -0.022176 8
1.198158 -0.436898 -0.086954 8
1.221144 -0.461244 -0.042419 8
1.208902 -0.504117 -0.074278 8
1.204781 -0.543218 -0.088866 8
1.207534 -0.578724 -0.088810 8
1.202816 -0.619067 -0.105268 7
1.178953 -0.672357 -0.163808 7
1.147220 -0.732476 -0.240042 7
1.243854 -0.705203 -0.035660 7
1.265462 -0.727573 0.004633 7
1.315207 -0.728211 0.106761 7
1.375172 -0.718784 0.231649 7
1.375928 -0.753963 0.225988 7
1.374776 -0.791097 0.215821 7
0.399774 0.161902 -1.589448 4
0.440294 0.115934 -1.506958 4
0.420373 0.064548 -1.549555 4
0.433888 0.016855 -1.523386 4
0.640596 0.000524 -1.098125 6
0.837037 -0.008911 -0.693976 6
0.912597 -0.034531 -0.539789 6
1.104794 -0.030832 -0.144150 8
1.143214 -0.056783 -0.066839 8
1.128263 -0.095486 -0.100289 8
1.353591 -0.065380 0.364626 6
1.311353 -0.108914 0.274399 6
1.258145 -0.158107 0.161016 6
1.333702 -0.164005 0.315178 6
1.223192 -0.237039 0.081847 8
1.223677 -0.270757 0.079291 8
1.243157 -0.296620 0.116184 8
1.232969 -0.335031 0.090934 8
1.259824 -0.356781 0.142959 8
1.250726 -0.395196 0.119546 8
1.265883 -0.421802 0.146778 8
1.177176 -0.503798 -0.044524 8
1.182566 -0.537435 -0.038471 8
1.188364 -0.570880 -0.031766 8
1.189989 -0.606903 -0.034088 8
1.169669 -0.657064 -0.083118 8
1.152705 -0.706352 -0.125450 8
1.235399 -0.688925 0.043634 7
1.233609 -0.727456 0.033224 7
1.264441 -0.742606 0.092158 7
1.312266 -0.743742 0.187465 7
1.361911 -0.741421 0.286872 7
1.377337 -0.764597 0.312971 7
0.341393 0.211058 -1.572368 4
0.369600 0.163071 -1.516581 4
0.374420 0.114012 -1.508002 4
0.361508 0.063052 -1.535306 4
0.386683 0.016638 -1.486386 4
0.623859 0.004414 -1.011599 6
0.786876 -0.011126 -0.685768 6
0.895125 -0.030795 -0.470034 6
1.195912 -0.003632 0.133312 6
0.884313 -0.111590 -0.496356 6
1.106138 -0.092863 -0.051826 8
1.353254 -0.057617 0.444178 6
1.317400 -0.098339 0.369491 6
1.218597 -0.161329 0.167299 6
1.306013 -0.163811 0.341211 6
1.216458 -0.228221 0.156970 8
1.247991 -0.249207 0.217585 8
1.242687 -0.284263 0.203401 8
1.258104 -0.310706 0.231088 8
1.243076 -0.350645 0.196725 8
1.236534 -0.387395 0.179364 8
1.244086 -0.417575 0.190508 8
1.254281 -0.446268 0.206883 8
1.264413 -0.474790 0.222982 8
1.185856 -0.553923 0.057204 8
1.181082 -0.593019 0.042108 8
1.173118 -0.634631 0.020186 7
1.141877 -0.691932 -0.049979 8
1.219956 -0.678114 0.104964 7
1.182820 -0.740577 0.022058 7
1.238465 -0.738787 0.130820 7
1.328027 -0.709518 0.310226 7
1.341207 -0.734667 0.331259 7
1.341589 -0.769666 0.325484 7
1.311383 -0.830028 0.255527 7
0.222192 0.258825 -1.673825 4
0.300728 0.211338 -1.521021 4
0.890263 0.203621 -0.370548 3
0.880015 0.164775 -0.391354 3
0.289887 0.060145 -1.545324 4
0.312192 0.012759 -1.503302 4
0.584939 0.004708 -0.971855 6
0.771983 -0.007143 -0.607841 6
0.830682 -0.036408 -0.494869 6
1.133144 -0.010729 0.095315 6
1.297474 -0.005275 0.415372 6
1.311235 -0.031856 0.440479 6
1.315805 -0.060533 0.447429 6
1.210337 -0.122109 0.238174 6
1.186200 -0.162189 0.188234 8
1.266988 -0.167559 0.344411 6
1.226788 -0.213606 0.262511 8
1.215200 -0.250535 0.236663 8
1.209574 -0.285723 0.222349 8
1.211810 -0.317983 0.223354 8
1.226357 -0.344813 0.248524 8
1.242577 -0.370432 0.276890 8
1.231175 -0.409209 0.250388 8
1.229058 -0.443939 0.242062 8
1.224082 -0.480556 0.227845 8
1.263767 -0.492585 0.302324 8
1.175296 -0.577972 0.121270 8
1.159577 -0.623529 0.084760 8
1.145995 -0.668787 0.052198 7
1.209830 -0.664382 0.174497 7
1.165488 -0.730623 0.079796 7
1.188625 -0.751994 0.120296 7
1.315082 -0.697649 0.369038 7
1.326793 -0.723602 0.386782 7
1.312034 -0.769862 0.350815 7
1.252532 -0.853029 0.223706 7
1.316944 -0.837389 0.347796 7
0.868002 1.450640 -0.393048 2
0.863664 1.410957 -0.395848 2
0.852565 1.375149 -0.411946 2
0.852407 1.333396 -0.407066 2
0.838469 1.298934 -0.429014 2
0.851658 1.251016 -0.398821 2
0.839460 1.215713 -0.417796 2
0.841583 1.173835 -0.409391 2
0.854324 1.127847 -0.380816 2
0.846236 1.090953 -0.392476 2
0.831089 1.056612 -0.417848 2
0.837653 1.014110 -0.401790 2
0.845888 0.971529 -0.382763 2
0.835852 0.935234 -0.398900 2
0.834678 0.896096 -0.398277 2
0.844022 0.854202 -0.377772 2
0.835868 0.817271 -0.390870 2
0.846546 0.775773 -0.368241 2
0.833685 0.739830 -0.390681 2
0.830749 0.701580 -0.394387 2
0.846971 0.660038 -0.361812 2
0.828209 0.624531 -0.396018 2
0.819801 0.586995 -0.410695 2
0.834836 0.546601 -0.380975 2
0.827655 0.508883 -0.393691 2
0.844862 0.469212 -0.360238 2
0.827954 0.431984 -0.391811 2
0.244357 0.260914 -1.500323 4
0.927735 0.245106 -0.202199 3
0.828679 0.201733 -0.390995 3
1.052488 0.183526 0.033709 3
0.244829 0.060254 -1.502849 4
0.244394 0.009864 -1.505147 4
0.536108 0.003460 -0.951811 6
0.738443 -0.006537 -0.568396 6
0.807425 -0.033965 -0.438806 6
1.082226 -0.015087 0.082891 6
1.285773 -0.001655 0.469143 6
1.286450 -0.031279 0.468701 6
1.316040 -0.053081 0.523305 6
1.133035 -0.136288 0.171700 8
1.165760 -0.159306 0.231849 6
1.219437 -0.174080 0.332025 6
1.177595 -0.220823 0.249276 8
1.184710 -0.251006 0.260061 8
1.169968 -0.289783 0.228760 8
1.195696 -0.312378 0.274970 8
1.195604 -0.345472 0.271459 8
1.231948 -0.361912 0.337926 8
1.200242 -0.409980 0.273199 8
1.196950 -0.445270 0.262986 8
1.213660 -0.470379 0.291233 8
1.230063 -0.495176 0.318792 8
1.225265 -0.531658 0.305155 8
1.158770 -0.605380 0.171510 8
1.136610 -0.655006 0.123474 7
1.178020 -0.665204 0.198922 7
1.190611 -0.692972 0.218201 7
1.161040 -0.749495 0.154934 7
1.299878 -0.687975 0.421076 7
1.283918 -0.734021 0.384282 7
1.311857 -0.747869 0.433472 7
1.245490 -0.834639 0.296854 7
1.291993 -0.833843 0.382335 7
0.822042 1.763447 -0.423101 2
0.818766 1.720651 -0.422421 2
0.808790 1.682837 -0.434725 2
0.804644 1.641073 -0.436129 2
0.799230 1.600373 -0.440158 2
0.795436 1.558818 -0.441322 2
0.787389 1.520065 -0.450742 2
0.795712 1.471765 -0.429438 2
0.790828 1.431619 -0.433310 2
0.782547 1.393438 -0.443773 2
0.793917 1.345034 -0.417466 2
0.781719 1.309150 -0.435687 2
0.782488 1.266873 -0.429745 2
0.772176 1.229949 -0.444774 2
0.765113 1.191451 -0.453890 2
0.754393 1.154421 -0.470016 2
0.763699 1.109350 -0.448912 2
0.774741 1.064254 -0.424803 2
0.757213 1.029831 -0.454182 2
0.758535 0.988681 -0.448595 2
0.768458 0.945119 -0.427200 2
0.779776 0.901738 -0.403433 2
0.774019 0.863564 -0.411613 2
0.776214 0.823337 -0.405200 2
0.755171 0.788640 -0.442104 2
0.724202 0.755294 -0.497562 2
0.702139 0.719153 -0.536638 2
0.694382 0.679837 -0.549352 2
0.701421 0.638116 -0.534832 2
0.684200 0.599877 -0.565435 2
0.669494 0.560756 -0.591547 2
0.686569 0.518296 -0.559012 2
0.667974 0.479025 -0.592684 2
0.673349 0.437878 -0.582181 2
0.659792 0.397533 -0.606891 2
0.681421 0.356323 -0.566691 2
0.680816 0.315753 -0.567809 2
0.978961 0.283987 -0.016412 3
0.874020 0.244095 -0.210895 3
0.772419 0.200267 -0.399408 3
1.035921 0.184802 0.087586 3
0.158710 0.055874 -1.537165 4
0.161497 0.005104 -1.533400 4
0.536055 0.009455 -0.841169 6
0.678932 -0.010352 -0.577984 6
1.154567 0.038008 0.302171 6
1.226288 0.021243 0.433769 6
0.716772 -0.125317 -0.513369 6
1.273717 -0.027768 0.518674 6
1.301036 -0.050029 0.567694 6
1.214441 -0.104180 0.404824 6
1.131427 -0.160871 0.248239 6
1.221193 -0.164168 0.413037 6
1.134876 -0.225565 0.249755 8
1.160333 -0.249252 0.294560 8
1.138976 -0.290383 0.251874 8
1.157168 -0.316285 0.282874 8
1.158890 -0.348757 0.282962 8
1.182039 -0.371627 0.323033 8
1.191539 -0.400223 0.337436 8
1.202568 -0.427879 0.354590 8
1.209081 -0.457637 0.363135 8
1.221579 -0.484126 0.382811 8
1.200239 -0.529350 0.338583 8
1.224539 -0.549117 0.380238 8
1.181320 -0.609041 0.294175 8
1.114873 -0.685809 0.163680 7
1.167883 -0.688058 0.259203 7
1.200872 -0.701731 0.316821 7
1.206293 -0.733461 0.321980 7
1.280844 -0.715455 0.458822 7
1.286301 -0.745745 0.463980 7
1.209483 -0.839349 0.311465 7
1.268994 -0.829013 0.419687 7
0.831606 1.818584 -0.316670 2
0.829367 1.775381 -0.314066 2
0.729456 1.803878 -0.493117 2
0.734089 1.754290 -0.477888 2
0.732339 1.709744 -0.474746 2
0.722625 1.670833 -0.486547 2
0.729856 1.621074 -0.467255 2
0.724824 1.579613 -0.470822 2
0.714735 1.541331 -0.483886 2
0.720544 1.493864 -0.467913 2
0.711293 1.455318 -0.479810 2
0.705036 1.415128 -0.486390 2
0.708921 1.369835 -0.474593 2
0.791879 1.286432 -0.318517 2
0.802852 1.240427 -0.294390 2
0.788356 1.206513 -0.316938 2
0.788959 1.165830 -0.312114 2
0.803616 1.119727 -0.281907 2
0.778794 1.089629 -0.323701 2
0.795574 1.043595 -0.290035 2
0.802522 1.001827 -0.274443 2
0.800921 0.963298 -0.274550 2
0.798017 0.925280 -0.277187 2
0.782063 0.891015 -0.303618 2
0.782862 0.851854 -0.299868 2
0.811263 0.806143 -0.246375 2
0.963003 0.734054 0.029814 2
0.951140 0.701497 0.010013 2
0.943816 0.667737 -0.001723 2
0.951756 0.631263 0.013950 2
0.965729 0.594303 0.040346 2
0.953358 0.561283 0.019060 2
0.945515 0.527361 0.005803 2
0.964098 0.490882 0.040045 2
0.961487 0.456606 0.035924 2
0.968207 0.421809 0.048473 2
0.957483 0.387804 0.029441 2
0.989761 0.352981 0.087749 2
0.977256 0.318980 0.065218 2
1.006422 0.285700 0.117629 3
0.957520 0.249755 0.029214 2
1.001090 0.218162 0.107305 3
1.046053 0.188348 0.187788 3
0.094870 0.054000 -1.528053 4
0.099778 0.003154 -1.520510 4
0.482635 0.007438 -0.831273 6
0.645079 -0.009826 -0.539573 6
1.117966 0.036515 0.312732 6
1.194843 0.020389 0.450260 6
0.669603 -0.127709 -0.500478 6
1.249337 -0.027255 0.545841 6
1.284562 -0.047508 0.607955 6
1.189330 -0.103460 0.433809 6
1.099040 -0.161835 0.268248 6
1.189306 -0.165543 0.429706 6
1.106692 -0.225190 0.277546 8
1.118037 -0.254138 0.295646 8
1.117805 -0.287246 0.292585 8
1.132402 -0.314541 0.316357 8
1.148845 -0.340641 0.343393 8
1.155948 -0.370429 0.353307 8
1.160460 -0.401341 0.358367 8
1.189578 -0.420276 0.408256 8
1.195663 -0.449938 0.415976 8
1.183791 -0.489104 0.390669 8
1.199607 -0.513747 0.415936 8
1.181265 -0.557560 0.378374 8
1.178262 -0.593314 0.368769 8
1.093482 -0.679967 0.208328 7
1.123107 -0.697525 0.258317 7
1.162744 -0.707464 0.326798 7
1.148543 -0.752802 0.295679 7
1.266450 -0.705703 0.509246 7
1.263214 -0.742004 0.498372 7
1.282472 -0.761858 0.529155 7
1.270816 -0.805198 0.502252 7
0.868081 1.806483 -0.158448 2
0.828738 1.792938 -0.223501 2
0.822712 1.753409 -0.228220 2
0.807647 1.720539 -0.249450 2
0.833611 1.658949 -0.196801 2
0.814863 1.628981 -0.225026 2
0.823311 1.580916 -0.204454 2
0.826648 1.536817 -0.193303 2
0.822543 1.497745 -0.195707 2
0.818627 1.458740 -0.197943 2
0.843722 1.403570 -0.148486 2
0.802271 1.385853 -0.218144 2
0.831771 1.329740 -0.161277 2
0.834694 1.288448 -0.152055 2
0.833678 1.249445 -0.150027 2
0.897781 1.180799 -0.032440 2
0.900563 1.141902 -0.024126 2
0.913467 1.099122 0.001970 2
0.913418 1.062235 0.004912 2
0.909681 1.026947 0.001164 2
0.934092 0.981639 0.047067 2
0.911009 0.953527 0.008800 2
0.908897 0.918005 0.007485 2
0.919490 0.878775 0.028447 2
0.922554 0.842210 0.035957 2
0.937108 0.802930 0.063567 2
0.933342 0.768736 0.058729 2
0.930679 0.734272 0.055697 2
0.929199 0.699577 0.054610 2
0.939932 0.662708 0.074870 2
0.937143 0.628536 0.071195 2
0.948717 0.592282 0.092633 2
0.933924 0.559809 0.067586 2
0.941040 0.524535 0.080908 2
0.924775 0.491588 0.053016 2
0.939075 0.456025 0.078677 2
0.950533 0.421175 0.099206 2
0.932124 0.387638 0.067150 2
0.951885 0.353050 0.101984 2
0.966496 0.319171 0.127637 2
0.948477 0.284911 0.095865 2
0.984372 0.252517 0.158627 3
0.955440 0.217148 0.107419 2
1.022552 0.188875 0.224765 3
0.012509 0.050225 -1.550447 4
0.430841 0.049922 -0.816518 6
0.448948 0.008286 -0.785911 6
0.643160 -0.004165 -0.445777 6
1.049751 0.029310 0.268062 6
1.126839 0.012195 0.402447 6
1.167520 -0.010045 0.472725 6
1.251243 -0.020493 0.618778 6
1.256334 -0.048153 0.626268 6
1.153914 -0.105673 0.444025 6
1.089697 -0.155935 0.328852 6
1.161978 -0.165464 0.454470 6
1.084064 -0.223001 0.314676 8
1.079366 -0.257606 0.304043 8
1.095117 -0.284845 0.329458 8
1.127156 -0.305150 0.383647 8
1.134480 -0.334677 0.393963 8
1.131720 -0.368518 0.386263 8
1.143773 -0.395881 0.404737 8
1.154649 -0.423526 0.421018 8
1.160859 -0.453276 0.428889 8
1.154176 -0.489717 0.413647 8
1.159512 -0.520170 0.419687 8
1.159683 -0.553560 0.416369 8
1.172875 -0.579602 0.436205 8
1.142145 -0.631973 0.377217 8
1.150406 -0.661491 0.387910 7
1.116847 -0.718127 0.323294 7
1.134501 -0.742163 0.350545 7
1.253595 -0.695338 0.560682 7
1.253621 -0.728830 0.556252 7
1.250403 -0.765059 0.545788 7
0.787059 1.886810 -0.214669 2
0.839685 1.801279 -0.115533 2
0.842499 1.755911 -0.104773 2
0.854030 1.704793 -0.078882 2
0.859233 1.659075 -0.064373 2
0.872808 1.608294 -0.035392 2
0.856545 1.578185 -0.058954 2
0.881315 1.521568 -0.010814 2
0.852864 1.499192 -0.055969 2
0.874616 1.446065 -0.013558 2
0.865977 1.411640 -0.024382 2
0.882336 1.363341 0.008175 2
0.878987 1.326519 0.006236 2
0.885483 1.284808 0.021247 2
0.882092 1.248496 0.018924 2
0.887516 1.208156 0.031732 2
0.880887 1.173718 0.023504 2
0.874307 1.139230 0.015233 2
0.892527 1.094520 0.049679 2
0.886700 1.060146 0.042414 2
0.883213 1.024875 0.039056 2
0.899218 0.982808 0.069157 2
0.889260 0.950164 0.054364 2
0.897602 0.911582 0.070949 2
0.886489 0.879184 0.053919 2
0.900918 0.839511 0.080674 2
0.914060 0.800857 0.105055 2
0.897287 0.769879 0.077919 2
0.904172 0.733256 0.091276 2
0.888020 0.701550 0.064978 2
0.895251 0.665156 0.078662 2
0.917219 0.626772 0.117463 2
0.929469 0.590664 0.139461 2
0.923707 0.557279 0.130467 2
0.906029 0.524965 0.100947 2
0.926329 0.488836 0.136334 2
0.912385 0.455754 0.112963 2
0.916406 0.421339 0.120223 2
0.937129 0.386629 0.155941 2
0.923115 0.353033 0.132081 2
0.935490 0.319164 0.153260 2
0.926186 0.285146 0.137212 2
0.927598 0.251267 0.139379 2
0.975533 0.220466 0.221061 3
0.930230 0.183574 0.143012 2
-0.053949 0.048195 -1.542957 4
0.374606 0.047897 -0.810062 6
0.432941 0.011567 -0.711259 6
0.602287 -0.004937 -0.422296 6
1.021558 0.029467 0.295217 6
1.061717 0.004824 0.362905 6
1.135335 -0.011142 0.487947 6
1.046709 -0.062607 0.334449 8
1.229303 -0.048501 0.646554 6
1.127388 -0.105411 0.469909 6
1.108921 -0.141902 0.436448 8
1.143309 -0.162721 0.493784 6
1.117485 -0.202327 0.447390 8
1.054761 -0.256058 0.337217 8
1.088251 -0.276705 0.392691 8
1.081343 -0.311991 0.378399 8
1.099996 -0.337235 0.408119 8
1.108951 -0.366102 0.420995 8
1.112928 -0.397051 0.425154 8
1.149200 -0.412840 0.485150 8
1.139686 -0.449865 0.465730 8
1.140514 -0.482212 0.464096 8
1.136344 -0.517422 0.453641 8
1.147372 -0.544647 0.469483 8
1.133836 -0.585773 0.442423 8
1.123871 -0.625615 0.421389 8
1.134413 -0.653522 0.435998 7
1.144635 -0.681480 0.449947 7
1.112003 -0.737577 0.388700 7
1.236704 -0.688187 0.603247 7
1.240696 -0.718570 0.606140 7
1.146534 -0.820361 0.436097 7
0.721183 1.956077 -0.240316 2
0.876908 1.788649 0.033789 2
0.865296 1.755474 0.019170 2
0.842920 1.730133 -0.014036 2
0.846325 1.685848 -0.003126 2
0.835399 1.652031 -0.016930 2
0.840794 1.607210 -0.002968 2
0.863419 1.551838 0.040192 2
0.872323 1.506395 0.059703 2
0.850442 1.480322 0.026639 2
0.847574 1.442546 0.025819 2
0.847581 1.403351 0.029733 2
0.863531 1.355797 0.060521 2
0.835779 1.332054 0.017096 2
0.854915 1.283883 0.052935 2
0.865528 1.240868 0.074158 2
0.867360 1.202596 0.080379 2
0.849240 1.173478 0.052806 2
0.847411 1.136979 0.052600 2
0.862627 1.093748 0.080955 2
0.862077 1.057376 0.082613 2
0.865905 1.019583 0.091496 2
0.866175 0.983352 0.094263 2
0.868131 0.946756 0.099730 2
0.883696 0.906219 0.127888 2
0.880044 0.871966 0.123675 2
0.886429 0.835014 0.136159 2
0.869757 0.804210 0.109901 2
0.880956 0.766447 0.130191 2
0.877418 0.732354 0.125691 2
0.880132 0.697020 0.131527 2
0.874461 0.663353 0.123224 2
0.900289 0.624618 0.167441 2
0.887213 0.592301 0.146526 2
0.905433 0.555815 0.177770 2
0.874920 0.525000 0.127516 2
0.889492 0.489369 0.152426 2
0.896838 0.454782 0.165151 2
0.887080 0.421283 0.149214 2
0.908523 0.386585 0.185227 2
0.907907 0.352893 0.184314 2
0.893287 0.319054 0.159919 2
0.901285 0.285297 0.173149 2
0.930567 0.252800 0.221787 2
0.934451 0.219724 0.227930 3
0.897802 0.183402 0.166298 2
-0.112923 0.046969 -1.521803 4
0.362504 0.051206 -0.728918 6
0.429505 0.016456 -0.618046 6
0.550592 -0.007407 -0.416881 6
0.963183 0.024300 0.271524 6
1.016446 0.001527 0.359463 6
1.064516 -0.020450 0.438675 6
1.134902 -0.035553 0.555195 6
1.206086 -0.047910 0.673060 6
1.112543 -0.102044 0.514973 6
1.142852 -0.124135 0.564215 6
1.102848 -0.166802 0.495474 6
1.097665 -0.199764 0.484982 8
1.084518 -0.235821 0.460987 8
1.060165 -0.276626 0.418011 8
1.094433 -0.296016 0.473462 8
1.122367 -0.316802 0.518226 8
1.094898 -0.360130 0.469600 8
1.100719 -0.389980 0.476916 8
1.110283 -0.418068 0.490446 8
1.138521 -0.436969 0.535440 8
1.130690 -0.473097 0.519399 8
1.112500 -0.515188 0.485666 8
1.127098 -0.540438 0.507318 8
1.112060 -0.582060 0.478600 8
1.088817 -0.629366 0.435749 8
1.104160 -0.654547 0.458311 7
1.118753 -0.679843 0.479526 7
1.126549 -0.709228 0.489073 7
1.136722 -0.737000 0.502575 7
1.177796 -0.743298 0.568851 7
1.146710 -0.799587 0.511556 7
0.540253 2.020823 -0.444390 2
0.811352 1.770581 0.014868 2
0.836411 1.710366 0.061565 2
0.817300 1.682598 0.034299 2
0.836433 1.628437 0.070667 2
0.837478 1.587374 0.076699 2
0.859280 1.533502 0.117060 2
0.834336 1.509689 0.079618 2
0.843889 1.464639 0.099299 2
0.819529 1.439802 0.062663 2
0.825210 1.397624 0.075646 2
0.846042 1.347877 0.113491 2
0.843571 1.311238 0.112679 2
0.843297 1.273685 0.115361 2
0.839966 1.237830 0.112879 2
0.841037 1.200088 0.117518 2
0.850018 1.159177 0.135026 2
0.840019 1.126739 0.121212 2
0.861912 1.081465 0.159632 2
0.853527 1.048673 0.148227 2
0.854417 1.012423 0.151918 2
0.855350 0.976371 0.155558 2
0.854833 0.940989 0.156704 2
0.837934 0.910697 0.130945 2
0.855424 0.870172 0.161305 2
0.846385 0.837467 0.148183 2
0.844323 0.802836 0.146355 2
0.844953 0.767637 0.148807 2
0.855219 0.730555 0.166866 2
0.860902 0.694828 0.177325 2
0.854887 0.661421 0.168599 2
0.848236 0.627975 0.158733 2
0.856029 0.592395 0.172295 2
0.870867 0.556333 0.197215 2
0.870826 0.522352 0.197787 2
0.876601 0.487942 0.207723 2
0.891119 0.453226 0.231781 2
0.881409 0.420163 0.216290 2
0.876441 0.386641 0.208417 2
0.867777 0.352985 0.194422 2
0.866261 0.319084 0.191955 2
0.897196 0.286005 0.242197 2
0.895993 0.252579 0.240029 2
0.907836 0.219916 0.258992 3
0.867963 0.183436 0.193660 2
-0.205042 0.042460 -1.554104 4
0.338270 0.052959 -0.670223 6
0.365316 0.012895 -0.627123 6
0.517491 -0.006949 -0.380233 6
0.924966 0.022761 0.282832 6
0.965718 -0.002726 0.348243 6
1.030860 -0.021697 0.453384 6
1.110938 -0.034959 0.582885 6
1.164155 -0.051974 0.668551 6
1.084807 -0.102232 0.537654 6
1.123132 -0.122193 0.598848 6
1.095525 -0.160768 0.552193 8
1.170838 -0.167470 0.673794 6
1.066463 -0.232540 0.501232 8
1.065975 -0.264429 0.498559 8
1.083583 -0.289659 0.525448 8
1.067095 -0.327920 0.496326 8
1.091563 -0.349942 0.534312 8
1.075399 -0.388906 0.505471 8
1.083492 -0.417653 0.516376 8
1.122105 -0.431800 0.577449 8
1.125234 -0.462184 0.580044 8
1.100263 -0.507118 0.536177 8
1.101421 -0.539319 0.535264 8
1.075624 -0.586668 0.489670 8
1.088609 -0.613024 0.508052 8
1.099302 -0.640485 0.522561 8
1.100859 -0.673413 0.521830 7
1.109261 -0.702208 0.532351 7
1.112803 -0.734150 0.534694 7
1.133479 -0.754620 0.565463 7
1.153592 -0.774925 0.595256 7
1.196182 -0.778464 0.662558 7
1.194325 -0.813556 0.655580 7
1.194279 -0.847693 0.651491 7
0.666753 2.080536 -0.161613 2
0.618513 2.073241 -0.235124 2
0.832304 1.855542 0.120164 2
0.591231 2.000169 -0.268889 2
0.805979 1.791561 0.086619 2
0.815558 1.742742 0.106752 2
0.806646 1.707878 0.096611 2
0.824747 1.654436 0.130242 2
0.838874 1.604794 0.157204 2
0.834293 1.568209 0.153655 2
0.823735 1.535529 0.140314 2
0.821805 1.497530 0.140823 2
0.803254 1.469508 0.114371 2
0.820801 1.420648 0.146073 2
0.826297 1.379362 0.158170 2
0.823987 1.342685 0.157557 2
0.826524 1.303739 0.164622 2
0.840100 1.259787 0.189288 2
0.855816 1.215612 0.217232 2
0.833361 1.189369 0.183800 2
0.829207 1.154648 0.179636 2
0.838163 1.114615 0.196359 2
0.827162 1.082923 0.181016 2
0.833853 1.044434 0.193872 2
0.831242 1.009663 0.191741 2
0.835417 0.972701 0.200342 2
0.843363 0.934867 0.214843 2
0.829820 0.903872 0.194950 2
0.846867 0.863988 0.223736 2
0.840487 0.830972 0.215064 2
0.826166 0.799772 0.193653 2
0.857428 0.757948 0.244717 2
0.832014 0.729045 0.205458 2
0.844096 0.692272 0.225769 2
0.832852 0.659988 0.208875 2
0.856613 0.622063 0.247536 2
0.859174 0.587903 0.252385 2
0.864783 0.553544 0.261978 2
0.896510 0.516878 0.312959 2
0.903922 0.483342 0.325207 2
0.888693 0.451521 0.301401 2
0.890379 0.418431 0.304364 2
0.875082 0.385876 0.280266 2
0.890928 0.352510 0.305521 2
0.876974 0.319448 0.283365 2
0.883463 0.286430 0.293573 2
0.897554 0.253970 0.315757 2
0.946229 0.224151 0.392772 3
0.844496 0.183971 0.230821 2
0.562143 0.122395 -0.218200 3
0.567836 0.084085 -0.209829 3
0.570946 0.045571 -0.205673 3
0.549771 0.003406 -0.240232 3
0.859470 0.016616 0.251199 6
0.924882 -0.005006 0.354268 6
1.002866 -0.021760 0.477317 6
1.064639 -0.039414 0.574560 6
1.098870 -0.061593 0.627935 6
1.115777 -0.087139 0.653666 6
1.095472 -0.122556 0.620018 6
1.073264 -0.159400 0.583212 8
1.129258 -0.172493 0.671065 6
1.055569 -0.227005 0.551864 8
1.043710 -0.262577 0.531210 8
1.047184 -0.293046 0.534948 8
1.038942 -0.328125 0.519852 8
1.046580 -0.357186 0.530062 8
1.053586 -0.386410 0.539175 8
1.071646 -0.410609 0.565934 8
1.078714 -0.439446 0.574994 8
1.078608 -0.471705 0.572448 8
1.098863 -0.493887 0.602537 8
1.102323 -0.524326 0.605548 8
1.078383 -0.569806 0.564320 8
1.062319 -0.612035 0.535605 8
1.095470 -0.626358 0.586184 8
1.050434 -0.686969 0.510387 8
1.071108 -0.708557 0.540644 7
1.059528 -0.750454 0.518602 7
1.163076 -0.716285 0.683166 7
1.173076 -0.742504 0.696082 7
1.165754 -0.780910 0.680747 7
1.158615 -0.819823 0.665554 7
1.165299 -0.848980 0.672754 7
0.643646 2.069416 -0.107896 2
0.606929 2.052615 -0.161435 2
0.567218 2.037062 -0.219736 2
0.804593 1.809301 0.162750 2
0.804507 1.767925 0.166825 2
0.808422 1.724086 0.177110 2
0.816681 1.677782 0.194125 2
0.832058 1.627390 0.222239 2
0.820154 1.595909 0.207046 2
0.828734 1.551266 0.224108 2
0.814308 1.521477 0.204737 2
0.820512 1.479146 0.217792 2
0.819446 1.441563 0.219264 2
0.821260 1.402638 0.225149 2
0.833278 1.358598 0.246940 2
0.823465 1.326588 0.234328 2
0.809261 1.296648 0.214748 2
0.875475 1.227936 0.321054 2
0.867689 1.195989 0.311270 2
0.875261 1.157206 0.325418 2
0.865122 1.126391 0.311770 2
0.857912 1.094219 0.302617 2
0.885842 1.048467 0.348211 2
0.868751 1.020404 0.323444 2
0.876018 0.983423 0.336573 2
0.869278 0.951481 0.327776 2
0.869527 0.917276 0.329775 2
0.858769 0.886447 0.314554 2
0.851410 0.854433 0.304541 2
0.851799 0.820294 0.306488 2
0.872566 0.781428 0.340002 2
0.873922 0.747700 0.343253 2
0.874911 0.714197 0.345841 2
0.880275 0.680013 0.355128 2
0.854119 0.651376 0.315417 2
0.865886 0.616217 0.334462 2
0.854306 0.584622 0.317204 2
0.873804 0.549129 0.348050 2
0.867178 0.516899 0.338300 2
0.873566 0.483451 0.348636 2
0.867341 0.451038 0.339335 2
0.881803 0.417528 0.362006 2
0.869356 0.385253 0.342891 2
0.843830 0.352667 0.303427 2
0.890454 0.319823 0.375668 2
0.867955 0.286792 0.340721 2
0.863351 0.253745 0.333414 2
0.924590 0.224560 0.428054 3
0.863672 0.187849 0.333301 3
0.483113 0.118083 -0.257052 3
0.485606 0.078614 -0.253816 3
0.466674 0.036345 -0.283910 3
0.485883 -0.000962 -0.254963 3
0.819695 0.014948 0.262007 6
0.865381 -0.010687 0.332013 6
1.142304 0.012117 0.760972 6
1.141711 -0.016526 0.759151 6
1.146059 -0.044097 0.764926 6
1.149250 -0.071904 0.768832 6
1.059859 -0.125117 0.628693 6
1.040199 -0.161267 0.596826 8
1.096571 -0.174620 0.683199 6
1.041612 -0.222686 0.596186 8
1.030923 -0.257524 0.577979 8
1.023250 -0.291801 0.564366 8
1.019523 -0.325005 0.556806 8
1.019199 -0.357145 0.554460 8
1.041536 -0.379919 0.587432 8
1.036962 -0.413895 0.578279 8
1.058810 -0.436099 0.610373 8
1.076477 -0.459675 0.635879 8
1.066501 -0.496543 0.618004 8
1.042537 -0.541247 0.578058 8
1.042665 -0.574190 0.575781 8
1.073511 -0.590292 0.621690 8
1.073839 -0.623002 0.619574 8
1.058195 -0.665476 0.592196 8
1.041246 -0.709653 0.562605 8
1.074303 -0.722999 0.611789 7
1.132600 -0.718728 0.700878 7
1.158253 -0.734464 0.738420 7
1.136697 -0.782385 0.701159 7
1.126992 -0.823010 0.682500 7
0.639412 2.043428 -0.026248 2
0.665510 1.977260 0.018804 2
0.547440 2.023697 -0.160056 2
0.846114 1.753571 0.307107 2
0.863774 1.700957 0.338120 2
0.855389 1.667880 0.328693 2
0.868196 1.620289 0.351893 2
0.881360 1.573343 0.375485 2
0.863718 1.547168 0.351467 2
0.873830 1.503250 0.370103 2
0.857984 1.475779 0.348699 2
0.861909 1.436401 0.357598 2
0.841960 1.410998 0.329754 2
0.858292 1.365254 0.357471 2
0.864842 1.325577 0.370060 2
0.860769 1.291815 0.366281 2
0.853681 1.259623 0.357806 2
0.838906 1.231023 0.337510 2
0.844147 1.193047 0.347702 2
0.853269 1.153803 0.363709 2
0.862214 1.115179 0.379332 2
0.839172 1.089769 0.346125 2
0.852246 1.050040 0.367848 2
0.834836 1.021944 0.343083 2
0.864840 0.977170 0.390348 2
0.845777 0.949537 0.362913 2
0.846765 0.915233 0.365876 2
0.842322 0.882672 0.360507 2
0.852322 0.846181 0.376975 2
0.856779 0.811571 0.384938 2
0.848482 0.780230 0.373476 2
0.812154 0.754794 0.319455 2
0.844736 0.714419 0.369796 2
0.839439 0.682179 0.362649 2
0.834968 0.649701 0.356678 2
0.820139 0.618667 0.334947 2
0.823207 0.584860 0.340234 2
0.821840 0.551719 0.338726 2
0.854785 0.515317 0.389052 2
0.819447 0.485412 0.335986 2
0.845362 0.450614 0.375505 2
0.851407 0.417599 0.384884 2
0.824740 0.385659 0.344710 2
0.822479 0.352599 0.341371 2
0.828301 0.319534 0.350175 2
0.837447 0.286752 0.363928 2
0.854445 0.254615 0.389480 2
0.888302 0.224065 0.440457 3
0.870184 0.190617 0.412740 3
0.482154 0.121319 -0.174741 3
0.494381 0.083533 -0.156805 3
0.484348 0.043221 -0.172647 3
0.474237 0.002479 -0.188708 3
0.763187 0.010559 0.247982 6
0.820883 -0.013477 0.334544 6
1.101952 0.009031 0.759516 6
1.151917 -0.008889 0.834416 6
1.139694 -0.039741 0.815012 6
1.131340 -0.070139 0.801391 6
1.054173 -0.119533 0.683269 6
1.029363 -0.156696 0.644456 8
1.053538 -0.179875 0.679931 6
1.028473 -0.218266 0.640541 8
1.016528 -0.253209 0.620979 8
0.997075 -0.291434 0.589896 8
0.997008 -0.323188 0.588206 8
0.995956 -0.355500 0.584933 8
1.003432 -0.384484 0.594573 8
1.030315 -0.404961 0.633744 8
1.029188 -0.437293 0.630137 8
1.042009 -0.463297 0.647747 8
1.043599 -0.494525 0.648132 8
1.045922 -0.525536 0.649556 8
1.041928 -0.560016 0.641225 8
1.026195 -0.601308 0.614801 8
1.045444 -0.623638 0.641905 8
1.044402 -0.657365 0.637815 8
1.036733 -0.695415 0.623441 8
1.078543 -0.703089 0.685077 7
1.131009 -0.702498 0.763163 7
1.119727 -0.742531 0.743033 7
1.110338 -0.782022 0.725690 7
1.121596 -0.807614 0.740125 7
0.615689 2.079589 0.018829 2
0.627903 2.024210 0.041516 2
0.544426 2.044313 -0.080764 2
0.831994 1.780410 0.357885 2
0.840010 1.734815 0.373397 2
0.830906 1.702199 0.362958 2
0.834561 1.660717 0.371660 2
0.819276 1.632537 0.351749 2
0.848351 1.575031 0.398451 2
0.849096 1.537020 0.402428 2
0.833845 1.509209 0.382313 2
0.844951 1.465399 0.401639 2
0.831110 1.436709 0.383489 2
0.838126 1.396144 0.396481 2
0.828083 1.365309 0.383867 2
0.824503 1.331001 0.380837 2
0.851195 1.281653 0.422898 2
0.829381 1.256932 0.392483 2
0.829186 1.221610 0.394243 2
0.824963 1.188297 0.389919 2
0.825297 1.153096 0.392299 2
0.809237 1.124811 0.370216 2
0.813080 1.088364 0.377659 2
0.832143 1.046571 0.407619 2
0.827434 1.014067 0.402176 2
0.799061 0.989529 0.361551 2
0.824941 0.946831 0.401347 2
0.811980 0.916903 0.383452 2
0.807493 0.884253 0.378054 2
0.825384 0.845619 0.405725 2
0.831356 0.810697 0.415655 2
0.814663 0.781341 0.391959 2
0.813737 0.748135 0.391532 2
0.829287 0.711754 0.415399 2
0.832548 0.678205 0.421010 2
0.817695 0.647786 0.399768 2
0.811934 0.615611 0.391901 2
0.808341 0.583027 0.387167 2
0.805473 0.550297 0.383434 2
0.831007 0.514858 0.421583 2
0.817870 0.483296 0.402535 2
0.818406 0.450505 0.403611 2
0.792843 0.418870 0.366077 2
0.819401 0.385053 0.405438 2
0.833001 0.352261 0.425590 2
0.812262 0.319644 0.394967 2
0.785628 0.286167 0.355568 2
0.824763 0.254571 0.413212 2
0.842651 0.223022 0.439415 3
0.826687 0.189462 0.415556 3
0.542825 0.130222 -0.004094 3
0.572945 0.096024 0.039912 3
0.558177 0.057059 0.017526 3
0.652090 0.033286 0.155667 6
0.709182 0.006693 0.239361 6
0.761894 -0.018801 0.316540 6
1.102216 0.014011 0.819067 6
1.112478 -0.012123 0.833510 6
1.125155 -0.037426 0.851473 6
1.122971 -0.066073 0.847387 6
1.031116 -0.118764 0.710426 6
1.013953 -0.153585 0.683957 8
1.005595 -0.186473 0.670450 6
1.001952 -0.218276 0.663855 8
0.999742 -0.249860 0.659308 8
0.987144 -0.285349 0.639266 8
0.996001 -0.313446 0.650998 8
0.988036 -0.347954 0.637672 8
1.020283 -0.366485 0.684055 8
0.989289 -0.411014 0.636320 8
0.989099 -0.443147 0.634315 8
1.004756 -0.468136 0.655845 8
1.006415 -0.499497 0.656457 8
1.025274 -0.522394 0.682659 8
1.031393 -0.551423 0.689800 8
1.007115 -0.596818 0.651445 8
1.008566 -0.629030 0.651433 8
0.986113 -0.675225 0.615552 8
0.981804 -0.711735 0.606713 8
1.073557 -0.689549 0.741860 7
1.112312 -0.697710 0.797615 7
1.081383 -0.750273 0.748671 7
1.083002 -0.782386 0.748512 7
1.085978 -0.813795 0.750312 7
0.595349 2.067403 0.072375 2
0.600594 2.018126 0.083843 2
0.513479 2.040254 -0.040979 2
0.817601 1.767781 0.410494 2
0.811189 1.733188 0.404099 2
0.802402 1.700391 0.394135 2
0.807253 1.658277 0.404121 2
0.801529 1.623740 0.398491 2
0.799516 1.586927 0.398221 2
0.815594 1.539053 0.424349 2
0.797993 1.512528 0.401088 2
0.803363 1.472152 0.411352 2
0.807574 1.432932 0.419825 2
0.797460 1.402016 0.407304 2
0.795367 1.366738 0.406416 2
0.801080 1.327649 0.416821 2
0.785614 1.299463 0.396306 2
0.814697 1.249798 0.440546 2
0.813594 1.215204 0.440769 2
0.784722 1.192960 0.400574 2
0.779870 1.159784 0.395230 2
0.785117 1.122571 0.404473 2
0.772109 1.092756 0.387158 2
0.797394 1.048611 0.425299 2
0.813524 1.008729 0.450065 2
0.784966 0.984398 0.410020 2
0.793400 0.947597 0.423490 2
0.808393 0.909286 0.446370 2
0.786431 0.881962 0.415712 2
0.784065 0.848866 0.413341 2
0.777863 0.816749 0.405361 2
0.796558 0.778856 0.433292 2
0.776090 0.749963 0.404570 2
0.784607 0.714849 0.417653 2
0.806854 0.677687 0.450486 2
0.782309 0.648836 0.415700 2
0.786992 0.615049 0.423041 2
0.775909 0.583472 0.407566 2
0.781632 0.549742 0.416276 2
0.769620 0.517892 0.399336 2
0.799119 0.482544 0.442205 2
0.799955 0.449904 0.443666 2
0.779365 0.418217 0.414167 2
0.787024 0.385146 0.425339 2
0.766813 0.352578 0.396261 2
0.803877 0.319815 0.449704 2
0.786196 0.286915 0.424146 2
0.791465 0.254373 0.431615 2
0.826730 0.223750 0.482277 3
0.803082 0.189837 0.447920 3
0.200105 0.101613 -0.422114 3
0.510174 0.092709 0.024678 3
0.544760 0.059482 0.074064 3
0.595705 0.029697 0.147001 6
0.637789 0.000148 0.207105 6
0.671750 -0.029489 0.255437 6
0.776872 -0.044266 0.406484 6
1.092733 -0.011124 0.861948 6
1.101750 -0.037215 0.874262 6
1.102736 -0.065052 0.874919 6
1.015556 -0.116072 0.748047 6
0.995833 -0.151346 0.718591 8
0.983050 -0.185356 0.699094 8
0.982467 -0.216099 0.697181 8
0.946383 -0.258769 0.643789 8
0.963770 -0.284168 0.667758 8
0.959948 -0.316885 0.660942 8
0.987150 -0.337960 0.699050 8
0.969949 -0.376101 0.672697 8
0.980199 -0.403490 0.686109 8
0.972011 -0.438772 0.672683 8
1.007215 -0.454732 0.722253 8
0.988910 -0.495009 0.693981 8
1.018825 -0.512385 0.735797 8
0.982870 -0.562567 0.681647 8
0.983569 -0.594875 0.680782 8
0.979677 -0.629912 0.673149 8
0.966622 -0.670544 0.652051 7
0.969089 -0.702820 0.653527 7
0.870656 -0.796413 0.507361 7
1.069377 -0.708276 0.795846 7
1.053774 -0.750895 0.770753 7
1.062800 -0.778048 0.781660 7
1.047510 -0.821781 0.756816 7
1.082828 -0.830790 0.806211 7
0.570205 2.059499 0.117645 2
0.703265 1.911721 0.312300 2
0.498673 2.024234 0.021379 2
0.787275 1.767292 0.438783 2
0.778825 1.734196 0.429367 2
0.780689 1.693986 0.434663 2
0.785045 1.652532 0.443435 2
0.787640 1.612746 0.449595 2
0.779281 1.580347 0.440017 2
0.763625 1.552441 0.419961 2
0.761975 1.515892 0.419841 2
0.773359 1.472049 0.438224 2
0.782797 1.430008 0.453736 2
0.760124 1.405951 0.423451 2
0.776861 1.360744 0.449188 2
0.778601 1.323960 0.453506 2
0.762862 1.295971 0.432921 2
0.761275 1.261029 0.432383 2
0.757370 1.227295 0.428490 2
0.762309 1.189818 0.437075 2
0.765891 1.153282 0.443660 2
0.764548 1.119020 0.443198 2
0.759856 1.086165 0.437930 2
0.754579 1.053534 0.431775 2
0.770021 1.013758 0.454869 2
0.759450 0.983177 0.441102 2
0.769838 0.945892 0.456904 2
0.753506 0.916921 0.434883 2
0.738309 0.887212 0.414421 2
0.775240 0.843641 0.467505 2
0.751687 0.816045 0.435131 2
0.760649 0.780459 0.448593 2
0.747610 0.749848 0.430955 2
0.763851 0.713300 0.454556 2
0.762447 0.680456 0.453211 2
0.762494 0.647415 0.453852 2
0.746630 0.616686 0.432012 2
0.751995 0.582855 0.440034 2
0.761045 0.548861 0.453188 2
0.764858 0.515693 0.458902 2
0.748391 0.484199 0.435994 2
0.771347 0.449913 0.468557 2
0.742664 0.418545 0.428330 2
0.758841 0.385135 0.451228 2
0.770269 0.352310 0.467379 2
0.756114 0.319655 0.447445 2
0.743329 0.286562 0.429382 2
0.760510 0.254274 0.453465 2
0.803173 0.224011 0.513382 3
0.778466 0.190121 0.478356 3
0.509540 0.133160 0.099230 3
0.519826 0.097272 0.113335 3
0.510538 0.059241 0.099797 3
0.532828 0.025286 0.130693 6
0.580514 -0.003996 0.197334 6
0.630050 -0.031440 0.266546 6
0.736523 -0.046437 0.416019 6
1.073725 -0.010014 0.890959 6
1.062487 -0.040587 0.874468 6
1.088980 -0.062513 0.911170 6
1.011827 -0.110418 0.801517 6
0.957986 -0.154624 0.724663 8
0.941071 -0.189976 0.699869 8
0.953256 -0.217018 0.716130 8
0.953692 -0.247609 0.715733 8
0.957128 -0.277288 0.719525 8
0.960116 -0.307153 0.722631 8
0.943188 -0.344613 0.697484 8
0.952041 -0.372603 0.708774 8
0.976880 -0.393829 0.742671 8
0.956135 -0.434036 0.711910 8
0.978110 -0.455955 0.741664 8
0.965019 -0.493676 0.721615 8
0.986687 -0.515188 0.750853 8
0.960680 -0.560142 0.712304 8
0.954170 -0.596084 0.701374 8
0.956382 -0.627782 0.702778 8
0.947612 -0.665777 0.688479 8
0.984997 -0.677681 0.739879 7
0.852663 -0.789700 0.549202 7
1.047437 -0.705630 0.825118 7
1.048428 -0.737410 0.824554 7
1.013165 -0.793144 0.772081 7
1.023725 -0.819673 0.785032 7
1.043248 -0.839879 0.810775 7
1.079670 -0.847574 0.860726 7
0.546243 2.050985 0.163655 2
0.683887 1.901689 0.359467 2
0.458031 2.027939 0.045820 2
0.764682 1.761290 0.477677 2
0.757531 1.727452 0.470047 2
0.767683 1.681887 0.486527 2
0.740450 1.661860 0.450734 2
0.738395 1.624908 0.450040 2
0.739902 1.585980 0.454242 2
0.743050 1.546430 0.460655 2
0.740134 1.510864 0.458553 2
0.739686 1.474077 0.459822 2
0.752030 1.430510 0.478801 2
0.745322 1.397807 0.471233 2
0.732514 1.368256 0.455147 2
0.731241 1.332766 0.455018 2
0.734201 1.295445 0.460696 2
0.747644 1.253628 0.480831 2
0.721459 1.230061 0.446010 2
0.748908 1.182963 0.485400 2
0.738260 1.152569 0.471988 2
0.741421 1.116599 0.477626 2
0.746136 1.080340 0.485351 2
0.737300 1.049242 0.474290 2
0.745510 1.012224 0.486724 2
0.732240 0.982559 0.469440 2
0.742580 0.945386 0.484697 2
0.729384 0.915485 0.467419 2
0.784337 0.866771 0.544089 2
0.747440 0.843416 0.494018 2
0.752689 0.808909 0.502018 2
0.733942 0.779994 0.476893 2
0.706574 0.752321 0.439851 2
0.750344 0.710443 0.500759 2
0.727402 0.681551 0.469720 2
0.739833 0.646487 0.487345 2
0.711237 0.617595 0.448431 2
0.746488 0.580011 0.497362 2
0.732530 0.548854 0.478503 2
0.729302 0.516324 0.474364 2
0.712241 0.484743 0.451141 2
0.752545 0.449366 0.506798 2
0.726213 0.418042 0.470720 2
0.710606 0.385616 0.449349 2
0.732373 0.352387 0.479346 2
0.749039 0.319830 0.502273 2
0.740065 0.287186 0.489878 2
0.707468 0.253277 0.444930 2
0.752152 0.222694 0.506257 3
0.799287 0.193724 0.570915 3
0.492538 0.134523 0.148549 3
0.511165 0.099755 0.173846 3
0.521967 0.064586 0.188322 3
0.508235 0.026306 0.168970 3
0.539116 -0.005567 0.210982 6
0.593866 -0.032400 0.285824 6
0.672596 -0.052996 0.393668 6
1.053670 -0.009162 0.918048 6
1.051863 -0.037534 0.915001 6
1.066384 -0.062164 0.934414 6
0.978472 -0.112488 0.812560 6
0.965067 -0.145628 0.793349 6
0.933572 -0.184541 0.749123 8
0.945598 -0.211352 0.764881 8
0.911349 -0.252785 0.716716 8
0.930675 -0.277348 0.742456 8
0.906604 -0.316850 0.708208 8
0.917896 -0.344122 0.722761 8
0.918081 -0.375502 0.721916 8
0.974140 -0.384242 0.798318 8
0.951142 -0.424835 0.765316 8
0.945173 -0.458867 0.755812 8
0.958793 -0.484272 0.773387 8
0.935923 -0.526848 0.740342 8
0.926781 -0.563631 0.726248 8
0.914805 -0.602416 0.708148 8
0.919643 -0.632907 0.713320 8
0.901195 -0.676282 0.686083 8
1.008867 -0.648807 0.834127 7
0.956248 -0.711789 0.759273 7
1.026884 -0.702261 0.855882 7
0.999066 -0.751890 0.815379 7
1.014897 -0.774731 0.835629 7
1.013953 -0.808377 0.832438 7
1.002535 -0.849502 0.814553 7
1.027662 -0.865721 0.847662 7
0.540103 2.029073 0.233099 2
0.619664 1.925647 0.344281 2
0.427637 2.024101 0.084437 2
0.720146 1.771112 0.485911 2
0.726739 1.727525 0.496967 2
0.724117 1.690740 0.495394 2
0.744221 1.639353 0.524693 2
0.756816 1.593817 0.543680 2
0.717290 1.581159 0.491732 2
0.712181 1.546785 0.486546 2
0.692546 1.520927 0.461590 2
0.705229 1.476520 0.480457 2
0.732892 1.424721 0.519558 2
0.717666 1.396679 0.500433 2
0.698483 1.370351 0.475915 2
0.724666 1.321398 0.512788 2
0.715292 1.290364 0.501456 2
0.701293 1.261325 0.483826 2
0.693463 1.229318 0.474500 2
0.718604 1.183421 0.509689 2
0.724068 1.146497 0.518215 2
0.708028 1.118225 0.497652 2
0.702641 1.085663 0.491432 2
0.723671 1.043812 0.520811 2
0.702820 1.016830 0.493633 2
0.713191 0.979386 0.508524 2
0.688917 0.952855 0.476659 2
0.714757 0.911409 0.512294 2
0.716663 0.877354 0.515620 2
0.710425 0.845526 0.507929 2
0.718788 0.810179 0.519856 2
0.713331 0.778225 0.513129 2
0.731355 0.741450 0.537961 2
0.707981 0.713033 0.507034 2
0.716331 0.678566 0.518753 2
0.718920 0.645326 0.522674 2
0.713462 0.613338 0.515728 2
0.707952 0.581240 0.508667 2
0.685431 0.550795 0.478693 2
0.692504 0.517053 0.488467 2
0.708756 0.482913 0.510537 2
0.702632 0.450587 0.502479 2
0.712236 0.417456 0.515521 2
0.700508 0.385166 0.499843 2
0.709399 0.352343 0.511838 2
0.713568 0.319772 0.517442 2
0.696346 0.286816 0.494249 2
0.715835 0.254770 0.520358 2
0.730026 0.223036 0.539304 3
0.773053 0.193819 0.596976 3
0.704748 0.156112 0.504930 3
0.484736 0.100303 0.208835 3
0.495665 0.065219 0.223191 3
0.501128 0.029681 0.230151 3
0.500543 -0.006672 0.228928 3
0.530973 -0.037866 0.269381 6
0.597256 -0.061499 0.358044 6
1.045068 -0.006032 0.960173 6
1.067922 -0.028756 0.990457 6
1.053774 -0.059493 0.970896 6
0.895335 -0.127013 0.756961 8
0.953436 -0.141909 0.834582 6
0.901917 -0.186141 0.764491 8
1.044156 -0.173913 0.955483 6
0.910768 -0.244572 0.774920 8
0.889150 -0.282463 0.744948 8
0.889268 -0.313586 0.744239 8
0.876634 -0.349544 0.726275 8
0.922706 -0.363482 0.787518 8
0.912266 -0.398733 0.772431 8
0.921723 -0.426166 0.784174 8
0.957969 -0.441752 0.832098 8
0.963540 -0.470187 0.838531 8
0.935438 -0.514490 0.799358 8
0.871544 -0.577482 0.711642 8
0.885731 -0.603375 0.729555 8
0.857130 -0.651433 0.689449 8
0.894847 -0.664767 0.739178 7
1.008291 -0.634525 0.891661 7
0.916836 -0.719009 0.766097 7
1.002094 -0.701556 0.880389 7
0.976314 -0.749585 0.843836 7
0.981221 -0.779371 0.848928 7
0.976204 -0.815735 0.840464 7
0.960479 -0.859775 0.817351 7
0.993293 -0.871159 0.860315 7
0.524571 2.058711 0.285765 2
0.535114 2.007006 0.301980 2
0.584857 1.927196 0.370331 2
0.354766 2.050974 0.066004 2
0.689953 1.770639 0.514036 2
0.707097 1.720040 0.538593 2
0.698887 1.687224 0.529380 2
0.696574 1.650640 0.527955 2
0.694066 1.614415 0.526223 2
0.691661 1.578345 0.524579 2
0.683800 1.545698 0.515654 2
0.668138 1.517506 0.496353 2
0.691340 1.467559 0.528488 2
0.708738 1.421811 0.552860 2
0.678284 1.401676 0.513858 2
0.687780 1.360761 0.527673 2
0.677603 1.329900 0.515427 2
0.689384 1.288708 0.532156 2
0.678558 1.258258 0.518971 2
0.689575 1.218245 0.534587 2
0.709685 1.175048 0.562147 2
0.678720 1.152970 0.522271 2
0.675171 1.119622 0.518533 2
0.667530 1.087813 0.509360 2
0.697663 1.042839 0.549929 2
0.692332 1.010712 0.543712 2
0.715173 0.969736 0.574561 2
0.704796 0.939504 0.561617 2
0.688399 0.910750 0.540715 2
0.689814 0.876883 0.543223 2
0.672663 0.847776 0.521264 2
0.664735 0.816088 0.511409 2
0.696176 0.775773 0.553293 2
0.674584 0.747126 0.525389 2
0.700153 0.709240 0.559460 2
0.683708 0.679271 0.538252 2
0.668259 0.648696 0.518323 2
0.671539 0.615165 0.522973 2
0.677452 0.581485 0.531044 2
0.679917 0.548401 0.534546 2
0.704891 0.513477 0.567580 2
0.696929 0.481733 0.557305 2
0.674163 0.450588 0.527547 2
0.668230 0.418078 0.519866 2
0.689645 0.384747 0.548071 2
0.683784 0.352322 0.540409 2
0.664063 0.319604 0.514506 2
0.666092 0.286775 0.517133 2
0.662975 0.253796 0.512963 2
0.683639 0.222020 0.539996 3
0.735391 0.193093 0.607833 3
0.684639 0.156839 0.540973 3
0.483355 0.103413 0.276284 3
0.479665 0.067053 0.271147 3
0.489138 0.032296 0.283267 3
0.485644 -0.004181 0.278306 3
0.474745 -0.042078 0.263568 3
0.567801 -0.061380 0.385454 6
1.025008 -0.005279 0.986174 6
1.022901 -0.033376 0.982995 6
1.024135 -0.060847 0.984175 6
0.872801 -0.126140 0.784588 8
0.920806 -0.143848 0.847210 6
0.861831 -0.190071 0.769007 8
1.016898 -0.174854 0.972548 6
0.893958 -0.241685 0.810023 8
0.960106 -0.250378 0.896474 1
1.017906 -0.259899 0.971940 1
1.081021 -0.265699 1.054422 1
1.112613 -0.281489 1.095358 1
1.107597 -0.310868 1.087998 1
0.927218 -0.413047 0.849197 8
0.921162 -0.446494 0.840297 8
0.921010 -0.477681 0.839150 8
0.883058 -0.526625 0.788024 8
0.822907 -0.587777 0.707475 8
0.835075 -0.615111 0.722439 8
0.836127 -0.647987 0.722668 8
0.890352 -0.652624 0.793230 7
0.973017 -0.639857 0.901479 7
0.893152 -0.717075 0.794466 7
0.979772 -0.699448 0.907985 7
0.953370 -0.747494 0.871683 7
0.954227 -0.779729 0.871470 7
0.881529 -0.859537 0.773546 7
0.929263 -0.862595 0.835466 7
0.974141 -0.866103 0.893622 7
0.534169 2.068548 0.370478 2
0.566421 2.000662 0.414245 2
0.580144 1.948294 0.433823 2
0.593586 1.897067 0.452961 2
0.664570 1.805980 0.546735 2
0.675640 1.759262 0.562613 2
0.669674 1.724740 0.556335 2
0.675374 1.682724 0.565140 2
0.653690 1.658608 0.538417 2
0.639503 1.629398 0.521385 2
0.639715 1.591375 0.522962 2
0.663997 1.539696 0.555634 2
0.667718 1.500724 0.561648 2
0.675304 1.460051 0.572611 2
0.681015 1.420891 0.581104 2
0.681139 1.385028 0.582336 2
0.638619 1.370403 0.528477 2
0.659004 1.324657 0.555797 2
0.646305 1.294987 0.540381 2
0.645578 1.259818 0.540378 2
0.676588 1.211363 0.581250 2
0.665476 1.181312 0.567776 2
0.638428 1.157303 0.533744 2
0.674304 1.109023 0.580740 2
0.654498 1.082020 0.555978 2
0.660661 1.045663 0.564623 2
0.645845 1.016478 0.546231 2
0.664084 0.976751 0.570343 2
0.683580 0.937386 0.596027 2
0.647987 0.914005 0.550819 2
0.655337 0.878422 0.560813 2
0.671383 0.841066 0.581949 2
0.642186 0.814656 0.544892 2
0.654054 0.778697 0.560588 2
0.641503 0.748004 0.544872 2
0.677606 0.708217 0.591634 2
0.646982 0.680639 0.552636 2
0.662138 0.645349 0.572417 2
0.662719 0.612541 0.573444 2
0.655670 0.580705 0.564641 2
0.658658 0.547678 0.568695 2
0.654946 0.515364 0.564117 2
0.656722 0.482584 0.566552 2
0.646040 0.450572 0.552962 2
0.649966 0.417679 0.558095 2
0.649441 0.385029 0.557484 2
0.656190 0.352317 0.566179 2
0.647099 0.319694 0.554509 2
0.646694 0.286988 0.553958 2
0.648038 0.254328 0.555621 2
0.608394 0.219450 0.504631 2
0.700808 0.192600 0.623153 3
0.654741 0.156701 0.563853 2
-0.126089 0.044587 -0.438967 3
-0.115646 0.000813 -0.425856 3
-0.123401 -0.045126 -0.436158 3
-0.117845 -0.089406 -0.429408 3
0.400917 -0.049081 0.236548 6
0.558216 -0.057685 0.438249 6
1.024528 -0.000709 1.037026 6
1.028767 -0.027076 1.042137 6
1.012466 -0.058072 1.020821 6
0.819505 -0.132812 0.772367 8
0.884559 -0.146685 0.855545 6
0.845434 -0.187359 0.804747 8
0.974583 -0.180185 0.970353 6
0.841287 -0.249962 0.798337 8
0.903603 -0.260622 0.877948 1
0.990989 -0.260818 0.989840 1
1.070744 -0.261007 1.091935 1
1.151356 -0.258379 1.195162 1
1.211261 -0.261306 1.271743 1
1.289662 -0.254833 1.372179 1
1.311427 -0.269901 1.399643 1
1.315069 -0.292366 1.403729 1
1.293884 -0.326222 1.375765 1
0.824935 -0.573724 0.769927 8
0.821559 -0.608248 0.764645 8
0.808753 -0.647908 0.747144 8
0.836357 -0.666939 0.781803 7
0.942436 -0.642503 0.917885 7
0.877303 -0.710817 0.832657 7
0.965386 -0.692822 0.945527 7
0.937207 -0.741435 0.907992 7
0.806005 -0.854767 0.736984 7
0.875193 -0.846070 0.825378 7
0.906897 -0.859586 0.865236 7
0.937927 -0.872674 0.904223 7
1.347483 1.495258 1.471399 1
1.360772 1.456839 1.489276 1
1.381677 1.413192 1.516774 1
1.370261 1.395648 1.503206 1
1.369981 1.369527 1.503747 1
1.354917 1.354529 1.485522 1
1.392622 1.301388 1.534147 1
1.365239 1.295337 1.500275 1
1.361368 1.272522 1.496171 1
1.364043 1.245461 1.500329 1
1.346183 1.231919 1.478490 1
1.360107 1.198078 1.496826 1
1.374536 1.164634 1.515762 1
1.358214 1.150018 1.495817 1
1.353726 1.128248 1.490809 1
1.357951 1.101673 1.496780 1
1.358988 1.077131 1.498703 1
1.366186 1.049591 1.508374 1
1.351161 1.033625 1.489997 1
1.367229 1.002207 1.510805 1
1.354905 0.984786 1.495801 1
1.378376 0.950921 1.525882 1
1.369778 0.931929 1.515535 1
1.373405 0.907665 1.520569 1
1.376876 0.883707 1.525384 1
1.365033 0.865886 1.510905 1
1.390626 0.833969 1.543516 1
1.350787 0.826085 1.493788 1
1.389825 0.790453 1.543260 1
1.370569 0.774866 1.519397 1
1.397065 0.744820 1.553041 1
1.358930 0.734357 1.505422 1
1.373693 0.708339 1.524277 1
1.376805 0.685859 1.528469 1
1.348707 0.671069 1.493435 1
1.364446 0.645592 1.513457 1
1.369401 0.622933 1.519911 1
1.384540 0.598515 1.539136 1
1.364892 0.580819 1.514662 1
1.372271 0.558169 1.524107 1
1.366793 0.537683 1.517393 1
1.394068 0.512765 1.551777 1
1.374347 0.494175 1.527154 1
1.340215 0.476451 1.484429 1
1.378830 0.451524 1.532990 1
1.366875 0.431325 1.518069 1
1.377134 0.409577 1.531007 1
1.378804 0.388492 1.533152 1
1.343593 0.368322 1.489000 1
1.352751 0.346730 1.500509 1
1.349702 0.325329 1.496684 1
1.367380 0.304311 1.518850 1
1.383065 0.283755 1.538499 1
1.355158 0.261319 1.503430 1
1.381932 0.241802 1.536964 1
1.355542 0.218582 1.503765 1
1.365910 0.198210 1.516678 1
1.375472 0.178038 1.528566 1
1.355747 0.154283 1.503676 1
1.370841 0.134993 1.522476 1
1.355692 0.111219 1.503292 1
1.365277 0.091331 1.515145 1
1.359343 0.068686 1.507496 1
1.355829 0.046307 1.502866 1
1.353617 0.024052 1.499854 1
1.378575 0.008208 1.530956 1
1.365145 -0.016771 1.513819 1
1.360580 -0.039831 1.507799 1
1.365293 -0.060439 1.513420 1
1.360461 -0.083885 1.507026 1
1.365690 -0.104348 1.513263 1
1.372916 -0.124064 1.521995 1
1.371087 -0.146839 1.519323 1
1.377515 -0.166728 1.527020 1
1.370972 -0.191514 1.518379 1
1.361152 -0.217945 1.505591 1
1.361316 -0.240642 1.505347 1
1.363505 -0.262576 1.507635 1
1.349818 -0.291741 1.489904 1
1.359495 -0.310553 1.501586 1
1.367539 -0.329975 1.511195 1
1.366155 -0.354009 1.508903 1
1.371055 -0.374979 1.514516 1
1.375349 -0.396265 1.519347 1
1.383234 -0.415578 1.528694 1
1.397348 -0.431227 1.545890 1
1.390173 -0.459102 1.536187 1
1.369210 -0.495785 1.509032 1
1.358491 -0.527007 1.494782 1
1.375260 -0.541140 1.515264 1
1.368218 -0.570618 1.505612 1
1.392022 -0.579609 1.534973 1
1.371093 -0.619169 1.507688 1
1.375497 -0.641582 1.512450 1
1.374486 -0.668052 1.510327 1
1.346338 -0.715288 1.473762 1
1.374290 -0.720449 1.508317 1
1.395893 -0.729832 1.534823 1
1.361594 -0.784089 1.490321 1
1.355775 -0.816270 1.481938 1
1.372139 1.484674 1.545848 1
1.370355 1.459217 1.544397 1
1.361808 1.439391 1.534554 1
1.372970 1.404107 1.549092 1
1.373197 1.377854 1.550069 1
1.365499 1.357761 1.541224 1
1.370207 1.328634 1.547703 1
1.376876 1.298537 1.556583 1
1.364679 1.281897 1.542130 1
1.354446 1.263720 1.530094 1
1.385504 1.218478 1.569024 1
1.372415 1.202543 1.553426 1
1.374227 1.177160 1.556206 1
1.358090 1.162777 1.536829 1
1.387244 1.121700 1.573290 1
1.376691 1.104199 1.560770 1
1.360009 1.089855 1.540686 1
1.373665 1.059046 1.557975 1
1.371812 1.036809 1.556135 1
1.364565 1.017337 1.547640 1
1.348365 1.002056 1.528112 1
1.367101 0.970233 1.551575 1
1.362554 0.949544 1.546363 1
1.348927 0.932733 1.529968 1
1.383003 0.895912 1.572238 1
1.367069 0.880150 1.552979 1
1.388069 0.849940 1.579122 1
1.379099 0.831431 1.568401 1
1.377769 0.810076 1.567060 1
1.376524 0.788750 1.565810 1
1.363382 0.771241 1.549930 1
1.344703 0.755068 1.527240 1
1.357549 0.729416 1.543263 1
1.374174 0.703233 1.563909 1
1.355995 0.686462 1.541801 1
1.364802 0.662780 1.552816 1
1.371773 0.639846 1.561563 1
1.345411 0.624078 1.529378 1
1.388876 0.594203 1.582892 1
1.360611 0.578327 1.548349 1
1.389327 0.552494 1.583727 1
1.368757 0.534731 1.558608 1
1.406032 0.508879 1.604456 1
1.369349 0.492658 1.559544 1
1.365976 0.472047 1.555494 1
1.368815 0.450839 1.559050 1
1.369574 0.429884 1.560043 1
1.352462 0.409922 1.539100 1
1.348358 0.388959 1.534104 1
1.363785 0.367436 1.553053 1
1.368695 0.346468 1.559088 1
1.372154 0.325641 1.563331 1
1.357275 0.304498 1.545067 1
1.366960 0.283831 1.556923 1
1.362103 0.262673 1.550927 1
1.364917 0.241879 1.554331 1
1.395084 0.223443 1.591277 1
1.385690 0.201987 1.579679 1
1.364112 0.178826 1.553120 1
1.393804 0.161618 1.589452 1
1.362400 0.136429 1.550807 1
1.349789 0.113249 1.535207 1
1.353951 0.092584 1.540176 1
1.368929 0.074066 1.558408 1
1.374905 0.054099 1.565582 1
1.371909 0.032266 1.561730 1
1.373358 0.011336 1.563321 1
1.370729 -0.010648 1.559892 1
1.383494 -0.028644 1.575355 1
1.366426 -0.054807 1.554167 1
1.383647 -0.071285 1.575079 1
1.380789 -0.093653 1.571316 1
1.364519 -0.120656 1.551058 1
1.355663 -0.145690 1.539892 1
1.367732 -0.163488 1.554428 1
1.350448 -0.192164 1.532869 1
1.362607 -0.209837 1.547492 1
1.378026 -0.225884 1.566116 1
1.366371 -0.253165 1.551428 1
1.343557 -0.285927 1.522988 1
1.388356 -0.288328 1.577734 1
1.361121 -0.323866 1.543815 1
1.352017 -0.351473 1.532189 1
1.381769 -0.359625 1.568398 1
1.362634 -0.392803 1.544385 1
1.360132 -0.417705 1.540839 1
1.357752 -0.442793 1.537424 1
1.373989 -0.457320 1.556947 1
1.383735 -0.475346 1.568458 1
1.365886 -0.510217 1.545915 1
1.379444 -0.526005 1.562101 1
1.382733 -0.548202 1.565603 1
1.355149 -0.591167 1.530962 1
1.367255 -0.608043 1.545312 1
1.365733 -0.634326 1.542812 1
1.379435 -0.649862 1.559113 1
1.373376 -0.679821 1.550967 1
1.371994 -0.706689 1.548581 1
1.359691 -0.742404 1.532655 1
1.383393 -0.750022 1.561282 1
1.381981 -0.777597 1.558801 1
1.356959 -0.825345 1.527032 1
1.345251 1.489988 1.556142 1
1.360072 1.451049 1.574581 1
1.350652 1.432089 1.563724 1
1.330796 1.421078 1.540262 1
1.353933 1.377271 1.568679 1
1.341543 1.360620 1.554207 1
1.352027 1.327409 1.567316 1
1.343338 1.308168 1.557288 1
1.345732 1.281321 1.560611 1
1.360611 1.246536 1.578965 1
1.349738 1.229040 1.566271 1
1.352714 1.202707 1.570252 1
1.337265 1.187868 1.552032 1
1.352254 1.154719 1.570452 1
1.359830 1.126518 1.579930 1
1.361525 1.102021 1.582315 1
1.354112 1.082658 1.573729 1
1.333078 1.070320 1.548750 1
1.380871 1.022650 1.606549 1
1.348308 1.015998 1.567686 1
1.345248 0.994479 1.564299 1
1.346811 0.970892 1.566459 1
1.352293 0.945767 1.573319 1
1.334891 0.930637 1.552664 1
1.351681 0.901144 1.573090 1
1.343521 0.882069 1.563525 1
1.340757 0.860821 1.560434 1
1.348426 0.835844 1.569864 1
1.320981 0.823275 1.537114 1
1.337805 0.795429 1.557519 1
1.369479 0.763570 1.595738 1
1.340146 0.750876 1.560700 1
1.360997 0.723254 1.585901 1
1.346119 0.705840 1.568202 1
1.360161 0.680810 1.585207 1
1.348604 0.662287 1.571478 1
1.333879 0.644168 1.553941 1
1.344150 0.620561 1.566390 1
1.350205 0.598120 1.573769 1
1.347691 0.577401 1.570859 1
1.336555 0.558018 1.557597 1
1.341569 0.536029 1.563700 1
1.337751 0.515362 1.559199 1
1.348541 0.492966 1.572212 1
1.350650 0.471775 1.574802 1
1.326722 0.452826 1.546155 1
1.342229 0.430513 1.564798 1
1.354542 0.408853 1.579600 1
1.353682 0.388072 1.578595 1
1.340944 0.367542 1.563336 1
1.334278 0.346591 1.555350 1
1.351493 0.325620 1.575995 1
1.346731 0.304670 1.570276 1
1.351960 0.283946 1.576530 1
1.360987 0.263568 1.587330 1
1.314867 0.239719 1.531982 1
1.354569 0.221558 1.579554 1
1.343309 0.199590 1.565997 1
1.352113 0.179519 1.576496 1
1.338267 0.156786 1.559817 1
1.334125 0.134987 1.554769 1
1.338295 0.114339 1.559684 1
1.345645 0.094326 1.568405 1
1.356058 0.075066 1.580792 1
1.338905 0.050451 1.560097 1
1.354961 0.032536 1.579239 1
1.349726 0.010058 1.572825 1
1.359986 -0.008772 1.584996 1
1.353844 -0.031707 1.577474 1
1.333502 -0.058895 1.552896 1
1.334650 -0.080424 1.554102 1
1.348291 -0.098101 1.570299 1
1.347912 -0.120034 1.569654 1
1.352433 -0.140389 1.574885 1
1.363023 -0.158518 1.587396 1
1.337066 -0.190124 1.556001 1
1.340465 -0.211182 1.559853 1
1.371198 -0.221115 1.596540 1
1.323018 -0.263581 1.538396 1
1.350720 -0.274376 1.571428 1
1.355919 -0.294658 1.577407 1
1.347875 -0.321156 1.567457 1
1.336707 -0.349586 1.553736 1
1.357582 -0.362338 1.578538 1
1.366703 -0.380682 1.589198 1
1.356261 -0.409418 1.576315 1
1.347503 -0.437734 1.565441 1
1.345281 -0.462773 1.562417 1
1.324331 -0.499117 1.536834 1
1.356415 -0.504152 1.575092 1
1.350158 -0.532222 1.567174 1
1.350517 -0.556457 1.567209 1
1.367291 -0.570044 1.587014 1
1.373799 -0.590203 1.594442 1
1.356188 -0.627138 1.572781 1
1.366781 -0.644784 1.585110 1
1.343000 -0.687469 1.555965 1
1.336781 -0.718080 1.547981 1
1.337188 -0.744072 1.547977 1
1.353692 -0.757608 1.567394 1
1.359385 -0.779522 1.573751 1
1.332717 -0.828280 1.541000 1
1.305870 1.505347 1.552088 1
1.332728 1.456719 1.584037 1
1.327648 1.434222 1.578363 1
1.318553 1.414847 1.567956 1
1.313700 1.392248 1.562538 1
1.323673 1.359008 1.574558 1
1.321353 1.335029 1.572103 1
1.321191 1.309716 1.572179 1
1.321358 1.284399 1.572635 1
1.285391 1.282833 1.530589 1
1.296390 1.250457 1.543772 1
1.287893 1.230684 1.534023 1
1.328035 1.181673 1.581443 1
1.316700 1.164188 1.568341 1
1.326781 1.134396 1.580403 1
1.308728 1.120543 1.559396 1
1.336347 1.081973 1.592047 1
1.315676 1.069354 1.567955 1
1.317345 1.045068 1.570103 1
1.311542 1.024590 1.563468 1
1.332556 0.991572 1.588321 1
1.342013 0.964569 1.599592 1
1.306014 0.957717 1.557482 1
1.318822 0.929450 1.572675 1
1.308741 0.910911 1.560989 1
1.310562 0.887575 1.563270 1
1.310445 0.865125 1.563269 1
1.316694 0.840522 1.570735 1
1.324209 0.815785 1.579679 1
1.330607 0.791740 1.587305 1
1.318085 0.773811 1.572724 1
1.322974 0.750489 1.578567 1
1.309771 0.732414 1.563178 1
1.305590 0.711649 1.558370 1
1.346142 0.679794 1.606033 1
1.327362 0.662977 1.584086 1
1.311766 0.644965 1.565871 1
1.296015 0.626573 1.547469 1
1.317414 0.600843 1.572638 1
1.326778 0.577870 1.583683 1
1.296585 0.561402 1.548330 1
1.323910 0.535950 1.580429 1
1.298549 0.518007 1.550735 1
1.318675 0.494276 1.574379 1
1.321473 0.472847 1.577697 1
1.311690 0.452554 1.566255 1
1.313893 0.431193 1.568865 1
1.310551 0.410203 1.564966 1
1.305706 0.389183 1.559301 1
1.313736 0.367744 1.568728 1
1.325479 0.346521 1.582503 1
1.319346 0.325516 1.575312 1
1.324993 0.304589 1.581928 1
1.297734 0.282603 1.549953 1
1.316347 0.262180 1.571763 1
1.300392 0.239988 1.553033 1
1.317653 0.220014 1.573248 1
1.293839 0.196569 1.545290 1
1.319353 0.177881 1.575174 1
1.330399 0.158097 1.588087 1
1.310194 0.134195 1.564344 1
1.290446 0.109721 1.541131 1
1.309710 0.091291 1.563665 1
1.323798 0.072427 1.580126 1
1.313679 0.049065 1.568189 1
1.317115 0.028274 1.572145 1
1.306565 0.004290 1.559690 1
1.300014 -0.019093 1.551919 1
1.315066 -0.037085 1.569487 1
1.331235 -0.054381 1.588361 1
1.314828 -0.080790 1.569010 1
1.292634 -0.109568 1.542859 1
1.314829 -0.124762 1.568790 1
1.296205 -0.153197 1.546814 1
1.306501 -0.172054 1.558772 1
1.315584 -0.191140 1.569302 1
1.334887 -0.206103 1.591824 1
1.309800 -0.238403 1.562232 1
1.314326 -0.259246 1.567397 1
1.294649 -0.290564 1.544138 1
1.314137 -0.305026 1.566857 1
1.308426 -0.330733 1.559983 1
1.298019 -0.359029 1.547585 1
1.298186 -0.382539 1.547598 1
1.314135 -0.398065 1.566145 1
1.325876 -0.415458 1.579745 1
1.291175 -0.458086 1.538770 1
1.323172 -0.464353 1.576162 1
1.318708 -0.490938 1.570701 1
1.300138 -0.526306 1.548650 1
1.331823 -0.531526 1.585669 1
1.315243 -0.566428 1.565939 1
1.311611 -0.593678 1.561423 1
1.320447 -0.612927 1.571563 1
1.324338 -0.635473 1.575882 1
1.323200 -0.661646 1.574276 1
1.327905 -0.683868 1.579538 1
1.322072 -0.713964 1.572391 1
1.330687 -0.733552 1.582239 1
1.325404 -0.763886 1.575721 1
1.324838 -0.790923 1.574746 1
1.311923 -0.828328 1.559216 1
1.279541 1.482529 1.564222 1
1.275285 1.458815 1.559437 1
1.302108 1.411943 1.590334 1
1.294781 1.391242 1.582018 1
1.272274 1.381336 1.556274 1
1.263940 1.361017 1.546800 1
1.246556 1.346761 1.526936 1
1.285145 1.295205 1.571316 1
1.286002 1.269438 1.572384 1
1.282619 1.246556 1.568582 1
1.281407 1.222438 1.567269 1
1.277634 1.199984 1.563016 1
1.312069 1.155649 1.602605 1
1.292790 1.142590 1.580553 1
1.280179 1.125454 1.566152 1
1.272965 1.105237 1.557941 1
1.279507 1.077954 1.565511 1
1.289210 1.049483 1.576706 1
1.276531 1.032123 1.562220 1
1.260675 1.015960 1.544087 1
1.273443 0.986722 1.558792 1
1.277911 0.961576 1.563970 1
1.295778 0.931173 1.584517 1
1.253858 0.925161 1.536482 1
1.243723 0.905846 1.524904 1
1.278756 0.869823 1.565134 1
1.296341 0.841097 1.585347 1
1.263774 0.829794 1.548036 1
1.289639 0.798931 1.577741 1
1.271972 0.782185 1.557516 1
1.308487 0.749337 1.599430 1
1.253173 0.742810 1.536026 1
1.260218 0.718564 1.544139 1
1.305098 0.685388 1.595637 1
1.275464 0.670658 1.561682 1
1.275047 0.648864 1.561230 1
1.276367 0.626771 1.562768 1
1.257094 0.608560 1.540690 1
1.275588 0.583444 1.561919 1
1.265087 0.563394 1.549896 1
1.293577 0.537641 1.582584 1
1.272426 0.518955 1.558346 1
1.292620 0.495135 1.581515 1
1.291925 0.473928 1.580731 1
1.287696 0.453012 1.575892 1
1.258375 0.433647 1.542280 1
1.274481 0.411113 1.560755 1
1.295841 0.388872 1.585252 1
1.291255 0.367836 1.579997 1
1.291315 0.346638 1.580067 1
1.288124 0.325420 1.576409 1
1.288196 0.304179 1.576489 1
1.295065 0.283182 1.584362 1
1.314517 0.263021 1.606662 1
1.275231 0.239546 1.561608 1
1.300820 0.220127 1.590940 1
1.286388 0.197626 1.574381 1
1.270355 0.174499 1.555985 1
1.282081 0.154330 1.569417 1
1.253814 0.128897 1.536987 1
1.284856 0.111736 1.572566 1
1.276524 0.088796 1.562993 1
1.288094 0.069222 1.576238 1
1.268663 0.043780 1.553934 1
1.278124 0.023876 1.564759 1
1.272194 0.000677 1.557931 1
1.282192 -0.018885 1.569369 1
1.266796 -0.044780 1.551682 1
1.272319 -0.065488 1.557984 1
1.270437 -0.088245 1.555792 1
1.280562 -0.107491 1.567368 1
1.288889 -0.127089 1.576881 1
1.261385 -0.158511 1.545295 1
1.285896 -0.172671 1.573368 1
1.287932 -0.194388 1.575659 1
1.259959 -0.227579 1.543528 1
1.288405 -0.239379 1.576109 1
1.278230 -0.266325 1.564388 1
1.276851 -0.289948 1.562755 1
1.270022 -0.316159 1.554867 1
1.289425 -0.330659 1.577069 1
1.288911 -0.354151 1.576423 1
1.297807 -0.373172 1.586569 1
1.276815 -0.407240 1.562423 1
1.262916 -0.438426 1.546411 1
1.277027 -0.455078 1.562534 1
1.287517 -0.473448 1.574502 1
1.276206 -0.504161 1.561451 1
1.270808 -0.531937 1.555182 1
1.279316 -0.551627 1.564870 1
1.277316 -0.577789 1.562496 1
1.300435 -0.588088 1.588949 1
1.278681 -0.627387 1.563897 1
1.289139 -0.645849 1.575815 1
1.287101 -0.672845 1.573387 1
1.270267 -0.710683 1.553970 1
1.270918 -0.736590 1.554623 1
1.277318 -0.758418 1.561872 1
1.300936 -0.767063 1.588890 1
1.290970 -0.801472 1.577344 1
1.232343 1.502980 1.552980 1
1.236337 1.472579 1.557350 1
1.238881 1.443653 1.560098 1
1.218720 1.431426 1.537422 1
1.269534 1.368859 1.594237 1
1.251406 1.355544 1.573844 1
1.226396 1.346419 1.545740 1
1.234816 1.314902 1.555086 1
1.261815 1.272118 1.585246 1
1.236864 1.262483 1.557214 1
1.256947 1.225196 1.579635 1
1.262431 1.197282 1.585704 1
1.251276 1.179158 1.573133 1
1.236272 1.162961 1.556250 1
1.248577 1.131866 1.569969 1
1.230726 1.116944 1.549898 1
1.243766 1.086114 1.564446 1
1.255606 1.056438 1.577653 1
1.255700 1.032802 1.577699 1
1.281995 0.997418 1.607112 1
1.242134 0.991977 1.562381 1
1.277412 0.953675 1.601868 1
1.219270 0.954608 1.536649 1
1.265211 0.913116 1.588094 1
1.248291 0.896795 1.569081 1
1.268838 0.866547 1.592068 1
1.259995 0.847185 1.582112 1
1.236416 0.832519 1.555639 1
1.236965 0.809629 1.556215 1
1.244801 0.784660 1.564961 1
1.256608 0.758879 1.578162 1
1.267504 0.733777 1.590345 1
1.234674 0.720241 1.553506 1
1.259073 0.692038 1.580831 1
1.241665 0.674061 1.561285 1
1.248880 0.650439 1.569349 1
1.231324 0.631948 1.549640 1
1.250093 0.606403 1.570661 1
1.226227 0.588573 1.543881 1
1.234383 0.565216 1.553007 1
1.246571 0.541585 1.566655 1
1.232240 0.521612 1.550571 1
1.270263 0.495571 1.593191 1
1.249296 0.476213 1.569669 1
1.226533 0.456416 1.544134 1
1.276914 0.431221 1.600618 1
1.236907 0.412076 1.555751 1
1.235613 0.390389 1.554294 1
1.253554 0.368257 1.574409 1
1.249038 0.346812 1.569343 1
1.241505 0.325216 1.560896 1
1.226700 0.303243 1.544297 1
1.239438 0.281832 1.558584 1
1.271714 0.261767 1.594780 1
1.278832 0.240986 1.602768 1
1.276145 0.219614 1.599764 1
1.250878 0.196018 1.571443 1
1.265816 0.176028 1.588204 1
1.239161 0.151323 1.558331 1
1.267457 0.133373 1.590074 1
1.225942 0.105580 1.543542 1
1.255471 0.088389 1.576671 1
1.256978 0.066929 1.578381 1
1.255464 0.044870 1.576706 1
1.225096 0.016626 1.542682 1
1.239849 -0.002389 1.559250 1
1.254102 -0.021152 1.575258 1
1.256181 -0.042668 1.577618 1
1.250477 -0.066297 1.571255 1
1.250219 -0.088618 1.571000 1
1.249955 -0.111031 1.570739 1
1.234051 -0.138466 1.552947 1
1.236798 -0.160311 1.556067 1
1.236884 -0.183088 1.556205 1
1.243113 -0.203746 1.563231 1
1.252103 -0.223280 1.573353 1
1.233244 -0.253548 1.552262 1
1.241154 -0.273621 1.561178 1
1.248088 -0.293981 1.569002 1
1.247433 -0.317574 1.568321 1
1.235769 -0.346313 1.555304 1
1.258298 -0.359500 1.580610 1
1.226046 -0.398708 1.544525 1
1.252649 -0.409578 1.574401 1
1.262408 -0.428464 1.585401 1
1.239093 -0.464847 1.559341 1
1.254461 -0.480872 1.576631 1
1.224235 -0.522397 1.542834 1
1.249779 -0.532577 1.571529 1
1.246618 -0.559309 1.568062 1
1.242965 -0.586640 1.564049 1
1.240856 -0.613313 1.561767 1
1.252629 -0.631232 1.575039 1
1.227513 -0.673592 1.546991 1
1.250580 -0.684029 1.572918 1
1.244186 -0.714588 1.565848 1
1.235796 -0.747044 1.556546 1
1.238388 -0.771936 1.559546 1
1.248416 -0.791363 1.570876 1
1.247026 -0.819529 1.569422 1
1.199047 1.484725 1.558081 1
1.185228 1.467523 1.542684 1
1.213879 1.419911 1.573694 1
1.207167 1.398047 1.566080 1
1.216348 1.365442 1.575841 1
1.219827 1.337131 1.579380 1
1.196333 1.326467 1.553437 1
1.214214 1.289359 1.572738 1
1.206405 1.268679 1.563956 1
1.218749 1.236009 1.577223 1
1.193621 1.225495 1.549508 1
1.188336 1.203247 1.543504 1
1.228335 1.156421 1.587055 1
1.213461 1.139960 1.570575 1
1.197170 1.123910 1.552545 1
1.216614 1.089810 1.573635 1
1.228409 1.060142 1.586362 1
1.207546 1.046126 1.563343 1
1.209071 1.021570 1.564839 1
1.209861 0.997513 1.565537 1
1.198561 0.978651 1.553002 1
1.212013 0.949623 1.567581 1
1.216278 0.924676 1.572104 1
1.218023 0.900907 1.573875 1
1.207003 0.881845 1.561666 1
1.214650 0.856187 1.569915 1
1.200355 0.838013 1.554128 1
1.228760 0.806217 1.585135 1
1.189726 0.795342 1.542248 1
1.212132 0.766095 1.566695 1
1.212033 0.743596 1.566486 1
1.230790 0.716415 1.586950 1
1.227004 0.695208 1.582711 1
1.207796 0.677394 1.561571 1
1.184122 0.660013 1.535540 1
1.216182 0.631202 1.570612 1
1.224299 0.607669 1.579443 1
1.198344 0.590035 1.550924 1
1.206303 0.566598 1.559593 1
1.250415 0.538516 1.607907 1
1.234107 0.519088 1.589980 1
1.247170 0.496075 1.604262 1
1.205325 0.478566 1.558342 1
1.227020 0.454891 1.582101 1
1.212419 0.434191 1.566064 1
1.196788 0.413143 1.548903 1
1.208674 0.390680 1.561921 1
1.200307 0.368999 1.552735 1
1.190610 0.347096 1.542097 1
1.220594 0.325200 1.574977 1
1.209363 0.303277 1.562666 1
1.194002 0.280879 1.545832 1
1.249031 0.261550 1.606191 1
1.218922 0.238309 1.573195 1
1.226412 0.217143 1.581434 1
1.204928 0.193479 1.557907 1
1.217972 0.172876 1.572247 1
1.217956 0.151030 1.572271 1
1.226305 0.130287 1.581472 1
1.199493 0.104460 1.552127 1
1.217269 0.085166 1.571673 1
1.230813 0.065581 1.586584 1
1.235111 0.044548 1.591364 1
1.222131 0.019986 1.577206 1
1.214504 -0.003817 1.568925 1
1.234942 -0.021241 1.591412 1
1.178158 -0.057603 1.529260 1
1.207913 -0.072613 1.561970 1
1.224476 -0.090537 1.580224 1
1.214620 -0.115882 1.569528 1
1.221877 -0.136277 1.577593 1
1.199501 -0.166210 1.553193 1
1.213171 -0.184609 1.568295 1
1.211859 -0.208034 1.566987 1
1.177598 -0.243834 1.529591 1
1.210008 -0.255017 1.565237 1
1.228683 -0.270845 1.585839 1
1.197623 -0.306960 1.551975 1
1.211823 -0.324582 1.567687 1
1.197910 -0.354487 1.552619 1
1.236184 -0.360769 1.594698 1
1.206979 -0.398330 1.562901 1
1.191541 -0.430139 1.546190 1
1.207338 -0.446633 1.563674 1
1.197506 -0.476284 1.553114 1
1.196574 -0.501582 1.552302 1
1.210556 -0.518742 1.567814 1
1.201508 -0.548874 1.558137 1
1.225244 -0.560083 1.584328 1
1.209472 -0.594731 1.567311 1
1.197795 -0.627539 1.554784 1
1.217793 -0.640610 1.576900 1
1.200137 -0.678021 1.557855 1
1.209355 -0.698087 1.568197 1
1.205432 -0.727168 1.564183 1
1.207388 -0.752440 1.566602 1
1.198619 -0.785692 1.557313 1
1.209328 -0.804976 1.569311 1
1.178095 1.484517 1.577109 1
1.189405 1.449208 1.588668 1
1.176048 1.431822 1.573953 1
1.155911 1.418850 1.552014 1
1.162683 1.387479 1.558778 1
1.176924 1.351704 1.573528 1
1.153902 1.340220 1.548534 1
1.158315 1.311258 1.552824 1
1.190765 1.265811 1.587064 1
1.169818 1.252804 1.564308 1
1.147793 1.239916 1.540404 1
1.164140 1.205325 1.557497 1
1.176553 1.173541 1.570405 1
1.179882 1.147042 1.573621 1
1.166534 1.129219 1.559022 1
1.168032 1.103879 1.560301 1
1.165787 1.080507 1.557590 1
1.166300 1.055947 1.557839 1
1.172166 1.029174 1.563826 1
1.160260 1.010303 1.550809 1
1.195450 0.971805 1.588200 1
1.159422 0.962744 1.549384 1
1.189104 0.927639 1.580911 1
1.178640 0.908255 1.569474 1
1.137565 0.899431 1.525266 1
1.187614 0.858794 1.578643 1
1.176117 0.839560 1.566125 1
1.195985 0.810439 1.587211 1
1.160977 0.798052 1.549521 1
1.160866 0.775019 1.549223 1
1.176075 0.748027 1.565351 1
1.193417 0.721021 1.583776 1
1.176047 0.702728 1.565012 1
1.178591 0.679617 1.567599 1
1.166854 0.659579 1.554887 1
1.188083 0.632953 1.577520 1
1.153544 0.616864 1.540380 1
1.182719 0.589465 1.571553 1
1.153829 0.571569 1.540483 1
1.187049 0.544550 1.576015 1
1.136717 0.528548 1.521967 1
1.179232 0.501316 1.567485 1
1.202076 0.477124 1.591922 1
1.190481 0.456277 1.579437 1
1.199394 0.433821 1.588953 1
1.174029 0.413326 1.561716 1
1.159574 0.391745 1.546188 1
1.186024 0.368900 1.574538 1
1.182611 0.347017 1.570868 1
1.180893 0.325053 1.569026 1
1.167792 0.302797 1.554984 1
1.202193 0.281840 1.591895 1
1.214637 0.260761 1.605266 1
1.167801 0.236255 1.555071 1
1.175096 0.214611 1.562938 1
1.195037 0.194312 1.584375 1
1.171728 0.169971 1.559439 1
1.153843 0.145591 1.540330 1
1.206662 0.130167 1.597044 1
1.168336 0.102668 1.556037 1
1.184013 0.082828 1.572940 1
1.175737 0.059148 1.564173 1
1.191962 0.039871 1.581678 1
1.189736 0.017211 1.579414 1
1.194705 -0.003988 1.584870 1
1.192459 -0.026797 1.582601 1
1.166662 -0.055601 1.555104 1
1.158308 -0.080627 1.546313 1
1.151564 -0.105524 1.539257 1
1.179857 -0.120443 1.569748 1
1.217625 -0.131706 1.610391 1
1.185656 -0.164406 1.576342 1
1.168315 -0.193213 1.557976 1
1.186237 -0.210231 1.577383 1
1.168152 -0.240018 1.558244 1
1.190404 -0.255061 1.582302 1
1.175085 -0.284449 1.566149 1
1.151920 -0.317648 1.541615 1
1.179654 -0.329941 1.571560 1
1.169442 -0.358297 1.560912 1
1.180232 -0.377489 1.572741 1
1.169288 -0.406768 1.561335 1
1.177481 -0.427180 1.570405 1
1.176576 -0.452074 1.569756 1
1.157651 -0.486521 1.549860 1
1.162346 -0.509072 1.555223 1
1.168993 -0.530566 1.562681 1
1.188502 -0.544716 1.583887 1
1.167262 -0.582215 1.561579 1
1.189903 -0.594246 1.586144 1
1.158585 -0.639010 1.553112 1
1.159948 -0.664309 1.554985 1
1.173891 -0.681593 1.570293 1
1.162591 -0.715458 1.558680 1
1.185719 -0.726385 1.583799 1
1.175497 -0.760127 1.573366 1
1.180670 -0.783399 1.579359 1
1.173790 -0.815602 1.572522 1
1.133478 1.501479 1.571553 1
1.131271 1.475526 1.568566 1
1.128179 1.450351 1.564676 1
1.134487 1.418963 1.570585 1
1.146006 1.384585 1.581940 1
1.140200 1.361921 1.575283 1
1.167682 1.318470 1.603314 1
1.125616 1.318456 1.558913 1
1.138842 1.284510 1.572134 1
1.136182 1.260340 1.568816 1
1.130906 1.237735 1.562785 1
1.122773 1.216698 1.553786 1
1.146216 1.178873 1.577754 1
1.116135 1.169426 1.545875 1
1.125873 1.139379 1.555575 1
1.137075 1.109082 1.566825 1
1.162689 1.072547 1.593154 1
1.141772 1.057960 1.570885 1
1.145943 1.031918 1.574844 1
1.135726 1.012199 1.563777 1
1.140072 0.986379 1.567950 1
1.128070 0.967213 1.555038 1
1.149371 0.935257 1.576977 1
1.153039 0.910426 1.580489 1
1.142171 0.890858 1.568801 1
1.148620 0.865312 1.575251 1
1.143595 0.843700 1.569702 1
1.113096 0.829768 1.537491 1
1.159063 0.792933 1.585368 1
1.170033 0.767122 1.596613 1
1.163681 0.746213 1.589729 1
1.140740 0.729275 1.565473 1
1.165049 0.700804 1.590737 1
1.168600 0.677605 1.594265 1
1.147587 0.659560 1.572060 1
1.153337 0.635916 1.577918 1
1.159142 0.612477 1.583846 1
1.131393 0.594648 1.554609 1
1.119524 0.573751 1.542029 1
1.135442 0.548875 1.558598 1
1.142739 0.525506 1.566141 1
1.144096 0.502997 1.567467 1
1.123119 0.482579 1.545383 1
1.130026 0.459462 1.552554 1
1.145233 0.436039 1.568443 1
1.145602 0.413781 1.568782 1
1.144559 0.391596 1.567652 1
1.179872 0.368632 1.604669 1
1.155584 0.347073 1.579181 1
1.108832 0.324683 1.530141 1
1.144967 0.302720 1.568056 1
1.129763 0.279970 1.552132 1
1.138412 0.257950 1.561240 1
1.125552 0.234809 1.547801 1
1.131143 0.212706 1.553725 1
1.129781 0.190107 1.552370 1
1.130520 0.167665 1.553230 1
1.156950 0.148262 1.581044 1
1.154181 0.125694 1.578248 1
1.153821 0.103364 1.577991 1
1.150664 0.080534 1.574813 1
1.123496 0.053369 1.546477 1
1.125641 0.030930 1.548886 1
1.151226 0.013262 1.575875 1
1.162769 -0.006791 1.588155 1
1.153452 -0.031409 1.578584 1
1.141620 -0.056977 1.566395 1
1.130214 -0.082842 1.554667 1
1.142949 -0.102479 1.568244 1
1.135756 -0.127589 1.560958 1
1.150437 -0.146349 1.576594 1
1.129181 -0.176203 1.554612 1
1.128177 -0.200031 1.553851 1
1.125138 -0.224693 1.550974 1
1.148782 -0.239885 1.576034 1
1.144867 -0.264872 1.572266 1
1.133333 -0.293069 1.560543 1
1.132230 -0.317486 1.559748 1
1.145257 -0.336099 1.573743 1
1.159993 -0.353700 1.589531 1
1.149230 -0.382508 1.578679 1
1.169834 -0.397127 1.600620 1
1.131005 -0.439929 1.560485 1
1.118861 -0.470788 1.548252 1
1.136385 -0.486948 1.567015 1
1.140162 -0.509993 1.571435 1
1.146311 -0.531794 1.578345 1
1.144185 -0.558209 1.576636 1
1.123673 -0.595469 1.555773 1
1.123312 -0.621631 1.555946 1
1.126176 -0.646033 1.559496 1
1.132686 -0.668263 1.566860 1
1.137829 -0.691360 1.572814 1
1.111581 -0.735157 1.546107 1
1.118503 -0.757667 1.553953 1
1.115894 -0.786764 1.551899 1
1.130924 -0.803689 1.568205 1
1.109313 -0.846935 1.546439 1
1.084911 1.492903 1.562324 1
1.109714 1.448311 1.586628 1
1.116115 1.417030 1.592296 1
1.097755 1.402262 1.572842 1
1.112044 1.366437 1.586575 1
1.094574 1.350879 1.568052 1
1.119312 1.309597 1.592472 1
1.116507 1.285411 1.588906 1
1.101664 1.268175 1.573103 1
1.081703 1.253485 1.552096 1
1.096746 1.219521 1.566761 1
1.105010 1.189737 1.574548 1
1.088746 1.172805 1.557352 1
1.091387 1.146239 1.559448 1
1.136823 1.099520 1.605233 1
1.090039 1.096860 1.556938 1
1.100676 1.067309 1.567261 1
1.093432 1.045924 1.559346 1
1.099767 1.018799 1.565320 1
1.091540 0.997836 1.556434 1
1.093026 0.972994 1.557491 1
1.099102 0.946602 1.563260 1
1.119236 0.915471 1.583429 1
1.095644 0.900034 1.558893 1
1.097957 0.875500 1.560871 1
1.096484 0.852319 1.558992 1
1.080984 0.833393 1.542771 1
1.102211 0.803624 1.564166 1
1.123660 0.774482 1.585813 1
1.118687 0.752822 1.580421 1
1.111515 0.731628 1.572791 1
1.108537 0.709341 1.569472 1
1.110253 0.686026 1.570979 1
1.102780 0.664666 1.563086 1
1.099681 0.642336 1.559689 1
1.096972 0.619905 1.556708 1
1.085236 0.598882 1.544487 1
1.110758 0.572176 1.570483 1
1.119614 0.548404 1.579410 1
1.142619 0.523255 1.602865 1
1.094482 0.506133 1.553371 1
1.125337 0.480631 1.584911 1
1.098259 0.460396 1.557043 1
1.116466 0.436629 1.575642 1
1.102128 0.414949 1.560872 1
1.113682 0.391997 1.572679 1
1.105485 0.369780 1.564239 1
1.119755 0.347188 1.578863 1
1.121592 0.324906 1.580748 1
1.102811 0.302247 1.561495 1
1.138647 0.280944 1.598291 1
1.123159 0.258146 1.582447 1
1.095977 0.234183 1.554624 1
1.090547 0.211101 1.549132 1
1.094043 0.188648 1.552812 1
1.111485 0.167708 1.570810 1
1.097747 0.143566 1.556845 1
1.114943 0.123066 1.574620 1
1.101128 0.098510 1.560609 1
1.112544 0.077539 1.572485 1
1.089696 0.050919 1.549248 1
1.119850 0.033513 1.580364 1
1.105074 0.007877 1.565437 1
1.103744 -0.015343 1.564309 1
1.096481 -0.040018 1.557120 1
1.089513 -0.064893 1.550250 1
1.099723 -0.085616 1.560996 1
1.109651 -0.106201 1.571466 1
1.132116 -0.123001 1.594786 1
1.091646 -0.158114 1.553686 1
1.126554 -0.170787 1.589769 1
1.113487 -0.198314 1.576762 1
1.098722 -0.226895 1.562043 1
1.099379 -0.250491 1.563120 1
1.096128 -0.275627 1.560220 1
1.110149 -0.294287 1.574996 1
1.094201 -0.324686 1.559153 1
1.104240 -0.344854 1.569891 1
1.093771 -0.373695 1.559692 1
1.093599 -0.398385 1.560035 1
1.103650 -0.418500 1.570831 1
1.101017 -0.444495 1.568698 1
1.081131 -0.479199 1.548986 1
1.098081 -0.495991 1.566871 1
1.091013 -0.524966 1.560282 1
1.094355 -0.548725 1.564324 1
1.105058 -0.568477 1.575883 1
1.118771 -0.586356 1.590519 1
1.095791 -0.625448 1.567823 1
1.102779 -0.647450 1.575653 1
1.095626 -0.678148 1.569121 1
1.098692 -0.702810 1.573005 1
1.091112 -0.734495 1.566093 1
1.095887 -0.758418 1.571758 1
1.107803 -0.777534 1.584688 1
1.080822 -0.823680 1.558177 1
1.073813 1.485477 1.592252 1
1.062664 1.465565 1.580171 1
1.052111 1.445125 1.568697 1
1.060047 1.412709 1.575570 1
1.070992 1.378884 1.585465 1
1.047430 1.366632 1.561151 1
1.034620 1.347455 1.547516 1
1.067365 1.301758 1.579160 1
1.060647 1.279451 1.571632 1
1.059989 1.253803 1.570152 1
1.072266 1.221440 1.581567 1
1.071995 1.196093 1.580528 1
1.039566 1.186998 1.547485 1
1.056402 1.153160 1.563526 1
1.084638 1.114617 1.590970 1
1.079920 1.092075 1.585598 1
1.051116 1.080147 1.556217 1
1.079034 1.043340 1.583445 1
1.086483 1.015902 1.590282 1
1.082371 0.993390 1.585600 1
1.073999 0.972504 1.576682 1
1.063553 0.952252 1.565707 1
1.056475 0.930617 1.558115 1
1.076784 0.899601 1.577926 1
1.064149 0.879962 1.564819 1
1.058014 0.858040 1.558229 1
1.069870 0.830704 1.569661 1
1.030944 0.818119 1.530287 1
1.068072 0.784130 1.567065 1
1.072828 0.759487 1.571459 1
1.081167 0.734189 1.579466 1
1.080050 0.711331 1.578022 1
1.076879 0.688942 1.574539 1
1.086931 0.663901 1.584328 1
1.063699 0.645338 1.560775 1
1.068762 0.621354 1.565602 1
1.050858 0.601164 1.547421 1
1.073367 0.574736 1.569782 1
1.096464 0.548890 1.592757 1
1.056797 0.530985 1.552801 1
1.077004 0.505908 1.572919 1
1.066643 0.484119 1.562393 1
1.080391 0.460267 1.576072 1
1.074313 0.438024 1.569881 1
1.063965 0.415836 1.559422 1
1.086031 0.392278 1.581506 1
1.090163 0.369695 1.585615 1
1.087310 0.347278 1.582734 1
1.084184 0.324783 1.579597 1
1.073606 0.302049 1.569001 1
1.075616 0.279450 1.571056 1
1.068533 0.256463 1.564005 1
1.080758 0.234453 1.576346 1
1.067789 0.210872 1.563429 1
1.083384 0.189445 1.579187 1
1.067284 0.165180 1.563169 1
1.052557 0.140606 1.548549 1
1.091799 0.122588 1.588078 1
1.080601 0.098383 1.577036 1
1.061957 0.072661 1.558550 1
1.073229 0.051491 1.570081 1
1.070887 0.028070 1.567980 1
1.062940 0.003421 1.560283 1
1.092199 -0.013608 1.589890 1
1.079660 -0.039337 1.577631 1
1.067314 -0.065433 1.565589 1
1.069500 -0.088250 1.568126 1
1.079255 -0.109050 1.578262 1
1.072373 -0.134347 1.571758 1
1.059319 -0.161748 1.559102 1
1.068072 -0.182835 1.568291 1
1.081809 -0.202146 1.582484 1
1.081564 -0.225899 1.582706 1
1.074804 -0.252059 1.576439 1
1.061243 -0.281019 1.563399 1
1.077539 -0.299069 1.580219 1
1.033647 -0.340636 1.536939 1
1.062371 -0.353737 1.566210 1
1.045962 -0.385346 1.550439 1
1.097639 -0.387561 1.602630 1
1.076646 -0.421485 1.582333 1
1.055776 -0.456115 1.562199 1
1.055117 -0.481702 1.562246 1
1.050535 -0.509425 1.558410 1
1.055291 -0.532627 1.563899 1
1.075006 -0.547903 1.584294 1
1.057732 -0.582955 1.567907 1
1.043884 -0.616789 1.554968 1
1.051232 -0.638995 1.563129 1
1.063487 -0.658247 1.576183 1
1.038755 -0.699834 1.552541 1
1.066816 -0.709412 1.581322 1
1.047124 -0.748912 1.562758 1
1.055166 -0.771034 1.571724 1
1.051074 -0.801291 1.568695 1
1.034125 -0.840783 1.552977 1
0.989547 1.499691 1.549813 1
1.000928 1.464164 1.559593 1
1.005100 1.433784 1.562448 1
1.013429 1.401186 1.569368 1
0.986324 1.390366 1.542000 1
1.013742 1.346960 1.567491 1
1.023896 1.314445 1.576299 1
1.020140 1.290147 1.571649 1
1.008414 1.270213 1.559285 1
1.001578 1.247533 1.551690 1
1.002039 1.221096 1.551213 1
0.999107 1.196514 1.547466 1
1.024198 1.158564 1.571021 1
1.024895 1.132844 1.570874 1
1.020120 1.109752 1.565424 1
1.014439 1.087053 1.559114 1
1.030251 1.055277 1.573787 1
1.022135 1.033811 1.565157 1
1.004351 1.016023 1.547110 1
1.034353 0.979800 1.575734 1
1.040840 0.953092 1.581437 1
1.054491 0.924175 1.594172 1
1.025605 0.909994 1.565362 1
1.036669 0.882279 1.575622 1
1.028668 0.860818 1.567266 1
1.027886 0.837108 1.565993 1
1.007264 0.818994 1.545328 1
1.024018 0.790487 1.561265 1
1.029667 0.765310 1.566359 1
1.013799 0.745466 1.550407 1
1.040347 0.715774 1.576025 1
0.997635 0.701404 1.533811 1
1.007980 0.675521 1.543604 1
1.013938 0.650778 1.549124 1
1.044665 0.622070 1.578953 1
1.033840 0.600694 1.568071 1
1.055936 0.574406 1.589494 1
1.052327 0.552048 1.585733 1
1.050454 0.529430 1.583696 1
1.046958 0.506956 1.580090 1
1.014680 0.486935 1.548264 1
1.046431 0.461329 1.579285 1
1.051041 0.438242 1.583698 1
1.049333 0.415594 1.581933 1
1.014818 0.394015 1.547994 1
1.037567 0.370363 1.570276 1
1.042706 0.347446 1.575297 1
1.045161 0.324652 1.577707 1
1.040460 0.301777 1.573115 1
1.050076 0.279252 1.582596 1
1.038449 0.255976 1.571252 1
1.027065 0.232389 1.560170 1
1.037145 0.210066 1.570172 1
1.036574 0.187063 1.569746 1
1.036541 0.164074 1.569870 1
0.993687 0.136153 1.528009 1
1.041458 0.118642 1.575072 1
1.005134 0.090483 1.539671 1
1.043415 0.072874 1.577460 1
1.044203 0.049934 1.578501 1
1.018768 0.022185 1.553859 1
1.017885 -0.001497 1.553312 1
1.022380 -0.024132 1.558059 1
1.012396 -0.049939 1.548642 1
1.027615 -0.070106 1.563939 1
1.039788 -0.090686 1.576270 1
1.038260 -0.114632 1.575206 1
1.050961 -0.134729 1.588092 1
1.033505 -0.163382 1.571490 1
1.000741 -0.197302 1.539951 1
1.018943 -0.215883 1.558290 1
1.029953 -0.236456 1.569612 1
1.017740 -0.264922 1.558262 1
1.019824 -0.288645 1.560910 1
1.045746 -0.303417 1.586858 1
1.000599 -0.345411 1.543448 1
0.999439 -0.370951 1.543015 1
1.019139 -0.387871 1.562951 1
1.007060 -0.418183 1.551922 1
1.037444 -0.429874 1.582302 1
1.029397 -0.458670 1.575258 1
1.020084 -0.488455 1.567016 1
1.047346 -0.500582 1.594395 1
1.031037 -0.534243 1.579409 1
1.016617 -0.567563 1.566305 1
1.005243 -0.599843 1.556205 1
1.021714 -0.617191 1.573177 1
1.026025 -0.641148 1.578365 1
1.002846 -0.681261 1.556927 1
1.001377 -0.709232 1.556584 1
1.014069 -0.728709 1.569987 1
1.012537 -0.756995 1.569644 1
0.998614 -0.793583 1.557356 1
1.000767 -0.820148 1.560654 1
0.967950 1.499103 1.570496 1
0.954836 1.479436 1.556728 1
0.984842 1.432626 1.583697 1
0.961501 1.419474 1.560335 1
0.982085 1.379714 1.578519 1
0.973930 1.357412 1.569570 1
0.980439 1.326791 1.574535 1
0.968300 1.306771 1.561871 1
1.000228 1.263074 1.591020 1
0.982206 1.246383 1.572839 1
0.970504 1.226138 1.560673 1
0.987703 1.191592 1.575990 1
0.968968 1.174728 1.557193 1
0.965751 1.150340 1.553172 1
0.985222 1.115916 1.570776 1
0.983609 1.091262 1.568353 1
0.986091 1.064992 1.569861 1
0.988603 1.038908 1.571431 1
0.959797 1.025143 1.543165 1
1.004238 0.983355 1.584797 1
0.992164 0.963220 1.572545 1
1.005066 0.934238 1.584166 1
0.992209 0.914244 1.571216 1
0.985532 0.892030 1.564192 1
1.012255 0.859600 1.589127 1
0.984487 0.843762 1.561990 1
0.993240 0.817180 1.569806 1
0.995528 0.792612 1.571467 1
1.001146 0.767356 1.576346 1
1.009337 0.741722 1.583719 1
1.005847 0.718958 1.579935 1
0.987158 0.699313 1.561613 1
0.977249 0.677520 1.551723 1
0.985560 0.652231 1.559322 1
1.008351 0.624802 1.580833 1
0.994741 0.603616 1.567474 1
0.979674 0.582312 1.552739 1
1.000011 0.556164 1.571986 1
1.014751 0.531230 1.585896 1
0.984864 0.511175 1.557016 1
0.990635 0.487268 1.562372 1
0.996807 0.463509 1.568140 1
1.011406 0.439432 1.582023 1
0.992258 0.417330 1.563543 1
0.994375 0.394025 1.565498 1
0.983993 0.371034 1.555481 1
1.005085 0.347565 1.575702 1
1.014004 0.324577 1.584263 1
0.981180 0.300992 1.552780 1
0.983503 0.277696 1.555062 1
0.983184 0.254330 1.554834 1
1.025001 0.233464 1.595072 1
0.986926 0.207850 1.558658 1
1.006899 0.186221 1.577979 1
0.990263 0.161446 1.562196 1
0.973005 0.136128 1.545846 1
1.003848 0.116403 1.575667 1
0.951019 0.085759 1.525255 1
0.995420 0.068570 1.568125 1
0.989586 0.044150 1.562843 1
0.980537 0.018946 1.554508 1
0.998926 -0.001237 1.572498 1
0.966110 -0.031594 1.541446 1
0.995261 -0.049214 1.569794 1
0.995939 -0.072781 1.570889 1
1.010864 -0.092862 1.585649 1
1.009568 -0.116854 1.584905 1
0.978490 -0.149162 1.555692 1
0.973655 -0.174813 1.551629 1
0.978034 -0.197891 1.556408 1
0.981527 -0.221218 1.560364 1
0.987765 -0.243633 1.566970 1
1.002689 -0.262976 1.581896 1
1.010595 -0.284523 1.590139 1
0.990366 -0.316448 1.571559 1
0.985405 -0.343145 1.567589 1
0.967851 -0.375156 1.551648 1
0.996482 -0.388590 1.579762 1
0.975957 -0.422472 1.561065 1
0.996094 -0.439001 1.581125 1
0.980500 -0.471487 1.567203 1
0.977113 -0.498788 1.564937 1
0.957651 -0.534188 1.547433 1
0.981083 -0.548733 1.570719 1
0.986886 -0.571876 1.577281 1
0.970811 -0.606673 1.563119 1
0.982624 -0.626838 1.575446 1
0.980132 -0.654881 1.574244 1
0.984846 -0.679015 1.579901 1
0.972889 -0.713094 1.569822 1
0.962534 -0.746763 1.561311 1
0.975196 -0.766573 1.574588 1
0.979495 -0.791555 1.579994 1
0.960115 -0.832165 1.563109 1
0.902005 1.498565 1.548820 1
0.900604 1.470961 1.545974 1
0.935047 1.421954 1.576232 1
0.938699 1.392264 1.578163 1
0.932155 1.368705 1.570721 1
0.930919 1.342184 1.568220 1
0.940114 1.310161 1.575410 1
0.928331 1.289634 1.563224 1
0.937445 1.258233 1.570431 1
0.917990 1.241467 1.551191 1
0.932425 1.207939 1.563418 1
0.943913 1.176363 1.572965 1
0.938379 1.152987 1.566744 1
0.944512 1.124469 1.571401 1
0.933631 1.103493 1.560272 1
0.944191 1.073531 1.569128 1
0.940750 1.049548 1.564989 1
0.950330 1.020608 1.573016 1
0.926977 1.004192 1.550377 1
0.940348 0.974210 1.562013 1
0.961956 0.941900 1.581383 1
0.962889 0.917050 1.581498 1
0.942909 0.898874 1.562109 1
0.960616 0.868952 1.577959 1
0.969256 0.842195 1.585379 1
0.927934 0.829363 1.546102 1
0.942861 0.800933 1.559462 1
0.952321 0.774325 1.567747 1
0.971811 0.745718 1.585459 1
0.963622 0.723746 1.577291 1
0.929031 0.707027 1.544411 1
0.949309 0.678931 1.562965 1
0.977404 0.650040 1.588885 1
1.009176 0.621341 1.618296 1
0.955701 0.606457 1.567807 1
0.945750 0.584175 1.558151 1
0.971968 0.557145 1.582452 1
0.947154 0.536553 1.558910 1
0.916834 0.515880 1.530223 1
0.962077 0.487976 1.572475 1
0.949133 0.465497 1.560151 1
0.941170 0.442402 1.552530 1
0.951794 0.418260 1.562386 1
0.959370 0.394511 1.569410 1
0.974149 0.370828 1.583227 1
0.942319 0.347845 1.553316 1
0.977314 0.324467 1.586171 1
0.954299 0.300863 1.564592 1
0.974462 0.278067 1.583579 1
0.964380 0.254400 1.574201 1
0.973410 0.231587 1.582793 1
0.978056 0.208677 1.587298 1
0.968867 0.184686 1.578847 1
0.949385 0.159414 1.560768 1
0.951457 0.136011 1.562946 1
0.958997 0.113315 1.570284 1
0.904748 0.082235 1.519694 1
0.945449 0.064071 1.558193 1
0.960592 0.042730 1.572746 1
0.988991 0.024107 1.599747 1
0.940721 -0.008494 1.554916 1
0.927396 -0.035280 1.542879 1
0.974139 -0.049368 1.587140 1
0.968842 -0.074324 1.582679 1
0.967223 -0.098588 1.581696 1
0.974008 -0.120791 1.588607 1
0.932437 -0.156054 1.550314 1
0.941619 -0.178015 1.559537 1
0.944216 -0.201783 1.562631 1
0.958982 -0.221756 1.577125 1
0.943433 -0.251331 1.563329 1
0.957262 -0.271418 1.577001 1
0.936722 -0.303415 1.558630 1
0.954182 -0.322081 1.575746 1
0.930821 -0.355990 1.554833 1
0.927646 -0.382665 1.552782 1
0.939526 -0.403366 1.564785 1
0.946998 -0.425730 1.572709 1
0.963277 -0.444144 1.588851 1
0.926693 -0.486205 1.555884 1
0.933758 -0.509033 1.563534 1
0.938084 -0.533126 1.568671 1
0.964408 -0.546310 1.594243 1
0.949492 -0.579986 1.581596 1
0.916472 -0.623796 1.552242 1
0.949824 -0.632823 1.584395 1
0.943154 -0.663295 1.579533 1
0.927253 -0.699424 1.566192 1
0.926507 -0.727333 1.566908 1
0.935213 -0.749772 1.576385 1
0.912688 -0.791421 1.557110 1
0.927522 -0.810339 1.572313 1
0.889710 1.491861 1.578763 1
0.895742 1.459935 1.582480 1
0.917310 1.419162 1.600242 1
0.866462 1.421195 1.552836 1
0.903796 1.372124 1.584925 1
0.874355 1.361050 1.556841 1
0.898134 1.320823 1.576841 1
0.866504 1.310291 1.546817 1
0.887659 1.272317 1.564563 1
0.880927 1.248817 1.557123 1
0.890591 1.217464 1.564580 1
0.907786 1.183057 1.578925 1
0.916885 1.152916 1.585983 1
0.887958 1.139676 1.558549 1
0.901723 1.107827 1.569930 1
0.895441 1.084632 1.563132 1
0.875688 1.066668 1.544103 1
0.916370 1.025424 1.580135 1
0.895048 1.008010 1.559745 1
0.909816 0.977467 1.572278 1
0.891218 0.958675 1.554423 1
0.887659 0.934616 1.550315 1
0.900472 0.905488 1.561193 1
0.919742 0.874887 1.578017 1
0.899214 0.856143 1.558517 1
0.896099 0.832243 1.554958 1
0.877011 0.812424 1.536822 1
0.888196 0.784832 1.546411 1
0.919578 0.752983 1.574533 1
0.898999 0.733249 1.555125 1
0.906941 0.707255 1.561866 1
0.921376 0.680300 1.574596 1
0.912304 0.657922 1.565821 1
0.899091 0.636031 1.553279 1
0.903556 0.611190 1.556977 1
0.911660 0.586012 1.564047 1
0.909841 0.562313 1.562049 1
0.937655 0.535324 1.587276 1
0.930332 0.512520 1.580298 1
0.929827 0.488977 1.579608 1
0.911188 0.466740 1.562304 1
0.898830 0.443672 1.550796 1
0.894473 0.419935 1.546665 1
0.924281 0.394988 1.573934 1
0.926381 0.371364 1.575798 1
0.910012 0.347921 1.560735 1
0.903826 0.324121 1.555055 1
0.921158 0.300616 1.571002 1
0.902654 0.276392 1.554077 1
0.932291 0.253867 1.581385 1
0.886986 0.227718 1.539923 1
0.921871 0.206105 1.572111 1
0.892206 0.179926 1.545078 1
0.905759 0.157165 1.557747 1
0.915412 0.134298 1.566867 1
0.920010 0.111027 1.571379 1
0.898282 0.084240 1.551775 1
0.883276 0.057852 1.538379 1
0.937897 0.042376 1.588857 1
0.900860 0.012143 1.555332 1
0.924782 -0.007573 1.577717 1
0.917034 -0.033128 1.571112 1
0.936761 -0.053017 1.589706 1
0.892440 -0.087118 1.549689 1
0.916131 -0.105978 1.571975 1
0.914524 -0.130747 1.571138 1
0.929125 -0.151271 1.585157 1
0.924088 -0.177031 1.581252 1
0.922110 -0.202104 1.580180 1
0.906063 -0.231674 1.566299 1
0.918255 -0.252644 1.578242 1
0.905114 -0.281912 1.567100 1
0.907829 -0.306082 1.570466 1
0.881672 -0.340801 1.547556 1
0.905690 -0.357380 1.570408 1
0.911717 -0.380462 1.576898 1
0.913265 -0.405314 1.579346 1
0.919430 -0.428308 1.586027 1
0.863917 -0.478029 1.536709 1
0.889759 -0.492991 1.561358 1
0.898926 -0.515073 1.570887 1
0.897485 -0.542095 1.570830 1
0.901287 -0.566736 1.575565 1
0.886169 -0.600988 1.563214 1
0.890774 -0.625584 1.568765 1
0.899602 -0.647956 1.578168 1
0.880215 -0.685747 1.562131 1
0.885638 -0.710291 1.568548 1
0.875952 -0.743614 1.561388 1
0.890797 -0.762841 1.576375 1
0.868801 -0.804276 1.558251 1
0.884217 -0.823212 1.573828 1
0.836026 1.482176 1.570155 1
0.830609 1.456904 1.563553 1
0.854853 1.414693 1.583081 1
0.849033 1.390155 1.576236 1
0.843142 1.365668 1.569370 1
0.818919 1.350876 1.546372 1
0.834183 1.315262 1.558249 1
0.829165 1.290390 1.552275 1
0.864358 1.246022 1.581911 1
0.866483 1.218389 1.582372 1
0.850607 1.199192 1.566932 1
0.853981 1.171165 1.568586 1
0.829239 1.155434 1.545338 1
0.849713 1.120381 1.562259 1
0.855139 1.092064 1.565876 1
0.873825 1.058883 1.581337 1
0.881353 1.030504 1.586933 1
0.888446 1.002600 1.592193 1
0.836201 0.995560 1.544627 1
0.850345 0.965102 1.556240 1
0.872398 0.932600 1.574964 1
0.881161 0.904856 1.581887 1
0.868852 0.883604 1.570042 1
0.872383 0.857686 1.572377 1
0.863353 0.835287 1.563527 1
0.874560 0.807609 1.572807 1
0.879763 0.781741 1.576762 1
0.871289 0.759178 1.568518 1
0.883315 0.732084 1.578662 1
0.884979 0.707443 1.579570 1
0.868459 0.686307 1.564225 1
0.867234 0.662130 1.562615 1
0.880529 0.635632 1.574059 1
0.878628 0.611777 1.571920 1
0.912492 0.583079 1.601896 1
0.861022 0.565732 1.555366 1
0.852293 0.542414 1.547207 1
0.880442 0.515345 1.572176 1
0.857063 0.493336 1.550941 1
0.837204 0.470500 1.532895 1
0.878052 0.443663 1.569385 1
0.878242 0.419722 1.569411 1
0.842584 0.396949 1.537285 1
0.850379 0.372432 1.544212 1
0.902562 0.347836 1.591035 1
0.892027 0.324179 1.581575 1
0.906048 0.300723 1.594201 1
0.875816 0.276200 1.567126 1
0.893493 0.253046 1.583104 1
0.877694 0.228398 1.569063 1
0.876341 0.204348 1.568028 1
0.858285 0.178848 1.552037 1
0.873740 0.156090 1.566162 1
0.884498 0.133190 1.576104 1
0.865584 0.106908 1.559459 1
0.872219 0.083557 1.565774 1
0.879536 0.060439 1.572734 1
0.899288 0.039474 1.590876 1
0.898732 0.015438 1.590845 1
0.854527 -0.016833 1.551742 1
0.859896 -0.040384 1.557104 1
0.856173 -0.065793 1.554360 1
0.853131 -0.091209 1.552266 1
0.907752 -0.102951 1.601802 1
0.876732 -0.134978 1.574749 1
0.873458 -0.160515 1.572560 1
0.881288 -0.183116 1.580333 1
0.853400 -0.216046 1.556243 1
0.890681 -0.229859 1.590385 1
0.848373 -0.268195 1.553531 1
0.883901 -0.281846 1.586158 1
0.886777 -0.305952 1.589694 1
0.852873 -0.343329 1.560514 1
0.866947 -0.363806 1.574112 1
0.863695 -0.390726 1.572328 1
0.868282 -0.414709 1.577557 1
0.837322 -0.453442 1.551254 1
0.848895 -0.474920 1.562782 1
0.864859 -0.494265 1.578231 1
0.849173 -0.527765 1.565661 1
0.841529 -0.558063 1.560279 1
0.845702 -0.582994 1.565408 1
0.821397 -0.622189 1.545410 1
0.854254 -0.632865 1.575971 1
0.833692 -0.670988 1.559403 1
0.830845 -0.700263 1.558533 1
0.854173 -0.715207 1.580761 1
0.861132 -0.739018 1.588603 1
0.857340 -0.769126 1.587038 1
0.823006 -0.817934 1.558729 1
0.787278 1.497320 1.568896 1
0.785977 1.469298 1.565759 1
0.800255 1.432625 1.576049 1
0.793682 1.408047 1.568506 1
0.819830 1.365907 1.589155 1
0.801915 1.347703 1.571961 1
0.790384 1.325916 1.560292 1
0.818616 1.284337 1.582969 1
0.790620 1.270682 1.557178 1
0.785602 1.245698 1.551259 1
0.823842 1.201187 1.582818 1
0.833991 1.170179 1.590155 1
0.813977 1.152377 1.571408 1
0.799877 1.131730 1.557813 1
0.803273 1.103888 1.559438 1
0.802826 1.077734 1.557775 1
0.825678 1.043079 1.576419 1
0.804764 1.024734 1.557055 1
0.818468 0.994077 1.567854 1
0.810899 0.970895 1.560180 1
0.841790 0.935462 1.586074 1
0.828423 0.914337 1.573436 1
0.802763 0.896506 1.550098 1
0.824717 0.864933 1.568362 1
0.823845 0.840026 1.566745 1
0.817744 0.816480 1.560598 1
0.804966 0.794432 1.548651 1
0.801899 0.769947 1.545232 1
0.815514 0.741929 1.556456 1
0.861022 0.708010 1.595659 1
0.814779 0.692310 1.554560 1
0.858703 0.659941 1.592486 1
0.817523 0.642315 1.555879 1
0.830791 0.615699 1.567031 1
0.813008 0.593618 1.550997 1
0.840076 0.565697 1.574342 1
0.839498 0.541493 1.573480 1
0.833215 0.517849 1.567650 1
0.835542 0.493360 1.569416 1
0.822348 0.470039 1.557597 1
0.838139 0.444746 1.571263 1
0.832120 0.420840 1.565820 1
0.809952 0.397306 1.546236 1
0.829291 0.372428 1.563139 1
0.858561 0.347984 1.588803 1
0.834109 0.323943 1.567331 1
0.836610 0.299793 1.569566 1
0.857258 0.276278 1.587776 1
0.859394 0.252455 1.589769 1
0.832447 0.227011 1.566265 1
0.824305 0.202179 1.559315 1
0.796797 0.175520 1.535408 1
0.832448 0.154160 1.566977 1
0.853558 0.132110 1.585816 1
0.831932 0.105400 1.567198 1
0.865354 0.085463 1.596906 1
0.836102 0.057161 1.571688 1
0.805412 0.027837 1.545263 1
0.843941 0.009599 1.579550 1
0.834286 -0.016617 1.571648 1
0.824857 -0.043090 1.563991 1
0.833066 -0.066144 1.571820 1
0.839744 -0.089389 1.578345 1
0.812476 -0.120571 1.555219 1
0.844318 -0.137755 1.583830 1
0.819781 -0.169013 1.563194 1
0.830973 -0.191123 1.573826 1
0.825474 -0.217851 1.569921 1
0.828509 -0.242229 1.573511 1
0.815725 -0.271613 1.563349 1
0.835689 -0.290652 1.581780 1
0.776424 -0.336397 1.531245 1
0.797896 -0.355097 1.551078 1
0.810541 -0.376589 1.563257 1
0.786411 -0.411939 1.543512 1
0.793508 -0.435679 1.550959 1
0.816893 -0.452667 1.572576 1
0.823644 -0.476196 1.579788 1
0.807626 -0.509638 1.567319 1
0.803664 -0.538218 1.565356 1
0.815865 -0.559526 1.577424 1
0.824361 -0.582418 1.586323 1
0.810827 -0.616101 1.576248 1
0.808838 -0.644462 1.576201 1
0.805582 -0.673706 1.575120 1
0.791622 -0.708959 1.564889 1
0.776101 -0.745651 1.553398 1
0.820839 -0.748903 1.593718 1
0.783087 -0.798892 1.563282 1
0.766521 -0.837586 1.551123 1
0.741934 1.481020 1.569458 1
0.751056 1.447077 1.574964 1
0.743497 1.422666 1.566561 1
0.752595 1.389391 1.572190 1
0.741486 1.366978 1.560908 1
0.750216 1.334465 1.566362 1
0.746622 1.308375 1.561506 1
0.762768 1.272988 1.573349 1
0.762797 1.245618 1.571670 1
0.757568 1.220744 1.565602 1
0.774538 1.186264 1.578359 1
0.759974 1.165599 1.564496 1
0.758065 1.139539 1.561389 1
0.786325 1.101727 1.583921 1
0.780956 1.077530 1.577997 1
0.774929 1.053545 1.571557 1
0.772660 1.028190 1.568355 1
0.751712 1.009209 1.549307 1
0.793952 0.969212 1.584085 1
0.791409 0.944413 1.580804 1
0.793454 0.918269 1.581480 1
0.786963 0.894709 1.574925 1
0.743708 0.881108 1.537028 1
0.794127 0.842096 1.579140 1
0.801905 0.815008 1.584909 1
0.768391 0.797869 1.555428 1
0.782687 0.769350 1.566859 1
0.784930 0.743777 1.568033 1
0.797703 0.716261 1.578269 1
0.773833 0.695836 1.557177 1
0.778528 0.669992 1.560586 1
0.778083 0.645126 1.559638 1
0.785950 0.619091 1.565859 1
0.785930 0.594341 1.565366 1
0.786125 0.569603 1.565101 1
0.790287 0.544480 1.568283 1
0.804397 0.518554 1.580047 1
0.802878 0.494289 1.578445 1
0.780489 0.471451 1.558970 1
0.790630 0.446230 1.567460 1
0.800184 0.421307 1.575492 1
0.804694 0.396795 1.579236 1
0.816659 0.372264 1.589426 1
0.783656 0.348322 1.561042 1
0.816015 0.323963 1.588831 1
0.799503 0.299495 1.574693 1
0.779217 0.274487 1.557360 1
0.804084 0.250946 1.578841 1
0.783275 0.225436 1.561146 1
0.771953 0.200041 1.551643 1
0.812242 0.178558 1.586482 1
0.806452 0.153722 1.581811 1
0.795052 0.128112 1.572372 1
0.784311 0.102263 1.563545 1
0.773526 0.076101 1.554730 1
0.790293 0.053620 1.569583 1
0.790795 0.028959 1.570532 1
0.789360 0.003935 1.569866 1
0.771428 -0.024195 1.555117 1
0.795971 -0.044518 1.576786 1
0.756286 -0.077671 1.543522 1
0.785817 -0.096575 1.569536 1
0.793365 -0.119936 1.576779 1
0.791910 -0.145397 1.576368 1
0.772759 -0.175572 1.560891 1
0.753745 -0.206284 1.545596 1
0.798652 -0.219283 1.584896 1
0.799281 -0.244443 1.586448 1
0.773420 -0.277949 1.565478 1
0.777968 -0.302332 1.570475 1
0.784522 -0.326015 1.577223 1
0.766625 -0.358232 1.563224 1
0.779975 -0.379620 1.575844 1
0.771706 -0.408950 1.570145 1
0.762827 -0.438857 1.563990 1
0.771083 -0.462177 1.572421 1
0.765682 -0.491125 1.569329 1
0.749402 -0.525058 1.557096 1
0.777778 -0.539640 1.582682 1
0.740145 -0.583960 1.552545 1
0.771478 -0.596777 1.580695 1
0.770637 -0.624576 1.581739 1
0.768861 -0.653025 1.582053 1
0.753664 -0.688612 1.571146 1
0.753692 -0.716728 1.573110 1
0.748244 -0.748000 1.570542 1
0.730976 -0.786215 1.558144 1
0.741332 -0.809283 1.568954 1
0.690474 1.496624 1.568058 1
0.695668 1.464565 1.569992 1
0.697881 1.434445 1.569563 1
0.680250 1.414966 1.552942 1
0.695849 1.378223 1.563617 1
0.680667 1.357355 1.549097 1
0.701594 1.318817 1.564312 1
0.669843 1.305695 1.536249 1
0.716332 1.256270 1.572691 1
0.726965 1.224081 1.579683 1
0.713045 1.202823 1.566468 1
0.741403 1.163810 1.588251 1
0.732219 1.140740 1.579060 1
0.717691 1.119620 1.565484 1
0.723304 1.090697 1.568644 1
0.723021 1.064169 1.566974 1
0.731263 1.034778 1.572439 1
0.747225 1.003126 1.584387 1
0.741585 0.978944 1.578437 1
0.730533 0.956385 1.568027 1
0.716907 0.934394 1.555511 1
0.741162 0.901422 1.574613 1
0.736905 0.876862 1.570007 1
0.729683 0.853035 1.562973 1
0.750127 0.822338 1.579088 1
0.745275 0.798096 1.574135 1
0.741272 0.773613 1.569936 1
0.729117 0.750775 1.558964 1
0.711897 0.728672 1.543793 1
0.746377 0.696831 1.571942 1
0.724483 0.675409 1.552948 1
0.739953 0.647661 1.565293 1
0.733883 0.623435 1.559643 1
0.754168 0.595652 1.576133 1
0.714794 0.575470 1.542649 1
0.757509 0.545656 1.578053 1
0.722710 0.524170 1.548486 1
0.731300 0.498337 1.555365 1
0.745479 0.472359 1.566985 1
0.769989 0.446176 1.587327 1
0.776337 0.421409 1.592473 1
0.729224 0.398473 1.552780 1
0.749129 0.373126 1.569400 1
0.750286 0.348395 1.570325 1
0.754055 0.323711 1.573490 1
0.769133 0.299329 1.586196 1
0.736424 0.273833 1.558826 1
0.725545 0.248464 1.549832 1
0.740704 0.224268 1.562744 1
0.760494 0.200749 1.579588 1
0.756815 0.175807 1.576777 1
0.758131 0.151216 1.578205 1
0.704597 0.120830 1.533670 1
0.755655 0.101444 1.576915 1
0.729244 0.073171 1.555237 1
0.759769 0.052356 1.581338 1
0.758779 0.027355 1.581067 1
0.750783 0.001103 1.574975 1
0.758049 -0.022636 1.581714 1
0.758760 -0.047515 1.583010 1
0.721110 -0.080345 1.552266 1
0.711617 -0.108025 1.545142 1
0.756901 -0.123320 1.583850 1
0.746784 -0.151073 1.576296 1
0.755881 -0.174214 1.584840 1
0.749561 -0.201362 1.580565 1
0.739640 -0.229771 1.573344 1
0.720734 -0.261179 1.558700 1
0.732888 -0.283575 1.569988 1
0.730305 -0.310492 1.569053 1
0.747167 -0.331063 1.584339 1
0.722333 -0.365803 1.565021 1
0.724136 -0.391684 1.567900 1
0.704419 -0.425684 1.552984 1
0.748153 -0.435732 1.590722 1
0.713465 -0.476176 1.563537 1
0.743756 -0.490753 1.590197 1
0.713947 -0.530355 1.567214 1
0.741231 -0.545703 1.591456 1
0.715186 -0.584709 1.571746 1
0.717757 -0.611164 1.575706 1
0.702954 -0.646079 1.565431 1
0.700080 -0.675642 1.565046 1
0.704834 -0.701559 1.570989 1
0.706977 -0.728880 1.574846 1
0.676586 -0.773820 1.552134 1
0.730501 -0.773249 1.598464 1
0.689627 -0.825022 1.567367 1
0.651582 1.475434 1.575424 1
0.665483 1.438879 1.584123 1
0.649521 1.418355 1.569039 1
0.631079 1.398813 1.552003 1
0.670666 1.350478 1.581531 1
0.659279 1.327688 1.570278 1
0.657711 1.300197 1.566962 1
0.666927 1.267966 1.572388 1
0.670082 1.238772 1.573012 1
0.674882 1.209107 1.575031 1
0.666668 1.185036 1.566610 1
0.654060 1.162619 1.554686 1
0.671653 1.128422 1.567241 1
0.684168 1.096688 1.575771 1
0.677209 1.072350 1.568591 1
0.671095 1.047650 1.562145 1
0.694513 1.013121 1.579733 1
0.683497 0.990256 1.569421 1
0.685252 0.963305 1.569541 1
0.670579 0.941298 1.556345 1
0.695597 0.907900 1.575522 1
0.686947 0.884216 1.567336 1
0.724433 0.848655 1.596831 1
0.702492 0.828486 1.577910 1
0.687476 0.806248 1.564678 1
0.689305 0.780052 1.565250 1
0.716325 0.748827 1.586474 1
0.692047 0.728163 1.565809 1
0.694327 0.702195 1.566913 1
0.699732 0.675815 1.570629 1
0.691675 0.651694 1.563375 1
0.715885 0.622844 1.582604 1
0.707053 0.598910 1.574817 1
0.695120 0.575158 1.564533 1
0.689096 0.550527 1.559140 1
0.712382 0.523073 1.577838 1
0.713497 0.497992 1.578404 1
0.696199 0.474207 1.563912 1
0.726521 0.447382 1.588547 1
0.723234 0.422765 1.585652 1
0.703457 0.398585 1.569270 1
0.720481 0.373250 1.583145 1
0.682353 0.348678 1.551795 1
0.695540 0.323485 1.562621 1
0.687122 0.298217 1.555760 1
0.700718 0.273413 1.567021 1
0.695772 0.248136 1.563111 1
0.677315 0.221978 1.548164 1
0.723841 0.199744 1.586594 1
0.723681 0.174904 1.586759 1
0.714118 0.149169 1.579262 1
0.726106 0.125427 1.589491 1
0.675873 0.094673 1.548754 1
0.726232 0.075652 1.590535 1
0.714811 0.049085 1.581724 1
0.689552 0.020061 1.561636 1
0.715712 -0.001071 1.583712 1
0.721277 -0.025288 1.588968 1
0.711679 -0.052321 1.581868 1
0.689640 -0.082190 1.564656 1
0.664888 -0.113259 1.545298 1
0.720956 -0.126494 1.592021 1
0.693719 -0.158525 1.570750 1
0.675704 -0.188970 1.557081 1
0.675081 -0.215303 1.557664 1
0.677254 -0.240950 1.560579 1
0.645755 -0.276478 1.536137 1
0.671029 -0.295566 1.557971 1
0.658237 -0.326212 1.548890 1
0.675243 -0.347420 1.564083 1
0.683047 -0.371456 1.571844 1
0.668485 -0.403383 1.561518 1
0.696440 -0.420064 1.585712 1
0.679233 -0.453436 1.573375 1
0.659603 -0.488340 1.559167 1
0.671011 -0.511175 1.570118 1
0.660070 -0.543289 1.563082 1
0.670808 -0.566373 1.573596 1
0.665724 -0.596424 1.571420 1
0.657141 -0.628379 1.566504 1
0.663867 -0.653419 1.573962 1
0.660670 -0.683298 1.573515 1
0.630167 -0.727191 1.551272 1
0.685959 -0.727402 1.598182 1
0.665686 -0.766689 1.584285 1
0.624772 -0.817983 1.554043 1
0.582728 1.499364 1.562505 1
0.575785 1.473283 1.554499 1
0.591174 1.435759 1.563981 1
0.592352 1.405910 1.562464 1
0.606594 1.369928 1.571249 1
0.599164 1.344705 1.563151 1
0.616620 1.308044 1.574638 1
0.620768 1.277915 1.575772 1
0.634359 1.243968 1.584412 1
0.631261 1.217497 1.579999 1
0.609899 1.198474 1.561246 1
0.589085 1.178807 1.542952 1
0.625513 1.137034 1.569926 1
0.624875 1.109892 1.567702 1
0.654867 1.072033 1.589796 1
0.647976 1.047604 1.582763 1
0.630180 1.026674 1.567130 1
0.625594 1.001233 1.562023 1
0.654087 0.965784 1.583259 1
0.652660 0.939806 1.580795 1
0.637102 0.917790 1.567140 1
0.643295 0.889721 1.570851 1
0.675852 0.855254 1.595643 1
0.648430 0.836018 1.572686 1
0.636617 0.812631 1.562217 1
0.658941 0.781706 1.579055 1
0.657831 0.756128 1.577246 1
0.656416 0.730640 1.575248 1
0.648454 0.706333 1.568067 1
0.647454 0.680735 1.566508 1
0.644953 0.655389 1.563802 1
0.671744 0.625921 1.584608 1
0.681597 0.599317 1.591914 1
0.669657 0.575514 1.581815 1
0.663807 0.550822 1.576646 1
0.676279 0.524344 1.586219 1
0.656638 0.500737 1.570096 1
0.690954 0.473065 1.597302 1
0.663773 0.449613 1.575231 1
0.654663 0.424746 1.567709 1
0.662423 0.399157 1.573776 1
0.684986 0.373496 1.591777 1
0.660179 0.348676 1.571815 1
0.635910 0.323258 1.552338 1
0.673965 0.298385 1.582932 1
0.655251 0.272707 1.568021 1
0.662603 0.247674 1.574080 1
0.651083 0.221775 1.565050 1
0.694688 0.199267 1.600297 1
0.652153 0.170990 1.566499 1
0.626775 0.143219 1.546525 1
0.668795 0.121777 1.580644 1
0.665225 0.096056 1.578263 1
0.667857 0.071007 1.580906 1
0.656994 0.044093 1.572795 1
0.652687 0.017872 1.569993 1
0.643850 -0.009246 1.563624 1
0.635519 -0.036542 1.557722 1
0.647022 -0.060338 1.567738 1
0.652382 -0.085146 1.572892 1
0.646584 -0.112271 1.569187 1
0.620996 -0.144089 1.549750 1
0.633270 -0.167560 1.560595 1
0.647327 -0.190349 1.572906 1
0.650031 -0.215860 1.576217 1
0.656819 -0.240252 1.582834 1
0.635137 -0.272794 1.566857 1
0.628750 -0.301354 1.563123 1
0.631945 -0.327153 1.567066 1
0.633456 -0.353519 1.569729 1
0.633562 -0.380426 1.571338 1
0.621054 -0.411889 1.563020 1
0.631358 -0.435437 1.572831 1
0.602075 -0.473834 1.551403 1
0.648348 -0.483499 1.589737 1
0.606674 -0.527698 1.558702 1
0.613192 -0.552970 1.565767 1
0.591762 -0.590258 1.550900 1
0.604454 -0.613086 1.562953 1
0.627184 -0.631125 1.582928 1
0.623798 -0.661014 1.582457 1
0.603338 -0.699424 1.568701 1
0.586645 -0.736671 1.558005 1
0.597956 -0.760205 1.569273 1
0.600067 -0.788437 1.573421 1
0.585886 -0.825578 1.564963 1
0.526755 1.485718 1.558438 1
0.529140 1.454583 1.557561 1
0.532827 1.423044 1.557761 1
0.560116 1.380460 1.576073 1
0.564324 1.349517 1.576870 1
0.567899 1.319126 1.577266 1
0.558680 1.294603 1.567930 1
0.568968 1.261661 1.573630 1
0.554238 1.239471 1.560183 1
0.562716 1.207737 1.564649 1
0.582961 1.171792 1.578270 1
0.552087 1.155646 1.552548 1
0.585404 1.115597 1.576433 1
0.554723 1.098858 1.550947 1
0.565564 1.067479 1.557623 1
0.587592 1.032857 1.573051 1
0.582173 1.007435 1.567289 1
0.563675 0.985879 1.551430 1
0.596598 0.949237 1.575565 1
0.578428 0.927489 1.560075 1
0.602354 0.894375 1.577386 1
0.579699 0.873526 1.558510 1
0.583515 0.845931 1.560300 1
0.604114 0.814741 1.575245 1
0.604902 0.788322 1.574812 1
0.586337 0.765849 1.559329 1
0.611983 0.734697 1.578430 1
0.604946 0.709953 1.572064 1
0.615627 0.682201 1.579609 1
0.596438 0.659262 1.563849 1
0.597062 0.633154 1.563645 1
0.603987 0.606305 1.568433 1
0.588356 0.582243 1.555615 1
0.617749 0.553227 1.578125 1
0.599836 0.529223 1.563630 1
0.612625 0.502412 1.573254 1
0.629779 0.475642 1.586363 1
0.620414 0.450741 1.578736 1
0.602246 0.426001 1.564259 1
0.574771 0.401115 1.542536 1
0.610561 0.374436 1.570497 1
0.598909 0.348909 1.561299 1
0.623466 0.323321 1.580564 1
0.576326 0.297028 1.543640 1
0.609510 0.272011 1.569786 1
0.610659 0.246436 1.570858 1
0.583288 0.219331 1.549621 1
0.614000 0.195396 1.573991 1
0.598123 0.168536 1.561885 1
0.598403 0.142729 1.562507 1
0.600765 0.117116 1.564817 1
0.590400 0.090073 1.557216 1
0.610378 0.066586 1.573437 1
0.603532 0.039825 1.568709 1
0.596931 0.012894 1.564235 1
0.591958 -0.013977 1.561099 1
0.619635 -0.035298 1.583546 1
0.586462 -0.067397 1.558491 1
0.597807 -0.091477 1.568285 1
0.579484 -0.121626 1.554977 1
0.608820 -0.141604 1.578915 1
0.585735 -0.173324 1.562030 1
0.584979 -0.200130 1.562621 1
0.592460 -0.224877 1.569686 1
0.599008 -0.249774 1.576078 1
0.575937 -0.283067 1.559512 1
0.599287 -0.303160 1.579077 1
0.598901 -0.330146 1.580264 1
0.559307 -0.369935 1.551133 1
0.604549 -0.382279 1.587803 1
0.559271 -0.425188 1.554464 1
0.581022 -0.445100 1.573048 1
0.540809 -0.487789 1.543845 1
0.577452 -0.501845 1.574024 1
0.541199 -0.544272 1.548083 1
0.566698 -0.562237 1.569765 1
0.563908 -0.591737 1.569744 1
0.560188 -0.621857 1.569087 1
0.544273 -0.657740 1.559170 1
0.561781 -0.678620 1.574925 1
0.541115 -0.717484 1.561561 1
0.540627 -0.747119 1.563709 1
0.552607 -0.770625 1.575429 1
0.540028 -0.806739 1.568529 1
-0.729381 1.754216 0.636790 2
-0.741968 1.714756 0.623930 2
0.514990 1.188598 1.566547 1
0.550037 1.147360 1.590922 1
0.527330 1.127799 1.571865 1
0.526067 1.100373 1.569034 1
0.523196 1.073559 1.565058 1
0.533116 1.042682 1.570827 1
0.501564 1.024918 1.545264 1
0.514784 0.993241 1.553673 1
0.523396 0.963287 1.558673 1
0.568463 0.923765 1.591444 1
0.511731 0.911742 1.546947 1
0.530229 0.879887 1.559686 1
0.542429 0.850034 1.567717 1
0.547890 0.822044 1.570692 1
0.566406 0.791518 1.583692 1
0.533580 0.771642 1.557603 1
0.525684 0.746410 1.550579 1
0.555469 0.714513 1.572394 1
0.537334 0.691113 1.557675 1
0.536275 0.664776 1.556062 1
0.525605 0.639778 1.547159 1
0.550750 0.610080 1.565719 1
0.535135 0.585638 1.553154 1
0.553488 0.557416 1.566654 1
0.574735 0.529404 1.582440 1
0.581978 0.503009 1.587568 1
0.560399 0.478696 1.570670 1
0.582042 0.451573 1.586956 1
0.547131 0.427337 1.559954 1
0.551559 0.401112 1.563166 1
0.591799 0.374362 1.593896 1
0.558748 0.349011 1.568496 1
0.558510 0.323070 1.568313 1
0.544056 0.296868 1.557291 1
0.562012 0.271281 1.571180 1
0.550018 0.244865 1.562167 1
0.579875 0.220392 1.585295 1
0.537677 0.191899 1.553258 1
0.574077 0.168462 1.581514 1
0.546365 0.140144 1.560710 1
0.534793 0.112773 1.552338 1
0.565349 0.089865 1.576283 1
0.541053 0.060787 1.558299 1
0.546167 0.035125 1.562887 1
0.567372 0.011946 1.579838 1
0.572149 -0.013417 1.584281 1
0.560380 -0.041580 1.576145 1
0.566979 -0.066673 1.582103 1
0.539304 -0.098430 1.561970 1
0.558014 -0.121195 1.577293 1
0.555111 -0.148361 1.576194 1
0.539652 -0.178602 1.565602 1
0.535992 -0.206387 1.564070 1
0.551718 -0.229326 1.577347 1
0.520128 -0.264768 1.554728 1
0.569479 -0.278161 1.593648 1
0.544800 -0.312291 1.576433 1
0.505037 -0.351767 1.547895 1
0.531026 -0.371269 1.569245 1
0.527896 -0.399913 1.568611 1
0.516576 -0.431569 1.561867 1
0.538934 -0.451564 1.580618 1
0.498297 -0.494451 1.551938 1
0.514822 -0.516580 1.566421 1
0.084935 -0.715201 1.245426 7
0.148512 -0.723219 1.295750 7
0.231058 -0.721760 1.360253 7
0.176471 -0.777930 1.322022 7
0.204015 -0.798914 1.345386 7
-1.248596 -0.016414 0.255524 6
-0.454813 0.015987 0.850404 6
-0.270135 -0.001120 0.989375 6
-0.031511 -0.007215 1.168669 6
0.180806 -0.011269 1.328237 6
0.234003 -0.033817 1.368869 6
0.210020 -0.067462 1.351910 6
0.199539 -0.099417 1.345120 6
0.055948 -0.156092 1.239139 8
0.109324 -0.177787 1.280178 8
0.137962 -0.203402 1.302819 8
0.167066 -0.228299 1.325858 8
0.164627 -0.259872 1.325482 8
0.191479 -0.284452 1.346957 8
0.196365 -0.314082 1.352167 8
0.198780 -0.344344 1.355617 8
0.196155 -0.376051 1.355409 8
0.241431 -0.393923 1.390756 8
0.212731 -0.433311 1.371392 8
0.166506 -0.479063 1.339203 8
0.159080 -0.513297 1.335812 8
0.191146 -0.534345 1.361636 8
0.136070 -0.585566 1.323315 8
0.103581 -0.630013 1.301793 8
0.004718 -0.700569 1.231663 8
0.078103 -0.706296 1.288180 7
0.156173 -0.708424 1.348074 7
0.152659 -0.742743 1.348216 7
0.162262 -0.771669 1.358038 7
0.141087 -0.814133 1.345485 7
-1.320089 -0.018950 0.271791 6
-0.776959 -0.012575 0.669824 6
-0.285785 0.000705 1.029718 6
-0.066854 -0.007921 1.190552 6
0.140569 -0.013001 1.342931 6
0.153978 -0.041592 1.353653 6
0.134952 -0.075036 1.340786 6
0.173676 -0.099187 1.370113 6
0.023943 -0.156675 1.262188 8
0.053526 -0.183111 1.285039 8
0.085649 -0.208394 1.309793 8
0.079785 -0.241230 1.306979 8
0.121823 -0.263315 1.339053 8
0.120080 -0.295023 1.339383 8
0.155769 -0.317391 1.366944 8
0.127418 -0.355956 1.348146 8
0.148041 -0.381731 1.364918 8
0.155080 -0.411031 1.371923 8
0.138008 -0.447525 1.361588 8
0.120623 -0.484639 1.351141 8
0.118293 -0.517385 1.351660 8
0.105050 -0.553993 1.344417 8
0.032432 -0.611839 1.294606 8
0.040682 -0.642291 1.303079 8
-0.066056 -0.715785 1.229192 7
0.021540 -0.716799 1.294744 7
0.091473 -0.722836 1.347586 7
0.109859 -0.748528 1.363581 7
0.082290 -0.793445 1.346881 7
0.063687 -0.835294 1.336721 7
-0.831735 -0.014292 0.690198 6
-0.284776 0.004335 1.081646 6
-0.044084 -0.001546 1.254328 6
0.104434 -0.014134 1.361201 6
0.092149 -0.046554 1.353422 6
0.129230 -0.071600 1.380907 6
0.081670 -0.110041 1.348178 6
-0.060903 -0.166707 1.247971 8
0.038231 -0.180551 1.319856 8
0.018869 -0.216189 1.307533 8
0.041231 -0.243394 1.324940 8
0.058980 -0.271193 1.339138 8
0.079561 -0.297977 1.355408 8
0.095389 -0.325546 1.368375 8
0.075258 -0.362252 1.355971 8
0.083784 -0.391676 1.363936 8
0.072814 -0.426568 1.358216 8
0.086858 -0.454371 1.370240 8
0.049975 -0.497729 1.346468 8
0.073720 -0.522561 1.365495 8
0.032807 -0.568543 1.339154 8
-0.010128 -0.616340 1.311563 8
-0.097562 -0.681270 1.252977 8
-0.102710 -0.717962 1.252232 7
-0.011405 -0.717968 1.318976 7
0.039854 -0.731704 1.357698 7
0.047811 -0.761981 1.366254 7
0.045061 -0.796714 1.367450 7
-0.883133 -0.015626 0.713814 6
-0.317167 0.004282 1.109445 6
-0.116080 -0.006660 1.250552 6
0.031254 -0.020096 1.354175 6
0.063630 -0.046629 1.377749 6
0.055977 -0.078651 1.373534 6
0.033961 -0.113287 1.359426 6
-0.108798 -0.169939 1.261533 8
-0.074818 -0.196515 1.286586 8
-0.046086 -0.223425 1.308055 8
-0.008093 -0.247770 1.336004 8
0.017246 -0.274141 1.355236 8
0.030581 -0.302829 1.366223 8
-0.011447 -0.344994 1.339014 8
0.039715 -0.364067 1.376308 8
0.008450 -0.404373 1.356764 8
0.029309 -0.430766 1.373275 8
0.026202 -0.463830 1.373355 8
-0.032413 -0.514097 1.335385 8
-0.008132 -0.539458 1.354517 8
-0.054551 -0.587729 1.325238 8
-0.112601 -0.641222 1.288187 8
-0.240444 -0.721002 1.203647 7
-0.126064 -0.715156 1.284797 7
-0.042410 -0.718318 1.344875 7
-0.013566 -0.741026 1.367587 7
-0.010228 -0.773464 1.373015 7
-0.011730 -0.807983 1.375260 7
-0.963798 -0.019725 0.718265 6
-0.348206 0.004394 1.138450 6
-0.105857 -0.001884 1.304370 6
-0.036424 -0.025199 1.352615 6
-0.027981 -0.055610 1.359443 6
-0.020954 -0.086094 1.365394 6
-0.211739 -0.148980 1.237149 8
-0.139451 -0.170043 1.287639 8
-0.121417 -0.199673 1.301379 8
-0.129353 -0.234117 1.297607 8
-0.100834 -0.261150 1.318611 8
-0.063824 -0.285717 1.345417 8
-0.076569 -0.321119 1.338670 8
-0.030941 -0.342600 1.371421 8
-0.061406 -0.382632 1.352920 8
-0.020614 -0.404350 1.382534 8
-0.054863 -0.446217 1.361725 8
-0.048132 -0.477033 1.368593 8
-0.085594 -0.521206 1.345911 8
-0.105034 -0.560691 1.335470 8
-0.137865 -0.605132 1.316213 8
-0.304470 -0.695823 1.207792 8
-0.258881 -0.716152 1.241308 7
-0.135645 -0.707350 1.326533 7
-0.087734 -0.723969 1.361539 7
-0.120856 -0.770933 1.342783 7
-0.074841 -0.787259 1.376628 7
-1.035963 -0.022911 0.730078 6
-0.369894 0.005517 1.173916 6
-0.103394 0.001902 1.351996 6
-0.127471 -0.033184 1.337057 6
-0.117440 -0.064081 1.344865 6
-0.091131 -0.092336 1.363558 6
-0.303018 -0.158790 1.224485 8
-0.281514 -0.189497 1.240259 8
-0.203504 -0.209310 1.293500 8
-0.184016 -0.238928 1.308073 8
-0.151215 -0.265403 1.331516 8
-0.107191 -0.288741 1.362424 8
-0.121759 -0.324680 1.354758 8
-0.133719 -0.360404 1.348931 8
-0.124302 -0.391060 1.357283 8
-0.100284 -0.417715 1.375315 8
-0.103917 -0.451569 1.375271 8
-0.138040 -0.494405 1.355363 8
-0.143563 -0.529552 1.354332 8
-0.216702 -0.586028 1.309245 8
-0.273502 -0.639044 1.275067 8
-0.397259 -0.715973 1.197506 0
-0.290974 -0.716084 1.269912 7
-0.195179 -0.717583 1.335398 7
-0.188776 -0.750102 1.342855 7
-0.184654 -0.783482 1.348937 7
-0.221019 -0.832896 1.328984 7
-1.194019 -0.034092 0.687562 6
-0.436606 0.001901 1.180131 6
-0.168107 -0.002185 1.355309 6
-0.186452 -0.036897 1.344516 6
-0.202387 -0.071728 1.335401 6
-0.178742 -0.101035 1.352016 6
-0.372712 -0.164894 1.227985 8
-0.324613 -0.191480 1.260673 8
-0.292329 -0.219950 1.283207 8
-0.264281 -0.248587 1.303080 8
-0.237791 -0.276984 1.322022 8
-0.231602 -0.309267 1.327970 8
-0.210033 -0.337973 1.343906 8
-0.207337 -0.370799 1.347797 8
-0.186893 -0.399192 1.363177 8
-0.210252 -0.438713 1.350568 8
-0.236310 -0.479604 1.336380 8
-0.244474 -0.516082 1.333783 8
-0.282844 -0.561826 1.312039 8
-0.393503 -0.630877 1.244424 8
-0.391579 -0.666558 1.248765 0
-0.398006 -0.705089 1.247920 0
-0.307631 -0.710649 1.308587 7
-0.318092 -0.750047 1.305355 7
-0.288771 -0.775228 1.327403 7
-0.305426 -0.817274 1.320512 7
-1.106304 0.020105 0.803728 6
-1.185564 -0.029513 0.754601 6
-0.474351 0.001395 1.206064 6
-0.253304 -0.008525 1.347042 6
-0.301305 -0.047558 1.317842 6
-0.296205 -0.080409 1.322344 6
-0.306155 -0.115428 1.317445 6
-0.432378 -0.169243 1.239304 0
-0.413917 -0.201261 1.252616 0
-0.379765 -0.230085 1.275905 8
-0.356251 -0.260265 1.292574 8
-0.336860 -0.290833 1.306735 8
-0.326837 -0.323056 1.315101 8
-0.336985 -0.359695 1.310914 8
-0.302633 -0.386081 1.334736 8
-0.331665 -0.427541 1.318959 8
-0.295632 -0.452835 1.344002 8
-0.343114 -0.500062 1.316986 8
-0.364288 -0.541033 1.306564 8
-0.447449 -0.600813 1.257733 0
-0.426812 -0.630905 1.273666 0
-0.415824 -0.663699 1.283697 0
-0.423386 -0.702455 1.282346 0
-0.379178 -0.723917 1.313133 7
-0.425125 -0.776174 1.288331 7
-0.435075 -0.816564 1.285928 7
-0.504430 0.001712 1.237200 6
-0.388484 -0.020409 1.309921 6
-0.425577 -0.059152 1.288270 6
-0.442839 -0.096058 1.278987 6
-0.461109 -0.133538 1.269214 0
-0.428940 -0.163520 1.290619 0
-0.448971 -0.201658 1.280008 0
-0.449720 -0.236834 1.281382 0
-0.450672 -0.272132 1.282751 0
-0.466492 -0.310520 1.275125 0
-0.460757 -0.344748 1.280840 0
-0.437874 -0.375090 1.297156 8
-0.412463 -0.404414 1.315103 8
-0.451433 -0.449101 1.293852 0
-0.491803 -0.495110 1.271936 0
-0.450375 -0.520164 1.299976 0
-0.460515 -0.558811 1.296742 0
-0.460274 -0.594772 1.299949 0
-0.417799 -0.618077 1.328855 0
-0.459833 -0.667030 1.306718 0
-0.458640 -0.703014 1.310882 0
-0.471272 -0.743745 1.306847 0
-0.442808 -0.770605 1.327676 0
-1.021394 -0.007124 0.974085 6
-0.620410 -0.006718 1.216834 6
-0.678763 -0.049522 1.182929 6
-0.662081 -0.084355 1.194332 6
-0.433666 -0.090418 1.333123 0
-0.464694 -0.129266 1.315991 0
-0.490077 -0.167958 1.302397 0
-0.452567 -0.196759 1.326659 0
-0.468162 -0.234248 1.319189 0
-0.461783 -0.267995 1.325008 0
-0.489930 -0.308563 1.310303 0
-0.469925 -0.339682 1.324507 0
-0.478992 -0.376880 1.321471 0
-0.429064 -0.400643 1.353704 0
-0.465252 -0.444363 1.334769 0
-0.458854 -0.478131 1.341309 0
-0.465672 -0.515362 1.340127 0
-0.447651 -0.545969 1.353790 0
-0.465526 -0.586613 1.346331 0
-0.483535 -0.627803 1.338958 0
-0.480056 -0.662842 1.344408 0
-0.468514 -0.695329 1.354722 0
-0.467985 -0.731342 1.358683 0
-0.454892 -0.763148 1.370133 0
-0.875045 -0.028956 1.117871 6
-0.889696 -0.069161 1.110609 6
-0.460524 -0.055428 1.363792 0
-0.489319 -0.093487 1.348341 0
-0.458472 -0.123638 1.367961 0
-0.477179 -0.160833 1.358682 0
-0.436922 -0.188743 1.384008 0
-0.438835 -0.223267 1.384786 0
-0.476376 -0.264549 1.364909 0
-0.469078 -0.297850 1.371327 0
-0.462201 -0.331152 1.377614 0
-0.456016 -0.364531 1.383615 0
-0.475664 -0.403800 1.374740 0
-0.471528 -0.437848 1.379806 0
-0.485346 -0.476417 1.374605 0
-0.492766 -0.513699 1.373254 0
-0.469014 -0.542703 1.390026 0
-0.475772 -0.579977 1.389315 0
-0.475331 -0.615376 1.392888 0
-0.459514 -0.646152 1.405413 0
-0.455219 -0.680357 1.411440 0
-0.493021 -0.728448 1.393538 0
-0.488806 -0.763200 1.399820 0
-0.475374 -0.794744 1.411475 0
-0.476800 -0.053435 1.402071 0
-0.497588 -0.090223 1.391653 0
-0.473056 -0.121050 1.407241 0
-0.472002 -0.154997 1.409541 0
-0.512504 -0.195770 1.388296 0
-0.487298 -0.226018 1.404611 0
-0.477220 -0.258588 1.412421 0
-0.472467 -0.292048 1.417322 0
-0.480776 -0.328170 1.414938 0
-0.487020 -0.364096 1.413864 0
-0.501482 -0.402105 1.408281 0
-0.505664 -0.438055 1.408656 0
-0.469432 -0.464105 1.431947 0
-0.489709 -0.504162 1.423507 0
-0.469171 -0.533691 1.438163 0
-0.491231 -0.574881 1.429027 0
-0.510668 -0.615886 1.421538 0
-0.479084 -0.641922 1.442727 0
-0.513603 -0.688188 1.427133 0
-0.466302 -0.708666 1.457272 0
-0.496634 -0.754378 1.444345 0
-0.497260 -0.790547 1.448085 0
-0.503109 1.488658 1.497641 0
-0.491108 -0.051216 1.441318 0
-0.506254 -0.087044 1.434374 0
-0.495625 -0.119605 1.441901 0
-0.524456 -0.157963 1.427626 0
-0.496772 -0.187833 1.444869 0
-0.473690 -0.217969 1.459657 0
-0.479076 -0.252887 1.458782 0
-0.542000 -0.299119 1.426230 0
-0.521230 -0.329666 1.440112 0
-0.471205 -0.353560 1.470226 0
-0.510623 -0.396628 1.451144 0
-0.499846 -0.428766 1.459854 0
-0.501167 -0.463742 1.462039 0
-0.519017 -0.503091 1.455304 0
-0.507414 -0.535013 1.464846 0
-0.535859 -0.577958 1.452641 0
-0.492011 -0.600661 1.480019 0
-0.489432 -0.634930 1.485001 0
-0.491223 -0.670612 1.487745 0
-0.514517 -0.713380 1.478993 0
-0.500990 -0.744496 1.490327 0
-0.494475 -0.777853 1.497991 0
-0.504783 -0.817171 1.496741 0
-0.510479 1.479250 1.541710 0
-0.495541 1.438726 1.545167 0
-0.507389 1.407488 1.534736 0
-0.526742 1.378507 1.520468 0
-0.531304 1.344660 1.514104 0
-0.490914 1.297447 1.531653 0
-0.508240 1.267765 1.518837 0
-0.523298 1.237186 1.507329 0
-0.499907 1.196174 1.516392 0
-0.491710 1.159626 1.517539 0
-0.506235 1.128891 1.506700 0
-0.515143 1.096620 1.498976 0
-0.498823 1.058614 1.504893 0
-0.477690 1.020006 1.513555 0
-0.496166 0.989919 1.501090 0
-0.496042 0.955951 1.498742 0
-0.527029 -0.017735 1.467276 0
-0.493533 -0.047602 1.486840 0
-0.481689 -0.079608 1.494767 0
-0.503049 -0.116041 1.484830 0
-0.514672 -0.151507 1.480312 0
-0.496085 -0.182425 1.492259 0
-0.512861 -0.219046 1.485228 0
-0.518811 -0.254116 1.484184 0
-0.535135 -0.291359 1.477696 0
-0.492775 -0.317152 1.502913 0
-0.511452 -0.355102 1.495431 0
-0.522140 -0.391735 1.492396 0
-0.474784 -0.415107 1.520573 0
-0.508560 -0.457377 1.505458 0
-0.538339 -0.499429 1.492675 0
-0.504017 -0.525183 1.514205 0
-0.537029 -0.568896 1.500035 0
-0.541879 -0.605334 1.501004 0
-0.493521 -0.626141 1.530273 0
-0.493130 -0.660806 1.534254 0
-0.518128 -0.703675 1.525004 0
-0.499446 -0.732785 1.538909 0
-0.521752 -0.775578 1.531430 0
-0.490735 -0.800222 1.552031 0
-0.681426 -0.488993 -1.672031 4
-0.689883 -0.393024 -1.618141 4
-0.707856 -0.286216 -1.554602 4
-0.673651 -0.258635 -1.555456 4
-0.655707 -0.208151 -1.537399 4
-0.639869 -0.155868 -1.517645 4
-0.599574 -0.137782 -1.526641 4
-0.572829 -0.101439 -1.520329 4
-0.518520 -0.101086 -1.545096 4
-0.503238 -0.050312 -1.526548 4
-0.478327 -0.012441 -1.519135 4
-0.442739 0.012103 -1.523555 4
-0.396757 0.024536 -1.539070 4
-0.389395 0.082229 -1.514044 4
-0.326328 0.075788 -1.547347 4
-0.315272 0.128308 -1.526975 4
-0.290615 0.165136 -1.520989 4
-0.260339 0.195713 -1.520934 4
-0.209247 0.204741 -1.541607 4
-0.184979 0.241806 -1.535834 4
-0.138906 0.257022 -1.551421 4
-0.112733 0.292176 -1.547846 4
-0.043991 0.286860 -1.584776 4
-0.015620 0.320539 -1.583344 4
0.080489 0.292784 -1.644884 4
0.146378 0.294445 -1.677659 4
-0.388425 1.583594 -0.835656 2
-0.732810 1.811417 -0.554139 2
-0.671231 1.809639 -0.589157 2
-0.656023 1.833608 -0.588335 2
-0.625102 1.849559 -0.599534 2
-0.602971 1.870368 -0.604042 2
-0.539946 1.871560 -0.639180 2
-0.511606 1.890453 -0.648150 2
-0.495332 1.915281 -0.648178 2
-0.444754 1.924898 -0.673461 2
-0.442719 1.956502 -0.663120 2
-0.676185 -0.490151 -1.607335 4
-0.698559 -0.373458 -1.538270 4
-0.677660 -0.324946 -1.522631 4
-0.627339 -0.319976 -1.541939 4
-0.598607 -0.283572 -1.536160 4
-0.573309 -0.242882 -1.526893 4
-0.532392 -0.223872 -1.535535 4
-0.512405 -0.176918 -1.521129 4
-0.474177 -0.154338 -1.527137 4
-0.475022 -0.082302 -1.491310 4
-0.396194 -0.110380 -1.540943 4
-0.388885 -0.049808 -1.514779 4
-0.354482 -0.022564 -1.517437 4
-0.311902 -0.004678 -1.528571 4
-0.285955 0.032458 -1.522871 4
-0.268080 0.078174 -1.509453 4
-0.217908 0.088340 -1.528344 4
-0.207923 0.141801 -1.507856 4
-0.150288 0.145040 -1.533904 4
-0.124784 0.181939 -1.528951 4
-0.093740 0.213112 -1.529505 4
-0.055901 0.237721 -1.536561 4
-0.023302 0.267596 -1.538809 4
0.001038 0.305217 -1.533634 4
0.077961 0.294967 -1.576309 4
0.147633 0.293009 -1.611818 4
-0.429585 1.493013 -0.801679 2
-0.602103 1.633993 -0.653170 2
-0.617542 1.677598 -0.627668 2
-0.765660 1.795922 -0.501447 2
-0.757425 1.822696 -0.495525 2
-0.718168 1.832512 -0.513088 2
-0.709631 1.859249 -0.507556 2
-0.668769 1.869240 -0.526139 2
-0.608076 1.870064 -0.559144 2
-0.606814 1.901091 -0.548334 2
-0.582279 1.920783 -0.554651 2
-0.601525 1.960928 -0.529382 2
-0.536753 1.962672 -0.564736 2
-0.487358 1.972447 -0.588765 2
-0.444174 1.985787 -0.608175 2
-0.261361 1.942826 -0.725598 2
-0.663621 -0.588282 -1.594924 4
-0.688720 -0.463902 -1.522443 4
-0.632570 -0.466854 -1.547387 4
-0.592818 -0.444271 -1.552953 4
-0.577857 -0.385759 -1.530460 4
-0.549029 -0.348229 -1.524360 4
-0.517513 -0.314878 -1.521624 4
-0.481980 -0.287208 -1.523559 4
-0.426382 -0.285951 -1.547204 4
-0.419373 -0.220978 -1.518964 4
-0.365274 -0.216881 -1.540916 4
-0.328557 -0.190315 -1.544569 4
-0.331231 -0.116216 -1.508164 4
-0.256840 -0.134819 -1.550487 4
-0.269158 -0.051447 -1.505683 4
-0.241477 -0.015464 -1.501475 4
-0.187342 -0.008910 -1.523274 4
-0.143547 0.009823 -1.534824 4
-0.123094 0.053712 -1.524112 4
-0.105918 0.100439 -1.510736 4
-0.070340 0.127910 -1.514940 4
-0.024240 0.145155 -1.528911 4
-0.001650 0.185774 -1.521356 4
0.059068 0.189946 -1.548489 4
0.062365 0.248525 -1.524012 4
0.118842 0.257818 -1.547163 4
0.150798 0.289884 -1.548575 4
0.275808 0.241326 -1.630732 4
-0.425964 1.372539 -0.804079 2
-0.596192 1.521576 -0.656757 2
-0.610636 1.566715 -0.631420 2
-0.646255 1.623936 -0.590434 2
-0.676815 1.676580 -0.553984 2
-0.837521 1.804062 -0.420514 2
-0.842207 1.837376 -0.405298 2
-0.768498 1.826522 -0.448341 2
-0.759795 1.852641 -0.443124 2
-0.710481 1.857155 -0.467657 2
-0.671302 1.867878 -0.484588 2
-0.648832 1.887684 -0.489351 2
-0.656726 1.922555 -0.472449 2
-0.634625 1.942635 -0.477119 2
-0.597847 1.956191 -0.492143 2
-0.585151 1.981181 -0.490190 2
-0.557938 1.999858 -0.498431 2
-0.525848 2.016859 -0.510012 2
-0.514182 2.042749 -0.507499 2
-0.476987 2.058484 -0.522510 2
-0.659499 -0.587497 -1.529198 4
-0.624647 -0.556121 -1.528099 4
-0.594464 -0.517946 -1.521962 4
-0.559116 -0.487917 -1.522046 4
-0.530124 -0.448884 -1.515331 4
-0.489763 -0.426386 -1.521438 4
-0.469944 -0.375415 -1.505505 4
-0.431817 -0.350094 -1.509653 4
-0.403561 -0.311680 -1.503574 8
-0.395907 -0.247226 -1.476576 8
-0.363982 -0.214862 -1.475236 8
-0.324807 -0.191574 -1.481433 8
-0.296880 -0.154510 -1.476486 8
-0.265123 -0.122286 -1.475618 8
-0.231327 -0.092521 -1.476939 8
-0.172534 -0.090900 -1.502407 8
-0.131203 -0.068802 -1.510908 8
-0.099045 -0.036436 -1.510796 4
-0.036319 -0.036366 -1.539219 4
-0.040164 0.033783 -1.506126 4
0.037195 0.020274 -1.547617 4
0.053961 0.068621 -1.533991 4
0.084812 0.102683 -1.533336 4
0.119292 0.133270 -1.536053 4
0.147681 0.169619 -1.533578 4
0.156487 0.223600 -1.514431 4
0.188156 0.256449 -1.515335 4
0.274519 0.241909 -1.562626 4
-0.660353 1.378275 -0.637336 2
-0.591046 1.366810 -0.676289 2
-0.620793 1.425653 -0.638042 2
-0.653578 1.485025 -0.598178 2
-0.652294 1.520280 -0.584983 2
-0.660159 1.560959 -0.565174 2
-0.684927 1.611554 -0.533091 2
-0.693671 1.651050 -0.513502 2
-0.685073 1.679398 -0.507093 2
-0.869295 1.820621 -0.359606 2
-0.837243 1.832392 -0.371640 2
-0.850726 1.870089 -0.350698 2
-0.783185 1.862977 -0.388199 2
-0.744590 1.872716 -0.404640 2
-0.708814 1.884610 -0.418930 2
-0.667141 1.894157 -0.437232 2
-0.660092 1.921411 -0.431223 2
-0.624988 1.935161 -0.444790 2
-0.606502 1.957192 -0.446818 2
-0.574767 1.973420 -0.457944 2
-0.600223 2.015138 -0.430171 2
-0.552283 2.024766 -0.452330 2
-0.518494 2.041133 -0.464795 2
-0.510126 2.068201 -0.460239 2
-0.485754 2.089003 -0.466405 2
-0.492692 2.121856 -0.451960 2
-0.477983 2.146430 -0.451916 2
-0.418520 2.155422 -0.481045 2
-0.602529 -0.670199 -1.524880 4
-0.958755 -0.034462 -1.082312 6
-0.899821 -0.051893 -1.114120 6
-0.828827 -0.085224 -1.158392 6
-0.756180 -0.118354 -1.203377 6
-0.753058 -0.051229 -1.173379 6
-0.707965 -0.043645 -1.188413 6
-0.695891 0.009040 -1.169077 6
-0.638681 0.001248 -1.196512 6
-0.584968 -0.000595 -1.219894 6
-0.524839 -0.009277 -1.249243 6
-0.466760 -0.013905 -1.276024 6
-0.446864 0.028726 -1.265284 6
-0.368818 0.002352 -1.310709 6
-0.226811 -0.095245 -1.415806 8
-0.199970 -0.057796 -1.410832 8
-0.144423 -0.052267 -1.432709 8
-0.088905 -0.045639 -1.454242 8
-0.048787 -0.021725 -1.461537 8
0.064396 -0.072879 -1.534233 4
0.082641 -0.024604 -1.521486 4
0.122709 0.001459 -1.528296 4
0.159257 0.031237 -1.532079 4
0.176735 0.079234 -1.519583 4
0.195635 0.125317 -1.508707 4
0.239627 0.148154 -1.519312 4
0.260229 0.192228 -1.510381 4
0.321183 0.200898 -1.535068 4
-0.637835 1.202407 -0.674349 2
-0.622047 1.230675 -0.670459 2
-0.583634 1.241614 -0.684410 2
-0.630592 1.316610 -0.632094 2
-0.638771 1.361234 -0.610540 2
-0.631868 1.394271 -0.600923 2
-0.661630 1.452381 -0.563862 2
-0.690810 1.508585 -0.527925 2
-0.713025 1.558722 -0.497825 2
-0.740954 1.611357 -0.464070 2
-0.736082 1.641931 -0.454914 2
-0.744130 1.680152 -0.436597 2
-0.783256 1.736389 -0.396243 2
-0.784922 1.769048 -0.383353 2
-0.773270 1.793614 -0.380177 2
0.023890 1.379181 -0.930592 2
-0.819460 1.880414 -0.325556 2
-0.768949 1.883210 -0.350056 2
-0.763202 1.910189 -0.343403 2
-0.697121 1.906587 -0.378237 2
-0.652668 1.915020 -0.397948 2
-0.648754 1.943636 -0.390066 2
-0.594647 1.948735 -0.416050 2
-0.582047 1.973639 -0.414077 2
-0.568216 1.998012 -0.413013 2
-0.574348 2.030926 -0.398885 2
-0.513841 2.035869 -0.428598 2
-0.519312 2.068460 -0.415109 2
-0.483636 2.084661 -0.428439 2
-0.493606 2.118625 -0.412356 2
-0.461564 2.136796 -0.423350 2
-0.222957 2.082794 -0.565372 2
-0.135671 2.085672 -0.610327 2
-0.980940 -0.067015 -1.032968 6
-0.914981 -0.096077 -1.072006 6
-0.905896 -0.037303 -1.048572 6
-0.872205 -0.016292 -1.052241 6
-0.829541 -0.008066 -1.065425 6
-0.756611 -0.041609 -1.109783 6
-0.733870 -0.003757 -1.101826 6
-0.686259 0.000159 -1.119338 6
-0.629005 -0.007646 -1.146162 6
-0.579605 -0.003924 -1.164757 6
-0.536410 0.008553 -1.177040 6
-0.473754 -0.002242 -1.207822 6
-0.425846 0.006298 -1.224076 6
-0.380942 0.019185 -1.237301 6
-0.297873 -0.011139 -1.285623 6
-0.225130 -0.027326 -1.323565 6
-0.193306 0.003467 -1.323888 6
-0.083808 -0.049423 -1.393669 8
-0.014101 -0.056818 -1.426964 8
0.050755 -0.057549 -1.455468 8
0.170101 -0.111880 -1.530582 4
0.199481 -0.073607 -1.527410 4
0.226595 -0.033318 -1.522550 4
0.284048 -0.021985 -1.543346 4
0.287268 0.040568 -1.518939 4
0.333488 0.062989 -1.530454 4
-0.698136 1.041773 -0.665958 2
-0.634020 1.029212 -0.700084 2
-0.616453 1.057770 -0.696553 2
-0.592989 1.081285 -0.697848 2
-0.581973 1.114993 -0.689474 2
-0.533621 1.118669 -0.710314 2
-0.648337 1.250083 -0.605490 2
-0.638868 1.282440 -0.597250 2
-0.684586 1.355493 -0.547535 2
-0.699611 1.404093 -0.521748 2
-0.724907 1.458906 -0.488843 2
-0.705271 1.481134 -0.489676 2
-0.738961 1.539630 -0.451593 2
-0.756343 1.585735 -0.426024 2
-0.784011 1.637466 -0.393534 2
-0.780844 1.668376 -0.383635 2
-0.813573 1.721093 -0.348532 2
-0.826192 1.760281 -0.328167 2
-0.829793 1.793376 -0.314468 2
0.040416 1.324418 -0.906232 2
0.106365 1.329963 -0.936480 2
0.100675 1.375928 -0.917480 2
0.118833 1.408528 -0.915005 2
0.149539 1.434618 -0.921098 2
-0.735020 1.923116 -0.315425 2
-0.697659 1.934408 -0.330111 2
-0.670991 1.951473 -0.337610 2
-0.623821 1.959375 -0.358501 2
-0.584574 1.971764 -0.374023 2
-0.586080 2.002761 -0.363059 2
-0.569705 2.025783 -0.363783 2
-0.508619 2.030398 -0.393099 2
-0.534902 2.071361 -0.366688 2
-0.524600 2.097141 -0.363728 2
-0.487001 2.112603 -0.377969 2
-0.270248 2.063259 -0.503684 2
-0.246235 2.086963 -0.508631 2
-0.144082 2.084288 -0.561682 2
-0.061301 2.090149 -0.602329 2
-1.201720 0.080831 -0.828177 6
-1.142865 0.054562 -0.862002 6
-1.090089 0.040257 -0.888254 6
-1.013903 -0.009215 -0.939299 6
-0.960199 -0.020899 -0.964959 6
-0.909845 -0.026016 -0.986522 6
-0.860107 -0.028976 -1.007009 6
-0.829374 -0.003534 -1.007650 6
-0.766607 -0.023049 -1.040783 6
-0.689738 -0.059947 -1.087229 6
-0.665055 -0.024245 -1.081354 6
-0.630236 -0.002280 -1.085635 6
-0.571766 -0.010459 -1.112608 6
-0.527498 0.000639 -1.125651 6
-0.458695 -0.017676 -1.161432 6
-0.400380 -0.021460 -1.186839 6
-0.355678 -0.007919 -1.199404 6
-0.309725 0.004813 -1.212963 6
-0.246853 -0.000789 -1.241422 6
-0.179009 -0.010378 -1.273766 6
-0.120425 -0.008325 -1.297491 6
-0.056615 -0.010569 -1.325348 6
-0.006032 0.002239 -1.341503 6
0.170688 -0.111444 -1.463674 8
0.270130 -0.142597 -1.519058 4
-0.706693 0.869472 -0.685929 2
-0.702297 0.911589 -0.670770 2
-0.635807 0.895453 -0.706203 2
-0.609002 0.917015 -0.709287 2
-0.563024 0.921725 -0.727612 2
-0.543631 0.950397 -0.724820 2
-0.518571 0.974136 -0.726591 2
-0.621721 1.104507 -0.629638 2
-0.670478 1.186153 -0.576077 2
-0.676982 1.231744 -0.555538 2
-0.704836 1.293025 -0.519438 2
-0.708730 1.334464 -0.501864 2
-0.750668 1.403444 -0.456632 2
-0.726695 1.422486 -0.460420 2
-0.785663 1.500718 -0.404104 2
-0.767045 1.522569 -0.404565 2
-0.790722 1.573216 -0.374933 2
-0.800495 1.613387 -0.355682 2
-0.818311 1.657988 -0.331160 2
-0.813588 1.687307 -0.322783 2
0.074193 1.170175 -0.924794 2
0.098330 1.200151 -0.925497 2
0.096843 1.245336 -0.908838 2
-0.768875 1.786799 -0.308611 2
-0.771733 1.819325 -0.295941 2
-0.758086 1.842364 -0.294505 2
-0.753301 1.870133 -0.287292 2
-0.742789 1.894699 -0.283999 2
0.231922 1.431334 -0.909492 2
0.232246 1.473638 -0.895521 2
0.253433 1.505478 -0.895239 2
-0.690716 1.987717 -0.278254 2
-0.651072 1.998948 -0.293908 2
-0.582985 1.998355 -0.327352 2
-0.581942 2.027894 -0.318415 2
-0.566010 2.050979 -0.318918 2
-0.538137 2.069361 -0.326860 2
-0.521811 2.092669 -0.327659 2
-0.348545 2.056652 -0.424419 2
-0.287782 2.065818 -0.451726 2
-0.236734 2.079618 -0.472900 2
-0.152250 2.082896 -0.513955 2
-0.063927 2.086631 -0.556886 2
0.001253 2.099567 -0.585650 2
0.093581 2.105396 -0.630168 2
-1.223801 0.052627 -0.781850 6
-1.188425 0.064922 -0.789200 6
-1.131680 0.042415 -0.819796 6
-1.064618 0.005334 -0.860694 6
-1.007088 -0.014108 -0.890456 6
-0.959118 -0.017018 -0.909560 6
-0.902142 -0.032282 -0.937522 6
-0.866883 -0.014054 -0.942910 6
-0.826945 -0.002308 -0.952986 6
-0.749935 -0.041895 -0.999393 6
-0.701266 -0.039913 -1.017237 6
-0.661789 -0.024645 -1.025985 6
-0.642066 0.016890 -1.016021 6
-0.574111 -0.003993 -1.051435 6
-0.510337 -0.017624 -1.082273 6
-0.466752 -0.004807 -1.094158 6
-0.409420 -0.007854 -1.118261 6
-0.362293 0.002371 -1.132889 6
-0.285597 -0.020576 -1.173265 6
-0.256451 0.012069 -1.171641 6
-0.177406 -0.010278 -1.212981 6
-0.123747 -0.003111 -1.232032 6
-0.051268 -0.014778 -1.266596 6
-0.681305 0.699418 -0.717850 2
-0.651351 0.718876 -0.722502 2
-0.617699 0.734907 -0.730171 2
-0.595520 0.762408 -0.728572 2
-0.558647 0.775917 -0.738806 2
-0.515711 0.784324 -0.753721 2
-0.479202 0.799301 -0.763436 2
-0.645492 0.994643 -0.616362 2
-0.660846 1.051764 -0.587702 2
-0.691611 1.120597 -0.547985 2
-0.711129 1.178184 -0.517538 2
-0.703755 1.212469 -0.507751 2
-0.729752 1.272863 -0.473599 2
-0.754559 1.330755 -0.441002 2
-0.773018 1.382325 -0.413652 2
-0.784888 1.427758 -0.391583 2
-0.804963 1.478188 -0.364112 2
-0.806026 1.513871 -0.350609 2
-0.832635 1.566760 -0.319488 2
-0.822944 1.593607 -0.314182 2
0.055588 1.042880 -0.908366 2
0.106104 1.056129 -0.926579 2
0.129095 1.087708 -0.925908 2
0.123338 1.137138 -0.905963 2
0.152204 1.164843 -0.909564 2
-0.813499 1.779780 -0.253033 2
-0.798563 1.801787 -0.252386 2
-0.786522 1.825454 -0.249915 2
-0.763233 1.842918 -0.254840 2
-0.743588 1.862603 -0.257402 2
-0.701489 1.870778 -0.274361 2
-0.727743 1.914400 -0.247680 2
-0.705266 1.932917 -0.252193 2
-0.710398 1.964972 -0.239381 2
-0.691260 1.985224 -0.241915 2
-0.683603 2.010884 -0.237363 2
-0.674307 2.035716 -0.233930 2
-0.596793 2.031196 -0.272273 2
-0.591852 2.058594 -0.266121 2
-0.573635 2.080464 -0.268108 2
-0.391048 2.038014 -0.368671 2
-0.312407 2.039260 -0.406113 2
-0.274445 2.057105 -0.419063 2
-0.251526 2.080946 -0.423057 2
-0.151382 2.078464 -0.472257 2
-0.091607 2.091508 -0.497448 2
0.018892 2.089402 -0.551748 2
0.117179 2.093379 -0.598461 2
-1.173483 -0.027280 -0.783681 6
-1.160101 0.023740 -0.766453 6
-1.120386 0.030067 -0.777886 6
-1.068416 0.017401 -0.801941 6
-1.032490 0.031398 -0.808949 6
-0.965171 -0.002301 -0.847723 6
-0.918364 -0.002818 -0.865065 6
-0.867199 -0.008679 -0.886374 6
-0.814273 -0.015773 -0.908964 6
-0.749112 -0.038605 -0.942808 6
-0.712793 -0.019986 -0.948680 6
-0.664379 -0.017268 -0.965828 6
-0.616704 -0.012619 -0.982013 6
-0.556354 -0.023273 -1.009451 6
-0.537289 0.019271 -0.999351 6
-0.466326 -0.002376 -1.035605 6
-0.392990 -0.024797 -1.073213 6
-0.343432 -0.017234 -1.089526 6
-0.310130 0.009842 -1.091721 6
-0.739125 0.555812 -0.703536 2
-0.677140 0.540512 -0.734262 2
-0.648712 0.562964 -0.736709 2
-0.616258 0.581278 -0.742509 2
-0.547957 0.562945 -0.777273 2
-0.520112 0.587258 -0.779064 2
-0.488544 0.607973 -0.783877 2
-0.437225 0.609838 -0.804175 2
-0.636055 0.849383 -0.630179 2
-0.644207 0.903384 -0.606143 2
-0.679560 0.980810 -0.561987 2
-0.697647 1.040689 -0.531775 2
-0.722190 1.104666 -0.497407 2
-0.728152 1.151161 -0.477497 2
-0.769503 1.226116 -0.432121 2
-0.793646 1.284873 -0.400134 2
-0.787094 1.317672 -0.390870 2
-0.817493 1.378826 -0.355501 2
-0.818513 1.415946 -0.341581 2
-0.844544 1.471073 -0.310443 2
-0.856590 1.514584 -0.289617 2
0.106987 0.862143 -0.941445 2
0.101561 0.914755 -0.920448 2
0.137584 0.938249 -0.927979 2
0.124023 0.995140 -0.902137 2
-0.833339 1.664429 -0.247105 2
-0.781379 1.663356 -0.270502 2
0.182519 1.097822 -0.892678 2
0.219939 1.121077 -0.901473 2
-0.863788 1.807538 -0.184736 2
-0.827113 1.816200 -0.198307 2
-0.801269 1.831613 -0.204827 2
-0.779537 1.849633 -0.208703 2
-0.721108 1.848247 -0.235643 2
-0.754572 1.896029 -0.204901 2
-0.711852 1.903846 -0.221860 2
-0.721047 1.938159 -0.206679 2
-0.710839 1.962555 -0.203617 2
-0.701243 1.987189 -0.200274 2
-0.706236 2.018417 -0.188223 2
-0.685104 2.037642 -0.192036 2
-0.683429 2.065494 -0.184260 2
-0.515292 2.023478 -0.275136 2
-0.396727 2.005468 -0.335765 2
-0.385508 2.032347 -0.332958 2
-0.346971 2.048792 -0.346103 2
-0.269065 2.051339 -0.381864 2
-0.246459 2.075256 -0.385516 2
-0.153805 2.075214 -0.429129 2
-0.082401 2.084188 -0.460232 2
-0.028597 2.100244 -0.481104 2
0.092623 2.096320 -0.539576 2
-1.200322 -0.048860 -0.732407 6
-1.199694 0.024628 -0.701781 6
-1.153677 0.019404 -0.719890 6
-1.109763 0.018803 -0.735438 6
-1.069753 0.025416 -0.746721 6
-1.027059 0.028482 -0.760521 6
-0.955941 -0.011036 -0.802092 6
-0.921051 0.006287 -0.807444 6
-0.865173 -0.006790 -0.832904 6
-0.799580 -0.032131 -0.866990 6
-0.729756 -0.061220 -0.904248 6
-0.682008 -0.057867 -0.920385 6
-0.654051 -0.027186 -0.918315 6
-0.610944 -0.016520 -0.930013 6
-0.551379 -0.026232 -0.956111 6
-0.497884 -0.026834 -0.976415 6
-0.769662 0.371307 -0.715950 2
-0.728295 0.378993 -0.728602 2
-0.656990 0.352321 -0.766284 2
-0.626309 0.374362 -0.769417 2
-0.586975 0.386826 -0.779720 2
-0.543940 0.395769 -0.792925 2
-0.525016 0.431332 -0.786564 2
-0.476864 0.435750 -0.803715 2
-0.426927 0.439252 -0.822021 2
-0.320136 0.386414 -0.884348 2
-0.657050 0.774881 -0.603419 2
-0.673951 0.838991 -0.572522 2
-0.697027 0.907283 -0.537675 2
-0.728515 0.981521 -0.497314 2
-0.762658 1.056054 -0.455858 2
-0.757038 1.093167 -0.444456 2
-0.791011 1.164085 -0.404573 2
-0.784219 1.198342 -0.394864 2
-0.808394 1.257881 -0.363315 2
-0.829364 1.313254 -0.334675 2
-0.844760 1.362792 -0.310522 2
-0.834645 1.391292 -0.304585 2
0.078829 0.730999 -0.920938 2
0.073051 0.785893 -0.899183 2
-0.813261 1.481817 -0.281702 2
-0.813366 1.516496 -0.269599 2
-0.843294 1.571433 -0.237895 2
-0.840658 1.602734 -0.228275 2
-0.832318 1.629831 -0.222606 2
-0.821254 1.654942 -0.218853 2
-0.803122 1.675436 -0.219774 2
-0.800773 1.705828 -0.210632 2
0.276619 1.083930 -0.884708 2
-0.876427 1.813119 -0.142251 2
-0.848098 1.826319 -0.150306 2
-0.836832 1.849562 -0.147690 2
-0.800862 1.859167 -0.160401 2
-0.781885 1.878516 -0.162572 2
-0.775657 1.904696 -0.157005 2
-0.731299 1.911283 -0.174594 2
-0.717284 1.933770 -0.173786 2
-0.711408 1.960232 -0.168188 2
-0.703721 1.985681 -0.163782 2
-0.721222 2.022541 -0.144672 2
-0.719677 2.050195 -0.136980 2
-0.678533 2.060499 -0.152411 2
-0.563486 2.040545 -0.210298 2
-0.457613 2.026892 -0.262242 2
-0.387433 2.029653 -0.293259 2
-0.335230 2.040724 -0.313766 2
-0.276129 2.050215 -0.337949 2
-0.220542 2.062108 -0.359922 2
-0.156303 2.072042 -0.386488 2
-0.092099 2.083233 -0.412767 2
-0.000782 2.086873 -0.453677 2
0.088147 2.093111 -0.492858 2
0.291220 2.066762 -0.593606 2
-1.182724 -0.072648 -0.697460 6
-1.201667 0.034669 -0.647347 6
-1.138725 0.000742 -0.682430 6
-1.112599 0.029520 -0.679674 6
-1.070622 0.032591 -0.692823 6
-1.023176 0.027932 -0.711064 6
-0.967517 0.011921 -0.736805 6
-0.932579 0.028480 -0.742393 6
-0.851937 -0.021291 -0.790545 6
-0.807755 -0.015923 -0.804037 6
-0.763393 -0.010018 -0.817481 6
-0.712375 -0.012401 -0.836671 6
-0.640059 -0.042003 -0.874299 6
-0.600042 -0.027154 -0.882981 6
-0.558906 -0.013278 -0.892554 6
-0.494871 -0.027468 -0.921485 6
-0.441079 -0.027421 -0.941260 6
-0.407795 -0.001724 -0.943702 6
-0.359836 0.006877 -0.958250 6
-0.493968 0.224778 -0.825117 2
-0.458983 0.245119 -0.830553 2
-0.406968 0.247040 -0.849476 2
-0.343939 0.238187 -0.876731 2
-0.655344 0.624600 -0.613426 2
-0.668263 0.688690 -0.584622 2
-0.693028 0.763071 -0.547533 2
-0.705166 0.822906 -0.520782 2
-0.721753 0.885550 -0.491359 2
-0.754039 0.961425 -0.451061 2
-0.771977 1.021832 -0.422094 2
-0.780406 1.072071 -0.400629 2
-0.815133 1.144509 -0.360861 2
-0.825669 1.193857 -0.339040 2
-0.850430 1.254174 -0.307720 2
-0.865545 1.304864 -0.283747 2
-0.840141 1.321358 -0.288179 2
-0.808269 1.332946 -0.297015 2
-0.853793 1.405339 -0.253391 2
-0.820670 1.415602 -0.263342 2
-0.825503 1.454707 -0.247941 2
-0.821546 1.486677 -0.238655 2
-0.797343 1.503785 -0.242826 2
-0.801655 1.541033 -0.228488 2
-0.828205 1.592804 -0.200128 2
-0.805806 1.610631 -0.203524 2
-0.833796 1.661499 -0.175005 2
-0.832644 1.692523 -0.165296 2
-0.829218 1.721730 -0.157205 2
-0.896174 1.793359 -0.105726 2
-0.879503 1.813074 -0.106437 2
-0.843506 1.821697 -0.118968 2
-0.845982 1.852685 -0.108074 2
-0.796161 1.854430 -0.128810 2
-0.798803 1.885372 -0.117992 2
-0.760628 1.894518 -0.131555 2
-0.739600 1.913101 -0.134884 2
-0.727312 1.936257 -0.133103 2
-0.704350 1.954245 -0.137585 2
-0.682098 1.972850 -0.141640 2
-0.667328 1.995151 -0.141399 2
-0.659885 2.020796 -0.137033 2
-0.653642 2.046860 -0.132089 2
-0.545032 2.029718 -0.184734 2
-0.505495 2.043197 -0.198208 2
-0.332919 2.004628 -0.285326 2
-0.331146 2.035605 -0.277280 2
-0.289202 2.051389 -0.291377 2
-0.183454 2.044900 -0.340078 2
-0.158719 2.068892 -0.344402 2
-0.102126 2.082462 -0.365853 2
-0.013648 2.086709 -0.404146 2
0.069337 2.094465 -0.439116 2
0.240589 2.077155 -0.520384 2
-0.965388 -0.813157 -1.012638 7
-0.928864 -0.785161 -1.013121 7
-0.904923 -0.734267 -1.000516 7
-1.205974 -0.100878 -0.650688 6
-1.242743 0.039668 -0.582895 6
-1.182029 0.007616 -0.615535 6
-1.165448 0.051719 -0.603623 6
-1.107249 0.026776 -0.632806 6
-1.061428 0.023639 -0.649385 6
-1.021437 0.030665 -0.660120 6
-0.970574 0.021779 -0.680828 6
-0.930336 0.030062 -0.691342 6
-0.871622 0.012083 -0.718443 6
-0.820631 0.006874 -0.738051 6
-0.759258 -0.011537 -0.766427 6
-0.707288 -0.015324 -0.786021 6
-0.650125 -0.024812 -0.809709 6
-0.571658 -0.060562 -0.850982 6
-0.546499 -0.025783 -0.846768 6
-0.478883 -0.044308 -0.877879 6
-0.427885 -0.040652 -0.894810 6
-0.416982 0.011869 -0.879131 6
-0.524407 0.201632 -0.769614 3
-0.493027 0.225730 -0.772129 3
-0.431069 0.215671 -0.798534 3
-0.664701 0.531281 -0.596687 2
-0.684843 0.605604 -0.562080 2
-0.727068 0.701059 -0.511666 2
-0.728816 0.751887 -0.492612 2
-0.748172 0.819333 -0.461046 2
-0.751388 0.869035 -0.442010 2
-0.771475 0.933943 -0.411240 2
-0.805007 1.009837 -0.371533 2
-0.842263 1.086975 -0.330043 2
-0.837693 1.123930 -0.318805 2
-0.860790 1.184827 -0.288606 2
-0.830053 1.197347 -0.296146 2
-0.838438 1.243545 -0.276900 2
-0.835278 1.279133 -0.265884 2
-0.836946 1.318097 -0.251893 2
-0.814431 1.337081 -0.254285 2
-0.837215 1.391545 -0.226852 2
-0.824134 1.417269 -0.223378 2
-0.823748 1.452326 -0.211799 2
-0.836575 1.496485 -0.191987 2
-0.829712 1.525630 -0.185098 2
-0.827906 1.558007 -0.175181 2
-0.825914 1.589812 -0.165593 2
-0.838453 1.630894 -0.147176 2
-0.797035 1.635934 -0.162376 2
-0.838459 1.694563 -0.126693 2
-0.812399 1.709513 -0.132587 2
-0.930592 1.812530 -0.051500 2
-0.878029 1.810353 -0.073812 2
-0.877380 1.839385 -0.065013 2
-0.863585 1.860630 -0.064133 2
-0.814438 1.862389 -0.083994 2
-0.830895 1.900454 -0.065497 2
-0.786500 1.905799 -0.082408 2
-0.762034 1.922192 -0.087705 2
-0.766391 1.953269 -0.076570 2
-0.744808 1.971329 -0.080284 2
-0.708444 1.982657 -0.092283 2
-0.700437 2.007652 -0.088350 2
-0.660114 2.018111 -0.102405 2
-0.665444 2.049134 -0.091193 2
-0.565955 2.035499 -0.137469 2
-0.531105 2.050531 -0.148077 2
-0.375192 2.017990 -0.223941 2
-0.327306 2.030606 -0.240946 2
-0.284366 2.045944 -0.255142 2
-0.215621 2.052693 -0.282877 2
-0.159600 2.065252 -0.303615 2
-0.111168 2.081428 -0.320170 2
-0.046915 2.093298 -0.344803 2
0.069130 2.090052 -0.395984 2
0.221780 2.078072 -0.465442 2
-1.000355 -0.833702 -0.949591 7
-1.011155 -0.714411 -0.899774 7
-0.956080 -0.724075 -0.920778 7
-1.108616 -0.350775 -0.728110 8
-1.192533 -0.117576 -0.611424 6
-1.227658 0.020038 -0.547218 6
-1.205482 0.054191 -0.541231 6
-1.168255 0.062546 -0.550070 6
-1.115399 0.045966 -0.573591 6
-1.073589 0.048636 -0.586259 6
-1.014331 0.024990 -0.614734 6
-0.985335 0.049331 -0.615140 6
-0.926929 0.029860 -0.641929 6
-0.868014 0.011481 -0.668565 6
-0.835091 0.031807 -0.672056 6
-0.774029 0.013164 -0.699694 6
-0.712383 -0.004450 -0.727237 6
-0.661699 -0.005698 -0.745062 6
-0.777589 0.210776 -0.625367 3
-0.763161 0.253200 -0.614788 3
-0.702688 0.237480 -0.641586 3
-0.644528 0.226258 -0.666022 3
-0.597693 0.230054 -0.681115 3
-0.638279 0.336845 -0.628186 2
-0.681215 0.442899 -0.574777 2
-0.708651 0.528201 -0.534423 2
-0.713530 0.586235 -0.511970 2
-0.774631 0.703182 -0.448414 2
-0.774675 0.752102 -0.431100 2
-0.786579 0.812158 -0.405630 2
-0.855950 0.928569 -0.339493 2
-0.832094 0.949146 -0.341072 2
-0.848336 1.008524 -0.314473 2
-0.837400 1.040672 -0.307416 2
-0.848270 1.092603 -0.285521 2
-0.820601 1.108371 -0.290459 2
-0.847723 1.173041 -0.258278 2
-0.808395 1.178216 -0.271333 2
-0.838124 1.242847 -0.238321 2
-0.823483 1.268771 -0.235189 2
-0.818443 1.302367 -0.225910 2
-0.830327 1.348991 -0.205906 2
-0.851076 1.401503 -0.180624 2
-0.833895 1.423758 -0.179946 2
-0.847432 1.468958 -0.159972 2
-0.832544 1.492393 -0.158151 2
-0.817317 1.515531 -0.156623 2
-0.836777 1.562880 -0.133842 2
-0.842055 1.599430 -0.120128 2
-0.830156 1.623864 -0.117071 2
-0.794543 1.632710 -0.128344 2
-0.821189 1.681899 -0.102405 2
-0.978082 1.811073 0.000078 2
-0.928992 1.809842 -0.019863 2
-0.928541 1.838565 -0.011227 2
-0.916729 1.860334 -0.009323 2
-0.885282 1.870949 -0.018749 2
-0.836267 1.872369 -0.038083 2
-0.843998 1.905383 -0.025089 2
-0.806443 1.914039 -0.037742 2
-0.793580 1.936025 -0.036488 2
-0.727703 1.931555 -0.064642 2
-0.770447 1.981321 -0.032712 2
-0.753080 2.001214 -0.034083 2
-0.701323 2.005410 -0.054129 2
-0.683882 2.026006 -0.055448 2
-0.653400 2.041075 -0.063766 2
-0.590611 2.042943 -0.089198 2
-0.523783 2.044421 -0.116472 2
-0.426928 2.035273 -0.159206 2
-0.326385 2.026762 -0.203364 2
-0.270871 2.037273 -0.223650 2
-0.210908 2.047215 -0.246015 2
-0.177822 2.067751 -0.254372 2
-0.113431 2.078157 -0.278607 2
-0.053771 2.091351 -0.300193 2
0.078015 2.082802 -0.357863 2
0.127243 2.102237 -0.373583 2
-1.045349 -0.833470 -0.876376 7
-1.006371 -0.811112 -0.879705 7
-1.007292 -0.711917 -0.841980 7
-1.134667 -0.378987 -0.677612 8
-1.218473 -0.141206 -0.562497 6
-1.285951 0.056816 -0.467422 6
-1.240571 0.049295 -0.484395 6
-1.197502 0.046949 -0.498794 6
-1.145129 0.030119 -0.521587 6
-1.091147 0.012361 -0.545313 6
-1.071327 0.050582 -0.537550 6
-1.012576 0.027585 -0.564895 6
-0.948989 -0.000776 -0.595851 6
-0.896536 -0.010405 -0.616425 6
-0.871166 0.020636 -0.613418 6
-0.836543 0.038181 -0.618435 6
-0.750576 -0.015261 -0.666177 6
-0.738520 0.034907 -0.652107 6
-0.846984 0.243928 -0.540824 3
-0.804907 0.249456 -0.552977 3
-0.782142 0.280273 -0.549679 3
-0.715643 0.256357 -0.580732 3
-0.710131 0.308717 -0.564094 3
-0.695354 0.348842 -0.555021 2
-0.721331 0.435858 -0.515544 2
-0.730583 0.501134 -0.489531 2
-0.836995 0.673371 -0.392595 2
-0.849728 0.736809 -0.366162 2
-0.849641 0.784798 -0.349632 2
-0.855565 0.838042 -0.329249 2
-0.847608 0.875734 -0.319172 2
-0.880873 0.954299 -0.280584 2
-0.867936 0.984977 -0.274803 2
-0.860651 1.020754 -0.265342 2
-0.836430 1.039955 -0.267617 2
-0.843174 1.087950 -0.249132 2
-0.847043 1.132275 -0.232978 2
-0.844699 1.170169 -0.221286 2
-0.827776 1.194744 -0.219385 2
-0.841549 1.245336 -0.197737 2
-0.842169 1.283790 -0.184966 2
-0.837483 1.317236 -0.175848 2
-0.832870 1.350267 -0.166901 2
-0.823579 1.379189 -0.161081 2
-0.847345 1.433084 -0.134969 2
-0.813426 1.442500 -0.144724 2
-0.831517 1.490506 -0.122738 2
-0.836340 1.527905 -0.109165 2
-0.825910 1.553969 -0.104983 2
-0.861012 1.611010 -0.073899 2
-0.841735 1.630131 -0.075361 2
-0.831375 1.655208 -0.071635 2
-0.833248 1.687964 -0.060921 2
-0.848031 1.728297 -0.042987 2
-0.822696 1.743322 -0.048259 2
-0.838756 1.783328 -0.030044 2
-0.848390 1.818755 -0.015749 2
0.505635 1.079562 -0.762767 2
-0.990420 1.955698 0.080130 2
-0.999629 1.987363 0.092989 2
-0.937413 1.980838 0.066621 2
-0.871618 1.973826 0.038650 2
-0.855290 1.992998 0.037681 2
-0.835316 2.010519 0.034743 2
-0.780839 2.011886 0.013483 2
-0.752948 2.026636 0.006509 2
-0.697938 2.029620 -0.014621 2
-0.672171 2.046478 -0.020272 2
-0.655539 2.067580 -0.021152 2
-0.522409 2.040778 -0.081946 2
-0.461646 2.045910 -0.105025 2
-0.357558 2.035413 -0.149838 2
-0.260060 2.029613 -0.190796 2
-0.236363 2.052762 -0.194278 2
-0.188428 2.067650 -0.209827 2
-0.142654 2.084134 -0.224148 2
-0.007904 2.072074 -0.282131 2
0.073225 2.079924 -0.313214 2
0.136883 2.094734 -0.335464 2
-1.079616 -0.854118 -0.815300 7
-1.068448 -0.775715 -0.789772 7
-1.038336 -0.737587 -0.784707 7
-1.003026 -0.710304 -0.785246 7
-1.238781 -0.175290 -0.519485 6
-1.202310 -0.163119 -0.526053 6
-1.269839 0.034928 -0.433733 6
-1.236308 0.048449 -0.439071 6
-1.201466 0.059983 -0.445601 6
-1.146340 0.038181 -0.470455 6
-1.109394 0.047770 -0.478483 6
-1.059090 0.036657 -0.498157 6
-1.010964 0.030341 -0.515513 6
-0.970565 0.036942 -0.525917 6
-0.908390 0.011956 -0.554495 6
-0.857942 0.006011 -0.572687 6
-0.817361 0.015275 -0.582442 6
-0.783875 0.034958 -0.586334 6
-0.857548 0.200001 -0.504782 3
-0.849750 0.250925 -0.489588 3
-0.818046 0.269621 -0.493478 3
-0.778858 0.278986 -0.503131 3
-0.726521 0.272587 -0.522638 3
-0.867799 0.503016 -0.396623 2
-0.857966 0.544772 -0.385629 2
-0.857509 0.596650 -0.368114 2
-0.869005 0.660946 -0.342429 2
-0.854883 0.694857 -0.335751 2
-0.859517 0.748819 -0.316017 2
-0.864027 0.801337 -0.296877 2
-0.864557 0.848426 -0.280980 2
-0.857743 0.886937 -0.270530 2
-0.846436 0.920251 -0.263420 2
-0.872533 0.989984 -0.231381 2
-0.838322 0.999532 -0.240185 2
-0.838148 1.041778 -0.226454 2
-0.826440 1.072523 -0.220580 2
-0.863838 1.147437 -0.183141 2
-0.855149 1.179259 -0.175976 2
-0.863424 1.225416 -0.158242 2
-0.866744 1.266353 -0.144003 2
-0.829579 1.272772 -0.155291 2
-0.829475 1.310068 -0.143553 2
-0.829285 1.346662 -0.132126 2
-0.838712 1.390163 -0.115115 2
-0.842082 1.428127 -0.102086 2
-0.829513 1.453490 -0.098829 2
-0.828841 1.487422 -0.088637 2
-0.837776 1.527723 -0.073023 2
-0.844787 1.565885 -0.058827 2
-0.836331 1.592749 -0.053824 2
-0.854390 1.637150 -0.033765 2
-0.839255 1.658825 -0.032911 2
-0.831496 1.685230 -0.027952 2
-0.821364 1.709952 -0.024433 2
-0.836788 1.750160 -0.006821 2
-0.832538 1.777794 -0.000345 2
-0.835852 1.809569 0.010136 2
-0.813906 1.826520 0.006722 2
-0.969018 1.941946 0.098717 2
-0.967038 1.967794 0.105333 2
-0.918507 1.968809 0.087104 2
-0.889019 1.980606 0.079145 2
-0.857299 1.991755 0.070100 2
-0.827135 2.004192 0.061961 2
-0.791837 2.014670 0.051253 2
-0.771712 2.032788 0.048448 2
-0.691800 2.024194 0.015181 2
-0.658474 2.037728 0.005914 2
-0.613775 2.046968 -0.008980 2
-0.550804 2.049474 -0.032839 2
-0.475323 2.048217 -0.062631 2
-0.370061 2.036904 -0.106767 2
-0.249833 2.022178 -0.157714 2
-0.240921 2.050765 -0.153810 2
-0.175397 2.059239 -0.177398 2
-0.098270 2.065002 -0.206311 2
-0.026266 2.073984 -0.232449 2
0.058427 2.080303 -0.264336 2
0.181161 2.076557 -0.313856 2
-1.166153 -0.867362 -0.737347 7
-1.144282 -0.809737 -0.722973 7
-1.129370 -0.739666 -0.702258 7
-1.021419 -0.859860 -0.776074 7
-1.043779 -0.716698 -0.718804 7
-1.178334 -0.364562 -0.554983 8
-1.155524 -0.322976 -0.546983 8
-1.310235 0.041331 -0.373113 6
-1.274312 0.049718 -0.380813 6
-1.224295 0.034079 -0.401197 6
-1.176575 0.023945 -0.419038 6
-1.133883 0.023501 -0.432058 6
-1.105640 0.047369 -0.432326 6
-1.071734 0.062099 -0.437555 6
-0.988419 0.000668 -0.484284 6
-0.958030 0.022922 -0.485980 6
-0.908156 0.016335 -0.503678 6
-0.865275 0.021104 -0.515387 6
-0.817212 0.019308 -0.531029 6
-0.898335 0.197271 -0.445050 3
-0.919382 0.287240 -0.407927 3
-0.884143 0.299757 -0.414886 2
-0.888642 0.364180 -0.391778 2
-0.875958 0.405016 -0.382152 2
-0.868261 0.451257 -0.369184 2
-0.868480 0.506112 -0.350855 2
-0.879453 0.572402 -0.325306 2
-0.862409 0.604209 -0.320362 2
-0.857502 0.649462 -0.307078 2
-0.880392 0.724818 -0.274834 2
-0.852145 0.742027 -0.278558 2
-0.869924 0.808753 -0.250948 2
-0.854659 0.838971 -0.246252 2
-0.867987 0.898238 -0.222667 2
-0.867217 0.941788 -0.208935 2
-0.856540 0.974689 -0.202017 2
-0.840557 1.002022 -0.198731 2
-0.857404 1.060177 -0.174551 2
-0.843327 1.088220 -0.170508 2
-0.867332 1.150542 -0.142683 2
-0.852974 1.177145 -0.139304 2
-0.856868 1.219418 -0.124792 2
-0.850275 1.251925 -0.117002 2
-0.833464 1.275481 -0.115588 2
-0.855176 1.330398 -0.091139 2
-0.827146 1.344218 -0.096745 2
-0.854981 1.402045 -0.069369 2
-0.824684 1.413893 -0.076482 2
-0.837725 1.458612 -0.058402 2
-0.825764 1.484053 -0.055035 2
-0.850881 1.535915 -0.030631 2
-0.845878 1.565373 -0.023692 2
-0.846740 1.598519 -0.013613 2
-0.873926 1.648811 0.010913 2
-0.826220 1.648767 -0.006318 2
-0.828098 1.681454 0.003839 2
0.504457 0.878497 -0.711401 2
0.516129 0.921148 -0.703424 2
0.532715 0.960548 -0.698249 2
0.536801 1.007079 -0.686559 2
0.581314 1.030096 -0.696412 2
-0.934932 1.921122 0.111023 2
-0.937216 1.949682 0.119815 2
-0.904582 1.959396 0.110433 2
-0.905534 1.986985 0.118371 2
-0.862048 1.991914 0.103558 2
-0.807352 1.992186 0.083258 2
-0.799822 2.016065 0.086889 2
-0.722356 2.007380 0.055576 2
-0.708140 2.028933 0.055984 2
-0.705438 2.055623 0.062028 2
-0.624717 2.048791 0.029838 2
-0.552093 2.047023 0.001975 2
-0.480925 2.047334 -0.024848 2
-0.431849 2.057724 -0.040763 2
-0.284632 2.031818 -0.103248 2
-0.223243 2.040645 -0.124346 2
-0.169806 2.053474 -0.141463 2
-0.112135 2.065828 -0.160373 2
-0.048532 2.077282 -0.181831 2
0.063519 2.074372 -0.225431 2
0.110265 2.093998 -0.238548 2
0.322794 2.064898 -0.327197 2
0.505776 2.048797 -0.401418 2
-1.229427 -0.821416 -0.646893 7
-1.214942 -0.748802 -0.625755 7
-1.173934 -0.735239 -0.632478 7
-1.078465 -0.833817 -0.693181 7
-1.064806 -0.761732 -0.672231 7
-1.054434 -0.685790 -0.649107 7
-1.179371 -0.353878 -0.499908 8
-1.252045 -0.134731 -0.404260 6
-1.299116 0.028137 -0.335227 6
-1.278723 0.064272 -0.328852 6
-1.236160 0.061117 -0.342310 6
-1.183722 0.042251 -0.364032 6
-1.149728 0.055637 -0.369520 6
-1.126602 0.086862 -0.365863 6
-1.050124 0.033301 -0.406551 6
-1.001332 0.025789 -0.423640 6
-0.946784 0.010848 -0.445000 6
-0.900581 0.009821 -0.459286 6
-0.848674 0.001562 -0.477766 6
-0.923853 0.174079 -0.397886 3
-0.902871 0.207268 -0.393387 3
-0.938710 0.316774 -0.346429 3
-0.884346 0.303220 -0.367670 2
-0.886973 0.364946 -0.346735 2
-0.890103 0.425637 -0.326044 2
-0.869983 0.455861 -0.322566 2
-0.879443 0.521668 -0.298359 2
-0.842079 0.529974 -0.307506 2
-0.882902 0.629894 -0.262537 2
-0.877368 0.673744 -0.250310 2
-0.878986 0.724675 -0.233600 2
-0.868600 0.761286 -0.225346 2
-0.845489 0.783668 -0.225751 2
-0.853396 0.838571 -0.205932 2
-0.836633 0.866791 -0.202558 2
-0.851678 0.926765 -0.178942 2
-0.856956 0.975567 -0.162057 2
-0.883291 1.043594 -0.132346 2
-0.844372 1.048051 -0.143846 2
-0.856508 1.100486 -0.123741 2
-0.840655 1.126296 -0.121145 2
-0.855362 1.179082 -0.100183 2
-0.850085 1.213224 -0.091624 2
-0.874847 1.272433 -0.065449 2
-0.857633 1.295104 -0.064470 2
-0.845759 1.322093 -0.060441 2
-0.832715 1.347936 -0.057203 2
-0.831241 1.382664 -0.047439 2
-0.825158 1.413330 -0.040500 2
-0.840298 1.459529 -0.021771 2
-0.845914 1.497715 -0.008710 2
-0.837748 1.525320 -0.003531 2
-0.868685 1.580105 0.023000 2
0.511418 0.665435 -0.719543 2
0.544071 0.696116 -0.722177 2
0.524251 0.761450 -0.696690 2
0.576946 0.778982 -0.710227 2
0.597321 0.817608 -0.706545 2
-0.906239 1.789222 0.095395 2
0.600542 0.917031 -0.679980 2
0.575984 0.981128 -0.653558 2
-0.967312 1.910104 0.150459 2
-0.919606 1.910694 0.133614 2
-0.923007 1.940011 0.142793 2
-0.906085 1.958149 0.141629 2
-0.855556 1.959062 0.123730 2
-0.871512 1.994478 0.138923 2
-0.805176 1.988800 0.113489 2
-0.770789 1.999803 0.103958 2
-0.747280 2.016453 0.099803 2
-0.707848 2.026201 0.088025 2
-0.635455 2.022133 0.060637 2
-0.612776 2.040864 0.057184 2
-0.552710 2.044322 0.036130 2
-0.454363 2.033496 -0.002605 2
-0.422280 2.050747 -0.010019 2
-0.347990 2.052443 -0.036878 2
-0.220241 2.035922 -0.087985 2
-0.141750 2.039707 -0.115976 2
-0.110667 2.061430 -0.122123 2
-0.058625 2.076611 -0.137667 2
0.027467 2.081743 -0.168305 2
0.139248 2.080576 -0.210040 2
0.278040 2.073565 -0.263258 2
0.529300 2.036887 -0.365384 2
-1.313364 -0.832169 -0.572399 7
-1.286002 -0.787218 -0.564623 7
-1.211011 -0.849963 -0.605841 7
-1.151445 -0.874852 -0.630291 7
-1.105796 -0.867984 -0.640425 7
-1.061648 -0.857339 -0.648964 7
-1.093802 -0.693107 -0.585527 7
-1.055976 -0.672951 -0.589311 7
-1.268884 -0.174582 -0.365177 6
-1.266000 -0.101075 -0.341721 6
-1.310756 0.056260 -0.277327 6
-1.266938 0.050004 -0.291769 6
-1.221946 0.042861 -0.306896 6
-1.183769 0.048430 -0.315980 6
-1.127306 0.024426 -0.340014 6
-1.096518 0.043819 -0.342593 6
-1.055328 0.046832 -0.353559 6
-1.019729 0.059231 -0.359923 6
-0.947674 0.017056 -0.394616 6
-0.908170 0.025635 -0.403479 6
-0.853934 0.013550 -0.423383 6
-0.798850 0.001751 -0.443511 6
-0.963817 0.295032 -0.300868 3
-0.934240 0.314078 -0.303684 3
-0.862921 0.278069 -0.336553 2
-0.856987 0.329063 -0.322256 2
-0.870928 0.404009 -0.294449 2
-0.870416 0.458836 -0.277418 2
-0.890718 0.537554 -0.246604 2
-0.859192 0.552336 -0.251700 2
-0.874204 0.621562 -0.225583 2
-0.873100 0.670479 -0.210801 2
-0.885381 0.733223 -0.187646 2
-0.844809 0.736527 -0.199319 2
-0.864005 0.804571 -0.172483 2
-0.886544 0.874239 -0.144153 2
-0.845633 0.876797 -0.156321 2
-0.878192 0.954040 -0.122627 2
-0.859475 0.978511 -0.121224 2
-0.859002 1.020476 -0.108787 2
-0.857353 1.060511 -0.097357 2
-0.861517 1.105185 -0.082723 2
-0.849927 1.134640 -0.077744 2
-0.853767 1.177486 -0.063856 2
-0.878997 1.238069 -0.037841 2
-0.866389 1.264830 -0.034132 2
-0.875625 1.309592 -0.018067 2
-0.841089 1.317664 -0.027088 2
-0.842265 1.354846 -0.015967 2
-0.828573 1.379757 -0.013342 2
-0.862056 1.440669 0.015199 2
0.509045 0.447268 -0.724342 2
0.520872 0.494241 -0.714985 2
0.533119 0.540436 -0.706063 2
0.544471 0.586820 -0.696862 2
-0.896348 1.629906 0.080060 2
-0.905175 1.667000 0.093350 2
-0.882252 1.682546 0.089878 2
-0.886578 1.715835 0.100505 2
-0.905340 1.757646 0.118339 2
-0.895089 1.780734 0.121122 2
-0.883198 1.802751 0.123010 2
0.608016 0.959320 -0.616274 2
-0.901516 1.870730 0.147569 2
-0.906781 1.901650 0.157624 2
-0.907973 1.929881 0.165516 2
-0.873462 1.938808 0.155902 2
-0.819018 1.938014 0.136774 2
-0.822972 1.967807 0.145912 2
-0.807553 1.987670 0.145674 2
-0.750170 1.987530 0.125566 2
-0.732515 2.007089 0.124384 2
-0.708070 2.023725 0.120031 2
-0.685184 2.041381 0.116442 2
-0.642866 2.050986 0.103936 2
-0.520732 2.028045 0.055058 2
-0.522592 2.058043 0.063164 2
-0.424226 2.048303 0.025885 2
-0.343180 2.047245 -0.003159 2
-0.190270 2.021244 -0.063893 2
-0.160968 2.042839 -0.069109 2
-0.083983 2.048314 -0.095270 2
-0.022990 2.060664 -0.114124 2
0.017483 2.080802 -0.123836 2
0.083052 2.093758 -0.144292 2
0.212780 2.088588 -0.192078 2
0.566484 2.020981 -0.334952 2
-1.253842 -0.847918 -0.538390 7
-1.203351 -0.854508 -0.553823 7
-1.146198 -0.874150 -0.575303 7
-1.104838 -0.858456 -0.581258 7
-1.236493 -0.487325 -0.426670 8
-1.174692 -0.521108 -0.454141 8
-1.189804 -0.402217 -0.411985 8
-1.257915 -0.187408 -0.324840 6
-1.276596 -0.073879 -0.283548 6
-1.308710 0.059408 -0.232341 6
-1.258478 0.041622 -0.251848 6
-1.222502 0.050131 -0.259133 6
-1.172938 0.036187 -0.277349 6
-1.158465 0.081570 -0.267110 6
-1.110611 0.072017 -0.283576 6
-1.048371 0.041132 -0.310847 6
-1.000360 0.034412 -0.326582 6
-0.955539 0.033698 -0.339594 6
-0.921857 0.050332 -0.344079 6
-0.845681 0.006015 -0.379743 6
-0.942728 0.208488 -0.289120 3
-0.960055 0.293379 -0.257936 3
-0.914448 0.290697 -0.272064 3
-0.871383 0.292390 -0.284163 2
-0.886521 0.370123 -0.255979 2
-0.879403 0.417371 -0.243703 2
-0.894908 0.491574 -0.216593 2
-0.860139 0.502650 -0.223601 2
-0.873096 0.570834 -0.199176 2
-0.893580 0.645865 -0.170487 2
-0.878376 0.678072 -0.165429 2
-0.856614 0.702535 -0.164717 2
-0.865147 0.759985 -0.145045 2
-0.863112 0.804679 -0.132425 2
-0.868614 0.856342 -0.115491 2
-0.864438 0.896854 -0.104859 2
-0.867307 0.943690 -0.090251 2
-0.869776 0.989113 -0.076227 2
-0.877716 1.038852 -0.059297 2
-0.865612 1.068504 -0.054479 2
-0.855696 1.099857 -0.048532 2
-0.880126 1.161959 -0.023019 2
-0.832122 1.158088 -0.039238 2
-0.882513 1.240837 0.000268 2
-0.838771 1.240910 -0.013571 2
-0.849116 1.286983 0.002743 2
0.536600 0.192040 -0.747357 3
0.521331 0.263925 -0.722322 2
0.548669 0.300963 -0.720755 2
-0.912847 1.478692 0.076788 2
-0.883070 1.489613 0.070200 2
-0.888229 1.526609 0.082058 2
-0.902149 1.569230 0.098260 2
-0.896334 1.597065 0.103963 2
-0.863080 1.605753 0.095469 2
-0.878899 1.647980 0.112061 2
-0.868150 1.671829 0.114949 2
-0.887210 1.714726 0.132704 2
-0.903187 1.754723 0.148630 2
-0.894439 1.778690 0.152090 2
-0.867637 1.791697 0.146637 2
0.627244 0.944986 -0.572277 2
-0.894336 1.864791 0.174651 2
-0.911820 1.902577 0.190303 2
-0.862919 1.903376 0.174147 2
-0.858675 1.928905 0.179284 2
-0.818870 1.935787 0.167665 2
-0.799869 1.953919 0.165876 2
-0.763923 1.963888 0.156265 2
-0.778075 1.998535 0.169762 2
-0.727564 2.002302 0.153588 2
-0.661795 2.000106 0.130711 2
-0.676698 2.034986 0.144403 2
-0.623148 2.039752 0.127324 2
-0.563761 2.043110 0.107869 2
-0.524050 2.055636 0.097329 2
-0.419725 2.043347 0.058619 2
-0.312926 2.032318 0.019320 2
-0.282203 2.051777 0.013401 2
-0.130430 2.028155 -0.044453 2
-0.101774 2.050645 -0.049035 2
-0.051214 2.066161 -0.062863 2
0.011843 2.078510 -0.081797 2
0.120862 2.077592 -0.119763 2
0.198605 2.088351 -0.144252 2
0.510945 2.032088 -0.265546 2
0.600097 2.045191 -0.293571 2
-1.296015 -0.845996 -0.472238 7
-1.256039 -0.830050 -0.477506 7
-1.210045 -0.827306 -0.488505 7
-1.152818 -0.847941 -0.509756 7
-1.229031 -0.586086 -0.408538 8
-1.238157 -0.474024 -0.371394 8
-1.181837 -0.497267 -0.393399 8
-1.205561 -0.362674 -0.345559 8
-1.258215 -0.178850 -0.274921 6
-1.293427 -0.035325 -0.221387 6
-1.306338 0.061898 -0.188093 6
-1.245860 0.025889 -0.215407 6
-1.224751 0.060238 -0.210626 6
-1.175315 0.046177 -0.228350 6
-1.144853 0.064822 -0.231000 6
-1.105798 0.069683 -0.240239 6
-1.057414 0.060545 -0.256334 6
-1.018249 0.066863 -0.265266 6
-0.951598 0.032515 -0.294128 6
-0.906192 0.031794 -0.307019 6
-0.835046 -0.004958 -0.337963 6
-0.930553 0.195182 -0.251336 3
-0.960001 0.296803 -0.212763 3
-0.935886 0.322875 -0.211869 3
-0.878658 0.305089 -0.233443 2
-0.879619 0.364050 -0.215769 2
-0.880949 0.421929 -0.198358 2
-0.892745 0.491257 -0.174621 2
-0.852436 0.495497 -0.185052 2
-0.892866 0.596244 -0.143933 2
-0.874670 0.625637 -0.140701 2
-0.860062 0.658797 -0.135374 2
-0.872010 0.721094 -0.113878 2
-0.879802 0.777203 -0.095436 2
-0.897505 0.842511 -0.071467 2
-0.875501 0.864447 -0.071735 2
-0.844855 0.877498 -0.077155 2
-0.869014 0.945999 -0.050488 2
-0.856993 0.976977 -0.045337 2
-0.875537 1.037064 -0.022823 2
-0.888780 1.090583 -0.003798 2
-0.887850 1.129681 0.006855 2
-0.852784 1.137110 -0.001740 2
0.184263 0.255315 -0.562882 2
0.244047 0.260697 -0.579691 2
-0.894092 1.287634 0.052520 2
-0.907490 1.335176 0.069686 2
-0.872786 1.342337 0.060924 2
-0.863705 1.370578 0.065795 2
-0.872358 1.412427 0.079822 2
-0.864885 1.441062 0.085220 2
-0.877982 1.484833 0.101073 2
-0.881089 1.520322 0.111541 2
-0.893249 1.561715 0.126387 2
-0.891336 1.592349 0.133909 2
-0.877823 1.614597 0.135515 2
-0.885396 1.650988 0.147478 2
-0.867352 1.669860 0.146689 2
-0.886754 1.712931 0.164081 2
-0.892336 1.746339 0.174523 2
-0.890415 1.774584 0.181196 2
-0.872719 1.793030 0.180262 2
-0.899393 1.837634 0.200230 2
-0.863779 1.845459 0.190754 2
-0.840283 1.860688 0.187027 2
-0.840230 1.889014 0.194143 2
-0.815504 1.903868 0.189852 2
-0.791125 1.919234 0.185765 2
-0.807142 1.955395 0.199946 2
-0.767671 1.963435 0.189060 2
-0.710231 1.963537 0.170320 2
-0.700328 1.987079 0.172826 2
-0.700822 2.015328 0.179848 2
-0.663473 2.026489 0.170274 2
-0.616117 2.033972 0.156486 2
-0.573513 2.044335 0.144916 2
-0.492886 2.039953 0.117249 2
-0.453101 2.053403 0.107266 2
-0.380239 2.054828 0.083460 2
-0.255955 2.038547 0.038416 2
-0.147516 2.030614 0.000536 2
-0.096871 2.045123 -0.012970 2
-0.012461 2.049117 -0.040187 2
-0.007218 2.080653 -0.034743 2
0.072781 2.088467 -0.059707 2
0.174545 2.091201 -0.093145 2
0.534720 2.020119 -0.229749 2
0.582277 2.045032 -0.240156 2
0.632012 2.070146 -0.251303 2
-1.302397 -0.817839 -0.408151 7
-1.262966 -0.801651 -0.413173 7
-1.213163 -0.808268 -0.427718 7
-1.196697 -0.741828 -0.411962 7
-1.229002 -0.575656 -0.353991 8
-1.251629 -0.436764 -0.306703 8
-1.211891 -0.428035 -0.314309 8
-1.317302 -0.137130 -0.200520 6
-1.303939 -0.084405 -0.188324 6
-1.313095 0.008229 -0.158481 6
-1.290489 0.040025 -0.154990 6
-1.253057 0.045057 -0.163339 6
-1.202417 0.027984 -0.181731 6
-1.167531 0.039012 -0.187736 6
-1.119617 0.029014 -0.203420 6
-1.097781 0.062175 -0.199558 6
-1.034160 0.029200 -0.226256 6
-1.026752 0.084777 -0.212075 6
-0.958554 0.047639 -0.241314 6
-0.928601 0.069132 -0.243228 6
-0.839114 0.005167 -0.286119 6
-0.935830 0.206388 -0.201654 3
-0.947417 0.282970 -0.176461 3
-0.926247 0.313143 -0.173658 3
-0.885044 0.316563 -0.184097 2
-0.909537 0.405434 -0.151957 2
-0.904433 0.454147 -0.139538 2
-0.874469 0.471006 -0.143156 2
-0.866668 0.514888 -0.132952 2
-0.904565 0.612032 -0.094889 2
-0.875057 0.627827 -0.098812 2
-0.875557 0.677981 -0.084626 2
-0.867687 0.717654 -0.075797 2
-0.856661 0.753152 -0.069076 2
-0.870928 0.815129 -0.047789 2
-0.872917 0.862621 -0.034086 2
-0.873502 0.907625 -0.021516 2
-0.870590 0.948168 -0.011226 2
-0.847287 0.967870 -0.012615 2
-0.067683 0.258219 -0.433750 3
-0.027542 0.277035 -0.440390 3
-0.881896 1.124230 0.040022 2
-0.874367 1.156619 0.046545 2
-0.871469 1.192678 0.055386 2
-0.857823 1.218791 0.058338 2
-0.863020 1.260773 0.071090 2
-0.885608 1.316430 0.092624 2
-0.874364 1.343033 0.096311 2
-0.875108 1.379010 0.106028 2
-0.885011 1.421558 0.120190 2
-0.864590 1.439961 0.118854 2
-0.887986 1.491388 0.139336 2
-0.846548 1.493898 0.127433 2
-0.875127 1.547567 0.149997 2
-0.873035 1.578277 0.157272 2
-0.869826 1.607813 0.163869 2
-0.851965 1.627124 0.163336 2
-0.847684 1.655472 0.169233 2
-0.852695 1.689504 0.179393 2
-0.864166 1.727047 0.192395 2
-0.852076 1.749366 0.194263 2
-0.851029 1.778284 0.201166 2
-0.865868 1.816194 0.215202 2
-0.873754 1.849348 0.225865 2
-0.831467 1.853831 0.213792 2
-0.810700 1.870884 0.211492 2
-0.805986 1.896727 0.216328 2
-0.768158 1.905133 0.206511 2
-0.746550 1.922443 0.203910 2
-0.719872 1.937492 0.199136 2
-0.719907 1.965805 0.205929 2
-0.711661 1.989936 0.209075 2
-0.664555 1.996216 0.195658 2
-0.644894 2.015598 0.193999 2
-0.610752 2.028920 0.186285 2
-0.574149 2.041767 0.177643 2
-0.504342 2.041651 0.155378 2
-0.444346 2.046832 0.137434 2
-0.367088 2.046517 0.112674 2
-0.273534 2.041661 0.081624 2
-0.215047 2.051423 0.065100 2
-0.096368 2.041160 0.024691 2
-0.039998 2.054506 0.009577 2
0.047815 2.058558 -0.017774 2
0.093296 2.077760 -0.028158 2
0.183165 2.084155 -0.055736 2
0.513634 2.021350 -0.176284 2
0.561277 2.045867 -0.186330 2
0.632701 2.064685 -0.205362 2
-1.335473 -0.835504 -0.351997 7
-1.307740 -0.792384 -0.346266 7
-1.268061 -0.777676 -0.351747 7
-1.244305 -0.727704 -0.343157 7
-1.193848 -0.736654 -0.358236 7
-1.227220 -0.569026 -0.301644 8
-1.260778 -0.408581 -0.247121 8
-1.229092 -0.384748 -0.248230 8
-1.305931 -0.151102 -0.161929 6
-1.304975 -0.074868 -0.140372 6
-1.331659 0.049496 -0.098099 6
-1.292030 0.049484 -0.108214 6
-1.236189 0.021818 -0.130385 6
-1.214352 0.054622 -0.126697 6
-1.178727 0.063650 -0.133343 6
-1.130083 0.051790 -0.149307 6
-1.070930 0.024492 -0.172399 6
-1.050024 0.059167 -0.168113 6
-1.008646 0.061855 -0.178215 6
-0.958591 0.052321 -0.194066 6
-0.915127 0.053761 -0.205155 6
-0.873720 0.059002 -0.214682 6
-0.950637 0.230902 -0.146437 3
-0.931196 0.264150 -0.142419 3
-0.893495 0.272355 -0.150266 3
-0.887874 0.323311 -0.137729 2
-0.887893 0.380307 -0.122051 2
-0.907511 0.460550 -0.094724 2
-0.886182 0.487805 -0.093073 2
-0.877818 0.530502 -0.083711 2
-0.880379 0.585275 -0.068111 2
-0.891551 0.648685 -0.047842 2
-0.885914 0.691289 -0.037874 2
-0.892563 0.746711 -0.021091 2
-0.886976 0.787414 -0.011698 2
-0.846433 0.789989 -0.022296 2
-0.871334 0.861836 0.003858 2
-0.880665 0.915693 0.020819 2
-0.874323 0.952499 0.028811 2
-0.854716 0.975630 0.029408 2
-0.893807 1.055303 0.061482 2
-0.882080 1.084615 0.065866 2
-0.874405 1.117355 0.072265 2
-0.870245 1.152824 0.080345 2
-0.878383 1.198646 0.094603 2
-0.862932 1.222953 0.096479 2
-0.885849 1.279839 0.117778 2
-0.868655 1.301794 0.118477 2
-0.858272 1.329291 0.122534 2
-0.859930 1.366178 0.132451 2
-0.868279 1.407672 0.145452 2
-0.826539 1.409891 0.133855 2
-0.833413 1.449443 0.145868 2
-0.861273 1.503680 0.167695 2
-0.842018 1.522623 0.166799 2
-0.840260 1.553998 0.174128 2
-0.875183 1.610232 0.198435 2
-0.834553 1.614027 0.187367 2
-0.836292 1.646526 0.195914 2
-0.853837 1.688739 0.211513 2
-0.824663 1.700581 0.205734 2
-0.833014 1.735981 0.216866 2
-0.858864 1.781298 0.235607 2
-0.821991 1.788620 0.226337 2
-0.815778 1.814215 0.230642 2
-0.828537 1.850276 0.243132 2
-0.800692 1.863411 0.237883 2
-0.746550 1.862893 0.221419 2
-0.733750 1.885034 0.222792 2
-0.738369 1.916052 0.231504 2
0.807322 1.177641 -0.410885 2
0.830256 1.214072 -0.409346 2
0.860938 1.246940 -0.411046 2
0.872692 1.288775 -0.404949 2
-0.640471 2.011004 0.223771 2
-0.583570 2.014403 0.207136 2
-0.556640 2.031563 0.202797 2
-0.471485 2.025220 0.175217 2
-0.419319 2.033780 0.161113 2
-0.340772 2.033107 0.136779 2
-0.282723 2.041699 0.120804 2
-0.231854 2.053991 0.107836 2
-0.113123 2.043303 0.068764 2
-0.041745 2.051207 0.048411 2
0.039205 2.057322 0.024663 2
0.059854 2.084209 0.024118 2
0.205420 2.072928 -0.023551 2
0.480153 2.026350 -0.119049 2
0.536422 2.047900 -0.131944 2
0.627661 2.060835 -0.157621 2
0.616592 2.102485 -0.145325 2
-1.333852 -0.825878 -0.296908 7
-1.282763 -0.837502 -0.312360 7
-1.286773 -0.723217 -0.279599 7
-1.235915 -0.734533 -0.295000 7
-1.216795 -0.676426 -0.283512 8
-1.234873 -0.542848 -0.242133 8
-1.254186 -0.412580 -0.201411 8
-1.356902 -0.122777 -0.096282 6
-1.313722 -0.128063 -0.108357 6
-1.336418 -0.008144 -0.069781 6
-1.257308 -0.080326 -0.109197 6
-1.279441 0.033490 -0.072512 6
-1.237326 0.030195 -0.083930 6
-1.203330 0.041793 -0.089286 6
-1.167651 0.050884 -0.095787 6
-1.116126 0.034500 -0.113251 6
-1.086776 0.055158 -0.115087 6
-1.052847 0.068612 -0.120075 6
-1.006419 0.063243 -0.133377 6
-0.962990 0.063477 -0.144439 6
-0.910444 0.051260 -0.161232 6
-0.890857 0.087652 -0.156522 6
-0.947265 0.229860 -0.103861 3
-0.941524 0.281751 -0.091497 3
-0.870700 0.245001 -0.119743 3
-0.913854 0.360436 -0.077785 2
-0.884071 0.378138 -0.080906 2
-0.881941 0.430831 -0.067534 2
-0.883620 0.486943 -0.052292 2
-0.862064 0.513564 -0.050998 2
-0.872565 0.577922 -0.031323 2
-0.883301 0.640814 -0.012004 2
-0.851365 0.653567 -0.017214 2
-0.875682 0.729266 0.009008 2
-0.864144 0.763700 0.014841 2
-0.853869 0.798963 0.021196 2
-0.868259 0.859484 0.040707 2
-0.881332 0.917091 0.059077 2
-0.866837 0.945554 0.062436 2
-0.843127 0.964667 0.060856 2
-0.870153 1.032800 0.085627 2
-0.846933 1.051593 0.084035 2
-0.849087 1.093983 0.095372 2
-0.850143 1.134539 0.105911 2
-0.849316 1.172656 0.115283 2
-0.870435 1.229201 0.135336 2
-0.868252 1.264458 0.143552 2
-0.859881 1.293983 0.148584 2
-0.809657 1.288951 0.133302 2
-0.852267 1.359360 0.162681 2
-0.857458 1.398415 0.173782 2
-0.834522 1.415145 0.171445 2
-0.822734 1.440455 0.174327 2
-0.848159 1.492997 0.194354 2
-0.845897 1.524294 0.201334 2
-0.838737 1.551721 0.205954 2
-0.833838 1.580455 0.211507 2
-0.860490 1.630170 0.231081 2
-0.840943 1.648166 0.229813 2
-0.840306 1.678515 0.236885 2
-0.809104 1.689182 0.230471 2
-0.830129 1.732560 0.246808 2
-0.844407 1.770894 0.259980 2
-0.833151 1.793416 0.262032 2
0.794624 0.885408 -0.421673 2
0.775118 0.946901 -0.401661 2
0.792939 0.986798 -0.397555 2
0.821163 1.021022 -0.397836 2
0.840854 1.059888 -0.394607 2
-0.638416 2.007478 0.254364 2
-0.564492 2.003372 0.231664 2
-0.551704 2.026660 0.233081 2
-0.477833 2.024862 0.210854 2
-0.431953 2.035740 0.199681 2
-0.372419 2.042142 0.183449 2
-0.308510 2.048031 0.165776 2
-0.209102 2.042193 0.134973 2
-0.140785 2.049371 0.116209 2
-0.049546 2.050012 0.089175 2
0.024938 2.058009 0.068685 2
0.096519 2.068360 0.049531 2
0.171904 2.078887 0.029243 2
0.326062 2.067389 -0.019307 2
0.546622 2.039987 -0.091127 2
0.566554 2.072508 -0.090285 2
0.637968 2.091572 -0.107736 2
-1.368394 -0.839178 -0.240146 7
-1.355664 -0.760715 -0.222103 7
-1.344395 -0.682225 -0.203751 7
-1.287458 -0.709729 -0.224455 7
-1.228560 -0.739131 -0.246167 7
-1.192902 -0.716498 -0.248572 8
-1.235407 -0.531676 -0.189364 8
-1.262432 -0.386574 -0.144422 8
-1.352933 -0.122429 -0.052808 6
-1.333394 -0.082308 -0.046883 6
-1.332871 -0.007553 -0.027270 6
-1.235313 -0.113552 -0.078781 6
-1.263967 0.012351 -0.038703 6
-1.247225 0.053823 -0.031883 6
-1.187881 0.021407 -0.054869 6
-1.149208 0.025823 -0.063186 6
-1.128838 0.060769 -0.059065 6
-1.096127 0.075315 -0.063339 6
-1.028252 0.035205 -0.090569 6
-1.009623 0.072883 -0.085409 6
-0.963480 0.068730 -0.097976 6
-0.899356 0.039380 -0.121587 6
-0.851317 0.035183 -0.134710 6
-0.999724 0.306896 -0.027426 3
-0.940622 0.283906 -0.048239 3
-0.907339 0.297356 -0.053211 2
-0.893722 0.336940 -0.046540 2
-0.894610 0.394410 -0.031646 2
-0.878396 0.428871 -0.027010 2
-0.882364 0.487677 -0.011055 2
-0.853810 0.505693 -0.013821 2
-0.839192 0.540338 -0.008826 2
-0.865707 0.622117 0.018646 2
-0.895856 0.705590 0.047453 2
-0.844435 0.695856 0.031657 2
-0.838099 0.736500 0.040179 2
-0.852808 0.798850 0.059586 2
-0.880996 0.873666 0.085594 2
-0.875465 0.911786 0.093608 2
-0.847772 0.926982 0.090081 2
-0.856018 0.977791 0.104806 2
-0.840305 1.004329 0.107184 2
-0.851605 1.056188 0.122918 2
-0.827421 1.073990 0.120847 2
-0.821599 1.108598 0.127746 2
-0.847002 1.170429 0.149587 2
-0.828985 1.192849 0.150204 2
-0.862752 1.259387 0.175373 2
-0.841560 1.278197 0.174209 2
-0.845162 1.317398 0.184611 2
-0.813422 1.327560 0.178468 2
-0.828809 1.375170 0.194018 2
-0.806240 1.392551 0.192032 2
-0.829669 1.444713 0.210798 2
-0.821100 1.472042 0.214932 2
-0.833384 1.514162 0.228229 2
-0.857254 1.563590 0.246391 2
-0.826668 1.574231 0.240493 2
-0.842911 1.616965 0.254943 2
-0.832039 1.640866 0.257513 2
-0.822961 1.665819 0.260798 2
-0.793853 1.677965 0.255558 2
-0.820660 1.725080 0.273840 2
-0.835767 1.763992 0.286966 2
-0.830342 1.790001 0.291408 2
0.828216 0.862829 -0.381861 2
0.795031 1.128393 -0.312702 2
0.799539 1.173817 -0.303847 2
0.770301 1.235242 -0.281974 2
0.781643 1.276260 -0.276104 2
0.797190 1.315158 -0.271929 2
-0.628250 2.000328 0.281697 2
-0.579360 2.007133 0.269332 2
-0.514260 2.007967 0.251044 2
-0.467212 2.017538 0.239752 2
-0.427728 2.030994 0.231425 2
-0.393998 2.047360 0.225336 2
-0.292045 2.038496 0.194364 2
-0.242724 2.051003 0.182949 2
-0.141857 2.046104 0.153077 2
-0.011006 2.032947 0.112851 2
0.019050 2.055979 0.109087 2
0.105326 2.061386 0.085477 2
0.173026 2.074228 0.068721 2
0.267483 2.080321 0.042842 2
0.500652 2.048268 -0.030853 2
0.608627 2.055770 -0.060396 2
0.637366 2.086492 -0.062383 2
-1.379937 -0.797259 -0.174905 7
-1.372583 -0.707671 -0.153602 7
-1.281631 -0.814623 -0.201785 7
-1.262848 -0.753110 -0.190356 7
-1.212936 -0.761826 -0.204067 7
-1.182559 -0.727599 -0.202348 8
-1.227245 -0.538646 -0.143860 8
-1.263213 -0.375843 -0.094086 8
-1.245078 -0.326748 -0.085843 8
-1.339370 -0.063144 0.003071 6
-1.326129 -0.013001 0.012662 6
-1.234810 -0.107337 -0.032688 6
-1.281374 0.050031 0.018034 6
-1.214032 0.002081 -0.010004 6
-1.191383 0.033386 -0.007510 6
-1.164737 0.057446 -0.007818 6
-1.109489 0.034664 -0.026739 6
-1.059139 0.021546 -0.042097 6
-1.027205 0.038561 -0.045527 6
-1.000215 0.063241 -0.045884 6
-0.951444 0.055263 -0.059670 6
-0.904149 0.050668 -0.072288 6
-0.868844 0.064287 -0.077502 6
-0.978586 0.280886 0.002884 3
-0.928492 0.270675 -0.011898 3
-0.889947 0.277223 -0.019743 2
-0.896213 0.343133 -0.001988 2
-0.846656 0.335533 -0.016083 2
-0.853809 0.400439 0.001585 2
-0.853895 0.454877 0.014913 2
-0.855341 0.509625 0.028625 2
-0.851449 0.556720 0.039115 2
-0.833787 0.586847 0.042013 2
-0.831551 0.634134 0.052908 2
-0.848078 0.701249 0.073282 2
-0.838554 0.738176 0.079787 2
-0.827514 0.772875 0.085345 2
-0.845603 0.837511 0.105436 2
-0.844006 0.880262 0.115265 2
-0.828591 0.908299 0.118038 2
-0.831819 0.954421 0.129848 2
-0.835133 0.999651 0.141441 2
-0.818640 1.025231 0.143278 2
-0.830224 1.076643 0.158405 2
-0.815524 1.103030 0.160843 2
-0.858608 1.180571 0.190187 2
-0.838648 1.200979 0.189813 2
-0.812183 1.215885 0.186444 2
-0.829998 1.268054 0.203234 2
-0.830650 1.304941 0.211982 2
-0.832605 1.342249 0.221144 2
-0.841523 1.384377 0.233215 2
-0.818793 1.401329 0.231176 2
-0.832512 1.445905 0.245022 2
-0.818500 1.469090 0.246655 2
-0.790276 1.481957 0.242166 2
-0.821981 1.537510 0.263187 2
-0.806157 1.558790 0.263840 2
-0.799015 1.585955 0.268102 2
-0.800686 1.618717 0.275942 2
-0.798689 1.648628 0.282144 2
-0.854878 1.714993 0.311986 2
0.796634 0.877842 -0.315684 2
0.789091 0.932438 -0.301609 2
0.784389 0.984681 -0.288852 2
0.800652 1.024966 -0.284396 2
0.792145 1.078119 -0.270488 2
0.805117 1.119529 -0.264972 2
0.830446 1.154590 -0.264209 2
0.830680 1.201999 -0.254020 2
0.820346 1.253940 -0.240026 2
0.836303 1.293019 -0.235966 2
0.819016 1.346983 -0.219722 2
-0.572904 2.001614 0.298594 2
-0.498671 1.998509 0.277710 2
-0.481442 2.020493 0.277662 2
-0.417051 2.023665 0.260745 2
-0.369581 2.034693 0.250082 2
-0.313392 2.043268 0.236496 2
-0.230199 2.042966 0.213635 2
-0.164216 2.050443 0.197087 2
-0.081768 2.053494 0.175077 2
0.026164 2.049653 0.144616 2
0.088580 2.062657 0.130112 2
0.140772 2.079990 0.119281 2
0.230535 2.086946 0.095953 2
0.489527 2.046619 0.016313 2
0.582469 2.057970 -0.007060 2
0.689855 2.067216 -0.034878 2
-1.378068 -0.788282 -0.122160 7
-1.366639 -0.709031 -0.105264 7
-1.255064 -0.863121 -0.167939 7
-1.276929 -0.709821 -0.125523 7
-1.214595 -0.746842 -0.148578 7
-1.202427 -0.674660 -0.133699 7
-1.282931 -0.413728 -0.051885 8
-1.272239 -0.348620 -0.038454 8
-1.338169 -0.135311 0.028404 6
-1.356702 -0.022356 0.060059 6
-1.268527 -0.113613 0.017769 6
-1.296790 0.012918 0.054890 6
-1.287432 0.067267 0.065880 6
-1.212895 0.006359 0.033988 6
-1.180860 0.021404 0.030209 6
-1.125481 -0.002234 0.011681 6
-1.115687 0.050171 0.021999 6
-1.070851 0.045377 0.010399 6
-1.017858 0.028963 -0.005918 6
-0.983210 0.042040 -0.010909 6
-0.942764 0.046802 -0.019273 6
-0.916669 0.073151 -0.019139 6
-0.890659 0.099397 -0.019036 3
-0.956217 0.253201 0.033015 3
-0.905395 0.242474 0.018411 3
-0.866045 0.248409 0.010453 3
-0.842871 0.276170 0.011484 2
-0.857151 0.351721 0.032712 2
-0.841502 0.387469 0.037374 2
-0.858624 0.462970 0.059221 2
-0.837929 0.490701 0.060738 2
-0.847390 0.553799 0.077783 2
-0.828382 0.582290 0.079837 2
-0.846699 0.652820 0.100711 2
-0.819303 0.670619 0.098192 2
-0.816565 0.715414 0.107919 2
-0.828402 0.774837 0.124567 2
-0.816689 0.808148 0.129397 2
-0.829944 0.866570 0.146115 2
-0.830270 0.910556 0.156312 2
-0.823039 0.946222 0.162717 2
-0.805510 0.971407 0.164160 2
-0.824338 1.030794 0.182381 2
-0.812898 1.060668 0.186357 2
-0.816771 1.104104 0.197195 2
-0.824591 1.150177 0.209591 2
-0.823455 1.187476 0.217749 2
-0.815972 1.218730 0.222936 2
-0.812281 1.252766 0.229677 2
-0.821319 1.296722 0.241816 2
-0.816030 1.328284 0.247561 2
-0.814200 1.362157 0.254671 2
-0.795639 1.382662 0.254564 2
-0.798509 1.419358 0.263448 2
-0.803392 1.456921 0.273013 2
-0.806413 1.492480 0.281643 2
0.854768 0.351569 -0.391514 2
-0.840103 1.580992 0.309696 2
-0.834761 1.608793 0.314435 2
-0.831865 1.637936 0.320072 2
-0.846907 1.678360 0.332733 2
-0.889952 1.735685 0.356214 2
-0.880927 1.759162 0.358996 2
-0.861750 1.776376 0.357799 2
-0.837563 1.790792 0.354694 2
-0.805033 1.800691 0.348453 2
-0.800262 1.826796 0.352821 2
-0.796911 1.853476 0.357660 2
-0.759816 1.861748 0.349838 2
-0.760907 1.890733 0.356280 2
-0.748492 1.912455 0.357666 2
-0.732234 1.932271 0.357633 2
-0.677768 1.933575 0.343761 2
-0.669023 1.957671 0.346545 2
-0.651564 1.977668 0.346183 2
-0.640543 2.000719 0.348118 2
-0.621804 2.020384 0.347316 2
-0.510871 2.000893 0.314293 2
-0.435839 1.998671 0.294209 2
-0.389413 2.009491 0.284280 2
-0.387097 2.038411 0.289607 2
-0.353924 2.055407 0.284380 2
-0.278583 2.057376 0.264993 2
-0.163784 2.046719 0.232648 2
-0.093556 2.053838 0.215610 2
0.046747 2.038823 0.175627 2
0.086326 2.059306 0.169312 2
0.150656 2.072684 0.155019 2
0.260898 2.073381 0.126048 2
0.522593 2.032171 0.048690 2
0.529957 2.067662 0.053779 2
0.683613 2.063651 0.012318 2
-1.419908 -0.781256 -0.060919 7
-1.386401 -0.754764 -0.061980 7
-1.290614 -0.875330 -0.111064 7
-1.311739 -0.720845 -0.070309 7
-1.276396 -0.699430 -0.073035 7
-1.229962 -0.702271 -0.083882 7
-1.220717 -0.625420 -0.067992 7
-1.309640 -0.349254 0.015942 8
-1.300497 -0.282954 0.029349 8
-1.283308 -0.234815 0.036728 8
-1.305635 -0.112595 0.070057 6
-1.296961 -0.053230 0.081889 6
-1.283127 -0.005243 0.089912 6
-1.245051 -0.001818 0.082185 6
-1.216640 0.019071 0.080638 6
-1.182924 0.030818 0.075768 6
-1.137446 0.023333 0.063796 6
-1.085263 0.006130 0.048053 6
-1.045071 0.009572 0.039745 6
-0.998632 0.004027 0.027935 6
-0.977729 0.038382 0.031049 6
-0.923664 0.022851 0.015174 6
-0.878259 0.021468 0.004485 6
-0.892165 0.105477 0.026822 3
-0.968632 0.274038 0.082738 3
-0.914175 0.257809 0.066527 3
-0.862635 0.247014 0.052199 3
-0.842145 0.278167 0.054524 2
-0.820919 0.307987 0.056355 2
-0.829566 0.374972 0.073485 2
-0.823277 0.421764 0.082570 2
-0.808756 0.457631 0.087259 2
-0.853311 0.562644 0.121245 2
-0.823465 0.578292 0.117774 2
-0.823717 0.628278 0.129021 2
-0.825459 0.678790 0.140714 2
-0.832508 0.733929 0.154668 2
-0.826192 0.773489 0.161985 2
-0.806436 0.798296 0.162831 2
-0.815087 0.852067 0.176801 2
-0.816739 0.897548 0.187257 2
-0.818136 0.941835 0.197370 2
-0.809386 0.975448 0.202698 2
-0.821740 1.028519 0.217317 2
-0.815234 1.062888 0.223309 2
-0.805712 1.094017 0.227852 2
-0.839537 1.163289 0.251100 2
-0.810883 1.176252 0.247052 2
-0.780237 1.187861 0.242212 2
-0.790154 1.233788 0.254577 2
-0.790613 1.271000 0.262754 2
0.490891 0.279323 -0.261299 2
0.542799 0.295260 -0.270419 2
0.628039 0.286332 -0.292997 2
-0.862890 1.466923 0.322491 2
-0.877358 1.510466 0.335341 2
-0.833323 1.510810 0.324694 2
-0.811678 1.527859 0.323054 2
-0.813864 1.561588 0.330767 2
-0.834018 1.606969 0.345331 2
-0.847785 1.647093 0.357201 2
-0.830998 1.666594 0.357206 2
-0.823754 1.692222 0.360829 2
-0.867232 1.749112 0.383481 2
-0.861219 1.774417 0.387309 2
-0.812512 1.774231 0.375263 2
-0.805820 1.799341 0.378851 2
-0.792778 1.820693 0.380073 2
-0.771325 1.837408 0.378235 2
-0.751431 1.855200 0.376991 2
-0.727416 1.871019 0.374302 2
-0.676937 1.873546 0.362288 2
-0.713393 1.920608 0.381019 2
-0.696681 1.940482 0.380932 2
-0.654304 1.948264 0.371964 2
-0.650617 1.974757 0.376444 2
-0.667229 2.010240 0.387802 2
-0.640351 2.025930 0.384264 2
0.819533 1.428789 -0.101633 2
-0.487416 2.017201 0.344224 2
-0.408170 2.014033 0.323724 2
-0.339175 2.016483 0.306905 2
-0.309798 2.035382 0.303304 2
-0.263690 2.048519 0.294333 2
-0.182470 2.049871 0.274171 2
-0.083111 2.046513 0.248493 2
-0.020000 2.057326 0.234727 2
0.107089 2.048501 0.200944 2
0.154905 2.067148 0.192538 2
0.267562 2.066946 0.164049 2
0.479879 2.039820 0.105102 2
0.513888 2.067268 0.101841 2
0.698675 2.054362 0.052578 2
-1.405765 -0.802568 -0.018786 7
-1.323059 -0.894357 -0.056835 7
-1.273270 -0.903001 -0.069349 7
-1.281746 -0.777290 -0.039510 7
-1.255306 -0.734829 -0.035696 7
-1.213372 -0.727161 -0.042962 7
-1.317126 -0.411844 0.049404 8
-1.325722 -0.307020 0.074539 8
-1.304305 -0.266673 0.078882 8
-1.277701 -0.237592 0.079588 8
-1.308227 -0.100089 0.116643 6
-1.288621 -0.061641 0.120901 6
-1.311211 0.052542 0.151042 6
-1.266209 0.042194 0.138966 6
-1.195149 -0.012093 0.111502 6
-1.182911 0.036640 0.119563 6
-1.120352 0.000604 0.097941 6
-1.092348 0.023003 0.096721 6
-1.051360 0.024685 0.088083 6
-0.998756 0.009138 0.073094 6
-0.962010 0.019178 0.067186 6
-0.921323 0.023816 0.059207 6
-0.881768 0.030787 0.051971 6
-0.894354 0.112487 0.072582 3
-0.942342 0.240930 0.111224 3
-0.911747 0.257815 0.108085 3
-0.858548 0.244700 0.093369 3
-0.844422 0.284065 0.098751 2
-0.820242 0.309834 0.098919 2
-0.822387 0.368449 0.112079 2
-0.830099 0.432411 0.127627 2
-0.825773 0.480185 0.136957 2
-0.797783 0.499010 0.134701 2
-0.801422 0.554501 0.147455 2
-0.816370 0.621457 0.165212 2
-0.817186 0.670935 0.176004 2
-0.809358 0.709914 0.182570 2
-0.808334 0.755461 0.192070 2
-0.787509 0.779389 0.192433 2
-0.824873 0.862790 0.218719 2
-0.815003 0.896374 0.223606 2
-0.837807 0.961604 0.242671 2
-0.824442 0.990258 0.245681 2
-0.823874 1.030712 0.254110 2
-0.804167 1.052705 0.254226 2
-0.799654 1.088465 0.260727 2
0.158558 0.276124 -0.131105 2
0.216167 0.281583 -0.143256 2
0.290240 0.274045 -0.161959 2
0.312846 0.311140 -0.159427 2
-0.836130 1.307698 0.315138 2
-0.823280 1.332756 0.317381 2
-0.847335 1.386673 0.334196 2
-0.846077 1.419772 0.340780 2
-0.845081 1.452582 0.347352 2
-0.835105 1.478283 0.350343 2
-0.847052 1.519647 0.361679 2
-0.843375 1.549114 0.366894 2
-0.842200 1.579965 0.372966 2
-0.842694 1.611539 0.379565 2
-0.849603 1.646925 0.388439 2
-0.805062 1.648308 0.378251 2
-0.823606 1.690602 0.391247 2
-0.789677 1.699407 0.385045 2
-0.854998 1.769015 0.414601 2
-0.820719 1.777374 0.408200 2
-0.805331 1.797263 0.408587 2
-0.770873 1.806418 0.402281 2
-0.772402 1.836061 0.408616 2
-0.745692 1.850080 0.405100 2
-0.733954 1.872367 0.406785 2
-0.741690 1.904668 0.415089 2
-0.668622 1.895902 0.395958 2
-0.698352 1.939001 0.411625 2
-0.657400 1.947343 0.403524 2
-0.616298 1.956341 0.395505 2
-0.618035 1.985465 0.401684 2
0.840900 1.370210 -0.068399 2
0.865401 1.404826 -0.067440 2
0.814043 1.471269 -0.042089 2
-0.501177 2.048754 0.386178 2
-0.392910 2.034515 0.357438 2
-0.284300 2.022395 0.329016 2
-0.263610 2.045144 0.328477 2
-0.180277 2.045578 0.308539 2
-0.098307 2.048122 0.289323 2
-0.017558 2.052672 0.270773 2
0.094039 2.048705 0.243140 2
0.178373 2.055561 0.224140 2
0.239727 2.071028 0.212315 2
0.443703 2.045695 0.158265 2
0.508203 2.064008 0.146192 2
-1.427011 -0.846796 0.026087 7
-1.354520 -0.915496 -0.003512 7
-1.355153 -0.803759 0.020351 7
-1.252181 -0.939310 -0.029796 7
-1.308980 -0.703284 0.032074 7
-1.246218 -0.743497 0.010476 7
-1.264297 -0.606329 0.043297 7
-1.350372 -0.332292 0.119276 8
-1.343956 -0.260653 0.133080 8
-1.296366 -0.274001 0.120278 8
-1.280115 -0.224759 0.127258 8
-1.314705 -0.080289 0.165008 6
-1.322110 0.007657 0.185101 6
-1.294891 0.029477 0.183948 6
-1.241099 0.003988 0.167211 6
-1.200832 0.003888 0.158661 6
-1.161793 0.006687 0.150967 6
-1.109038 -0.012510 0.135730 6
-1.085970 0.018006 0.137216 6
-1.035944 0.005375 0.123908 6
-0.998635 0.013826 0.117711 6
-0.952560 0.009500 0.106956 6
-0.901345 -0.001384 0.093717 6
-0.923307 0.095216 0.118569 3
-0.886937 0.105817 0.112965 3
-0.956809 0.264539 0.161019 3
-0.901502 0.247160 0.145493 3
-0.840126 0.223264 0.127291 3
-0.815032 0.248593 0.127122 2
-0.810228 0.299722 0.136673 2
-0.834953 0.386655 0.160016 2
-0.803281 0.401742 0.156262 2
-0.826909 0.483595 0.178290 2
-0.830937 0.539946 0.190784 2
-0.797466 0.551615 0.185894 2
-0.808309 0.613827 0.201053 2
-0.828685 0.685004 0.220124 2
-0.808420 0.710054 0.220829 2
-0.821788 0.770791 0.236200 2
-0.810307 0.804045 0.240486 2
-0.798372 0.836376 0.244471 2
-0.203383 0.283612 0.000858 3
-0.112848 0.249497 -0.026025 3
-0.068154 0.262008 -0.033330 3
-0.001134 0.254091 -0.049729 3
0.048283 0.263946 -0.058648 2
0.101721 0.270956 -0.069049 2
-0.862735 1.183575 0.329240 2
-0.866769 1.224375 0.338380 2
-0.857108 1.252698 0.341950 2
-0.853358 1.285674 0.347761 2
-0.841768 1.311750 0.350428 2
-0.855811 1.358205 0.362888 2
-0.822088 1.366074 0.356947 2
-0.813211 1.393625 0.360483 2
-0.849383 1.454912 0.380821 2
-0.810122 1.458825 0.372820 2
-0.815147 1.495493 0.381255 2
-0.820713 1.531912 0.389751 2
-0.821394 1.564315 0.396342 2
-0.798455 1.580223 0.394346 2
-0.804938 1.615904 0.402871 2
-0.834079 1.665697 0.419275 2
-0.790329 1.667937 0.409862 2
-0.834756 1.725818 0.431286 2
-0.802156 1.735279 0.425791 2
-0.846712 1.791107 0.446820 2
-0.775981 1.778438 0.428346 2
-0.759205 1.797926 0.428365 2
-0.753222 1.823500 0.432008 2
-0.717907 1.833029 0.425862 2
-0.711021 1.858168 0.429195 2
-0.707830 1.885077 0.433702 2
-0.670820 1.894749 0.427170 2
-0.665805 1.920748 0.431065 2
-0.622075 1.928066 0.422530 2
-0.624999 1.957917 0.428956 2
-0.583658 1.967326 0.421348 2
0.858753 1.358120 -0.024708 2
0.869213 1.398875 -0.019274 2
0.900755 1.430650 -0.020389 2
0.830618 1.504127 0.009686 2
-0.428048 2.045344 0.400758 2
-0.294583 2.023096 0.365985 2
-0.226500 2.027997 0.351331 2
-0.187102 2.044555 0.345447 2
-0.138560 2.058559 0.336974 2
-0.010553 2.046487 0.305336 2
0.052541 2.058291 0.293086 2
0.166294 2.055197 0.266388 2
0.213439 2.074736 0.259231 2
0.390346 2.056766 0.215206 2
0.499518 2.061644 0.191018 2
-1.353145 -0.904880 0.049405 7
-1.366196 -0.764251 0.080378 7
-1.267952 -0.889587 0.035232 7
-1.302347 -0.706588 0.079038 7
-1.255206 -0.712261 0.068319 7
-1.268367 -0.587030 0.096170 7
-1.325053 -0.375999 0.150111 8
-1.314682 -0.311678 0.160910 8
-1.301064 -0.256145 0.169273 8
-1.257380 -0.260949 0.159380 8
-1.308279 -0.085120 0.205034 6
-1.305181 -0.016850 0.218072 6
-1.256192 -0.034036 0.204581 6
-1.239804 0.008027 0.209628 6
-1.174125 -0.036202 0.187282 6
-1.145783 -0.014554 0.185770 6
-1.128210 0.024741 0.189991 6
-1.062446 -0.014692 0.168555 6
-1.020642 -0.013720 0.160112 6
-0.981836 -0.007301 0.153364 6
-0.950146 0.010465 0.150337 6
-0.886409 -0.019075 0.131251 6
-0.897387 0.061734 0.149585 3
-0.897982 0.125322 0.162333 3
-0.940752 0.245692 0.195107 3
-0.894880 0.241436 0.184712 3
-0.843951 0.231480 0.172125 3
-0.824017 0.263223 0.174247 2
-0.814896 0.308369 0.181268 2
-0.825144 0.376811 0.196931 2
-0.821493 0.426328 0.205939 2
-0.810108 0.465435 0.211265 2
-0.811809 0.519256 0.222226 2
-0.797513 0.553342 0.225934 2
-0.801912 0.608079 0.237622 2
-0.445460 0.261616 0.094567 3
-0.375876 0.241393 0.075945 3
-0.345555 0.264786 0.074141 3
-0.311215 0.284099 0.070680 3
-0.224317 0.249941 0.045643 3
-0.164612 0.245463 0.032147 3
-0.104331 0.241694 0.018657 3
-0.866941 1.031789 0.334323 2
-0.865518 1.070379 0.341544 2
-0.858416 1.103020 0.346393 2
-0.858821 1.142011 0.354063 2
-0.833179 1.157142 0.351554 2
-0.858029 1.216496 0.368361 2
-0.852830 1.248679 0.373494 2
-0.835095 1.269932 0.373832 2
-0.819689 1.293091 0.375027 2
-0.806955 1.318322 0.377186 2
-0.817689 1.361863 0.387884 2
-0.840355 1.413704 0.402726 2
-0.829728 1.439167 0.405357 2
-0.800862 1.450973 0.401447 2
-0.813791 1.493428 0.412376 2
-0.807871 1.521653 0.416524 2
-0.801523 1.549295 0.420461 2
-0.820061 1.593579 0.432922 2
-0.775458 1.594925 0.423594 2
-0.803690 1.644500 0.439135 2
-0.798975 1.671907 0.443349 2
-0.795504 1.699828 0.447922 2
-0.798531 1.731421 0.454588 2
-0.818727 1.772779 0.466804 2
-0.787283 1.783212 0.462000 2
-0.736614 1.783217 0.451059 2
-0.737753 1.812977 0.456941 2
-0.728020 1.836484 0.459282 2
-0.721745 1.861753 0.462697 2
-0.681917 1.869538 0.455544 2
-0.635099 1.874500 0.446338 2
-0.652866 1.912083 0.457259 2
-0.615920 1.922711 0.451245 2
-0.594778 1.941343 0.450154 2
-0.585535 1.965625 0.452697 2
0.849235 1.358144 0.027388 2
0.852192 1.401926 0.034927 2
-0.523730 2.023918 0.450160 2
-0.493177 2.039752 0.446464 2
-0.407805 2.034318 0.426873 2
-0.383605 2.054152 0.425290 2
-0.201262 2.015212 0.378342 2
-0.181111 2.038923 0.378345 2
-0.093765 2.039249 0.359361 2
-0.038452 2.052176 0.349685 2
0.072020 2.047938 0.324797 2
0.144233 2.058065 0.310899 2
0.215299 2.069887 0.297555 2
0.323826 2.071912 0.274218 2
0.478110 2.062966 0.238858 2
-1.338396 -0.927227 0.092881 7
-1.346427 -0.798604 0.118983 7
-1.272192 -0.867019 0.091269 7
-1.218776 -0.883830 0.077498 7
-1.241401 -0.731442 0.110992 7
-1.251220 -0.613398 0.135405 7
-1.229087 -0.567197 0.139806 8
-1.282193 -0.369029 0.188035 8
-1.283419 -0.282849 0.204663 8
-1.250088 -0.267037 0.201042 8
-1.315096 -0.064882 0.252376 6
-1.297139 -0.024847 0.256403 6
-1.254609 -0.030260 0.246903 6
-1.221991 -0.017137 0.242889 6
-1.176981 -0.025175 0.232385 6
-1.142197 -0.014799 0.227407 6
-1.109545 -0.000546 0.223583 6
-1.054777 -0.021744 0.208618 6
-1.037024 0.017189 0.212436 6
-0.979878 -0.005487 0.196703 6
-0.924665 -0.023422 0.182249 6
-0.906415 0.014893 0.185832 6
-0.922206 0.101714 0.205404 3
-1.006737 0.283124 0.256634 3
-0.955597 0.269723 0.243829 3
-0.882971 0.228530 0.221457 3
-0.834039 0.221390 0.210267 3
-0.795530 0.228989 0.203946 2
-0.804933 0.298313 0.218898 2
-0.716002 0.242765 0.190514 3
-0.679171 0.254178 0.185232 3
-0.631290 0.252784 0.175306 3
-0.595339 0.266412 0.170606 3
-0.520220 0.235279 0.149578 3
-0.494738 0.262436 0.149523 3
-0.437082 0.253863 0.136249 3
-0.409311 0.279064 0.135351 3
-0.349203 0.269868 0.121451 3
-0.884251 0.882856 0.344702 2
-0.868521 0.909502 0.346498 2
-0.878270 0.961462 0.358195 2
-0.840860 0.965871 0.351423 2
-0.852247 1.017928 0.363461 2
-0.861652 1.066900 0.374515 2
-0.851989 1.097129 0.378189 2
-0.843663 1.128209 0.382289 2
-0.844944 1.167436 0.389859 2
-0.844460 1.204409 0.396644 2
-0.827471 1.226661 0.397321 2
-0.829148 1.264489 0.404697 2
-0.810778 1.285220 0.404801 2
-0.805662 1.316623 0.409587 2
-0.816367 1.360077 0.419837 2
-0.815204 1.393488 0.425795 2
-0.813400 1.425925 0.431436 2
-0.814112 1.459769 0.437849 2
-0.817255 1.494860 0.444985 2
-0.797635 1.513235 0.444365 2
-0.778380 1.531989 0.443885 2
-0.786943 1.569770 0.452615 2
-0.780425 1.596834 0.456272 2
-0.799317 1.640207 0.468143 2
-0.754831 1.642274 0.459394 2
-0.796849 1.699082 0.478478 2
-0.727785 1.686672 0.462008 2
-0.791881 1.755094 0.487755 2
-0.813828 1.796891 0.499943 2
-0.771171 1.801001 0.491924 2
-0.745140 1.815144 0.489161 2
-0.739754 1.840849 0.492762 2
-0.650206 1.821751 0.470826 2
-0.684524 1.868723 0.486488 2
-0.627020 1.868154 0.474534 2
-0.631990 1.899493 0.481282 2
-0.613257 1.919034 0.480984 2
-0.566610 1.925680 0.472573 2
-0.568065 1.955117 0.478236 2
0.878132 1.341146 0.067945 2
-0.520121 1.991097 0.474884 2
-0.522732 2.020730 0.480808 2
-0.466525 2.025992 0.470150 2
-0.365964 2.014673 0.447311 2
-0.316173 2.025019 0.438892 2
-0.308814 2.052161 0.442286 2
-0.158155 2.027126 0.406589 2
-0.094493 2.035888 0.395000 2
-0.032538 2.046412 0.384077 2
0.051756 2.050687 0.367397 2
0.148858 2.052485 0.347612 2
0.210246 2.067189 0.337546 2
0.332123 2.064973 0.311896 2
0.434874 2.070641 0.291621 2
-1.348010 -0.889897 0.152124 7
-1.317146 -0.855411 0.152375 7
-1.260564 -0.881381 0.136796 7
-1.226201 -0.854989 0.134912 7
-1.246172 -0.709788 0.164861 7
-1.237421 -0.632501 0.177061 7
-1.227402 -0.560840 0.188003 8
-1.280214 -0.364091 0.233547 8
-1.246649 -0.347389 0.230064 8
-1.240567 -0.277449 0.241451 8
-1.337632 -0.015069 0.307325 6
-1.295635 -0.020774 0.298184 6
-1.240434 -0.049232 0.282403 6
-1.214308 -0.024385 0.281811 6
-1.176424 -0.020095 0.275253 6
-1.131474 -0.027079 0.265303 6
-1.124011 0.028750 0.273876 6
-1.053175 -0.019035 0.251593 6
-1.016996 -0.009352 0.246325 6
-0.979101 -0.001886 0.240325 6
-0.936014 -0.001709 0.232010 6
-0.944318 0.075150 0.247398 3
-0.920468 0.103203 0.247804 3
-0.991145 0.264635 0.290434 3
-0.929719 0.237279 0.273623 3
-0.874034 0.219668 0.259669 3
-0.800987 0.180563 0.238495 3
-0.785312 0.218587 0.242263 2
-0.769196 0.255398 0.245726 2
-0.711789 0.240033 0.231833 2
-0.696927 0.278263 0.235790 3
-0.651714 0.279467 0.227225 3
-0.587097 0.258726 0.210963 3
-0.549342 0.270696 0.205770 2
-0.881942 0.701410 0.347426 2
-0.851612 0.714264 0.343829 2
-0.877456 0.788395 0.362105 2
-0.869375 0.824353 0.366960 2
-0.811297 0.807590 0.352669 2
-0.845175 0.886311 0.373323 2
-0.854769 0.938450 0.384502 2
-0.857684 0.982812 0.392991 2
-0.823573 0.990607 0.387743 2
-0.841480 1.048029 0.401478 2
-0.837945 1.084190 0.407243 2
-0.821125 1.107712 0.408164 2
-0.812054 1.138034 0.411805 2
-0.829580 1.191178 0.424697 2
-0.814173 1.214936 0.425930 2
-0.814422 1.251699 0.432532 2
-0.848078 1.315247 0.450417 2
-0.804056 1.314675 0.441732 2
-0.812671 1.356424 0.450848 2
-0.824233 1.399624 0.460796 2
-0.756646 1.382124 0.444496 2
-0.797271 1.446310 0.463846 2
-0.806153 1.485742 0.472596 2
-0.806342 1.518259 0.478417 2
-0.779696 1.531662 0.475600 2
-0.791044 1.571250 0.484854 2
-0.781036 1.595856 0.487274 2
-0.772859 1.621524 0.490239 2
-0.785682 1.660406 0.499651 2
-0.775721 1.684329 0.501955 2
-0.760001 1.704633 0.502489 2
-0.756887 1.732516 0.506830 2
0.857786 0.820391 0.029375 2
-0.760803 1.793250 0.518373 2
-0.738449 1.809495 0.516885 2
-0.714600 1.825182 0.515004 2
-0.705346 1.848913 0.517401 2
-0.665922 1.856927 0.511111 2
-0.668865 1.887065 0.517027 2
-0.619869 1.891196 0.508174 2
-0.577465 1.899416 0.501333 2
-0.586321 1.932437 0.508912 2
-0.580125 1.958087 0.512240 2
-0.551895 1.973804 0.509495 2
-0.518461 1.987672 0.505404 2
-0.494399 2.006023 0.503939 2
-0.439244 2.011927 0.494184 2
-0.445416 2.043312 0.500939 2
-0.287430 2.010727 0.464244 2
-0.229513 2.019116 0.454383 2
-0.228800 2.049440 0.459598 2
-0.068822 2.023210 0.423630 2
-0.065644 2.054022 0.428445 2
0.026350 2.055213 0.410632 2
0.103743 2.062871 0.396818 2
0.262913 2.046630 0.362764 2
0.290427 2.072994 0.362019 2
0.445913 2.062794 0.329748 2
-1.345459 -0.882535 0.202850 7
-1.303177 -0.875597 0.196074 7
-1.256748 -0.877681 0.186995 7
-1.216588 -0.864655 0.181651 7
-1.259247 -0.670141 0.222559 7
-1.244865 -0.606243 0.230666 7
-1.242286 -0.520111 0.244751 8
-1.276353 -0.363035 0.277720 8
-1.229817 -0.372198 0.267437 8
-1.211779 -0.325050 0.272032 8
-1.316399 -0.048037 0.338540 6
-1.285684 -0.032304 0.335444 6
-1.248108 -0.028851 0.328984 6
-1.209384 -0.026782 0.322078 6
-1.195114 0.018003 0.326989 6
-1.114191 -0.050360 0.300251 6
-1.096865 -0.010434 0.303770 6
-1.042086 -0.031599 0.289928 6
-1.010444 -0.014650 0.286878 6
-0.960575 -0.025615 0.275688 6
-0.920126 -0.021083 0.268889 6
-0.949555 0.087084 0.292735 3
-0.919504 0.105786 0.290287 3
-0.917697 0.164458 0.299902 3
-0.924109 0.232933 0.312718 3
-0.856623 0.199329 0.294405 3
-0.817187 0.205171 0.288030 3
-0.801105 0.242009 0.291280 2
-0.767484 0.255895 0.287360 2
-0.739552 0.277204 0.285764 2
-0.673775 0.252262 0.269251 2
-0.880401 0.555738 0.359365 2
-0.871235 0.594533 0.364248 2
-0.864164 0.635036 0.369813 2
-0.876061 0.696178 0.382426 2
-0.855103 0.719389 0.382465 2
-0.852401 0.762313 0.389262 2
-0.840352 0.794442 0.392482 2
-0.825270 0.822981 0.394528 2
-0.868031 0.910340 0.417361 2
-0.830116 0.914292 0.410972 2
-0.841320 0.967152 0.422059 2
-0.834176 1.001108 0.426512 2
-0.834108 1.041242 0.433336 2
-0.812806 1.060986 0.432736 2
-0.832481 1.117957 0.446105 2
-0.822974 1.147579 0.449387 2
-0.798885 1.164162 0.447735 2
-0.793525 1.196930 0.452326 2
-0.794938 1.234922 0.459070 2
-0.823810 1.294787 0.474651 2
-0.798243 1.309347 0.472385 2
-0.785248 1.334082 0.474194 2
-0.762607 1.351240 0.472918 2
-0.799199 1.413367 0.490325 2
-0.782855 1.434638 0.490924 2
-0.764989 1.454812 0.491055 2
-0.807421 1.517880 0.509712 2
-0.786869 1.535416 0.508896 2
-0.769239 1.555102 0.508991 2
-0.754135 1.576548 0.509858 2
-0.769962 1.618183 0.519918 2
-0.790889 1.662220 0.531337 2
-0.749863 1.666599 0.524479 2
-0.784647 1.718028 0.539736 2
-0.758270 1.731619 0.537174 2
-0.783439 1.775660 0.549386 2
0.886759 0.851076 0.081389 2
-0.734216 1.805215 0.545331 2
-0.717218 1.824609 0.545508 2
-0.701008 1.844541 0.545924 2
-0.647328 1.845110 0.536079 2
-0.649378 1.874974 0.541585 2
-0.601326 1.879709 0.533500 2
-0.601020 1.908366 0.538365 2
-0.575806 1.925033 0.536561 2
-0.555730 1.944386 0.536170 2
-0.493542 1.945150 0.524792 2
-0.489421 1.972356 0.528708 2
-0.467124 1.991712 0.527911 2
-0.463594 2.019055 0.531962 2
-0.435841 2.036546 0.529838 2
-0.252334 1.993913 0.488557 2
-0.223247 2.013450 0.486542 2
-0.137440 2.012635 0.470534 2
-0.154016 2.049838 0.480009 2
-0.000455 2.027924 0.447841 2
0.039447 2.047000 0.443753 2
0.099595 2.060196 0.434910 2
0.221765 2.055160 0.411460 2
0.302781 2.064899 0.398168 2
0.443158 2.058937 0.371197 2
0.532901 2.069881 0.356503 2
-1.360774 -0.831882 0.263319 7
-1.303311 -0.862377 0.247959 7
-1.271463 -0.831440 0.247028 7
-1.223750 -0.836739 0.237459 7
-1.254463 -0.669737 0.269552 7
-1.239238 -0.607968 0.276569 7
-1.187813 -0.623455 0.264726 7
-1.257622 -0.392096 0.314187 8
-1.235226 -0.353026 0.316312 8
-1.346605 -0.057274 0.383587 6
-1.317986 -0.037957 0.381452 6
-1.279805 -0.036330 0.374771 6
-1.239438 -0.037920 0.367186 6
-1.195564 -0.044802 0.358129 6
-1.161491 -0.033773 0.353707 6
-1.118106 -0.038039 0.345166 6
-1.093579 -0.010382 0.345136 6
-1.052745 -0.009263 0.337927 6
-0.990613 -0.040789 0.321663 6
-0.983699 0.014666 0.329272 6
-0.925780 -0.008041 0.315189 6
-0.919559 0.047124 0.322888 3
-0.883870 0.058398 0.318260 3
-0.923961 0.176967 0.344463 3
-0.906484 0.211980 0.346927 3
-0.869703 0.220283 0.341644 3
-0.846074 0.246532 0.341609 3
-0.893491 0.364848 0.369111 2
-0.875470 0.395979 0.370877 2
-0.869245 0.441407 0.377061 2
-0.875598 0.501234 0.387819 2
-0.869858 0.545033 0.393838 2
-0.876185 0.602092 0.404157 2
-0.849635 0.619894 0.402278 2
-0.820737 0.635172 0.399579 2
-0.860018 0.726076 0.421257 2
-0.855641 0.766924 0.427071 2
-0.841389 0.796499 0.429307 2
-0.852132 0.851786 0.440159 2
-0.850738 0.893338 0.446633 2
-0.831832 0.916552 0.447027 2
-0.822916 0.949493 0.450779 2
-0.823914 0.991518 0.457769 2
-0.802573 1.011651 0.457246 2
-0.821419 1.069012 0.469904 2
-0.797449 1.086127 0.468433 2
-0.797323 1.124609 0.474668 2
-0.805545 1.169698 0.483462 2
-0.800327 1.202372 0.487859 2
-0.804352 1.242338 0.495085 2
-0.780460 1.258656 0.493522 2
-0.800143 1.310223 0.505418 2
-0.791365 1.338157 0.508430 2
-0.778645 1.362784 0.510211 2
-0.789322 1.404985 0.519000 2
-0.778220 1.430205 0.521172 2
-0.765385 1.454015 0.522812 2
-0.771319 1.491075 0.529936 2
-0.779320 1.528937 0.537559 2
-0.783382 1.563434 0.543941 2
-0.751664 1.573512 0.540021 2
-0.767643 1.615222 0.549693 2
-0.762145 1.642354 0.553196 2
-0.763507 1.673536 0.558575 2
-0.716129 1.674496 0.550419 2
-0.766769 1.734988 0.569289 2
-0.750864 1.754858 0.569785 2
0.862041 0.861996 0.139475 2
0.848543 0.919227 0.151313 2
-0.720991 1.824681 0.576111 2
-0.695214 1.839394 0.574040 2
-0.648581 1.843597 0.566581 2
-0.620982 1.858331 0.564203 2
-0.615376 1.884350 0.567549 2
-0.604312 1.907578 0.569482 2
-0.542556 1.906902 0.558586 2
-0.510205 1.920940 0.555279 2
-0.491781 1.941707 0.555530 2
-0.445167 1.950359 0.548845 2
-0.440189 1.977496 0.552513 2
-0.416471 1.996764 0.551604 2
-0.414456 2.025034 0.555987 2
-0.374038 2.038142 0.551145 2
-0.174002 1.991515 0.508497 2
-0.164124 2.018980 0.511390 2
-0.097134 2.026083 0.500929 2
-0.049214 2.041015 0.495106 2
0.067628 2.033727 0.473564 2
0.107115 2.053775 0.470079 2
0.193069 2.059923 0.456180 2
0.304197 2.060093 0.436904 2
0.392594 2.069036 0.423064 2
0.521345 2.068305 0.400586 2
-1.290690 -0.879334 0.292587 7
-1.324037 -0.698738 0.325228 7
-1.230758 -0.809381 0.292254 7
-1.251663 -0.665060 0.317336 7
-1.218782 -0.641172 0.315038 7
-1.181315 -0.627072 0.310487 7
-1.240346 -0.418107 0.351946 8
-1.221557 -0.371538 0.355541 8
-1.319435 -0.102126 0.412866 6
-1.314521 -0.037435 0.421623 6
-1.274233 -0.039804 0.414178 6
-1.236896 -0.036003 0.408180 6
-1.190118 -0.048116 0.398160 6
-1.167005 -0.018394 0.398545 6
-1.120923 -0.027624 0.389096 6
-1.086302 -0.016885 0.384649 6
-1.046284 -0.014436 0.378027 6
-1.005483 -0.012498 0.371202 6
-0.982009 0.016757 0.371502 6
-0.914495 -0.020479 0.354167 6
-0.890154 0.008128 0.354239 6
-0.915166 0.107411 0.373517 3
-0.890239 0.133093 0.373066 3
-0.860355 0.151732 0.370706 3
-0.882036 0.240166 0.387801 3
-0.870100 0.281352 0.391964 2
-0.841129 0.299618 0.389733 2
-0.846337 0.361453 0.399994 2
-0.846868 0.415840 0.408331 2
-0.826449 0.443325 0.408996 2
-0.846694 0.519229 0.424002 2
-0.847819 0.570548 0.432002 2
-0.821724 0.589375 0.430404 2
-0.821312 0.637250 0.437634 2
-0.832159 0.696529 0.448535 2
-0.838047 0.748950 0.457551 2
-0.827942 0.783163 0.461066 2
-0.837193 0.837027 0.470893 2
-0.839370 0.882395 0.478223 2
-0.807681 0.892910 0.474460 2
-0.819447 0.946500 0.484697 2
-0.804746 0.973358 0.486344 2
-0.821916 1.030076 0.497992 2
-0.792608 1.042412 0.494946 2
-0.809157 1.096692 0.506130 2
-0.804771 1.131069 0.510711 2
-0.796470 1.161522 0.514034 2
-0.792957 1.195706 0.518748 2
-0.789672 1.229579 0.523460 2
-0.766282 1.246454 0.522160 2
-0.787263 1.299211 0.533899 2
-0.785921 1.333125 0.538966 2
-0.786006 1.367641 0.544374 2
-0.787032 1.402343 0.549975 2
-0.752818 1.410374 0.545520 2
-0.768855 1.455456 0.555269 2
-0.771674 1.490175 0.561195 2
-0.778173 1.526915 0.568058 2
-0.765912 1.550224 0.569691 2
-0.720770 1.551498 0.562389 2
-0.757352 1.607054 0.577243 2
-0.737863 1.625309 0.576899 2
-0.733917 1.653439 0.580703 2
-0.766480 1.703650 0.594066 2
-0.733618 1.713436 0.590184 2
-0.743492 1.748768 0.597441 2
0.854817 0.862958 0.192187 2
0.857622 0.910886 0.199377 2
0.856434 0.960513 0.207508 2
-0.686368 1.832616 0.601414 2
-0.649588 1.841967 0.596857 2
-0.635737 1.863602 0.598053 2
-0.653991 1.901226 0.607107 2
-0.531441 1.869914 0.581928 2
-0.520212 1.893866 0.583950 2
-0.471510 1.900553 0.577041 2
-0.463552 1.926398 0.579920 2
-0.450206 1.949809 0.581528 2
-0.444807 1.976649 0.585002 2
-0.418445 1.994688 0.583623 2
-0.396185 2.014736 0.583248 2
-0.349561 2.025525 0.577390 2
-0.099273 1.991671 0.530994 2
-0.069564 2.012679 0.529591 2
-0.014751 2.025408 0.522745 2
0.015239 2.047436 0.521481 2
0.117731 2.046345 0.504611 2
0.208483 2.050928 0.490597 2
0.264899 2.067649 0.484182 2
0.391146 2.064914 0.463203 2
-1.318186 -0.802053 0.357363 7
-1.304866 -0.730878 0.364823 7
-1.211496 -0.840709 0.333565 7
-1.235726 -0.688946 0.358631 7
-1.185635 -0.701067 0.348324 7
-1.163248 -0.654566 0.350885 7
-1.197066 -0.496343 0.378539 8
-1.222326 -0.361638 0.401491 8
-1.342372 -0.050727 0.465061 6
-1.301592 -0.054661 0.457554 6
-1.266646 -0.046974 0.452667 6
-1.223002 -0.054406 0.444213 6
-1.182083 -0.055961 0.437053 6
-1.166156 -0.013967 0.440206 6
-1.138092 0.006703 0.438347 6
-1.084948 -0.013708 0.426529 6
-1.053856 0.002817 0.423606 6
-1.011622 0.002024 0.416397 6
-0.952093 -0.024387 0.402705 6
-0.920589 -0.006853 0.399895 6
-0.890621 0.013052 0.397689 6
-0.835008 -0.003857 0.386030 6
-0.869515 0.107604 0.407512 3
-0.838131 0.124561 0.404695 3
-0.812052 0.148848 0.403810 3
-0.804488 0.197509 0.409461 3
-0.822935 0.278796 0.424060 2
-0.824371 0.336085 0.432451 2
-0.803797 0.364546 0.433121 2
-0.799959 0.413147 0.439431 2
-0.815912 0.484347 0.452233 2
-0.824889 0.545413 0.462453 2
-0.804427 0.571088 0.462794 2
-0.805996 0.621415 0.470287 2
-0.811038 0.674450 0.478747 2
-0.815442 0.725562 0.486839 2
-0.797218 0.751487 0.487628 2
-0.792215 0.791001 0.492540 2
-0.795149 0.837916 0.499821 2
-0.791826 0.877580 0.505050 2
-0.769579 0.897965 0.504432 2
-0.817707 0.986121 0.525040 2
-0.763739 0.975350 0.514793 2
-0.797777 1.047249 0.530783 2
-0.771208 1.062214 0.528724 2
-0.751630 1.083649 0.528744 2
-0.802754 1.166734 0.549145 2
-0.775880 1.180745 0.546928 2
-0.778679 1.219905 0.553165 2
-0.789929 1.265308 0.561680 2
-0.759256 1.276020 0.558403 2
-0.782097 1.329371 0.569958 2
-0.760015 1.346728 0.569052 2
-0.775951 1.393045 0.578488 2
-0.780715 1.430072 0.584781 2
-0.773638 1.457860 0.587834 2
-0.779083 1.494302 0.594166 2
-0.742718 1.500976 0.589460 2
-0.752737 1.539932 0.596910 2
-0.731893 1.557538 0.596308 2
-0.728291 1.586598 0.600148 2
-0.766354 1.642033 0.614512 2
-0.751884 1.663107 0.615462 2
-0.744380 1.688471 0.618161 2
-0.746527 1.719459 0.623231 2
-0.731246 1.739816 0.623974 2
-0.726321 1.766168 0.627254 2
0.806661 0.936181 0.261950 2
0.810760 0.982164 0.268404 2
-0.561091 1.763565 0.601271 2
-0.656889 1.843635 0.628465 2
-0.632220 1.859594 0.627136 2
-0.554586 1.849514 0.613604 2
-0.507036 1.855639 0.607238 2
-0.501005 1.882277 0.610471 2
-0.474082 1.899138 0.608975 2
-0.445501 1.915616 0.607175 2
-0.445356 1.944950 0.611765 2
-0.397702 1.953771 0.605857 2
-0.407190 1.987141 0.612579 2
-0.373577 2.002659 0.609898 2
-0.375511 2.032635 0.614949 2
-0.306847 2.035445 0.604920 2
0.830247 1.644499 0.369298 2
-0.060324 2.005795 0.562631 2
0.022344 2.008814 0.550535 2
0.091187 2.018062 0.541552 2
0.128702 2.038787 0.539186 2
0.179779 2.055820 0.534179 2
0.303839 2.051491 0.514662 2
0.347148 2.073325 0.511633 2
-1.316192 -0.899907 0.392883 7
-1.294745 -0.844497 0.396269 7
-1.282497 -0.770143 0.403629 7
-1.254922 -0.732753 0.403737 7
-1.218289 -0.715975 0.399723 7
-1.176269 -0.710514 0.393387 7
-1.146321 -0.679603 0.392332 7
-1.111929 -0.658221 0.389340 8
-1.193299 -0.410185 0.434603 8
-1.332336 -0.062663 0.502193 6
-1.276987 -0.093646 0.489071 6
-1.268190 -0.037469 0.494853 6
-1.214602 -0.062959 0.482762 6
-1.193999 -0.029013 0.483772 6
-1.162064 -0.015105 0.480352 6
-1.107548 -0.038668 0.468411 6
-1.078746 -0.018469 0.466352 6
-1.063933 0.023993 0.469478 6
-0.995398 -0.018440 0.452857 6
-0.963770 -0.001847 0.449924 6
-0.921617 -0.000865 0.443269 6
-0.880909 0.003033 0.437246 6
-0.844100 0.013218 0.432692 6
-0.797959 0.010729 0.424995 6
-0.833959 0.122291 0.445466 3
-0.825366 0.170063 0.450424 3
-0.809420 0.207052 0.452804 3
-0.779908 0.225848 0.450637 3
-0.792969 0.298781 0.462416 2
-0.785781 0.344496 0.467391 2
-0.760577 0.367294 0.466487 2
-0.790087 0.455433 0.482935 2
-0.749920 0.459344 0.477186 2
-0.803283 0.571369 0.500606 2
-0.798112 0.613961 0.505558 2
-0.766146 0.626146 0.502250 2
-0.763696 0.670647 0.507914 2
-0.763105 0.716237 0.514029 2
-0.761569 0.759919 0.519753 2
-0.781733 0.824899 0.531741 2
-0.751343 0.837611 0.528825 2
-0.781254 0.909840 0.543332 2
-0.748113 0.919443 0.539597 2
-0.778267 0.989231 0.553834 2
-0.757101 1.009675 0.553450 2
-0.737286 1.031388 0.553461 2
-0.726832 1.061429 0.556063 2
-0.740626 1.112296 0.565249 2
-0.725456 1.137273 0.566460 2
-0.749752 1.195200 0.578244 2
-0.766481 1.245491 0.587833 2
-0.729927 1.251751 0.583244 2
-0.768405 1.317830 0.598344 2
-0.730379 1.322980 0.593404 2
-0.771310 1.388622 0.608835 2
-0.727854 1.389841 0.602555 2
-0.745907 1.436624 0.611924 2
-0.712289 1.445574 0.608235 2
-0.742227 1.499400 0.620399 2
-0.735518 1.526866 0.623373 2
-0.702380 1.536409 0.619879 2
-0.721252 1.580533 0.629051 2
-0.721727 1.611928 0.633688 2
-0.701513 1.629936 0.633359 2
-0.753876 1.692659 0.650182 2
-0.730515 1.708144 0.649049 2
-0.723731 1.733629 0.651812 2
-0.741878 1.773261 0.660297 2
-0.714371 1.786472 0.658263 2
-0.568253 1.735029 0.629472 2
-0.583017 1.773151 0.637281 2
-0.565703 1.793799 0.637865 2
-0.540209 1.810386 0.636675 2
-0.524755 1.832302 0.637743 2
-0.514809 1.856976 0.640030 2
-0.497586 1.878149 0.640758 2
-0.499074 1.908107 0.645509 2
-0.448827 1.914440 0.639286 2
-0.435374 1.937837 0.640930 2
-0.398335 1.951205 0.637691 2
-0.396972 1.980010 0.641912 2
-0.335911 1.984447 0.633910 2
-0.357922 2.022694 0.642934 2
-0.105609 1.955398 0.596732 2
0.775980 1.660041 0.426007 2
0.767089 1.704408 0.434168 2
0.041445 1.998419 0.582615 2
0.055237 2.026343 0.585037 2
0.168512 2.021775 0.568345 2
0.190672 2.048264 0.569393 2
0.289434 2.051568 0.556017 2
0.351753 2.067514 0.549781 2
-1.306630 -0.909666 0.439262 7
-1.271663 -0.885871 0.436273 7
-1.256025 -0.818519 0.441543 7
-1.228255 -0.780584 0.441427 7
-1.212238 -0.718325 0.446090 7
-1.177259 -0.698159 0.442774 7
-1.122460 -0.718764 0.431493 7
-1.128592 -0.615504 0.444622 7
-1.143590 -0.498942 0.460767 8
-1.190514 -0.326055 0.488702 8
-1.285149 -0.071400 0.533955 6
-1.242833 -0.077020 0.526556 6
-1.243305 -0.005451 0.535145 6
-1.188996 -0.031632 0.523440 6
-1.161496 -0.010262 0.521664 6
-1.118071 -0.015546 0.514213 6
-1.065481 -0.034730 0.503678 6
-1.031603 -0.022478 0.499870 6
-0.980406 -0.036936 0.490164 6
-0.974758 0.019557 0.496131 6
-0.918144 -0.001636 0.484813 6
-0.875967 0.000007 0.478519 6
-0.836500 0.006313 0.473232 6
-0.795209 0.010658 0.467447 6
-0.827333 0.116640 0.485362 3
-0.818462 0.163983 0.489844 3
-0.773981 0.163273 0.483016 3
-0.762407 0.206017 0.486562 3
-0.792449 0.300690 0.502849 2
-0.749070 0.301239 0.496405 2
-0.737416 0.341265 0.499664 2
-0.747206 0.406190 0.509264 2
-0.725717 0.432817 0.509416 2
-0.728365 0.486968 0.516639 2
-0.731708 0.540654 0.523926 2
-0.752142 0.611970 0.535990 2
-0.715485 0.619603 0.531575 2
-0.725235 0.677026 0.540338 2
-0.722072 0.719649 0.545338 2
-0.707177 0.749510 0.547008 2
-0.716107 0.802907 0.555191 2
-0.737575 0.867400 0.566645 2
-0.730333 0.902631 0.570173 2
-0.715871 0.930534 0.571725 2
-0.708701 0.964955 0.575195 2
-0.716394 1.012380 0.582514 2
-0.734394 1.067990 0.592400 2
-0.702740 1.078987 0.589346 2
-0.715549 1.128428 0.597713 2
-0.721407 1.170972 0.604197 2
-0.726868 1.212383 0.610491 2
-0.694068 1.222208 0.607188 2
-0.710210 1.271151 0.616028 2
-0.705739 1.303079 0.619704 2
-0.702839 1.335803 0.623725 2
-0.722541 1.384890 0.633132 2
-0.736154 1.428450 0.640956 2
-0.699018 1.434943 0.636696 2
-0.726910 1.487476 0.647758 2
-0.694919 1.497795 0.644766 2
-0.694967 1.530049 0.649229 2
-0.696810 1.563055 0.654058 2
-0.663074 1.572767 0.650789 2
-0.713322 1.635752 0.666449 2
-0.655482 1.630567 0.657840 2
-0.671661 1.671057 0.665735 2
-0.682538 1.707637 0.672375 2
-0.683080 1.737641 0.676699 2
-0.644598 1.745362 0.672599 2
-0.644015 1.774552 0.676687 2
-0.583583 1.771323 0.668097 2
-0.554205 1.785566 0.666203 2
-0.549829 1.813021 0.669578 2
-0.506285 1.820715 0.664873 2
-0.463677 1.829627 0.660485 2
-0.493898 1.873896 0.670968 2
-0.467401 1.890871 0.669934 2
-0.454230 1.914218 0.671619 2
-0.439728 1.937022 0.673064 2
-0.384182 1.942313 0.666509 2
-0.375769 1.968285 0.669260 2
-0.354660 1.989049 0.669578 2
-0.160036 1.941605 0.636893 2
-0.051087 1.931115 0.621021 2
0.710043 1.680073 0.483437 2
0.736702 1.710811 0.484606 2
0.521465 1.826557 0.530306 2
0.090908 2.010422 0.614497 2
0.139748 2.027208 0.610709 2
0.217553 2.035610 0.601885 2
0.315407 2.039288 0.589749 2
0.385796 2.052969 0.582742 2
-1.268697 -0.880246 0.485351 7
-1.238862 -0.845555 0.484275 7
-1.225235 -0.775987 0.489500 7
-1.204251 -0.724856 0.491631 7
-1.152479 -0.739955 0.481877 7
-1.100479 -0.753901 0.472240 7
-1.122627 -0.618216 0.490265 7
-1.087420 -0.599890 0.486769 8
-1.134180 -0.425488 0.512843 8
-1.279739 -0.074516 0.573299 6
-1.241157 -0.073386 0.567501 6
-1.219767 -0.040999 0.567762 6
-1.189125 -0.025346 0.564810 6
-1.152730 -0.019378 0.559946 6
-1.124953 0.001428 0.558042 6
-1.074418 -0.014867 0.548641 6
-1.050013 0.011889 0.547950 6
-0.996583 -0.006867 0.537892 6
-0.953699 -0.007954 0.531398 6
-0.919136 0.004243 0.527647 6
-0.872267 -0.001211 0.520124 6
-0.841797 0.017870 0.517801 6
-0.784798 -0.000165 0.507422 6
-0.763934 0.033021 0.508151 6
-0.812336 0.158952 0.529529 3
-0.799770 0.200313 0.532444 3
-0.745838 0.187419 0.523197 3
-0.755241 0.256116 0.532464 2
-0.747817 0.302073 0.536720 2
-0.702639 0.301134 0.530180 2
-0.695214 0.346142 0.534374 2
-0.678644 0.379567 0.535945 2
-0.691724 0.446574 0.545658 2
-0.697923 0.504113 0.553315 2
-0.700390 0.556174 0.559824 2
-0.683551 0.586206 0.561052 2
-0.677155 0.627015 0.565036 2
-0.687126 0.684138 0.573260 2
-0.703457 0.746411 0.583002 2
-0.692613 0.779964 0.585569 2
-0.687714 0.818911 0.589626 2
-0.727859 0.900547 0.605037 2
-0.682799 0.899512 0.598798 2
-0.693017 0.950503 0.606444 2
-0.691424 0.989672 0.611062 2
-0.681793 1.021035 0.613655 2
-0.681954 1.060583 0.618597 2
0.298090 0.261212 0.388104 2
0.391118 0.237723 0.372802 2
0.435656 0.256271 0.369244 2
0.483170 0.272983 0.365091 2
-0.697024 1.259982 0.645718 2
-0.683817 1.285266 0.647215 2
-0.679626 1.317264 0.650771 2
-0.652831 1.332067 0.649189 2
-0.667079 1.377065 0.656858 2
-0.665537 1.409883 0.660922 2
-0.643948 1.428261 0.660537 2
-0.639323 1.458416 0.663895 2
-0.646247 1.495997 0.669730 2
-0.664178 1.540175 0.677862 2
-0.679627 1.581846 0.685365 2
-0.634144 1.584382 0.679928 2
-0.614867 1.603886 0.680101 2
-0.631275 1.645003 0.687708 2
-0.605942 1.660743 0.686647 2
-0.601125 1.688599 0.689826 2
-0.634232 1.737575 0.700652 2
-0.620436 1.759570 0.701945 2
-0.593816 1.774698 0.700714 2
-0.535587 1.773581 0.693331 2
-0.499547 1.784970 0.690451 2
-0.499963 1.815180 0.694718 2
-0.482479 1.836340 0.695531 2
-0.435771 1.843706 0.690829 2
-0.465062 1.887205 0.700572 2
-0.426977 1.899230 0.697624 2
-0.393415 1.913871 0.695621 2
-0.357839 1.928162 0.693341 2
-0.380430 1.967337 0.701726 2
-0.228500 1.934744 0.678606 2
-0.103195 1.915863 0.660717 2
0.058840 1.885412 0.636729 2
0.591339 1.719979 0.548381 2
0.556384 1.771636 0.560189 2
0.482993 1.835754 0.578474 2
0.182468 1.975382 0.635181 2
0.432675 1.926601 0.598022 2
0.250095 2.021091 0.633955 2
-1.266847 -0.872101 0.534578 7
-1.232167 -0.848825 0.531444 7
-1.232011 -0.749897 0.540901 7
-1.183780 -0.758152 0.532729 7
-1.139714 -0.756415 0.526188 7
-1.121553 -0.701011 0.528804 7
-1.072503 -0.708906 0.520641 7
-1.053965 -0.656198 0.523004 8
-1.086837 -0.507405 0.542488 8
-1.282750 -0.062012 0.615402 6
-1.239261 -0.070184 0.608164 6
-1.211011 -0.050212 0.605986 6
-1.182693 -0.030474 0.603803 6
-1.159035 -0.002927 0.603108 6
-1.107285 -0.022387 0.593648 6
-1.073655 -0.010826 0.589959 6
-1.043293 0.006226 0.587322 6
-0.976832 -0.032749 0.573859 6
-0.934698 -0.032266 0.567913 6
-0.924805 0.017061 0.571569 6
-0.876187 0.008681 0.563853 6
-0.849231 0.032439 0.562529 6
-0.792216 0.013991 0.552653 6
-0.743560 0.008607 0.545331 6
-0.693447 0.002351 0.537745 6
-0.761528 0.152921 0.562974 3
-0.754884 0.201919 0.567248 3
-0.717722 0.211221 0.563170 3
-0.732695 0.285694 0.573156 3
-0.674864 0.269575 0.563614 2
-0.655945 0.301346 0.564496 2
-0.663987 0.364279 0.572392 2
-0.674635 0.428637 0.580818 2
-0.643956 0.444924 0.578531 2
-0.675378 0.529907 0.592023 2
-0.372570 0.251192 0.521436 2
-0.287124 0.214535 0.506189 3
-0.273738 0.255194 0.508983 3
-0.212998 0.247016 0.500192 3
-0.166678 0.254591 0.495068 3
-0.075886 0.219301 0.479405 2
-0.076532 0.274375 0.485759 2
-0.028103 0.282127 0.480479 2
-0.026661 0.334138 0.486281 2
0.126289 0.247805 0.456987 2
0.192931 0.242711 0.448017 2
0.237906 0.257889 0.444162 2
-0.661304 1.081281 0.652954 2
-0.696711 1.149317 0.665382 2
-0.673072 1.167019 0.664562 2
-0.659192 1.192761 0.665926 2
-0.669582 1.237544 0.672571 2
-0.681475 1.282605 0.679457 2
-0.639242 1.285678 0.674696 2
-0.637460 1.319604 0.678615 2
-0.641703 1.357466 0.683766 2
-0.610047 1.369076 0.681394 2
-0.651345 1.432161 0.694148 2
-0.612941 1.438991 0.690422 2
-0.630073 1.483725 0.698055 2
-0.596355 1.494142 0.695379 2
-0.587107 1.520807 0.697663 2
-0.595289 1.558287 0.703392 2
-0.591639 1.587859 0.706747 2
-0.613715 1.632649 0.715079 2
-0.621158 1.667858 0.720496 2
-0.559270 1.662548 0.712645 2
-0.575736 1.702648 0.719785 2
-0.575363 1.732711 0.723692 2
-0.561999 1.755460 0.725167 2
-0.588290 1.799080 0.733961 2
-0.541653 1.804284 0.729352 2
-0.484524 1.805069 0.722981 2
-0.476085 1.830767 0.725497 2
-0.442034 1.844149 0.723477 2
-0.447680 1.876538 0.728531 2
-0.440407 1.902656 0.731300 2
-0.377762 1.904189 0.724520 2
-0.355079 1.924119 0.724760 2
-0.335749 1.945718 0.725626 2
-0.173030 1.909002 0.702476 2
-0.050614 1.891689 0.686529 2
0.009544 1.900862 0.681209 2
0.552251 1.730360 0.597363 2
0.500221 1.787770 0.611280 2
0.085797 1.971589 0.682992 2
0.246365 1.949581 0.662319 2
0.377181 1.940645 0.646807 2
-1.233600 -0.833808 0.581358 7
-1.211352 -0.784163 0.582291 7
-1.174543 -0.767261 0.578293 7
-1.157168 -0.709772 0.580696 7
-1.078435 -0.779089 0.563160 7
-1.037005 -0.770101 0.557911 7
-1.067160 -0.621747 0.575261 7
-1.029018 -0.608817 0.570908 8
-1.292894 -0.036370 0.659263 6
-1.235401 -0.070567 0.648044 6
-1.215513 -0.035950 0.648320 6
-1.188978 -0.013598 0.646592 6
-1.141965 -0.026105 0.638887 6
-1.098366 -0.031648 0.632319 6
-1.072068 -0.008146 0.630823 6
-1.027204 -0.014284 0.624090 6
-1.009597 0.022932 0.625109 6
-0.950641 -0.003425 0.614651 6
-0.894253 -0.024059 0.605105 6
-0.853396 -0.020387 0.599955 6
-0.825272 0.002149 0.598316 6
-0.774831 -0.006585 0.590783 6
-0.734307 -0.000522 0.586002 6
-0.693403 0.005657 0.581216 6
-0.638849 -0.005491 0.573011 6
-0.740999 0.186807 0.604910 3
-0.689151 0.177717 0.597322 3
-0.708171 0.257683 0.607601 2
-0.700035 0.302397 0.610966 2
-0.608173 0.246483 0.593746 2
-0.556063 0.240049 0.586516 2
-0.530964 0.265710 0.585934 2
-0.453899 0.232914 0.572988 2
-0.418764 0.248505 0.570201 2
-0.354247 0.232697 0.560607 3
-0.298400 0.227647 0.553219 3
-0.249414 0.230907 0.547563 3
-0.205017 0.239723 0.543078 3
-0.142373 0.230980 0.534581 3
-0.074240 0.218228 0.525036 3
-0.040305 0.239915 0.523271 3
-0.649358 0.868324 0.662813 2
-0.682879 0.941241 0.674608 2
-0.640457 0.943321 0.669833 2
-0.636197 0.980133 0.673333 2
-0.623628 1.009147 0.675039 2
-0.620752 1.046208 0.678782 2
-0.643068 1.103845 0.687739 2
-0.618822 1.121825 0.686958 2
-0.610408 1.152751 0.689464 2
-0.583477 1.168720 0.688205 2
-0.586940 1.208510 0.693115 2
-0.606069 1.259537 0.701099 2
-0.599076 1.290003 0.703820 2
-0.620383 1.340804 0.712074 2
-0.598268 1.359450 0.711793 2
-0.583736 1.383570 0.713017 2
-0.613202 1.437807 0.722653 2
-0.578250 1.447500 0.719982 2
-0.609159 1.501042 0.729744 2
-0.580013 1.514645 0.728223 2
-0.576579 1.544837 0.731507 2
-0.594366 1.587811 0.738651 2
-0.541914 1.587543 0.733014 2
-0.550313 1.624201 0.738430 2
-0.544396 1.652010 0.741256 2
-0.560554 1.692079 0.747968 2
-0.551406 1.717431 0.750195 2
-0.508427 1.724439 0.746589 2
-0.537828 1.770328 0.755495 2
-0.529097 1.795558 0.757824 2
-0.464465 1.792613 0.750770 2
-0.442754 1.811979 0.751051 2
-0.423883 1.832930 0.751855 2
-0.415281 1.858835 0.754383 2
-0.347009 1.857520 0.747268 2
-0.395918 1.909468 0.759139 2
-0.334668 1.912456 0.753358 2
-0.188254 1.880780 0.734365 2
-0.103014 1.877191 0.725338 2
-0.022367 1.877085 0.717272 2
0.042501 1.884621 0.711852 2
0.538346 1.731383 0.641493 2
0.503982 1.782189 0.651958 2
0.165158 1.939735 0.707397 2
0.379779 1.899773 0.680687 2
0.273547 1.970847 0.701163 2
-1.233493 -0.822360 0.630308 7
-1.213875 -0.767551 0.631606 7
-1.184371 -0.735680 0.629794 7
-1.148458 -0.717835 0.626044 7
-1.063616 -0.799329 0.607814 7
-1.036488 -0.761678 0.606906 7
-1.040493 -0.664636 0.614984 8
-1.034694 -0.589725 0.620020 8
-1.256459 -0.096916 0.689202 6
-1.236065 -0.062792 0.689107 6
-1.206232 -0.046094 0.686380 6
-1.178263 -0.026152 0.684199 6
-1.151871 -0.003650 0.682471 6
-1.110347 -0.006355 0.676721 6
-1.076911 0.004907 0.673215 6
-1.026541 -0.010324 0.665344 6
-0.987094 -0.007204 0.660451 6
-0.933583 -0.024746 0.652052 6
-0.914752 0.010772 0.652598 6
-0.873712 0.013341 0.647561 6
-0.797577 -0.033397 0.633913 6
-0.785811 0.012498 0.636349 6
-0.731917 -0.000247 0.628488 6
-0.674243 -0.016692 0.619873 6
-0.675677 0.046093 0.625529 6
-0.569462 -0.031419 0.605650 6
-0.684698 0.174729 0.637980 3
-0.669230 0.211860 0.639411 3
-0.660933 0.257123 0.642474 2
-0.616049 0.257944 0.637170 2
-0.555908 0.241798 0.628539 2
-0.509495 0.242886 0.623149 2
-0.447762 0.227643 0.614486 2
-0.399199 0.228415 0.608889 2
-0.349764 0.229162 0.603225 3
-0.302709 0.233365 0.598199 3
-0.636768 0.634340 0.674616 2
-0.629976 0.673608 0.677609 2
-0.616893 0.705955 0.679256 2
-0.611795 0.745764 0.682558 2
-0.611784 0.789815 0.686877 2
-0.588071 0.810700 0.686311 2
-0.621572 0.884589 0.697358 2
-0.609962 0.915598 0.699197 2
-0.619259 0.964893 0.705190 2
-0.586317 0.976311 0.702791 2
-0.616327 1.042035 0.712758 2
-0.614017 1.078985 0.716330 2
-0.576058 1.086054 0.713038 2
-0.612905 1.154078 0.724063 2
-0.555567 1.145860 0.717183 2
-0.590006 1.210009 0.727606 2
-0.541421 1.209455 0.722514 2
-0.542006 1.246456 0.726576 2
-0.546341 1.285649 0.731291 2
-0.557770 1.329279 0.737245 2
-0.559084 1.365001 0.741330 2
-0.513550 1.368063 0.737092 2
-0.544850 1.423597 0.746459 2
-0.525474 1.444454 0.746893 2
-0.532096 1.482168 0.751847 2
-0.506997 1.499272 0.751345 2
-0.544224 1.555128 0.761449 2
-0.520100 1.572535 0.761134 2
-0.514000 1.600849 0.763871 2
-0.533125 1.643538 0.770763 2
-0.522224 1.668404 0.772686 2
-0.491276 1.682124 0.771390 2
-0.498013 1.716641 0.776206 2
-0.505506 1.751064 0.781109 2
-0.494639 1.775522 0.783096 2
-0.477046 1.796554 0.784059 2
-0.441930 1.809104 0.782367 2
-0.391376 1.814799 0.778416 2
-0.373620 1.836741 0.779561 2
-0.394824 1.876583 0.786578 2
-0.349508 1.886101 0.783676 2
-0.247292 1.871764 0.772563 2
-0.181358 1.874790 0.767012 2
-0.096050 1.871097 0.758869 2
-0.056605 1.887360 0.757493 2
0.521684 1.695181 0.680440 2
0.509571 1.738054 0.687263 2
0.124784 1.916789 0.745364 2
0.221645 1.915818 0.736716 2
0.403019 1.887587 0.716966 2
-1.191202 -0.806003 0.673331 7
-1.166749 -0.762675 0.672786 7
-1.117680 -0.771665 0.665457 7
-1.052805 -0.811363 0.653980 7
-1.014117 -0.796526 0.649741 7
-1.012456 -0.709984 0.655358 7
-0.994707 -0.656882 0.656605 8
-1.253336 -0.095798 0.729250 6
-1.233082 -0.061637 0.728952 6
-1.204115 -0.043588 0.726436 6
-1.178634 -0.019567 0.724828 6
-1.149756 -0.001556 0.722399 6
-1.029929 -0.133566 0.697730 6
-1.067464 -0.005161 0.711706 6
-1.001275 -0.045265 0.700500 6
-0.971215 -0.027009 0.698095 6
-0.946906 0.000008 0.697086 6
-0.905807 0.001812 0.692185 6
-0.857116 -0.006673 0.685629 6
-0.815419 -0.004030 0.680799 6
-0.757217 -0.023679 0.672332 6
-0.724073 -0.007437 0.669644 6
-0.677521 -0.008939 0.664039 6
-0.613373 -0.032612 0.654682 6
-0.563352 -0.036280 0.648585 6
-0.520098 -0.030358 0.644074 6
-0.640649 0.178928 0.674670 3
-0.624935 0.215681 0.675867 3
-0.608630 0.251187 0.676935 2
-0.580974 0.272963 0.675642 2
-0.627920 0.380143 0.689767 2
-0.631101 0.434986 0.694722 2
-0.608425 0.460141 0.694378 2
-0.628917 0.531803 0.702724 2
-0.632369 0.583560 0.707559 2
-0.597835 0.594756 0.704850 2
-0.584390 0.627878 0.706335 2
-0.594837 0.684487 0.712448 2
-0.575209 0.710340 0.712713 2
-0.578009 0.757649 0.717270 2
-0.574177 0.797781 0.720529 2
-0.577592 0.843967 0.725118 2
-0.557036 0.867523 0.725221 2
-0.563094 0.914745 0.730245 2
-0.521055 0.919073 0.726464 2
-0.559591 0.993092 0.737321 2
-0.551862 1.026332 0.739755 2
-0.583126 1.091274 0.749094 2
-0.526174 1.083410 0.742817 2
-0.557247 1.146394 0.752014 2
-0.543804 1.173301 0.753411 2
-0.511175 1.185479 0.751546 2
-0.540975 1.244617 0.760338 2
-0.515919 1.262281 0.759807 2
-0.506481 1.291349 0.761931 2
-0.506579 1.326881 0.765638 2
-0.519812 1.370952 0.771472 2
-0.501513 1.392972 0.772146 2
-0.494005 1.422165 0.774589 2
-0.505624 1.463466 0.780080 2
-0.512031 1.500739 0.784702 2
-0.485601 1.517134 0.784169 2
-0.488294 1.551453 0.788203 2
-0.436745 1.553213 0.783914 2
-0.464721 1.601974 0.791822 2
-0.440086 1.619867 0.791739 2
-0.474137 1.670516 0.800446 2
-0.456798 1.692166 0.801478 2
-0.433239 1.710628 0.801645 2
-0.432375 1.741068 0.805150 2
-0.453399 1.782255 0.811782 2
-0.449667 1.810447 0.814843 2
-0.390009 1.811569 0.810076 2
-0.401265 1.847049 0.815309 2
-0.350739 1.853752 0.812028 2
-0.289652 1.856650 0.807454 2
-0.186276 1.842328 0.797370 2
-0.152212 1.859388 0.796795 2
-0.107351 1.872509 0.794897 2
-0.026521 1.871978 0.788448 2
0.437486 1.723869 0.732923 2
0.481594 1.744501 0.732157 2
0.169873 1.896495 0.776292 2
0.273717 1.893344 0.767846 2
0.262814 1.931850 0.773811 2
-1.143491 -0.801491 0.714970 7
-1.089927 -0.818967 0.706906 7
-1.090760 -0.724847 0.712323 7
-1.007806 -0.799542 0.697279 7
-0.954719 -0.812349 0.689695 7
-0.944798 -0.742424 0.692487 7
-0.955338 -0.637123 0.699999 8
-0.951935 -0.560713 0.704098 8
-1.184552 -0.071779 0.762345 6
-1.167823 -0.032250 0.762668 6
-1.150515 0.005358 0.762845 6
-1.127393 0.032542 0.761715 6
-1.059316 -0.013110 0.750676 6
-1.010740 -0.025310 0.744112 6
-0.980113 -0.008492 0.741561 6
-0.939097 -0.007285 0.736831 6
-0.880253 -0.031736 0.728405 6
-0.838613 -0.029409 0.723762 6
-0.801316 -0.020169 0.720119 6
-0.754340 -0.023945 0.714551 6
-0.698438 -0.038908 0.707268 6
-0.680848 -0.001144 0.707902 6
-0.604633 -0.040897 0.696752 6
-0.582063 -0.009220 0.696507 6
-0.519193 -0.028689 0.688327 6
-0.470508 -0.028953 0.683088 6
-0.601386 0.189391 0.712794 3
-0.588576 0.229415 0.714373 2
-0.608234 0.306639 0.722134 2
-0.570844 0.316554 0.719008 2
-0.578358 0.377328 0.724369 2
-0.548495 0.395553 0.722728 2
-0.556334 0.454647 0.728079 2
-0.564985 0.513244 0.733515 2
-0.560732 0.557099 0.736554 2
-0.546042 0.589544 0.737702 2
-0.558389 0.648651 0.743665 2
-0.541512 0.677761 0.744412 2
-0.551574 0.732547 0.749884 2
-0.539341 0.765115 0.751439 2
-0.569705 0.836731 0.760309 2
-0.534440 0.846963 0.757905 2
-0.535120 0.889677 0.761639 2
-0.524820 0.922068 0.763514 2
-0.488182 0.931572 0.761037 2
-0.491097 0.974821 0.765137 2
-0.478519 1.004566 0.766688 2
-0.495777 1.058166 0.773065 2
-0.506239 1.105231 0.778288 2
-0.479149 1.122245 0.777521 2
-0.467097 1.150958 0.779174 2
-0.500902 1.213673 0.787973 2
-0.469776 1.227398 0.786663 2
-0.470575 1.264385 0.790299 2
-0.480118 1.306981 0.795242 2
-0.465898 1.332487 0.796588 2
-0.483702 1.379487 0.802714 2
-0.436987 1.382991 0.799298 2
-0.460956 1.432983 0.806294 2
-0.439646 1.453268 0.806685 2
-0.426810 1.478955 0.808338 2
-0.442208 1.521679 0.814013 2
-0.431369 1.548060 0.815964 2
-0.429429 1.579502 0.819175 2
-0.427926 1.610876 0.822445 2
-0.403527 1.629239 0.822604 2
-0.397677 1.657918 0.825322 2
-0.401108 1.691321 0.829289 2
-0.417067 1.730796 0.834897 2
-0.434752 1.770442 0.840684 2
-0.397748 1.782383 0.839363 2
-0.373856 1.801223 0.839818 2
-0.361580 1.825794 0.841806 2
-0.341861 1.846961 0.842898 2
-0.255719 1.838653 0.835837 2
-0.218886 1.853502 0.835041 2
-0.141714 1.851828 0.829474 2
-0.102619 1.867338 0.828672 2
0.027150 1.847065 0.817273 2
0.390717 1.738153 0.778946 2
0.148414 1.866803 0.811515 2
0.221471 1.873700 0.807481 2
0.362289 1.857694 0.796028 2
-1.105843 -0.775895 0.759168 7
-1.039939 -0.817656 0.748919 7
-1.006754 -0.792209 0.745967 7
-0.962286 -0.788735 0.740629 7
-0.930375 -0.760948 0.738056 7
-0.876158 -0.774462 0.730816 7
-1.179338 -0.145110 0.798369 6
-0.912624 -0.542747 0.746708 8
-0.990827 -0.330164 0.766713 8
-1.153397 0.015801 0.803477 6
-1.120583 0.026672 0.800252 6
-1.058542 -0.009180 0.791262 6
-0.997940 -0.040497 0.782723 6
-0.955255 -0.042097 0.777850 6
-0.916595 -0.036756 0.773853 6
-0.869357 -0.043513 0.768286 6
-0.802435 -0.077706 0.759077 6
-0.803005 -0.013848 0.762793 6
-0.766388 -0.003448 0.759494 6
-0.704905 -0.026533 0.751652 6
-0.631819 -0.063361 0.741828 6
-0.581225 -0.068393 0.736297 6
-0.559876 -0.034761 0.736172 6
-0.518767 -0.026425 0.732528 6
-0.469666 -0.027372 0.727551 6
-0.448494 0.006469 0.727608 6
-0.413482 0.023502 0.725273 6
-0.535207 0.223427 0.750162 2
-0.522502 0.263021 0.751565 2
-0.528555 0.323028 0.756170 2
-0.501066 0.344772 0.755064 2
-0.521583 0.418361 0.762046 2
-0.494612 0.439819 0.761062 2
-0.488166 0.482663 0.763507 2
-0.507144 0.550671 0.770093 2
-0.518321 0.609215 0.775342 2
-0.492924 0.630602 0.774675 2
-0.481720 0.665717 0.776314 2
-0.501354 0.729482 0.782824 2
-0.446452 0.722789 0.777620 2
-0.480913 0.798338 0.786385 2
-0.490948 0.850189 0.791292 2
-0.486552 0.888374 0.793962 2
-0.461488 0.908312 0.793513 2
-0.476526 0.962075 0.799111 2
-0.460833 0.989384 0.800106 2
-0.467668 1.034755 0.804437 2
-0.418694 1.035107 0.800625 2
-0.446627 1.096086 0.808013 2
-0.465174 1.148487 0.813979 2
-0.436586 1.164608 0.813221 2
-0.445863 1.208730 0.817837 2
-0.459674 1.255305 0.823050 2
-0.432221 1.272004 0.822548 2
-0.406194 1.289978 0.822306 2
-0.432090 1.343203 0.829132 2
-0.403036 1.358973 0.828546 2
-0.427663 1.409796 0.835133 2
-0.380190 1.413883 0.832210 2
-0.392103 1.455617 0.837109 2
-0.400110 1.494257 0.841475 2
-0.388322 1.520547 0.843303 2
-0.390481 1.554854 0.846916 2
-0.366409 1.573841 0.847258 2
-0.361967 1.603974 0.850082 2
-0.368391 1.639765 0.854243 2
-0.384454 1.680171 0.859552 2
-0.395112 1.717055 0.864177 2
-0.359486 1.729935 0.863318 2
-0.345778 1.754196 0.865112 2
-0.365601 1.794659 0.870814 2
-0.342617 1.814217 0.871587 2
-0.321780 1.835014 0.872668 2
-0.268607 1.841544 0.870207 2
-0.180261 1.833681 0.864021 2
-0.143725 1.849566 0.863710 2
-0.090348 1.859043 0.861694 2
-0.007314 1.857512 0.856681 2
0.038494 1.872135 0.855800 2
0.173822 1.853444 0.845788 2
0.252326 1.858455 0.841952 2
-1.034760 -0.818276 0.796661 7
-1.034881 -0.727650 0.800024 7
-0.958225 -0.787538 0.788686 7
-0.916675 -0.778045 0.784177 7
-0.886802 -0.746701 0.781934 7
-1.203995 -0.094322 0.844184 6
-0.845021 -0.653985 0.780877 8
-0.878472 -0.516196 0.790290 8
-0.964064 -0.296031 0.808989 8
-1.039940 -0.100319 0.825638 6
-1.085583 0.039402 0.836638 6
-1.012795 -0.012155 0.826562 6
-0.959323 -0.031067 0.820046 6
-0.923287 -0.022116 0.816679 6
-0.860995 -0.051519 0.808862 6
-0.830256 -0.033251 0.806578 6
-0.759626 -0.071465 0.797594 6
-0.704242 -0.086127 0.791338 6
-0.690728 -0.042314 0.792182 6
-0.669496 -0.009668 0.791759 6
-0.613103 -0.023463 0.785607 6
-0.573504 -0.014290 0.782310 6
-0.512829 -0.031106 0.775698 6
-0.480764 -0.011063 0.773797 6
-0.463269 0.026762 0.774270 6
-0.393540 0.002056 0.766551 6
-0.335349 -0.007339 0.760793 6
-0.476456 0.212173 0.785997 2
-0.496042 0.288156 0.792178 2
-0.454031 0.294474 0.788921 2
-0.459225 0.352347 0.792877 2
-0.479505 0.424897 0.799063 2
-0.473134 0.467965 0.801231 2
-0.463087 0.506569 0.802862 2
-0.465230 0.556793 0.806285 2
-0.461013 0.599797 0.808772 2
-0.443417 0.629227 0.809342 2
-0.453386 0.684445 0.813864 2
-0.456358 0.732015 0.817367 2
-0.448232 0.768625 0.819305 2
-0.418983 0.785958 0.818332 2
-0.410165 0.821391 0.820229 2
-0.414635 0.867783 0.823948 2
-0.440974 0.931702 0.830600 2
-0.413728 0.949963 0.830026 2
-0.387465 0.969247 0.829645 2
-0.423336 1.037949 0.837473 2
-0.418455 1.073285 0.839917 2
-0.403234 1.100316 0.841040 2
-0.395114 1.132543 0.843104 2
-0.383018 1.161555 0.844686 2
-0.386592 1.201627 0.848256 2
-0.366891 1.224726 0.848936 2
-0.362976 1.258756 0.851601 2
-0.384593 1.309634 0.857377 2
-0.392379 1.350307 0.861440 2
-0.387401 1.382058 0.863967 2
-0.353190 1.394985 0.863068 2
-0.310803 1.403329 0.861302 2
-0.320907 1.444246 0.865697 2
-0.328091 1.482759 0.869740 2
-0.337169 1.521796 0.873984 2
-0.318695 1.544557 0.875135 2
-0.313009 1.574528 0.877749 2
-0.305618 1.603357 0.880198 2
-0.251291 1.607082 0.877604 2
-0.271314 1.650397 0.883088 2
-0.279496 1.686893 0.887281 2
-0.252664 1.705535 0.887813 2
-0.240617 1.731651 0.889943 2
-0.228941 1.757924 0.892150 2
-0.249922 1.799203 0.897679 2
-0.185445 1.801374 0.894685 2
-0.172646 1.827339 0.896928 2
-0.156717 1.851990 0.898912 2
-0.083046 1.852786 0.895438 2
0.352403 1.708919 0.858098 2
0.091884 1.847676 0.886530 2
0.174456 1.849487 0.882883 2
0.311850 1.832507 0.874513 2
-1.027589 -0.822895 0.844039 7
-0.995691 -0.795220 0.841126 7
-0.942890 -0.807922 0.834791 7
-0.916371 -0.770032 0.832899 7
-0.879924 -0.751090 0.829421 7
-0.842548 -0.733751 0.825857 7
-1.152867 -0.108531 0.878489 6
-1.166517 -0.016828 0.882825 6
-0.944579 -0.322513 0.849640 0
-0.949741 -0.242521 0.852815 0
-0.986382 -0.114591 0.860897 6
-0.995566 -0.034280 0.864607 6
-0.955439 -0.032301 0.860669 6
-0.908422 -0.039990 0.855755 6
-0.847929 -0.066448 0.848886 6
-0.817397 -0.047720 0.846667 6
-0.805650 -0.002309 0.847322 6
-0.735903 -0.038390 0.839366 6
-0.676081 -0.058704 0.833023 6
-0.629571 -0.059609 0.828754 6
-0.601778 -0.035128 0.827302 6
-0.567540 -0.018984 0.824975 6
-0.534649 -0.000882 0.822909 6
-0.479830 -0.009620 0.817794 6
-0.446591 0.008980 0.815836 6
-0.415494 0.030330 0.814246 6
-0.343817 0.004582 0.807088 6
-0.309262 0.023124 0.805194 6
-0.435396 0.221823 0.825319 2
-0.404162 0.241112 0.823844 2
-0.424583 0.316253 0.829377 2
-0.401404 0.343394 0.829051 2
-0.411044 0.404472 0.833114 2
-0.435841 0.479596 0.839143 2
-0.382157 0.474464 0.834912 2
-0.420675 0.560749 0.842687 2
-0.379365 0.568003 0.840173 2
-0.376774 0.612409 0.842659 2
-0.381112 0.662483 0.846022 2
-0.379372 0.706083 0.848621 2
-0.415602 0.782766 0.855914 2
-0.370765 0.786687 0.853210 2
-0.370768 0.829796 0.856046 2
-0.366854 0.868915 0.858415 2
-0.351070 0.897703 0.859383 2
-0.332806 0.924336 0.860098 2
-0.387815 1.008970 0.869423 2
-0.361287 1.027933 0.869191 2
-0.330443 1.043830 0.868529 2
-0.327356 1.080809 0.871093 2
-0.347926 1.134641 0.876331 2
-0.322709 1.154478 0.876432 2
-0.304521 1.179461 0.877372 2
-0.272079 1.194630 0.876805 2
-0.291930 1.245516 0.881965 2
-0.280572 1.274732 0.883754 2
-0.282136 1.312162 0.886944 2
-0.254180 1.330373 0.887053 2
-0.246789 1.361662 0.889362 2
-0.253084 1.401037 0.893097 2
-0.209934 1.410416 0.891827 2
-0.187932 1.432812 0.892782 2
-0.218374 1.485238 0.898984 2
-0.179688 1.498015 0.898373 2
-0.150967 1.516809 0.898826 2
-0.157776 1.554860 0.902747 2
-0.149640 1.584618 0.905257 2
-0.128128 1.607433 0.906555 2
-0.143455 1.648709 0.911302 2
-0.144091 1.682184 0.914695 2
-0.090848 1.689860 0.913279 2
-0.075385 1.715891 0.915342 2
-0.090235 1.755613 0.920097 2
-0.060945 1.775358 0.921041 2
-0.070741 1.812179 0.925382 2
-0.051722 1.836524 0.927312 2
0.031099 1.835201 0.924061 2
-0.989102 -0.890119 0.887001 7
-0.993670 -0.789868 0.889209 7
-0.970055 -0.747107 0.887417 7
-0.917500 -0.759384 0.881584 7
-0.848634 -0.799984 0.873554 7
-0.805413 -0.792167 0.869228 7
-0.772793 -0.765293 0.866455 7
-1.125656 -0.080735 0.916952 6
-1.115188 -0.031395 0.917027 6
-0.936571 -0.258294 0.894197 0
-1.005086 -0.079351 0.905169 6
-0.988180 -0.040909 0.904529 6
-0.944848 -0.043830 0.900389 6
-0.899905 -0.048270 0.896116 6
-0.849121 -0.060335 0.891157 6
-0.810167 -0.054030 0.887847 6
-0.763371 -0.058249 0.883589 6
-0.741361 -0.027102 0.882633 6
-0.694481 -0.030145 0.878524 6
-0.640562 -0.041601 0.873606 6
-0.607303 -0.024760 0.871414 6
-0.547688 -0.041463 0.865968 6
-0.529860 -0.004143 0.865868 6
-0.504376 0.023206 0.864859 6
-0.443971 0.008211 0.859595 6
-0.394971 0.008214 0.855847 6
-0.359668 0.025071 0.853864 6
-0.275936 -0.013009 0.846110 6
-0.251520 0.017677 0.845625 6
-0.165793 -0.019122 0.837907 6
-0.351889 0.239209 0.862423 2
-0.377830 0.319574 0.867863 2
-0.380034 0.373244 0.870509 2
-0.345077 0.388028 0.868883 2
-0.328693 0.421725 0.869455 2
-0.330892 0.473297 0.872175 2
-0.331618 0.522461 0.874737 2
-0.333755 0.572054 0.877467 2
-0.281412 0.570338 0.874186 2
-0.281728 0.617420 0.876784 2
-0.293220 0.673640 0.880607 2
-0.285837 0.712215 0.882389 2
-0.271697 0.744505 0.883478 2
-0.276626 0.792562 0.886622 2
-0.215255 0.785118 0.882831 2
-0.236251 0.845528 0.887712 2
-0.211803 0.868593 0.887899 2
-0.240925 0.933415 0.893595 2
-0.212922 0.953191 0.893496 2
-0.191396 0.978048 0.894113 2
-0.185656 1.014524 0.896345 2
-0.208771 1.071321 0.901419 2
-0.185921 1.094556 0.902021 2
-0.184188 1.132475 0.904703 2
-0.122843 1.129644 0.901767 2
-0.140802 1.180505 0.906390 2
-0.143364 1.220402 0.909568 2
-0.119277 1.242833 0.910319 2
-0.140484 1.293609 0.915231 2
-0.125983 1.321647 0.916925 2
-0.074696 1.327716 0.915422 2
-0.111501 1.386034 0.921723 2
-0.088532 1.408919 0.922817 2
-0.044776 1.420389 0.922212 2
-0.054519 1.461739 0.926209 2
-0.050437 1.495101 0.929059 2
-0.050306 1.530257 0.932258 2
-0.018341 1.548856 0.932912 2
-0.017539 1.583367 0.936133 2
-0.901021 -0.781561 0.927905 7
-0.849386 -0.790366 0.922666 7
-0.813310 -0.770203 0.919331 7
-0.768313 -0.765549 0.915031 7
-1.015742 -0.262036 0.944708 0
-1.087898 -0.071285 0.953957 6
-1.068333 -0.037476 0.952625 6
-0.885959 -0.264478 0.932712 0
-0.975689 -0.055510 0.944018 6
-0.917543 -0.080948 0.938492 6
-0.906433 -0.033938 0.938367 6
-0.841126 -0.067758 0.932200 6
-0.827544 -0.024852 0.931913 6
-0.786605 -0.021490 0.928631 6
-0.718438 -0.055148 0.922418 6
-0.667873 -0.062755 0.918250 6
-0.681461 0.016172 0.921181 6
-0.607512 -0.021355 0.914616 6
-0.572778 -0.006385 0.912406 6
-0.535385 0.005545 0.909983 6
-0.502823 0.023848 0.908151 6
-0.433018 -0.002622 0.902445 6
-0.405866 0.023341 0.901350 6
-0.320621 -0.018258 0.894248 6
-0.316970 0.035659 0.895761 6
-0.213631 -0.022983 0.887032 6
-0.142392 -0.043233 0.881765 6
-0.106120 -0.024083 0.880181 6
-0.049855 -0.025752 0.876662 6
0.010080 -0.030133 0.872887 6
-0.209804 0.251251 0.897009 2
-0.174567 0.268569 0.895686 2
-0.198783 0.344437 0.900252 2
-0.177140 0.374399 0.900358 2
-0.158322 0.406891 0.900794 2
-0.128653 0.429126 0.900251 2
-0.125983 0.476031 0.902329 2
-0.149852 0.545813 0.906920 2
-0.127071 0.573233 0.907166 2
-0.119668 0.613807 0.908886 2
-0.105582 0.648247 0.910033 2
-0.127255 0.711887 0.914453 2
-0.113592 0.745556 0.915701 2
-0.110944 0.787704 0.917970 2
-0.076630 0.804642 0.917493 2
-0.065703 0.839810 0.919127 2
-0.070143 0.886168 0.922121 2
-0.080292 0.935972 0.925614 2
-0.083444 0.979865 0.928524 2
-0.042179 0.991816 0.927763 2
-0.001375 1.004700 0.927140 2
-0.038857 1.071130 0.932968 2
-0.046093 1.115962 0.936323 2
0.013995 1.116394 0.934353 2
-0.864940 -0.840044 0.972932 7
-0.888350 -0.711402 0.975117 7
-0.827380 -0.737367 0.969440 7
-1.029543 -0.304119 0.988572 0
-0.997031 -0.287580 0.985702 0
-1.076105 -0.085242 0.993363 6
-1.054955 -0.053895 0.991676 6
-1.027956 -0.032423 0.989504 6
-1.015277 0.011299 0.988730 6
-0.935982 -0.047947 0.981818 6
-0.895342 -0.046067 0.978581 6
-0.860792 -0.034525 0.975977 6
-0.795390 -0.067063 0.970601 6
-0.767112 -0.045116 0.968722 6
-0.713859 -0.057756 0.964626 6
-0.692441 -0.025898 0.963513 6
-0.660555 -0.008357 0.961512 6
-0.609289 -0.015913 0.957832 6
-0.563723 -0.015035 0.954751 6
-0.536976 0.010279 0.953435 6
-0.462822 -0.022801 0.947971 6
-0.424316 -0.010723 0.945771 6
-0.377789 -0.007683 0.942945 6
-0.357402 0.026515 0.942492 6
-0.313235 0.033268 0.940035 6
-0.243809 0.012477 0.935485 6
-0.163678 -0.018316 0.930133 6
-0.102562 -0.026513 0.926532 6
-0.039994 -0.034931 0.922920 6
-0.038148 0.020902 0.924523 6
0.038759 -0.000620 0.919908 6
0.105666 -0.010313 0.916255 6
0.177055 -0.022957 0.912359 6
-0.046409 0.249186 0.932615 2
-0.013804 0.270893 0.931921 2
-0.009470 0.318974 0.933573 2
-0.006687 0.367711 0.935388 2
0.029559 0.385877 0.934608 2
0.508525 0.017695 0.899378 6
0.618632 -0.019365 0.893384 6
0.684096 -0.016233 0.891008 6
0.776826 -0.034412 0.886703 6
0.904137 -0.078544 0.879984 6
0.983724 -0.081755 0.877046 6
1.087315 -0.102107 0.872510 6
1.105347 -0.054933 0.874399 6
-0.835894 -0.798427 1.019069 7
-1.058408 -0.320127 1.034196 0
-1.056166 -0.251350 1.033450 0
-0.994065 -0.286306 1.028485 0
-0.988842 -0.224518 1.027681 0
-1.027878 -0.092538 1.030159 6
-1.020410 -0.039307 1.029357 6
-0.987065 -0.027863 1.026749 6
-0.987391 0.035330 1.026653 6
-0.873802 -0.073804 1.018349 6
-0.861863 -0.028667 1.017498 6
-0.801290 -0.054450 1.013184 6
-0.751955 -0.062574 1.009759 6
-0.726976 -0.035910 1.008172 6
-0.718533 0.012938 1.007850 6
-0.654049 -0.013707 1.003548 6
-0.602022 -0.022264 1.000226 6
-0.569826 -0.004307 0.998408 6
-0.531387 0.006009 0.996216 6
-0.481983 0.003330 0.993320 6
-0.433265 0.002466 0.990556 6
-0.402030 0.023212 0.989113 6
-0.351668 0.021895 0.986399 6
-0.301971 0.022307 0.983821 6
-0.222910 -0.009159 0.979286 6
-0.163250 -0.017226 0.976209 6
-0.112877 -0.014022 0.973873 6
-0.070614 -0.001380 0.972187 6
0.002874 -0.020533 0.968467 6
0.045304 -0.006377 0.966963 6
0.082459 0.013566 0.965906 6
0.162608 -0.008244 0.962074 6
0.219691 -0.006004 0.959898 6
0.321986 -0.045346 0.954871 6
0.372037 -0.033767 0.953400 6
0.433033 -0.031384 0.951331 6
0.490606 -0.024854 0.949602 6
0.546267 -0.015686 0.948112 6
0.602125 -0.005796 0.946727 6
0.705973 -0.035377 0.942486 6
0.764142 -0.024870 0.941231 6
0.874646 -0.055788 0.936923 6
0.990208 -0.088188 0.932508 6
1.037875 -0.065092 0.932335 6
1.052352 -0.016104 0.934231 6
-1.113798 -0.287752 1.081117 0
-1.099272 -0.240954 1.079052 0
-1.036197 -0.279423 1.074680 0
-1.026382 -0.225271 1.073009 0
-0.970085 -0.249694 1.069083 0
-0.922943 -0.257453 1.065672 0
-0.988469 -0.084957 1.068135 6
-0.951796 -0.077891 1.065436 6
-0.964574 0.005108 1.065393 6
-0.873110 -0.070295 1.059957 6
-0.823796 -0.080161 1.056789 6
-0.824652 -0.016799 1.056352 6
-0.757434 -0.050944 1.052368 6
-0.720338 -0.041378 1.050056 6
-0.708763 0.003166 1.049185 6
-0.657568 -0.005748 1.046263 6
-0.618277 0.002002 1.044052 6
-0.573682 0.003533 1.041630 6
-0.524306 -0.000123 1.039026 6
-0.475017 -0.002663 1.036504 6
-0.455816 0.032019 1.035674 6
-0.395210 0.017354 1.032704 6
-0.343136 0.014036 1.030273 6
-0.285706 0.005669 1.027643 6
-0.219049 -0.011750 1.024612 6
-0.172504 -0.005531 1.022737 6
-0.104089 -0.022079 1.019802 6
-0.041703 -0.030660 1.017283 6
0.016536 -0.033614 1.015080 6
0.068659 -0.029210 1.013293 6
0.085094 0.011667 1.013439 6
0.160898 -0.006000 1.010630 6
0.215625 -0.001692 1.009008 6
0.312196 -0.035871 1.005387 6
0.375468 -0.036857 1.003567 6
0.428038 -0.026934 1.002394 6
0.467879 -0.004864 1.001953 6
0.557873 -0.026239 0.999178 6
0.605251 -0.009053 0.998599 6
0.686033 -0.019356 0.996541 6
0.746746 -0.011432 0.995572 6
0.857274 -0.042825 0.992414 6
0.954618 -0.061215 0.990046 6
1.053123 -0.078422 0.987798 6
1.016951 0.009331 0.991759 6
-1.136250 -0.313766 1.126003 0
-1.125068 -0.260325 1.123552 0
-1.081361 -0.265848 1.120367 0
-1.049760 -0.249463 1.117563 0
-1.025910 -0.219901 1.115054 0
-0.967859 -0.247415 1.111635 0
-0.924111 -0.249827 1.108677 0
-0.904417 -0.213170 1.106518 0
-0.831266 -0.260328 1.102769 0
-0.827925 -0.198429 1.101286 0
-0.755485 -0.241345 1.097654 0
-0.802591 -0.106841 1.098033 6
-0.790383 -0.061886 1.096565 6
-0.775594 -0.021514 1.095102 6
-0.737376 -0.014202 1.092916 6
-0.682581 -0.028762 1.090220 6
-0.653966 -0.007242 1.088508 6
-0.624855 0.013641 1.086857 6
-0.579567 0.013944 1.084703 6
-0.531140 0.011158 1.082509 6
-0.495268 0.024743 1.080839 6
-0.421639 -0.006755 1.077880 6
-0.390292 0.013749 1.076526 6
-0.331116 0.002145 1.074241 6
-0.271925 -0.008126 1.072036 6
-0.221848 -0.006908 1.070244 6
-0.162897 -0.014500 1.068214 6
-0.098374 -0.026828 1.066069 6
-0.064416 -0.005477 1.065121 6
-0.018714 0.003936 1.063837 6
0.066350 -0.025963 1.061231 6
0.087673 0.009824 1.061006 6
0.161522 -0.006041 1.059002 6
0.220387 -0.005858 1.057634 6
0.299759 -0.023906 1.055653 6
0.344726 -0.008346 1.054984 6
0.410470 -0.011073 1.053700 6
0.506631 -0.039619 1.051493 6
0.530023 -0.002315 1.051884 6
0.622470 -0.024395 1.050057 6
0.680430 -0.015389 1.049513 6
0.766573 -0.028712 1.048168 6
0.874842 -0.058146 1.046256 6
0.938030 -0.049313 1.045945 6
0.979435 -0.022462 1.046449 6
-1.165163 -0.253124 1.168218 0
-1.127212 -0.249439 1.165303 0
-1.086786 -0.249528 1.162435 0
-1.057799 -0.229139 1.159680 0
-0.993977 -0.267636 1.156780 0
-0.979980 -0.221436 1.154268 0
-0.923321 -0.245393 1.151492 0
-0.890873 -0.229220 1.148984 0
-0.843746 -0.235698 1.146393 0
-0.794955 -0.243644 1.143831 0
-0.764911 -0.222518 1.141562 0
-0.704993 -0.245051 1.138968 0
-0.829674 -0.001510 1.139073 6
-0.767947 -0.028391 1.136663 6
-0.728213 -0.023155 1.134635 6
-0.712958 0.015730 1.133074 6
-0.675672 0.024771 1.131235 6
-0.625688 0.017798 1.129248 6
-0.558468 -0.010033 1.127014 6
-0.519436 -0.000743 1.125343 6
-0.482316 0.011404 1.123782 6
-0.435266 0.012025 1.122111 6
-0.374972 -0.002125 1.120258 6
-0.337577 0.011671 1.118919 6
-0.286135 0.009904 1.117385 6
-0.229264 0.003077 1.115821 6
-0.174792 0.000071 1.114383 6
-0.116938 -0.005495 1.112960 6
-0.065778 -0.002820 1.111754 6
-0.002735 -0.011542 1.110397 6
0.050842 -0.009316 1.109319 6
0.096587 0.001668 1.108490 6
0.176735 -0.020352 1.107066 6
0.220264 -0.005332 1.106471 6
0.305476 -0.029046 1.105148 6
0.348769 -0.012003 1.104759 6
0.431654 -0.030380 1.103698 6
0.461465 0.000357 1.103777 6
0.544198 -0.015114 1.102946 6
0.606571 -0.011339 1.102621 6
0.658525 0.002300 1.102606 6
0.740468 -0.008075 1.102156 6
0.827696 -0.021052 1.101746 6
0.916315 -0.033324 1.101453 6
-1.182977 -0.286440 1.212874 0
-1.143393 -0.285824 1.210082 0
-1.111871 -0.270008 1.207175 0
-1.071162 -0.270273 1.204518 0
-1.042753 -0.248609 1.201704 0
-1.012511 -0.230183 1.199010 0
-0.980318 -0.214978 1.196426 0
-0.920248 -0.244657 1.194257 0
-0.917096 -0.182299 1.191482 0
-0.843949 -0.230169 1.189519 0
-0.798745 -0.232889 1.187307 0
-0.758784 -0.226891 1.185110 0
-0.716493 -0.223712 1.182992 0
-0.672291 -0.222567 1.180947 0
-0.595645 -0.266124 1.179092 0
-0.702548 -0.054776 1.176676 6
-0.674329 -0.032919 1.174883 6
-0.632712 -0.028798 1.173194 6
-0.584417 -0.032667 1.171578 6
-0.576631 0.015996 1.170015 6
-0.535588 0.022154 1.168547 6
-0.454866 -0.019669 1.167108 6
-0.404714 -0.022317 1.165748 6
-0.406995 0.037854 1.164562 6
-0.341282 0.017995 1.163323 6
-0.268135 -0.008665 1.162122 6
-0.208593 -0.018252 1.161022 6
-0.164475 -0.009668 1.160046 6
-0.098434 -0.023977 1.159072 6
-0.064644 -0.002797 1.158299 6
-0.022824 0.010293 1.157585 6
0.048768 -0.006315 1.156831 6
0.079050 0.019871 1.156342 6
0.147948 0.008373 1.155775 6
0.211583 0.003408 1.155321 6
0.283564 -0.008156 1.154925 6
0.352853 -0.015698 1.154638 6
0.422573 -0.022221 1.154452 6
0.470450 -0.007890 1.154467 6
0.521574 0.004250 1.154574 6
0.613185 -0.017589 1.154616 6
0.648778 0.009764 1.155009 6
0.769384 -0.032869 1.155176 6
0.824538 -0.019578 1.155727 6
-1.224474 -0.274709 1.256921 0
-1.194759 -0.256725 1.253841 0
-1.161219 -0.245809 1.251024 0
-1.103282 -0.278375 1.249326 0
-1.080137 -0.247768 1.246175 0
-1.046894 -0.235047 1.243532 0
-0.988181 -0.264926 1.241899 0
-0.958746 -0.244606 1.239227 0
-0.915853 -0.246048 1.237092 0
-0.868745 -0.253312 1.235136 0
-0.815529 -0.268946 1.233396 0
-0.793040 -0.236559 1.230810 0
-0.768370 -0.207892 1.228396 0
-0.697998 -0.246126 1.227251 0
-0.653278 -0.245406 1.225473 0
-0.618725 -0.229637 1.223519 0
-0.575061 -0.226146 1.221847 0
-0.525842 -0.229417 1.220354 0
-0.598616 -0.070541 1.216497 6
-0.591825 -0.019949 1.214430 6
-0.576123 0.018243 1.212651 6
-0.522696 0.008785 1.211632 6
-0.471164 0.002849 1.210631 6
-0.399076 -0.026685 1.210010 6
-0.376566 0.004183 1.208673 6
-0.316982 -0.008073 1.207972 6
-0.264929 -0.010422 1.207224 6
-0.224933 0.001670 1.206381 6
-0.157958 -0.015243 1.205971 6
-0.124321 0.005194 1.205204 6
-0.050083 -0.016915 1.205022 6
-0.002824 -0.009334 1.204585 6
0.032083 0.011511 1.204092 6
0.104650 -0.004904 1.204116 6
0.177218 -0.019681 1.204218 6
0.216965 -0.001353 1.204047 6
0.289639 -0.013635 1.204325 6
0.362699 -0.024721 1.204697 6
0.419419 -0.019440 1.204993 6
0.485386 -0.021440 1.205486 6
0.500972 0.021853 1.205560 6
0.600088 -0.006931 1.206606 6
0.955966 -0.249611 1.210434 1
1.011593 -0.233896 1.211270 1
1.097354 -0.241825 1.212546 1
-1.237765 -0.316623 1.302489 0
-1.218790 -0.277668 1.298468 0
-1.187893 -0.261994 1.295455 0
-1.152789 -0.253970 1.292817 0
-1.096426 -0.283594 1.291635 0
-1.072932 -0.253673 1.288340 0
-1.046255 -0.229720 1.285363 0
-1.004265 -0.231714 1.283385 0
-0.946584 -0.258656 1.282324 0
-0.911643 -0.247130 1.280012 0
-0.856331 -0.267416 1.278832 0
-0.816562 -0.262087 1.276873 0
-0.770880 -0.265127 1.275259 0
-0.732694 -0.256115 1.273339 0
-0.690101 -0.253055 1.271686 0
-0.663485 -0.226500 1.269397 0
-0.615766 -0.229659 1.268101 0
-0.576621 -0.220098 1.266503 0
-0.524746 -0.227179 1.265479 0
-0.500695 -0.196414 1.263437 0
-0.482713 -0.158089 1.261282 0
-0.513081 -0.058931 1.257512 6
-0.505961 -0.009345 1.255270 6
-0.490771 0.029378 1.253437 6
-0.408073 -0.013485 1.253951 6
-0.355873 -0.017972 1.253484 6
-0.330616 0.009734 1.252228 6
-0.276035 0.004059 1.251971 6
-0.229591 0.008565 1.251530 6
-0.160676 -0.010720 1.251822 6
-0.129659 0.012299 1.251073 6
-0.058227 -0.007116 1.251561 6
-0.020614 0.010110 1.251167 6
0.026387 0.018179 1.251120 6
0.090566 0.009853 1.251621 6
0.163199 -0.005404 1.252421 6
0.234414 -0.017691 1.253256 6
0.260451 0.014105 1.253002 6
0.342572 -0.006028 1.254292 6
0.404952 -0.006392 1.255162 6
0.509565 -0.043227 1.257193 6
0.809259 -0.248102 1.264205 1
0.893176 -0.259010 1.265877 1
0.960402 -0.254148 1.267245 1
1.041474 -0.259569 1.269075 1
1.081401 -0.230052 1.270004 1
1.196930 -0.260398 1.272936 1
-1.293421 -0.274708 1.344488 0
-1.269514 -0.246387 1.340667 0
-1.232200 -0.244188 1.338295 0
-1.181841 -0.265706 1.337197 0
-1.145021 -0.260872 1.334826 0
-1.095914 -0.277455 1.333590 0
-1.080776 -0.233249 1.329445 0
-1.043746 -0.227603 1.327282 0
-0.993493 -0.243596 1.326230 0
-0.960710 -0.229525 1.323821 0
-0.916881 -0.233018 1.322321 0
-0.877842 -0.228061 1.320504 0
-0.855497 -0.196776 1.317570 0
-0.788000 -0.234216 1.317847 0
-0.746960 -0.230182 1.316316 0
-0.711975 -0.216705 1.314452 0
-0.627091 -0.274021 1.315796 0
-0.594646 -0.255044 1.313853 0
-0.554523 -0.246470 1.312460 0
-0.511481 -0.241295 1.311307 0
-0.499871 -0.194021 1.308444 0
-0.514064 -0.114299 1.304310 0
-0.475715 -0.103379 1.303217 0
-0.447619 -0.079240 1.301662 0
-0.398425 -0.080908 1.301292 6
-0.383084 -0.041049 1.299273 6
-0.366481 -0.003263 1.297443 6
-0.332014 0.013387 1.296599 6
-0.262644 -0.009244 1.297498 6
-0.214020 -0.007053 1.297459 6
-0.169703 0.000691 1.297290 6
-0.121296 0.004709 1.297383 6
-0.047895 -0.016768 1.298657 6
-0.019487 0.009999 1.298010 6
0.029083 0.016331 1.298336 6
0.094439 0.006726 1.299458 6
0.163082 -0.004720 1.300784 6
0.213867 0.002433 1.301437 6
0.272227 0.003256 1.302491 6
0.339920 -0.003494 1.304010 6
0.503267 -0.095707 1.309476 1
0.756850 -0.263782 1.318587 1
0.821973 -0.259663 1.320190 1
0.878515 -0.247051 1.321561 1
0.955180 -0.250553 1.323839 1
1.050099 -0.267685 1.326944 1
1.115721 -0.259053 1.329013 1
1.208736 -0.271152 1.332275 1
-1.320320 -0.288604 1.388824 0
-1.297245 -0.258573 1.384632 0
-1.259332 -0.258061 1.382455 0
-1.224592 -0.250835 1.379927 0
-1.180553 -0.260523 1.378553 0
-1.157635 -0.230629 1.374766 0
-1.095813 -0.270596 1.375426 0
-1.068963 -0.247169 1.372222 0
-1.037852 -0.231259 1.369580 0
-0.984679 -0.252150 1.369261 0
-0.953774 -0.234976 1.366719 0
-0.911523 -0.235940 1.365355 0
-0.846302 -0.272201 1.366165 0
-0.821893 -0.243381 1.363202 0
-0.779889 -0.241478 1.361922 0
-0.737385 -0.239595 1.360731 0
-0.704873 -0.222488 1.358750 0
-0.648017 -0.239866 1.358855 0
-0.592637 -0.253695 1.358839 0
-0.555539 -0.241144 1.357405 0
-0.519885 -0.226287 1.355939 0
-0.536481 -0.142337 1.350654 0
-0.536529 -0.082072 1.346831 0
-0.529608 -0.032054 1.343697 0
-0.462137 -0.058377 1.344981 0
-0.114621 -0.424714 1.365554 8
-0.090991 -0.388557 1.363510 8
-0.057580 -0.364253 1.362250 8
-0.028696 -0.334633 1.360805 8
0.074323 -0.389090 1.364237 8
-0.181453 -0.041551 1.344980 6
-0.165415 -0.002443 1.343296 6
-0.099456 -0.017315 1.344799 6
-0.087314 0.025927 1.343092 6
-0.029829 0.021731 1.344221 6
0.080092 -0.034500 1.348499 6
0.097790 0.004119 1.347406 6
0.419241 -0.254477 1.363908 1
0.424995 -0.199713 1.362199 1
0.454028 -0.167727 1.361950 1
0.427749 -0.084619 1.358733 1
0.464392 -0.060507 1.359173 1
0.522127 -0.054917 1.360884 1
0.818965 -0.257477 1.375736 1
0.878283 -0.247474 1.377645 1
0.939245 -0.237930 1.379753 1
1.029682 -0.251793 1.383556 1
1.090125 -0.239451 1.385859 1
1.178121 -0.248132 1.389750 1
1.271997 -0.259674 1.394068 1
-1.363973 -0.793448 1.488577 0
-1.295413 -0.857429 1.490853 0
-1.349396 -0.297549 1.432927 0
-1.341901 -0.235882 1.425977 0
-1.300483 -0.243667 1.424565 0
-1.251539 -0.265025 1.424267 0
-1.222797 -0.246402 1.420974 0
-1.194000 -0.227990 1.417799 0
-1.138032 -0.259019 1.418448 0
-1.104677 -0.247815 1.415990 0
-1.068456 -0.241346 1.413980 0
-1.030117 -0.238025 1.412293 0
-0.985443 -0.244677 1.411428 0
-0.940238 -0.251178 1.410634 0
-0.903878 -0.242500 1.408821 0
-0.855321 -0.252546 1.408459 0
-0.809346 -0.257451 1.407812 0
-0.778527 -0.238534 1.405545 0
-0.729280 -0.246798 1.405328 0
-0.698458 -0.227250 1.403218 0
-0.626757 -0.265726 1.405344 0
-0.585024 -0.260151 1.404428 0
-0.539428 -0.259231 1.403946 0
-0.556491 -0.173495 1.397563 0
-0.566112 -0.099935 1.392159 0
-0.538342 -0.076558 1.390412 0
-0.518239 -0.043509 1.388087 0
0.469244 -0.762994 1.442877 1
0.481303 -0.706504 1.439953 1
0.483654 -0.640515 1.436461 1
0.455030 -0.543193 1.430798 1
0.478818 -0.502365 1.429347 1
0.440854 -0.399276 1.423433 1
0.456774 -0.352402 1.421747 1
0.471491 -0.304912 1.420126 1
0.469084 -0.241571 1.417418 1
0.455281 -0.168649 1.414067 1
0.463905 -0.117964 1.412490 1
0.441929 -0.040200 1.408908 1
0.518670 -0.052086 1.412399 1
0.552490 -0.024837 1.412987 1
0.854455 -0.227638 1.432158 1
0.969521 -0.264246 1.438431 1
1.026201 -0.249899 1.440799 1
1.111878 -0.258276 1.445249 1
1.187910 -0.257284 1.449153 1
1.270268 -0.259867 1.453597 1
1.369694 -0.274006 1.459300 1
1.358464 1.279876 1.488463 1
1.312107 1.344309 1.487766 1
1.310666 1.390005 1.490486 1
1.223619 1.467640 1.486813 1
1.238417 1.505784 1.490915 1
1.365122 1.504041 1.503786 1
-1.374114 -0.755794 1.531260 0
-1.360844 -0.691245 1.522386 0
-1.355251 -0.611619 1.512284 0
-1.374692 -0.479372 1.497487 0
-1.352802 -0.442582 1.491771 0
-1.312806 -0.445255 1.489808 0
-1.361960 -0.262250 1.471014 0
-1.343629 -0.223636 1.465592 0
-1.302420 -0.231392 1.464469 0
-1.238173 -0.282720 1.467319 0
-1.199987 -0.281759 1.465553 0
-1.166786 -0.270901 1.463000 0
-1.119201 -0.285868 1.462819 0
-1.090556 -0.265885 1.459654 0
-1.054286 -0.259256 1.457760 0
-1.028070 -0.235077 1.454439 0
-0.983101 -0.242389 1.453950 0
-0.942399 -0.241701 1.452861 0
-0.890192 -0.258682 1.453385 0
-0.842741 -0.266776 1.453236 0
-0.815884 -0.242162 1.450388 0
-0.776019 -0.237313 1.449335 0
-0.734581 -0.234191 1.448531 0
-0.687971 -0.237879 1.448410 0
-0.627763 -0.259917 1.449948 0
-0.578555 -0.264988 1.450153 0
-0.580057 -0.199812 1.444517 0
-0.558186 -0.167568 1.441783 0
-0.579664 -0.078747 1.434365 0
-0.558579 -0.047295 1.431912 0
-0.535533 -0.018673 1.429806 0
0.493046 -0.787285 1.502009 1
0.515808 -0.742222 1.499710 1
0.498309 -0.654528 1.493807 1
0.495819 -0.584630 1.489555 1
0.491229 -0.513942 1.485329 1
0.483877 -0.441859 1.481069 1
0.484437 -0.379108 1.477732 1
0.509729 -0.341638 1.476777 1
0.524161 -0.293957 1.475012 1
0.471717 -0.183868 1.467598 1
0.479191 -0.132011 1.465602 1
0.503796 -0.096440 1.465230 1
0.499481 -0.035237 1.462542 1
0.570022 -0.040589 1.466318 1
0.882464 -0.252310 1.490375 1
0.863558 -0.175729 1.486760 1
0.871454 -0.122844 1.485543 1
0.922478 -0.105637 1.488021 1
0.971048 -0.085801 1.490417 1
0.979033 -0.033629 1.489636 1
0.956976 0.041002 1.486575 1
1.003439 0.062588 1.489207 1
1.008037 0.115652 1.488597 1
0.993054 0.182272 1.486563 1
1.040185 0.203586 1.489650 1
1.050587 0.251084 1.489930 1
1.004744 0.336614 1.485860 1
1.027459 0.374291 1.487400 1
1.043876 0.416057 1.488570 1
1.025113 0.480275 1.487068 1
1.035249 0.525154 1.487999 1
1.029586 0.579469 1.487798 1
1.010430 0.641240 1.486643 1
1.057242 0.662831 1.490885 1
1.021800 0.732833 1.488668 1
0.984187 0.802679 1.486384 1
0.992183 0.845715 1.487876 1
1.005553 0.885526 1.489920 1
0.961752 0.955661 1.487450 1
0.952906 1.006085 1.487911 1
0.926623 1.064755 1.487051 1
0.920227 1.112484 1.487912 1
0.887016 1.172719 1.486664 1
0.865702 1.226149 1.486479 1
0.830798 1.285037 1.485246 1
0.850326 1.318100 1.488641 1
0.806432 1.379307 1.486812 1
0.821634 1.413706 1.490046 1
0.791091 1.467360 1.489491 1
0.823468 1.494233 1.494401 1
0.914240 1.498158 1.504496 1
1.013299 1.500478 1.515520 1
1.116865 1.502872 1.527164 1
1.258864 1.492981 1.542443 1
1.324564 1.513032 1.551222 1
-1.347250 -0.710497 1.569780 0
-1.353011 -0.604969 1.556133 0
-1.366721 -0.486162 1.541319 0
-1.374103 -0.386011 1.528698 0
-1.361575 -0.332002 1.521086 0
-1.379729 -0.216357 1.507247 0
-1.370268 -0.161101 1.499839 0
-1.365795 -0.097809 1.491750 0
-1.352557 -0.053591 1.485755 0
-1.291589 -0.100814 1.489173 0
-1.249411 -0.110616 1.488854 0
-1.214010 -0.107071 1.487271 0
-1.174554 -0.110177 1.486449 0
-1.113093 -0.150604 1.489451 0
-1.078356 -0.143308 1.487761 0
-1.030626 -0.157202 1.488279 0
-0.984559 -0.167106 1.488490 0
-0.918355 -0.208018 1.491867 0
-0.894323 -0.180611 1.488576 0
-0.839011 -0.201482 1.490162 0
-0.826646 -0.156241 1.485329 0
-0.760965 -0.190545 1.488447 0
-0.709066 -0.202841 1.489502 0
-0.644419 -0.231937 1.492320 0
-0.628033 -0.192044 1.488459 0
-0.594848 -0.175756 1.487036 0
-0.613410 -0.090042 1.478880 0
-0.582590 -0.071541 1.477458 0
-0.584711 -0.010492 1.471939 0
-0.545982 -0.002528 1.471777 0
0.530390 -0.826580 1.563506 1
0.517985 -0.742664 1.557048 1
0.519597 -0.675625 1.552412 1
0.500738 -0.588341 1.545782 1
0.528545 -0.551203 1.544444 1
0.535855 -0.493489 1.541080 1
0.486004 -0.379842 1.531902 1
0.521511 -0.352511 1.531928 1
0.525819 -0.295100 1.528864 1
0.485548 -0.196631 1.521434 1
0.527854 -0.176916 1.522629 1
0.534647 -0.124528 1.520370 1
0.548005 -0.078730 1.518935 1
0.552558 -0.025726 1.516785 1
0.516538 0.061368 1.510817 1
0.543563 0.093295 1.511213 1
0.508078 0.176961 1.505678 1
0.520805 0.219558 1.504990 1
0.510445 0.280166 1.502228 1
0.520969 0.323365 1.501619 1
0.513797 0.379730 1.499467 1
0.513206 0.430217 1.498087 1
0.480890 0.503455 1.493856 1
0.521630 0.522141 1.496648 1
0.517695 0.573098 1.495365 1
0.514691 0.622674 1.494303 1
0.516439 0.668313 1.493815 1
0.509462 0.719268 1.492639 1
0.489057 0.778304 1.490341 1
0.511964 0.808338 1.492193 1
0.503672 0.858147 1.491264 1
0.519128 0.892526 1.492658 1
0.517224 0.937327 1.492555 1
0.502622 0.989141 1.491385 1
0.523381 1.019551 1.493615 1
0.504485 1.072606 1.492265 1
0.507629 1.112473 1.493075 1
0.496519 1.159769 1.492660 1
0.515240 1.190460 1.495141 1
0.562666 1.206192 1.500432 1
0.519537 1.268892 1.497319 1
0.529458 1.303730 1.499297 1
0.556861 1.329896 1.503040 1
0.492740 1.399962 1.498188 1
0.523834 1.423915 1.502488 1
0.547686 1.451517 1.506215 1
0.498240 1.511840 1.502989 1
0.592731 1.508477 1.513765 1
0.673850 1.512494 1.523424 1
0.757369 1.516960 1.533500 1
0.863578 1.513812 1.545998 1
0.982752 1.507550 1.560002 1
-1.375027 -0.293909 1.558447 0
-1.366802 -0.233986 1.549831 0
-1.376304 -0.140388 1.537479 0
-1.360824 -0.099530 1.531369 0
-1.357755 -0.035914 1.522777 0
-1.378694 0.070817 1.509402 0
-1.370987 0.120773 1.502658 0
-1.361735 0.166440 1.496523 0
-1.356736 0.218317 1.489800 0
-1.333796 0.237624 1.486874 0
-1.302341 0.242326 1.485691 0
-1.258438 0.226803 1.486875 0
-1.215088 0.213434 1.487902 0
-1.173127 0.203449 1.488638 0
-1.131358 0.194807 1.489315 0
-1.075754 0.165989 1.492348 0
-1.053593 0.189142 1.489654 0
-1.023740 0.200759 1.488353 0
-0.969688 0.177696 1.491040 0
-0.942525 0.194258 1.489389 0
-0.906189 0.198158 1.489262 0
-0.883692 0.221463 1.487061 0
-0.856433 0.238245 1.485695 0
-0.803117 0.220954 1.488276 0
-0.779368 0.243076 1.486522 0
-0.725723 0.227366 1.489160 0
-0.691636 0.237221 1.489019 0
-0.653618 0.242692 1.489492 0
-0.637842 0.275293 1.486976 0
-0.584811 0.263802 1.489627 0
-0.573341 0.301349 1.486751 0
-0.521665 0.292892 1.489306 0
0.515541 -0.050049 1.567588 1
0.531207 -0.007458 1.566385 1
0.526146 0.052548 1.562998 1
0.540182 0.095424 1.561937 1
0.504426 0.179122 1.555479 1
0.486613 0.246339 1.551224 1
0.518088 0.272929 1.552584 1
0.518751 0.323825 1.550690 1
0.494080 0.393473 1.546187 1
0.516918 0.425889 1.547019 1
0.524822 0.469321 1.546364 1
0.511215 0.527923 1.543530 1
0.501649 0.582631 1.541282 1
0.524701 0.613682 1.542674 1
0.561083 0.635626 1.545613 1
0.521603 0.708897 1.540582 1
0.511090 0.761489 1.538781 1
0.515941 0.803345 1.538746 1
0.530642 0.838565 1.539881 1
0.527236 0.884870 1.539218 1
0.504796 0.942151 1.536660 1
0.532185 0.968744 1.539504 1
0.493072 1.034298 1.535418 1
0.522302 1.059449 1.538693 1
0.511307 1.107338 1.537816 1
0.505865 1.151503 1.537641 1
0.531289 1.178614 1.540859 1
0.501401 1.234868 1.538300 1
0.476367 1.287559 1.536356 1
0.519208 1.305340 1.541771 1
0.521888 1.343373 1.543004 1
0.501735 1.392024 1.541886 1
0.509302 1.426948 1.543850 1
0.523811 1.458545 1.546673 1
0.509965 1.502753 1.546526 1
0.612111 1.496013 1.559124 1
-1.377536 0.009727 1.555922 0
-1.376438 0.073666 1.546822 0
-1.367669 0.121381 1.539909 0
-1.377254 0.200738 1.529116 0
-1.394619 0.291096 1.517066 0
-1.378109 0.319843 1.512903 0
-1.362964 0.350311 1.508624 0
-1.385393 0.442358 1.496707 0
-1.349230 0.436217 1.497227 0
-1.363878 0.511702 1.487592 0
-1.334707 0.516488 1.486924 0
-1.303342 0.518314 1.486717 0
-1.262871 0.507016 1.488249 0
-1.229263 0.506831 1.488481 0
-1.208171 0.525289 1.486464 0
-1.161210 0.507094 1.489153 0
-1.136456 0.520993 1.487902 0
-1.110046 0.532741 1.487018 0
-1.079160 0.538705 1.486961 0
-1.037734 0.531280 1.488705 0
-1.020744 0.556185 1.486447 0
-0.961373 0.527357 1.491138 0
-0.959321 0.571228 1.486652 0
-0.906469 0.552414 1.490299 0
-0.897185 0.586951 1.487191 0
-0.855078 0.582464 1.489226 0
-0.851129 0.622721 1.485552 0
-0.808919 0.619008 1.487710 0
-0.772375 0.622414 1.489061 0
-0.738605 0.629432 1.490056 0
-0.713918 0.646633 1.489812 0
-0.711221 0.687035 1.486554 0
-0.654703 0.671235 1.490964 0
-0.665978 0.725382 1.486007 0
-0.628746 0.730114 1.487870 0
-0.604028 0.747650 1.488094 0
-0.569183 0.755614 1.489764 0
-0.559134 0.787413 1.488204 0
-0.544118 0.814262 1.487423 0
-0.509369 0.823021 1.489328 0
0.662383 -0.774035 -1.196370 7
0.627090 -0.863352 -1.185665 7
0.605193 -0.822156 -1.188362 7
0.579877 -0.814527 -1.187722 7
0.551578 -0.847178 -1.183122 7
0.526030 -0.845770 -1.182039 7
0.499189 -0.868692 -1.178621 7
0.477122 -0.793475 -1.185031 7
0.449947 -0.825446 -1.180889 7
0.423232 -0.862689 -1.176335 7
0.398322 -0.833771 -1.178381 7
0.372586 -0.844296 -1.176636 7
0.347023 -0.839437 -1.176483 7
0.321132 -0.811449 -1.178667 7
0.295808 -0.839129 -1.175508 7
0.269649 -0.820202 -1.176973 7
0.245118 -0.854093 -1.173389 7
0.219711 -0.856420 -1.172959 7
0.193264 -0.839750 -1.174454 7
0.167403 -0.837194 -1.174665 7
0.139931 -0.813924 -1.176970 7
0.112396 -0.795419 -1.178899 7
0.086127 -0.794721 -1.179189 7
0.061914 -0.814843 -1.177541 7
0.039700 -0.850111 -1.174500 7
0.011957 -0.834297 -1.176516 7
-0.009558 -0.869402 -1.173648 7
-0.037162 -0.856252 -1.175578 7
-0.065767 -0.838410 -1.178061 7
-0.094639 -0.821416 -1.180559 7
-0.117007 -0.845899 -1.179056 7
-0.143753 -0.843292 -1.180313 7
-0.176101 -0.811110 -1.184605 7
-0.198068 -0.835904 -1.183317 7
-0.219033 -0.863775 -1.181789 7
-0.245520 -0.863741 -1.183142 8
-0.277436 -0.839793 -1.187011 8
-0.306486 -0.830608 -1.189494 8
-0.331270 -0.840250 -1.190149 7
-0.358436 -0.840151 -1.191893 7
-0.385433 -0.841177 -1.193616 7
-0.421030 -0.810860 -1.198708 7
-0.449062 -0.810074 -1.200835 7
-0.461690 -0.862846 -1.197386 7
-0.496525 -0.838711 -1.202166 7
-0.525432 -0.835699 -1.204813 7
-0.559684 -0.816673 -1.209304 7
-0.575051 -0.856465 -1.207501 7
-0.609616 -0.837998 -1.212154 7
0.709977 -0.831577 -1.162100 7
0.682230 -0.845438 -1.159103 7
0.657001 -0.838983 -1.158060 7
0.632152 -0.828015 -1.157504 7
0.608235 -0.804982 -1.158109 7
0.583204 -0.790971 -1.157969 7
0.551647 -0.864606 -1.150091 7
0.527240 -0.846368 -1.150509 7
0.502059 -0.836858 -1.150225 7
0.475612 -0.852403 -1.147815 7
0.451461 -0.811699 -1.150424 7
0.424828 -0.837672 -1.147273 7
0.398769 -0.858470 -1.144669 7
0.373561 -0.821813 -1.147141 7
0.347701 -0.798182 -1.148553 7
0.322255 -0.858196 -1.142818 7
0.296551 -0.848187 -1.143218 7
0.271573 -0.870607 -1.140908 7
0.244369 -0.823028 -1.144698 7
0.219196 -0.838084 -1.143186 7
0.194549 -0.858047 -1.141337 7
0.167016 -0.828294 -1.143835 7
0.142652 -0.849125 -1.142076 7
0.116432 -0.843474 -1.142672 7
0.087722 -0.812410 -1.145533 7
0.066336 -0.859522 -1.141761 7
0.034984 -0.809258 -1.146446 7
0.009877 -0.819204 -1.146036 7
-0.016300 -0.819888 -1.146508 7
-0.041505 -0.827941 -1.146426 7
-0.066616 -0.836067 -1.146418 7
-0.092979 -0.835705 -1.147232 7
-0.118769 -0.839275 -1.147787 7
-0.146953 -0.829299 -1.149616 7
-0.175088 -0.821058 -1.151386 7
-0.202483 -0.817866 -1.152803 7
-0.220487 -0.861434 -1.150148 7
-0.249806 -0.848631 -1.152587 7
-0.277375 -0.845220 -1.154282 8
-0.294210 -0.888665 -1.151829 8
-0.320775 -0.888985 -1.153345 8
-0.361457 -0.833737 -1.160046 8
-0.388064 -0.836815 -1.161523 7
-0.412281 -0.848955 -1.162248 7
-0.443610 -0.835443 -1.165453 7
-0.467506 -0.848852 -1.166232 7
-0.504887 -0.817067 -1.171387 7
-0.525421 -0.841974 -1.171252 7
-0.556465 -0.833079 -1.174446 7
-0.584703 -0.833690 -1.176827 7
-0.614114 -0.831325 -1.179603 7
-0.634324 -0.855779 -1.179819 7
-0.663589 -0.854311 -1.182695 7
0.735560 -0.849555 -1.130664 7
0.712867 -0.823017 -1.131048 7
0.692492 -0.773269 -1.133353 7
0.661345 -0.814188 -1.128440 7
0.632249 -0.842669 -1.124643 7
0.608086 -0.823106 -1.124748 7
0.580596 -0.840394 -1.122029 7
0.557193 -0.806160 -1.123422 7
0.530747 -0.810611 -1.121870 7
0.502962 -0.841848 -1.118338 7
0.477939 -0.824895 -1.118609 7
0.452260 -0.818134 -1.118171 7
0.426093 -0.825658 -1.116722 7
0.399588 -0.860959 -1.113252 7
0.374713 -0.779547 -1.118701 7
0.348439 -0.812324 -1.115588 7
0.322447 -0.813086 -1.114976 7
0.297135 -0.849203 -1.111793 7
0.271615 -0.854813 -1.110984 7
0.245677 -0.846869 -1.111269 7
0.219810 -0.843949 -1.111257 7
0.192980 -0.825104 -1.112512 7
0.169892 -0.869746 -1.109110 7
0.143416 -0.857922 -1.110000 7
0.116513 -0.843991 -1.111128 7
0.090101 -0.838589 -1.111700 7
0.060030 -0.798570 -1.114941 7
0.038985 -0.847103 -1.111642 7
0.013428 -0.851027 -1.111757 7
-0.013581 -0.843600 -1.112806 7
-0.039930 -0.842369 -1.113472 7
-0.067249 -0.835184 -1.114671 7
-0.095661 -0.822355 -1.116384 7
-0.119508 -0.838803 -1.115958 7
-0.145984 -0.839020 -1.116846 7
-0.176963 -0.815398 -1.119651 7
-0.201624 -0.826926 -1.119844 7
-0.226668 -0.835975 -1.120305 7
-0.244769 -0.877123 -1.118338 7
-0.274832 -0.861713 -1.120863 7
-0.305994 -0.843323 -1.123725 7
-0.319164 -0.900945 -1.120643 8
-0.360554 -0.842871 -1.126860 7
-0.394659 -0.817351 -1.130606 7
-0.416118 -0.840623 -1.130502 7
-0.444153 -0.839423 -1.132468 7
-0.469210 -0.848998 -1.133637 7
-0.495277 -0.855080 -1.135178 7
-0.543188 -0.791171 -1.142700 7
-0.553574 -0.848381 -1.140119 7
-0.589028 -0.827060 -1.144286 7
-0.624949 -0.806139 -1.148554 7
-0.642142 -0.840109 -1.148148 7
-0.671239 -0.839823 -1.150816 7
-0.712444 -0.807585 -1.156449 7
0.764877 -0.841199 -1.101546 7
0.737242 -0.850865 -1.099044 7
0.717531 -0.800715 -1.100816 7
0.687901 -0.826513 -1.097348 7
0.664887 -0.796930 -1.097798 7
0.631466 -0.865888 -1.091577 7
0.608177 -0.838361 -1.092039 7
0.582863 -0.829824 -1.091277 7
0.557360 -0.822226 -1.090525 7
0.531745 -0.814698 -1.089842 7
0.502176 -0.877712 -1.084577 7
0.479399 -0.816931 -1.087561 7
0.452909 -0.828547 -1.085854 7
0.427295 -0.816178 -1.085792 7
0.400510 -0.857448 -1.082331 7
0.375164 -0.820752 -1.083993 7
0.349183 -0.852706 -1.081307 7
0.323247 -0.828933 -1.082279 7
0.297689 -0.848660 -1.080543 7
0.272182 -0.857650 -1.079573 7
0.245415 -0.828667 -1.081098 7
0.219805 -0.836528 -1.080355 7
0.192608 -0.813592 -1.081644 7
0.166562 -0.815397 -1.081439 7
0.142755 -0.847454 -1.079395 7
0.118452 -0.866864 -1.078229 7
0.094668 -0.888434 -1.077002 7
0.062469 -0.823717 -1.081334 7
0.040046 -0.858388 -1.079428 7
0.012394 -0.844645 -1.080681 7
-0.015389 -0.832298 -1.081928 7
-0.041917 -0.831102 -1.082543 7
-0.069889 -0.820756 -1.083827 7
-0.091141 -0.854748 -1.082330 7
-0.119938 -0.840171 -1.084049 7
-0.142761 -0.861480 -1.083516 7
-0.172506 -0.843825 -1.085605 7
-0.208139 -0.798199 -1.089631 7
-0.222646 -0.860407 -1.086626 7
-0.246440 -0.874223 -1.086882 7
-0.280274 -0.842496 -1.090268 7
-0.304987 -0.852891 -1.090919 7
-0.334545 -0.843017 -1.093026 7
-0.356074 -0.866102 -1.092964 7
-0.388859 -0.845117 -1.096017 7
-0.419953 -0.832323 -1.098609 7
-0.441219 -0.855693 -1.098756 7
-0.475643 -0.832963 -1.102244 7
-0.504414 -0.830913 -1.104367 7
-0.528979 -0.842949 -1.105563 7
-0.556278 -0.846253 -1.107474 7
-0.584755 -0.846308 -1.109715 7
-0.602744 -0.877455 -1.109719 7
-0.664358 -0.783721 -1.119241 7
-0.677355 -0.829615 -1.118309 7
-0.719321 -0.795967 -1.123573 7
-0.744304 -0.808870 -1.125342 7
-0.771313 -0.816477 -1.127610 7
0.798712 -0.806587 -1.073892 7
0.774545 -0.788916 -1.073064 7
0.738743 -0.853450 -1.067421 7
0.710420 -0.869868 -1.064761 7
0.687958 -0.840371 -1.064867 7
0.662700 -0.831727 -1.063818 7
0.635852 -0.837712 -1.062005 7
0.610670 -0.827286 -1.061203 7
0.585465 -0.815294 -1.060557 7
0.557735 -0.835223 -1.058202 7
0.531320 -0.840900 -1.056727 7
0.506439 -0.821070 -1.056733 7
0.480019 -0.827453 -1.055372 7
0.453549 -0.838962 -1.053814 7
0.427745 -0.834466 -1.053200 7
0.401561 -0.846927 -1.051751 7
0.376001 -0.816133 -1.052691 7
0.349892 -0.842763 -1.050641 7
0.323974 -0.837846 -1.050347 7
0.298582 -0.866347 -1.048363 7
0.271637 -0.820554 -1.050370 7
0.247444 -0.872217 -1.047326 7
0.220625 -0.846900 -1.048399 7
0.193908 -0.832234 -1.048986 7
0.166435 -0.810472 -1.050017 7
0.141257 -0.825633 -1.049193 7
0.115533 -0.831291 -1.048941 7
0.090697 -0.845858 -1.048298 7
0.060717 -0.807608 -1.050496 7
0.039301 -0.853385 -1.048366 7
0.012582 -0.848432 -1.048971 7
-0.014923 -0.838565 -1.049913 7
-0.036770 -0.871192 -1.048685 7
-0.066571 -0.846517 -1.050565 7
-0.089587 -0.868249 -1.050057 7
-0.116604 -0.864051 -1.051006 7
-0.143410 -0.861947 -1.051922 7
-0.172368 -0.848956 -1.053507 7
-0.199898 -0.844980 -1.054688 7
-0.238289 -0.788914 -1.058815 7
-0.246458 -0.879021 -1.054975 7
-0.289903 -0.804686 -1.060314 7
-0.309309 -0.839647 -1.059655 7
-0.336666 -0.839695 -1.061025 7
-0.367366 -0.827026 -1.063208 7
-0.385688 -0.862784 -1.062689 7
-0.415575 -0.854113 -1.064808 7
-0.448294 -0.836524 -1.067549 7
-0.472938 -0.848174 -1.068655 7
-0.504828 -0.835631 -1.071293 7
-0.532543 -0.837722 -1.073144 7
-0.554543 -0.857864 -1.073968 7
-0.587595 -0.844120 -1.076970 7
-0.633995 -0.792840 -1.082461 7
-0.654085 -0.819403 -1.083140 7
-0.682005 -0.823476 -1.085331 7
-0.721724 -0.796341 -1.089667 7
-0.741817 -0.822165 -1.090614 7
-0.761727 -0.847602 -1.091638 7
-0.800480 -0.825861 -1.095957 7
-0.828614 -0.831225 -1.098531 7
1.069098 0.011177 -1.092790 6
1.016297 -0.084490 -1.085074 6
0.984781 -0.070674 -1.083158 6
0.821360 -0.844448 -1.041916 7
0.795927 -0.837208 -1.040372 7
0.773456 -0.809589 -1.039891 7
0.742058 -0.842945 -1.036520 7
0.720635 -0.804696 -1.036669 7
0.688608 -0.849144 -1.032970 7
0.663883 -0.835777 -1.032078 7
0.641028 -0.802067 -1.032182 7
0.610709 -0.842877 -1.028946 7
0.586057 -0.825115 -1.028455 7
0.559915 -0.823595 -1.027300 7
0.530640 -0.870652 -1.024076 7
0.507815 -0.817424 -1.025348 7
0.478743 -0.878888 -1.021679 7
0.454178 -0.849452 -1.022038 7
0.429809 -0.793847 -1.023570 7
0.403478 -0.789752 -1.022956 7
0.376535 -0.844531 -1.019928 7
0.350606 -0.827279 -1.020024 7
0.324641 -0.840820 -1.018898 7
0.298177 -0.814048 -1.019527 7
0.272152 -0.821362 -1.018807 7
0.245722 -0.814394 -1.018752 7
0.221264 -0.853416 -1.016871 7
0.193954 -0.828277 -1.017711 7
0.168456 -0.838809 -1.017153 7
0.140388 -0.812320 -1.018192 7
0.114907 -0.823310 -1.017761 7
0.090159 -0.840453 -1.017149 7
0.066718 -0.867747 -1.016190 7
0.040775 -0.868373 -1.016402 7
0.011085 -0.838204 -1.017962 7
-0.012805 -0.857546 -1.017545 7
-0.045163 -0.813857 -1.019827 7
-0.069119 -0.832723 -1.019576 7
-0.089711 -0.871090 -1.018571 7
-0.118825 -0.854677 -1.019945 7
-0.140919 -0.880165 -1.019615 7
-0.173866 -0.845283 -1.021938 7
-0.207989 -0.808262 -1.024452 7
-0.224442 -0.861124 -1.023148 7
-0.249962 -0.867597 -1.023924 7
-0.283120 -0.840005 -1.026285 7
-0.306805 -0.855556 -1.026814 7
-0.335459 -0.850002 -1.028364 7
-0.364294 -0.844638 -1.029992 7
-0.387519 -0.861414 -1.030680 7
-0.418814 -0.847983 -1.032848 7
-0.454038 -0.822125 -1.035703 7
-0.475848 -0.844193 -1.036371 7
-0.498857 -0.861350 -1.037334 7
-0.532704 -0.843359 -1.040096 7
-0.551751 -0.872681 -1.040601 7
-0.598702 -0.817191 -1.045459 7
-0.619721 -0.840814 -1.046411 7
-0.657163 -0.817270 -1.049885 7
-0.682182 -0.829610 -1.051582 7
-0.709282 -0.836239 -1.053660 7
-0.738394 -0.837818 -1.056099 7
-0.780187 -0.807862 -1.060392 7
-0.820270 -0.784206 -1.064482 7
-0.818544 -0.862303 -1.062835 7
-0.859380 -0.837772 -1.067170 7
1.066222 -0.019011 -1.050159 6
0.884013 -0.807044 -1.015768 7
0.847623 -0.858941 -1.011679 7
0.828766 -0.812871 -1.011542 7
0.800251 -0.822704 -1.009288 7
0.769528 -0.849094 -1.006502 7
0.749126 -0.805667 -1.006400 7
0.719661 -0.826033 -1.004006 7
0.691064 -0.842882 -1.001835 7
0.663352 -0.855134 -0.999918 7
0.638694 -0.840244 -0.999029 7
0.614544 -0.817410 -0.998471 7
0.584862 -0.856170 -0.995882 7
0.560832 -0.829083 -0.995597 7
0.534884 -0.824273 -0.994627 7
0.507839 -0.838068 -0.993118 7
0.482535 -0.820433 -0.992705 7
0.456698 -0.808922 -0.992155 7
0.430054 -0.819200 -0.990980 7
0.403939 -0.812049 -0.990428 7
0.377423 -0.833898 -0.989041 7
0.351328 -0.806164 -0.989266 7
0.324870 -0.795251 -0.989035 7
0.299148 -0.836078 -0.987290 7
0.272952 -0.832568 -0.986975 7
0.247162 -0.842245 -0.986330 7
0.222140 -0.865124 -0.985359 7
0.195728 -0.855594 -0.985437 7
0.168447 -0.835740 -0.985892 7
0.143972 -0.859335 -0.985112 7
0.117240 -0.850914 -0.985363 7
0.089614 -0.834960 -0.985911 7
0.063872 -0.840890 -0.985872 7
0.037492 -0.840510 -0.986093 7
0.013260 -0.858482 -0.985830 7
-0.014386 -0.848001 -0.986497 7
-0.040747 -0.848617 -0.986900 7
-0.068675 -0.839071 -0.987687 7
-0.092570 -0.856623 -0.987711 7
-0.119093 -0.856976 -0.988336 7
-0.142937 -0.872866 -0.988545 7
-0.180377 -0.814776 -0.991162 7
-0.195969 -0.874122 -0.990132 7
-0.228893 -0.844223 -0.992021 7
-0.253561 -0.855766 -0.992651 7
-0.280004 -0.858911 -0.993627 7
-0.313931 -0.830418 -0.995733 7
-0.334281 -0.860149 -0.995968 7
-0.368362 -0.834129 -0.998169 7
-0.397085 -0.830793 -0.999683 7
-0.423763 -0.835644 -1.000990 7
-0.443011 -0.866783 -1.001427 7
-0.474166 -0.855831 -1.003446 7
-0.498382 -0.868897 -1.004669 7
-0.536217 -0.838304 -1.007605 7
-0.574695 -0.808144 -1.010649 7
-0.610175 -0.789285 -1.013378 7
-0.637979 -0.794306 -1.015269 7
-0.647191 -0.851856 -1.015109 7
-0.691591 -0.810482 -1.019043 7
-0.724728 -0.801854 -1.021752 7
-0.751859 -0.809748 -1.023855 7
-0.773014 -0.832782 -1.025373 7
-0.802227 -0.835406 -1.027859 7
-0.847068 -0.801142 -1.032128 7
-0.870575 -0.818767 -1.034130 7
-0.910232 -0.799439 -1.037965 7
-0.926618 -0.833093 -1.039350 7
0.902682 -0.862625 -0.984089 7
0.881404 -0.833135 -0.982917 7
0.853324 -0.839133 -0.980776 7
0.824536 -0.850508 -0.978569 7
0.798847 -0.844284 -0.976925 7
0.764718 -0.894118 -0.973871 7
0.744788 -0.849997 -0.973367 7
0.722924 -0.814783 -0.972659 7
0.692669 -0.843676 -0.970406 7
0.663970 -0.864035 -0.968461 7
0.639933 -0.843247 -0.967577 7
0.613896 -0.840206 -0.966334 7
0.589144 -0.821725 -0.965508 7
0.560954 -0.845134 -0.963802 7
0.536768 -0.814540 -0.963367 7
0.508984 -0.838423 -0.961805 7
0.485825 -0.773635 -0.962207 7
0.456138 -0.851071 -0.959669 7
0.430532 -0.835692 -0.959155 7
0.404310 -0.838313 -0.958335 7
0.377824 -0.873707 -0.956927 7
0.352047 -0.811204 -0.957544 7
0.325909 -0.839886 -0.956412 7
0.299518 -0.825329 -0.956200 7
0.273443 -0.832606 -0.955629 7
0.247329 -0.835512 -0.955211 7
0.222053 -0.855909 -0.954528 7
0.194261 -0.824240 -0.954904 7
0.169054 -0.842234 -0.954403 7
0.141988 -0.830904 -0.954525 7
0.117329 -0.851530 -0.954111 7
0.092772 -0.869539 -0.953814 7
0.063752 -0.840826 -0.954468 7
0.037365 -0.841082 -0.954642 7
0.012606 -0.855250 -0.954619 7
-0.013469 -0.857695 -0.954886 7
-0.047355 -0.804235 -0.956303 7
-0.062616 -0.883127 -0.955224 7
-0.088328 -0.887037 -0.955662 7
-0.121891 -0.844189 -0.957098 7
-0.152134 -0.825125 -0.958145 7
-0.176857 -0.837998 -0.958621 7
-0.206780 -0.823631 -0.959724 7
-0.230105 -0.843073 -0.960198 7
-0.255895 -0.849837 -0.961003 7
-0.288152 -0.827827 -0.962499 7
-0.310737 -0.849209 -0.963128 7
-0.341463 -0.836161 -0.964588 7
-0.370741 -0.830280 -0.965970 7
-0.403559 -0.811964 -0.967724 7
-0.424648 -0.838134 -0.968509 7
-0.453871 -0.834412 -0.970075 7
-0.483840 -0.828905 -0.971768 7
-0.505437 -0.851718 -0.972823 7
-0.541919 -0.826324 -0.975191 7
-0.569700 -0.829772 -0.976899 7
-0.612255 -0.789492 -0.979886 7
-0.642994 -0.786289 -0.981968 7
-0.669064 -0.796903 -0.983741 7
-0.683949 -0.837932 -0.984683 7
-0.725636 -0.806165 -0.987863 7
-0.739193 -0.849178 -0.988847 7
-0.789269 -0.798797 -0.992845 7
-0.824475 -0.787921 -0.995719 7
-0.858472 -0.781029 -0.998571 7
-0.867716 -0.832458 -0.999501 7
-0.909738 -0.807739 -1.003152 7
-0.928251 -0.836659 -1.004976 7
-0.951494 -0.854560 -1.007256 7
0.936168 -0.842609 -0.955010 7
0.915156 -0.811463 -0.953521 7
0.884050 -0.831145 -0.951161 7
0.862469 -0.800256 -0.949763 7
0.829871 -0.831386 -0.947381 7
0.803551 -0.827495 -0.945662 7
0.771374 -0.862535 -0.943420 7
0.746779 -0.849024 -0.941996 7
0.717235 -0.871693 -0.940119 7
0.696547 -0.825842 -0.939259 7
0.667294 -0.848833 -0.937527 7
0.644101 -0.817858 -0.936560 7
0.614041 -0.854304 -0.934821 7
0.589781 -0.830771 -0.933877 7
0.562444 -0.842783 -0.932582 7
0.535728 -0.849314 -0.931423 7
0.509678 -0.846742 -0.930430 7
0.484592 -0.823295 -0.929712 7
0.457998 -0.828641 -0.928763 7
0.431501 -0.834634 -0.927876 7
0.405756 -0.808216 -0.927358 7
0.379064 -0.827834 -0.926478 7
0.352736 -0.852336 -0.925631 7
0.326226 -0.802237 -0.925496 7
0.299864 -0.813000 -0.924898 7
0.274625 -0.858111 -0.924088 7
0.247852 -0.838495 -0.923877 7
0.222063 -0.848772 -0.923488 7
0.195726 -0.846019 -0.923269 7
0.168844 -0.836042 -0.923170 7
0.143030 -0.843500 -0.923000 7
0.116274 -0.838390 -0.922992 7
0.087537 -0.813313 -0.923205 7
0.067553 -0.879268 -0.922775 7
0.040389 -0.869980 -0.922994 7
0.014525 -0.873358 -0.923179 7
-0.011531 -0.875221 -0.923441 7
-0.041577 -0.848687 -0.924000 7
-0.066483 -0.860478 -0.924313 7
-0.095641 -0.844496 -0.924925 7
-0.118712 -0.867001 -0.925276 7
-0.143727 -0.876600 -0.925800 7
-0.173881 -0.858245 -0.926641 7
-0.202034 -0.852311 -0.927443 7
-0.229277 -0.851807 -0.928264 7
-0.260016 -0.835662 -0.929312 7
-0.282109 -0.859633 -0.930025 7
-0.310194 -0.856686 -0.931080 7
-0.345367 -0.825603 -0.932520 7
-0.364573 -0.859892 -0.933305 7
-0.392537 -0.859119 -0.934552 7
-0.421827 -0.854072 -0.935926 7
-0.455788 -0.833504 -0.937579 7
-0.478155 -0.854072 -0.938775 7
-0.504702 -0.860098 -0.940228 7
-0.554768 -0.791761 -0.942833 7
-0.568159 -0.840709 -0.943819 7
-0.606541 -0.812873 -0.946037 7
-0.638809 -0.804847 -0.948044 7
-0.663471 -0.819112 -0.949763 7
-0.703591 -0.791035 -0.952300 7
-0.729331 -0.803084 -0.954216 7
-0.771403 -0.773003 -0.957015 7
-0.774765 -0.841964 -0.957951 7
-0.814786 -0.818503 -0.960803 7
-0.834603 -0.844760 -0.962696 7
-0.878466 -0.814590 -0.965917 7
-0.907827 -0.819195 -0.968462 7
-0.948302 -0.799667 -0.971686 7
-0.957837 -0.848104 -0.973299 7
-0.995990 -0.834797 -0.976559 7
0.963124 -0.855642 -0.925191 7
0.945929 -0.807499 -0.923499 7
0.916367 -0.817294 -0.921395 7
0.882328 -0.852228 -0.919215 7
0.860908 -0.821244 -0.917533 7
0.827103 -0.860017 -0.915521 7
0.800347 -0.860053 -0.913802 7
0.775153 -0.850264 -0.912190 7
0.754075 -0.810611 -0.910734 7
0.727508 -0.807297 -0.909199 7
0.698667 -0.822508 -0.907685 7
0.668566 -0.851899 -0.906226 7
0.643178 -0.841750 -0.904915 7
0.619972 -0.806995 -0.903682 7
0.590609 -0.837454 -0.902453 7
0.564379 -0.834597 -0.901316 7
0.539389 -0.812755 -0.900235 7
0.511366 -0.837494 -0.899234 7
0.486151 -0.813552 -0.898264 7
0.459623 -0.812779 -0.897373 7
0.432194 -0.843159 -0.896595 7
0.406066 -0.836783 -0.895829 7
0.379950 -0.818636 -0.895096 7
0.353476 -0.822299 -0.894469 7
0.327000 -0.817617 -0.893886 7
0.300343 -0.807923 -0.893349 7
0.274107 -0.820891 -0.892938 7
0.247504 -0.817500 -0.892543 7
0.223058 -0.863178 -0.892364 7
0.195670 -0.840218 -0.892035 7
0.169431 -0.842235 -0.891847 7
0.145831 -0.879982 -0.891840 7
0.118110 -0.860030 -0.891704 7
0.091077 -0.852014 -0.891669 7
0.068883 -0.893428 -0.891862 7
0.037646 -0.847020 -0.891825 7
0.009771 -0.836166 -0.891970 7
-0.014466 -0.855287 -0.892275 7
-0.038394 -0.874474 -0.892639 7
-0.065920 -0.867572 -0.892986 7
-0.093965 -0.858682 -0.893393 7
-0.116943 -0.881367 -0.893948 7
-0.149463 -0.848447 -0.894427 7
-0.175600 -0.853398 -0.895067 7
-0.210339 -0.814724 -0.895686 7
-0.225967 -0.872504 -0.896550 7
-0.259461 -0.843113 -0.897330 7
-0.281234 -0.868500 -0.898252 7
-0.307700 -0.872397 -0.899209 7
-0.340678 -0.850001 -0.900223 7
-0.368082 -0.851595 -0.901321 7
-0.400715 -0.833894 -0.902497 7
-0.423652 -0.853107 -0.903724 7
-0.457330 -0.833914 -0.905058 7
-0.485572 -0.834881 -0.906445 7
-0.514194 -0.835050 -0.907905 7
-0.549228 -0.815455 -0.909498 7
-0.588454 -0.784769 -0.911226 7
-0.603647 -0.827782 -0.912764 7
-0.637962 -0.813716 -0.914597 7
-0.681991 -0.773851 -0.916665 7
-0.697248 -0.814880 -0.918375 7
-0.725568 -0.819692 -0.920355 7
-0.763342 -0.800519 -0.922589 7
-0.788231 -0.815084 -0.924656 7
-0.813967 -0.827371 -0.926805 7
-0.839927 -0.839039 -0.929025 7
-0.883035 -0.811081 -0.931739 7
-0.906592 -0.829073 -0.934054 7
-0.945984 -0.811978 -0.936867 7
-0.980232 -0.807291 -0.939636 7
-0.988875 -0.856956 -0.941719 7
1.000730 -0.822200 -0.895504 7
0.967976 -0.844934 -0.893459 7
0.938187 -0.856161 -0.891477 7
0.917796 -0.821984 -0.889391 7
0.889315 -0.827356 -0.887518 7
0.864753 -0.812120 -0.885606 7
0.826663 -0.874793 -0.884216 7
0.808088 -0.824528 -0.882214 7
0.776356 -0.855071 -0.880805 7
0.751509 -0.841843 -0.879153 7
0.725390 -0.836804 -0.877619 7
0.698183 -0.840323 -0.876220 7
0.670629 -0.847985 -0.874926 7
0.644692 -0.842054 -0.873569 7
0.616037 -0.864073 -0.872555 7
0.590399 -0.856198 -0.871304 7
0.563224 -0.867068 -0.870315 7
0.538187 -0.849505 -0.869070 7
0.513173 -0.826317 -0.867808 7
0.486973 -0.819309 -0.866786 7
0.457632 -0.890701 -0.866793 7
0.433754 -0.821872 -0.865124 7
0.407175 -0.824493 -0.864402 7
0.380469 -0.844425 -0.863970 7
0.354197 -0.818981 -0.862999 7
0.327686 -0.822918 -0.862477 7
0.301318 -0.831162 -0.862077 7
0.274788 -0.827974 -0.861579 7
0.247721 -0.811964 -0.860960 7
0.222545 -0.844517 -0.861087 7
0.196155 -0.844260 -0.860811 7
0.171414 -0.870160 -0.860971 7
0.145389 -0.872461 -0.860853 7
0.116477 -0.839917 -0.860289 7
0.092253 -0.865141 -0.860621 7
0.068483 -0.890601 -0.861016 7
0.034595 -0.821329 -0.860101 7
0.013602 -0.870084 -0.860951 7
-0.014860 -0.854883 -0.860939 7
-0.043003 -0.844499 -0.861059 7
-0.067797 -0.858316 -0.861583 7
-0.092921 -0.868856 -0.862120 7
-0.123024 -0.849125 -0.862296 7
-0.149255 -0.853725 -0.862872 7
-0.184386 -0.810948 -0.862874 7
-0.202943 -0.856738 -0.864126 7
-0.228974 -0.862654 -0.864903 7
-0.270845 -0.795538 -0.864815 7
-0.289362 -0.837652 -0.866182 7
-0.322255 -0.816021 -0.866820 7
-0.337367 -0.868720 -0.868409 7
-0.368993 -0.853457 -0.869255 7
-0.400738 -0.839377 -0.870192 7
-0.430486 -0.834034 -0.871300 7
-0.454883 -0.848240 -0.872679 7
-0.494410 -0.810988 -0.873617 7
-0.525951 -0.802734 -0.874926 7
-0.562770 -0.778884 -0.876180 7
-0.585878 -0.798923 -0.877888 7
-0.612750 -0.807117 -0.879559 7
-0.630260 -0.842228 -0.881481 7
-0.667150 -0.821792 -0.883082 7
-0.706071 -0.797552 -0.884764 7
-0.732699 -0.807555 -0.886727 7
-0.763213 -0.807603 -0.888711 7
-0.795978 -0.802585 -0.890757 7
-0.829061 -0.797605 -0.892891 7
-0.844572 -0.834956 -0.895203 7
-0.897982 -0.783695 -0.897426 7
-0.921893 -0.801781 -0.899849 7
-0.954056 -0.801475 -0.902335 7
-0.986864 -0.800377 -0.904911 7
-0.999580 -0.841827 -0.907482 7
-1.034502 -0.836673 -0.910215 7
1.026579 -0.841942 -0.865709 7
0.994956 -0.858679 -0.863833 7
0.967065 -0.860478 -0.861839 7
0.943376 -0.843004 -0.859630 7
0.924296 -0.801385 -0.857090 7
0.885119 -0.861230 -0.856191 7
0.856700 -0.868673 -0.854558 7
0.832462 -0.853120 -0.852600 7
0.808958 -0.831691 -0.850581 7
0.779218 -0.848962 -0.849315 7
0.752690 -0.846588 -0.847756 7
0.730989 -0.808217 -0.845556 7
0.701600 -0.826494 -0.844510 7
0.672352 -0.847087 -0.843590 7
0.646054 -0.843810 -0.842250 7
0.618655 -0.851927 -0.841211 7
0.594018 -0.830236 -0.839590 7
0.566161 -0.845753 -0.838834 7
0.538581 -0.862028 -0.838166 7
0.511575 -0.874188 -0.837473 7
0.489631 -0.787068 -0.834546 7
0.460914 -0.832103 -0.834726 7
0.434874 -0.815956 -0.833536 7
0.407661 -0.843344 -0.833442 7
0.381280 -0.842241 -0.832728 7
0.354900 -0.829381 -0.831782 7
0.327975 -0.777967 -0.829936 7
0.301810 -0.826919 -0.830626 7
0.274570 -0.801329 -0.829524 7
0.249302 -0.844270 -0.830198 7
0.223398 -0.855862 -0.830146 7
0.197123 -0.857116 -0.829892 7
0.170985 -0.860569 -0.829750 7
0.142733 -0.834861 -0.828920 7
0.119476 -0.875572 -0.829846 7
0.093346 -0.877364 -0.829833 7
0.064118 -0.848878 -0.829101 7
0.036180 -0.837268 -0.828859 7
0.011382 -0.853909 -0.829398 7
-0.017101 -0.840329 -0.829223 7
-0.044799 -0.834670 -0.829309 7
-0.073643 -0.822542 -0.829290 7
-0.097790 -0.841854 -0.830126 7
-0.123521 -0.850055 -0.830738 7
-0.146825 -0.871441 -0.831734 7
-0.172936 -0.876181 -0.832370 7
-0.211862 -0.816162 -0.831479 7
-0.234130 -0.842489 -0.832769 7
-0.254618 -0.875124 -0.834260 7
-0.278111 -0.892190 -0.835424 7
-0.305995 -0.889800 -0.836184 7
-0.343032 -0.851036 -0.836166 7
-0.377346 -0.826355 -0.836556 7
-0.408934 -0.814232 -0.837310 7
-0.425607 -0.857318 -0.839355 7
-0.462465 -0.827588 -0.839856 7
-0.499255 -0.800624 -0.840506 7
-0.523354 -0.817225 -0.842151 7
-0.564938 -0.778255 -0.842722 7
-0.579306 -0.825191 -0.845100 7
-0.626182 -0.773759 -0.845606 7
-0.639057 -0.823347 -0.848127 7
-0.659292 -0.850102 -0.850249 7
-0.703586 -0.810857 -0.851257 7
-0.735686 -0.806359 -0.852973 7
-0.770792 -0.794974 -0.854658 7
-0.795832 -0.809764 -0.856841 7
-0.825035 -0.814251 -0.858927 7
-0.863916 -0.796251 -0.860769 7
-0.885368 -0.819757 -0.863271 7
-0.920180 -0.812735 -0.865434 7
-0.933193 -0.854242 -0.868259 7
-0.979914 -0.822459 -0.870301 7
-1.009381 -0.828665 -0.872863 7
-1.030770 -0.851572 -0.875650 7
1.045669 -0.888098 -0.836861 7
1.027506 -0.849263 -0.833866 7
1.000825 -0.844479 -0.831718 7
0.972132 -0.848881 -0.829861 7
0.950994 -0.818473 -0.827168 7
0.922420 -0.822514 -0.825417 7
0.891705 -0.838636 -0.824064 7
0.864433 -0.838099 -0.822328 7
0.834280 -0.854718 -0.821141 7
0.814727 -0.808728 -0.818213 7
0.782925 -0.837405 -0.817507 7
0.757069 -0.829038 -0.815775 7
0.727526 -0.847488 -0.814915 7
0.698431 -0.865688 -0.814123 7
0.673061 -0.855021 -0.812495 7
0.649283 -0.827856 -0.810385 7
0.616838 -0.886097 -0.811082 7
0.595309 -0.831480 -0.808174 7
0.565866 -0.866625 -0.808265 7
0.540883 -0.846203 -0.806569 7
0.516309 -0.812651 -0.804470 7
0.489366 -0.815237 -0.803643 7
0.462028 -0.829620 -0.803281 7
0.435882 -0.813890 -0.801934 7
0.408969 -0.821660 -0.801459 7
0.382386 -0.813713 -0.800488 7
0.355674 -0.796810 -0.799249 7
0.328780 -0.798023 -0.798707 7
0.302002 -0.804967 -0.798428 7
0.275751 -0.827284 -0.798761 7
0.250090 -0.854728 -0.799342 7
0.222024 -0.818060 -0.797651 7
0.198106 -0.870298 -0.799252 7
0.173134 -0.891162 -0.799770 7
0.143633 -0.845547 -0.797905 7
0.120892 -0.892180 -0.799478 7
0.087979 -0.819751 -0.796732 7
0.065546 -0.863997 -0.798328 7
0.037930 -0.854676 -0.798009 7
0.009911 -0.843952 -0.797694 7
-0.016074 -0.850826 -0.798081 7
-0.037050 -0.892975 -0.799814 7
-0.073636 -0.825948 -0.797607 7
-0.100924 -0.825813 -0.797906 7
-0.123595 -0.853489 -0.799271 7
-0.148642 -0.865349 -0.800113 7
-0.182668 -0.828814 -0.799267 7
-0.201464 -0.873191 -0.801387 7
-0.239501 -0.821364 -0.800124 7
-0.262899 -0.841909 -0.801500 7
-0.286747 -0.859183 -0.802811 7
-0.324754 -0.815909 -0.802062 7
-0.341294 -0.863336 -0.804531 7
-0.371911 -0.852912 -0.805051 7
-0.407612 -0.824764 -0.805037 7
-0.443615 -0.798072 -0.805153 7
-0.472250 -0.799371 -0.806280 7
-0.502630 -0.795242 -0.807292 7
-0.542872 -0.759908 -0.807363 7
-0.566875 -0.778364 -0.809246 7
-0.579438 -0.830971 -0.812252 7
-0.607114 -0.836334 -0.813812 7
-0.640519 -0.825526 -0.814941 7
-0.682117 -0.793146 -0.815505 7
-0.705221 -0.813002 -0.817706 7
-0.747227 -0.782768 -0.818516 7
-0.784653 -0.766407 -0.819823 7
-0.789420 -0.832451 -0.823488 7
-0.842326 -0.779371 -0.823947 7
-0.854196 -0.826078 -0.827159 7
-0.891146 -0.813508 -0.828875 7
-0.912981 -0.835898 -0.831548 7
-0.944712 -0.836191 -0.833737 7
-0.981552 -0.826177 -0.835768 7
-1.008204 -0.838362 -0.838389 7
-1.025886 -0.868740 -0.841460 7
-1.052802 -0.880011 -0.844169 7
1.075402 -0.890903 -0.807427 7
1.055324 -0.860626 -0.804320 7
1.015113 -0.911599 -0.804101 7
0.993791 -0.886025 -0.801258 7
0.972249 -0.859676 -0.798413 7
0.951073 -0.829671 -0.795457 7
0.922044 -0.836062 -0.793904 7
0.897962 -0.817948 -0.791473 7
0.867263 -0.834594 -0.790442 7
0.839864 -0.834574 -0.788827 7
0.808596 -0.858715 -0.788243 7
0.784155 -0.842050 -0.786076 7
0.757944 -0.835942 -0.784385 7
0.726483 -0.868442 -0.784359 7
0.704074 -0.834099 -0.781592 7
0.678854 -0.818906 -0.779667 7
0.648477 -0.850123 -0.779789 7
0.624554 -0.821176 -0.777369 7
0.593492 -0.868423 -0.778332 7
0.568574 -0.848553 -0.776407 7
0.541265 -0.858778 -0.775866 7
0.516002 -0.837966 -0.773988 7
0.489238 -0.840181 -0.773194 7
0.462492 -0.843567 -0.772507 7
0.435955 -0.842742 -0.771682 7
0.409222 -0.851178 -0.771337 7
0.383072 -0.823309 -0.769361 7
0.356327 -0.832060 -0.769135 7
0.329174 -0.763555 -0.765342 7
0.303055 -0.833590 -0.768098 7
0.276210 -0.826053 -0.767265 7
0.249658 -0.831080 -0.767078 7
0.222422 -0.819296 -0.766145 7
0.197530 -0.854963 -0.767523 7
0.170836 -0.852383 -0.767133 7
0.147805 -0.900746 -0.769231 7
0.119213 -0.871507 -0.767671 7
0.091711 -0.860507 -0.767033 7
0.067268 -0.881986 -0.768004 7
0.040439 -0.878864 -0.767847 7
0.015539 -0.892611 -0.768551 7
-0.016577 -0.849603 -0.766587 7
-0.046342 -0.829696 -0.765785 7
-0.066860 -0.874488 -0.768129 7
-0.095265 -0.864915 -0.767927 7
-0.122543 -0.863568 -0.768171 7
-0.155748 -0.829727 -0.766928 7
-0.175912 -0.868955 -0.769203 7
-0.206629 -0.851643 -0.768856 7
-0.233315 -0.855789 -0.769577 7
-0.270253 -0.813057 -0.768161 7
-0.289960 -0.850075 -0.770528 7
-0.319968 -0.841221 -0.770812 7
-0.346238 -0.848645 -0.771906 7
-0.370420 -0.864083 -0.773419 7
-0.407150 -0.832051 -0.772826 7
-0.448427 -0.786505 -0.771703 7
-0.471922 -0.806347 -0.773594 7
-0.498518 -0.814962 -0.775033 7
-0.531704 -0.802189 -0.775587 7
-0.555330 -0.820713 -0.777575 7
-0.594620 -0.791069 -0.777534 7
-0.611980 -0.828263 -0.780433 7
-0.660972 -0.773535 -0.779486 7
-0.669141 -0.835573 -0.783521 7
-0.701407 -0.829796 -0.784769 7
-0.738655 -0.811861 -0.785596 7
-0.777891 -0.790403 -0.786371 7
-0.805097 -0.800405 -0.788479 7
-0.850858 -0.765758 -0.788913 7
-0.853571 -0.834437 -0.793403 7
-0.913103 -0.770318 -0.792900 7
-0.929683 -0.805693 -0.796216 7
-0.949220 -0.833477 -0.799283 7
-0.979528 -0.837652 -0.801551 7
-1.006500 -0.849112 -0.804140 7
-1.037272 -0.852936 -0.806532 7
-1.068664 -0.855942 -0.808969 7
1.103689 -0.899909 -0.778211 7
1.074886 -0.903603 -0.776336 7
1.046794 -0.905297 -0.774433 7
1.026041 -0.877429 -0.771211 7
0.999687 -0.871740 -0.769061 7
0.972819 -0.868366 -0.767071 7
0.941545 -0.885868 -0.766151 7
0.924673 -0.834734 -0.761927 7
0.894336 -0.848524 -0.760936 7
0.868027 -0.842373 -0.759012 7
0.840996 -0.840201 -0.757338 7
0.811342 -0.854258 -0.756554 7
0.787370 -0.833833 -0.754044 7
0.756427 -0.859290 -0.753979 7
0.732523 -0.836880 -0.751453 7
0.706660 -0.827139 -0.749637 7
0.677460 -0.845034 -0.749356 7
0.651987 -0.831703 -0.747445 7
0.625082 -0.831014 -0.746268 7
0.597451 -0.838990 -0.745619 7
0.570630 -0.839066 -0.744590 7
0.541966 -0.866574 -0.745144 7
0.516120 -0.855740 -0.743612 7
0.490087 -0.845072 -0.742134 7
0.464442 -0.820253 -0.739895 7
0.439105 -0.770607 -0.736276 7
0.410718 -0.821234 -0.738429 7
0.384166 -0.797807 -0.736395 7
0.357077 -0.817330 -0.736882 7
0.330122 -0.804181 -0.735533 7
0.302774 -0.782641 -0.733741 7
0.275936 -0.796673 -0.734067 7
0.250146 -0.833124 -0.735759 7
0.224749 -0.863387 -0.737148 7
0.198002 -0.858800 -0.736546 7
0.169556 -0.829447 -0.734534 7
0.143788 -0.844576 -0.735188 7
0.119301 -0.872121 -0.736627 7
0.092771 -0.872359 -0.736504 7
0.063825 -0.849348 -0.735056 7
0.040004 -0.876646 -0.736631 7
0.014963 -0.890029 -0.737433 7
-0.019498 -0.829900 -0.733940 7
-0.045028 -0.842069 -0.734770 7
-0.069995 -0.856897 -0.735806 7
-0.094148 -0.875497 -0.737112 7
-0.121992 -0.870667 -0.737087 7
-0.154434 -0.841187 -0.735667 7
-0.175911 -0.873243 -0.737910 7
-0.202593 -0.876443 -0.738509 7
-0.232886 -0.862517 -0.738160 7
-0.267776 -0.829300 -0.736748 7
-0.294524 -0.835097 -0.737660 7
-0.318803 -0.851257 -0.739221 7
-0.349219 -0.841916 -0.739363 7
-0.368845 -0.875540 -0.742020 7
-0.409840 -0.827581 -0.740073 7
-0.449098 -0.789846 -0.738788 7
-0.474179 -0.804354 -0.740522 7
-0.498534 -0.820813 -0.742413 7
-0.528224 -0.819462 -0.743360 7
-0.560045 -0.812056 -0.744033 7
-0.594958 -0.796286 -0.744312 7
-0.624664 -0.797296 -0.745576 7
-0.658157 -0.788003 -0.746345 7
-0.681025 -0.809146 -0.748811 7
-0.716425 -0.795998 -0.749503 7
-0.740692 -0.813165 -0.751862 7
-0.767463 -0.823591 -0.753917 7
-0.810739 -0.793282 -0.753933 7
-0.844844 -0.787161 -0.755278 7
-0.869359 -0.804362 -0.757869 7
-0.899316 -0.808851 -0.759876 7
-0.913502 -0.848745 -0.763679 7
-0.956036 -0.825785 -0.764467 7
-0.982985 -0.837485 -0.767005 7
-1.012748 -0.843399 -0.769329 7
-1.036516 -0.861708 -0.772287 7
-1.065888 -0.868722 -0.774781 7
-1.113608 -0.840694 -0.775781 7
1.129613 -0.917644 -0.749537 7
1.110382 -0.886089 -0.745755 7
1.082989 -0.883565 -0.743632 7
1.051972 -0.895636 -0.742401 7
1.014024 -0.937650 -0.742982 7
0.996883 -0.894789 -0.738686 7
0.981755 -0.839633 -0.733660 7
0.942987 -0.890361 -0.734973 7
0.923193 -0.853564 -0.731098 7
0.892945 -0.867357 -0.730328 7
0.875111 -0.815856 -0.725595 7
0.839923 -0.858422 -0.726717 7
0.812105 -0.861867 -0.725480 7
0.785469 -0.858645 -0.723876 7
0.757367 -0.865580 -0.722967 7
0.734625 -0.834590 -0.719678 7
0.704956 -0.854219 -0.719687 7
0.679606 -0.840599 -0.717597 7
0.651924 -0.846825 -0.716846 7
0.622830 -0.869250 -0.717217 7
0.598568 -0.842191 -0.714373 7
0.569165 -0.874568 -0.715520 7
0.542947 -0.870229 -0.714277 7
0.517905 -0.845263 -0.711690 7
0.490521 -0.858214 -0.711700 7
0.465465 -0.820262 -0.708307 7
0.437754 -0.845358 -0.709240 7
0.411449 -0.827755 -0.707311 7
0.384525 -0.834723 -0.707108 7
0.357746 -0.837943 -0.706698 7
0.331061 -0.845998 -0.706669 7
0.303864 -0.813869 -0.703906 7
0.276516 -0.799845 -0.702436 7
0.250016 -0.817687 -0.703227 7
0.223576 -0.829752 -0.703668 7
0.196882 -0.833365 -0.703568 7
0.173573 -0.889315 -0.707181 7
0.144207 -0.848733 -0.704082 7
0.119979 -0.879830 -0.706053 7
0.104541 -0.999958 -0.714330 5
0.087246 -1.079828 -0.719832 5
0.061027 -1.066536 -0.718833 5
0.034583 -1.053924 -0.717924 5
0.012759 -1.078880 -0.719700 5
-0.013853 -1.066791 -0.718915 5
-0.040487 -1.056552 -0.718305 5
-0.063023 -1.073609 -0.719655 5
-0.096546 -1.024427 -0.716403 5
-0.148541 -0.878126 -0.706405 7
-0.174153 -0.886803 -0.707318 7
-0.202159 -0.883080 -0.707412 7
-0.237275 -0.846176 -0.705245 7
-0.263409 -0.854123 -0.706255 7
-0.295293 -0.836756 -0.705558 7
-0.315702 -0.869371 -0.708371 7
-0.350057 -0.843832 -0.707215 7
-0.390779 -0.796193 -0.704605 7
-0.415078 -0.813672 -0.706524 7
-0.450281 -0.791353 -0.705776 7
-0.469078 -0.827791 -0.709079 7
-0.506136 -0.801348 -0.708169 7
-0.545314 -0.770352 -0.707024 7
-0.561415 -0.813883 -0.710937 7
-0.596575 -0.797628 -0.710901 7
-0.624235 -0.804863 -0.712486 7
-0.660830 -0.786831 -0.712463 7
-0.693662 -0.780775 -0.713295 7
-0.724356 -0.781337 -0.714621 7
-0.749037 -0.798063 -0.717046 7
-0.774866 -0.811522 -0.719307 7
-0.804996 -0.814228 -0.720936 7
-0.829142 -0.831689 -0.723550 7
-0.869063 -0.811989 -0.723895 7
-0.886446 -0.845121 -0.727584 7
-0.930315 -0.818434 -0.727646 7
-0.952050 -0.841506 -0.730815 7
-0.981176 -0.848444 -0.733056 7
-1.001337 -0.874100 -0.736463 7
-1.042999 -0.855892 -0.737341 7
-1.071389 -0.865187 -0.739901 7
-1.104020 -0.866514 -0.742066 7
-1.151912 -0.839750 -0.742723 7
1.147557 -0.962131 -0.722862 7
1.123317 -0.950163 -0.720101 7
1.101875 -0.927650 -0.716665 7
1.060625 -0.978697 -0.718270 7
1.051553 -0.908034 -0.711613 7
1.024292 -0.906378 -0.709713 7
0.989825 -0.935793 -0.710044 7
0.963174 -0.933563 -0.708222 7
0.946690 -0.884315 -0.703093 7
0.930158 -0.831054 -0.697669 7
0.911424 -0.784215 -0.692701 7
0.871845 -0.845433 -0.695625 7
0.843376 -0.850710 -0.694549 7
0.820783 -0.821674 -0.690987 7
0.789448 -0.845565 -0.691390 7
0.763444 -0.836713 -0.689409 7
0.732637 -0.862277 -0.690065 7
0.712994 -0.804324 -0.684452 7
0.682850 -0.826868 -0.684980 7
0.654827 -0.834275 -0.684413 7
0.629939 -0.811703 -0.681587 7
0.599687 -0.845359 -0.683147 7
0.571463 -0.862013 -0.683454 7
0.543967 -0.873298 -0.683398 7
0.517484 -0.871805 -0.682392 7
0.491291 -0.864514 -0.680972 7
0.465136 -0.853450 -0.679295 7
0.439764 -0.811211 -0.675182 7
0.412459 -0.821400 -0.675265 7
0.384926 -0.866658 -0.678198 7
0.358641 -0.774120 -0.670164 7
0.331405 -0.801951 -0.671797 7
0.304521 -0.819184 -0.672633 7
0.277934 -0.835591 -0.673453 7
0.250458 -0.818331 -0.671603 7
0.233117 -1.035200 -0.688742 5
0.209580 -1.062300 -0.690597 5
0.185060 -1.066309 -0.690625 5
0.159837 -1.060106 -0.689863 5
0.134534 -1.054807 -0.689215 5
0.114848 -1.111706 -0.693672 5
0.086048 -1.069127 -0.690069 5
0.061973 -1.076576 -0.690582 5
0.036690 -1.073316 -0.690262 5
0.012172 -1.076815 -0.690534 5
-0.010343 -1.094498 -0.692004 5
-0.036471 -1.086323 -0.691405 5
-0.064633 -1.066883 -0.689931 5
-0.092180 -1.053739 -0.689013 5
-0.107643 -1.109694 -0.693759 5
-0.142234 -1.059409 -0.689905 5
-0.170052 -1.048498 -0.689299 5
-0.191293 -1.070489 -0.691403 5
-0.213641 -1.085896 -0.693012 5
-0.295379 -0.841398 -0.673680 7
-0.322450 -0.846274 -0.674562 7
-0.352358 -0.839882 -0.674585 7
-0.393608 -0.790785 -0.671235 7
-0.424222 -0.785341 -0.671445 7
-0.460237 -0.761514 -0.670243 7
-0.472820 -0.820663 -0.675694 7
-0.510263 -0.793540 -0.674336 7
-0.537718 -0.800882 -0.675763 7
-0.571500 -0.788586 -0.675694 7
-0.590244 -0.822930 -0.679334 7
-0.633913 -0.782886 -0.677212 7
-0.662640 -0.788126 -0.678681 7
-0.698461 -0.774097 -0.678716 7
-0.727822 -0.778679 -0.680246 7
-0.751199 -0.799094 -0.683035 7
-0.784022 -0.795102 -0.684014 7
-0.822917 -0.776977 -0.683989 7
-0.843753 -0.803551 -0.687386 7
-0.876495 -0.801597 -0.688696 7
-0.887291 -0.850109 -0.693793 7
-0.927657 -0.831357 -0.693971 7
-0.966511 -0.817369 -0.694578 7
-0.992048 -0.832672 -0.697376 7
-1.036119 -0.809758 -0.697488 7
-1.048741 -0.851607 -0.702283 7
-1.085961 -0.843916 -0.703612 7
-1.116199 -0.850545 -0.706015 7
-1.135680 -0.877610 -0.709882 7
-1.193034 -0.834795 -0.709026 7
1.215617 -0.841161 -0.684249 7
1.149452 -0.965950 -0.691922 7
1.118552 -0.977112 -0.690917 7
1.101424 -0.939744 -0.686141 7
1.076284 -0.930150 -0.683580 7
1.055448 -0.903489 -0.679686 7
1.024188 -0.917577 -0.679108 7
1.002034 -0.894746 -0.675583 7
0.975631 -0.889238 -0.673504 7
0.949453 -0.882694 -0.671382 7
0.921293 -0.885671 -0.670093 7
0.900897 -0.849830 -0.665600 7
0.875974 -0.835047 -0.662893 7
0.848122 -0.835751 -0.661533 7
0.819215 -0.843402 -0.660812 7
0.791340 -0.845940 -0.659707 7
0.764317 -0.843542 -0.658223 7
0.737591 -0.839157 -0.656610 7
0.708080 -0.856464 -0.656929 7
0.676237 -0.896901 -0.659331 7
0.651986 -0.874942 -0.656322 7
0.625922 -0.867587 -0.654629 7
0.600183 -0.855518 -0.652556 7
0.574595 -0.839145 -0.650134 7
0.546358 -0.856745 -0.650779 7
0.521445 -0.825345 -0.647085 7
0.495280 -0.807315 -0.644618 7
0.465921 -0.859036 -0.648476 7
0.440201 -0.827545 -0.644874 7
0.413239 -0.825678 -0.643987 7
0.385852 -0.855439 -0.646018 7
0.359266 -0.810081 -0.641252 7
0.332106 -0.809532 -0.640606 7
0.305102 -0.819761 -0.640988 7
0.284271 -1.064221 -0.662919 5
0.259968 -1.077273 -0.663690 5
0.235640 -1.084586 -0.663975 5
0.210183 -1.068900 -0.662178 5
0.185395 -1.068820 -0.661856 5
0.162304 -1.092305 -0.663751 5
0.137526 -1.090441 -0.663342 5
0.107816 -1.036115 -0.658110 5
0.085924 -1.068944 -0.660989 5
0.063633 -1.092983 -0.663094 5
0.037644 -1.083199 -0.662100 5
0.011246 -1.072172 -0.661029 5
-0.013435 -1.075292 -0.661309 5
-0.038850 -1.073579 -0.661179 5
-0.064621 -1.070291 -0.660941 5
-0.097564 -1.025698 -0.656912 5
-0.120931 -1.039607 -0.658349 5
-0.140663 -1.071673 -0.661506 5
-0.171273 -1.046575 -0.659408 5
-0.200028 -1.033150 -0.658434 5
-0.222390 -1.050505 -0.660345 5
-0.245157 -1.065053 -0.662033 5
-0.264428 -1.093429 -0.665031 5
-0.367305 -0.785341 -0.637153 7
-0.393756 -0.795717 -0.638624 7
-0.425948 -0.784586 -0.638170 7
-0.456029 -0.782316 -0.638575 7
-0.481303 -0.797270 -0.640597 7
-0.509812 -0.800980 -0.641639 7
-0.548018 -0.773841 -0.639934 7
-0.572067 -0.792974 -0.642469 7
-0.615128 -0.754255 -0.639838 7
-0.631309 -0.796819 -0.644568 7
-0.667849 -0.779817 -0.644001 7
-0.696488 -0.786042 -0.645563 7
-0.709754 -0.833427 -0.650819 7
-0.762115 -0.777464 -0.646976 7
-0.781515 -0.808139 -0.650837 7
-0.823720 -0.781855 -0.649751 7
-0.846436 -0.804011 -0.652953 7
-0.869972 -0.823686 -0.655975 7
-0.900540 -0.827014 -0.657631 7
-0.923136 -0.848344 -0.660878 7
-0.955334 -0.848538 -0.662366 7
-0.985767 -0.853010 -0.664273 7
-1.021602 -0.846787 -0.665338 7
-1.069445 -0.817425 -0.664544 7
-1.089984 -0.843386 -0.668421 7
-1.120640 -0.849451 -0.670696 7
-1.153164 -0.852366 -0.672772 7
-1.167505 -0.888942 -0.677625 7
-1.217710 -0.860536 -0.677296 7
1.182627 -0.958806 -0.661875 7
1.142182 -1.000540 -0.663747 7
1.126433 -0.959886 -0.658313 7
1.103135 -0.943967 -0.655113 7
1.081186 -0.922289 -0.651416 7
1.049106 -0.938866 -0.651252 7
1.018666 -0.950673 -0.650715 7
1.002705 -0.902809 -0.644685 7
0.976807 -0.895078 -0.642402 7
0.945029 -0.914293 -0.642693 7
0.923307 -0.887220 -0.638667 7
0.901248 -0.859641 -0.634609 7
0.868344 -0.887705 -0.635892 7
0.842858 -0.877501 -0.633565 7
0.821714 -0.840645 -0.628695 7
0.796310 -0.826787 -0.626069 7
0.767845 -0.832353 -0.625367 7
0.738267 -0.847300 -0.625633 7
0.707407 -0.875047 -0.627212 7
0.684453 -0.841126 -0.622763 7
0.658779 -0.826691 -0.620261 7
0.629890 -0.842380 -0.620788 7
0.601855 -0.852457 -0.620807 7
0.576508 -0.831843 -0.617797 7
0.546317 -0.875021 -0.621228 7
0.522466 -0.827975 -0.615626 7
0.494661 -0.841151 -0.616127 7
0.466907 -0.859728 -0.617223 7
0.440071 -0.861334 -0.616642 7
0.413322 -0.861018 -0.615906 7
0.386692 -0.851639 -0.614282 7
0.359140 -1.068447 -0.635854 5
0.334580 -1.100899 -0.638639 5
0.309851 -1.083774 -0.636375 5
0.286203 -1.122451 -0.639888 5
0.260021 -1.067860 -0.633827 5
0.238060 -1.131921 -0.640043 5
0.212229 -1.102184 -0.636608 5
0.188328 -1.112102 -0.637308 5
0.164336 -1.118600 -0.637690 5
0.139594 -1.114954 -0.637055 5
0.112032 -1.082037 -0.633414 5
0.085333 -1.064197 -0.631370 5
0.062901 -1.088004 -0.633691 5
0.041179 -1.114292 -0.636309 5
0.014816 -1.101790 -0.634926 5
-0.013906 -1.074715 -0.632060 5
-0.033222 -1.113956 -0.636134 5
-0.064553 -1.074049 -0.632004 5
-0.088678 -1.081465 -0.632836 5
-0.121694 -1.039204 -0.628536 5
-0.144773 -1.054038 -0.630214 5
-0.167364 -1.070296 -0.632076 5
-0.191927 -1.076089 -0.632886 5
-0.207696 -1.121779 -0.637871 5
-0.247506 -1.059459 -0.631689 5
-0.271512 -1.068626 -0.632960 5
-0.299332 -1.062284 -0.632664 5
-0.323003 -1.072831 -0.634151 5
-0.351719 -1.064422 -0.633721 5
-0.453977 -0.795375 -0.606518 7
-0.495339 -0.754921 -0.602935 7
-0.512790 -0.797036 -0.607873 7
-0.552747 -0.764776 -0.605234 7
-0.570983 -0.802474 -0.609791 7
-0.614846 -0.761417 -0.606363 7
-0.641137 -0.774548 -0.608501 7
-0.664174 -0.796617 -0.611583 7
-0.705684 -0.767375 -0.609526 7
-0.727435 -0.792901 -0.613040 7
-0.743481 -0.832291 -0.617975 7
-0.782847 -0.811488 -0.616923 7
-0.829117 -0.775500 -0.614428 7
-0.836026 -0.835634 -0.621530 7
-0.875491 -0.817783 -0.620944 7
-0.894536 -0.847518 -0.625098 7
-0.925780 -0.849494 -0.626565 7
-0.959714 -0.846175 -0.627569 7
-0.995872 -0.838949 -0.628253 7
-1.013169 -0.871212 -0.632800 7
-1.062382 -0.838852 -0.631183 7
-1.071801 -0.886165 -0.637242 7
-1.122927 -0.852485 -0.635644 7
-1.154426 -0.857471 -0.637779 7
-1.195632 -0.845188 -0.638356 7
-1.233250 -0.840457 -0.639712 7
-1.263375 -0.849609 -0.642415 7
1.184380 -0.963282 -0.630816 7
1.149386 -0.986473 -0.631389 7
1.125975 -0.971717 -0.628182 7
1.103924 -0.951493 -0.624443 7
1.071367 -0.969444 -0.624647 7
1.052760 -0.935221 -0.619523 7
1.025447 -0.933860 -0.617818 7
0.992157 -0.958061 -0.618826 7
0.971774 -0.928186 -0.614222 7
0.946996 -0.916275 -0.611524 7
0.922123 -0.904193 -0.608838 7
0.891079 -0.922645 -0.609435 7
0.872476 -0.877259 -0.603255 7
0.845270 -0.875742 -0.601791 7
0.821834 -0.852106 -0.597977 7
0.789407 -0.882930 -0.600088 7
0.767926 -0.844535 -0.594729 7
0.743707 -0.821013 -0.591003 7
0.712474 -0.848917 -0.592937 7
0.683584 -0.862222 -0.593326 7
0.658318 -0.845276 -0.590422 7
0.631690 -0.839230 -0.588752 7
0.604340 -0.840436 -0.587922 7
0.577196 -0.839893 -0.586935 7
0.550887 -0.827944 -0.584710 7
0.519417 -0.897181 -0.591614 7
0.495901 -0.838450 -0.584217 7
0.469565 -0.820616 -0.581431 7
0.442116 -0.827181 -0.581426 7
0.410454 -1.025258 -0.603130 5
0.384000 -1.116821 -0.612887 5
0.359764 -1.079285 -0.608053 5
0.335141 -1.096882 -0.609511 5
0.310666 -1.102617 -0.609656 5
0.285555 -1.079120 -0.606498 5
0.261654 -1.103723 -0.608866 5
0.237774 -1.118573 -0.610157 5
0.212435 -1.101521 -0.607826 5
0.187446 -1.095543 -0.606794 5
0.164084 -1.113752 -0.608574 5
0.135991 -1.071089 -0.603387 5
0.113494 -1.098205 -0.606258 5
0.088089 -1.092182 -0.605349 5
0.063679 -1.096521 -0.605666 5
0.041267 -1.117020 -0.607880 5
0.010810 -1.073710 -0.602766 5
-0.010791 -1.099542 -0.605662 5
-0.039427 -1.075881 -0.602879 5
-0.065692 -1.070297 -0.602215 5
-0.087062 -1.094490 -0.605024 5
-0.114614 -1.082248 -0.603659 5
-0.141626 -1.074565 -0.602854 5
-0.173041 -1.046127 -0.599690 5
-0.192660 -1.076917 -0.603393 5
-0.223323 -1.055265 -0.601083 5
-0.243676 -1.080699 -0.604234 5
-0.270967 -1.075631 -0.603905 5
-0.304295 -1.047365 -0.600947 5
-0.327344 -1.061167 -0.602861 5
-0.355424 -1.055854 -0.602616 5
-0.383131 -1.052733 -0.602659 5
-0.486575 -0.790868 -0.573153 7
-0.524442 -0.764435 -0.570659 7
-0.553454 -0.768623 -0.571707 7
-0.582802 -0.772040 -0.572707 7
-0.602434 -0.804888 -0.577090 7
-0.653086 -0.746237 -0.571135 7
-0.659914 -0.815005 -0.579655 7
-0.702557 -0.782465 -0.576759 7
-0.731119 -0.789704 -0.578401 7
-0.762150 -0.790738 -0.579387 7
-0.778665 -0.828658 -0.584544 7
-0.824791 -0.792899 -0.581506 7
-0.849372 -0.810744 -0.584498 7
-0.867315 -0.843580 -0.589186 7
-0.909201 -0.821391 -0.587822 7
-0.933255 -0.840050 -0.591018 7
-0.966154 -0.839435 -0.592136 7
-0.987905 -0.862728 -0.595915 7
-1.029820 -0.844389 -0.595198 7
-1.060362 -0.850153 -0.597159 7
-1.105101 -0.828653 -0.596230 7
-1.124909 -0.856107 -0.600626 7
-1.158285 -0.857749 -0.602294 7
-1.182669 -0.876259 -0.605806 7
-1.228740 -0.856090 -0.605272 7
-1.274069 -0.838722 -0.605114 7
-1.285398 -0.880486 -0.611206 7
1.214244 -0.968227 -0.601552 7
1.181984 -0.981112 -0.601270 7
1.157616 -0.969123 -0.598247 7
1.132112 -0.960716 -0.595657 7
1.095205 -0.993033 -0.597732 7
1.077250 -0.957898 -0.592171 7
1.054723 -0.938168 -0.588382 7
1.027994 -0.934238 -0.586435 7
1.001710 -0.928627 -0.584329 7
0.974731 -0.926083 -0.582614 7
0.951258 -0.907764 -0.579090 7
0.922522 -0.913461 -0.578408 7
0.900041 -0.888717 -0.574178 7
0.872848 -0.886889 -0.572677 7
0.847154 -0.876981 -0.570252 7
0.816832 -0.893879 -0.571055 7
0.796383 -0.851207 -0.564773 7
0.766991 -0.863468 -0.565096 7
0.740705 -0.855652 -0.563044 7
0.715043 -0.842363 -0.560360 7
0.692522 -0.801192 -0.554318 7
0.657965 -0.862737 -0.560785 7
0.629183 -0.879116 -0.561817 7
0.600314 -0.900503 -0.563508 7
0.579999 -0.821744 -0.552958 7
0.551629 -0.835260 -0.553745 7
0.521669 -0.879394 -0.558352 7
0.495360 -0.870140 -0.556418 7
0.462285 -1.017218 -0.573879 5
0.435620 -1.055328 -0.577923 5
0.409969 -1.081778 -0.580567 5
0.385586 -1.052311 -0.576287 5
0.360476 -1.066222 -0.577439 5
0.335824 -1.113156 -0.582758 5
0.310803 -1.077912 -0.577833 5
0.285934 -1.076141 -0.577124 5
0.260852 -1.069616 -0.575847 5
0.237340 -1.101772 -0.579464 5
0.212167 -1.092062 -0.577849 5
0.187532 -1.094161 -0.577749 5
0.165952 -1.137840 -0.582929 5
0.136984 -1.082648 -0.575658 5
0.113578 -1.099484 -0.577512 5
0.089790 -1.109829 -0.578578 5
0.065777 -1.116812 -0.579250 5
0.040932 -1.116269 -0.578999 5
0.017860 -1.129727 -0.580553 5
-0.010287 -1.105855 -0.577406 5
-0.039717 -1.077034 -0.573658 5
-0.063022 -1.090220 -0.575269 5
-0.090469 -1.078099 -0.573700 5
-0.118098 -1.066749 -0.572260 5
-0.141508 -1.079156 -0.573864 5
-0.173523 -1.047926 -0.569966 5
-0.194903 -1.070586 -0.572933 5
-0.222650 -1.062812 -0.572074 5
-0.247225 -1.069922 -0.573133 5
-0.271072 -1.079924 -0.574589 5
-0.290613 -1.106723 -0.578201 5
-0.323997 -1.078959 -0.574943 5
-0.348857 -1.085127 -0.576009 5
-0.370753 -1.101830 -0.578436 5
-0.426161 -1.003255 -0.566361 5
-0.463073 -0.973011 -0.562953 5
-0.556829 -0.763956 -0.537105 7
-0.586888 -0.765623 -0.537827 7
-0.609379 -0.790348 -0.541478 7
-0.636215 -0.801515 -0.543462 7
-0.660962 -0.818425 -0.546198 7
-0.689788 -0.823781 -0.547526 7
-0.735502 -0.784694 -0.543359 7
-0.761857 -0.798154 -0.545781 7
-0.787078 -0.814277 -0.548568 7
-0.824065 -0.801478 -0.547812 7
-0.864646 -0.781427 -0.546212 7
-0.879429 -0.822489 -0.552186 7
-0.909003 -0.828806 -0.553915 7
-0.937354 -0.838070 -0.556046 7
-0.970157 -0.837955 -0.557071 7
-1.007579 -0.828817 -0.557045 7
-1.020564 -0.870411 -0.563221 7
-1.064319 -0.849552 -0.561868 7
-1.088868 -0.867511 -0.565252 7
-1.126745 -0.860009 -0.565618 7
-1.150390 -0.879813 -0.569300 7
-1.187772 -0.874491 -0.570027 7
-1.260054 -0.808265 -0.563600 7
1.202010 -1.016241 -0.575795 7
1.188263 -0.971006 -0.568591 7
1.154569 -0.989374 -0.569279 7
1.130324 -0.977087 -0.566199 7
1.116417 -0.927543 -0.558469 7
1.082359 -0.949343 -0.559712 7
1.050674 -0.964261 -0.560145 7
1.028052 -0.944616 -0.556240 7
0.997699 -0.956102 -0.556322 7
0.973742 -0.941232 -0.553077 7
0.951770 -0.916454 -0.548579 7
0.923568 -0.919595 -0.547696 7
0.901610 -0.892221 -0.542899 7
0.865961 -0.934842 -0.547207 7
0.849850 -0.873718 -0.538063 7
0.821167 -0.880191 -0.537741 7
0.794470 -0.875530 -0.535998 7
0.768571 -0.865453 -0.533573 7
0.743523 -0.848390 -0.530252 7
0.714741 -0.857997 -0.530480 7
0.686979 -0.861220 -0.529901 7
0.660489 -0.854019 -0.527971 7
0.635319 -0.832852 -0.524205 7
0.607577 -0.835946 -0.523702 7
0.577231 -0.872333 -0.527695 7
0.549900 -0.877024 -0.527484 7
0.524497 -0.852587 -0.523387 7
0.496999 -0.859736 -0.523567 7
0.460632 -1.078610 -0.552398 5
0.436151 -1.065917 -0.550016 5
0.411124 -1.066667 -0.549479 5
0.386432 -1.044643 -0.545877 5
0.361203 -1.051283 -0.546195 5
0.336184 -1.072728 -0.548562 5
0.310992 -1.055854 -0.545735 5
0.286795 -1.092492 -0.550245 5
0.261070 -1.064758 -0.545984 5
0.237728 -1.103499 -0.550853 5
0.212729 -1.097955 -0.549685 5
0.189376 -1.120440 -0.552393 5
0.161789 -1.079550 -0.546420 5
0.137016 -1.082606 -0.546512 5
0.114372 -1.108435 -0.549770 5
0.094981 -1.161565 -0.556825 5
0.068231 -1.140257 -0.553648 5
0.038431 -1.097757 -0.547568 5
0.011367 -1.082806 -0.545315 5
-0.011071 -1.103052 -0.547951 5
-0.039356 -1.082487 -0.544975 5
-0.069248 -1.054925 -0.541058 5
-0.091386 -1.076311 -0.543937 5
-0.114638 -1.089660 -0.545734 5
-0.149736 -1.040067 -0.538853 5
-0.171045 -1.064455 -0.542234 5
-0.192226 -1.087593 -0.545470 5
-0.221705 -1.071574 -0.543320 5
-0.244477 -1.086417 -0.545466 5
-0.279440 -1.050002 -0.540556 5
-0.298281 -1.081060 -0.545001 5
-0.330705 -1.058321 -0.542043 5
-0.351346 -1.081049 -0.545393 5
-0.378882 -1.078199 -0.545243 5
-0.418605 -1.034461 -0.539489 5
-0.452721 -1.012692 -0.536801 5
-0.486027 -0.995464 -0.534775 5
-0.588719 -0.766195 -0.503650 7
-0.624245 -0.752273 -0.502186 7
-0.643548 -0.786643 -0.507382 7
-0.675187 -0.784936 -0.507664 7
-0.707175 -0.782943 -0.507944 7
-0.727850 -0.811499 -0.512432 7
-0.747357 -0.842006 -0.517211 7
-0.796518 -0.797424 -0.511797 7
-0.818960 -0.820665 -0.515655 7
-0.847995 -0.827681 -0.517340 7
-0.884809 -0.817014 -0.516669 7
-0.920355 -0.810322 -0.516580 7
-0.946380 -0.825357 -0.519463 7
-0.975126 -0.834449 -0.521579 7
-1.003409 -0.844656 -0.523881 7
-1.044581 -0.828834 -0.522737 7
-1.067722 -0.850074 -0.526591 7
-1.104918 -0.843756 -0.526808 7
-1.145699 -0.831573 -0.526298 7
-1.159879 -0.869685 -0.532490 7
-1.211660 -0.838851 -0.529614 7
-1.249665 -0.834329 -0.530267 7
1.224291 -0.957210 -0.536627 7
1.203539 -0.932253 -0.531690 7
1.172134 -0.941325 -0.531392 7
1.141911 -0.947538 -0.530750 7
1.115851 -0.939954 -0.528258 7
1.086269 -0.945308 -0.527574 7
1.061969 -0.931361 -0.524264 7
1.041731 -0.900585 -0.518640 7
1.001590 -0.950523 -0.524252 7
0.971219 -0.962961 -0.524708 7
0.952515 -0.924051 -0.518016 7
0.928548 -0.906981 -0.514391 7
0.898649 -0.918380 -0.514796 7
0.872207 -0.913304 -0.512913 7
0.841767 -0.930392 -0.514200 7
0.820149 -0.898126 -0.508514 7
0.796321 -0.876187 -0.504306 7
0.764820 -0.902925 -0.507071 7
0.736183 -0.913551 -0.507578 7
0.718869 -0.839616 -0.495970 7
0.692826 -0.826447 -0.493093 7
0.662901 -0.846440 -0.495027 7
0.635642 -0.844503 -0.493829 7
0.609374 -0.831854 -0.491107 7
0.578034 -0.878740 -0.497059 7
0.554722 -0.827457 -0.488771 7
0.525155 -0.860995 -0.492859 7
0.490610 -1.001880 -0.512688 5
0.463611 -1.031337 -0.516300 5
0.437291 -1.058113 -0.519560 5
0.412315 -1.050529 -0.517811 5
0.387159 -1.045927 -0.516523 5
0.361928 -1.039051 -0.514924 5
0.336652 -1.048448 -0.515750 5
0.311717 -1.068834 -0.518230 5
0.286940 -1.079990 -0.519377 5
0.262739 -1.102016 -0.522165 5
0.239085 -1.127183 -0.525451 5
0.214723 -1.130519 -0.525528 5
0.188261 -1.100137 -0.520617 5
0.164132 -1.110133 -0.521731 5
0.140923 -1.129314 -0.524242 5
0.113445 -1.098811 -0.519373 5
0.089666 -1.110673 -0.520844 5
0.061956 -1.085866 -0.516867 5
0.042432 -1.132591 -0.523599 5
0.012456 -1.093495 -0.517532 5
-0.006307 -1.139433 -0.524205 5
-0.032591 -1.130203 -0.522652 5
-0.062808 -1.098186 -0.517710 5
-0.087283 -1.103834 -0.518432 5
-0.120214 -1.062688 -0.512170 5
-0.147637 -1.055079 -0.510955 5
-0.174662 -1.050672 -0.510246 5
-0.201994 -1.045707 -0.509480 5
-0.217801 -1.093673 -0.516672 5
-0.253585 -1.051711 -0.510414 5
-0.285955 -1.027864 -0.506898 5
-0.301499 -1.073154 -0.513767 5
-0.320533 -1.102078 -0.518209 5
-0.355118 -1.072297 -0.513886 5
-0.374225 -1.099821 -0.518169 5
-0.415992 -1.048725 -0.510716 5
-0.452931 -1.017512 -0.506272 5
-0.496889 -0.966594 -0.498918 5
-0.519527 -0.985025 -0.501957 5
-0.614571 -0.787391 -0.472791 7
-0.651221 -0.770878 -0.470700 7
-0.674106 -0.794400 -0.474608 7
-0.710828 -0.779565 -0.472836 7
-0.739939 -0.786204 -0.474293 7
-0.777417 -0.771624 -0.472632 7
-0.789567 -0.821459 -0.480559 7
-0.835261 -0.787966 -0.476166 7
-0.857914 -0.811128 -0.480197 7
-0.891161 -0.809358 -0.480573 7
-0.916329 -0.826332 -0.483748 7
-0.948508 -0.827766 -0.484665 7
-0.971545 -0.849153 -0.488548 7
-1.020055 -0.817289 -0.484653 7
-1.033852 -0.857792 -0.491399 7
-1.079047 -0.834975 -0.488917 7
-1.099625 -0.861322 -0.493649 7
-1.145467 -0.839470 -0.491400 7
-1.169708 -0.859014 -0.495207 7
-1.212182 -0.845494 -0.494261 7
-1.259033 -0.825506 -0.492435 7
1.262566 -0.938782 -0.503417 7
1.247588 -0.895526 -0.495559 7
1.223000 -0.880495 -0.491846 7
1.186783 -0.903284 -0.493742 7
1.145790 -0.944559 -0.498438 7
1.113929 -0.957107 -0.498932 7
1.100967 -0.901702 -0.489322 7
1.060898 -0.945974 -0.494625 7
1.036922 -0.930432 -0.491011 7
1.010767 -0.923122 -0.488654 7
0.986599 -0.907099 -0.485004 7
0.960529 -0.898735 -0.482531 7
0.930637 -0.908220 -0.482795 7
0.893727 -0.954126 -0.488650 7
0.873935 -0.915665 -0.481672 7
0.845140 -0.923260 -0.481752 7
0.824408 -0.885059 -0.474828 7
0.798148 -0.877019 -0.472549 7
0.764594 -0.916757 -0.477671 7
0.737266 -0.918460 -0.476961 7
0.713323 -0.895157 -0.472401 7
0.688505 -0.875794 -0.468464 7
0.664175 -0.849180 -0.463412 7
0.635712 -0.858563 -0.463989 7
0.612783 -0.810358 -0.455591 7
0.583925 -0.823293 -0.456772 7
0.556456 -0.821118 -0.455614 7
0.527262 -0.846271 -0.458779 7
0.488598 -1.059544 -0.491621 5
0.463812 -1.048979 -0.489278 5
0.438276 -1.055131 -0.489595 5
0.412451 -1.078907 -0.492728 5
0.387293 -1.088872 -0.493706 5
0.362548 -1.051837 -0.487251 5
0.337371 -1.070892 -0.489718 5
0.311770 -1.036648 -0.483733 5
0.286278 -1.034314 -0.482843 5
0.262443 -1.082145 -0.489979 5
0.237051 -1.073800 -0.488182 5
0.214859 -1.128536 -0.496492 5
0.191117 -1.142444 -0.498307 5
0.163125 -1.094932 -0.490307 5
0.139646 -1.113487 -0.492910 5
0.113513 -1.099927 -0.490386 5
0.085671 -1.072702 -0.485685 5
0.065617 -1.120061 -0.492990 5
0.040910 -1.122126 -0.493042 5
0.010838 -1.083661 -0.486592 5
-0.009849 -1.117180 -0.491751 5
-0.042991 -1.064676 -0.483076 5
-0.055105 -1.149158 -0.496500 5
-0.090569 -1.088238 -0.486507 5
-0.115531 -1.092288 -0.487011 5
-0.135137 -1.124329 -0.492057 5
-0.170880 -1.073634 -0.483770 5
-0.197782 -1.069971 -0.483098 5
-0.226745 -1.057829 -0.481079 5
-0.247432 -1.082874 -0.485090 5
-0.275221 -1.076985 -0.484128 5
-0.303200 -1.071295 -0.483221 5
-0.321031 -1.105117 -0.488720 5
-0.352852 -1.085683 -0.485642 5
-0.393919 -1.035578 -0.477638 5
-0.420330 -1.039330 -0.478354 5
-0.454283 -1.018583 -0.475142 5
-0.480460 -1.024376 -0.476238 5
-0.535315 -0.942370 -0.463205 5
-0.556059 -0.967357 -0.467451 5
-0.654969 -0.766494 -0.435349 7
-0.681987 -0.778852 -0.437630 7
-0.706035 -0.799087 -0.441203 7
-0.728400 -0.823144 -0.445416 7
-0.751699 -0.844026 -0.449142 7
-0.790368 -0.826164 -0.446677 7
-0.827925 -0.812530 -0.444924 7
-0.864399 -0.802753 -0.443825 7
-0.892341 -0.813604 -0.446059 7
-0.915739 -0.834627 -0.449946 7
-0.956382 -0.817700 -0.447802 7
-0.984830 -0.828060 -0.450045 7
-1.029940 -0.804070 -0.446852 7
-1.061727 -0.808731 -0.448255 7
-1.102058 -0.796960 -0.447084 7
-1.134251 -0.802025 -0.448621 7
-1.165177 -0.809873 -0.450631 7
-1.183769 -0.840657 -0.456293 7
-1.225383 -0.829369 -0.455346 7
-1.264320 -0.823927 -0.455363 7
-1.287798 -0.845919 -0.459726 7
1.271186 -0.923279 -0.468515 7
1.236486 -0.939909 -0.469730 7
1.222080 -0.893824 -0.461011 7
1.186791 -0.913632 -0.462797 7
1.160708 -0.904107 -0.459935 7
1.122559 -0.936963 -0.463901 7
1.107799 -0.887259 -0.454627 7
1.073794 -0.907381 -0.456616 7
1.042273 -0.919851 -0.457412 7
1.021163 -0.890945 -0.451526 7
0.987919 -0.912307 -0.453830 7
0.957985 -0.921242 -0.454149 7
0.928777 -0.928136 -0.454168 7
0.904399 -0.912289 -0.450488 7
0.875870 -0.916967 -0.450197 7
0.847876 -0.919737 -0.449620 7
0.822364 -0.908890 -0.446822 7
0.791141 -0.932557 -0.449754 7
0.772607 -0.876191 -0.439450 7
0.739598 -0.914567 -0.444882 7
0.719682 -0.859944 -0.434872 7
0.690391 -0.873839 -0.436287 7
0.664377 -0.861494 -0.433347 7
0.636018 -0.870227 -0.433955 7
0.610716 -0.848306 -0.429446 7
0.585016 -0.826550 -0.424976 7
0.556656 -0.835944 -0.425763 7
0.515712 -1.047768 -0.460721 5
0.488201 -1.086233 -0.466529 5
0.465177 -1.039802 -0.458014 5
0.439186 -1.054549 -0.459863 5
0.413702 -1.060766 -0.460293 5
0.388959 -1.025113 -0.453632 5
0.363168 -1.063572 -0.459585 5
0.337867 -1.049247 -0.456583 5
0.312541 -1.052607 -0.456612 5
0.287090 -1.048493 -0.455386 5
0.261757 -1.050613 -0.455245 5
0.238331 -1.095730 -0.462483 5
0.212866 -1.086782 -0.460496 5
0.187422 -1.081337 -0.459126 5
0.166185 -1.135355 -0.467980 5
0.140558 -1.124068 -0.465651 5
0.117393 -1.142171 -0.468392 5
0.090834 -1.124129 -0.464937 5
0.064111 -1.108215 -0.461864 5
0.035911 -1.083229 -0.457242 5
0.017406 -1.135840 -0.466016 5
-0.011659 -1.107175 -0.460796 5
-0.037092 -1.106615 -0.460442 5
-0.065218 -1.089948 -0.457325 5
-0.087272 -1.110995 -0.460744 5
-0.124083 -1.049055 -0.449836 5
-0.142748 -1.088603 -0.456495 5
-0.168327 -1.090454 -0.456656 5
-0.196719 -1.079333 -0.454591 5
-0.240408 -1.000909 -0.440892 5
-0.255197 -1.054103 -0.450002 5
-0.284792 -1.042330 -0.447883 5
-0.298851 -1.093363 -0.456665 5
-0.328741 -1.080798 -0.454451 5
-0.356714 -1.076665 -0.453718 5
-0.390029 -1.054542 -0.449890 5
-0.419207 -1.048513 -0.448871 5
-0.449056 -1.041202 -0.447652 5
-0.489213 -1.002281 -0.440980 5
-0.518235 -1.000481 -0.440762 5
-0.544090 -1.008694 -0.442299 5
-0.595908 -0.942407 -0.430965 5
-0.689843 -0.763465 -0.400170 7
-0.702909 -0.814040 -0.409119 7
-0.740808 -0.797152 -0.406423 7
-0.764944 -0.816855 -0.410078 7
-0.812257 -0.778640 -0.403754 7
-0.837892 -0.795318 -0.406937 7
-0.859004 -0.822304 -0.411922 7
-0.889825 -0.826298 -0.412964 7
-0.937752 -0.792628 -0.407547 7
-0.964715 -0.806716 -0.410385 7
-1.009287 -0.783483 -0.406831 7
-1.041086 -0.788345 -0.408139 7
-1.053021 -0.833580 -0.416401 7
-1.088838 -0.830364 -0.416373 7
-1.150118 -0.779066 -0.408145 7
-1.168141 -0.811855 -0.414347 7
-1.201269 -0.816131 -0.415696 7
-1.222997 -0.841271 -0.420634 7
-1.263417 -0.833225 -0.419941 7
-1.296272 -0.839141 -0.421659 7
1.277973 -0.913362 -0.434060 7
1.259408 -0.879973 -0.427031 7
1.219925 -0.910997 -0.431019 7
1.196241 -0.893065 -0.426664 7
1.171965 -0.876403 -0.422538 7
1.138057 -0.892892 -0.424140 7
1.096443 -0.939280 -0.430952 7
1.080227 -0.893617 -0.421876 7
1.054371 -0.882784 -0.418838 7
1.026342 -0.880506 -0.417305 7
0.991305 -0.908647 -0.421104 7
0.962370 -0.912510 -0.420703 7
0.929230 -0.937054 -0.423953 7
0.905206 -0.919560 -0.419860 7
0.880275 -0.905464 -0.416375 7
0.850481 -0.917012 -0.417426 7
0.823359 -0.914919 -0.416097 7
0.806716 -0.848528 -0.403400 7
0.774135 -0.878598 -0.407797 7
0.746780 -0.876699 -0.406553 7
0.720588 -0.866264 -0.403809 7
0.688283 -0.904532 -0.409768 7
0.660849 -0.906828 -0.409343 7
0.640795 -0.838369 -0.396276 7
0.609083 -0.881240 -0.403149 7
0.585134 -0.841508 -0.395234 7
0.548697 -0.961719 -0.416081 5
0.514676 -1.081488 -0.436934 5
0.491076 -1.051895 -0.430928 5
0.465670 -1.050612 -0.430039 5
0.440152 -1.052410 -0.429725 5
0.414901 -1.045366 -0.427829 5
0.388845 -1.083831 -0.434200 5
0.363713 -1.089218 -0.434600 5
0.338553 -1.065960 -0.429814 5
0.313131 -1.056308 -0.427512 5
0.287714 -1.055039 -0.426750 5
0.263672 -1.095462 -0.433610 5
0.238402 -1.090095 -0.432142 5
0.213272 -1.089741 -0.431606 5
0.188235 -1.091376 -0.431451 5
0.164814 -1.115145 -0.435366 5
0.138087 -1.093826 -0.431043 5
0.114282 -1.108988 -0.433421 5
0.091621 -1.132831 -0.437415 5
0.066607 -1.132003 -0.436900 5
0.040764 -1.124975 -0.435261 5
0.014879 -1.119126 -0.433855 5
-0.006631 -1.145318 -0.438362 5
-0.025985 -1.182711 -0.444956 5
-0.053984 -1.162605 -0.440976 5
-0.089300 -1.102771 -0.429680 5
-0.121202 -1.068729 -0.423149 5
-0.149734 -1.056257 -0.420611 5
-0.174034 -1.066415 -0.422269 5
-0.198124 -1.077066 -0.424036 5
-0.219837 -1.097889 -0.427703 5
-0.257403 -1.049316 -0.418557 5
-0.278386 -1.073488 -0.422879 5
-0.297657 -1.102928 -0.428196 5
-0.311029 -1.152873 -0.437329 5
-0.352200 -1.098221 -0.427120 5
-0.384635 -1.078726 -0.423435 5
-0.417898 -1.058308 -0.419596 5
-0.453705 -1.031492 -0.414589 5
-0.488567 -1.009967 -0.410581 5
-0.514466 -1.017729 -0.412015 5
-0.551600 -0.992307 -0.407323 5
-0.578326 -0.998790 -0.408558 5
-0.611295 -0.988075 -0.406629 5
-0.721836 -0.769544 -0.366249 7
-0.739965 -0.805969 -0.373094 7
-0.785233 -0.771937 -0.366919 7
-0.803445 -0.807231 -0.373596 7
-0.830553 -0.819812 -0.376089 7
-0.876916 -0.787266 -0.370262 7
-0.907282 -0.793464 -0.371622 7
-0.947960 -0.777062 -0.368829 7
-0.975311 -0.790925 -0.371651 7
-1.006808 -0.795969 -0.372867 7
-1.011488 -0.856556 -0.384348 7
-1.075931 -0.794860 -0.373305 7
-1.106252 -0.803591 -0.375272 7
-1.133830 -0.817800 -0.378270 7
-1.161860 -0.831144 -0.381131 7
-1.218881 -0.791564 -0.374290 7
-1.243271 -0.812682 -0.378631 7
-1.277127 -0.816996 -0.379911 7
-1.326650 -0.795038 -0.376403 7
1.292371 -0.881114 -0.395157 7
1.266502 -0.868741 -0.391648 7
1.222239 -0.914014 -0.398705 7
1.198661 -0.895601 -0.394139 7
1.174218 -0.879339 -0.389977 7
1.144372 -0.881330 -0.389189 7
1.118404 -0.869940 -0.385954 7
1.083470 -0.892047 -0.388933 7
1.052920 -0.899281 -0.389192 7
1.024427 -0.899247 -0.388127 7
0.989518 -0.927177 -0.392292 7
0.973591 -0.873330 -0.381236 7
0.946791 -0.865805 -0.378824 7
0.915803 -0.878662 -0.380245 7
0.890899 -0.861912 -0.376138 7
0.862800 -0.861299 -0.375074 7
0.832032 -0.876577 -0.377023 7
0.801665 -0.891806 -0.378992 7
0.774105 -0.891212 -0.377999 7
0.748533 -0.877171 -0.374478 7
0.724337 -0.851227 -0.368710 7
0.689634 -0.906909 -0.378448 7
0.661993 -0.910536 -0.378335 7
0.637515 -0.884797 -0.372648 7
0.616305 -0.819242 -0.359367 7
0.586013 -0.847273 -0.363948 7
0.543250 -1.052033 -0.402375 5
0.519925 -1.016788 -0.394944 5
0.492302 -1.048502 -0.400357 5
0.467721 -1.026313 -0.395447 5
0.441316 -1.044737 -0.398353 5
0.414911 -1.078159 -0.404172 5
0.390045 -1.053768 -0.398876 5
0.364517 -1.064814 -0.400424 5
0.339221 -1.079740 -0.402742 5
0.313774 -1.063677 -0.399086 5
0.287758 -1.037407 -0.393462 5
0.262780 -1.057491 -0.396828 5
0.237733 -1.067388 -0.398241 5
0.211786 -1.057211 -0.395772 5
0.186904 -1.067494 -0.397293 5
0.163059 -1.089661 -0.401144 5
0.141942 -1.139936 -0.410492 5
0.115423 -1.121680 -0.406512 5
0.087369 -1.092407 -0.400390 5
0.056757 -1.045992 -0.390927 5
0.023903 -0.989221 -0.379439 5
-0.035933 -0.737523 -0.329830 7
-0.067917 -0.717314 -0.325467 7
-0.096015 -0.725792 -0.326734 7
-0.133760 -0.674313 -0.316269 7
-0.156859 -0.714347 -0.323752 7
-0.125499 -1.049014 -0.389068 5
-0.145347 -1.083093 -0.395466 5
-0.172139 -1.079980 -0.394581 5
-0.198062 -1.081714 -0.394662 5
-0.231943 -1.048109 -0.387809 5
-0.254679 -1.065680 -0.391031 5
-0.281187 -1.066777 -0.391029 5
-0.292428 -1.128352 -0.402948 5
-0.324405 -1.107176 -0.398594 5
-0.357468 -1.084141 -0.393885 5
-0.385317 -1.081555 -0.393217 5
-0.419368 -1.058703 -0.388569 5
-0.442471 -1.073621 -0.391381 5
-0.473062 -1.064448 -0.389458 5
-0.528257 -0.981431 -0.372984 5
-0.554116 -0.990744 -0.374735 5
-0.578582 -1.003985 -0.377278 5
-0.610670 -0.995838 -0.375617 5
-0.645797 -0.980537 -0.372560 5
-0.749750 -0.787040 -0.334350 7
-0.782293 -0.786157 -0.334171 7
-0.817510 -0.779321 -0.332835 7
-0.858603 -0.759363 -0.328928 7
-0.887274 -0.770059 -0.331089 7
-0.909067 -0.796434 -0.336361 7
-0.957118 -0.763929 -0.330036 7
-0.989551 -0.767381 -0.330825 7
-1.021310 -0.772701 -0.332001 7
-1.061317 -0.761465 -0.329932 7
-1.080408 -0.793286 -0.336371 7
-1.119344 -0.785440 -0.335011 7
-1.149048 -0.796227 -0.337342 7
-1.194601 -0.777609 -0.333904 7
-1.216130 -0.804267 -0.339400 7
-1.245273 -0.816822 -0.342139 7
-1.300024 -0.784899 -0.336153 7
-1.313418 -0.825469 -0.344440 7
-1.345601 -0.833657 -0.346382 7
1.318423 -0.902996 -0.366999 7
1.289264 -0.900585 -0.365369 7
1.275082 -0.853130 -0.354990 7
1.245951 -0.849932 -0.353225 7
1.211512 -0.864306 -0.354914 7
1.180990 -0.867106 -0.354367 7
1.148149 -0.878749 -0.355577 7
1.121291 -0.870192 -0.352845 7
1.083320 -0.903299 -0.358332 7
1.062977 -0.870663 -0.350887 7
1.035543 -0.864733 -0.348718 7
1.008167 -0.858587 -0.346520 7
0.976357 -0.872161 -0.348248 7
0.948437 -0.869431 -0.346762 7
0.916634 -0.885985 -0.349131 7
0.888179 -0.887556 -0.348540 7
0.859348 -0.891879 -0.348516 7
0.833527 -0.879915 -0.345254 7
0.807038 -0.871096 -0.342630 7
0.775343 -0.895520 -0.346687 7
0.750085 -0.879096 -0.342566 7
0.723297 -0.872185 -0.340366 7
0.691376 -0.906162 -0.346417 7
0.666402 -0.885590 -0.341494 7
0.638201 -0.892660 -0.342160 7
0.610378 -0.897741 -0.342442 7
0.568693 -1.069120 -0.376435 5
0.545107 -1.043088 -0.370483 5
0.517376 -1.073871 -0.376071 5
0.491614 -1.080219 -0.376719 5
0.466657 -1.071944 -0.374405 5
0.441462 -1.066360 -0.372648 5
0.416197 -1.059721 -0.370687 5
0.390788 -1.054666 -0.369059 5
0.365216 -1.061616 -0.369897 5
0.339797 -1.072412 -0.371537 5
0.314099 -1.048382 -0.366057 5
0.288999 -1.069692 -0.369881 5
0.263425 -1.064888 -0.368363 5
0.237835 -1.062286 -0.367308 5
0.212513 -1.066122 -0.367588 5
0.188410 -1.088514 -0.371704 5
0.164138 -1.102977 -0.374206 5
0.136735 -1.076633 -0.368304 5
0.111851 -1.083528 -0.369270 5
0.076454 -0.987084 -0.348889 5
0.051344 -0.999519 -0.351011 5
-0.009041 -0.722386 -0.293200 7
-0.039987 -0.709718 -0.290106 7
-0.066713 -0.728976 -0.293641 7
-0.090624 -0.764700 -0.300611 7
-0.127946 -0.714006 -0.289662 7
-0.151287 -0.750765 -0.296881 7
-0.191669 -0.690720 -0.283996 7
-0.215523 -0.723230 -0.290365 7
-0.181310 -1.039012 -0.355726 5
-0.205271 -1.052274 -0.358162 5
-0.220466 -1.104023 -0.368635 5
-0.260746 -1.044415 -0.355909 5
-0.274572 -1.098675 -0.366940 5
-0.296802 -1.115982 -0.370280 5
-0.327083 -1.102036 -0.367107 5
-0.360987 -1.076490 -0.361519 5
-0.379563 -1.106891 -0.367633 5
-0.416200 -1.074747 -0.360684 5
-0.445980 -1.067637 -0.358978 5
-0.475755 -1.061528 -0.357493 5
-0.519966 -1.012445 -0.347021 5
-0.547119 -1.017206 -0.347831 5
-0.574855 -1.020536 -0.348354 5
-0.609068 -1.006290 -0.345207 5
-0.646150 -0.985730 -0.340747 5
-0.769974 -0.741047 -0.289301 7
-0.806728 -0.731095 -0.287077 7
-0.815861 -0.790222 -0.299356 7
-0.864894 -0.751286 -0.291080 7
-0.891582 -0.767054 -0.294294 7
-0.917206 -0.785017 -0.297985 7
-0.961728 -0.760940 -0.292866 7
-0.982319 -0.790201 -0.298958 7
-1.031540 -0.758554 -0.292280 7
-1.064590 -0.762185 -0.293022 7
-1.092135 -0.777275 -0.296185 7
-1.129465 -0.773214 -0.295343 8
-1.153762 -0.794802 -0.299901 7
-1.196102 -0.782490 -0.297358 7
-1.199770 -0.841667 -0.309837 7
-1.248078 -0.819555 -0.305269 7
-1.267127 -0.849892 -0.311725 7
-1.323384 -0.816383 -0.304801 7
-1.363210 -0.812298 -0.304068 7
1.372361 -0.847830 -0.323162 7
1.357942 -0.801133 -0.312445 7
1.293755 -0.897724 -0.331282 7
1.275326 -0.862891 -0.323037 7
1.236135 -0.891161 -0.327853 7
1.217073 -0.856870 -0.319727 7
1.185503 -0.862579 -0.319906 7
1.159762 -0.849031 -0.316096 7
1.119944 -0.885748 -0.322776 7
1.098161 -0.858356 -0.316105 7
1.072222 -0.845480 -0.312467 7
1.042890 -0.845858 -0.311614 7
1.009629 -0.863487 -0.314397 7
0.982167 -0.857556 -0.312254 7
0.956077 -0.845230 -0.308774 7
0.924494 -0.859015 -0.310807 7
0.895755 -0.860188 -0.310199 7
0.866868 -0.862833 -0.309916 7
0.835116 -0.882742 -0.313304 7
0.807420 -0.880970 -0.312120 7
0.785098 -0.844688 -0.303621 7
0.750854 -0.886483 -0.311713 7
0.721454 -0.898990 -0.313606 7
0.697778 -0.868027 -0.306252 7
0.672721 -0.844272 -0.300433 7
0.643743 -0.854052 -0.301778 7
0.616573 -0.847318 -0.299608 7
0.569650 -1.072730 -0.347172 5
0.546005 -1.047151 -0.341036 5
0.518821 -1.068782 -0.345033 5
0.492946 -1.074917 -0.345721 5
0.467763 -1.068955 -0.343819 5
0.443860 -1.024049 -0.333534 5
0.416615 -1.075860 -0.344097 5
0.391530 -1.055770 -0.339171 5
0.365990 -1.046691 -0.336625 5
0.340306 -1.046319 -0.335969 5
0.315228 -1.090819 -0.345039 5
0.289726 -1.080675 -0.342293 5
0.263896 -1.067079 -0.338803 5
0.238269 -1.064794 -0.337773 5
0.212151 -1.054545 -0.335021 5
0.186564 -1.056374 -0.334901 5
0.162093 -1.073462 -0.338115 5
0.133202 -1.033534 -0.328916 5
0.102503 -0.983103 -0.317421 5
0.053150 -0.761157 -0.268469 7
0.021381 -0.735081 -0.262245 7
-0.006803 -0.743010 -0.263459 7
-0.038572 -0.723220 -0.258618 7
-0.065156 -0.743102 -0.262470 7
-0.092017 -0.759080 -0.265483 7
-0.124748 -0.737529 -0.260278 7
-0.152205 -0.749547 -0.262444 7
-0.187524 -0.717801 -0.255010 7
-0.210114 -0.755828 -0.262915 7
-0.248729 -0.711788 -0.252786 7
-0.275356 -0.728628 -0.256057 7
-0.247136 -0.989406 -0.313078 5
-0.263577 -1.037062 -0.323204 5
-0.270236 -1.121160 -0.341390 5
-0.292130 -1.139147 -0.345017 5
-0.331333 -1.091025 -0.334056 5
-0.351945 -1.114384 -0.338887 5
-0.380988 -1.107110 -0.336959 5
-0.416753 -1.078240 -0.330260 5
-0.446405 -1.071718 -0.328509 5
-0.485911 -1.035239 -0.320130 5
-0.522623 -1.010140 -0.314274 5
-0.550830 -1.012142 -0.314428 5
-0.571516 -1.035941 -0.319425 5
-0.613688 -0.999569 -0.311085 5
-0.644470 -0.996369 -0.310109 5
-0.765264 -0.760072 -0.257377 7
-0.796095 -0.764826 -0.258163 7
-0.820687 -0.785219 -0.262437 7
-0.869491 -0.747325 -0.253763 7
-0.894926 -0.766337 -0.257751 7
-0.905133 -0.819397 -0.269327 7
-0.965463 -0.759927 -0.255875 7
-0.990331 -0.780219 -0.260182 7
-1.001399 -0.829011 -0.270851 7
-1.035956 -0.828079 -0.270458 7
-1.072099 -0.824660 -0.269521 7
-1.110827 -0.817011 -0.267651 7
-1.153281 -0.803288 -0.264436 7
-1.172629 -0.833704 -0.271075 7
-1.226449 -0.800914 -0.263627 7
-1.246868 -0.829425 -0.269864 7
-1.284473 -0.827573 -0.269340 7
-1.306363 -0.853085 -0.274933 7
-1.365540 -0.816408 -0.266658 7
1.397247 -0.874730 -0.295488 7
1.382828 -0.829575 -0.284657 7
1.350027 -0.834137 -0.284658 7
1.316044 -0.843026 -0.285624 7
1.277720 -0.866157 -0.289727 7
1.242234 -0.882582 -0.292389 7
1.211687 -0.884810 -0.291958 7
1.190049 -0.858033 -0.285163 7
1.152252 -0.885742 -0.290363 7
1.129160 -0.863317 -0.284536 7
1.105611 -0.841392 -0.278817 7
1.069208 -0.868155 -0.283866 7
1.054969 -0.808035 -0.269699 7
1.011310 -0.867477 -0.282026 7
0.988482 -0.840887 -0.275292 7
0.956283 -0.855681 -0.277757 7
0.933353 -0.827466 -0.270665 7
0.901330 -0.843333 -0.273396 7
0.872201 -0.845891 -0.273175 7
0.842085 -0.854912 -0.274410 7
0.820751 -0.812420 -0.264133 7
0.782388 -0.874741 -0.277326 7
0.759307 -0.840888 -0.268989 7
0.726578 -0.874000 -0.275683 7
0.701611 -0.850872 -0.269758 7
0.675807 -0.831538 -0.264684 7
0.645764 -0.849428 -0.267999 7
0.600152 -1.035256 -0.309220 5
0.573052 -1.047674 -0.311375 5
0.548733 -1.026932 -0.306047 5
0.521520 -1.044670 -0.309427 5
0.493585 -1.082274 -0.317325 5
0.469340 -1.055799 -0.310713 5
0.444132 -1.042164 -0.307012 5
0.418301 -1.042772 -0.306549 5
0.392351 -1.052160 -0.308091 5
0.366571 -1.064794 -0.310384 5
0.340977 -1.060162 -0.308753 5
0.315636 -1.081225 -0.312991 5
0.290272 -1.083949 -0.313055 5
0.263797 -1.052140 -0.305234 5
0.223404 -0.712914 -0.227065 7
0.194926 -0.725090 -0.229239 7
0.163359 -0.684891 -0.219420 7
0.134597 -0.694623 -0.221047 7
0.107040 -0.717094 -0.225610 7
0.077253 -0.711218 -0.223675 7
0.043184 -0.665312 -0.212536 7
0.016779 -0.696079 -0.219037 7
-0.014199 -0.685080 -0.215935 7
-0.042809 -0.694126 -0.217457 7
-0.073472 -0.688052 -0.215499 7
-0.099914 -0.710933 -0.220234 7
-0.131344 -0.700904 -0.217376 7
-0.161368 -0.700719 -0.216798 7
-0.184621 -0.738038 -0.224909 7
-0.215408 -0.733029 -0.223233 7
-0.245849 -0.730761 -0.222197 7
-0.280654 -0.708863 -0.216610 7
-0.312925 -0.700826 -0.214241 7
-0.270477 -1.012425 -0.286153 5
-0.271178 -1.122052 -0.311206 5
-0.289816 -1.153024 -0.317997 5
-0.327335 -1.111073 -0.307821 5
-0.358047 -1.097417 -0.304230 5
-0.384175 -1.101218 -0.304711 5
-0.419207 -1.075363 -0.298277 5
-0.447248 -1.074456 -0.297666 5
-0.481116 -1.055880 -0.292932 5
-0.516643 -1.034017 -0.287428 5
-0.553106 -1.011334 -0.281730 5
-0.573950 -1.034921 -0.286863 5
-0.619906 -0.988510 -0.275611 5
-0.641764 -1.009729 -0.280203 5
-0.679051 -0.990270 -0.275265 5
-0.777104 -0.819474 -0.234812 7
-0.810310 -0.817484 -0.233954 7
-0.847676 -0.806292 -0.230940 7
-0.863238 -0.846813 -0.240083 7
-0.889941 -0.860676 -0.242973 7
-0.924885 -0.856323 -0.241585 7
-0.965289 -0.841104 -0.237642 7
-0.992685 -0.854414 -0.240421 7
-1.038429 -0.830332 -0.234395 7
-1.083036 -0.810300 -0.229324 7
-1.103299 -0.839075 -0.235770 7
-1.136656 -0.842344 -0.236206 7
-1.171862 -0.842686 -0.235957 7
-1.202621 -0.851702 -0.237763 7
-1.256238 -0.820595 -0.230090 7
-1.266534 -0.866349 -0.240596 7
-1.312043 -0.851297 -0.236728 7
-1.356277 -0.839685 -0.233677 7
1.382798 -0.840175 -0.252157 7
1.352885 -0.836620 -0.250459 7
1.349926 -0.755109 -0.230773 7
1.271443 -0.895470 -0.262336 7
1.252733 -0.860479 -0.253407 7
1.229591 -0.837851 -0.247331 7
1.188628 -0.873408 -0.254754 7
1.160350 -0.868442 -0.252791 7
1.135107 -0.852807 -0.248352 7
1.105196 -0.853850 -0.247798 7
1.069437 -0.878166 -0.252680 7
1.042538 -0.869368 -0.249853 7
1.008184 -0.891720 -0.254310 7
0.983181 -0.875521 -0.249766 7
0.964273 -0.830233 -0.238405 7
0.936170 -0.825469 -0.236533 7
0.905476 -0.833958 -0.237778 7
0.874575 -0.845032 -0.239643 7
0.844349 -0.854111 -0.241051 7
0.823854 -0.806189 -0.229041 7
0.793596 -0.815254 -0.230454 7
0.762299 -0.833257 -0.233989 7
0.736803 -0.811713 -0.228192 7
0.703396 -0.850256 -0.236607 7
0.673415 -0.866385 -0.239739 7
0.650349 -0.820648 -0.228217 7
0.600270 -1.048323 -0.281568 5
0.572085 -1.073967 -0.287037 5
0.547614 -1.057820 -0.282585 5
0.524354 -1.018919 -0.272714 5
0.497420 -1.032432 -0.275319 5
0.469876 -1.065581 -0.282618 5
0.444832 -1.048213 -0.277877 5
0.418224 -1.077921 -0.284382 5
0.392514 -1.089277 -0.286515 5
0.367352 -1.050900 -0.276751 5
0.341709 -1.092356 -0.286105 5
0.315887 -1.059356 -0.277623 5
0.290072 -1.055135 -0.276039 5
0.253309 -0.723501 -0.195782 7
0.224757 -0.735661 -0.198071 7
0.194943 -0.719960 -0.193663 7
0.168012 -0.755541 -0.201608 7
0.135095 -0.699733 -0.187534 7
0.106428 -0.709201 -0.189195 7
0.076983 -0.708764 -0.188471 7
0.049328 -0.726358 -0.192110 7
0.017044 -0.700300 -0.185197 7
-0.013294 -0.694871 -0.183273 7
-0.042147 -0.701984 -0.184390 7
-0.074490 -0.684209 -0.179475 7
-0.105642 -0.677100 -0.177146 7
-0.138305 -0.662158 -0.172914 7
-0.166478 -0.675429 -0.175541 7
-0.197456 -0.672491 -0.174230 7
-0.218591 -0.721216 -0.185506 7
-0.256141 -0.685140 -0.176130 7
-0.290490 -0.668018 -0.171367 7
-0.319465 -0.676951 -0.172962 7
-0.344336 -0.703110 -0.178774 7
-0.264842 -1.152604 -0.288139 5
-0.298168 -1.125216 -0.280950 5
-0.331290 -1.101243 -0.274588 5
-0.361547 -1.089930 -0.271323 5
-0.389815 -1.086859 -0.270078 5
-0.415790 -1.092190 -0.270896 5
-0.452117 -1.064196 -0.263529 5
-0.484705 -1.050280 -0.259615 5
-0.505641 -1.072987 -0.264710 5
-0.527685 -1.091519 -0.268787 5
-0.576761 -1.032870 -0.253848 5
-0.620825 -0.992083 -0.243295 5
-0.638194 -1.025362 -0.251011 5
-0.670760 -1.017955 -0.248690 5
-0.757560 -0.875295 -0.212926 7
-0.803670 -0.840507 -0.203801 7
-0.834734 -0.843943 -0.204129 7
-0.872432 -0.832461 -0.200762 7
-0.905222 -0.833231 -0.200430 7
-0.938252 -0.834045 -0.200110 7
-0.958921 -0.861836 -0.206490 7
-1.001628 -0.842963 -0.201283 7
-1.036007 -0.842555 -0.200663 7
-1.072424 -0.838760 -0.199199 7
-1.098457 -0.855867 -0.202941 7
-1.119956 -0.881374 -0.208783 7
-1.159374 -0.873287 -0.206254 7
-1.205476 -0.854168 -0.200968 7
-1.253960 -0.832378 -0.195007 7
-1.283093 -0.845552 -0.197780 7
-1.299494 -0.880259 -0.205944 7
-1.365758 -0.832010 -0.193350 7
1.370355 -0.884522 -0.227912 7
1.360547 -0.825667 -0.212861 7
1.331253 -0.820040 -0.210731 7
1.275258 -0.894454 -0.228092 7
1.250986 -0.876438 -0.222969 7
1.213209 -0.900917 -0.228212 7
1.204696 -0.830822 -0.210374 7
1.170746 -0.843448 -0.212730 7
1.127316 -0.891379 -0.223741 7
1.102232 -0.875713 -0.219198 7
1.083333 -0.835495 -0.208631 7
1.056106 -0.825889 -0.205564 7
1.025565 -0.829888 -0.205841 7
0.991986 -0.848126 -0.209627 7
0.959035 -0.865772 -0.213282 7
0.939620 -0.820503 -0.201439 7
0.902256 -0.862059 -0.211004 7
0.871083 -0.875615 -0.213677 7
0.842997 -0.873827 -0.212566 7
0.820333 -0.839821 -0.203485 7
0.793156 -0.830789 -0.200578 7
0.763268 -0.839576 -0.202088 7
0.733937 -0.846130 -0.203052 7
0.705754 -0.845176 -0.202156 7
0.678786 -0.834151 -0.198759 7
0.648842 -0.849620 -0.201954 7
0.601324 -1.051583 -0.251617 5
0.574707 -1.058395 -0.252716 5
0.547797 -1.071334 -0.255349 5
0.523322 -1.051937 -0.249913 5
0.496910 -1.060590 -0.251483 5
0.471057 -1.061413 -0.251100 5
0.445730 -1.048830 -0.247361 5
0.420383 -1.028110 -0.241578 5
0.393987 -1.046375 -0.245570 5
0.368199 -1.028876 -0.240589 5
0.342190 -1.050636 -0.245471 5
0.316652 -1.075676 -0.251189 5
0.289702 -1.018349 -0.236178 5
0.254133 -0.734628 -0.164079 7
0.225930 -0.754319 -0.168398 7
0.196241 -0.738993 -0.163885 7
0.163882 -0.686514 -0.149977 7
0.134073 -0.683961 -0.148674 7
0.108654 -0.735590 -0.161088 7
0.079109 -0.732134 -0.159568 7
0.048806 -0.722500 -0.156479 7
0.015595 -0.689330 -0.147414 7
-0.014552 -0.687057 -0.146182 7
-0.037139 -0.742527 -0.159632 7
-0.075596 -0.679771 -0.143019 7
-0.103645 -0.693790 -0.145934 7
-0.130163 -0.715989 -0.150939 7
-0.164504 -0.691051 -0.143928 7
-0.190582 -0.714391 -0.149233 7
-0.222208 -0.707226 -0.146751 7
-0.262711 -0.657906 -0.133482 7
-0.283035 -0.707868 -0.145609 7
-0.321400 -0.673644 -0.136185 7
-0.351596 -0.677695 -0.136560 7
-0.382297 -0.679918 -0.136467 7
-0.292215 -1.153300 -0.257421 5
-0.330424 -1.109526 -0.245604 5
-0.357992 -1.107900 -0.244614 5
-0.387379 -1.100584 -0.242156 5
-0.420070 -1.083254 -0.237111 5
-0.448330 -1.081931 -0.236187 5
-0.479637 -1.071712 -0.232963 5
-0.507727 -1.072379 -0.232546 5
-0.540014 -1.061283 -0.229083 5
-0.578178 -1.034802 -0.221630 5
-0.615183 -1.013643 -0.215541 5
-0.652643 -0.993080 -0.209593 5
-0.678441 -1.004347 -0.211899 5
-0.772017 -0.845686 -0.170045 7
-0.792552 -0.874365 -0.176844 7
-0.831896 -0.857513 -0.171799 7
-0.865101 -0.856313 -0.170821 7
-0.897450 -0.857700 -0.170513 7
-0.910228 -0.902408 -0.181512 7
-0.962217 -0.861915 -0.170264 7
-0.989167 -0.876068 -0.173286 7
-1.020234 -0.881806 -0.174106 7
-1.058872 -0.872926 -0.171094 7
-1.109593 -0.841793 -0.162236 7
-1.121943 -0.885045 -0.172887 7
-1.169121 -0.862861 -0.166358 7
-1.216592 -0.841818 -0.160113 7
-1.245624 -0.854784 -0.162805 7
-1.292305 -0.837533 -0.157534 7
-1.312992 -0.865373 -0.164144 7
-1.380779 -0.815329 -0.150194 7
1.385334 -0.854282 -0.185536 7
1.365629 -0.822068 -0.176663 7
1.346472 -0.786808 -0.166998 7
1.293339 -0.851020 -0.182770 7
1.265692 -0.841689 -0.179740 7
1.233715 -0.846087 -0.180228 7
1.204177 -0.843329 -0.178884 7
1.163264 -0.879839 -0.187622 7
1.145371 -0.837988 -0.176242 7
1.106218 -0.871833 -0.184314 7
1.083404 -0.846284 -0.177113 7
1.043424 -0.887799 -0.187181 7
1.021595 -0.857736 -0.178810 7
0.994610 -0.847990 -0.175672 7
0.971454 -0.820368 -0.167912 7
0.936324 -0.848016 -0.174430 7
0.909247 -0.838447 -0.171331 7
0.882523 -0.826504 -0.167614 7
0.843155 -0.884937 -0.182133 7
0.824258 -0.828748 -0.166944 7
0.787526 -0.879275 -0.179438 7
0.758292 -0.886340 -0.180660 7
0.733825 -0.860186 -0.173245 7
0.708477 -0.837348 -0.166682 7
0.677756 -0.857130 -0.171213 7
0.622637 -1.109777 -0.236471 5
0.600220 -1.077205 -0.227407 5
0.574615 -1.074382 -0.226098 5
0.545497 -1.117143 -0.236704 5
0.523693 -1.063577 -0.222126 5
0.498133 -1.057880 -0.220058 5
0.471536 -1.072462 -0.223301 5
0.446695 -1.047748 -0.216242 5
0.420723 -1.047396 -0.215567 5
0.394908 -1.037946 -0.212500 5
0.368605 -1.072372 -0.220965 5
0.342806 -1.045980 -0.213438 5
0.316577 -1.027285 -0.207925 5
0.291635 -1.081512 -0.221627 5
0.253432 -0.699355 -0.120203 7
0.223632 -0.691928 -0.117568 7
0.194451 -0.699548 -0.118906 7
0.165743 -0.712805 -0.121736 7
0.134368 -0.686264 -0.114031 7
0.105129 -0.692486 -0.114995 7
0.076364 -0.703004 -0.117098 7
0.050712 -0.742268 -0.126835 7
0.016617 -0.700278 -0.114997 7
-0.013923 -0.694614 -0.112796 7
-0.045012 -0.686218 -0.109863 7
-0.069834 -0.723318 -0.119043 7
-0.101205 -0.713352 -0.115686 7
-0.135289 -0.688587 -0.108372 7
-0.159628 -0.723346 -0.116942 7
-0.194595 -0.697047 -0.109200 7
-0.220222 -0.722137 -0.115194 7
-0.262895 -0.661985 -0.098362 7
-0.283770 -0.709531 -0.110371 7
-0.318650 -0.691157 -0.104709 7
-0.350942 -0.685939 -0.102566 7
-0.378546 -0.700754 -0.105802 7
-0.411991 -0.692202 -0.102752 7
-0.362218 -0.995794 -0.183775 5
-0.344513 -1.161477 -0.227765 5
-0.384877 -1.114510 -0.214443 5
-0.417736 -1.096442 -0.208898 5
-0.440503 -1.112623 -0.212601 5
-0.472181 -1.100511 -0.208648 5
-0.518221 -1.046527 -0.193338 5
-0.530540 -1.094659 -0.205688 5
-0.573815 -1.053050 -0.193695 5
-0.631273 -0.975756 -0.171975 5
-0.635100 -1.045790 -0.190285 5
-0.660248 -1.057421 -0.192723 5
-0.769192 -0.859459 -0.138026 7
-0.794518 -0.876309 -0.141827 7
-0.829204 -0.870715 -0.139499 7
-0.871298 -0.848982 -0.132746 7
-0.886649 -0.888872 -0.142842 7
-0.915780 -0.897255 -0.144319 7
-0.963108 -0.867151 -0.135232 7
-0.990311 -0.880863 -0.138153 7
-1.020436 -0.888620 -0.139435 7
-1.063254 -0.871606 -0.133894 7
-1.095639 -0.876114 -0.134263 7
-1.132627 -0.872404 -0.132357 7
-1.149455 -0.906505 -0.140882 7
-1.201399 -0.876744 -0.131758 7
-1.268822 -0.821876 -0.115652 7
-1.278126 -0.869665 -0.127955 7
-1.319357 -0.862564 -0.125043 7
-1.360026 -0.857378 -0.122646 7
1.359091 -0.850914 -0.148848 7
1.339275 -0.818291 -0.139569 7
1.337573 -0.730380 -0.115443 7
1.277884 -0.814981 -0.137598 7
1.232475 -0.860728 -0.149344 7
1.207897 -0.841876 -0.143738 7
1.165090 -0.884308 -0.154612 7
1.150494 -0.830798 -0.139667 7
1.115678 -0.847939 -0.143737 7
1.090811 -0.829011 -0.138086 7
1.045690 -0.889736 -0.153918 7
1.024691 -0.856050 -0.144278 7
0.993445 -0.864389 -0.145978 7
0.971485 -0.831800 -0.136611 7
0.932833 -0.876300 -0.148092 7
0.911865 -0.837085 -0.136915 7
0.881739 -0.842686 -0.137866 7
0.854232 -0.834802 -0.135159 7
0.825497 -0.833818 -0.134319 7
0.797478 -0.828727 -0.132360 7
0.768759 -0.828222 -0.131642 7
0.736248 -0.855758 -0.138549 7
0.710844 -0.832471 -0.131628 7
0.682501 -0.830757 -0.130571 7
0.627306 -1.079547 -0.197817 5
0.601045 -1.082791 -0.198158 5
0.575734 -1.076393 -0.195864 5
0.549780 -1.077180 -0.195527 5
0.525558 -1.052915 -0.188335 5
0.497555 -1.086839 -0.197057 5
0.473191 -1.058502 -0.188733 5
0.446743 -1.071526 -0.191734 5
0.421653 -1.044714 -0.183805 5
0.395598 -1.043508 -0.182892 5
0.369529 -1.041617 -0.181786 5
0.343556 -1.088431 -0.194072 5
0.317364 -1.044904 -0.181505 5
0.291742 -1.065152 -0.186484 5
0.251498 -0.625899 -0.064755 7
0.223192 -0.672663 -0.076956 7
0.193338 -0.672778 -0.076287 7
0.161119 -0.635655 -0.065317 7
0.133556 -0.673328 -0.075020 7
0.104932 -0.689592 -0.078806 7
0.073738 -0.675162 -0.074086 7
0.040635 -0.645535 -0.065136 7
0.014419 -0.682717 -0.074717 7
-0.018503 -0.659844 -0.067618 7
-0.045483 -0.685604 -0.074031 7
-0.078927 -0.663185 -0.067034 7
-0.099680 -0.726924 -0.084030 7
-0.134119 -0.699715 -0.075682 7
-0.168738 -0.675224 -0.068072 7
-0.188810 -0.732927 -0.083412 7
-0.236191 -0.644802 -0.057981 7
-0.263594 -0.663568 -0.062425 7
-0.284086 -0.713168 -0.075513 7
-0.322170 -0.680883 -0.065647 7
-0.347018 -0.708014 -0.072440 7
-0.384542 -0.682077 -0.064322 7
-0.354736 -0.920257 -0.130501 5
-0.364342 -0.993161 -0.150253 5
-0.375156 -1.056679 -0.167391 5
-0.390686 -1.099719 -0.178777 5
-0.405860 -1.141364 -0.189786 5
-0.440959 -1.116617 -0.182032 5
-0.467552 -1.120444 -0.182345 5
-0.496012 -1.118933 -0.181137 5
-0.527278 -1.109889 -0.177782 5
-0.590075 -1.013256 -0.149528 5
-0.601883 -1.062072 -0.162570 5
-0.640080 -1.038728 -0.155086 5
-0.680845 -1.010698 -0.146241 5
-0.763720 -0.879811 -0.108011 7
-0.789592 -0.894994 -0.111419 7
-0.826744 -0.883346 -0.107149 7
-0.856313 -0.890318 -0.108192 7
-0.879503 -0.911769 -0.113379 7
-0.927738 -0.878237 -0.102781 7
-0.964715 -0.870885 -0.099672 7
-0.993058 -0.882367 -0.101964 7
-1.027200 -0.882221 -0.100900 7
-1.068879 -0.867896 -0.095728 7
-1.110878 -0.854280 -0.090736 7
-1.129980 -0.884855 -0.098503 7
-1.178579 -0.860687 -0.090418 7
-1.214365 -0.861192 -0.089455 7
-1.243348 -0.874228 -0.092116 7
-1.255533 -0.916038 -0.103142 7
-1.314642 -0.878323 -0.091014 7
-1.345448 -0.889161 -0.093004 7
1.378963 -0.806357 -0.100941 7
1.354309 -0.785979 -0.094795 7
1.341396 -0.730169 -0.078687 7
1.276140 -0.831114 -0.106602 7
1.246193 -0.828052 -0.105301 7
1.209248 -0.848259 -0.110540 7
1.182504 -0.835921 -0.106620 7
1.145897 -0.857958 -0.112370 7
1.117014 -0.854026 -0.110804 7
1.086780 -0.855493 -0.110754 7
1.061077 -0.839669 -0.105820 7
1.029283 -0.848250 -0.107765 7
1.000932 -0.843272 -0.105876 7
0.972914 -0.836873 -0.103578 7
0.936689 -0.869457 -0.112297 7
0.915268 -0.831877 -0.101166 7
0.885815 -0.833152 -0.101017 7
0.854874 -0.843434 -0.103415 7
0.832098 -0.807173 -0.092614 7
0.797329 -0.842387 -0.102072 7
0.767053 -0.852734 -0.104477 7
0.741960 -0.827666 -0.096818 7
0.710824 -0.846352 -0.101581 7
0.684582 -0.827318 -0.095615 7
0.626550 -1.100014 -0.172684 5
0.601818 -1.088933 -0.169013 5
0.575618 -1.092562 -0.169525 5
0.550097 -1.088887 -0.167949 5
0.527317 -1.044064 -0.154616 5
0.502905 -1.012517 -0.145052 5
0.474659 -1.048814 -0.154865 5
0.446884 -1.092513 -0.166805 5
0.422477 -1.046107 -0.152955 5
0.396042 -1.063144 -0.157259 5
0.369921 -1.084480 -0.162797 5
0.344126 -1.065548 -0.156779 5
0.317956 -1.047140 -0.150896 5
0.292458 -1.075406 -0.158414 5
0.251154 -0.600573 -0.021184 7
0.221430 -0.622122 -0.026660 7
0.190059 -0.604653 -0.020892 7
0.160988 -0.630066 -0.027476 7
0.128930 -0.607875 -0.020320 7
0.098814 -0.615108 -0.021645 7
0.067103 -0.604129 -0.017697 7
0.036867 -0.610200 -0.018669 7
0.011187 -0.656038 -0.031155 7
-0.024167 -0.616354 -0.018855 7
-0.050917 -0.647795 -0.027168 7
-0.084419 -0.628294 -0.020687 7
-0.118544 -0.607897 -0.013924 7
-0.149931 -0.607308 -0.012905 7
-0.175605 -0.640137 -0.021611 7
-0.200591 -0.673596 -0.030507 7
-0.241362 -0.623118 -0.014907 7
-0.273057 -0.622509 -0.013839 7
-0.312500 -0.586644 -0.002445 7
-0.331802 -0.643674 -0.018220 7
-0.364493 -0.639698 -0.016133 7
-0.394360 -0.648060 -0.017652 7
-0.357137 -0.916295 -0.095501 5
-0.356668 -1.027036 -0.127194 5
-0.374320 -1.064972 -0.137512 5
-0.393749 -1.094485 -0.145360 5
-0.402062 -1.159303 -0.163633 5
-0.436659 -1.135868 -0.155868 5
-0.479047 -1.090415 -0.141563 5
-0.502692 -1.104582 -0.144866 5
-0.553930 -1.038427 -0.124356 5
-0.582666 -1.040091 -0.123913 5
-0.611158 -1.042860 -0.123786 5
-0.630992 -1.068856 -0.130556 5
-0.740271 -0.864788 -0.068797 7
-0.768674 -0.874170 -0.070534 7
-0.809372 -0.853891 -0.063403 7
-0.841380 -0.855761 -0.062864 7
-0.862916 -0.882097 -0.069635 7
-0.887444 -0.900989 -0.074177 7
-0.918115 -0.906182 -0.074604 7
-0.947901 -0.913594 -0.075684 7
-0.994081 -0.887464 -0.066651 7
-1.018237 -0.907516 -0.071502 7
-1.068918 -0.875208 -0.060540 7
-1.100614 -0.881424 -0.061179 7
-1.130672 -0.891052 -0.062836 7
-1.163189 -0.896399 -0.063181 7
-1.210117 -0.876466 -0.055830 7
-1.225851 -0.912448 -0.065451 7
-1.279588 -0.882772 -0.055073 7
-1.321430 -0.874896 -0.051297 7
-1.334330 -0.915184 -0.062214 7
-1.427854 -0.825994 -0.033492 7
1.359904 -0.869780 -0.083328 7
1.356062 -0.791852 -0.060166 7
1.356232 -0.697601 -0.032188 7
1.324192 -0.695649 -0.031273 7
1.247059 -0.836159 -0.072185 7
1.221129 -0.820333 -0.067190 7
1.185377 -0.837126 -0.071770 7
1.155237 -0.836087 -0.071100 7
1.130286 -0.816633 -0.065004 7
1.092175 -0.846090 -0.073288 7
1.058411 -0.861414 -0.077410 7
1.045122 -0.794202 -0.057211 7
0.998818 -0.863797 -0.077306 7
0.974433 -0.841575 -0.070336 7
0.943930 -0.846704 -0.071420 7
0.915075 -0.844718 -0.070395 7
0.888339 -0.831931 -0.066170 7
0.853268 -0.864561 -0.075353 7
0.828279 -0.842272 -0.068298 7
0.796105 -0.862751 -0.073879 7
0.775308 -0.810303 -0.057869 7
0.741684 -0.843033 -0.067062 7
0.710991 -0.858738 -0.071210 7
0.653890 -1.100435 -0.142377 5
0.628274 -1.097481 -0.141021 5
0.601249 -1.108755 -0.143881 5
0.576010 -1.102874 -0.141639 5
0.553509 -1.060920 -0.128658 5
0.523972 -1.110468 -0.142878 5
0.500044 -1.080981 -0.133575 5
0.473995 -1.083918 -0.133912 5
0.448149 -1.083584 -0.133264 5
0.423249 -1.049561 -0.122555 5
0.396589 -1.076639 -0.130066 5
0.370843 -1.056826 -0.123567 5
0.344807 -1.084976 -0.131393 5
0.318907 -1.078460 -0.128845 5
0.282614 -0.612473 0.011340 7
0.252739 -0.634493 0.005470 7
0.221557 -0.615776 0.011823 7
0.189937 -0.596412 0.018392 7
0.162387 -0.648923 0.003385 7
0.129468 -0.613460 0.014823 7
0.097116 -0.594041 0.021463 7
0.066065 -0.593434 0.022459 7
0.036187 -0.604892 0.019831 7
0.005583 -0.608435 0.019599 7
-0.029161 -0.578376 0.029530 7
-0.055575 -0.615887 0.019060 7
-0.085447 -0.624567 0.017308 7
-0.118853 -0.609703 0.022701 7
-0.151632 -0.601093 0.026219 7
-0.182331 -0.605985 0.025659 7
-0.212308 -0.614818 0.023914 7
-0.243796 -0.615552 0.024642 7
-0.274080 -0.622645 0.023449 7
-0.309457 -0.606081 0.029480 7
-0.346672 -0.583536 0.037362 7
-0.373935 -0.605524 0.031672 7
-0.317494 -0.963869 -0.076890 5
-0.345336 -0.967306 -0.077013 5
-0.366085 -0.997338 -0.085274 5
-0.379885 -1.050410 -0.100613 5
-0.400753 -1.075759 -0.107456 5
-0.412705 -1.129347 -0.122988 5
-0.429809 -1.163230 -0.132476 5
-0.489738 -1.063035 -0.100626 5
-0.517041 -1.067425 -0.100974 5
-0.540570 -1.082976 -0.104760 5
-0.561183 -1.106248 -0.110931 5
-0.595433 -1.091620 -0.105355 5
-0.628227 -1.082240 -0.101378 5
-0.756725 -0.829416 -0.021708 7
-0.779492 -0.854048 -0.028159 7
-0.809698 -0.859959 -0.028775 7
-0.840498 -0.864757 -0.029028 7
-0.891848 -0.823005 -0.014712 7
-0.900944 -0.877962 -0.030609 7
-0.937340 -0.871606 -0.027312 7
-0.978960 -0.855184 -0.020825 7
-1.007119 -0.867888 -0.023457 7
-1.019086 -0.913056 -0.036302 7
-1.063399 -0.893405 -0.028719 7
-1.110341 -0.870317 -0.020004 7
-1.137811 -0.885256 -0.023274 7
-1.155728 -0.917540 -0.032032 7
-1.184137 -0.930344 -0.034611 7
-1.240499 -0.894667 -0.021752 7
-1.282219 -0.886127 -0.017472 7
-1.299940 -0.918493 -0.026214 7
-1.331805 -0.927163 -0.027382 7
-1.427616 -0.834585 0.003915 7
1.348371 -0.824579 -0.033652 7
1.346310 -0.737981 -0.006937 7
1.323578 -0.708838 0.002212 7
1.268119 -0.780943 -0.019632 7
1.219141 -0.837737 -0.036784 7
1.191607 -0.827094 -0.033264 7
1.167345 -0.804793 -0.026156 7
1.125843 -0.843925 -0.037869 7
1.098867 -0.831933 -0.033893 7
1.068659 -0.832232 -0.033673 7
1.039576 -0.828512 -0.032207 7
1.011750 -0.819622 -0.029138 7
0.977513 -0.839296 -0.034831 7
0.955252 -0.804962 -0.023914 7
0.916123 -0.851366 -0.037803 7
0.888744 -0.841890 -0.034500 7
0.857964 -0.850708 -0.036812 7
0.830845 -0.839665 -0.032998 7
0.804928 -0.820247 -0.026587 7
0.771685 -0.847632 -0.034583 7
0.745570 -0.828522 -0.028236 7
0.715143 -0.840288 -0.031397 7
0.652462 -1.125302 -0.118913 5
0.625278 -1.138368 -0.122504 5
0.601327 -1.121905 -0.116961 5
0.576018 -1.117486 -0.115126 5
0.550961 -1.109237 -0.112091 5
0.527107 -1.081495 -0.103004 5
0.501512 -1.074479 -0.100316 5
0.473979 -1.105177 -0.109307 5
0.449066 -1.084072 -0.102224 5
0.421963 -1.126156 -0.114740 5
0.396713 -1.113317 -0.110196 5
0.371213 -1.100027 -0.105493 5
0.345478 -1.102161 -0.105571 5
0.314004 -0.625196 0.043557 7
0.283653 -0.633355 0.041740 7
0.253000 -0.627519 0.044300 7
0.221094 -0.595374 0.055090 7
0.191843 -0.626845 0.046040 7
0.161862 -0.637001 0.043655 7
0.128880 -0.603513 0.054937 7
0.100421 -0.633468 0.046384 7
0.070391 -0.640514 0.045012 7
0.038809 -0.631654 0.048644 7
0.008257 -0.634056 0.048762 7
-0.025048 -0.614298 0.055861 7
-0.055265 -0.621246 0.054587 7
-0.090166 -0.595214 0.063714 7
-0.118299 -0.617131 0.057758 7
-0.152994 -0.596978 0.065084 7
-0.179618 -0.625952 0.056922 7
-0.214141 -0.609616 0.063089 7
-0.250024 -0.588645 0.070753 7
-0.277637 -0.610516 0.064874 7
-0.305137 -0.631380 0.059319 7
-0.344237 -0.599830 0.070417 7
-0.370583 -0.625329 0.063419 7
-0.312081 -0.990836 -0.051815 5
-0.325709 -1.048358 -0.069143 5
-0.353021 -1.051113 -0.069021 5
-0.375070 -1.072929 -0.074972 5
-0.382400 -1.144138 -0.096721 5
-0.416640 -1.121739 -0.088526 5
-0.453997 -1.091471 -0.077771 5
-0.500499 -1.035598 -0.058747 5
-0.521049 -1.061293 -0.065884 5
-0.539196 -1.092800 -0.074893 5
-0.564571 -1.102672 -0.076933 5
-0.590705 -1.110423 -0.078276 5
-0.614289 -1.124943 -0.081792 5
-0.757801 -0.833459 0.013791 7
-0.785885 -0.845028 0.011396 7
-0.823818 -0.832855 0.016727 7
-0.860116 -0.825791 0.020434 7
-0.883437 -0.849273 0.014224 7
-0.915558 -0.852632 0.014584 7
-0.942642 -0.867312 0.011267 7
-0.993899 -0.831032 0.024648 7
-1.027790 -0.832817 0.025615 7
-1.050583 -0.857348 0.019138 7
-1.077053 -0.874161 0.015204 7
-1.109834 -0.878806 0.015292 7
-1.126273 -0.914254 0.005236 7
-1.184671 -0.872556 0.020692 7
-1.219008 -0.876104 0.021236 7
-1.226144 -0.927286 0.005991 7
-1.282473 -0.893548 0.018972 7
-1.324332 -0.885947 0.023319 7
-1.338458 -0.924273 0.012371 7
-1.441018 -0.821590 0.048610 7
1.372981 -0.765735 0.021488 7
1.358805 -0.712632 0.038516 7
1.321120 -0.727576 0.033861 7
1.249033 -0.851658 -0.005594 7
1.233763 -0.801350 0.010600 7
1.200960 -0.806742 0.009041 7
1.166092 -0.820324 0.004885 7
1.137313 -0.813533 0.007248 7
1.104827 -0.820727 0.005164 7
1.077990 -0.806958 0.009792 7
1.037940 -0.846626 -0.002634 7
1.009185 -0.842163 -0.000947 7
0.981225 -0.834283 0.001851 7
0.949050 -0.846003 -0.001601 7
0.925092 -0.818891 0.007383 7
0.891516 -0.839518 0.001113 7
0.862907 -0.835701 0.002681 7
0.839473 -0.801746 0.013918 7
0.806258 -0.824818 0.006909 7
0.779958 -0.805667 0.013445 7
0.749781 -0.811926 0.011854 7
0.677143 -1.146400 -0.095028 5
0.649432 -1.163392 -0.100086 5
0.625914 -1.145764 -0.094016 5
0.605826 -1.090523 -0.075839 5
0.573925 -1.155590 -0.096308 5
0.552200 -1.109175 -0.080922 5
0.521837 -1.174915 -0.101605 5
0.497516 -1.161080 -0.096668 5
0.472981 -1.146402 -0.091439 5
0.447521 -1.148497 -0.091598 5
0.422597 -1.133853 -0.086341 5
0.396420 -1.171689 -0.098009 5
0.371322 -1.172336 -0.097661 5
0.345314 -0.644507 0.073593 7
0.314544 -0.614489 0.084019 7
0.284065 -0.625826 0.081087 7
0.253384 -0.624253 0.082352 7
0.223431 -0.641220 0.077624 7
0.192544 -0.634286 0.080666 7
0.161934 -0.634575 0.081384 7
0.130402 -0.622633 0.086099 7
0.099318 -0.619581 0.087947 7
0.069081 -0.626885 0.086445 7
0.042154 -0.665424 0.074775 7
0.006530 -0.620786 0.090246 7
-0.020017 -0.657610 0.079157 7
-0.054287 -0.631606 0.088607 7
-0.080615 -0.665023 0.078649 7
-0.118442 -0.620052 0.094371 7
-0.146674 -0.639551 0.089003 7
-0.181229 -0.621203 0.096068 7
-0.214457 -0.612643 0.099952 7
-0.235537 -0.667578 0.082976 7
-0.274376 -0.631491 0.095962 7
-0.303293 -0.645221 0.092572 7
-0.337152 -0.636542 0.096594 7
-0.371895 -0.625518 0.101421 7
-0.310079 -1.004031 -0.022621 5
-0.326560 -1.050245 -0.036849 5
-0.345948 -1.082552 -0.046479 5
-0.375677 -1.076116 -0.043246 5
-0.414034 -1.041143 -0.030492 5
-0.432861 -1.073660 -0.040162 5
-0.451747 -1.104242 -0.049192 5
-0.482202 -1.097689 -0.045824 5
-0.514050 -1.087955 -0.041363 5
-0.544774 -1.082616 -0.038340 5
-0.556812 -1.130220 -0.053043 5
-0.594758 -1.105464 -0.043463 5
-0.614740 -1.129792 -0.050343 5
-0.768123 -0.814020 0.057367 7
-0.806594 -0.800743 0.063359 7
-0.833059 -0.817648 0.059195 7
-0.852126 -0.851511 0.049303 7
-0.892212 -0.836435 0.056001 7
-0.921332 -0.847026 0.054029 7
-0.971871 -0.811581 0.067744 7
-0.988822 -0.849048 0.056681 7
-1.011859 -0.872828 0.050280 7
-1.059795 -0.846425 0.061055 7
-1.088150 -0.860050 0.058179 7
-1.125855 -0.855930 0.061417 7
-1.155734 -0.867170 0.059413 7
-1.170399 -0.906087 0.047891 7
-1.226231 -0.871102 0.061884 7
-1.262226 -0.872654 0.063320 7
-1.296789 -0.877242 0.063741 7
-1.317961 -0.904428 0.056344 7
-1.341989 -0.926502 0.050730 7
1.360487 -0.719033 0.074366 7
1.323202 -0.732595 0.069861 7
1.294231 -0.721842 0.073448 7
1.233863 -0.812123 0.043529 7
1.199188 -0.823797 0.039716 7
1.160880 -0.849542 0.031254 7
1.139336 -0.817496 0.041994 7
1.102736 -0.839864 0.034693 7
1.082842 -0.799456 0.048254 7
1.038126 -0.857251 0.029228 7
1.007208 -0.862096 0.027804 7
0.992011 -0.797846 0.049354 7
0.958317 -0.814394 0.044085 7
0.928355 -0.814862 0.044179 7
0.900377 -0.805649 0.047512 7
0.866649 -0.827502 0.040535 7
0.841749 -0.801209 0.049591 7
0.808797 -0.821955 0.043019 7
0.773755 -0.859932 0.030725 7
0.753303 -0.800469 0.050895 7
0.680036 -1.136550 -0.060696 5
0.655376 -1.126623 -0.057022 5
0.628822 -1.132559 -0.058617 5
0.601249 -1.150404 -0.064170 5
0.574847 -1.159755 -0.066875 5
0.550304 -1.148635 -0.062728 5
0.524234 -1.156762 -0.064991 5
0.499766 -1.141151 -0.059302 5
0.472281 -1.181013 -0.072148 5
0.449743 -1.115249 -0.049632 5
0.426126 -1.041235 -0.024306 5
0.399652 -1.040280 -0.023419 5
0.373328 -1.020452 -0.016183 5
0.346668 -1.043560 -0.023328 5
0.315663 -0.652753 0.108563 7
0.285218 -0.652081 0.109529 7
0.255818 -0.685124 0.099176 7
0.223975 -0.644606 0.113594 7
0.193495 -0.646507 0.113764 7
0.161116 -0.617846 0.124262 7
0.134919 -0.683084 0.103111 7
0.102431 -0.656696 0.112894 7
0.070092 -0.638263 0.120026 7
0.042197 -0.667149 0.111183 7
0.009374 -0.647885 0.118654 7
-0.017691 -0.678978 0.109090 7
-0.054787 -0.630933 0.126386 7
-0.086782 -0.625704 0.129195 7
-0.111516 -0.668727 0.115625 7
-0.145076 -0.653401 0.121913 7
-0.177813 -0.645163 0.125822 7
-0.207530 -0.654682 0.123707 7
-0.241952 -0.639794 0.129946 7
-0.278699 -0.615762 0.139351 7
-0.303992 -0.647348 0.129763 7
-0.339583 -0.631422 0.136462 7
-0.371513 -0.632852 0.137247 7
-0.398620 -0.654098 0.131251 7
-0.337549 -1.013185 0.009039 5
-0.356343 -1.049424 -0.002253 5
-0.380330 -1.064971 -0.006414 5
-0.402284 -1.086826 -0.012742 5
-0.427717 -1.096173 -0.014738 5
-0.458870 -1.087221 -0.010378 5
-0.484441 -1.096532 -0.012316 5
-0.506052 -1.117504 -0.018286 5
-0.539654 -1.103235 -0.011989 5
-0.571409 -1.095532 -0.007936 5
-0.579560 -1.152445 -0.026396 5
-0.642840 -1.062402 0.006481 5
-0.784860 -0.778452 0.107385 7
-0.806949 -0.806873 0.099098 7
-0.836659 -0.816073 0.097565 7
-0.870398 -0.816011 0.099317 7
-0.907149 -0.809759 0.103289 7
-0.921424 -0.854030 0.089463 7
-0.975802 -0.810518 0.106678 7
-1.005462 -0.821590 0.104641 7
-1.024442 -0.854536 0.094860 7
-1.041271 -0.890779 0.083902 7
-1.098870 -0.846808 0.101536 7
-1.125531 -0.864182 0.097358 7
-1.164946 -0.857828 0.101693 7
-1.181769 -0.893218 0.091106 7
-1.231373 -0.869858 0.101634 7
-1.262890 -0.879403 0.100389 7
-1.325394 -0.837040 0.117922 7
-1.336909 -0.881193 0.104258 7
-1.364127 -0.898835 0.100190 7
1.375475 -0.780850 0.091382 7
1.352510 -0.753481 0.100674 7
1.320361 -0.752418 0.100919 7
1.263640 -0.828076 0.074743 7
1.237489 -0.811581 0.080363 7
1.202572 -0.823648 0.076163 7
1.167740 -0.836926 0.071572 7
1.145630 -0.806185 0.082179 7
1.115287 -0.804279 0.082872 7
1.078597 -0.827484 0.074933 7
1.049237 -0.823545 0.076376 7
1.007986 -0.870268 0.060375 7
0.981088 -0.858228 0.064658 7
0.952608 -0.852933 0.066640 7
0.925239 -0.842218 0.070517 7
0.890264 -0.870209 0.061064 7
0.864283 -0.852834 0.067287 7
0.837755 -0.837088 0.072974 7
0.812650 -0.811117 0.082218 7
0.781134 -0.824377 0.077941 7
0.747299 -0.856515 0.067161 7
0.684553 -1.114520 -0.021675 5
0.658517 -1.113499 -0.020988 5
0.630250 -1.132955 -0.027363 5
0.601211 -1.164562 -0.037927 5
0.579319 -1.124655 -0.023720 5
0.556547 -1.086062 -0.009934 5
0.532518 -1.054711 0.001377 5
0.504361 -1.082342 -0.007731 5
0.479056 -1.064280 -0.000975 5
0.453069 -1.054742 0.002851 5
0.427343 -1.030167 0.011926 5
0.399508 -1.090755 -0.008566 5
0.374262 -0.999249 0.023833 5
0.347310 -1.027853 0.014497 5
0.316350 -0.654194 0.145262 7
0.286574 -0.687990 0.134234 7
0.256764 -0.699605 0.130951 7
0.223692 -0.628177 0.156673 7
0.193357 -0.637804 0.154146 7
0.163825 -0.657723 0.148044 7
0.134304 -0.672749 0.143669 7
0.101926 -0.650044 0.152525 7
0.074461 -0.685785 0.140937 7
0.038661 -0.634167 0.160002 7
0.010954 -0.663827 0.150587 7
-0.019764 -0.664767 0.151275 7
-0.053996 -0.639917 0.161065 7
-0.082513 -0.658781 0.155505 7
-0.111101 -0.675236 0.150810 7
-0.142794 -0.671387 0.153299 7
-0.178132 -0.647814 0.162790 7
-0.206481 -0.665032 0.157900 7
-0.242850 -0.640201 0.167918 7
-0.267760 -0.673796 0.157272 7
-0.309284 -0.628421 0.174663 7
-0.335167 -0.656336 0.166076 7
-0.369607 -0.646572 0.170906 7
-0.395339 -0.673095 0.162846 7
-0.433247 -0.651305 0.172035 7
-0.409917 -0.857427 0.099841 7
-0.365164 -1.124095 0.005815 5
-0.399621 -1.101382 0.015240 5
-0.427162 -1.103556 0.015788 5
-0.460304 -1.088351 0.022610 5
-0.483204 -1.106063 0.017633 5
-0.504592 -1.127613 0.011285 5
-0.529366 -1.138603 0.008757 5
-0.553969 -1.149908 0.006135 5
-0.584099 -1.146196 0.008973 5
-0.682743 -0.964612 0.076384 5
-0.783299 -0.789418 0.141734 7
-0.817537 -0.787881 0.144118 7
-0.854971 -0.779428 0.149068 7
-0.872529 -0.818231 0.136804 7
-0.925074 -0.776525 0.154002 7
-0.947437 -0.804050 0.145910 7
-0.974384 -0.820974 0.141718 7
-1.007718 -0.824350 0.142536 7
-1.032562 -0.845477 0.136845 7
-1.051080 -0.878760 0.126676 7
-1.110779 -0.831396 0.146380 7
-1.132272 -0.859113 0.138332 7
-1.184042 -0.830384 0.151292 7
-1.190188 -0.885793 0.132974 7
-1.228451 -0.882863 0.136420 7
-1.263402 -0.886439 0.137486 7
-1.305889 -0.877898 0.143151 7
-1.328332 -0.903333 0.136097 7
1.362187 -0.829109 0.111910 7
1.332576 -0.727228 0.147871 7
1.267788 -0.826296 0.112219 7
1.237446 -0.822863 0.113275 7
1.205879 -0.823840 0.112783 7
1.166503 -0.852349 0.102475 7
1.148956 -0.805662 0.119086 7
1.109181 -0.838428 0.107315 7
1.080910 -0.829970 0.110313 7
1.050221 -0.831132 0.109900 7
1.015341 -0.850683 0.102940 7
0.987068 -0.843432 0.105591 7
0.959198 -0.834166 0.108992 7
0.931690 -0.822747 0.113190 7
0.898693 -0.838909 0.107552 7
0.870109 -0.833487 0.109661 7
0.835198 -0.864456 0.098776 7
0.811328 -0.832223 0.110535 7
0.779617 -0.847540 0.105303 7
0.747504 -0.868484 0.098081 7
0.685896 -1.116857 0.009414 5
0.658039 -1.130372 0.004872 5
0.632512 -1.125951 0.006778 5
0.610260 -1.088730 0.020473 5
0.584493 -1.082333 0.023144 5
0.559389 -1.066586 0.029198 5
0.532021 -1.078984 0.025177 5
0.506309 -1.068578 0.029368 5
0.480823 -1.049898 0.036561 5
0.453615 -1.065544 0.031442 5
0.428517 -1.021091 0.047968 5
0.400815 -1.064954 0.032740 5
0.374584 -1.046564 0.039946 5
0.348005 -1.052879 0.038280 5
0.321251 -1.032486 0.046270 5
0.286617 -0.662906 0.180349 7
0.255824 -0.654305 0.184245 7
0.224994 -0.649550 0.186785 7
0.194921 -0.661783 0.183211 7
0.164943 -0.672081 0.180362 7
0.133493 -0.659681 0.185763 7
0.102031 -0.650764 0.189939 7
0.074367 -0.685263 0.178390 7
0.039841 -0.646936 0.193312 7
0.010918 -0.665513 0.187595 7
-0.019420 -0.670126 0.186982 7
-0.049657 -0.675353 0.186173 7
-0.084081 -0.651428 0.196028 7
-0.112111 -0.672560 0.189479 7
-0.145666 -0.658197 0.195924 7
-0.171485 -0.690106 0.185478 7
-0.206757 -0.668279 0.194730 7
-0.239138 -0.664055 0.197577 7
-0.267503 -0.680200 0.192981 7
-0.299213 -0.680025 0.194408 7
-0.345978 -0.614665 0.219875 7
-0.370815 -0.647285 0.209313 7
-0.396956 -0.672494 0.201492 7
-0.438439 -0.637475 0.215952 7
-0.403952 -0.885116 0.125831 7
-0.373226 -1.100934 0.047285 5
-0.395652 -1.120365 0.041464 5
-0.416142 -1.145257 0.033625 5
-0.443288 -1.147873 0.034088 5
-0.466604 -1.162530 0.030091 5
-0.506689 -1.127218 0.044782 5
-0.535146 -1.127947 0.046064 5
-0.559353 -1.140923 0.042790 5
-0.583726 -1.153195 0.039801 5
-0.615323 -1.146483 0.043976 5
-0.757525 -0.861505 0.153066 7
-0.794734 -0.850901 0.158999 7
-0.831908 -0.841591 0.164501 7
-0.905215 -0.749721 0.201352 7
-0.918170 -0.799473 0.184608 7
-0.931795 -0.845762 0.169156 7
-0.993462 -0.787655 0.193484 7
-1.001174 -0.845473 0.173665 7
-1.044946 -0.827881 0.182675 7
-1.078535 -0.831966 0.183450 7
-1.114073 -0.832756 0.185538 7
-1.125788 -0.879035 0.170150 7
-1.168646 -0.866552 0.177433 7
-1.210422 -0.857273 0.183556 7
-1.246626 -0.858879 0.185529 7
-1.278351 -0.868777 0.184333 7
-1.321119 -0.860447 0.190288 7
-1.353329 -0.870474 0.189145 7
1.373520 -0.808482 0.157049 7
1.329273 -0.748475 0.178572 7
1.278762 -0.803622 0.157796 7
1.236498 -0.837032 0.145126 7
1.207922 -0.828298 0.148118 7
1.179308 -0.819634 0.151117 7
1.151217 -0.809025 0.154868 7
1.102527 -0.874427 0.130489 7
1.083883 -0.829987 0.146841 7
1.051233 -0.838638 0.143555 7
1.019297 -0.845651 0.140909 7
0.991774 -0.834465 0.145036 7
0.960435 -0.840387 0.142857 7
0.927817 -0.853714 0.137967 7
0.899642 -0.846294 0.140793 7
0.866913 -0.863252 0.134619 7
0.842717 -0.833845 0.145655 7
0.811341 -0.845088 0.141660 7
0.780865 -0.852563 0.139090 7
0.748994 -0.871447 0.132320 7
0.689071 -1.105457 0.045797 5
0.662191 -1.109286 0.044643 5
0.635027 -1.116874 0.042120 5
0.614033 -1.065787 0.061404 5
0.590052 -1.036407 0.072669 5
0.560423 -1.069796 0.060652 5
0.538221 -1.008492 0.083845 5
0.507791 -1.062831 0.064090 5
0.481738 -1.052857 0.068268 5
0.456495 -1.018129 0.081691 5
0.427738 -1.077773 0.060013 5
0.401523 -1.070733 0.063185 5
0.375241 -1.056274 0.069155 5
0.348687 -1.071270 0.064172 5
0.321839 -1.031850 0.079524 5
0.287285 -0.666615 0.216636 7
0.256548 -0.661441 0.219373 7
0.226055 -0.665195 0.218806 7
0.196033 -0.677106 0.215216 7
0.166055 -0.686347 0.212654 7
0.135495 -0.685458 0.213919 7
0.105649 -0.694000 0.211679 7
0.070424 -0.643308 0.231721 7
0.040591 -0.655546 0.228170 7
0.015586 -0.708642 0.209267 7
-0.019879 -0.669016 0.225294 7
-0.044780 -0.714743 0.209196 7
-0.083851 -0.656550 0.232333 7
-0.112942 -0.671077 0.228070 7
-0.144120 -0.671748 0.229073 7
-0.177897 -0.658163 0.235514 7
-0.211761 -0.646228 0.241380 7
-0.236179 -0.684051 0.228402 7
-0.276186 -0.643613 0.245180 7
-0.297967 -0.691103 0.228565 7
-0.339324 -0.649372 0.245952 7
-0.374289 -0.638602 0.251604 7
-0.416344 -0.601100 0.267526 7
-0.447655 -0.608375 0.266393 7
-0.339588 -1.126966 0.069310 5
-0.361823 -1.146553 0.063231 5
-0.396734 -1.122163 0.074072 5
-0.430146 -1.104969 0.082209 5
-0.453978 -1.119745 0.078076 5
-0.484619 -1.113292 0.082164 5
-0.519583 -1.095063 0.090857 5
-0.540320 -1.119114 0.083226 5
-0.573393 -1.108137 0.089205 5
-0.601494 -1.111684 0.089592 5
-0.630822 -1.112384 0.091125 5
-0.764016 -0.852052 0.194607 7
-0.793946 -0.859829 0.193652 7
-0.826506 -0.861534 0.195115 7
-0.869342 -0.840028 0.205741 7
-0.900333 -0.846944 0.205269 7
-0.941632 -0.831577 0.213626 7
-0.981800 -0.820068 0.220538 7
-1.025986 -0.801463 0.230334 7
-1.066221 -0.792456 0.236412 7
-1.080193 -0.836378 0.221513 7
-1.113858 -0.840926 0.222289 7
-1.159401 -0.823632 0.231847 7
-1.174319 -0.863971 0.218414 7
-1.222749 -0.843132 0.229532 7
-1.247434 -0.865458 0.223380 7
-1.295413 -0.847680 0.233435 7
-1.335805 -0.844077 0.237859 7
1.340125 -0.727727 0.225179 7
1.279040 -0.813994 0.191599 7
1.240755 -0.834669 0.183268 7
1.215045 -0.816111 0.190041 7
1.184961 -0.811679 0.191427 7
1.150026 -0.824694 0.186156 7
1.117274 -0.831308 0.183379 7
1.094423 -0.801028 0.194790 7
1.047824 -0.863900 0.170515 7
1.024870 -0.833984 0.181857 7
0.994970 -0.832296 0.182411 7
0.964185 -0.835093 0.181281 7
0.930762 -0.851522 0.174961 7
0.903404 -0.839371 0.179632 7
0.875887 -0.827268 0.184319 7
0.836352 -0.882954 0.163054 7
0.807348 -0.882295 0.163422 7
0.784239 -0.843849 0.178314 7
0.751607 -0.866683 0.169743 7
0.688768 -1.120380 0.072640 5
0.666883 -1.084131 0.086778 5
0.643393 -1.055990 0.097843 5
0.615433 -1.066429 0.094134 5
0.589023 -1.062862 0.095832 5
0.561837 -1.068438 0.094050 5
0.538183 -1.026585 0.110526 5
0.509640 -1.051326 0.101443 5
0.483398 -1.041243 0.105778 5
0.456431 -1.044531 0.105003 5
0.428572 -1.080075 0.091837 5
0.401641 -1.106183 0.082324 5
0.375743 -1.082007 0.092214 5
0.349362 -1.081874 0.092874 5
0.323062 -1.089947 0.090398 5
0.288256 -0.684662 0.247604 7
0.258536 -0.709039 0.238995 7
0.227297 -0.685224 0.249048 7
0.196794 -0.685641 0.249773 7
0.166397 -0.688180 0.249713 7
0.133516 -0.656203 0.263072 7
0.104398 -0.678308 0.255503 7
0.074635 -0.689124 0.252343 7
0.041578 -0.666444 0.262235 7
0.014241 -0.698810 0.250762 7
-0.016548 -0.698484 0.252039 7
-0.046476 -0.705188 0.250614 7
-0.082405 -0.670075 0.265547 7
-0.108331 -0.704658 0.253314 7
-0.151471 -0.631656 0.283182 7
-0.180120 -0.650100 0.277339 7
-0.223044 -0.590707 0.302046 7
-0.245802 -0.640345 0.284044 7
-0.282213 -0.619952 0.293568 7
-0.315864 -0.614758 0.297173 7
-0.342556 -0.640954 0.288456 7
-0.385698 -0.597004 0.307444 7
-0.419423 -0.594927 0.309976 7
-0.312585 -1.129684 0.100046 5
-0.333610 -1.154126 0.091847 5
-0.370083 -1.122832 0.105789 5
-0.401099 -1.112884 0.111322 5
-0.443923 -1.065648 0.131761 5
-0.451488 -1.133291 0.106471 5
-0.484406 -1.119751 0.113578 5
-0.518057 -1.105495 0.121035 5
-0.548481 -1.101880 0.124287 5
-0.576602 -1.105383 0.124732 5
-0.611833 -1.090247 0.132719 5
-0.641249 -1.091630 0.134115 5
-0.769413 -0.845456 0.235581 7
-0.786218 -0.885701 0.221535 7
-0.835630 -0.847009 0.239500 7
-0.858988 -0.871128 0.232053 7
-0.909558 -0.833560 0.249750 7
-0.922779 -0.880133 0.233222 7
-0.965342 -0.862566 0.242912 7
-1.000456 -0.861970 0.245735 7
-1.045230 -0.842568 0.256351 7
-1.087616 -0.829492 0.264462 7
-1.106261 -0.863287 0.253308 7
-1.153883 -0.841871 0.265008 7
-1.203155 -0.819144 0.277365 7
-1.236856 -0.825967 0.277546 7
-1.254539 -0.861097 0.265975 7
-1.292887 -0.860132 0.269497 7
-1.326837 -0.867242 0.269710 7
1.372972 -0.740038 0.260143 7
1.278696 -0.826281 0.224697 7
1.240867 -0.845523 0.216551 7
1.217713 -0.818711 0.226744 7
1.175376 -0.855673 0.211653 7
1.145186 -0.853224 0.212254 7
1.117914 -0.840450 0.216991 7
1.087088 -0.840799 0.216562 7
1.058120 -0.834348 0.218869 7
1.022236 -0.856754 0.209775 7
0.993891 -0.848917 0.212712 7
0.961045 -0.861518 0.207587 7
0.938307 -0.827293 0.221060 7
0.905120 -0.843004 0.214780 7
0.878458 -0.826066 0.221479 7
0.844076 -0.851580 0.211392 7
0.812327 -0.864989 0.206140 7
0.783141 -0.864225 0.206543 7
0.750962 -0.884653 0.198583 7
0.692356 -1.106203 0.110918 5
0.664862 -1.113709 0.108136 5
0.644442 -1.060565 0.129444 5
0.617867 -1.057129 0.131075 5
0.588963 -1.078652 0.122837 5
0.564498 -1.052032 0.133740 5
0.539207 -1.029791 0.142946 5
0.509941 -1.065328 0.129239 5
0.483449 -1.061466 0.131215 5
0.457994 -1.030836 0.143871 5
0.431108 -1.026929 0.145942 5
0.403275 -1.066265 0.130837 5
0.376968 -1.034937 0.143894 5
0.350043 -1.120972 0.110231 5
0.323701 -1.094421 0.121454 5
0.297207 -1.087211 0.125009 5
0.258539 -0.693042 0.283119 7
0.228415 -0.702301 0.280284 7
0.197658 -0.696165 0.283641 7
0.166678 -0.689021 0.287447 7
0.135604 -0.683174 0.290779 7
0.104799 -0.682598 0.292044 7
0.072784 -0.669709 0.298292 7
0.042138 -0.673214 0.298008 7
0.008033 -0.646239 0.310019 7
-0.019739 -0.675388 0.299508 7
-0.056342 -0.634970 0.317043 7
-0.085658 -0.651207 0.311808 7
-0.116574 -0.655555 0.311403 7
-0.151579 -0.635319 0.320978 7
-0.190272 -0.597219 0.337846 7
-0.211067 -0.659607 0.314084 7
-0.247329 -0.637739 0.324487 7
-0.281034 -0.630962 0.328831 7
-0.311950 -0.638175 0.327539 7
-0.337536 -0.668478 0.316884 7
-0.323418 -0.861445 0.239894 7
-0.300738 -1.072348 0.155398 5
-0.311138 -1.140378 0.129142 5
-0.342561 -1.126683 0.136329 5
-0.367498 -1.137341 0.133584 5
-0.396189 -1.135037 0.136197 5
-0.432538 -1.108489 0.148840 5
-0.467240 -1.089518 0.158441 5
-0.485132 -1.123387 0.146287 5
-0.526319 -1.087226 0.163114 5
-0.559800 -1.075822 0.169779 5
-0.591485 -1.070628 0.173933 5
-0.624424 -1.062979 0.179169 5
-0.657322 -1.056460 0.183997 5
-0.670428 -1.100489 0.167770 5
-0.789338 -0.885114 0.260127 7
-0.838596 -0.847180 0.278472 7
-0.860452 -0.874963 0.269315 7
-0.906381 -0.848046 0.283218 7
-0.943025 -0.843411 0.287826 7
-0.968227 -0.863916 0.281866 7
-1.008596 -0.852706 0.289388 7
-1.030994 -0.878885 0.281100 7
-1.081635 -0.849013 0.296723 7
-1.115192 -0.853970 0.297594 7
-1.146682 -0.863226 0.296686 7
-1.185409 -0.859536 0.301392 7
-1.235725 -0.836091 0.314693 7
-1.267673 -0.846359 0.313565 7
-1.293213 -0.867748 0.307677 7
-1.345709 -0.844156 0.321354 7
1.364575 -0.775418 0.285160 7
1.313193 -0.829946 0.262016 7
1.281347 -0.829470 0.261551 7
1.252672 -0.819590 0.264995 7
1.219272 -0.825008 0.262202 7
1.184474 -0.836178 0.257098 7
1.148187 -0.854053 0.249293 7
1.126074 -0.822116 0.261963 7
1.092728 -0.830908 0.257975 7
1.047448 -0.888498 0.234037 7
1.023695 -0.862434 0.244426 7
1.002153 -0.824881 0.259560 7
0.969835 -0.833393 0.255867 7
0.937654 -0.842708 0.251890 7
0.901284 -0.874782 0.238639 7
0.880347 -0.828630 0.257456 7
0.848049 -0.841844 0.252012 7
0.815998 -0.855827 0.246296 7
0.783065 -0.877946 0.237290 7
0.756488 -0.860016 0.244721 7
0.691079 -1.128426 0.134951 5
0.668855 -1.094651 0.148939 5
0.648522 -1.038563 0.172110 5
0.614246 -1.106668 0.144448 5
0.592377 -1.057012 0.165067 5
0.564537 -1.067727 0.160989 5
0.539748 -1.039804 0.172790 5
0.512826 -1.037543 0.174111 5
0.487067 -1.012370 0.184873 5
0.459072 -1.029355 0.178374 5
0.431785 -1.035349 0.176423 5
0.404638 -1.041121 0.174599 5
0.377416 -1.066204 0.164871 5
0.350715 -1.054944 0.170121 5
0.324113 -1.076434 0.161934 5
0.297231 -1.063169 0.168090 5
0.258299 -0.668844 0.331371 7
0.228085 -0.684268 0.325900 7
0.195389 -0.645852 0.342691 7
0.165411 -0.664787 0.335857 7
0.132684 -0.640795 0.346806 7
0.105584 -0.691549 0.326885 7
0.073421 -0.677060 0.333998 7
0.040801 -0.661645 0.341553 7
0.006162 -0.631882 0.355121 7
-0.023504 -0.647729 0.349814 7
-0.055795 -0.642220 0.353423 7
-0.086787 -0.647041 0.352785 7
-0.120689 -0.633113 0.360006 7
-0.155743 -0.614625 0.369193 7
-0.185473 -0.629042 0.364702 7
-0.214016 -0.648755 0.358031 7
-0.247405 -0.642502 0.362267 7
-0.278986 -0.646144 0.362411 7
-0.268119 -0.843203 0.281372 7
-0.294002 -0.862989 0.274710 7
-0.278893 -1.051361 0.197069 5
-0.281534 -1.153666 0.155547 5
-0.307161 -1.160685 0.154194 5
-0.348866 -1.109048 0.177697 5
-0.378903 -1.102820 0.182074 5
-0.415253 -1.076301 0.195121 5
-0.439714 -1.090882 0.190781 5
-0.458589 -1.122485 0.179219 5
-0.486228 -1.125935 0.179675 5
-0.535603 -1.066106 0.207228 5
-0.569686 -1.053999 0.214491 5
-0.585675 -1.092808 0.199980 5
-0.619960 -1.081191 0.207140 5
-0.658251 -1.060525 0.218276 5
-0.779429 -0.834492 0.318167 7
-0.805564 -0.852786 0.312826 7
-0.834996 -0.862901 0.311063 7
-0.877463 -0.843204 0.322301 7
-0.914406 -0.837540 0.327534 7
-0.939410 -0.858743 0.321120 7
-0.973894 -0.859449 0.323702 7
-1.024246 -0.828104 0.340412 7
-1.064545 -0.819188 0.347402 7
-1.102191 -0.816585 0.351706 7
-1.121792 -0.849225 0.340518 7
-1.166395 -0.834426 0.350356 7
-1.195511 -0.849169 0.347183 7
-1.238853 -0.838677 0.355301 7
-1.265089 -0.859022 0.349753 7
-1.313503 -0.841601 0.361161 7
1.376639 -0.752673 0.334293 7
1.318208 -0.826515 0.302068 7
1.292797 -0.806096 0.309955 7
1.251000 -0.836213 0.296442 7
1.215227 -0.849570 0.290103 7
1.178323 -0.868350 0.281522 7
1.157073 -0.834368 0.295350 7
1.127915 -0.827055 0.297921 7
1.100170 -0.814367 0.302815 7
1.060505 -0.848368 0.287999 7
1.031572 -0.841625 0.290475 7
1.001292 -0.840670 0.290549 7
0.969564 -0.846786 0.287682 7
0.932598 -0.879130 0.273777 7
0.912525 -0.830512 0.294139 7
0.879085 -0.848048 0.286587 7
0.849435 -0.846894 0.286980 7
0.820205 -0.843662 0.288297 7
0.789212 -0.851843 0.284838 7
0.760671 -0.844956 0.287791 7
0.710974 -0.993999 0.224900 5
0.672874 -1.075697 0.190501 5
0.648256 -1.054934 0.199441 5
0.622146 -1.044894 0.203893 5
0.594414 -1.050493 0.201775 5
0.567628 -1.046644 0.203694 5
0.541144 -1.038075 0.207653 5
0.513825 -1.040597 0.206961 5
0.486313 -1.048352 0.204096 5
0.459302 -1.048491 0.204495 5
0.433991 -0.995005 0.227660 5
0.404989 -1.065310 0.198405 5
0.377900 -1.093084 0.187204 5
0.351393 -1.099040 0.185291 5
0.324937 -1.098152 0.186322 5
0.298748 -1.111746 0.181242 5
0.268415 -0.981622 0.237309 5
0.227347 -0.656043 0.376673 7
0.194460 -0.621336 0.392417 7
0.161854 -0.603409 0.401082 7
0.132736 -0.639544 0.386750 7
0.102130 -0.649138 0.383773 7
0.068864 -0.628548 0.393738 7
0.035073 -0.607626 0.403912 7
0.002109 -0.598391 0.409152 7
-0.023175 -0.653076 0.387058 7
-0.056857 -0.637555 0.395088 7
-0.083101 -0.676033 0.379992 7
-0.113699 -0.681970 0.378904 7
-0.154821 -0.624566 0.405133 7
-0.184263 -0.640557 0.399840 7
-0.210109 -0.674473 0.386848 7
-0.248110 -0.644127 0.401645 7
-0.239038 -0.842347 0.317625 7
-0.263773 -0.868171 0.308129 7
-0.275904 -0.946699 0.275783 5
-0.254763 -1.156266 0.186443 5
-0.292902 -1.113796 0.206578 5
-0.327821 -1.087582 0.219735 5
-0.350059 -1.110135 0.211686 5
-0.384016 -1.090497 0.222110 5
-0.403961 -1.120015 0.211081 5
-0.437686 -1.103248 0.220374 5
-0.469651 -1.093712 0.226568 5
-0.492514 -1.112857 0.220201 5
-0.547882 -1.036406 0.256043 5
-0.576904 -1.039871 0.256740 5
-0.592054 -1.081615 0.240533 5
-0.631987 -1.055688 0.254352 5
-0.747588 -0.837510 0.353794 7
-0.781257 -0.837081 0.356649 7
-0.808698 -0.852383 0.352547 7
-0.844678 -0.847369 0.357581 7
-0.886326 -0.830314 0.368101 7
-0.927748 -0.815338 0.377796 7
-0.958216 -0.825530 0.376251 7
-0.977303 -0.859838 0.363861 7
-1.016911 -0.850905 0.371065 7
-1.074448 -0.807218 0.394156 7
-1.098072 -0.832552 0.385999 7
-1.143216 -0.816381 0.396817 7
-1.186293 -0.805526 0.405328 7
-1.216836 -0.818606 0.402966 7
-1.248495 -0.829805 0.401526 7
-1.269449 -0.859695 0.391517 7
-1.312247 -0.852059 0.398903 7
-1.328278 -0.889643 0.385398 7
1.369648 -0.783974 0.360717 7
1.323642 -0.822000 0.343065 7
1.293756 -0.814659 0.345378 7
1.258362 -0.824613 0.340169 7
1.223181 -0.835218 0.334737 7
1.192378 -0.832534 0.335179 7
1.161075 -0.831992 0.334738 7
1.124115 -0.852532 0.325139 7
1.096484 -0.840130 0.329990 7
1.064451 -0.844601 0.327522 7
1.032218 -0.850890 0.324316 7
1.004248 -0.839977 0.328667 7
0.973924 -0.839229 0.328635 7
0.937448 -0.868244 0.315675 7
0.910367 -0.853890 0.321679 7
0.885502 -0.826755 0.333301 7
0.848250 -0.866452 0.315844 7
0.821610 -0.848447 0.323586 7
0.790891 -0.854567 0.320863 7
0.764617 -0.831797 0.330780 7
0.733383 -0.842558 0.326133 7
0.705541 -0.828651 0.332287 7
0.660046 -0.966371 0.272402 5
0.624292 -1.039021 0.240913 5
0.598183 -1.025780 0.246909 5
0.571048 -1.022037 0.248811 5
0.543987 -1.016774 0.251422 5
0.513546 -1.064116 0.231124 5
0.490494 -0.989823 0.263955 5
0.460512 -1.044203 0.240665 5
0.433209 -1.050208 0.238535 5
0.405551 -1.079266 0.226371 5
0.378949 -1.067499 0.232093 5
0.352087 -1.086418 0.224439 5
0.325463 -1.089985 0.223542 5
0.299454 -1.120844 0.210731 5
0.272711 -1.107135 0.217486 5
0.239358 -0.939241 0.291934 5
0.195750 -0.639923 0.424237 7
0.163232 -0.621808 0.433242 7
0.132967 -0.640753 0.426019 7
0.126751 -0.946853 0.292452 5
0.099032 -0.953503 0.290609 5
0.068107 -0.928334 0.302841 5
0.036463 -0.902025 0.315647 5
0.003093 -0.866835 0.332453 5
-0.027875 -0.855463 0.338808 5
-0.083826 -0.674688 0.420239 7
-0.118169 -0.657359 0.429451 7
-0.147988 -0.669955 0.425457 3
-0.176575 -0.688578 0.418830 3
-0.208851 -0.686076 0.421639 3
-0.235019 -0.715147 0.410443 3
-0.260509 -0.745057 0.398897 3
-0.231157 -1.021267 0.277325 5
-0.238442 -1.113801 0.237640 5
-0.268319 -1.105326 0.243151 5
-0.294966 -1.110856 0.242441 5
-0.324204 -1.106650 0.246155 5
-0.345587 -1.131831 0.236698 5
-0.384837 -1.093253 0.256017 5
-0.424964 -1.055173 0.275228 5
-0.448483 -1.074133 0.268742 5
-0.471249 -1.094652 0.261576 5
-0.508958 -1.069297 0.275278 5
-0.542568 -1.058130 0.282626 5
-0.578381 -1.042048 0.292300 5
-0.607897 -1.044729 0.293492 5
-0.710377 -0.855004 0.382858 7
-0.746852 -0.846500 0.389494 7
-0.792070 -0.817382 0.405700 7
-0.821833 -0.827906 0.403768 7
-0.854597 -0.831435 0.405123 7
-0.882192 -0.847206 0.400879 7
-0.930525 -0.816763 0.418133 7
-0.948077 -0.855060 0.403549 7
-0.987509 -0.846014 0.411045 7
-1.021940 -0.848341 0.413328 7
-1.070768 -0.822495 0.428903 7
-1.098150 -0.840345 0.424085 7
-1.131376 -0.846915 0.424631 7
-1.176135 -0.832511 0.435168 7
-1.212599 -0.834486 0.438073 7
-1.264949 -0.809055 0.454102 7
-1.270074 -0.866885 0.430588 7
-1.282189 -0.911010 0.413565 7
-1.326129 -0.901511 0.422250 7
1.336345 -0.796527 0.394063 7
1.299806 -0.807975 0.387850 7
1.262526 -0.823161 0.380018 7
1.217533 -0.864928 0.360256 7
1.193930 -0.838929 0.371154 7
1.158766 -0.851671 0.364628 7
1.131821 -0.836343 0.370817 7
1.098018 -0.846148 0.365736 7
1.072193 -0.826081 0.374165 7
1.041415 -0.825122 0.374044 7
1.009558 -0.829303 0.371667 7
0.981233 -0.818579 0.376051 7
0.959514 -0.776077 0.394772 7
0.913975 -0.848419 0.361926 7
0.888686 -0.822818 0.373158 7
0.860632 -0.810182 0.378616 7
0.827557 -0.826350 0.371188 7
0.796657 -0.831490 0.368769 7
0.770201 -0.807769 0.379366 7
0.737365 -0.827653 0.370433 7
0.713731 -0.778462 0.392578 7
0.682323 -0.788161 0.388327 7
0.649878 -0.810268 0.378554 7
0.603249 -0.987786 0.299003 5
0.573260 -1.012257 0.288253 5
0.543436 -1.041973 0.275190 5
0.518795 -1.000113 0.294353 5
0.488836 -1.042911 0.275497 5
0.461214 -1.052210 0.271751 5
0.434600 -1.036616 0.279255 5
0.406678 -1.067032 0.266094 5
0.379690 -1.071378 0.264714 5
0.352849 -1.010476 0.292797 5
0.326110 -1.093348 0.256105 5
0.299331 -1.088286 0.259107 5
0.273207 -1.108704 0.250653 5
0.243497 -1.031199 0.286494 5
0.204813 -0.810396 0.387252 7
0.168232 -0.699016 0.438685 3
0.159275 -1.003819 0.301704 5
0.126882 -0.947906 0.328105 5
0.104979 -1.017905 0.297458 5
0.073036 -0.977240 0.317077 5
0.045184 -0.980459 0.316830 5
0.014441 -0.960469 0.327198 5
-0.022069 -0.901459 0.355422 5
-0.051219 -0.902066 0.356562 5
-0.077882 -0.919041 0.350282 5
-0.130521 -0.778910 0.415887 3
-0.164621 -0.760491 0.425980 3
-0.190430 -0.788742 0.414758 3
-0.184807 -0.972234 0.332291 5
-0.206489 -1.007453 0.317819 5
-0.224841 -1.054821 0.297765 5
-0.240297 -1.110765 0.273751 5
-0.269204 -1.106808 0.277379 5
-0.297657 -1.105509 0.279841 5
-0.334989 -1.071343 0.297591 5
-0.358785 -1.089489 0.291177 5
-0.381703 -1.109820 0.283780 5
-0.418730 -1.081908 0.298877 5
-0.446270 -1.087191 0.298597 5
-0.481935 -1.067363 0.310109 3
-0.516942 -1.051430 0.319897 5
-0.543715 -1.061045 0.317793 5
-0.572923 -1.063761 0.318982 5
-0.679826 -0.855508 0.419633 7
-0.720327 -0.835796 0.431752 7
-0.741878 -0.866344 0.420206 7
-0.774988 -0.867047 0.422828 7
-0.820758 -0.837851 0.439740 7
-0.861526 -0.822657 0.450127 7
-0.896814 -0.821422 0.453967 7
-0.922155 -0.842921 0.447010 7
-0.979407 -0.795225 0.473301 7
-0.999146 -0.829346 0.460427 7
-1.018617 -0.862927 0.447820 7
-1.086172 -0.799796 0.482005 7
-1.108783 -0.827701 0.472291 7
-1.150330 -0.819100 0.480357 7
-1.178711 -0.835923 0.476143 7
-1.220618 -0.828281 0.483955 7
-1.258670 -0.828495 0.488037 7
-1.267998 -0.878757 0.467585 7
-1.298175 -0.892444 0.465151 7
1.321355 -0.851459 0.408671 7
1.287082 -0.857615 0.404661 7
1.258844 -0.846134 0.408935 7
1.225813 -0.849814 0.406210 7
1.192494 -0.855338 0.402694 7
1.170880 -0.821414 0.417579 7
1.135340 -0.835473 0.410220 7
1.115576 -0.792194 0.429548 7
1.066194 -0.861551 0.396659 7
1.043401 -0.829147 0.411052 7
1.013998 -0.822564 0.413524 7
0.981477 -0.829912 0.409599 7
0.957643 -0.797662 0.424078 7
0.926310 -0.799785 0.422691 7
0.893480 -0.810600 0.417341 7
0.868612 -0.779030 0.431668 7
0.833266 -0.805993 0.418964 7
0.804361 -0.796552 0.423166 7
0.773866 -0.797087 0.422810 7
0.740781 -0.817163 0.413472 7
0.715193 -0.782019 0.429737 7
0.685355 -0.777658 0.431821 7
0.653148 -0.795434 0.423720 7
0.622442 -0.801959 0.420881 7
0.588906 -0.844114 0.401608 7
0.547017 -1.011325 0.324489 5
0.517982 -1.032342 0.315083 5
0.489381 -1.054019 0.305418 5
0.463413 -1.025340 0.319132 5
0.435793 -1.029742 0.317573 5
0.407958 -1.048657 0.309335 5
0.380599 -1.061109 0.304140 5
0.353511 -1.066042 0.302483 5
0.326668 -1.086781 0.293533 5
0.299273 -1.058026 0.307627 5
0.272903 -1.083624 0.296512 5
0.247553 -1.121666 0.279643 5
0.207461 -0.855941 0.404278 7
0.186236 -0.987724 0.343876 5
0.159815 -1.009529 0.334735 5
0.131068 -0.998110 0.341144 5
0.104183 -1.009812 0.336814 5
0.074575 -0.993359 0.345699 5
0.046762 -0.996205 0.345619 5
0.017242 -0.985411 0.351987 5
-0.014897 -0.957474 0.366468 5
-0.040654 -0.977875 0.358328 5
-0.066645 -0.994545 0.351980 5
-0.096111 -0.988846 0.356206 5
-0.129742 -0.960985 0.370948 5
-0.145652 -1.030692 0.339718 5
-0.170209 -1.050081 0.332251 5
-0.193092 -1.075954 0.321748 5
-0.222692 -1.069483 0.326606 5
-0.249334 -1.076881 0.324949 5
-0.274084 -1.091918 0.319710 5
-0.309981 -1.062376 0.335747 5
-0.340673 -1.055445 0.341105 5
-0.358697 -1.095402 0.324127 5
-0.392515 -1.077937 0.334643 3
-0.418597 -1.088192 0.331958 3
-0.452318 -1.073652 0.341238 5
-0.490576 -1.046611 0.356633 5
-0.525524 -1.031917 0.366191 5
-0.564923 -1.005883 0.381331 5
-0.657342 -0.833510 0.467486 7
-0.682345 -0.855653 0.459643 7
-0.734434 -0.805830 0.486848 7
-0.758293 -0.831632 0.477368 7
-0.792758 -0.830313 0.481170 7
-0.821653 -0.843091 0.478157 7
-0.870808 -0.808512 0.498454 7
-0.896016 -0.830837 0.490914 7
-0.933663 -0.825160 0.497230 7
-0.973503 -0.815744 0.505502 7
-1.001921 -0.831376 0.501470 7
-1.051513 -0.803764 0.519004 7
-1.069830 -0.840302 0.504715 7
-1.113964 -0.825760 0.515977 7
-1.157814 -0.813170 0.526404 7
-1.184750 -0.833028 0.520650 7
-1.230107 -0.819561 0.531763 7
-1.250238 -0.851686 0.519949 7
-1.276977 -0.871718 0.514287 7
1.300278 -0.829763 0.457711 7
1.272599 -0.815267 0.463461 7
1.243719 -0.804178 0.467636 7
1.201895 -0.835800 0.451409 7
1.181748 -0.795828 0.469551 7
1.136166 -0.844383 0.445379 7
1.111103 -0.821023 0.455690 7
1.080088 -0.819418 0.455659 8
1.046770 -0.827638 0.451000 7
1.018550 -0.815533 0.456113 7
0.987435 -0.815766 0.455399 7
0.962322 -0.788457 0.467885 7
0.931331 -0.787882 0.467680 7
0.895804 -0.811526 0.455996 7
0.868833 -0.791240 0.465314 7
0.840678 -0.775956 0.472308 7
0.806066 -0.799750 0.460749 7
0.775425 -0.800831 0.460073 7
0.749246 -0.770349 0.474492 7
0.714545 -0.802260 0.459258 7
0.682626 -0.816732 0.452390 7
0.650329 -0.838232 0.442237 7
0.622708 -0.816208 0.452873 7
0.595123 -0.788910 0.466087 7
0.562401 -0.823268 0.449987 7
0.520431 -1.013497 0.359651 5
0.491416 -1.037424 0.348607 5
0.464116 -1.033824 0.350740 5
0.435746 -1.061135 0.338184 5
0.408481 -1.065140 0.336796 5
0.381351 -1.065357 0.337271 5
0.354197 -1.087941 0.327116 5
0.327139 -1.069443 0.336643 5
0.300489 -1.092128 0.326537 5
0.272980 -1.070790 0.337544 5
0.244950 -1.048148 0.349245 5
0.216063 -1.018479 0.364387 5
0.187810 -1.009778 0.369551 5
0.162233 -1.041311 0.355465 5
0.128895 -0.971235 0.390233 5
0.103140 -0.999074 0.378031 5
0.077711 -1.024903 0.366831 5
0.055730 -1.076669 0.343168 5
0.022116 -1.026941 0.368472 5
-0.007227 -1.017075 0.374638 5
-0.034914 -1.020513 0.374444 5
-0.062632 -1.023814 0.374373 5
-0.084573 -1.061704 0.357597 5
-0.113239 -1.057840 0.361100 5
-0.140672 -1.061462 0.361032 5
-0.159355 -1.108978 0.339663 5
-0.196465 -1.064736 0.363008 5
-0.222972 -1.073184 0.360765 5
-0.254718 -1.058873 0.369699 5
-0.281776 -1.065617 0.368414 5
-0.313719 -1.053159 0.376601 5
-0.345577 -1.042608 0.383941 5
-0.384645 -1.007461 0.403470 5
-0.396609 -1.069539 0.375206 5
-0.428105 -1.062365 0.381102 5
-0.467390 -1.031256 0.398926 5
-0.492522 -1.046764 0.393773 5
-0.595892 -0.827761 0.505156 7
-0.622348 -0.846368 0.498789 7
-0.652633 -0.853676 0.498104 7
-0.685554 -0.854005 0.500976 7
-0.729601 -0.825766 0.518247 7
-0.765755 -0.819944 0.524413 7
-0.790219 -0.843957 0.515666 7
-0.828459 -0.834221 0.523982 7
-0.868645 -0.821159 0.534097 7
-0.911020 -0.804533 0.546147 7
-0.932615 -0.835205 0.534294 7
-0.979854 -0.809997 0.550943 7
-1.021733 -0.797966 0.561027 7
-1.052829 -0.809142 0.559355 7
-1.072455 -0.843137 0.546031 7
-1.121402 -0.819568 0.562386 7
-1.159064 -0.819091 0.566985 7
-1.203023 -0.807793 0.577310 7
-1.222688 -0.841265 0.564501 7
-1.264591 -0.834997 0.572438 7
1.289779 -0.774264 0.524310 7
1.240803 -0.825320 0.497822 7
1.207374 -0.829503 0.494576 7
1.171542 -0.842868 0.486880 7
1.152600 -0.797664 0.508115 7
1.129248 -0.765702 0.522872 7
1.087650 -0.802315 0.503950 7
1.058293 -0.793260 0.507572 7
1.025246 -0.799608 0.503691 7
0.994287 -0.797901 0.503839 7
0.971295 -0.759414 0.522111 7
0.927562 -0.819477 0.492079 7
0.902564 -0.789524 0.506291 7
0.875260 -0.769304 0.515789 7
0.837405 -0.808903 0.496024 7
0.807934 -0.802043 0.499107 7
0.776960 -0.804849 0.497517 7
0.745589 -0.811542 0.494090 7
0.717727 -0.792542 0.503319 7
0.684756 -0.814194 0.492694 7
0.657199 -0.790071 0.504564 7
0.622313 -0.837336 0.481518 7
0.594599 -0.813198 0.493527 7
0.563118 -0.832972 0.484079 7
0.520375 -1.033875 0.385882 5
0.494592 -1.000264 0.402712 5
0.464667 -1.045916 0.380727 5
0.437529 -1.036975 0.385578 5
0.410027 -1.036408 0.386381 5
0.382521 -1.035819 0.387255 5
0.354933 -1.077124 0.367601 5
0.327664 -1.056576 0.378399 5
0.300615 -1.070229 0.372441 5
0.274009 -1.089584 0.363727 5
0.244799 -1.034788 0.391592 5
0.217761 -1.045873 0.387075 5
0.188389 -1.015640 0.402997 5
0.161773 -1.033109 0.395449 5
0.131658 -1.004196 0.410873 5
0.102613 -0.993885 0.417184 5
0.082515 -1.072518 0.379524 5
0.052138 -1.047115 0.393419 5
0.027819 -1.075054 0.380934 5
0.002106 -1.088841 0.375512 5
-0.032810 -1.038226 0.402168 5
-0.053815 -1.083636 0.381134 5
-0.080560 -1.089543 0.379804 5
-0.118800 -1.030902 0.410755 5
-0.143352 -1.051750 0.402115 5
-0.165850 -1.081124 0.389246 5
-0.200803 -1.049048 0.407209 5
-0.232239 -1.036495 0.415487 5
-0.259072 -1.045407 0.413060 5
-0.293646 -1.022382 0.426777 5
-0.330603 -0.992584 0.444021 5
-0.366181 -0.971016 0.457231 5
-0.399334 -0.960485 0.464967 5
-0.433753 -0.946972 0.474313 5
-0.491889 -0.856166 0.523039 7
-0.517477 -0.876912 0.515229 7
-0.557216 -0.853052 0.530217 7
-0.583640 -0.871181 0.523874 7
-0.617774 -0.866480 0.529276 7
-0.664497 -0.827593 0.552325 7
-0.689118 -0.851487 0.543251 7
-0.731057 -0.829225 0.558016 7
-0.760755 -0.840005 0.555848 7
-0.794374 -0.841139 0.558748 7
-0.829897 -0.838306 0.563802 7
-0.863230 -0.841371 0.565892 7
-0.897573 -0.842648 0.569008 7
-0.916706 -0.877894 0.554444 7
-0.976831 -0.824384 0.586468 7
-1.015248 -0.819498 0.593163 7
-1.052970 -0.816960 0.598743 7
-1.074138 -0.847907 0.586721 7
-1.126113 -0.818747 0.606627 7
-1.184120 -0.780423 0.631624 7
-1.205096 -0.812441 0.619295 7
-1.226604 -0.842699 0.607926 7
1.221968 -0.793415 0.553495 7
1.191538 -0.786486 0.555773 7
1.160787 -0.780771 0.557510 7
1.123735 -0.798511 0.547441 7
1.096663 -0.779896 0.555861 7
1.058184 -0.806210 0.541621 7
1.031831 -0.784433 0.551781 7
0.992874 -0.816910 0.534595 7
0.967015 -0.792402 0.546273 7
0.934575 -0.798112 0.542762 7
0.902310 -0.804162 0.539154 7
0.870903 -0.806830 0.537326 7
0.842302 -0.794085 0.543342 7
0.815118 -0.771426 0.554425 7
0.775855 -0.826563 0.526363 7
0.744272 -0.835691 0.521568 7
0.716482 -0.817476 0.530620 7
0.684058 -0.835790 0.521336 7
0.654375 -0.832808 0.522850 7
0.625627 -0.820119 0.529326 7
0.594617 -0.831108 0.523939 7
0.566767 -0.804028 0.537808 7
0.535573 -0.820062 0.530014 7
0.496854 -0.980682 0.449375 5
0.467079 -1.015806 0.432059 5
0.438887 -1.026341 0.427204 5
0.411155 -1.027135 0.427326 5
0.383517 -1.022345 0.430332 5
0.355664 -1.076547 0.403597 5
0.328485 -1.076614 0.404265 5
0.300658 -1.043108 0.421977 5
0.273016 -1.040199 0.424288 3
0.245381 -1.039486 0.425553 5
0.217991 -1.044404 0.424029 5
0.190078 -1.039603 0.427496 5
0.162991 -1.048229 0.424216 5
0.132352 -1.012080 0.443745 5
0.106098 -1.031808 0.434955 5
0.077906 -1.029332 0.437516 5
0.054410 -1.068907 0.418718 5
0.033476 -1.122742 0.392669 5
-0.000484 -1.072648 0.419706 5
-0.027430 -1.078293 0.418368 5
-0.053255 -1.090820 0.413568 5
-0.082058 -1.084549 0.418457 5
-0.119315 -1.032305 0.447021 5
-0.140538 -1.071070 0.428950 5
-0.170812 -1.061059 0.436001 5
-0.186075 -1.123534 0.405774 5
-0.217693 -1.106936 0.416345 5
-0.252554 -1.078563 0.433104 5
-0.287807 -1.051702 0.449201 5
-0.330959 -0.996880 0.479928 5
-0.373261 -0.950400 0.506496 5
-0.413191 -0.916768 0.526541 5
-0.459809 -0.863280 0.557091 7
-0.493782 -0.856401 0.563473 7
-0.532866 -0.834300 0.577928 7
-0.573735 -0.808878 0.594262 7
-0.595280 -0.843355 0.579248 7
-0.626839 -0.847341 0.580315 7
-0.663448 -0.837645 0.588694 7
-0.695282 -0.842057 0.589724 7
-0.732615 -0.832486 0.598260 7
-0.768902 -0.826785 0.604861 7
-0.787934 -0.864423 0.588475 7
-0.839714 -0.822489 0.614616 7
-0.870900 -0.831274 0.613802 7
-0.906292 -0.830770 0.618062 7
-0.934836 -0.845949 0.613985 7
-0.978615 -0.828545 0.627574 7
-1.031570 -0.793726 0.650764 7
-1.052877 -0.825301 0.638112 7
-1.095432 -0.814163 0.648751 7
-1.121307 -0.836279 0.641376 7
-1.181994 -0.792910 0.669951 7
-1.223290 -0.787754 0.677789 7
1.194519 -0.788592 0.596249 7
1.161046 -0.792202 0.593097 7
1.132247 -0.779519 0.598517 7
1.099357 -0.782086 0.596072 7
1.066781 -0.784244 0.593923 7
1.025555 -0.823555 0.572544 7
1.002749 -0.786171 0.591110 7
0.966290 -0.808781 0.578584 7
0.935838 -0.805127 0.579777 7
0.902217 -0.817986 0.572480 7
0.870446 -0.822876 0.569396 7
0.841747 -0.811176 0.574991 7
0.806786 -0.837230 0.561091 7
0.781058 -0.806424 0.576733 7
0.746867 -0.831854 0.563311 7
0.716325 -0.833904 0.562077 7
0.684858 -0.844709 0.556383 7
0.657633 -0.818990 0.569678 7
0.629144 -0.801213 0.578934 7
0.594546 -0.850011 0.553780 7
0.566889 -0.821946 0.568511 7
0.535169 -0.847302 0.555641 7
0.495892 -1.020218 0.466361 5
0.468294 -1.013435 0.470261 5
0.442064 -0.962676 0.497038 5
0.412025 -1.029627 0.462836 5
0.384072 -1.044642 0.455629 5
0.356435 -1.061463 0.447544 5
0.329107 -1.073182 0.442168 5
0.302225 -1.095846 0.431163 5
0.273866 -1.052597 0.454496 5
0.245721 -1.038034 0.462994 5
0.221009 -1.097940 0.432781 5
0.193341 -1.089300 0.438321 5
0.163505 -1.053540 0.458086 5
0.135616 -1.051131 0.460536 5
0.106068 -1.031970 0.471815 5
0.080159 -1.052345 0.462498 5
0.056147 -1.086018 0.446266 5
0.034183 -1.130817 0.424235 5
0.005882 -1.122425 0.430139 5
-0.024937 -1.098617 0.444225 5
-0.047233 -1.132711 0.427948 5
-0.080128 -1.099976 0.446903 5
-0.113374 -1.069779 0.464639 5
-0.145229 -1.050895 0.476516 5
-0.170447 -1.067612 0.469663 5
-0.198831 -1.068210 0.471401 5
-0.222159 -1.091951 0.460935 5
-0.245895 -1.112245 0.452338 5
-0.290140 -1.047662 0.488970 5
-0.319848 -1.045915 0.492289 5
-0.359085 -1.009295 0.514323 5
-0.431097 -0.858813 0.597453 7
-0.471761 -0.828582 0.616491 7
-0.496810 -0.852952 0.606347 7
-0.525959 -0.863076 0.603915 7
-0.565283 -0.841799 0.618493 7
-0.600847 -0.833778 0.626050 7
-0.636039 -0.827991 0.632514 7
-0.656702 -0.863535 0.616649 7
-0.700673 -0.834837 0.635760 7
-0.727979 -0.851931 0.630067 7
-0.776438 -0.815264 0.653834 7
-0.812489 -0.811803 0.659602 7
-0.838133 -0.833934 0.651425 7
-0.871667 -0.837256 0.653662 7
-0.905883 -0.839528 0.656582 7
-0.953910 -0.812214 0.676004 7
-0.973255 -0.847948 0.660598 7
-1.010574 -0.845329 0.666572 7
-1.063344 -0.812432 0.689597 7
-1.078623 -0.855452 0.670304 7
-1.114372 -0.857875 0.673819 7
-1.187079 -0.791983 0.715992 7
1.178691 -0.742454 0.661623 7
1.138398 -0.769496 0.645829 7
1.101585 -0.786189 0.635682 7
1.063189 -0.811324 0.621121 7
1.034580 -0.798493 0.626947 7
1.004883 -0.789797 0.630639 7
0.965810 -0.824032 0.611502 7
0.939680 -0.799711 0.623695 7
0.909016 -0.796507 0.624701 7
0.873836 -0.818044 0.612604 7
0.843980 -0.812170 0.615196 7
0.813000 -0.813030 0.614280 7
0.781111 -0.820602 0.609871 7
0.749232 -0.829861 0.604645 7
0.718288 -0.834053 0.602194 7
0.687138 -0.841322 0.598185 7
0.656889 -0.842313 0.597595 7
0.630493 -0.804838 0.617551 7
0.595360 -0.858744 0.588956 7
0.566050 -0.852364 0.592518 7
0.536856 -0.842760 0.597874 7
0.507087 -0.840413 0.599444 7
0.470420 -0.991130 0.519575 5
0.441391 -1.012969 0.508389 5
0.413027 -1.026896 0.501484 5
0.384850 -1.049710 0.489907 5
0.357270 -1.028464 0.501891 5
0.329858 -1.084535 0.472697 5
0.301255 -1.013418 0.511456 5
0.274310 -1.051086 0.492208 5
0.247741 -1.078639 0.478413 5
0.217953 -1.031346 0.504717 5
0.192525 -1.072359 0.483846 5
0.166758 -1.097011 0.471780 5
0.137501 -1.073451 0.485624 5
0.107506 -1.047896 0.500635 5
0.085334 -1.103493 0.472133 5
0.059494 -1.117178 0.466193 5
0.029251 -1.093894 0.480220 5
0.005791 -1.124663 0.465205 5
-0.019229 -1.140814 0.458117 5
-0.046529 -1.140805 0.459816 5
-0.084810 -1.076187 0.496556 5
-0.108922 -1.098884 0.486149 5
-0.145334 -1.054923 0.511961 5
-0.170700 -1.071127 0.505221 5
-0.194492 -1.093601 0.495124 5
-0.227499 -1.073175 0.508456 5
-0.256741 -1.071276 0.511790 5
-0.284489 -1.076168 0.511497 5
-0.322257 -1.042227 0.532556 5
-0.355264 -1.029428 0.542162 5
-0.431023 -0.865452 0.635020 7
-0.469959 -0.841346 0.651246 7
-0.500725 -0.846668 0.651374 7
-0.525516 -0.871227 0.640947 7
-0.559526 -0.866370 0.646870 7
-0.604456 -0.830128 0.670342 7
-0.630004 -0.852423 0.661413 7
-0.668320 -0.838553 0.672715 7
-0.702518 -0.837240 0.677137 7
-0.731315 -0.850674 0.673402 7
-0.772936 -0.831668 0.687975 7
-0.808456 -0.829343 0.693315 7
-0.851164 -0.810781 0.707951 7
-0.879211 -0.827698 0.702663 7
-0.905884 -0.847418 0.695851 7
-0.957034 -0.813472 0.719669 7
-0.993621 -0.812871 0.724673 7
-1.007252 -0.860308 0.702284 7
-1.052057 -0.843401 0.716840 7
-1.084065 -0.853083 0.716262 7
1.189336 -0.830757 0.657585 7
1.174516 -0.769792 0.689679 7
1.142208 -0.768260 0.689108 7
1.103237 -0.792604 0.674404 7
1.073592 -0.782647 0.678652 7
1.038397 -0.795490 0.670469 7
1.001667 -0.816902 0.657683 7
0.968732 -0.823696 0.653013 7
0.938673 -0.817931 0.655314 7
0.903082 -0.840344 0.642268 7
0.875840 -0.820908 0.652225 7
0.843192 -0.830667 0.646283 7
0.806182 -0.869040 0.624779 7
0.776012 -0.868599 0.624593 7
0.750534 -0.835561 0.642310 7
0.717426 -0.855965 0.630891 7
0.688395 -0.846671 0.635788 7
0.658812 -0.841187 0.638683 7
0.629824 -0.829080 0.645279 7
0.598728 -0.838565 0.640156 7
0.569552 -0.826433 0.646929 7
0.538624 -0.837301 0.641212 7
0.509008 -0.829472 0.645797 7
0.480404 -0.796247 0.664353 7
0.441229 -1.047776 0.527226 5
0.413765 -1.035708 0.534336 5
0.385696 -1.050187 0.526993 5
0.357945 -1.061625 0.521384 5
0.330378 -1.065957 0.519737 5
0.302317 -1.038914 0.535366 5
0.274595 -1.043868 0.533534 5
0.246265 -1.031363 0.541359 5
0.218523 -1.036338 0.539666 5
0.190397 -1.033826 0.542163 5
0.166996 -1.098464 0.507787 5
0.137287 -1.070314 0.524532 5
0.108034 -1.054051 0.534829 5
0.083411 -1.086259 0.518473 5
0.058722 -1.112376 0.505523 5
0.031543 -1.114675 0.505792 5
0.001072 -1.092959 0.519432 5
-0.020521 -1.135339 0.497649 5
-0.053753 -1.098726 0.519730 5
-0.082446 -1.094251 0.524083 5
-0.113298 -1.078845 0.534607 5
-0.145914 -1.056502 0.549104 5
-0.175460 -1.052359 0.553563 5
-0.203556 -1.056003 0.553763 5
-0.229554 -1.069204 0.548691 5
-0.263614 -1.047429 0.563296 5
-0.284028 -1.083563 0.545501 5
-0.317888 -1.064921 0.558548 5
-0.354446 -1.038381 0.576177 5
-0.435965 -0.854253 0.682965 7
-0.463747 -0.869236 0.677567 7
-0.507228 -0.831963 0.701871 7
-0.533745 -0.851898 0.693857 7
-0.565121 -0.856161 0.694825 7
-0.606127 -0.832308 0.711935 7
-0.634114 -0.847860 0.706676 7
-0.667006 -0.849487 0.709470 7
-0.703195 -0.842844 0.717125 7
-0.749402 -0.811330 0.739242 7
-0.768614 -0.850136 0.720954 7
-0.810297 -0.832582 0.735305 7
-0.847349 -0.827662 0.742495 7
-0.889372 -0.812281 0.755915 7
-0.924154 -0.814598 0.759181 7
-0.954502 -0.827093 0.756611 7
-0.973599 -0.863356 0.740175 7
-1.049511 -0.781638 0.793226 7
-1.053739 -0.848338 0.759036 7
-1.052735 -0.922532 0.720301 7
1.154675 -0.851737 0.686567 7
1.136723 -0.800978 0.713766 7
1.110073 -0.779461 0.724501 7
1.068882 -0.814228 0.703560 7
1.029131 -0.846887 0.683932 7
1.005060 -0.815202 0.700668 7
0.969001 -0.835635 0.688133 7
0.943294 -0.809087 0.702135 7
0.906916 -0.834344 0.687081 7
0.870264 -0.864666 0.669284 7
0.843414 -0.843384 0.680582 7
0.809977 -0.859996 0.670677 7
0.782709 -0.839312 0.681805 7
0.747029 -0.875135 0.661296 7
0.720436 -0.848396 0.675991 7
0.692159 -0.831406 0.685297 7
0.661898 -0.829700 0.686112 7
0.631693 -0.827671 0.687195 7
0.601168 -0.829342 0.686287 7
0.569516 -0.846556 0.676745 7
0.540183 -0.835314 0.683254 7
0.510272 -0.830647 0.686159 7
0.480671 -0.817620 0.693845 7
0.450202 -0.822020 0.691834 7
0.414901 -1.028449 0.576421 5
0.386369 -1.063926 0.557068 5
0.358739 -1.053448 0.563615 5
0.330990 -1.057207 0.562238 5
0.302740 -1.029579 0.578603 5
0.275104 -1.044115 0.571321 5
0.247286 -1.046750 0.570815 5
0.220752 -1.074322 0.556325 5
0.192284 -1.061010 0.564965 5
0.166150 -1.084785 0.552750 5
0.137667 -1.074371 0.559919 5
0.112903 -1.106823 0.542925 5
0.084675 -1.099732 0.548373 5
0.054045 -1.073570 0.564725 5
0.028179 -1.090391 0.556792 5
0.003461 -1.113487 0.545354 5
-0.025852 -1.102498 0.553362 5
-0.051217 -1.118518 0.546082 5
-0.082578 -1.097545 0.559966 5
-0.106397 -1.121532 0.548284 5
-0.140977 -1.086997 0.570127 5
-0.174005 -1.064453 0.585247 5
-0.204772 -1.055402 0.592753 5
-0.224500 -1.096975 0.571270 5
-0.264395 -1.049592 0.601012 5
-0.292273 -1.055741 0.600067 5
-0.323715 -1.048116 0.607162 5
-0.347812 -1.068935 0.597905 5
-0.443077 -0.835467 0.736166 7
-0.476905 -0.830885 0.742061 7
-0.508147 -0.835772 0.742561 7
-0.533792 -0.858651 0.732662 7
-0.567678 -0.855363 0.738117 7
-0.605264 -0.842032 0.749578 7
-0.634414 -0.854256 0.746178 7
-0.679108 -0.823518 0.768156 7
-0.711212 -0.828948 0.768995 7
-0.757545 -0.797962 0.791484 7
-0.783387 -0.820810 0.782258 7
-0.806829 -0.848793 0.770035 7
-0.859684 -0.806489 0.799765 7
-0.890744 -0.817174 0.798077 7
-0.926451 -0.817604 0.802638 7
-0.955347 -0.833437 0.798070 7
-1.008117 -0.798854 0.823997 7
-1.035180 -0.819482 0.816787 7
-1.040708 -0.882710 0.783789 7
1.104228 -0.814458 0.747632 7
1.074071 -0.806668 0.750729 7
1.033203 -0.842960 0.728407 7
1.001345 -0.844422 0.726356 7
0.981595 -0.791630 0.755756 7
0.941583 -0.830788 0.732108 7
0.905022 -0.857507 0.715763 7
0.872319 -0.867339 0.709271 7
0.844570 -0.850836 0.718062 7
0.814309 -0.847967 0.719078 7
0.787280 -0.824314 0.732163 7
0.759688 -0.801592 0.744794 7
0.724860 -0.830419 0.727823 7
0.692262 -0.846638 0.718210 7
0.663562 -0.831405 0.726799 7
0.631253 -0.849598 0.716233 7
0.601569 -0.843344 0.719832 7
0.570363 -0.855375 0.712994 7
0.543542 -0.807007 0.741023 7
0.511628 -0.830471 0.727780 7
0.481499 -0.826783 0.730263 7
0.451139 -0.828004 0.730009 7
0.420744 -0.832255 0.728098 7
0.387527 -1.043462 0.606938 5
0.359473 -1.067019 0.594012 5
0.331831 -1.078255 0.588269 5
0.304173 -1.075764 0.590528 5
0.276249 -1.066325 0.596886 5
0.249062 -1.081273 0.589233 5
0.220766 -1.068207 0.597862 5
0.191911 -1.051099 0.608927 5
0.167400 -1.100323 0.581649 5
0.137728 -1.074559 0.597905 5
0.111509 -1.092348 0.588985 5
0.084652 -1.100836 0.585536 5
0.053375 -1.069746 0.605190 5
0.033556 -1.135744 0.568419 5
0.001528 -1.102347 0.589608 5
-0.029831 -1.078957 0.605088 5
-0.057506 -1.082586 0.604896 5
-0.085145 -1.086506 0.604617 5
-0.111770 -1.096106 0.601093 5
-0.141228 -1.090345 0.606661 5
-0.181501 -1.032382 0.643023 5
-0.212445 -1.024655 0.650003 5
-0.231789 -1.069833 0.625890 5
-0.260106 -1.073282 0.626438 5
-0.281160 -1.106319 0.609565 5
-0.331141 -1.025280 0.660358 5
-0.345811 -1.082280 0.629429 5
-0.449085 -0.820770 0.788048 7
-0.478494 -0.832240 0.784589 7
-0.501214 -0.865399 0.768254 7
-0.543179 -0.835961 0.789440 7
-0.566434 -0.866235 0.774979 7
-0.616715 -0.815608 0.809222 7
-0.632900 -0.865864 0.782898 7
-0.678902 -0.831579 0.807649 7
-0.712445 -0.833255 0.810837 7
-0.755076 -0.812086 0.828024 7
-0.787014 -0.819565 0.827961 7
-0.815644 -0.835274 0.822982 7
-0.859221 -0.815613 0.839743 7
-0.899371 -0.805580 0.850796 7
-0.930174 -0.817535 0.848485 7
-0.984196 -0.779440 0.877188 7
-1.009341 -0.804714 0.866923 7
-1.015556 -0.868023 0.833076 7
1.104182 -0.827519 0.783311 7
1.065794 -0.852184 0.767137 7
1.040688 -0.825220 0.781755 7
1.010033 -0.820150 0.783457 7
0.977455 -0.823883 0.780035 7
0.937489 -0.863806 0.755271 7
0.908074 -0.855753 0.759050 7
0.873655 -0.873990 0.747360 7
0.845634 -0.858916 0.755487 7
0.819403 -0.831655 0.770911 7
0.787070 -0.840526 0.765057 7
0.756962 -0.835897 0.767283 7
0.723314 -0.857705 0.753983 7
0.694766 -0.842261 0.762790 7
0.663952 -0.844742 0.761102 7
0.634289 -0.836920 0.765594 7
0.604470 -0.829534 0.769923 7
0.574332 -0.824772 0.772796 7
0.540839 -0.868319 0.747229 7
0.511072 -0.863887 0.750094 7
0.481990 -0.843335 0.762580 7
0.452062 -0.834646 0.768153 7
0.421495 -0.844509 0.762854 7
0.391351 -0.840377 0.765923 7
0.360252 -1.069099 0.631298 5
0.332464 -1.069849 0.631602 5
0.305335 -1.107393 0.610198 5
0.276762 -1.066431 0.635386 5
0.249307 -1.076929 0.630170 5
0.221868 -1.083755 0.627213 5
0.191906 -1.047162 0.650129 5
0.162386 -1.028319 0.662615 5
0.140846 -1.111850 0.614299 5
0.110720 -1.084371 0.632094 5
0.082319 -1.079736 0.636391 5
0.055981 -1.094474 0.629223 5
0.030113 -1.110923 0.621104 5
-0.000420 -1.091164 0.634711 5
-0.028309 -1.092769 0.635643 5
-0.055322 -1.100223 0.633159 5
-0.081195 -1.113963 0.626981 5
-0.116708 -1.073228 0.653632 5
-0.150070 -1.048964 0.670530 5
-0.171636 -1.086024 0.650584 5
-0.204716 -1.066015 0.665140 5
-0.236441 -1.054568 0.674655 5
-0.269298 -1.039989 0.686193 5
-0.354834 -0.814948 0.825659 7
-0.376869 -0.855001 0.804469 7
-0.413276 -0.839240 0.817318 7
-0.440211 -0.858920 0.808678 7
-0.483363 -0.822521 0.834421 7
-0.495010 -0.892586 0.795093 7
-0.545410 -0.836022 0.833516 7
-0.577453 -0.839899 0.834990 7
-0.612279 -0.835987 0.841385 7
-0.649379 -0.826548 0.851339 7
-0.681904 -0.830910 0.852889 7
-0.721917 -0.815800 0.866666 7
-0.747771 -0.838655 0.856956 7
-0.775343 -0.856501 0.850440 7
-0.818230 -0.836977 0.867423 7
-0.854753 -0.834178 0.874102 7
-0.893775 -0.826536 0.883988 7
-0.918541 -0.851543 0.873411 7
-0.986184 -0.783647 0.921793 7
-0.989242 -0.855265 0.881862 7
-1.012325 -0.883001 0.869800 7
1.073721 -0.834161 0.821470 7
1.040475 -0.839281 0.816844 7
1.006238 -0.849765 0.809065 7
0.977179 -0.838620 0.814560 7
0.945640 -0.838655 0.813355 7
0.911430 -0.852673 0.803758 7
0.876550 -0.872499 0.790749 7
0.854620 -0.822525 0.820216 7
0.821362 -0.834504 0.812175 7
0.794938 -0.804883 0.829468 7
0.758151 -0.842980 0.805800 7
0.726664 -0.848306 0.802108 7
0.697985 -0.832324 0.811427 7
0.663145 -0.868827 0.789047 7
0.634897 -0.848616 0.801127 7
0.603039 -0.864108 0.791677 7
0.572628 -0.866213 0.790435 7
0.543518 -0.850638 0.800000 7
0.514668 -0.825366 0.815542 7
0.482385 -0.861976 0.793688 7
0.452737 -0.848391 0.802347 7
0.423338 -0.814239 0.823579 7
0.392490 -0.828831 0.815359 7
0.361961 -0.843186 0.807376 7
0.331391 -0.805975 0.830789 7
0.301175 -0.835398 0.813851 7
0.270572 -0.829252 0.818610 7
0.249160 -1.062369 0.677958 5
0.220615 -1.052057 0.685360 5
0.192883 -1.059357 0.682136 5
0.167649 -1.099917 0.658725 5
0.135558 -1.047063 0.692357 5
0.108351 -1.059460 0.686294 5
0.081094 -1.069332 0.681854 5
0.054720 -1.085547 0.673615 5
0.026596 -1.085603 0.675350 5
-0.002020 -1.082589 0.679064 5
-0.032863 -1.065507 0.691518 5
-0.060056 -1.074310 0.688180 5
-0.090187 -1.065238 0.695933 5
-0.117152 -1.075308 0.691998 5
-0.143322 -1.088908 0.685965 5
-0.177238 -1.063481 0.704148 5
-0.244080 -0.887848 0.815540 7
-0.280829 -0.863534 0.833498 7
-0.319548 -0.833842 0.854964 7
-0.356273 -0.815503 0.869541 7
-0.387150 -0.821887 0.868854 7
-0.410566 -0.855834 0.851042 7
-0.448051 -0.837942 0.865738 7
-0.475797 -0.855133 0.858582 7
-0.509058 -0.853644 0.863253 7
-0.542489 -0.852367 0.867922 7
-0.579972 -0.839545 0.880015 7
-0.616839 -0.830058 0.890165 7
-0.636868 -0.869427 0.869463 7
-0.683431 -0.834375 0.896130 7
-0.729270 -0.804147 0.919969 7
-0.750484 -0.839533 0.902081 7
-0.796863 -0.810968 0.925229 7
-0.826201 -0.825813 0.920707 7
-0.867874 -0.811650 0.934987 7
-0.894436 -0.833282 0.926320 7
-1.155529 -0.337162 1.253590 0
-1.198649 -0.336607 1.260529 0
-0.976522 -0.890239 0.905931 7
1.068955 -0.865828 0.845880 7
1.031969 -0.887123 0.830981 7
1.001418 -0.883648 0.831682 7
0.981322 -0.833605 0.861545 7
0.944946 -0.855644 0.846530 7
0.912861 -0.859396 0.843038 7
0.880750 -0.864331 0.838920 7
0.854942 -0.835203 0.856112 7
0.818876 -0.864049 0.837330 7
0.790669 -0.847357 0.846986 7
0.762953 -0.825376 0.860026 7
0.732092 -0.823775 0.860501 7
0.696744 -0.858800 0.838326 7
0.668012 -0.842513 0.848137 7
0.634343 -0.871820 0.829732 7
0.607704 -0.831447 0.854707 7
0.576613 -0.836298 0.851699 7
0.546584 -0.827943 0.856996 7
0.516233 -0.822581 0.860539 7
0.484731 -0.839604 0.850280 7
0.454864 -0.822759 0.861166 7
0.423947 -0.832918 0.855376 7
0.393253 -0.843521 0.849410 7
0.362885 -0.832617 0.856920 7
0.332173 -0.805541 0.874606 7
0.301780 -0.831425 0.859435 7
0.270950 -0.822365 0.866124 7
0.241224 -0.847304 0.851727 7
0.211251 -0.857022 0.846910 7
0.181831 -0.872949 0.838312 7
0.150162 -0.853156 0.852124 7
0.118619 -0.840690 0.861481 7
0.089698 -0.859863 0.851151 7
0.058875 -0.857338 0.854502 7
0.056017 -1.098903 0.704832 5
0.024039 -1.067984 0.726067 5
-0.003524 -1.074776 0.723734 5
-0.061763 -0.873949 0.852211 7
-0.088615 -0.898825 0.838832 7
-0.128066 -0.847043 0.873915 7
-0.157814 -0.855710 0.870987 7
-0.184030 -0.882322 0.856796 7
-0.214585 -0.885313 0.857646 7
-0.252295 -0.855322 0.879556 7
-0.283770 -0.856475 0.881831 7
-0.324308 -0.820017 0.908195 7
-0.347762 -0.856078 0.888460 7
-0.386754 -0.829979 0.908528 7
-0.417121 -0.838401 0.906658 7
-0.456070 -0.816528 0.924351 7
-0.483244 -0.836866 0.915063 7
-0.518795 -0.829027 0.924025 7
-0.562249 -0.797639 0.948365 7
-0.581362 -0.842703 0.923398 7
-0.616170 -0.839511 0.929772 7
-0.652524 -0.832832 0.938565 7
-0.688993 -0.826938 0.947007 7
-0.719163 -0.838693 0.944067 7
-0.753585 -0.839524 0.948399 7
-0.788518 -0.839710 0.953301 7
-0.830667 -0.823241 0.969341 7
-0.856948 -0.845391 0.960050 7
-1.119230 -0.332958 1.305523 0
-1.155853 -0.346340 1.303282 0
-1.191299 -0.362319 1.299446 0
-0.969841 -0.912558 0.937955 7
1.351477 0.049753 1.479863 1
1.229841 -0.256382 1.281106 1
1.046777 -0.840312 0.904872 7
1.011989 -0.852082 0.895744 7
0.976073 -0.870687 0.882373 7
0.946316 -0.862974 0.885958 7
0.918852 -0.843654 0.897064 7
0.882909 -0.867147 0.880938 7
0.853834 -0.855913 0.887098 7
0.827190 -0.829370 0.903123 7
0.798941 -0.809904 0.914735 7
0.764003 -0.833810 0.898813 7
0.732091 -0.839864 0.894385 7
0.701254 -0.838943 0.894510 7
0.667496 -0.864210 0.878071 7
0.640978 -0.824818 0.902908 7
0.609199 -0.834100 0.896865 7
0.579367 -0.822348 0.904321 7
0.547874 -0.831336 0.898684 7
0.517379 -0.827295 0.901449 7
0.487419 -0.810903 0.912187 7
0.455395 -0.841060 0.893394 7
0.424538 -0.852346 0.886720 7
0.394885 -0.802378 0.919185 7
0.363726 -0.843769 0.893540 7
0.332880 -0.791079 0.927987 7
0.302670 -0.843467 0.895521 7
0.271454 -0.819603 0.911816 7
0.241258 -0.836016 0.902506 7
0.211523 -0.855110 0.891577 7
0.179655 -0.832675 0.907313 7
0.151414 -0.868482 0.885883 7
0.119725 -0.853484 0.897090 7
0.087041 -0.831931 0.912632 7
0.058488 -0.855150 0.899559 7
0.030032 -0.875377 0.888490 7
-0.002135 -0.863261 0.898325 7
-0.035359 -0.845987 0.911615 7
-0.063705 -0.864779 0.901776 7
-0.090257 -0.892820 0.886046 7
-0.124495 -0.872721 0.901530 7
-0.150655 -0.900145 0.886375 7
-0.184817 -0.883509 0.899878 7
-0.215609 -0.885813 0.901224 7
-0.249314 -0.874961 0.911250 7
-0.285596 -0.854446 0.927725 7
-0.316240 -0.860170 0.927228 7
-0.354815 -0.834236 0.947566 7
-0.389266 -0.826991 0.955840 7
-0.422187 -0.826603 0.959759 7
-0.449904 -0.845175 0.951329 7
-0.479798 -0.855565 0.948380 7
-0.522494 -0.824238 0.973122 7
-0.555559 -0.825985 0.976177 7
-0.587884 -0.830486 0.977537 7
-0.611822 -0.859719 0.962560 7
-0.650192 -0.847077 0.975583 7
-0.690724 -0.830059 0.991724 7
-0.723332 -0.835632 0.992918 7
-0.768164 -0.810403 1.014965 7
-0.801046 -0.816895 1.015865 7
-0.828785 -0.835993 1.008372 7
-1.088677 -0.315378 1.367126 0
-1.114703 -0.353075 1.348246 0
-1.164375 -0.337633 1.365679 0
-1.212484 -0.327205 1.379946 0
-1.254214 -0.331407 1.384416 0
-1.289112 -0.350018 1.379149 0
1.336596 -0.022558 1.492138 1
1.219287 -0.313157 1.298566 1
1.170436 -0.355582 1.268542 1
1.136548 -0.339645 1.277015 1
0.978578 -0.873214 0.925312 7
0.950652 -0.856575 0.934779 7
0.920559 -0.849387 0.938163 7
0.888692 -0.851226 0.935752 7
0.859524 -0.838951 0.942691 7
0.827436 -0.842912 0.939127 7
0.793535 -0.859500 0.927434 7
0.758440 -0.887314 0.908536 7
0.733425 -0.846186 0.934766 7
0.699445 -0.870071 0.918670 7
0.673278 -0.830700 0.943964 7
0.644354 -0.810271 0.957008 7
0.610573 -0.838296 0.938558 7
0.579108 -0.845962 0.933503 7
0.548628 -0.842607 0.935751 7
0.519801 -0.810783 0.956682 7
0.488962 -0.806767 0.959590 7
0.458184 -0.799396 0.964803 7
0.425586 -0.854702 0.929220 7
0.395679 -0.816857 0.954552 7
0.364591 -0.851271 0.932815 7
0.333929 -0.831482 0.946595 7
0.303176 -0.832492 0.946901 7
0.272834 -0.848148 0.937739 7
0.242112 -0.845704 0.940527 7
0.210576 -0.828452 0.953134 7
0.182131 -0.869234 0.927822 7
0.149476 -0.839079 0.949131 7
0.120640 -0.863962 0.934442 7
0.088930 -0.852766 0.943557 7
0.058891 -0.860552 0.940312 7
0.030758 -0.883985 0.926866 7
-0.003635 -0.854363 0.948495 7
-0.037810 -0.831688 0.965702 7
-0.062777 -0.875022 0.939423 7
-0.097066 -0.854521 0.955453 7
-0.123616 -0.882612 0.939426 7
-0.152233 -0.896497 0.932901 7
-0.189627 -0.863958 0.957342 7
-0.213369 -0.902344 0.934739 7
-0.254324 -0.857603 0.967634 7
-0.281381 -0.879084 0.956504 7
-0.327948 -0.817430 1.001111 7
-0.360439 -0.818295 1.004069 7
-0.386749 -0.843319 0.990924 7
-0.418364 -0.847460 0.991913 7
-0.451151 -0.847786 0.995602 7
-0.484047 -0.848361 0.999261 7
-0.524892 -0.823791 1.020102 7
-0.554162 -0.837785 1.014969 7
-0.591284 -0.827823 1.026248 7
-0.630895 -0.811999 1.041711 7
-0.659696 -0.828199 1.035469 7
-0.700194 -0.812312 1.051336 7
-0.729843 -0.826564 1.046690 7
-0.756124 -0.849148 1.036407 7
-0.797886 -0.832933 1.053030 7
-1.037989 -0.345062 1.396986 0
-1.087962 -0.326991 1.416331 0
-1.118372 -0.354783 1.403957 0
-1.162443 -0.351975 1.413085 0
-1.216181 -0.329613 1.436164 0
-1.246713 -0.357273 1.424328 0
-1.293316 -0.351976 1.435873 0
-1.342612 -0.342537 1.450605 0
1.354992 -0.123003 1.486695 1
1.256190 -0.334929 1.340993 1
1.212953 -0.353449 1.326087 1
1.176312 -0.347980 1.327509 1
1.130475 -0.381371 1.302941 1
1.105222 -0.328004 1.336857 1
1.065170 -0.338496 1.327990 1
0.920164 -0.865576 0.972720 7
0.895474 -0.830489 0.994961 7
0.862145 -0.839294 0.987889 7
0.831190 -0.835923 0.989100 7
0.793079 -0.877673 0.960231 7
0.769271 -0.829669 0.991554 7
0.735208 -0.849387 0.977683 7
0.708385 -0.815657 0.999674 7
0.672944 -0.851111 0.975531 7
0.646817 -0.804978 1.006040 7
0.612598 -0.835693 0.985310 7
0.582916 -0.819833 0.995822 7
0.550709 -0.835289 0.985528 7
0.520699 -0.820348 0.995664 7
0.489384 -0.825979 0.992172 7
0.457608 -0.847549 0.978142 7
0.426393 -0.866415 0.966031 7
0.396421 -0.834700 0.987862 7
0.365806 -0.794491 1.015511 7
0.334870 -0.854552 0.976176 7
0.303825 -0.829170 0.994150 7
0.273084 -0.835672 0.990894 7
0.243945 -0.880784 0.961859 7
0.211097 -0.831314 0.996374 7
0.180896 -0.844306 0.989110 7
0.149804 -0.841400 0.992636 7
0.120298 -0.859153 0.982390 7
0.087694 -0.840095 0.997031 7
0.057243 -0.846317 0.994778 7
0.023155 -0.820420 1.014316 7
-0.005888 -0.839565 1.003586 7
-0.032827 -0.871527 0.984281 7
-0.066475 -0.854190 0.998437 7
-0.096974 -0.859579 0.997338 7
-0.129195 -0.854802 1.003261 7
-0.156584 -0.877729 0.990478 7
-0.183067 -0.903265 0.976001 7
-0.218541 -0.882738 0.993028 7
-0.251188 -0.878040 0.999414 7
-0.289135 -0.851173 1.021122 7
-0.321684 -0.850059 1.025369 7
-0.358263 -0.833609 1.040296 7
-0.389432 -0.839858 1.039777 7
-0.418560 -0.853655 1.034177 7
-0.457931 -0.831141 1.053785 7
-0.495572 -0.816859 1.067902 7
-0.519476 -0.848692 1.050190 7
-0.556053 -0.839407 1.061147 7
-0.594282 -0.826494 1.074819 7
-0.620269 -0.850553 1.062832 7
-0.658969 -0.838123 1.076505 7
-0.700332 -0.819992 1.094390 7
-0.730839 -0.832081 1.091207 7
-0.952573 -0.360041 1.430314 0
-1.003242 -0.337463 1.452914 0
-1.054312 -0.316098 1.474947 0
-1.090157 -0.331967 1.470733 0
-1.131872 -0.334587 1.476137 0
-1.170879 -0.343792 1.477022 0
-1.213621 -0.345415 1.483542 0
-1.258739 -0.342901 1.493266 0
-1.290235 -0.368688 1.482727 0
-1.335997 -0.366127 1.492904 0
1.288081 -0.374253 1.371782 1
1.269882 -0.300857 1.419818 1
1.225425 -0.321862 1.402724 1
1.185784 -0.326350 1.397215 1
1.140589 -0.355240 1.375058 1
1.114859 -0.302292 1.409432 1
1.074532 -0.311987 1.400813 1
1.035111 -0.319082 1.394147 1
0.995005 -0.331280 1.384139 1
0.859968 -0.866157 1.015557 7
0.833659 -0.836743 1.034624 7
0.803362 -0.828756 1.039107 7
0.766982 -0.861054 1.016105 7
0.739387 -0.835399 1.032947 7
0.708781 -0.829629 1.036283 7
0.675241 -0.848759 1.022696 7
0.644429 -0.846445 1.023918 7
0.614350 -0.836345 1.030590 7
0.581169 -0.861776 1.013070 7
0.549785 -0.870488 1.007115 7
0.520423 -0.849518 1.021597 7
0.490827 -0.824590 1.038913 7
0.460477 -0.805645 1.052262 7
0.428238 -0.840770 1.028714 7
0.397526 -0.830904 1.036095 7
0.366616 -0.818433 1.045390 7
0.335557 -0.830060 1.038294 7
0.304896 -0.851008 1.024920 7
0.273528 -0.829790 1.040596 7
0.242386 -0.827242 1.043592 7
0.210886 -0.819172 1.050510 7
0.181821 -0.855104 1.027297 7
0.150882 -0.854219 1.029515 7
0.119377 -0.847287 1.036025 7
0.087746 -0.841251 1.042053 7
0.054697 -0.823510 1.056298 7
0.024766 -0.836797 1.049254 7
-0.003427 -0.862090 1.034011 7
-0.034142 -0.865588 1.033956 7
-0.067383 -0.852206 1.045734 7
-0.093825 -0.883765 1.026452 7
-0.131582 -0.845782 1.055615 7
-0.157371 -0.878608 1.035661 7
-0.193386 -0.855522 1.054784 7
-0.222424 -0.869571 1.048143 7
-0.251311 -0.883455 1.041723 7
-0.288522 -0.860116 1.061512 7
-0.317874 -0.872402 1.056472 7
-0.364507 -0.815476 1.100263 7
-0.393535 -0.831121 1.093172 7
-0.421088 -0.851444 1.082880 7
-0.460510 -0.829339 1.102727 7
-0.493650 -0.830681 1.106152 7
-0.522059 -0.847809 1.098498 7
-0.569083 -0.806591 1.132548 7
-0.595978 -0.829181 1.121293 7
-0.639769 -0.802119 1.145698 7
-0.656930 -0.851769 1.115262 7
-0.700771 -0.826941 1.138450 7
-0.912666 -0.366409 1.476565 0
-0.964488 -0.339673 1.502555 0
-1.008956 -0.333380 1.514014 0
-1.025413 -0.394728 1.476443 0
-1.075425 -0.376033 1.497298 0
-1.111942 -0.389399 1.494959 0
-1.160979 -0.375645 1.512720 0
-1.184059 -0.418296 1.489167 0
-1.215895 -0.441475 1.480047 0
-1.254969 -0.449783 1.482087 0
-1.294661 -0.457291 1.484918 0
-1.326385 -0.480360 1.476311 0
-0.921796 -0.041377 -1.022729 6
-0.849925 -0.021673 -1.053084 6
-0.820071 -0.043289 -1.051980 6
-0.749511 -0.022151 -1.082882 6
-0.681955 -0.002369 -1.112392 6
-0.644169 -0.013307 -1.118977 6
-0.583887 0.001319 -1.144185 6
-0.555579 -0.018893 -1.143919 6
-0.485080 0.009988 -1.178971 6
-0.450674 -0.001814 -1.184634 6
-0.413788 -0.010214 -1.192722 6
-0.376640 -0.017752 -1.201400 6
-0.309542 0.013115 -1.236747 6
-0.288538 -0.013299 -1.232164 6
-0.235639 0.002060 -1.256348 6
-0.204299 -0.010090 -1.261606 6
-0.154740 0.003157 -1.284007 6
-0.120495 -0.003706 -1.292749 6
-0.070953 0.011956 -1.316411 6
-0.052196 -0.016090 -1.311094 6
-0.003904 -0.000194 -1.334656 6
0.050687 0.026925 -1.365243 6
0.217163 0.231929 -1.509658 4
0.254684 0.239849 -1.526413 4
0.285189 0.237327 -1.536434 4
0.307753 0.222046 -1.538432 4
0.337578 0.219278 -1.548309 4
0.356483 0.197834 -1.546650 4
0.379586 0.183665 -1.549607 4
0.401945 0.168152 -1.551844 4
0.425019 0.153959 -1.554986 4
0.440571 0.125162 -1.549514 4
0.467069 0.117468 -1.556769 4
0.501913 0.127195 -1.574278 4
0.506667 0.075020 -1.555651 4
0.518379 0.035818 -1.544981 4
0.542663 0.023084 -1.549795 4
0.556069 -0.014294 -1.540728 4
0.589370 -0.006500 -1.557384 4
0.594078 -0.066144 -1.536355 4
0.609756 -0.101319 -1.529393 4
0.398873 -0.713809 -1.206624 7
0.426470 -0.737509 -1.209299 7
0.475852 -0.702854 -1.243565 7
0.506070 -0.718319 -1.250750 7
0.528177 -0.757009 -1.245788 7
0.545942 -0.810018 -1.233678 7
-0.999253 -0.004750 -0.964477 6
-0.918525 0.020718 -1.000899 6
-0.900061 -0.012908 -0.990401 6
-0.865331 -0.030594 -0.992574 6
-0.804965 -0.021739 -1.015309 6
-0.741673 -0.008442 -1.041176 6
-0.715413 -0.033126 -1.037838 6
-0.640811 -0.005176 -1.074358 6
-0.623748 -0.039110 -1.064080 6
-0.545927 -0.004476 -1.104975 6
-0.513357 -0.019933 -1.108432 6
-0.451763 -0.000716 -1.137275 6
-0.400799 0.007382 -1.157711 6
-0.354093 0.011472 -1.175052 6
-0.326300 -0.007248 -1.175956 6
-0.280973 -0.003265 -1.193032 6
-0.266922 -0.039457 -1.181746 6
-0.215419 -0.025897 -1.205418 6
-0.169919 -0.019120 -1.224151 6
-0.119068 -0.003640 -1.248680 6
-0.062964 0.020952 -1.279144 6
-0.015026 0.035488 -1.302469 6
-0.007711 -0.009609 -1.285644 6
0.045923 0.015351 -1.315732 6
0.078561 0.009236 -1.325011 6
0.115706 0.010924 -1.339377 6
0.145523 0.001425 -1.346405 6
0.163265 -0.028091 -1.340599 6
0.182556 -0.055527 -1.336360 6
0.212744 -0.064177 -1.344220 6
0.224681 -0.105526 -1.331601 6
0.208281 -0.200763 -1.285831 8
0.249580 -0.190005 -1.306362 8
0.263442 -0.231434 -1.294801 8
0.283726 -0.261262 -1.290644 8
0.310677 -0.278061 -1.294574 8
0.335372 -0.299628 -1.295779 8
0.375422 -0.288191 -1.316674 8
0.391509 -0.328572 -1.307015 8
0.407310 -0.370952 -1.296553 8
0.437016 -0.382107 -1.304474 8
0.461894 -0.404659 -1.305950 8
0.473492 -0.460658 -1.288659 8
0.476510 -0.541033 -1.258194 8
0.456682 -0.685644 -1.192723 7
0.485750 -0.705078 -1.197716 7
0.511871 -0.732965 -1.198245 7
0.557773 -0.704263 -1.229688 7
0.588048 -0.719386 -1.237281 7
0.600772 -0.788769 -1.216117 7
0.633523 -0.797747 -1.227460 7
-1.054100 0.004384 -0.898581 6
-1.002631 0.000198 -0.912315 6
-0.948105 -0.000148 -0.929020 6
-0.912519 -0.018007 -0.931393 6
-0.874010 -0.032639 -0.936389 6
-0.818673 -0.029648 -0.955379 6
-0.765584 -0.027840 -0.973216 6
-0.704238 -0.016136 -0.998584 6
-0.661711 -0.023406 -1.008934 6
-0.614282 -0.024545 -1.023923 6
-0.543905 0.001289 -1.059333 6
-0.492165 0.007597 -1.079510 6
-0.451503 0.002009 -1.090541 6
-0.417187 -0.010558 -1.096308 6
-0.383376 -0.023365 -1.101916 6
-0.311904 0.011748 -1.142632 6
-0.281276 -0.003381 -1.146319 6
-0.236662 0.000164 -1.163518 6
-0.197253 -0.002252 -1.176299 6
-0.152784 0.003083 -1.194494 6
-0.119372 -0.006036 -1.202355 6
-0.067565 0.011800 -1.229022 6
-0.028534 0.012497 -1.243529 6
-0.003028 -0.006299 -1.244552 6
0.030293 -0.013065 -1.253885 6
0.071093 -0.007494 -1.271535 6
0.127247 0.023984 -1.306395 6
0.157573 0.015100 -1.314012 6
0.187957 0.006717 -1.321977 6
0.233160 0.024447 -1.347028 6
0.235886 -0.031575 -1.323999 6
0.269144 -0.033979 -1.335976 6
0.277160 -0.082769 -1.318329 6
0.302587 -0.099889 -1.321163 6
0.297010 -0.177882 -1.285931 8
0.311519 -0.218645 -1.274611 8
0.342615 -0.226407 -1.284010 8
0.363946 -0.254416 -1.281049 8
0.390290 -0.272133 -1.284562 8
0.417736 -0.287460 -1.289642 8
0.445296 -0.302478 -1.295011 8
0.454939 -0.359872 -1.275436 8
0.485954 -0.367597 -1.285506 8
0.509222 -0.394277 -1.284596 8
0.519569 -0.455012 -1.264302 8
0.543104 -0.483388 -1.263051 8
0.483753 -0.740288 -1.132738 7
0.529794 -0.713808 -1.163892 7
0.557811 -0.737280 -1.166978 7
0.600729 -0.716142 -1.194835 7
0.628772 -0.739009 -1.198429 7
0.652942 -0.774928 -1.195161 7
0.676768 -0.813465 -1.190819 7
-1.175549 0.060795 -0.834655 6
-1.178679 0.006076 -0.805630 6
-1.125633 0.000653 -0.819439 6
-1.038891 0.027063 -0.860149 6
-1.008598 0.002816 -0.857517 6
-0.945193 0.010325 -0.881553 6
-0.932329 -0.030152 -0.865467 6
-0.865698 -0.017614 -0.893320 6
-0.817972 -0.022739 -0.906387 6
-0.780371 -0.037571 -0.911472 6
-0.716872 -0.024458 -0.938974 6
-0.676139 -0.034475 -0.947714 6
-0.618025 -0.024626 -0.972079 6
-0.552438 -0.004876 -1.003889 6
-0.496262 0.005823 -1.028256 6
-0.464317 -0.010703 -1.031368 6
-0.427301 -0.020862 -1.039394 6
-0.368393 -0.003475 -1.068261 6
-0.328608 -0.008512 -1.079924 6
-0.270515 0.010778 -1.109638 6
-0.245333 -0.011550 -1.108225 6
-0.195682 -0.000976 -1.131074 6
-0.153653 0.000474 -1.147038 6
-0.112497 0.001660 -1.162676 6
-0.081225 -0.010462 -1.168666 6
-0.031627 0.004775 -1.194101 6
0.000151 -0.005295 -1.201441 6
0.055145 0.020894 -1.234108 6
0.079579 0.000873 -1.234381 6
0.141264 0.041045 -1.276127 6
0.138925 -0.022106 -1.246946 6
0.196361 0.013990 -1.285440 6
0.231155 0.013333 -1.298821 6
0.246488 -0.021197 -1.289615 6
0.286255 -0.011983 -1.309544 6
0.301341 -0.047684 -1.299936 6
0.342980 -0.033363 -1.323071 6
0.359074 -0.067798 -1.314637 6
0.381567 -0.090259 -1.314140 6
0.352778 -0.219594 -1.246252 8
0.386028 -0.222709 -1.258802 8
0.410794 -0.243693 -1.260213 8
0.431464 -0.274174 -1.255932 8
0.453463 -0.302393 -1.253296 8
0.482761 -0.313909 -1.261018 8
0.512054 -0.325177 -1.268956 8
0.532377 -0.358863 -1.263610 8
0.560580 -0.373118 -1.270034 8
0.567770 -0.443773 -1.243556 8
0.580682 -0.502085 -1.224919 8
0.537023 -0.725184 -1.112107 7
0.582086 -0.699581 -1.143232 7
0.611823 -0.718006 -1.149193 7
0.655305 -0.693075 -1.179563 7
0.690577 -0.692153 -1.196330 7
0.699126 -0.780910 -1.163782 7
0.723423 -0.819645 -1.159330 7
-1.150933 0.040295 -0.775674 6
-1.101013 0.032078 -0.787514 6
-1.045586 0.029694 -0.804304 6
-0.998418 0.020632 -0.815077 6
-0.945730 0.017567 -0.830882 6
-0.898174 0.010477 -0.843058 6
-0.863244 -0.008395 -0.845150 6
-0.819908 -0.018450 -0.854665 6
-0.770154 -0.021200 -0.870165 6
-0.720322 -0.022923 -0.886335 6
-0.710807 -0.067378 -0.867431 6
-0.619876 -0.022550 -0.921226 6
-0.585230 -0.038425 -0.925479 6
-0.518554 -0.016943 -0.959508 6
-0.449898 0.008825 -0.996461 6
-0.426240 -0.017628 -0.992003 6
-0.371342 -0.005723 -1.017522 6
-0.329777 -0.009146 -1.030920 6
-0.284513 -0.006998 -1.048467 6
-0.253726 -0.022904 -1.052156 6
-0.195596 -0.001714 -1.083786 6
-0.150345 0.003607 -1.103188 6
-0.125393 -0.018551 -1.102072 6
-0.080332 -0.011797 -1.122304 6
-0.028135 0.006720 -1.150889 6
0.011627 0.008209 -1.166851 6
0.041367 -0.004850 -1.172272 6
0.097620 0.024350 -1.207729 6
0.113552 -0.009573 -1.198310 6
0.171495 0.025528 -1.237369 6
0.178681 -0.023180 -1.217900 6
0.235512 0.013161 -1.257296 6
0.285222 0.039463 -1.289353 6
0.298563 0.001268 -1.277466 6
0.325399 -0.012665 -1.282175 6
0.364979 -0.001876 -1.303382 6
0.390475 -0.017553 -1.306958 6
0.402799 -0.059997 -1.293148 6
0.418913 -0.095969 -1.283925 6
0.408539 -0.189885 -1.237808 8
0.429268 -0.219558 -1.233556 8
0.460616 -0.225912 -1.244282 8
0.479446 -0.260920 -1.237072 8
0.501480 -0.289356 -1.234253 8
0.535410 -0.289116 -1.249325 8
0.553363 -0.328637 -1.240079 8
0.561131 -0.396427 -1.214100 8
0.595178 -0.396263 -1.229521 8
0.609830 -0.449390 -1.213221 8
0.619107 -0.520566 -1.186796 8
0.587986 -0.716353 -1.088318 7
0.615954 -0.741801 -1.090391 7
0.660634 -0.714352 -1.123014 7
0.696164 -0.714119 -1.139844 7
0.724210 -0.738489 -1.142778 7
0.741667 -0.801458 -1.124390 7
-1.164605 0.038256 -0.713207 6
-1.132801 0.013115 -0.710445 6
-1.046748 0.037498 -0.752240 6
-1.018894 0.009929 -0.747129 6
-0.956536 0.015124 -0.771067 6
-0.907180 0.009048 -0.784799 6
-0.866726 -0.005011 -0.791442 6
-0.809436 -0.001500 -0.813144 6
-0.772490 -0.017824 -0.817648 6
-0.732162 -0.030200 -0.825492 6
-0.682072 -0.031483 -0.842579 6
-0.612772 -0.010518 -0.877949 6
-0.565531 -0.012510 -0.893903 6
-0.515832 -0.010722 -0.912772 6
-0.460702 -0.001426 -0.937504 6
-0.410045 0.003891 -0.958726 6
-0.368834 -0.001217 -0.971393 6
-0.339382 -0.020410 -0.972828 6
-0.281217 -0.002462 -1.003445 6
-0.241398 -0.006931 -1.016251 6
-0.198864 -0.006988 -1.032357 6
-0.154942 -0.004186 -1.050500 6
-0.109993 0.001134 -1.070372 6
-0.073109 -0.004022 -1.082163 6
-0.040509 -0.014835 -1.089668 6
0.016460 0.011650 -1.124751 6
0.058563 0.017270 -1.144088 6
0.090638 0.008140 -1.152511 6
0.140596 0.028536 -1.182224 6
0.146555 -0.022474 -1.160509 6
0.198108 0.002703 -1.193334 6
0.240662 0.014286 -1.216197 6
0.254967 -0.023353 -1.204485 6
0.303534 0.001006 -1.236008 6
0.333828 -0.006990 -1.244958 6
0.375291 0.007112 -1.268947 6
0.419234 0.027776 -1.297117 6
0.426783 -0.023949 -1.276541 6
0.462902 -0.017667 -1.294952 6
0.472248 -0.067938 -1.276013 6
0.482826 -0.117447 -1.258058 6
0.468757 -0.225183 -1.202922 8
0.489206 -0.257198 -1.197457 8
0.525804 -0.251090 -1.216510 8
0.544460 -0.288387 -1.208071 8
0.576878 -0.291646 -1.221243 8
0.592657 -0.338255 -1.207535 8
0.605706 -0.394349 -1.188445 8
0.615966 -0.461016 -1.163465 8
0.637393 -0.498501 -1.156749 8
0.658045 -0.539844 -1.148071 8
0.629894 -0.735797 -1.048146 7
0.667961 -0.730041 -1.068728 7
0.706638 -0.720601 -1.091343 7
0.736142 -0.741277 -1.096440 7
0.759808 -0.783566 -1.089355 7
0.783042 -0.829675 -1.080509 7
-1.225243 0.049442 -0.640774 6
-1.176492 0.037962 -0.651192 6
-1.138884 0.017303 -0.652923 6
-1.094328 0.003255 -0.660764 6
-1.001588 0.034493 -0.709895 6
-0.954109 0.025373 -0.721661 6
-0.916532 0.007413 -0.725344 6
-0.846436 0.021999 -0.757985 6
-0.809513 0.004794 -0.762084 6
-0.770483 -0.009882 -0.768394 6
-0.720242 -0.012257 -0.785336 6
-0.663117 -0.006212 -0.809302 6
-0.634981 -0.030821 -0.806822 6
-0.587215 -0.033311 -0.823158 6
-0.531046 -0.025159 -0.848222 6
-0.476944 -0.018033 -0.872104 6
-0.432704 -0.021445 -0.887003 6
-0.404229 -0.043431 -0.886582 6
-0.342335 -0.023265 -0.920406 6
-0.275165 0.005632 -0.960783 6
-0.247093 -0.014735 -0.961365 6
-0.199036 -0.008100 -0.983371 6
-0.161617 -0.014877 -0.994623 6
-0.099017 0.014573 -1.033938 6
-0.068884 -0.000601 -1.038354 6
-0.031800 -0.005268 -1.050843 6
0.015192 0.005801 -1.075169 6
0.053622 0.005037 -1.090330 6
0.098014 0.014638 -1.113091 6
0.134004 0.011934 -1.126518 6
0.163305 -0.001174 -1.132234 6
0.212421 0.019892 -1.162821 6
0.250597 0.023723 -1.180622 6
0.292068 0.034577 -1.203286 6
0.306347 -0.003354 -1.191153 6
0.343101 0.000214 -1.208526 6
0.377169 -0.000363 -1.222870 6
0.395660 -0.031224 -1.216206 6
0.452674 0.016239 -1.263466 6
0.472253 -0.011791 -1.258809 6
0.496365 -0.030681 -1.260546 6
0.511133 -0.070631 -1.248354 6
0.541097 -0.077089 -1.258714 6
0.510020 -0.227471 -1.174578 8
0.535710 -0.247627 -1.176826 8
0.577436 -0.227744 -1.205065 8
0.590976 -0.278693 -1.187693 8
0.605498 -0.329300 -1.171034 8
0.634726 -0.341584 -1.178962 8
0.641172 -0.418715 -1.146545 8
0.662599 -0.455849 -1.139619 8
0.665930 -0.549835 -1.098224 8
0.685037 -0.599521 -1.084677 8
0.682821 -0.721772 -1.027964 7
0.703748 -0.773234 -1.014711 7
0.750014 -0.737711 -1.053342 7
0.756017 -0.846440 -1.007099 7
0.792689 -0.845202 -1.025753 7
0.833522 -0.825860 -1.054751 7
-1.227422 0.058288 -0.585796 6
-1.171735 0.052265 -0.602105 6
-1.135260 0.030220 -0.602843 6
-1.090135 0.016254 -0.611255 6
-1.030410 0.016388 -0.632786 6
-0.993626 -0.003943 -0.634955 6
-0.902675 0.028332 -0.685603 6
-0.840554 0.034751 -0.711803 6
-0.812564 0.008158 -0.707727 6
-0.759086 0.007804 -0.727326 6
-0.724220 -0.011069 -0.730187 6
-0.658284 0.003816 -0.762830 6
-0.607699 0.003549 -0.781747 6
-0.585801 -0.027969 -0.773349 6
-0.538737 -0.030847 -0.789779 6
-0.499598 -0.042121 -0.798869 6
-0.441600 -0.030129 -0.827540 6
-0.399758 -0.036449 -0.840494 6
-0.339034 -0.018222 -0.873701 6
-0.286288 -0.008420 -0.899518 6
-0.232794 0.003834 -0.927007 6
-0.199466 -0.009572 -0.933382 6
-0.169032 -0.026624 -0.936836 6
-0.119910 -0.017071 -0.961512 6
-0.059656 0.010036 -0.999742 6
-0.039484 -0.020027 -0.992732 6
0.009909 -0.006217 -1.019994 6
0.056282 0.004523 -1.044567 6
0.084462 -0.012264 -1.047859 6
0.125655 -0.007696 -1.067382 6
0.164084 -0.006591 -1.084115 6
0.209627 0.007715 -1.110525 6
0.246753 0.008854 -1.126921 6
0.287512 0.017533 -1.148699 6
0.314176 0.001439 -1.152288 6
0.377719 0.055613 -1.206503 6
0.400746 0.034393 -1.206184 6
0.412815 -0.009115 -1.190257 6
0.447520 -0.007406 -1.206460 6
0.488587 0.008817 -1.232639 6
0.526377 0.019720 -1.254868 6
0.548990 -0.001945 -1.254616 6
0.563281 -0.043248 -1.241221 6
0.575930 -0.090046 -1.224529 6
0.542516 -0.251954 -1.131599 8
0.564154 -0.283564 -1.126514 8
0.596561 -0.288032 -1.139484 8
0.622376 -0.309559 -1.141354 8
0.654380 -0.314223 -1.154244 8
0.653452 -0.413158 -1.106974 8
0.678894 -0.439213 -1.106829 8
0.698342 -0.484567 -1.094810 8
0.700784 -0.586645 -1.047987 8
0.704640 -0.690564 -1.001095 8
0.723576 -0.749226 -0.982903 7
0.765178 -0.729864 -1.012480 7
0.800854 -0.729781 -1.030233 7
0.830487 -0.751953 -1.034713 7
0.849244 -0.819030 -1.012959 7
-1.263372 0.038777 -0.501729 6
-1.173878 0.060688 -0.546760 6
-1.142899 0.033285 -0.542606 6
-1.086882 0.028476 -0.560520 6
-1.037749 0.018356 -0.573030 6
-0.994139 0.003811 -0.581135 6
-0.926002 0.013447 -0.611998 6
-0.870022 0.012749 -0.632679 6
-0.821411 0.005781 -0.647227 6
-0.750888 0.022212 -0.683106 6
-0.718312 0.000604 -0.683730 6
-0.685546 -0.020647 -0.684738 6
-0.649774 -0.038430 -0.688910 6
-0.577666 -0.015024 -0.729666 6
-0.512295 0.002804 -0.764886 6
-0.486151 -0.023633 -0.760956 6
-0.461727 -0.052288 -0.755266 6
-0.396187 -0.030560 -0.792980 6
-0.328579 -0.004157 -0.834120 6
-0.301509 -0.027746 -0.832515 6
-0.243957 -0.011194 -0.864592 6
-0.206519 -0.020004 -0.875213 6
-0.162424 -0.019017 -0.893814 6
-0.126770 -0.028931 -0.903332 6
-0.061037 0.005277 -0.948450 6
-0.020893 0.004141 -0.964614 6
0.010124 -0.009962 -0.970327 6
0.083759 0.042630 -1.028597 6
0.107181 0.018590 -1.026167 6
0.145269 0.018298 -1.042295 6
0.162470 -0.016142 -1.032061 6
0.229311 0.034088 -1.086605 6
0.253304 0.012155 -1.085883 6
0.289346 0.011845 -1.101502 6
0.331375 0.023594 -1.125952 6
0.362741 0.016517 -1.136277 6
0.392229 0.006283 -1.144269 6
0.430301 0.013733 -1.165076 6
0.460725 0.006651 -1.175255 6
0.492320 0.002588 -1.187564 6
0.531335 0.015510 -1.211807 6
0.542088 -0.033801 -1.192261 6
0.585143 -0.009896 -1.223995 6
0.606580 -0.035491 -1.221314 6
0.626238 -0.066154 -1.215393 6
0.635126 -0.125327 -1.190475 6
0.613750 -0.267195 -1.110747 8
0.645945 -0.271507 -1.123969 8
0.656152 -0.337000 -1.096866 8
0.670148 -0.394938 -1.075369 8
0.695963 -0.420225 -1.075588 8
0.711817 -0.477392 -1.055570 8
0.726163 -0.542589 -1.031023 8
0.734917 -0.630470 -0.992845 8
0.752565 -0.692929 -0.971464 8
0.767592 -0.768769 -0.942432 7
0.803738 -0.769432 -0.960293 7
0.815008 -0.867428 -0.918936 7
0.864600 -0.814068 -0.969767 7
0.897678 -0.825890 -0.981051 7
-1.298443 0.020388 -0.416509 6
-1.196899 0.051311 -0.472544 6
-1.163536 0.025097 -0.470006 6
-1.079394 0.044579 -0.513117 6
-1.030350 0.033999 -0.525754 6
-0.966389 0.038193 -0.552655 6
-0.927481 0.019762 -0.557164 6
-0.869830 0.020110 -0.579681 6
-0.817437 0.016399 -0.597978 6
-0.783429 -0.005169 -0.599158 6
-0.709408 0.015462 -0.639829 6
-0.646968 0.025761 -0.670267 6
-0.618210 0.000678 -0.667746 6
-0.584306 -0.018653 -0.670580 6
-0.543329 -0.029629 -0.680981 6
-0.490123 -0.025621 -0.704681 6
-0.462819 -0.051483 -0.701581 6
-0.409113 -0.044961 -0.727079 6
-0.348664 -0.028555 -0.760841 6
-0.272942 0.009387 -0.812713 6
-0.237122 -0.002478 -0.821158 6
-0.203677 -0.017086 -0.827234 6
-0.146566 0.001373 -0.861136 6
-0.107367 -0.003633 -0.874995 6
-0.063330 -0.000853 -0.895170 6
-0.029686 -0.012388 -0.903380 6
0.021429 0.003120 -0.933558 6
0.086366 0.041978 -0.982171 6
0.113339 0.022993 -0.983847 6
0.146929 0.014861 -0.994223 6
0.193582 0.029271 -1.022269 6
0.214348 0.000663 -1.016450 6
0.235256 -0.028249 -1.010629 6
0.292979 0.009273 -1.055943 6
0.330314 0.011668 -1.073949 6
0.392680 0.063211 -1.128814 6
0.400889 0.011670 -1.105905 6
0.443413 0.027782 -1.133631 6
0.468546 0.009460 -1.135753 6
0.497590 -0.000588 -1.144016 6
0.531666 0.000839 -1.160577 6
0.550063 -0.032397 -1.152207 6
0.600422 0.008274 -1.196587 6
0.643918 0.035829 -1.231148 6
0.663538 0.006498 -1.225603 6
0.667524 -0.064059 -1.191812 6
0.686717 -0.097844 -1.183985 6
0.651468 -0.282668 -1.073818 8
0.670478 -0.324829 -1.061868 8
0.691112 -0.364097 -1.052259 8
0.712422 -0.403032 -1.043246 8
0.730398 -0.454269 -1.026529 8
0.742920 -0.526177 -0.996881 8
0.745517 -0.636426 -0.943263 8
0.773973 -0.662455 -0.944651 8
0.794145 -0.720009 -0.926297 8
0.816706 -0.771965 -0.912039 7
0.851732 -0.776892 -0.927551 7
0.877739 -0.818900 -0.920197 7
0.915564 -0.811223 -0.943595 7
0.948137 -0.825650 -0.953470 7
-1.281173 0.046133 -0.375467 6
-1.191543 0.066477 -0.422164 6
-1.161107 0.037337 -0.416837 6
-1.081836 0.051856 -0.456314 6
-0.753567 0.296106 -0.727914 2
-0.688734 0.306301 -0.759418 2
-0.657068 0.286353 -0.760385 2
-0.601310 0.290181 -0.784800 2
-0.565119 0.275694 -0.790928 2
-0.537499 0.252849 -0.788910 2
-0.487628 0.253335 -0.809340 2
-0.438100 0.254544 -0.830142 2
-0.399534 0.244844 -0.840365 2
-0.344095 0.254660 -0.868668 2
-0.297696 0.255586 -0.888318 2
-0.281778 0.221772 -0.875870 2
-0.231994 0.228078 -0.900142 2
-0.416919 -0.053024 -0.665433 6
-0.366496 -0.050084 -0.688287 6
-0.301498 -0.027118 -0.728546 6
-0.246526 -0.015199 -0.758522 6
-0.199537 -0.012426 -0.780132 6
-0.165722 -0.026705 -0.786786 6
-0.129943 -0.037852 -0.796109 6
-0.074256 -0.019581 -0.830289 6
-0.012357 0.009881 -0.873391 6
0.014551 -0.011564 -0.873511 6
0.074391 0.018441 -0.916197 6
0.110825 0.013423 -0.929628 6
0.152900 0.018418 -0.951076 6
0.196850 0.027825 -0.975835 6
0.222210 0.006485 -0.975788 6
0.271513 0.027579 -1.009421 6
0.318100 0.045821 -1.040383 6
0.341328 0.022177 -1.038404 6
0.375051 0.018424 -1.051926 6
0.410262 0.018369 -1.068187 6
0.445940 0.020226 -1.085767 6
0.482477 0.024952 -1.105350 6
0.517609 0.027879 -1.123413 6
0.548876 0.023340 -1.135809 6
0.577977 0.014518 -1.145014 6
0.610307 0.013739 -1.160058 6
0.632939 -0.009760 -1.158658 6
0.671644 0.006637 -1.185909 6
0.683402 -0.044926 -1.164793 6
0.712127 -0.053402 -1.174424 6
0.723676 -0.109153 -1.151204 6
0.750485 -0.123934 -1.156798 6
0.718879 -0.312686 -1.043640 8
0.728092 -0.388254 -1.009290 8
0.763604 -0.384123 -1.029246 8
0.752188 -0.534707 -0.946131 8
0.768034 -0.601759 -0.919788 8
0.798434 -0.620595 -0.925662 8
0.811703 -0.704102 -0.889779 8
0.824661 -0.794833 -0.850150 7
0.861095 -0.796090 -0.868418 7
0.890909 -0.824440 -0.869544 7
0.923639 -0.840910 -0.878345 7
0.959978 -0.840404 -0.897776 7
-1.300588 0.041349 -0.301452 6
-1.224605 0.049022 -0.336354 6
-1.172018 0.038058 -0.350816 6
-0.746326 0.360326 -0.714875 2
-0.690933 0.361295 -0.737821 2
-0.613824 0.383696 -0.782419 2
-0.587293 0.360008 -0.779189 2
-0.551453 0.345404 -0.785233 2
-0.510927 0.335892 -0.796295 2
-0.445402 0.352554 -0.833142 2
-0.423542 0.325420 -0.826339 2
-0.356172 0.346736 -0.866859 2
-0.303026 0.354523 -0.893648 2
-0.294946 0.313224 -0.873113 2
-0.249533 0.313779 -0.892636 2
-0.229106 0.286056 -0.885345 2
-0.199551 0.268980 -0.888154 2
-0.157895 0.266966 -0.904869 2
-0.117013 0.264875 -0.921295 2
-0.089489 0.246449 -0.922726 2
-0.056569 0.235231 -0.930685 2
-0.035587 0.208300 -0.924617 2
-0.150661 -0.007445 -0.752274 6
-0.119570 -0.025399 -0.755898 6
-0.067354 -0.012462 -0.786334 6
-0.030103 -0.020137 -0.798651 6
0.015557 -0.014305 -0.822372 6
0.079230 0.021102 -0.870770 6
0.117503 0.018515 -0.886659 6
0.152401 0.011229 -0.898499 6
0.196285 0.019783 -0.923293 6
0.230795 0.013494 -0.935685 6
0.288415 0.049120 -0.981891 6
0.320969 0.041710 -0.992938 6
0.358817 0.044843 -1.012312 6
0.384982 0.026489 -1.014559 6
0.424265 0.034205 -1.037279 6
0.459048 0.034119 -1.053712 6
0.482070 0.010183 -1.051690 6
0.528903 0.037536 -1.088913 6
0.555588 0.022425 -1.093589 6
0.575940 -0.007257 -1.087431 6
0.623653 0.027300 -1.129214 6
0.654816 0.024414 -1.142891 6
0.670686 -0.016463 -1.128780 6
0.700313 -0.023018 -1.139900 6
0.721760 -0.051176 -1.135510 6
0.746753 -0.070332 -1.137768 6
0.766239 -0.105812 -1.128664 6
0.789757 -0.130694 -1.127302 6
0.761781 -0.317235 -1.014216 8
0.784111 -0.353846 -1.006208 8
0.815920 -0.360197 -1.019138 8
0.792678 -0.559148 -0.902174 8
0.810942 -0.621754 -0.878630 8
0.828772 -0.690128 -0.851921 8
0.850188 -0.748962 -0.832198 7
0.883339 -0.762823 -0.842347 7
0.917846 -0.770583 -0.856511 7
0.938752 -0.840171 -0.831182 7
0.975865 -0.836998 -0.852656 7
1.019166 -0.800185 -0.895128 7
-1.287166 0.064036 -0.256229 6
-1.210361 0.072026 -0.292652 6
-0.722033 0.438637 -0.718478 2
-0.666526 0.439645 -0.742055 2
-0.598487 0.453225 -0.778584 2
-0.579397 0.423084 -0.768252 2
-0.524096 0.427066 -0.793826 2
-0.478320 0.423064 -0.810667 2
-0.451321 0.401259 -0.808960 2
-0.402124 0.402116 -0.830346 2
-0.327554 0.430529 -0.879103 2
-0.301194 0.409869 -0.878071 2
-0.252033 0.414156 -0.901749 2
-0.217836 0.402926 -0.909858 2
-0.210786 0.361088 -0.888198 2
-0.158453 0.371309 -0.917013 2
-0.132994 0.350772 -0.916087 2
-0.101504 0.337639 -0.922231 2
-0.070514 0.324220 -0.928073 2
-0.052330 0.294621 -0.918892 2
-0.011413 0.294557 -0.937082 2
0.014111 0.274642 -0.936964 2
0.026834 0.236962 -0.920906 2
0.057878 0.224396 -0.927682 2
-0.065716 -0.013036 -0.735084 6
-0.036366 -0.033149 -0.736926 6
0.011232 -0.025282 -0.763225 6
0.072218 0.005085 -0.808615 6
0.107317 -0.003636 -0.819876 6
0.158100 0.014165 -0.853572 6
0.210473 0.036648 -0.890752 6
0.244652 0.029631 -0.902810 6
0.283365 0.031362 -0.922023 6
0.319806 0.030014 -0.938514 6
0.360064 0.036816 -0.961480 6
0.389431 0.023807 -0.968225 6
0.418417 0.010283 -0.974581 6
0.456729 0.016189 -0.996362 6
0.495681 0.024809 -1.020048 6
0.527881 0.020192 -1.033170 6
0.558664 0.013099 -1.044306 6
0.587305 0.001586 -1.052021 6
0.615506 -0.010708 -1.059168 6
0.650240 -0.006609 -1.078683 6
0.678890 -0.016778 -1.087386 6
0.717145 -0.001207 -1.115136 6
0.763931 0.039819 -1.161234 6
0.762418 -0.052045 -1.110141 6
0.784860 -0.079223 -1.106701 6
0.795501 -0.143293 -1.077156 6
0.845696 -0.086103 -1.134147 6
0.864346 -0.126948 -1.121545 6
0.819652 -0.386573 -0.957183 8
0.844192 -0.420108 -0.951781 8
0.831741 -0.592696 -0.851673 8
0.845611 -0.677191 -0.813229 8
0.863649 -0.751142 -0.782789 7
0.902667 -0.741420 -0.808809 7
0.934188 -0.762664 -0.814210 7
0.944639 -0.883550 -0.754677 7
0.988894 -0.848436 -0.797493 7
1.037529 -0.784659 -0.858205 7
1.060210 -0.855501 -0.832518 7
-0.735217 0.530557 -0.716520 2
-0.678193 0.531947 -0.741471 2
-0.655426 0.504989 -0.734270 2
-0.605894 0.501558 -0.753206 2
-0.545551 0.508881 -0.783531 2
-0.512971 0.491964 -0.787020 2
-0.464720 0.490197 -0.806699 2
-0.430374 0.475945 -0.812764 2
-0.358908 0.498944 -0.857896 2
-0.326302 0.484598 -0.863315 2
-0.288554 0.475957 -0.874548 2
-0.259268 0.458919 -0.877033 2
-0.229356 0.442767 -0.880413 2
-0.165141 0.465146 -0.922397 2
-0.135235 0.450386 -0.926778 2
-0.129539 0.407560 -0.903524 2
-0.070849 0.427166 -0.941612 2
-0.041717 0.412417 -0.945888 2
-0.030211 0.375744 -0.929171 2
0.002171 0.365132 -0.937545 2
0.022677 0.339282 -0.931523 2
0.048087 0.319748 -0.931569 2
0.074948 0.302212 -0.933545 2
0.098876 0.280589 -0.931831 2
0.112462 0.243749 -0.916438 2
0.125976 0.205881 -0.900487 2
0.026523 -0.006274 -0.729606 6
0.087700 0.024337 -0.776256 6
0.104172 -0.014599 -0.761312 6
0.161154 0.012632 -0.804180 6
0.224745 0.053651 -0.858289 6
0.252364 0.035004 -0.860691 6
0.295995 0.045142 -0.887517 6
0.331273 0.041433 -0.902401 6
0.359902 0.025894 -0.907329 6
0.404929 0.042547 -0.938830 6
0.434911 0.030915 -0.946822 6
0.463073 0.015837 -0.952025 6
0.493307 0.005292 -0.960922 6
0.530246 0.009879 -0.981856 6
0.570775 0.023924 -1.010044 6
0.604082 0.022988 -1.026180 6
0.630714 0.006890 -1.030433 6
0.656544 -0.011239 -1.033207 6
0.680867 -0.033439 -1.032991 6
0.737136 0.029138 -1.097012 6
0.758239 0.000042 -1.091414 6
0.793060 0.009161 -1.114462 6
0.824599 0.010278 -1.131391 6
0.833687 -0.056611 -1.098564 6
0.847489 -0.112546 -1.074411 6
0.883222 -0.098823 -1.100822 6
0.908291 -0.119778 -1.102309 6
0.925958 -0.168107 -1.084673 6
0.841747 -0.604043 -0.796814 8
0.868470 -0.640689 -0.790676 7
0.886358 -0.715857 -0.758455 7
0.926273 -0.701370 -0.788025 7
0.956694 -0.727096 -0.790221 7
0.990070 -0.739762 -0.801361 7
0.995400 -0.894388 -0.718607 7
1.054983 -0.774178 -0.817881 7
1.088450 -0.786116 -0.829752 7
1.103822 -0.907593 -0.771151 7
-0.740698 0.581747 -0.693119 2
-0.680977 0.584631 -0.720823 2
-0.648404 0.566042 -0.723088 2
-0.591334 0.568789 -0.749720 2
-0.558434 0.551544 -0.753150 2
-0.484867 0.571251 -0.797946 2
-0.479507 0.530090 -0.774283 2
-0.400710 0.557417 -0.826362 2
-0.332668 0.576736 -0.868712 2
-0.309422 0.553688 -0.864614 2
-0.285752 0.531001 -0.861009 2
-0.224830 0.546919 -0.898283 2
-0.181759 0.545654 -0.916901 2
-0.167924 0.513515 -0.903213 2
-0.145182 0.490741 -0.899441 2
-0.081001 0.515156 -0.943763 2
-0.087705 0.458874 -0.906033 2
-0.055663 0.447216 -0.913585 2
-0.009450 0.453354 -0.938653 2
0.020317 0.440095 -0.944324 2
0.032657 0.404688 -0.928463 2
0.039027 0.360589 -0.904600 2
0.093229 0.379989 -0.941765 2
0.103416 0.340259 -0.922491 2
0.112844 0.298382 -0.901636 2
0.150607 0.296685 -0.918514 2
0.175788 0.277036 -0.918679 2
0.177266 0.220905 -0.885687 2
0.221121 0.229630 -0.911960 2
0.132895 0.025906 -0.747652 6
0.209302 0.085993 -0.820472 6
0.243431 0.078189 -0.832408 6
0.259363 0.039041 -0.816920 6
0.305811 0.053814 -0.848439 6
0.339690 0.047143 -0.861160 6
0.378229 0.050023 -0.881903 6
0.411724 0.044198 -0.895088 6
0.445387 0.039405 -0.909041 6
0.487366 0.052688 -0.937852 6
0.508644 0.023371 -0.931350 6
0.534232 0.002807 -0.932224 6
0.567213 -0.001128 -0.946641 6
0.582589 -0.045759 -0.928422 6
0.635491 -0.000896 -0.981608 6
0.670991 0.004271 -1.002842 6
0.704843 0.006569 -1.021635 6
0.741340 0.017225 -1.046720 6
0.772162 0.013887 -1.060820 6
0.805930 0.019905 -1.081944 6
0.830384 -0.000489 -1.082998 6
0.869760 0.025158 -1.118545 6
0.871615 -0.067673 -1.066052 6
0.896545 -0.089121 -1.066969 6
0.922772 -0.106643 -1.070907 6
0.945455 -0.137502 -1.065363 6
0.912932 -0.381688 -0.907843 8
0.861992 -0.721386 -0.685732 7
0.917480 -0.644566 -0.759844 7
0.940247 -0.703100 -0.738823 7
0.976229 -0.704674 -0.757659 7
1.013942 -0.696244 -0.783244 7
1.006460 -0.919880 -0.651644 7
1.069105 -0.782513 -0.764691 7
1.101655 -0.802025 -0.771763 7
1.135290 -0.815434 -0.783003 7
1.148198 -0.967738 -0.703738 7
-0.701092 0.667951 -0.713012 2
-0.659975 0.656077 -0.723482 2
-0.604745 0.656331 -0.748247 2
-0.549688 0.657624 -0.773691 2
-0.537231 0.623664 -0.757191 2
-0.482088 0.626607 -0.783899 2
-0.454096 0.606445 -0.783488 2
-0.342335 0.663409 -0.870839 2
-0.292910 0.665534 -0.894658 2
-0.277173 0.636331 -0.883084 2
-0.237474 0.630398 -0.897441 2
-0.208642 0.614219 -0.900338 2
-0.175460 0.602770 -0.908324 2
-0.156267 0.576939 -0.900775 2
-0.124611 0.564385 -0.907495 2
-0.087784 0.557968 -0.920574 2
-0.060562 0.541277 -0.922754 2
-0.003279 0.559850 -0.961296 2
-0.000743 0.514805 -0.934194 2
0.007483 0.475461 -0.913419 2
0.034652 0.458926 -0.915953 2
0.056447 0.435612 -0.911771 2
0.091025 0.428976 -0.924144 2
0.119124 0.414202 -0.928428 2
0.136692 0.385010 -0.918780 2
0.158342 0.361093 -0.914434 2
0.173250 0.327048 -0.900640 2
0.213787 0.330632 -0.922563 2
0.213037 0.271820 -0.886036 2
0.245986 0.264108 -0.897451 2
0.277848 0.255205 -0.907673 2
0.290666 0.215046 -0.889455 2
0.240804 0.066237 -0.773944 6
0.291034 0.086444 -0.811249 6
0.311632 0.055176 -0.802533 6
0.351690 0.059426 -0.825205 6
0.389255 0.060205 -0.844594 6
0.419953 0.048527 -0.853052 6
0.460259 0.056740 -0.878468 6
0.465851 -0.006227 -0.843369 6
0.498430 -0.013740 -0.855516 6
0.531372 -0.019838 -0.868774 6
0.568273 -0.016136 -0.890027 6
0.600099 -0.023153 -0.902305 6
0.652044 0.019827 -0.955017 6
0.671259 -0.016225 -0.943518 6
0.719204 0.021742 -0.991291 6
0.752016 0.022368 -1.008933 6
0.791619 0.043275 -1.042296 6
0.817447 0.026573 -1.046080 6
0.849285 0.027944 -1.063857 6
0.878326 0.021712 -1.075702 6
0.879256 -0.076206 -1.018252 6
0.911261 -0.074841 -1.036324 6
0.941217 -0.079465 -1.049820 6
0.950963 -0.158619 -1.008431 6
1.009111 -0.055046 -1.101221 6
0.957207 -0.390034 -0.875559 8
0.920453 -0.692088 -0.677677 7
0.962606 -0.667862 -0.715225 7
0.991841 -0.700790 -0.712131 7
1.034124 -0.670145 -0.753689 7
1.061926 -0.711200 -0.745197 7
1.090021 -0.753916 -0.735982 7
1.123540 -0.767652 -0.746874 7
1.152097 -0.813344 -0.736348 7
1.164923 -0.972935 -0.650379 7
-0.699595 0.723261 -0.697193 2
-0.660760 0.709382 -0.705580 2
-0.597231 0.715601 -0.738752 2
-0.543090 0.715692 -0.763613 2
-0.519786 0.691299 -0.758101 2
-0.451699 0.705013 -0.798570 2
-0.371426 0.731161 -0.852970 2
-0.327475 0.727210 -0.870737 2
-0.290130 0.718083 -0.882094 2
-0.259572 0.703195 -0.886569 2
-0.233663 0.684153 -0.886213 2
-0.198420 0.674397 -0.896378 2
-0.177419 0.650829 -0.890895 2
-0.135153 0.649081 -0.909722 2
-0.095129 0.645884 -0.926614 2
-0.080634 0.615850 -0.914048 2
-0.036057 0.618731 -0.937173 2
-0.015804 0.595055 -0.931595 2
0.020778 0.590218 -0.946046 2
0.021902 0.543723 -0.916728 2
0.050331 0.529317 -0.921238 2
0.064622 0.497397 -0.907755 2
0.115320 0.511723 -0.941570 2
0.121225 0.468585 -0.916978 2
0.143532 0.446411 -0.913814 2
0.155140 0.409189 -0.895908 2
0.183495 0.394878 -0.900838 2
0.199450 0.362648 -0.888370 2
0.208347 0.319081 -0.865310 2
0.236897 0.304483 -0.870355 2
0.277286 0.308850 -0.893311 2
0.281460 0.255515 -0.861949 2
0.299161 0.222848 -0.850415 2
0.326639 0.206173 -0.853889 2
0.279088 0.056939 -0.736622 6
0.322461 0.065512 -0.764061 6
0.354158 0.053822 -0.772998 6
0.382037 0.035169 -0.775723 6
0.421228 0.038922 -0.798238 6
0.448041 0.018687 -0.799575 6
0.481919 0.013178 -0.813751 6
0.511317 -0.001320 -0.820115 6
0.544700 -0.006709 -0.834248 6
0.574480 -0.019688 -0.841888 6
0.631400 0.032523 -0.903958 6
0.653005 0.002026 -0.896665 6
0.691731 0.014339 -0.924765 6
0.712162 -0.019841 -0.914728 6
0.751791 -0.002657 -0.946427 6
0.797503 0.034269 -0.993515 6
0.827393 0.028376 -1.006028 6
0.853105 0.010322 -1.008940 6
0.888198 0.021944 -1.035070 6
0.921655 0.030257 -1.058362 6
0.918071 -0.088076 -0.984547 6
0.948839 -0.091188 -0.999563 6
0.958865 -0.171895 -0.956184 6
1.026221 -0.031473 -1.078495 6
0.983168 -0.335484 -0.870669 8
1.001616 -0.400169 -0.841869 8
1.026713 -0.439595 -0.832121 8
1.013725 -0.667129 -0.687522 7
1.047029 -0.681219 -0.697832 7
1.081889 -0.686716 -0.714280 7
1.104552 -0.762009 -0.681843 7
1.133463 -0.806805 -0.671407 7
1.170360 -0.802743 -0.695014 7
1.200793 -0.842313 -0.688759 7
-0.646799 0.815777 -0.731393 2
-0.621322 0.792613 -0.727444 2
-0.577400 0.783688 -0.741927 2
-0.550109 0.762401 -0.740246 2
-0.492167 0.765992 -0.769975 2
-0.469043 0.742100 -0.764698 2
-0.344795 0.803935 -0.865358 2
-0.322714 0.781155 -0.860470 2
-0.273022 0.782906 -0.885310 2
-0.229745 0.779953 -0.903992 2
-0.205259 0.760332 -0.902565 2
-0.170815 0.750307 -0.912400 2
-0.144188 0.733138 -0.913765 2
-0.090947 0.742887 -0.945975 2
-0.082131 0.708353 -0.927295 2
-0.049289 0.698454 -0.936688 2
-0.010120 0.695894 -0.954082 2
-0.012325 0.648309 -0.921577 2
0.012377 0.629889 -0.921546 2
0.050741 0.627437 -0.938800 2
0.063481 0.595233 -0.923943 2
0.089909 0.579121 -0.926463 2
0.122343 0.570699 -0.937054 2
0.136258 0.538961 -0.923266 2
0.153470 0.510901 -0.913583 2
0.161848 0.470376 -0.891427 2
0.201685 0.472453 -0.912801 2
0.207194 0.426619 -0.885882 2
0.240325 0.419794 -0.898229 2
0.260363 0.393887 -0.891672 2
0.276114 0.360933 -0.878451 2
0.291795 0.327050 -0.864660 2
0.327824 0.325486 -0.882123 2
0.343892 0.291362 -0.868501 2
0.373857 0.280275 -0.876864 2
0.386832 0.239422 -0.857462 2
0.320195 0.051878 -0.703121 6
0.350139 0.035821 -0.708495 6
0.401993 0.062315 -0.752478 6
0.430998 0.045971 -0.757314 6
0.454718 0.018857 -0.752597 6
0.479460 -0.006680 -0.749489 6
0.518332 -0.001820 -0.773177 6
0.558396 0.007178 -0.800182 6
0.589554 -0.002872 -0.810476 6
0.631828 0.014335 -0.843976 6
0.665832 0.013236 -0.861568 6
0.696474 0.004512 -0.872617 6
0.738619 0.027076 -0.909613 6
0.771568 0.026947 -0.927438 6
0.796728 0.005538 -0.927742 6
0.838085 0.032060 -0.966983 6
0.861245 0.005293 -0.962963 6
0.902043 0.034605 -1.003767 6
0.922946 0.000478 -0.994031 6
0.959489 0.019656 -1.026280 6
0.939001 -0.168064 -0.897915 6
0.970384 -0.172274 -0.912846 6
1.032849 -0.049992 -1.023957 6
1.078472 0.014566 -1.089775 6
1.022793 -0.364992 -0.822618 8
1.040012 -0.441499 -0.784921 8
1.031297 -0.654317 -0.648006 7
1.064996 -0.667151 -0.659318 7
1.096650 -0.691210 -0.662583 7
1.138241 -0.656991 -0.707710 7
1.128447 -0.945690 -0.523499 7
1.176411 -0.877201 -0.593660 7
1.203765 -0.949082 -0.565178 7
-0.688928 0.879788 -0.703133 2
-0.635916 0.875873 -0.725750 2
-0.603855 0.857757 -0.728461 2
-0.571687 0.840025 -0.731557 2
-0.540220 0.822068 -0.734223 2
-0.489790 0.819267 -0.756631 2
-0.358064 0.882833 -0.864435 2
-0.352400 0.846889 -0.842337 2
-0.270532 0.874571 -0.901261 2
-0.260882 0.842236 -0.883711 2
-0.217026 0.839673 -0.903394 2
-0.177979 0.833663 -0.918417 2
-0.166687 0.802537 -0.902674 2
-0.137387 0.788069 -0.907235 2
-0.115075 0.767064 -0.903948 2
-0.071413 0.767428 -0.925826 2
-0.028860 0.767676 -0.947133 2
-0.022563 0.730738 -0.925249 2
0.004326 0.715156 -0.928144 2
0.029467 0.697836 -0.929049 2
0.048615 0.673817 -0.922488 2
0.077584 0.660980 -0.928447 2
0.101313 0.642208 -0.927835 2
0.115804 0.612138 -0.915032 2
0.142226 0.596462 -0.917971 2
0.159041 0.568573 -0.907920 2
0.160928 0.520475 -0.876834 2
0.211077 0.536262 -0.913031 2
0.225431 0.504051 -0.899015 2
0.244517 0.477853 -0.891482 2
0.264295 0.452239 -0.884751 2
0.292529 0.438960 -0.890614 2
0.311979 0.412338 -0.883163 2
0.330961 0.384485 -0.874714 2
0.359378 0.371498 -0.881039 2
0.361947 0.315298 -0.845472 2
0.373023 0.271598 -0.822640 2
0.393147 0.242493 -0.814204 2
0.427740 0.239235 -0.830397 2
0.448527 0.210774 -0.822854 3
0.390987 0.029333 -0.673839 6
0.426566 0.024433 -0.689672 6
0.456093 0.007860 -0.694730 6
0.490934 0.002707 -0.710130 6
0.526530 0.000034 -0.727612 6
0.567949 0.011576 -0.757524 6
0.596347 -0.005546 -0.761870 6
0.630931 -0.007654 -0.779358 6
0.674203 0.013115 -0.816435 6
0.712894 0.024606 -0.845076 6
0.735724 -0.004731 -0.838736 6
0.782518 0.032057 -0.888262 6
0.808495 0.012290 -0.889942 6
0.845187 0.024560 -0.918222 6
0.871941 0.007752 -0.922355 6
0.905155 0.011941 -0.943628 6
0.931218 -0.006738 -0.946293 6
0.968101 0.012844 -0.979607 6
0.963896 -0.118118 -0.893458 6
0.989983 -0.141630 -0.893226 6
1.046924 -0.039196 -0.991049 6
1.096461 0.043237 -1.071943 6
1.038850 -0.352486 -0.786563 8
1.058607 -0.418871 -0.755612 8
1.042606 -0.673849 -0.583981 7
1.076734 -0.687195 -0.595239 7
1.124737 -0.620190 -0.665745 7
1.152550 -0.666506 -0.652506 7
1.147983 -0.932453 -0.480826 7
1.190967 -0.897802 -0.528059 7
1.228291 -0.898676 -0.549481 7
-0.696277 0.927298 -0.679885 2
-0.651244 0.917198 -0.694780 2
-0.574744 0.930034 -0.741585 2
-0.569098 0.893554 -0.718398 2
-0.527345 0.883192 -0.731671 2
-0.477288 0.879827 -0.754078 2
-0.358426 0.931123 -0.849375 2
-0.296058 0.941022 -0.887393 2
-0.269980 0.922785 -0.887541 2
-0.225427 0.920226 -0.908005 2
-0.199543 0.902523 -0.908540 2
-0.192479 0.868357 -0.888146 2
-0.153005 0.862851 -0.904158 2
-0.118880 0.853142 -0.914592 2
-0.086902 0.841929 -0.922946 2
-0.080663 0.806064 -0.901164 2
-0.038779 0.805030 -0.921724 2
0.002281 0.804106 -0.941995 2
0.019577 0.779155 -0.933564 2
0.030862 0.747439 -0.917438 2
0.062630 0.737719 -0.927037 2
0.074550 0.705994 -0.911335 2
0.096483 0.685252 -0.908396 2
0.120581 0.666999 -0.908336 2
0.146816 0.651393 -0.911249 2
0.155138 0.613472 -0.889650 2
0.184783 0.601992 -0.897262 2
0.196508 0.567206 -0.879682 2
0.228886 0.559566 -0.891446 2
0.249884 0.536651 -0.886907 2
0.263007 0.502217 -0.870460 2
0.294776 0.494287 -0.881868 2
0.321311 0.479011 -0.885588 2
0.343600 0.457288 -0.882752 2
0.355262 0.418389 -0.862727 2
0.362674 0.371309 -0.834975 2
0.381815 0.342324 -0.825730 2
0.392678 0.298308 -0.801997 2
0.416753 0.276350 -0.800233 2
0.435978 0.245207 -0.789751 2
0.460514 0.223308 -0.788388 3
0.488238 0.207362 -0.792791 3
0.418179 -0.005503 -0.612535 6
0.455537 -0.007500 -0.631615 6
0.490251 -0.014114 -0.646233 6
0.518858 -0.033511 -0.649052 6
0.556926 -0.031350 -0.671471 6
0.605775 -0.002311 -0.717752 6
0.639423 -0.007297 -0.733104 6
0.690353 0.032407 -0.787727 6
0.714060 0.004614 -0.782561 6
0.748778 0.005973 -0.802884 6
0.783662 0.009119 -0.824539 6
0.813727 -0.000451 -0.835148 6
0.850257 0.010233 -0.862818 6
0.881620 0.006571 -0.878168 6
0.905403 -0.021347 -0.873304 6
0.942331 -0.004820 -0.905216 6
0.975879 0.002253 -0.929040 6
0.996928 -0.036201 -0.915858 6
1.003589 -0.134456 -0.855217 6
1.056886 -0.045893 -0.944040 6
1.102961 0.021676 -1.014983 6
1.059147 -0.320537 -0.765437 8
1.080892 -0.377924 -0.740541 8
1.093620 -0.487779 -0.676120 8
1.095302 -0.671474 -0.557012 7
1.133110 -0.663445 -0.584486 7
1.171842 -0.646215 -0.618584 7
1.205662 -0.657838 -0.631007 7
1.216947 -0.836716 -0.520978 7
1.244891 -0.910136 -0.489726 7
-0.682002 0.988885 -0.677908 2
-0.648507 0.970962 -0.681725 2
-0.562264 0.989379 -0.738703 2
-0.540142 0.965146 -0.732291 2
-0.514704 0.943265 -0.729322 2
-0.358448 1.017857 -0.862711 2
-0.322025 1.006930 -0.873358 2
-0.309784 0.977818 -0.858605 2
-0.261052 0.977330 -0.883161 2
-0.228659 0.964598 -0.890601 2
-0.200719 0.948570 -0.893441 2
-0.178449 0.927929 -0.890113 2
-0.138956 0.922437 -0.906538 2
-0.100524 0.916754 -0.922329 2
-0.083679 0.891859 -0.913313 2
-0.029649 0.901963 -0.948519 2
-0.021701 0.868800 -0.929105 2
0.022631 0.871205 -0.953902 2
0.049778 0.857160 -0.958134 2
0.041823 0.806575 -0.918236 2
0.063194 0.785898 -0.914857 2
0.086190 0.766933 -0.913588 2
0.094964 0.731883 -0.893564 2
0.131075 0.727723 -0.909711 2
0.156690 0.711833 -0.912129 2
0.172141 0.683667 -0.900611 2
0.207613 0.680100 -0.916980 2
0.213898 0.639748 -0.892168 2
0.249746 0.637283 -0.909604 2
0.258465 0.598848 -0.887525 2
0.271366 0.565132 -0.871020 2
0.301691 0.555507 -0.880663 2
0.323841 0.534316 -0.877927 2
0.350323 0.519482 -0.881984 2
0.345751 0.456533 -0.835990 2
0.369156 0.435728 -0.834351 2
0.399231 0.425714 -0.843838 2
0.413586 0.389538 -0.826768 2
0.429878 0.355632 -0.812371 2
0.447704 0.323491 -0.800080 2
0.450707 0.263067 -0.760270 2
0.478800 0.247778 -0.765301 2
0.494090 0.207487 -0.746179 3
0.527153 0.201738 -0.760598 3
0.467402 0.002697 -0.591357 6
0.505319 0.002610 -0.612456 6
0.536536 -0.011224 -0.620490 6
0.583173 0.010781 -0.661644 6
0.620962 0.014412 -0.685373 6
0.657864 0.017323 -0.708168 6
0.684449 -0.004756 -0.708209 6
0.724353 0.008112 -0.739574 6
0.757193 0.003730 -0.755281 6
0.783903 -0.017301 -0.756267 6
0.822250 -0.004114 -0.787125 6
0.859208 0.007125 -0.815922 6
0.888457 -0.004302 -0.825021 6
0.923866 0.005334 -0.851950 6
0.952188 -0.007816 -0.859456 6
0.984311 -0.006845 -0.878743 6
1.007240 -0.039964 -0.869760 6
1.023817 -0.100818 -0.838444 6
1.068585 -0.046140 -0.901435 6
1.049194 -0.273122 -0.737370 8
1.065601 -0.353993 -0.692652 8
1.101489 -0.344493 -0.720211 8
1.105148 -0.505018 -0.614563 8
1.109296 -0.682304 -0.498012 7
1.145365 -0.686906 -0.516392 7
1.181830 -0.687353 -0.537860 7
1.220052 -0.672990 -0.570373 7
1.232450 -0.853651 -0.456736 7
1.266928 -0.878625 -0.460766 7
-0.684151 1.039328 -0.660206 2
-0.611291 1.046507 -0.703279 2
-0.554034 1.045104 -0.731937 2
-0.542080 1.014230 -0.715258 2
-0.492146 1.009375 -0.737652 2
-0.333814 1.082838 -0.874472 2
-0.292914 1.075397 -0.890343 2
-0.274136 1.052080 -0.882996 2
-0.233666 1.045377 -0.899277 2
-0.190513 1.041549 -0.919123 2
-0.200125 0.995805 -0.880551 2
-0.138241 1.008249 -0.922261 2
-0.144494 0.964254 -0.886829 2
-0.094543 0.968237 -0.916150 2
-0.071207 0.949576 -0.914929 2
-0.034131 0.943637 -0.930295 2
0.003597 0.939028 -0.947018 2
0.018044 0.912631 -0.935587 2
0.035289 0.888648 -0.927442 2
0.072026 0.884288 -0.943948 2
0.084109 0.854909 -0.929230 2
0.100003 0.829073 -0.919156 2
0.115333 0.802253 -0.908113 2
0.136070 0.781120 -0.904118 2
0.155701 0.758580 -0.898559 2
0.207793 0.774449 -0.938146 2
0.198840 0.717599 -0.892613 2
0.233523 0.713385 -0.908470 2
0.232314 0.663727 -0.872376 2
0.256645 0.646124 -0.873126 2
0.294435 0.646827 -0.894318 2
0.310428 0.618150 -0.882710 2
0.314444 0.571703 -0.851942 2
0.340966 0.556812 -0.856003 2
0.360208 0.531058 -0.848393 2
0.382742 0.509968 -0.845950 2
0.392426 0.468086 -0.821729 2
0.422883 0.459035 -0.832283 2
0.424390 0.401342 -0.792447 2
0.448891 0.381431 -0.792116 2
0.453364 0.325310 -0.755139 2
0.477126 0.302604 -0.752523 2
0.490314 0.259341 -0.729571 2
0.522126 0.251196 -0.741806 2
0.529012 0.192872 -0.704832 3
0.562567 0.187945 -0.720404 3
0.516774 0.011432 -0.570933 6
0.543186 -0.013683 -0.568430 6
0.585231 -0.002973 -0.599916 6
0.630196 0.016767 -0.639425 6
0.664109 0.011632 -0.655308 6
0.690985 -0.010814 -0.655139 6
0.735293 0.013031 -0.697284 6
0.764781 -0.001267 -0.704393 6
0.800288 0.001992 -0.727237 6
0.828579 -0.014933 -0.731927 6
0.860642 -0.020134 -0.746998 6
0.902186 0.006584 -0.789785 6
0.931311 -0.005448 -0.798503 6
0.956671 -0.030713 -0.795898 6
0.993174 -0.015235 -0.828093 6
1.016688 -0.047918 -0.819366 6
1.058681 -0.006072 -0.873133 6
1.065056 -0.113541 -0.802677 6
1.061970 -0.275156 -0.689260 8
1.080010 -0.351185 -0.647550 8
1.104634 -0.400773 -0.628068 8
1.119874 -0.506736 -0.564146 8
1.124220 -0.689629 -0.440714 7
1.162537 -0.682215 -0.468912 7
1.198302 -0.688705 -0.486052 7
1.235102 -0.686165 -0.510095 7
1.251460 -0.845708 -0.410236 7
1.282170 -0.906706 -0.386975 7
-0.645526 1.114248 -0.683049 2
-0.606227 1.100218 -0.693309 2
-0.565369 1.087751 -0.705631 2
-0.515083 1.082088 -0.728173 2
-0.354831 1.151314 -0.866050 2
-0.334278 1.129097 -0.860298 2
-0.286814 1.125926 -0.883343 2
-0.256807 1.111043 -0.888261 2
-0.209456 1.109448 -0.912513 2
-0.201911 1.078382 -0.893298 2
-0.167219 1.068118 -0.904323 2
-0.150135 1.044197 -0.895678 2
-0.103512 1.044551 -0.921160 2
-0.078092 1.027978 -0.922588 2
-0.066597 0.999448 -0.907604 2
-0.015923 1.005499 -0.939646 2
0.011670 0.991722 -0.944452 2
0.042382 0.981174 -0.953391 2
0.044215 0.943188 -0.926293 2
0.076351 0.934238 -0.937272 2
0.101924 0.919145 -0.940160 2
0.086740 0.861728 -0.889516 2
0.138077 0.873497 -0.926427 2
0.151430 0.845149 -0.912957 2
0.165637 0.817246 -0.900323 2
0.194646 0.805979 -0.908117 2
0.201096 0.768287 -0.884096 2
0.244196 0.774273 -0.912414 2
0.263129 0.751288 -0.906163 2
0.264759 0.705759 -0.873857 2
0.286842 0.685762 -0.871622 2
0.313602 0.672007 -0.876590 2
0.332057 0.646886 -0.868676 2
0.358837 0.633295 -0.873857 2
0.370553 0.597706 -0.854635 2
0.383501 0.562952 -0.836755 2
0.383622 0.507181 -0.796449 2
0.417354 0.503171 -0.812659 2
0.441340 0.483846 -0.812315 2
0.449696 0.437792 -0.783830 2
0.467537 0.406634 -0.771533 2
0.469086 0.345180 -0.728149 2
0.501725 0.338924 -0.742332 2
0.517486 0.300928 -0.724054 2
0.523265 0.241800 -0.684898 2
0.538005 0.198299 -0.662167 2
0.566365 0.181879 -0.666766 3
0.518869 -0.000372 -0.508682 6
0.551260 -0.013251 -0.518246 6
0.597266 0.006112 -0.558840 6
0.627696 -0.009629 -0.565314 6
0.665053 -0.007833 -0.588407 6
0.704162 -0.000048 -0.616848 6
0.744720 0.013558 -0.650339 6
0.774073 -0.002000 -0.656502 6
0.800749 -0.025347 -0.655585 6
0.845128 0.004673 -0.703161 6
0.869233 -0.025851 -0.695709 6
0.906164 -0.015138 -0.725232 6
0.935354 -0.028929 -0.732786 6
0.972268 -0.014546 -0.764999 6
0.998136 -0.039434 -0.762784 6
1.040318 -0.000037 -0.815989 6
1.063905 -0.033420 -0.806470 6
1.087193 -0.070320 -0.794323 6
1.072460 -0.288981 -0.630524 8
1.095303 -0.344849 -0.604764 8
1.119154 -0.400669 -0.579699 8
1.136205 -0.500692 -0.519275 8
1.133198 -0.735004 -0.351701 7
1.175844 -0.704066 -0.399598 7
1.210640 -0.721156 -0.408799 7
1.247018 -0.726455 -0.427358 7
1.285708 -0.710433 -0.462455 7
1.305935 -0.860505 -0.368917 7
-0.620666 1.179252 -0.692874 2
-0.595241 1.157024 -0.689578 2
-0.527282 1.161061 -0.729875 2
-0.468619 1.160784 -0.761795 2
-0.354282 1.197930 -0.853107 2
-0.286952 1.207010 -0.897064 2
-0.275501 1.179492 -0.882230 2
-0.241733 1.167338 -0.891503 2
-0.214367 1.151049 -0.894117 2
-0.196265 1.128142 -0.886594 2
-0.165277 1.114938 -0.893641 2
-0.136688 1.100260 -0.898273 2
-0.107830 1.086108 -0.903492 2
-0.068322 1.081054 -0.921580 2
-0.037150 1.069749 -0.930322 2
-0.013094 1.052718 -0.930794 2
0.020940 1.044705 -0.943700 2
0.014484 1.000296 -0.906481 2
0.034933 0.979790 -0.902417 2
0.058993 0.962699 -0.902989 2
0.080004 0.942710 -0.899702 2
0.104517 0.926227 -0.901060 2
0.126676 0.907425 -0.899384 2
0.155387 0.895624 -0.906699 2
0.188175 0.888662 -0.919984 2
0.189321 0.846691 -0.889161 2
0.197257 0.811298 -0.867147 2
0.231432 0.806137 -0.882675 2
0.268006 0.804619 -0.902327 2
0.272108 0.763337 -0.873840 2
0.299035 0.750140 -0.879353 2
0.306398 0.711337 -0.854648 2
0.330482 0.694087 -0.855590 2
0.351935 0.673192 -0.852350 2
0.353920 0.624149 -0.817057 2
0.400558 0.639281 -0.855116 2
0.403882 0.590468 -0.820839 2
0.414897 0.551847 -0.798588 2
0.439037 0.533112 -0.798684 2
0.458501 0.506543 -0.790316 2
0.464743 0.456828 -0.757210 2
0.487507 0.434209 -0.753752 2
0.510211 0.411153 -0.749975 2
0.527988 0.378505 -0.736292 2
0.552876 0.358596 -0.736188 2
0.565381 0.313808 -0.710560 2
0.571286 0.253582 -0.669747 2
0.602742 0.244847 -0.681833 3
0.618547 0.202223 -0.659856 3
0.564008 -0.002473 -0.477480 6
0.610105 0.016908 -0.518963 6
0.646623 0.015583 -0.539641 6
0.668279 -0.022230 -0.524821 6
0.709500 -0.010107 -0.558224 6
0.736452 -0.034731 -0.556292 6
0.771718 -0.036333 -0.576195 6
0.809679 -0.028718 -0.604487 6
0.848547 -0.016276 -0.636890 6
0.893884 0.019488 -0.690240 6
0.910794 -0.035853 -0.660074 6
0.949778 -0.017148 -0.697240 6
0.985531 -0.007120 -0.726173 6
1.017715 -0.008459 -0.744708 6
1.044474 -0.030594 -0.744854 6
1.081933 -0.007545 -0.784424 6
1.110261 -0.021835 -0.791313 6
1.084938 -0.294864 -0.577371 8
1.112387 -0.330106 -0.568578 8
1.132829 -0.406376 -0.525727 8
1.157740 -0.465215 -0.498327 8
1.142812 -0.780908 -0.259961 7
1.186889 -0.744505 -0.313611 7
1.226203 -0.734261 -0.345385 7
1.265172 -0.722099 -0.378387 7
1.305562 -0.691893 -0.425407 7
-0.644823 1.215520 -0.654041 2
-0.572507 1.219903 -0.698094 2
-0.573260 1.182642 -0.668345 2
-0.367566 1.270427 -0.853064 2
-0.320062 1.265393 -0.875866 2
-0.279975 1.256530 -0.891516 2
-0.284039 1.219156 -0.859955 2
-0.238746 1.214456 -0.881871 2
-0.203411 1.203716 -0.893469 2
-0.164706 1.195956 -0.909335 2
-0.154868 1.167628 -0.892835 2
-0.087513 1.182407 -0.942575 2
-0.101262 1.136053 -0.898718 2
-0.060704 1.131612 -0.918349 2
-0.019833 1.128268 -0.939040 2
0.001914 1.109714 -0.937069 2
0.032404 1.098758 -0.946004 2
0.024052 1.053814 -0.906477 2
0.073228 1.059850 -0.939300 2
0.070637 1.018869 -0.906197 2
0.115826 1.022538 -0.934971 2
0.135262 1.002058 -0.930378 2
0.124095 0.950543 -0.884329 2
0.169152 0.955620 -0.914206 2
0.180668 0.926231 -0.898296 2
0.197968 0.902580 -0.890162 2
0.225319 0.889940 -0.896314 2
0.237811 0.860456 -0.880993 2
0.269631 0.853271 -0.893974 2
0.279889 0.820417 -0.874843 2
0.308687 0.809945 -0.883620 2
0.315055 0.771027 -0.857660 2
0.341867 0.757959 -0.863365 2
0.353581 0.724625 -0.844845 2
0.362701 0.686769 -0.821399 2
0.410528 0.703419 -0.862113 2
0.405528 0.643881 -0.813973 2
0.424364 0.618168 -0.805554 2
0.447447 0.598622 -0.804347 2
0.456363 0.556073 -0.777385 2
0.471376 0.522132 -0.760577 2
0.483290 0.481859 -0.737179 2
0.506780 0.460614 -0.735061 2
0.532139 0.442522 -0.736470 2
0.547291 0.405177 -0.717309 2
0.551353 0.344990 -0.674348 2
0.575592 0.322411 -0.671810 2
0.578411 0.255085 -0.622797 2
0.609811 0.245566 -0.634449 2
0.633558 0.219615 -0.629186 3
0.661688 0.203086 -0.633676 3
0.613171 0.004289 -0.455128 6
0.641776 -0.017772 -0.455825 6
0.679408 -0.017059 -0.479104 6
0.720548 -0.005599 -0.512605 6
0.760628 0.005208 -0.545013 6
0.792408 -0.005606 -0.556221 6
0.827672 -0.005502 -0.577762 6
0.857662 -0.020482 -0.584838 6
0.892084 -0.020901 -0.605551 6
0.923504 -0.030174 -0.617844 6
0.960477 -0.018978 -0.648877 6
0.990279 -0.032122 -0.657361 6
1.022593 -0.035173 -0.674964 6
1.057199 -0.027452 -0.702059 6
1.087686 -0.035372 -0.714976 6
1.118343 -0.041791 -0.729155 6
1.104143 -0.268871 -0.551028 8
1.124907 -0.339753 -0.511084 8
1.147745 -0.406721 -0.475387 8
1.178778 -0.431937 -0.475945 8
1.167854 -0.731417 -0.246067 7
1.205409 -0.737219 -0.265244 7
1.240773 -0.758101 -0.271866 7
1.276669 -0.775647 -0.281351 7
1.317517 -0.747589 -0.327934 7
1.349647 -0.800366 -0.308923 7
1.381351 -0.868556 -0.278222 7
-0.645829 1.301189 -0.667418 2
-0.599769 1.289904 -0.684896 2
-0.591973 1.258198 -0.663939 2
-0.492536 1.278328 -0.737492 2
-0.309988 1.349811 -0.900238 2
-0.299834 1.322645 -0.884374 2
-0.289584 1.295214 -0.868383 2
-0.253365 1.284028 -0.880438 2
-0.221797 1.270365 -0.887848 2
-0.181179 1.263227 -0.905740 2
-0.138693 1.258150 -0.926388 2
-0.140220 1.222569 -0.897209 2
-0.084977 1.227707 -0.933454 2
-0.078870 1.197288 -0.912876 2
-0.048649 1.184923 -0.920706 2
-0.019667 1.171986 -0.927387 2
0.012729 1.162199 -0.938584 2
0.029743 1.140063 -0.931046 2
0.045682 1.116848 -0.922053 2
0.088010 1.116706 -0.946767 2
0.101924 1.091834 -0.935335 2
0.098283 1.050294 -0.900486 2
0.117426 1.029300 -0.895236 2
0.139324 1.010897 -0.893674 2
0.175879 1.007289 -0.912402 2
0.169678 0.960233 -0.871820 2
0.211079 0.962235 -0.897867 2
0.236361 0.947752 -0.901489 2
0.249194 0.919503 -0.886987 2
0.262493 0.891231 -0.872771 2
0.292831 0.882577 -0.884035 2
0.304479 0.851687 -0.866849 2
0.320019 0.824936 -0.855237 2
0.359891 0.828979 -0.882167 2
0.374631 0.801010 -0.869185 2
0.382935 0.763683 -0.845099 2
0.401086 0.738986 -0.836759 2
0.410324 0.701032 -0.812801 2
0.432979 0.681752 -0.811428 2
0.443696 0.644146 -0.788685 2
0.447208 0.594004 -0.751913 2
0.480746 0.590474 -0.769391 2
0.491341 0.549524 -0.744072 2
0.503603 0.509965 -0.720865 2
0.540483 0.512659 -0.745270 2
0.534914 0.438942 -0.684910 2
0.560784 0.420940 -0.686704 2
0.587637 0.404800 -0.690564 2
0.585824 0.330928 -0.632457 2
0.612396 0.312344 -0.634322 2
0.631780 0.278158 -0.619806 2
0.667051 0.278220 -0.641415 2
0.682768 0.234277 -0.617203 2
0.712043 0.220825 -0.624800 3
0.725020 0.167063 -0.591416 3
0.694315 -0.002442 -0.442214 6
0.730323 -0.004861 -0.462533 6
0.756218 -0.034336 -0.455866 6
0.798661 -0.016687 -0.495637 6
0.836234 -0.010868 -0.523350 6
0.862688 -0.038323 -0.518681 6
0.905186 -0.013654 -0.563974 6
0.939014 -0.015246 -0.583781 6
0.968292 -0.032038 -0.589141 6
0.996616 -0.052650 -0.591014 6
1.033353 -0.039987 -0.623654 6
1.067389 -0.035776 -0.648168 6
1.103961 -0.018034 -0.684658 6
1.132432 -0.035030 -0.689522 6
1.164531 -0.034067 -0.710434 6
1.147047 -0.299166 -0.496726 8
1.169378 -0.369574 -0.456985 8
1.192834 -0.441467 -0.416855 8
1.215810 -0.525917 -0.366863 8
1.220202 -0.758625 -0.191871 7
1.258007 -0.764909 -0.211067 7
1.295481 -0.772278 -0.229263 7
1.335180 -0.756005 -0.266969 7
1.372490 -0.758385 -0.288950 7
-0.629277 1.358950 -0.669655 2
-0.605458 1.335941 -0.664935 2
-0.567327 1.320642 -0.675030 2
-0.360432 1.398429 -0.861305 2
-0.324280 1.385855 -0.872505 2
-0.272389 1.382982 -0.900988 2
-0.271259 1.350842 -0.875480 2
-0.232494 1.341233 -0.890723 2
-0.197647 1.329817 -0.902189 2
-0.180298 1.307554 -0.894441 2
-0.135055 1.303880 -0.918438 2
-0.122745 1.278495 -0.905199 2
-0.092695 1.265376 -0.912518 2
-0.055398 1.257922 -0.928780 2
-0.010800 1.256620 -0.954409 2
0.001515 1.231549 -0.941522 2
0.022138 1.212717 -0.938674 2
0.026388 1.180644 -0.915346 2
0.069037 1.179836 -0.940299 2
0.089183 1.160791 -0.937064 2
0.094960 1.129114 -0.915042 2
0.119839 1.113974 -0.917842 2
0.136249 1.091186 -0.909417 2
0.154836 1.070248 -0.903814 2
0.185282 1.060784 -0.914601 2
0.186759 1.022702 -0.884958 2
0.209894 1.005898 -0.885488 2
0.244535 1.001389 -0.902852 2
0.249442 0.965226 -0.876894 2
0.273367 0.949361 -0.878725 2
0.301398 0.938343 -0.886945 2
0.306284 0.900324 -0.859560 2
0.348208 0.906217 -0.889777 2
0.352954 0.866947 -0.861356 2
0.384697 0.861158 -0.876103 2
0.398102 0.831777 -0.860890 2
0.403442 0.790721 -0.831480 2
0.403593 0.741011 -0.792036 2
0.437714 0.738370 -0.810837 2
0.449013 0.702736 -0.789459 2
0.463303 0.670571 -0.772696 2
0.471911 0.628554 -0.744647 2
0.504352 0.623694 -0.760754 2
0.507911 0.571284 -0.721408 2
0.529471 0.547712 -0.716032 2
0.541585 0.506913 -0.691210 2
0.560410 0.476916 -0.679110 2
0.576999 0.441829 -0.661626 2
0.588625 0.395803 -0.632445 2
0.617991 0.383778 -0.641162 2
0.632456 0.340850 -0.616243 2
0.662932 0.330842 -0.627297 2
0.678733 0.288327 -0.603588 2
0.703537 0.264903 -0.600578 2
0.707386 0.190300 -0.544164 3
0.742039 0.188583 -0.564469 3
0.702397 -0.005780 -0.386552 6
0.732832 -0.024284 -0.391051 6
0.768217 -0.028888 -0.409628 6
0.807020 -0.022353 -0.439145 6
0.840597 -0.029835 -0.454380 6
0.868486 -0.054769 -0.452339 6
0.914629 -0.019131 -0.509454 6
0.947706 -0.024552 -0.526081 6
0.971773 -0.062305 -0.511641 6
1.014261 -0.030667 -0.563389 6
1.049371 -0.024233 -0.590700 6
1.081755 -0.027225 -0.608911 6
1.111200 -0.042366 -0.615746 6
1.141188 -0.054981 -0.624939 6
1.171652 -0.064951 -0.636537 6
1.158847 -0.315071 -0.432217 8
1.186884 -0.356199 -0.417891 8
1.212204 -0.419040 -0.384835 8
1.233431 -0.518704 -0.320327 8
1.242088 -0.729886 -0.160392 7
1.278960 -0.743578 -0.173362 7
1.314974 -0.764927 -0.179815 7
1.352232 -0.774867 -0.196042 7
-0.636916 1.404237 -0.647809 2
-0.574769 1.400072 -0.682183 2
-0.489512 1.408988 -0.741549 2
-0.334390 1.456713 -0.875810 2
-0.291714 1.447777 -0.894411 2
-0.281915 1.421244 -0.878354 2
-0.248965 1.407726 -0.887255 2
-0.205214 1.401074 -0.908471 2
-0.195613 1.374449 -0.892276 2
-0.154275 1.367399 -0.911725 2
-0.138502 1.344638 -0.902545 2
-0.115852 1.326312 -0.901265 2
-0.071365 1.323017 -0.925808 2
-0.060088 1.297360 -0.911539 2
-0.022207 1.290587 -0.929196 2
0.009249 1.279777 -0.939600 2
0.027831 1.259632 -0.934420 2
0.035294 1.230721 -0.915203 2
0.067174 1.220951 -0.926781 2
0.085949 1.200850 -0.921814 2
0.107781 1.183290 -0.920837 2
0.122001 1.159146 -0.909777 2
0.147005 1.144396 -0.913103 2
0.166292 1.124586 -0.908766 2
0.169055 1.089028 -0.881327 2
0.194762 1.074896 -0.885651 2
0.203957 1.044465 -0.866428 2
0.236282 1.037180 -0.880494 2
0.262008 1.023528 -0.885282 2
0.273919 0.995100 -0.869439 2
0.296527 0.978046 -0.869549 2
0.318107 0.959860 -0.868117 2
0.340158 0.942209 -0.867432 2
0.361641 0.923867 -0.865850 2
0.378721 0.899976 -0.857022 2
0.380335 0.855825 -0.822064 2
0.411324 0.848989 -0.835841 2
0.405906 0.793199 -0.787057 2
0.437997 0.787718 -0.802665 2
0.439678 0.739058 -0.764159 2
0.470605 0.731988 -0.777789 2
0.487252 0.703672 -0.765228 2
0.491411 0.654960 -0.728294 2
0.510113 0.627952 -0.718126 2
0.547005 0.630856 -0.743678 2
0.557638 0.589564 -0.716894 2
0.565913 0.542479 -0.683950 2
0.577619 0.499749 -0.656718 2
0.594662 0.465481 -0.639728 2
0.622063 0.450468 -0.644887 2
0.640979 0.418286 -0.630813 2
0.652232 0.368850 -0.597954 2
0.675114 0.342498 -0.591148 2
0.691493 0.300719 -0.567772 2
0.709551 0.261017 -0.547162 2
0.733860 0.234807 -0.541444 2
0.758016 0.207465 -0.534737 3
0.782257 0.179485 -0.527593 3
0.735411 -0.044416 -0.317073 6
0.778977 -0.027380 -0.358617 6
0.810987 -0.041810 -0.367431 6
0.843524 -0.054364 -0.378119 6
0.886353 -0.032989 -0.422765 6
0.922558 -0.030610 -0.447885 6
0.963627 -0.008981 -0.491656 6
0.982339 -0.067719 -0.456371 6
1.024823 -0.036778 -0.508598 6
1.061402 -0.025412 -0.541292 6
1.089007 -0.050768 -0.538672 6
1.121188 -0.055925 -0.555282 6
1.155135 -0.051063 -0.581115 6
1.185838 -0.060968 -0.592998 6
1.215677 -0.075270 -0.600808 6
1.199184 -0.375629 -0.348608 8
1.223774 -0.448825 -0.305712 8
1.249444 -0.524583 -0.261484 8
1.261646 -0.719490 -0.112759 7
1.298691 -0.733496 -0.125615 7
1.334729 -0.757144 -0.130095 7
1.374063 -0.746414 -0.164376 7
-0.629962 1.456399 -0.640782 2
-0.585833 1.442954 -0.657006 2
-0.369002 1.514673 -0.853566 2
-0.301709 1.517050 -0.897736 2
-0.312103 1.480543 -0.860324 2
-0.254964 1.479327 -0.895122 2
-0.233367 1.459719 -0.892094 2
-0.185462 1.455190 -0.918330 2
-0.173793 1.430397 -0.904722 2
-0.155571 1.409316 -0.898377 2
-0.128487 1.393718 -0.902242 2
-0.094630 1.382745 -0.914278 2
-0.059311 1.373280 -0.928521 2
-0.037117 1.355533 -0.927545 2
-0.014096 1.338481 -0.927689 2
0.030852 1.337297 -0.955008 2
0.036467 1.308155 -0.934050 2
0.050357 1.284721 -0.923120 2
0.073996 1.268643 -0.924534 2
0.095679 1.251170 -0.923557 2
0.116380 1.232972 -0.921365 2
0.126876 1.206168 -0.905526 2
0.156615 1.195661 -0.915524 2
0.169253 1.170314 -0.902289 2
0.195768 1.157343 -0.908214 2
0.220247 1.142756 -0.911513 2
0.225044 1.109250 -0.886528 2
0.236719 1.081752 -0.870944 2
0.261448 1.067135 -0.874420 2
0.290210 1.056976 -0.884197 2
0.302859 1.029770 -0.869519 2
0.330849 1.019152 -0.878452 2
0.341438 0.988968 -0.860010 2
0.354468 0.960944 -0.844938 2
0.374000 0.940214 -0.840101 2
0.390759 0.915837 -0.830474 2
0.418618 0.905327 -0.839490 2
0.433586 0.878160 -0.826428 2
0.440363 0.839245 -0.798375 2
0.445459 0.796674 -0.766221 2
0.480666 0.796090 -0.788252 2
0.495518 0.766215 -0.772925 2
0.501553 0.722021 -0.740071 2
0.511771 0.682758 -0.714008 2
0.547330 0.683450 -0.737387 2
0.548703 0.627721 -0.692014 2
0.568837 0.602088 -0.683676 2
0.583967 0.566909 -0.664222 2
0.595483 0.523817 -0.635898 2
0.617297 0.498696 -0.629116 2
0.632103 0.459123 -0.605860 2
0.647640 0.419463 -0.583021 2
0.666864 0.386017 -0.567723 2
0.696482 0.374243 -0.577098 2
0.711205 0.328842 -0.549031 2
0.726982 0.283759 -0.521927 2
0.743321 0.237856 -0.494525 2
0.764972 0.203221 -0.479902 3
0.799167 0.200512 -0.499826 3
0.749828 -0.032681 -0.275042 6
0.782415 -0.047559 -0.283902 6
0.831866 -0.011273 -0.346015 6
0.858390 -0.042490 -0.337475 6
0.893129 -0.047911 -0.355605 6
0.928537 -0.049923 -0.377006 6
0.971054 -0.024586 -0.425642 6
0.999429 -0.049130 -0.423893 6
1.031196 -0.060943 -0.434887 6
1.069294 -0.045272 -0.472717 6
1.101584 -0.052240 -0.488088 6
1.137088 -0.042740 -0.519168 6
1.167642 -0.055505 -0.528657 6
1.202360 -0.045169 -0.559949 6
1.226026 -0.096572 -0.533093 6
1.223433 -0.321774 -0.345699 8
1.249880 -0.381959 -0.313468 8
1.277863 -0.439039 -0.284827 8
1.282854 -0.696876 -0.075579 7
1.317128 -0.737228 -0.064915 7
1.357637 -0.718754 -0.106868 7
-0.593802 1.520916 -0.663743 2
-0.515064 1.523187 -0.716374 2
-0.358077 1.563793 -0.852449 2
-0.306820 1.557577 -0.880095 2
-0.288014 1.536217 -0.873805 2
-0.269204 1.514874 -0.867543 2
-0.235406 1.501489 -0.877802 2
-0.197525 1.490837 -0.893056 2
-0.171104 1.474373 -0.895933 2
-0.130499 1.466413 -0.915282 2
-0.098252 1.454219 -0.925610 2
-0.082542 1.432324 -0.916941 2
-0.057902 1.415987 -0.918821 2
-0.005772 1.417818 -0.954064 2
0.003016 1.391786 -0.937406 2
0.029234 1.377421 -0.942030 2
0.050307 1.359685 -0.940449 2
0.064022 1.336646 -0.929575 2
0.095043 1.326412 -0.940879 2
0.090978 1.289503 -0.906639 2
0.113127 1.272446 -0.906378 2
0.140126 1.259469 -0.912762 2
0.154389 1.236093 -0.902007 2
0.180414 1.222637 -0.907372 2
0.180562 1.186423 -0.876509 2
0.205087 1.171524 -0.879689 2
0.236076 1.162917 -0.892450 2
0.261932 1.149889 -0.898114 2
0.274185 1.123606 -0.883635 2
0.292045 1.102587 -0.877304 2
0.318152 1.090075 -0.883603 2
0.326108 1.058206 -0.861597 2
0.348633 1.041751 -0.862225 2
0.366608 1.020151 -0.855516 2
0.391782 1.006802 -0.860538 2
0.394935 0.966971 -0.828662 2
0.396638 0.924011 -0.793188 2
0.419252 0.906424 -0.792963 2
0.442895 0.890194 -0.794578 2
0.466350 0.873774 -0.795919 2
0.470258 0.829955 -0.761197 2
0.481806 0.795562 -0.739494 2
0.505355 0.778009 -0.739967 2
0.533217 0.767065 -0.748890 2
0.536843 0.718068 -0.709627 2
0.551313 0.684769 -0.690812 2
0.579220 0.673115 -0.699197 2
0.592976 0.637126 -0.677652 2
0.604869 0.596506 -0.650967 2
0.622606 0.565165 -0.636003 2
0.635707 0.523899 -0.609587 2
0.657781 0.498814 -0.602803 2
0.682616 0.478840 -0.602181 2
0.692503 0.426664 -0.564435 2
0.717772 0.405966 -0.563510 2
0.722490 0.337684 -0.508731 2
0.749543 0.318776 -0.510523 2
0.764368 0.269329 -0.478390 2
0.782215 0.225031 -0.452626 3
0.813635 0.214949 -0.464814 3
0.846493 0.209452 -0.481850 3
0.797520 -0.034659 -0.242778 6
0.832201 -0.043410 -0.258288 6
0.862508 -0.065367 -0.259741 6
0.903630 -0.051491 -0.298695 6
0.941896 -0.044606 -0.329856 6
0.977980 -0.043388 -0.354790 6
1.008640 -0.061496 -0.359791 6
1.041886 -0.069195 -0.375326 6
1.082777 -0.042557 -0.424997 6
1.118832 -0.033180 -0.456870 6
1.147966 -0.054867 -0.457885 6
1.181875 -0.052322 -0.482582 6
1.214136 -0.056676 -0.500362 6
1.246419 -0.059404 -0.519544 6
1.240763 -0.311595 -0.302558 8
1.266996 -0.376598 -0.265089 8
1.300488 -0.393988 -0.272725 8
1.332109 -0.428459 -0.264688 8
1.336401 -0.736345 -0.007316 7
1.376961 -0.718817 -0.049231 7
-0.603244 1.564798 -0.640370 2
-0.364067 1.634846 -0.860100 2
-0.325707 1.621878 -0.874108 2
-0.324724 1.592303 -0.848819 2
-0.281000 1.582560 -0.869221 2
-0.218338 1.582929 -0.911033 2
-0.222463 1.550804 -0.880147 2
-0.186816 1.538803 -0.893242 2
-0.151504 1.527195 -0.906465 2
-0.118564 1.514840 -0.917471 2
-0.099255 1.495157 -0.913033 2
-0.053914 1.490927 -0.939383 2
-0.034768 1.471679 -0.935232 2
-0.022607 1.448071 -0.922641 2
0.054366 1.466185 -0.989532 2
0.048676 1.431434 -0.955369 2
0.039190 1.393141 -0.915598 2
0.053863 1.370784 -0.905793 2
0.087658 1.362147 -0.920676 2
0.090963 1.331316 -0.895934 2
0.142587 1.336985 -0.935166 2
0.146913 1.306625 -0.911526 2
0.174318 1.294385 -0.919045 2
0.173030 1.258465 -0.886834 2
0.211084 1.255450 -0.909495 2
0.232808 1.238845 -0.909449 2
0.244676 1.213343 -0.895093 2
0.272744 1.202610 -0.904400 2
0.282374 1.174505 -0.886299 2
0.310835 1.164499 -0.896514 2
0.322411 1.137706 -0.880864 2
0.344253 1.121165 -0.880991 2
0.382948 1.122895 -0.908267 2
0.361415 1.058775 -0.838063 2
0.385982 1.044664 -0.842141 2
0.417905 1.039415 -0.858846 2
0.415185 0.992885 -0.816519 2
0.427517 0.963397 -0.799071 2
0.444748 0.939479 -0.789747 2
0.477178 0.935284 -0.807734 2
0.485410 0.898874 -0.781546 2
0.499846 0.869994 -0.766059 2
0.503948 0.825410 -0.730017 2
0.517568 0.793326 -0.711211 2
0.542613 0.777902 -0.714534 2
0.568668 0.764189 -0.720025 2
0.574963 0.718255 -0.684303 2
0.577850 0.664637 -0.639630 2
0.604015 0.649339 -0.643838 2
0.620989 0.617524 -0.627552 2
0.638406 0.585515 -0.611401 2
0.656984 0.554698 -0.597070 2
0.672163 0.516073 -0.573686 2
0.694273 0.490265 -0.566086 2
0.713136 0.456797 -0.549666 2
0.728534 0.414326 -0.523112 2
0.745043 0.372450 -0.497827 2
0.764747 0.336290 -0.479656 2
0.783954 0.297313 -0.458714 2
0.780234 0.196667 -0.368863 3
0.818060 0.201900 -0.398809 3
0.855021 0.206604 -0.427723 3
0.873117 0.157280 -0.397086 3
0.847793 -0.029756 -0.217789 6
0.879473 -0.047873 -0.223377 6
0.915435 -0.051488 -0.244436 6
0.954383 -0.043042 -0.277973 6
0.989456 -0.046557 -0.298537 6
1.019490 -0.068739 -0.299527 6
1.055591 -0.066083 -0.326152 6
1.089699 -0.070112 -0.345645 6
1.125392 -0.065154 -0.374008 6
1.160034 -0.062836 -0.399382 6
1.198014 -0.039931 -0.444865 6
1.229588 -0.048866 -0.458429 6
1.261531 -0.054648 -0.474985 6
1.287569 -0.099698 -0.453520 6
1.284873 -0.367226 -0.219802 8
1.318530 -0.385137 -0.227027 8
1.320728 -0.695252 0.040278 7
1.355781 -0.737721 0.053374 7
-0.512689 1.648505 -0.720240 2
-0.335302 1.689892 -0.877860 2
-0.341401 1.658070 -0.845315 2
-0.270674 1.659286 -0.894524 2
-0.241425 1.643261 -0.900130 2
-0.230469 1.619008 -0.885949 2
-0.189841 1.608947 -0.904623 2
-0.142278 1.603094 -0.931771 2
-0.130644 1.579614 -0.918748 2
-0.093679 1.569469 -0.934861 2
-0.080984 1.546592 -0.923103 2
-0.039634 1.539831 -0.945222 2
-0.035876 1.511856 -0.922839 2
0.023216 1.516808 -0.967484 2
0.000248 1.472162 -0.912047 2
0.044524 1.469119 -0.939481 2
0.058876 1.447290 -0.929798 2
0.056347 1.413809 -0.898237 2
0.082411 1.399515 -0.903249 2
0.134008 1.403939 -0.942332 2
0.138605 1.374829 -0.919526 2
0.156059 1.354931 -0.913687 2
0.166352 1.329324 -0.897886 2
0.191262 1.315143 -0.902224 2
0.213412 1.298914 -0.902858 2
0.223000 1.272037 -0.885453 2
0.245961 1.256458 -0.887223 2
0.276314 1.247742 -0.900147 2
0.280430 1.215060 -0.873848 2
0.294053 1.190654 -0.861400 2
0.325901 1.183897 -0.877093 2
0.345562 1.165383 -0.874012 2
0.341549 1.122019 -0.832669 2
0.367523 1.109469 -0.839206 2
0.387718 1.090809 -0.836366 2
0.401043 1.064231 -0.821795 2
0.438516 1.065511 -0.848492 2
0.405736 0.982816 -0.752533 2
0.444781 0.985779 -0.781803 2
0.457133 0.955683 -0.763448 2
0.465304 0.919271 -0.736619 2
0.483459 0.895308 -0.727684 2
0.519336 0.895865 -0.752661 2
0.532647 0.864797 -0.734103 2
0.534053 0.815020 -0.690777 2
0.550376 0.786179 -0.676261 2
0.576236 0.771781 -0.681105 2
0.598288 0.751284 -0.677927 2
0.595701 0.688648 -0.620446 2
0.631245 0.689947 -0.645872 2
0.643084 0.649407 -0.617900 2
0.666217 0.628449 -0.615059 2
0.674173 0.577642 -0.575309 2
0.690929 0.542125 -0.555169 2
0.708334 0.506587 -0.535457 2
0.718727 0.454436 -0.496183 2
0.734558 0.411818 -0.469105 2
0.769916 0.412849 -0.494187 2
0.784759 0.365410 -0.462151 2
0.802935 0.323874 -0.437646 2
0.820408 0.278381 -0.409144 2
0.841593 0.240599 -0.390039 3
0.873248 0.230994 -0.403145 3
0.902034 0.213394 -0.407185 3
0.852143 -0.051768 -0.137339 6
0.894954 -0.035492 -0.181092 6
0.930844 -0.039791 -0.201824 6
0.975462 -0.010935 -0.258001 6
1.001190 -0.049760 -0.241096 6
1.036117 -0.053780 -0.261425 6
1.078740 -0.023211 -0.317769 6
1.106379 -0.055444 -0.308039 6
1.142042 -0.050763 -0.336615 6
1.177759 -0.043051 -0.367924 6
1.226637 0.041790 -0.476799 6
1.248573 -0.020721 -0.436265 6
1.276137 -0.054590 -0.425044 6
1.301896 -0.105116 -0.397786 6
1.249152 -0.781847 0.239772 7
1.291439 -0.772795 0.202751 7
1.338016 -0.715433 0.119855 7
-0.601263 1.692860 -0.643747 2
-0.358861 1.751989 -0.866981 2
-0.329323 1.734776 -0.872030 2
-0.286140 1.723421 -0.891935 2
-0.266682 1.702925 -0.886948 2
-0.258875 1.677462 -0.869299 2
-0.232325 1.660102 -0.872114 2
-0.191671 1.649552 -0.890972 2
-0.154947 1.637848 -0.906032 2
-0.119701 1.626028 -0.919951 2
-0.099546 1.607075 -0.916837 2
-0.099810 1.577428 -0.889733 2
-0.039029 1.580439 -0.934967 2
-0.013340 1.565204 -0.939094 2
-0.019615 1.531708 -0.904284 2
0.018499 1.523896 -0.923834 2
0.046395 1.510520 -0.931185 2
0.078575 1.500238 -0.944339 2
0.076527 1.468072 -0.913683 2
0.115238 1.462619 -0.935785 2
0.124663 1.437619 -0.919656 2
0.116179 1.399416 -0.879010 2
0.150139 1.391359 -0.895419 2
0.168387 1.372015 -0.890588 2
0.187813 1.353552 -0.887379 2
0.222687 1.347532 -0.906272 2
0.245734 1.332443 -0.908656 2
0.250001 1.301513 -0.883517 2
0.287353 1.298874 -0.907207 2
0.284280 1.260606 -0.870266 2
0.321808 1.258902 -0.894925 2
0.310300 1.211196 -0.843506 2
0.349419 1.211620 -0.871208 2
0.343310 1.167230 -0.826570 2
0.379031 1.164946 -0.849431 2
0.400374 1.148112 -0.849018 2
0.393791 1.100387 -0.801009 2
0.419234 1.087367 -0.806924 2
0.424968 1.051466 -0.778263 2
0.442966 1.029282 -0.770639 2
0.467108 1.014469 -0.774008 2
0.485599 0.992548 -0.766963 2
0.497543 0.961662 -0.747191 2
0.518014 0.941561 -0.743178 2
0.537515 0.919902 -0.737070 2
0.543439 0.878224 -0.703270 2
0.549414 0.835034 -0.668126 2
0.576154 0.822283 -0.675167 2
0.575560 0.766131 -0.623640 2
0.620442 0.782458 -0.669794 2
0.629299 0.739554 -0.636911 2
0.646231 0.709106 -0.620994 2
0.661611 0.674873 -0.600549 2
0.662512 0.612035 -0.543965 2
0.686213 0.590526 -0.540896 2
0.706035 0.560807 -0.527647 2
0.719999 0.517796 -0.498212 2
0.736980 0.479377 -0.475057 2
0.759974 0.452916 -0.466977 2
0.775598 0.408298 -0.437225 2
0.784654 0.345287 -0.386148 2
0.814789 0.332293 -0.395297 2
0.833747 0.289834 -0.369826 2
0.845435 0.224868 -0.318792 3
0.871946 0.198623 -0.313342 3
0.910981 0.209606 -0.350514 3
0.937289 0.182629 -0.344249 3
0.905357 -0.040524 -0.118759 6
0.951414 -0.010365 -0.178276 6
0.984497 -0.023288 -0.189519 6
1.010327 -0.064244 -0.170176 6
1.054636 -0.031374 -0.230939 8
1.085309 -0.052562 -0.232967 6
1.116208 -0.073404 -0.235465 6
1.157962 -0.040570 -0.294408 6
1.192821 -0.037832 -0.321137 6
1.240201 0.040092 -0.425066 6
1.259438 -0.043150 -0.362594 6
1.288377 -0.072540 -0.355927 6
1.317872 -0.100784 -0.350687 6
1.268669 -0.783113 0.305189 7
1.315005 -0.738926 0.232740 7
-0.547123 1.758536 -0.686107 2
-0.334600 1.803167 -0.880168 2
-0.316364 1.781897 -0.873673 2
-0.263615 1.773835 -0.904180 2
-0.275803 1.741110 -0.865218 2
-0.231257 1.730829 -0.887764 2
-0.201562 1.715051 -0.894549 2
-0.156939 1.706239 -0.918493 2
-0.129653 1.690372 -0.923451 2
-0.111070 1.670722 -0.918651 2
-0.073879 1.660207 -0.935660 2
-0.062818 1.637161 -0.922303 2
-0.026796 1.626927 -0.938718 2
0.018302 1.622217 -0.966754 2
0.018018 1.593242 -0.939745 2
0.021650 1.565889 -0.917043 2
0.052036 1.553869 -0.927731 2
0.066382 1.532518 -0.918262 2
0.073327 1.506369 -0.899032 2
0.111399 1.499998 -0.920447 2
0.123244 1.476860 -0.907509 2
0.126574 1.447584 -0.882770 2
0.175156 1.449836 -0.919693 2
0.172272 1.415679 -0.885960 2
0.224152 1.421883 -0.928899 2
0.201376 1.371573 -0.865917 2
0.229042 1.359694 -0.874720 2
0.254476 1.346370 -0.880576 2
0.260960 1.317262 -0.858206 2
0.280939 1.299287 -0.855826 2
0.327173 1.304942 -0.894171 2
0.327862 1.269811 -0.862042 2
0.360161 1.263786 -0.879555 2
0.376470 1.242749 -0.871679 2
0.384127 1.212744 -0.849276 2
0.414954 1.206115 -0.865156 2
0.418317 1.170666 -0.834611 2
0.427838 1.140919 -0.813761 2
0.437430 1.110495 -0.792325 2
0.441359 1.072626 -0.759914 2
0.470419 1.063880 -0.772529 2
0.480251 1.031705 -0.749616 2
0.498591 1.009529 -0.742071 2
0.525904 0.998925 -0.751690 2
0.545930 0.978773 -0.747217 2
0.545073 0.928977 -0.700252 2
0.568777 0.912792 -0.702081 2
0.574458 0.869589 -0.665900 2
0.597010 0.850823 -0.664491 2
0.616985 0.827805 -0.657278 2
0.628260 0.789956 -0.630048 2
0.650895 0.770121 -0.627680 2
0.652276 0.712409 -0.574885 2
0.665763 0.674013 -0.548697 2
0.689919 0.654341 -0.547541 2
0.710904 0.628218 -0.538110 2
0.718621 0.574308 -0.493335 2
0.733358 0.532450 -0.464777 2
0.765958 0.527957 -0.483743 2
0.784106 0.491379 -0.462517 2
0.795260 0.436536 -0.419281 2
0.808729 0.384251 -0.380067 2
0.829710 0.348336 -0.361445 2
0.834881 0.268130 -0.290281 2
0.855927 0.226919 -0.266747 3
0.887743 0.215177 -0.278336 3
0.924529 0.219259 -0.308206 3
0.878275 -0.043563 -0.030151 6
0.926350 -0.010497 -0.095049 6
0.964856 -0.006350 -0.126171 6
0.999604 -0.014079 -0.143536 6
1.025720 -0.055318 -0.123505 6
1.074954 -0.001459 -0.208597 8
1.102817 -0.035146 -0.196833 8
1.131352 -0.068013 -0.186301 6
1.167406 -0.064583 -0.214965 6
1.200395 -0.075328 -0.228218 6
1.252175 0.027148 -0.360464 6
1.272861 -0.052447 -0.300716 6
1.309241 -0.032697 -0.344817 6
1.345686 -0.005600 -0.395816 6
1.292873 -0.746935 0.333871 7
1.324895 -0.838585 0.396928 7
-0.748357 1.804561 -0.523841 2
-0.605269 1.816479 -0.640918 2
-0.682043 1.761670 -0.532778 2
-0.340991 1.843091 -0.861424 2
-0.310591 1.825920 -0.867824 2
-0.250813 1.819719 -0.906228 2
-0.236294 1.797813 -0.896418 2
-0.198686 1.784832 -0.912043 2
-0.189960 1.760820 -0.895951 2
-0.157647 1.746447 -0.906332 2
-0.143375 1.724724 -0.896466 2
-0.101761 1.715212 -0.918264 2
-0.064220 1.704588 -0.935997 2
-0.050014 1.683396 -0.926548 2
-0.033362 1.663335 -0.919956 2
0.002873 1.653343 -0.937287 2
0.016332 1.631886 -0.927002 2
0.042952 1.617533 -0.933109 2
0.056301 1.595978 -0.922629 2
0.059988 1.568612 -0.899535 2
0.097931 1.561437 -0.920725 2
0.124036 1.547643 -0.926935 2
0.128804 1.520443 -0.904761 2
0.149767 1.503460 -0.904151 2
0.179636 1.492683 -0.915950 2
0.187250 1.466698 -0.896985 2
0.214468 1.454497 -0.905466 2
0.231604 1.435127 -0.899739 2
0.253525 1.419380 -0.900947 2
0.265500 1.395871 -0.887488 2
0.277555 1.372095 -0.873824 2
0.306113 1.361897 -0.885130 2
0.318453 1.338067 -0.871602 2
0.336781 1.319234 -0.867194 2
0.359874 1.304727 -0.870371 2
0.365539 1.273848 -0.845230 2
0.403060 1.273337 -0.872241 2
0.402717 1.235679 -0.836241 2
0.418354 1.213377 -0.826513 2
0.426593 1.182857 -0.803554 2
0.434516 1.151179 -0.779251 2
0.448823 1.125876 -0.765665 2
0.461621 1.098317 -0.748820 2
0.470326 1.065182 -0.723670 2
0.496414 1.052705 -0.730855 2
0.522151 1.040083 -0.737634 2
0.530855 1.005182 -0.710767 2
0.535882 0.964110 -0.675333 2
0.575975 0.970968 -0.711092 2
0.580176 0.927095 -0.672365 2
0.596794 0.900124 -0.658772 2
0.608606 0.865006 -0.633906 2
0.634819 0.851796 -0.640388 2
0.644242 0.810936 -0.608285 2
0.659164 0.777852 -0.587583 2
0.673642 0.742826 -0.564693 2
0.697342 0.723489 -0.563456 2
0.697113 0.658264 -0.501050 2
0.726704 0.648492 -0.513191 2
0.739430 0.604596 -0.480513 2
0.747123 0.547863 -0.431920 2
0.768042 0.517309 -0.417893 2
0.791567 0.491660 -0.410426 2
0.807933 0.448089 -0.380643 2
0.829656 0.415645 -0.365352 2
0.803570 0.257049 -0.194938 2
0.845051 0.270013 -0.237294 2
0.869902 0.238349 -0.224966 3
0.903216 0.230560 -0.241557 3
0.937651 0.227162 -0.263142 3
0.945633 0.138084 -0.183704 3
0.941809 0.000501 -0.049355 6
0.969979 -0.033496 -0.037114 6
1.002998 -0.050706 -0.044406 6
1.043062 -0.039150 -0.084273 6
1.080679 -0.034694 -0.115571 6
1.120821 -0.015836 -0.162450 8
1.152719 -0.032945 -0.168972 6
1.186194 -0.041926 -0.184389 6
1.223443 -0.028321 -0.224118 6
1.256217 -0.037702 -0.238621 6
1.287655 -0.055203 -0.244376 6
1.328864 -0.000738 -0.326017 6
1.364241 0.020462 -0.371618 6
1.319014 -0.692367 0.343320 7
-0.646201 1.851751 -0.585174 2
-0.566136 1.845085 -0.639786 2
-0.407676 1.864482 -0.778844 2
-0.332077 1.860799 -0.832860 2
-0.269808 1.854232 -0.873972 2
-0.249281 1.834233 -0.870517 2
-0.215607 1.819183 -0.881762 2
-0.176544 1.806692 -0.899530 2
-0.130506 1.797639 -0.925864 2
-0.123893 1.773257 -0.907585 2
-0.076846 1.765837 -0.936214 2
-0.060999 1.745566 -0.928847 2
-0.039832 1.727716 -0.927819 2
-0.015147 1.711683 -0.931184 2
0.014084 1.698148 -0.940376 2
0.026171 1.676320 -0.928603 2
0.058843 1.665145 -0.942634 2
0.062278 1.638642 -0.919787 2
0.088574 1.624475 -0.926086 2
0.095852 1.599616 -0.907697 2
0.130719 1.590885 -0.925677 2
0.127115 1.559054 -0.892318 2
0.173928 1.558520 -0.927191 2
0.179058 1.531739 -0.905265 2
0.203099 1.517259 -0.909465 2
0.198261 1.482828 -0.872607 2
0.244508 1.484241 -0.908866 2
0.242100 1.450707 -0.874676 2
0.273395 1.442052 -0.889908 2
0.293267 1.424959 -0.888363 2
0.298363 1.395887 -0.864092 2
0.328476 1.387119 -0.878278 2
0.343820 1.366137 -0.869516 2
0.361547 1.347073 -0.864387 2
0.376203 1.325098 -0.854116 2
0.385439 1.297721 -0.834522 2
0.415354 1.289899 -0.849397 2
0.411533 1.248766 -0.806633 2
0.441596 1.241256 -0.821890 2
0.436809 1.197153 -0.775487 2
0.456393 1.178202 -0.771752 2
0.478228 1.161707 -0.772071 2
0.503298 1.149042 -0.778518 2
0.516295 1.122090 -0.762028 2
0.520491 1.083552 -0.727676 2
0.531489 1.052373 -0.705548 2
0.550953 1.031504 -0.699760 2
0.579538 1.022865 -0.712668 2
0.577942 0.972134 -0.662056 2
0.586552 0.934054 -0.631361 2
0.611013 0.918459 -0.634366 2
0.621646 0.881408 -0.606145 2
0.642434 0.859341 -0.600074 2
0.654793 0.822860 -0.573656 2
0.666938 0.784624 -0.545350 2
0.681032 0.748344 -0.520381 2
0.708698 0.735786 -0.528627 2
0.718562 0.689361 -0.490578 2
0.733575 0.650957 -0.464162 2
0.756187 0.626610 -0.457091 2
0.780275 0.604838 -0.453610 2
0.792975 0.557201 -0.416400 2
0.812561 0.523037 -0.397435 2
0.829583 0.481181 -0.369034 2
0.801044 0.321996 -0.192193 2
0.814851 0.261974 -0.143602 2
0.851550 0.261234 -0.169887 2
0.894002 0.278673 -0.218185 2
0.918086 0.243857 -0.201776 3
0.868649 -0.026425 0.099344 6
0.964803 0.163677 -0.157497 3
0.948913 -0.018474 0.032688 6
0.986260 -0.021163 0.007968 6
1.018180 -0.043502 0.006509 6
1.059115 -0.028824 -0.037820 6
1.094186 -0.036178 -0.056233 6
1.129227 -0.042449 -0.075666 6
1.165698 -0.040047 -0.104625 6
1.204945 -0.019671 -0.153224 6
1.236143 -0.041150 -0.154867 6
1.268093 -0.058941 -0.160655 6
1.306328 -0.032981 -0.213930 6
1.342296 -0.016307 -0.256423 6
1.363021 -0.124864 -0.164899 6
-0.602634 1.881442 -0.588054 2
-0.468641 1.890306 -0.701508 2
-0.370648 1.891365 -0.779218 2
-0.345851 1.871414 -0.779308 2
-0.301143 1.858288 -0.801558 2
-0.206418 1.863226 -0.880402 2
-0.171611 1.848859 -0.893664 2
-0.138890 1.834259 -0.905050 2
-0.112002 1.817882 -0.910134 2
-0.060798 1.811662 -0.944055 2
-0.049952 1.789583 -0.931029 2
-0.051925 1.761759 -0.902386 2
0.006178 1.760469 -0.946431 2
0.023259 1.741347 -0.941087 2
0.039886 1.722028 -0.935178 2
0.052901 1.700901 -0.924669 2
0.064199 1.678756 -0.911808 2
0.108465 1.674097 -0.941685 2
0.102784 1.642724 -0.906544 2
0.110372 1.618115 -0.888327 2
0.150169 1.612204 -0.913443 2
0.159206 1.588345 -0.897044 2
0.173284 1.567331 -0.887331 2
0.217089 1.565533 -0.919534 2
0.226194 1.541479 -0.902938 2
0.249004 1.526562 -0.905929 2
0.245603 1.493095 -0.870342 2
0.282854 1.488663 -0.894797 2
0.289537 1.461828 -0.873508 2
0.309743 1.445047 -0.872567 2
0.327202 1.426114 -0.867360 2
0.359680 1.419640 -0.886031 2
0.355092 1.381982 -0.845272 2
0.384304 1.373040 -0.858945 2
0.390038 1.343175 -0.833809 2
0.401850 1.318264 -0.818237 2
0.429436 1.308212 -0.829497 2
0.447391 1.288972 -0.824228 2
0.455558 1.259499 -0.801271 2
0.469793 1.235714 -0.788596 2
0.479515 1.206558 -0.767104 2
0.478705 1.164720 -0.724924 2
0.508410 1.156967 -0.739968 2
0.528432 1.138149 -0.736578 2
0.542599 1.111936 -0.721333 2
0.542259 1.066504 -0.675853 2
0.573498 1.061073 -0.694294 2
0.563950 1.000578 -0.626741 2
0.602377 1.005030 -0.660468 2
0.623872 0.986185 -0.658047 2
0.623483 0.934143 -0.605833 2
0.652716 0.925954 -0.619886 2
0.659405 0.881929 -0.581012 2
0.676499 0.853384 -0.565474 2
0.686311 0.811380 -0.530943 2
0.695537 0.766491 -0.493059 2
0.708902 0.727235 -0.463921 2
0.739513 0.719599 -0.479434 2
0.760892 0.694164 -0.470135 2
0.778540 0.660270 -0.449527 2
0.796213 0.625051 -0.427588 2
0.815542 0.592038 -0.409081 2
0.835344 0.558757 -0.390640 2
0.803768 0.398318 -0.206070 2
0.813569 0.330942 -0.145877 2
0.820839 0.252310 -0.072470 3
0.858999 0.254275 -0.103057 3
0.900586 0.268155 -0.148143 2
0.927548 0.240214 -0.140275 3
0.960138 0.229309 -0.153693 3
0.983933 0.189135 -0.131122 3
0.969390 0.008841 0.060830 6
0.997830 -0.027281 0.075922 6
1.036189 -0.025780 0.045852 6
1.072066 -0.032533 0.025954 6
1.113692 -0.011730 -0.025889 6
1.146142 -0.030466 -0.031136 6
1.180476 -0.039737 -0.047270 6
1.213330 -0.056348 -0.054896 6
1.250539 -0.046413 -0.092419 6
1.286516 -0.040118 -0.125339 6
1.326217 -0.002135 -0.192864 6
1.362546 0.019739 -0.241664 6
-0.575764 1.906248 -0.574027 2
-0.431900 1.917136 -0.700512 2
-0.369541 1.907306 -0.741024 2
-0.317544 1.895518 -0.771245 2
-0.264204 1.885153 -0.803920 2
-0.216090 1.874068 -0.831658 2
-0.164983 1.864952 -0.863716 2
-0.101158 1.861524 -0.911579 2
-0.062905 1.849757 -0.930646 2
-0.047407 1.829637 -0.923162 2
-0.009611 1.818702 -0.942635 2
0.006294 1.799081 -0.935922 2
0.037625 1.786310 -0.948343 2
0.043218 1.762181 -0.928845 2
0.056270 1.741258 -0.918480 2
0.074812 1.722934 -0.915068 2
0.101397 1.708793 -0.922230 2
0.119590 1.690556 -0.918575 2
0.125567 1.665676 -0.898513 2
0.133534 1.641513 -0.880731 2
0.164544 1.630489 -0.894436 2
0.194763 1.619512 -0.907535 2
0.218214 1.604812 -0.911488 2
0.220876 1.576939 -0.885665 2
0.231276 1.553595 -0.870517 2
0.250705 1.536140 -0.868433 2
0.300320 1.540165 -0.911886 2
0.306675 1.513924 -0.890540 2
0.324484 1.495796 -0.886421 2
0.329392 1.467588 -0.861897 2
0.342424 1.445248 -0.849698 2
0.370730 1.435283 -0.862046 2
0.365988 1.397538 -0.820191 2
0.387372 1.381567 -0.820953 2
0.413583 1.370091 -0.830043 2
0.438971 1.358223 -0.838064 2
0.425081 1.308692 -0.776970 2
0.437262 1.283142 -0.760679 2
0.475486 1.283887 -0.791511 2
0.478602 1.248504 -0.758066 2
0.493970 1.225381 -0.746666 2
0.500635 1.192043 -0.718032 2
0.524934 1.178235 -0.723050 2
0.537600 1.150641 -0.704908 2
0.547883 1.119400 -0.681165 2
0.577285 1.111768 -0.696382 2
0.574659 1.062297 -0.643930 2
0.588008 1.032536 -0.624010 2
0.603502 1.004958 -0.607961 2
0.640982 1.008839 -0.641110 2
0.632669 0.944836 -0.569295 2
0.660077 0.933489 -0.579004 2
0.669151 0.892811 -0.544474 2
0.686395 0.864145 -0.528537 2
0.718859 0.861095 -0.550567 2
0.723915 0.809621 -0.501796 2
0.727185 0.752189 -0.445514 2
0.757977 0.745101 -0.462032 2
0.770351 0.701611 -0.427005 2
0.785555 0.661921 -0.398025 2
0.818506 0.659091 -0.420483 2
0.831088 0.611119 -0.380931 2
0.803955 0.466397 -0.211537 2
0.814221 0.402950 -0.154258 2
0.823518 0.332883 -0.089404 2
0.841295 0.280878 -0.049565 3
0.876573 0.275120 -0.070607 3
0.911496 0.269478 -0.091464 2
0.946278 0.264583 -0.112947 3
0.968301 0.219113 -0.082933 3
0.947152 0.021201 0.136837 6
0.981666 0.006167 0.126097 6
1.019497 0.004295 0.099325 6
1.059747 0.014307 0.058518 6
1.085683 -0.034832 0.089516 6
1.118085 -0.058171 0.089078 6
1.163502 -0.017134 0.012507 6
1.197217 -0.030504 0.000876 6
1.233710 -0.027201 -0.029999 6
1.269426 -0.025505 -0.058597 6
1.287748 -0.142279 0.048082 6
1.339500 -0.021954 -0.114831 6
1.377460 0.010806 -0.177048 6
-0.493640 1.945364 -0.620462 2
-0.390420 1.944967 -0.705484 2
-0.343469 1.930687 -0.730051 2
-0.301325 1.915795 -0.749996 2
-0.246997 1.905471 -0.784556 2
-0.210639 1.890293 -0.799368 2
-0.153547 1.882840 -0.839025 2
-0.116168 1.869505 -0.856467 2
-0.084262 1.854759 -0.867945 2
-0.017863 1.853929 -0.921851 2
0.017607 1.842134 -0.939179 2
0.034153 1.822996 -0.933477 2
0.061663 1.808673 -0.941637 2
0.069661 1.785881 -0.925146 2
0.098019 1.772394 -0.934791 2
0.100897 1.746902 -0.911295 2
0.104326 1.721218 -0.888027 2
0.159408 1.722063 -0.934081 2
0.173272 1.702004 -0.925036 2
0.159517 1.666380 -0.877475 2
0.190619 1.655552 -0.891898 2
0.214555 1.640974 -0.896601 2
0.240347 1.627807 -0.904234 2
0.230051 1.591923 -0.859121 2
0.267431 1.586341 -0.883920 2
0.289891 1.571427 -0.886956 2
0.280453 1.534265 -0.841145 2
0.324290 1.534568 -0.877153 2
0.334707 1.510993 -0.861403 2
0.360103 1.498637 -0.869338 2
0.392194 1.491970 -0.888541 2
0.395290 1.462096 -0.860271 2
0.399340 1.432228 -0.832751 2
0.401663 1.400048 -0.801417 2
0.430340 1.390786 -0.815056 2
0.444697 1.368674 -0.803801 2
0.443126 1.330906 -0.763453 2
0.485854 1.335876 -0.803076 2
0.485527 1.298099 -0.763661 2
0.500957 1.275673 -0.752827 2
0.505001 1.240465 -0.719534 2
0.526628 1.223919 -0.719726 2
0.535583 1.192657 -0.694417 2
0.563492 1.183261 -0.707023 2
0.559125 1.134279 -0.652534 2
0.583244 1.119724 -0.656670 2
0.600605 1.096376 -0.646206 2
0.608204 1.059216 -0.613512 2
0.636041 1.049355 -0.625415 2
0.645535 1.013092 -0.595103 2
0.662777 0.987221 -0.581781 2
0.681153 0.962487 -0.570517 2
0.685159 0.913813 -0.522767 2
0.711851 0.901044 -0.530555 2
0.725503 0.865793 -0.504436 2
0.741462 0.833326 -0.483025 2
0.761339 0.807023 -0.471138 2
0.767087 0.752363 -0.418323 2
0.780050 0.709344 -0.383376 2
0.812993 0.706410 -0.406204 2
0.825314 0.659251 -0.366332 2
0.800010 0.523260 -0.203532 2
0.813538 0.469799 -0.157908 2
0.829717 0.419754 -0.117911 2
0.838911 0.348499 -0.050096 2
0.855108 0.291341 -0.002546 3
0.887382 0.276437 -0.011989 3
0.922413 0.270119 -0.032583 3
0.962830 0.282010 -0.076512 3
0.973313 0.197193 0.004793 3
0.963724 0.034072 0.184280 6
1.049864 0.210706 -0.068709 3
1.037842 0.022878 0.138814 6
1.071041 0.003355 0.133826 6
1.106343 -0.007049 0.117634 6
1.144214 -0.004166 0.085477 6
1.178811 -0.015284 0.070667 6
1.216557 -0.007971 0.034012 6
1.246583 -0.043559 0.048652 6
1.285100 -0.026483 0.001174 6
1.304425 -0.143338 0.109988 6
1.361084 0.020964 -0.106910 6
1.383371 -0.084761 -0.012036 6
-0.559544 1.975215 -0.535012 2
-0.447827 1.974265 -0.629138 2
-0.396078 1.959846 -0.658534 2
-0.330086 1.950372 -0.705028 2
-0.274275 1.939267 -0.741166 2
-0.230936 1.925426 -0.763882 2
-0.212162 1.904439 -0.758409 2
-0.150950 1.897821 -0.803597 2
-0.107002 1.886456 -0.829247 2
-0.057605 1.877924 -0.862381 2
-0.022344 1.865012 -0.879010 2
0.012270 1.852443 -0.895407 2
0.055949 1.844214 -0.923903 2
0.057690 1.818868 -0.899270 2
0.110326 1.815759 -0.940546 2
0.103329 1.786272 -0.904188 2
0.118673 1.766721 -0.896925 2
0.152410 1.756289 -0.914576 2
0.156716 1.731297 -0.892303 2
0.203258 1.728413 -0.928500 2
0.203303 1.700940 -0.899995 2
0.229482 1.687780 -0.908315 2
0.241186 1.666415 -0.895898 2
0.251115 1.643750 -0.880603 2
0.265946 1.623884 -0.872305 2
0.284396 1.606272 -0.869360 2
0.291250 1.580861 -0.848516 2
0.309863 1.563168 -0.845555 2
0.365880 1.572457 -0.902095 2
0.344525 1.525940 -0.835454 2
0.379482 1.520801 -0.859206 2
0.390169 1.497224 -0.843315 2
0.395222 1.468636 -0.817428 2
0.418996 1.455156 -0.822990 2
0.435351 1.435461 -0.815798 2
0.430846 1.396826 -0.771271 2
0.468491 1.396000 -0.801596 2
0.475436 1.366786 -0.776443 2
0.483028 1.337429 -0.751639 2
0.499710 1.316579 -0.743323 2
0.502404 1.280724 -0.707517 2
0.523952 1.264204 -0.707734 2
0.536491 1.237589 -0.689778 2
0.544873 1.205516 -0.662563 2
0.568569 1.190849 -0.666408 2
0.578815 1.159652 -0.641582 2
0.579549 1.115300 -0.594908 2
0.614244 1.114140 -0.622045 2
0.611868 1.063231 -0.565758 2
0.637873 1.050241 -0.573092 2
0.661511 1.034063 -0.575052 2
0.669101 0.993543 -0.537876 2
0.692300 0.975896 -0.537830 2
0.705281 0.941523 -0.511537 2
0.718418 0.906112 -0.484218 2
0.737867 0.880379 -0.472347 2
0.750442 0.841446 -0.440717 2
0.764237 0.803099 -0.410658 2
0.778114 0.763206 -0.378964 2
0.811758 0.761869 -0.404583 2
0.834438 0.738461 -0.397611 2
0.802960 0.594360 -0.217262 2
0.809474 0.527154 -0.150097 2
0.826643 0.481276 -0.114386 2
0.844243 0.433920 -0.077380 2
0.854273 0.363786 -0.009729 2
0.852642 0.256328 0.107518 2
0.900527 0.283846 0.039783 3
0.946323 0.309673 -0.024418 3
0.978135 0.295138 -0.033896 3
0.984711 0.195237 0.068876 2
0.975918 0.030622 0.253789 6
1.011481 0.017052 0.240457 6
1.093777 0.193018 -0.014623 3
1.085902 0.005853 0.194114 6
1.121001 -0.006986 0.180511 6
1.158502 -0.007317 0.151539 6
1.196887 -0.000348 0.114023 6
1.231288 -0.012533 0.100413 6
1.266274 -0.020343 0.081659 6
1.282828 -0.154543 0.214257 6
1.321370 -0.145315 0.174377 6
1.379370 0.037261 -0.068452 6
-0.518574 2.002933 -0.537118 2
-0.411177 2.000473 -0.628566 2
-0.349744 1.988549 -0.669998 2
-0.348153 1.961560 -0.643497 2
-0.297241 1.948274 -0.674232 2
-0.230811 1.940610 -0.724303 2
-0.172333 1.931874 -0.766273 2
-0.132582 1.918205 -0.786735 2
-0.106885 1.900405 -0.790597 2
-0.050236 1.894001 -0.833274 2
-0.015909 1.880486 -0.849043 2
-0.019047 1.852942 -0.817492 2
0.056130 1.856562 -0.886654 2
0.085796 1.842890 -0.898083 2
0.102484 1.823979 -0.892700 2
0.158643 1.823072 -0.940468 2
0.158865 1.797100 -0.913288 2
0.175675 1.778710 -0.908442 2
0.194353 1.761291 -0.906198 2
0.190348 1.732003 -0.871740 2
0.197680 1.708128 -0.852774 2
0.242511 1.705077 -0.888237 2
0.256355 1.684993 -0.878837 2
0.271049 1.665295 -0.870542 2
0.300562 1.654771 -0.884736 2
0.300935 1.625900 -0.854263 2
0.319490 1.608454 -0.851572 2
0.336244 1.589798 -0.846004 2
0.377507 1.588609 -0.880107 2
0.387646 1.565537 -0.864061 2
0.400819 1.544405 -0.852654 2
0.411438 1.521013 -0.836598 2
0.416590 1.492776 -0.810623 2
0.435404 1.475306 -0.807853 2
0.431463 1.438087 -0.764375 2
0.458180 1.427039 -0.775177 2
0.461980 1.395207 -0.744016 2
0.489604 1.385190 -0.756623 2
0.510526 1.369042 -0.756871 2
0.508974 1.330053 -0.713306 2
0.535124 1.318783 -0.723183 2
0.539001 1.283682 -0.688343 2
0.548769 1.253998 -0.664314 2
0.572537 1.239730 -0.668801 2
0.583196 1.209924 -0.645305 2
0.600484 1.187474 -0.635351 2
0.618975 1.166194 -0.627637 2
0.607814 1.105279 -0.551790 2
0.638646 1.098945 -0.570638 2
0.664264 1.085964 -0.577822 2
0.664008 1.035208 -0.522057 2
0.694422 1.028738 -0.540275 2
0.708282 0.996893 -0.516880 2
0.714308 0.951111 -0.471653 2
0.733376 0.925296 -0.459103 2
0.752725 0.899295 -0.446536 2
0.764270 0.858294 -0.410990 2
0.790050 0.842459 -0.414814 2
0.810218 0.815590 -0.401828 2
0.834882 0.797133 -0.401755 2
0.808576 0.669178 -0.239148 2
0.812694 0.599723 -0.165917 2
0.817583 0.527487 -0.090197 2
0.839490 0.491838 -0.068704 2
0.847853 0.419960 0.003894 2
0.814154 0.230461 0.240739 3
0.857050 0.238956 0.196544 2
0.893087 0.230026 0.177242 3
0.957764 0.310942 0.035396 3
0.990735 0.298963 0.022061 3
1.004758 0.222093 0.095930 3
1.034808 0.196797 0.099814 3
1.071280 0.195458 0.072040 3
1.069688 0.038583 0.247309 6
1.097288 -0.008380 0.277361 6
1.142429 0.023547 0.205925 6
1.176096 0.004434 0.200349 6
1.214317 0.010077 0.163723 6
1.246203 -0.018484 0.170172 6
1.263419 -0.146056 0.298293 6
1.296771 -0.179561 0.309197 6
1.339459 -0.141405 0.233154 6
1.394032 0.019093 0.011817 6
-0.479440 2.029880 -0.538004 2
-0.413991 2.017028 -0.583428 2
-0.376211 1.998559 -0.598022 2
-0.303775 1.989821 -0.653940 2
-0.264087 1.973533 -0.672439 2
-0.221718 1.958688 -0.694814 2
-0.172950 1.946551 -0.725743 2
-0.130348 1.933383 -0.750002 2
-0.075801 1.925009 -0.790001 2
-0.044392 1.909679 -0.801840 2
-0.019795 1.892329 -0.805388 2
0.004115 1.874984 -0.808282 2
0.050734 1.866926 -0.841333 2
0.078795 1.852171 -0.850608 2
0.121556 1.844148 -0.880162 2
0.152756 1.831851 -0.894780 2
0.173381 1.815158 -0.895211 2
0.202657 1.802805 -0.907969 2
0.220730 1.785312 -0.905181 2
0.237483 1.767202 -0.900511 2
0.238391 1.740572 -0.872526 2
0.274820 1.733161 -0.896795 2
0.274444 1.705255 -0.866204 2
0.299024 1.691585 -0.873105 2
0.301345 1.664441 -0.845638 2
0.335639 1.657148 -0.867971 2
0.356486 1.641680 -0.869487 2
0.379758 1.628028 -0.875078 2
0.396977 1.610354 -0.870900 2
0.401679 1.583493 -0.845622 2
0.405663 1.555449 -0.818373 2
0.427919 1.540985 -0.822004 2
0.441106 1.519392 -0.809816 2
0.457842 1.500477 -0.803634 2
0.467351 1.475219 -0.784105 2
0.471716 1.444839 -0.754395 2
0.478640 1.415945 -0.728510 2
0.497371 1.397513 -0.724418 2
0.513288 1.376246 -0.714698 2
0.533020 1.358584 -0.712236 2
0.535870 1.323174 -0.675412 2
0.565550 1.315635 -0.692707 2
0.567456 1.277608 -0.652066 2
0.584124 1.255264 -0.641565 2
0.609125 1.242547 -0.648919 2
0.623013 1.216350 -0.631634 2
0.624061 1.173041 -0.584178 2
0.640113 1.147793 -0.569714 2
0.658069 1.124579 -0.559106 2
0.665789 1.086358 -0.522904 2
0.696137 1.079942 -0.541589 2
0.703211 1.038752 -0.501408 2
0.717214 1.006726 -0.477352 2
0.731258 0.973625 -0.452074 2
0.749514 0.946467 -0.436993 2
0.771194 0.924570 -0.430675 2
0.790713 0.898290 -0.417545 2
0.797773 0.847399 -0.366133 2
0.833153 0.850099 -0.398918 2
0.795712 0.703369 -0.201893 2
0.812745 0.663336 -0.170942 2
0.831318 0.624800 -0.142912 2
0.836896 0.553743 -0.067206 2
0.841969 0.476509 0.015968 2
0.772445 0.201058 0.385623 3
0.822260 0.223653 0.318716 3
0.861268 0.219791 0.290811 2
0.937926 0.330138 0.102351 2
0.933320 0.198268 0.255780 3
1.000293 0.291844 0.094465 3
1.014599 0.212952 0.172326 3
1.047058 0.194377 0.166848 3
1.074677 0.156401 0.187445 3
1.075779 0.003149 0.360821 6
1.117870 0.016777 0.311069 6
1.159991 0.035256 0.255841 6
1.196177 0.028147 0.234618 6
1.233109 0.026947 0.206133 6
1.269568 0.025584 0.178282 6
1.280423 -0.149069 0.368533 6
1.326104 -0.092654 0.267571 6
1.361767 -0.104379 0.252372 6
-0.495890 2.072746 -0.505530 2
-0.456772 2.052948 -0.520686 2
-0.380461 2.042249 -0.579877 2
-0.361310 2.019328 -0.573118 2
-0.328410 2.000002 -0.582848 2
-0.264802 1.989409 -0.630237 2
-0.210637 1.977468 -0.667404 2
-0.163262 1.964590 -0.697243 2
-0.108382 1.954969 -0.737456 2
-0.063755 1.943142 -0.765787 2
-0.046578 1.922774 -0.759558 2
0.010017 1.916563 -0.804874 2
0.009926 1.890427 -0.776407 2
0.037040 1.874387 -0.783852 2
0.081874 1.865903 -0.815739 2
0.114757 1.853314 -0.832135 2
0.144224 1.839789 -0.844329 2
0.191898 1.835058 -0.882767 2
0.198044 1.811699 -0.862745 2
0.254807 1.812967 -0.915978 2
0.253261 1.785866 -0.884719 2
0.280215 1.773238 -0.895353 2
0.268903 1.739938 -0.848257 2
0.309423 1.735118 -0.879773 2
0.325590 1.716862 -0.874222 2
0.351090 1.704293 -0.883405 2
0.357654 1.680086 -0.862434 2
0.370591 1.659597 -0.851326 2
0.376213 1.633944 -0.827794 2
0.412447 1.629232 -0.855249 2
0.421225 1.605464 -0.836575 2
0.420220 1.573908 -0.800315 2
0.440393 1.557830 -0.800422 2
0.448921 1.532498 -0.779620 2
0.460661 1.509292 -0.764041 2
0.475625 1.488457 -0.753972 2
0.484130 1.461662 -0.731351 2
0.504059 1.444696 -0.729986 2
0.510073 1.414576 -0.701281 2
0.507227 1.374911 -0.653826 2
0.541287 1.371085 -0.679770 2
0.548749 1.340356 -0.651506 2
0.562402 1.315402 -0.635243 2
0.591150 1.306805 -0.650896 2
0.599822 1.275572 -0.622973 2
0.613157 1.248932 -0.604347 2
0.614784 1.207120 -0.558038 2
0.636942 1.189887 -0.557812 2
0.656259 1.168879 -0.550720 2
0.681610 1.155878 -0.558029 2
0.698309 1.130838 -0.543915 2
0.698106 1.080240 -0.485665 2
0.714133 1.051976 -0.467151 2
0.728229 1.019793 -0.442397 2
0.752420 1.003084 -0.444155 2
0.780780 0.993521 -0.457696 2
0.790543 0.951436 -0.417612 2
0.810921 0.926938 -0.406918 2
0.836714 0.912214 -0.412117 2
0.802828 0.777984 -0.227866 2
0.814804 0.729592 -0.182159 2
0.832898 0.691837 -0.153938 2
0.845017 0.638657 -0.102681 2
0.854878 0.576828 -0.039413 2
0.738391 0.195894 0.501453 3
0.802862 0.252741 0.380792 2
0.866416 0.314777 0.254960 2
0.934170 0.397325 0.101823 2
0.912256 0.218302 0.328441 3
0.859306 -0.078031 0.717689 6
0.989454 0.214313 0.268265 3
1.023141 0.197645 0.259489 3
1.058045 0.185780 0.244177 3
1.040619 -0.038299 0.519874 6
1.087554 -0.010966 0.449009 6
1.136443 0.032249 0.358079 6
1.180491 0.060626 0.288546 6
1.213493 0.036338 0.289682 6
1.247912 0.019100 0.281496 6
1.254712 -0.178498 0.506729 6
1.306265 -0.091617 0.363015 6
1.345642 -0.078580 0.315628 6
1.384165 -0.065733 0.269237 6
-0.486833 2.093239 -0.472006 2
-0.544738 2.053100 -0.373511 2
-0.382847 2.059321 -0.534219 2
-0.340652 2.041508 -0.554982 2
-0.287528 2.027104 -0.589773 2
-0.232245 2.014289 -0.628281 2
-0.194054 1.997875 -0.646573 2
-0.143580 1.985654 -0.681044 2
-0.095095 1.973834 -0.714007 2
-0.074342 1.954127 -0.711978 2
-0.027700 1.943225 -0.744085 2
-0.015101 1.921353 -0.731837 2
0.004438 1.901909 -0.728772 2
0.055830 1.894737 -0.769316 2
0.099883 1.885790 -0.800910 2
0.122569 1.868904 -0.803479 2
0.192055 1.872474 -0.872855 2
0.192264 1.846744 -0.844295 2
0.243411 1.844278 -0.889571 2
0.259458 1.826031 -0.884155 2
0.285407 1.812783 -0.893587 2
0.313859 1.801222 -0.907205 2
0.302688 1.768605 -0.859967 2
0.334032 1.758850 -0.878222 2
0.365365 1.749693 -0.897087 2
0.359257 1.718489 -0.856012 2
0.387262 1.707690 -0.869808 2
0.394544 1.683923 -0.849534 2
0.414127 1.667975 -0.849535 2
0.416530 1.640180 -0.820035 2
0.431703 1.620850 -0.811979 2
0.434287 1.592011 -0.781342 2
0.444401 1.568183 -0.763348 2
0.450547 1.540756 -0.737508 2
0.477258 1.529598 -0.749253 2
0.497798 1.513617 -0.749716 2
0.495426 1.477530 -0.705902 2
0.505923 1.451884 -0.685885 2
0.528720 1.437268 -0.689820 2
0.546082 1.417542 -0.682817 2
0.558681 1.392843 -0.665642 2
0.571572 1.367928 -0.648426 2
0.578027 1.335532 -0.616603 2
0.600199 1.319618 -0.618172 2
0.601932 1.280187 -0.573754 2
0.624011 1.263506 -0.574224 2
0.638398 1.237343 -0.556611 2
0.656530 1.215331 -0.547168 2
0.669542 1.186164 -0.524680 2
0.681831 1.155114 -0.499275 2
0.700783 1.132532 -0.489714 2
0.716161 1.104248 -0.470196 2
0.733419 1.077990 -0.454677 2
0.761844 1.068800 -0.469134 2
0.767627 1.022742 -0.419953 2
0.789886 1.002691 -0.416002 2
0.815749 0.988812 -0.422464 2
0.832522 0.958240 -0.401104 2
0.854063 0.935725 -0.393413 2
0.810924 0.782096 -0.173551 2
0.821565 0.729861 -0.120947 2
0.844111 0.700729 -0.106089 2
0.843886 0.618191 -0.007886 2
0.747309 0.297762 0.456902 2
0.784724 0.286186 0.438191 2
0.872931 0.409852 0.214653 2
0.929364 0.459812 0.106414 2
0.880126 0.207710 0.449225 3
0.925369 0.221630 0.393737 3
0.876217 -0.068564 0.782062 6
0.920166 -0.069212 0.745244 6
1.035210 0.193405 0.333474 3
0.998838 -0.098704 0.713438 6
1.051322 -0.057502 0.619640 6
1.094259 -0.050241 0.574609 6
1.140031 -0.025338 0.506168 6
1.187966 0.017867 0.414092 6
1.231201 0.045109 0.345166 6
1.365244 -0.065992 0.366490 6
-0.485823 2.112437 -0.428523 2
-0.548976 2.071710 -0.321945 2
-0.560562 2.039749 -0.275382 2
-0.343766 2.058318 -0.507780 2
-0.275710 2.046895 -0.561598 2
-0.208628 2.036668 -0.615722 2
-0.182586 2.016943 -0.619171 2
-0.148597 1.999741 -0.633113 2
-0.081903 1.992739 -0.690246 2
-0.067906 1.970871 -0.679362 2
-0.017869 1.960694 -0.716593 2
0.010044 1.944012 -0.724936 2
0.009700 1.917603 -0.694809 2
0.046005 1.904356 -0.715046 2
0.077557 1.889908 -0.729251 2
0.143042 1.889782 -0.792503 2
0.159869 1.870695 -0.787059 2
0.202131 1.862871 -0.818967 2
0.224302 1.846739 -0.821932 2
0.279828 1.846777 -0.875503 2
0.300828 1.831128 -0.877772 2
0.314712 1.811995 -0.869133 2
0.358309 1.808700 -0.907218 2
0.363940 1.785390 -0.885723 2
0.386875 1.771627 -0.891788 2
0.381479 1.741192 -0.851371 2
0.399133 1.724094 -0.848401 2
0.394495 1.692707 -0.807485 2
0.409526 1.673409 -0.799335 2
0.433934 1.660454 -0.807449 2
0.455015 1.645454 -0.809950 2
0.456474 1.616127 -0.776999 2
0.474720 1.598787 -0.773950 2
0.467166 1.561036 -0.722461 2
0.480242 1.538749 -0.708586 2
0.488264 1.511849 -0.684449 2
0.523354 1.508018 -0.712955 2
0.545112 1.493048 -0.715701 2
0.548193 1.460708 -0.680303 2
0.557874 1.433713 -0.657358 2
0.587182 1.425744 -0.675288 2
0.583123 1.383736 -0.621547 2
0.589807 1.351528 -0.589415 2
0.619310 1.343670 -0.607466 2
0.620240 1.303534 -0.560402 2
0.644244 1.289296 -0.565601 2
0.654986 1.258865 -0.539093 2
0.678481 1.243801 -0.542700 2
0.694364 1.218769 -0.527270 2
0.697586 1.175700 -0.478474 2
0.719555 1.157445 -0.476643 2
0.737686 1.133404 -0.464265 2
0.755351 1.108093 -0.449860 2
0.765688 1.070408 -0.413779 2
0.798383 1.068197 -0.440804 2
0.815468 1.040189 -0.422405 2
0.840700 1.025876 -0.427887 2
0.845581 0.973657 -0.368998 2
0.819763 0.858534 -0.206099 2
0.823108 0.794218 -0.131002 2
0.826449 0.725739 -0.050766 2
0.849630 0.696688 -0.036135 2
0.746739 0.373871 0.448553 2
0.793504 0.386033 0.392168 2
0.877128 0.495416 0.184658 2
0.924363 0.520314 0.112507 2
0.763128 -0.038138 0.936625 6
0.816028 -0.018550 0.866158 6
0.845466 -0.067922 0.900698 6
0.892309 -0.062722 0.853351 6
0.929624 -0.087856 0.851560 6
0.973193 -0.090074 0.816365 6
1.018601 -0.082472 0.767646 6
1.057688 -0.098010 0.752876 6
1.103604 -0.081501 0.693007 6
1.154531 -0.034405 0.591394 6
1.186744 -0.076975 0.616024 6
1.227204 -0.075523 0.579632 6
1.278610 0.000530 0.442350 6
1.310154 -0.045489 0.472085 6
1.249126 -0.841427 1.502311 1
-0.657510 2.040033 -0.107507 2
-0.533895 2.035171 -0.226262 2
-0.253654 2.069161 -0.546038 2
-0.234957 2.046790 -0.539510 2
-0.180933 2.033600 -0.578743 2
-0.140218 2.017878 -0.601682 2
-0.115267 1.998352 -0.604426 2
-0.079088 1.982482 -0.622505 2
-0.027871 1.971992 -0.661703 2
0.007663 1.957366 -0.680415 2
0.008286 1.931168 -0.650902 2
0.035873 1.914311 -0.658973 2
0.098900 1.911350 -0.718331 2
0.145591 1.903443 -0.755632 2
0.167269 1.886175 -0.757132 2
0.198679 1.873319 -0.773361 2
0.226252 1.859272 -0.784326 2
0.278864 1.857412 -0.834272 2
0.307353 1.845120 -0.848063 2
0.333164 1.831941 -0.858103 2
0.357624 1.818430 -0.866351 2
0.363626 1.795127 -0.844800 2
0.377863 1.776083 -0.836322 2
0.413529 1.769601 -0.863709 2
0.403808 1.736136 -0.814484 2
0.421140 1.718668 -0.810717 2
0.427549 1.694015 -0.787642 2
0.438880 1.672200 -0.772695 2
0.438393 1.641723 -0.735799 2
0.464339 1.629672 -0.746646 2
0.480835 1.610855 -0.740120 2
0.494656 1.589841 -0.728289 2
0.504960 1.565712 -0.709234 2
0.519952 1.545046 -0.698823 2
0.536485 1.525489 -0.691170 2
0.538352 1.492546 -0.653117 2
0.555826 1.473063 -0.646322 2
0.572944 1.453085 -0.638517 2
0.598958 1.441814 -0.649751 2
0.602163 1.407333 -0.610838 2
0.612894 1.379679 -0.587365 2
0.626608 1.354583 -0.569787 2
0.647519 1.337195 -0.568407 2
0.661861 1.311953 -0.551105 2
0.660018 1.266108 -0.493137 2
0.686641 1.254603 -0.504163 2
0.696147 1.220779 -0.471534 2
0.697838 1.174922 -0.416664 2
0.729544 1.169807 -0.440114 2
0.759572 1.163123 -0.459980 2
0.774776 1.134369 -0.438648 2
0.791993 1.107885 -0.421927 2
0.802290 1.069074 -0.383428 2
0.836632 1.070160 -0.416623 2
0.854883 1.043643 -0.400590 2
0.819198 0.914741 -0.207489 2
0.820713 0.849180 -0.127337 2
0.830429 0.796175 -0.070262 2
0.843419 0.746992 -0.020862 2
0.849485 0.679397 0.057913 2
0.786121 0.444223 0.409224 2
0.883935 0.584409 0.145219 2
0.938363 0.628562 0.040706 2
0.733431 -0.025400 1.044241 6
0.781324 -0.023917 0.999244 6
0.821168 -0.044047 0.988687 6
0.866146 -0.047524 0.952767 6
0.909429 -0.054518 0.922894 6
0.954893 -0.051840 0.879051 6
0.996011 -0.062704 0.856202 6
1.036358 -0.075388 0.836439 6
1.077287 -0.084404 0.811666 6
1.073945 -0.301723 1.088093 1
1.164952 -0.067266 0.713096 6
1.206695 -0.062967 0.671189 6
1.253973 -0.020379 0.576325 6
1.194691 -0.686706 1.467737 1
1.239316 -0.717898 1.468427 1
1.279602 -0.788624 1.522863 1
1.330260 -0.772620 1.459093 1
-0.635648 2.034101 -0.047559 2
-0.487939 2.034842 -0.200955 2
-0.207016 2.070454 -0.531885 2
-0.751042 1.908245 0.216463 2
-0.802753 1.822849 0.368734 2
-0.796411 1.787450 0.403410 2
-0.786604 1.752614 0.433981 2
-0.771638 1.719030 0.457905 2
0.004860 1.944376 -0.603154 2
0.039580 1.929673 -0.621453 2
0.096867 1.923993 -0.673417 2
0.126822 1.909020 -0.686362 2
0.165889 1.898228 -0.713494 2
0.194072 1.883603 -0.724887 2
0.242601 1.878424 -0.768192 2
0.268608 1.864024 -0.777487 2
0.312811 1.858743 -0.816119 2
0.344105 1.848081 -0.835116 2
0.370490 1.835463 -0.846715 2
0.385971 1.817361 -0.840595 2
0.418946 1.809054 -0.863919 2
0.398946 1.770558 -0.797161 2
0.433870 1.763704 -0.824069 2
0.423448 1.729184 -0.771646 2
0.443338 1.713132 -0.772101 2
0.461298 1.695894 -0.769102 2
0.465360 1.668944 -0.740236 2
0.485218 1.652761 -0.740282 2
0.489771 1.625166 -0.710970 2
0.505894 1.605844 -0.703290 2
0.526588 1.590076 -0.704458 2
0.521227 1.552647 -0.652951 2
0.548724 1.542216 -0.667313 2
0.570878 1.527499 -0.671006 2
0.562390 1.484506 -0.609292 2
0.574357 1.459331 -0.589801 2
0.588449 1.435715 -0.574264 2
0.610843 1.420218 -0.576917 2
0.620713 1.391461 -0.550671 2
0.639269 1.371490 -0.543824 2
0.662584 1.356783 -0.548132 2
0.662618 1.314534 -0.495159 2
0.682812 1.295302 -0.490594 2
0.702618 1.275419 -0.484754 2
0.720698 1.253027 -0.474007 2
0.747531 1.242290 -0.486320 2
0.753208 1.201723 -0.440520 2
0.780795 1.191887 -0.454534 2
0.789337 1.153144 -0.413628 2
0.812665 1.136399 -0.414650 2
0.831621 1.112324 -0.402119 2
0.855281 1.095815 -0.403591 2
0.818096 0.968789 -0.206709 2
0.820674 0.907562 -0.131127 2
0.838606 0.872834 -0.103715 2
0.845999 0.814796 -0.036551 2
0.858612 0.764314 0.016161 2
0.785697 0.517308 0.400258 2
0.879178 0.642680 0.152673 2
0.942418 0.707228 0.011232 2
0.706001 -0.003775 1.142138 6
0.748983 -0.018528 1.121410 6
0.794144 -0.025992 1.089447 6
0.846158 -0.010635 1.021988 6
0.880940 -0.046846 1.036774 6
0.919951 -0.070216 1.031303 6
0.970530 -0.051237 0.960885 6
1.005497 -0.088101 0.976737 6
1.052267 -0.077572 0.920923 6
1.094997 -0.080617 0.886397 6
1.146287 -0.038988 0.786629 6
1.134789 -0.320888 1.161105 1
1.133963 -0.589783 1.509387 1
1.181874 -0.596756 1.475855 1
1.226551 -0.623461 1.470858 1
1.269624 -0.664310 1.485724 1
1.315921 -0.681331 1.467065 1
1.362413 -0.695147 1.444234 1
-0.636070 2.055333 0.005802 2
-0.550244 2.041545 -0.069228 2
-0.440737 2.034976 -0.177752 2
-0.349779 2.026560 -0.264321 2
-0.765150 1.855341 0.378028 2
-0.741437 1.825280 0.388612 2
-0.791399 1.734526 0.549549 2
0.020364 1.964236 -0.581761 2
0.030770 1.940927 -0.564762 2
0.105140 1.940728 -0.642823 2
0.126139 1.922117 -0.642458 2
0.163013 1.909996 -0.666533 2
0.222228 1.907905 -0.726127 2
0.249158 1.893317 -0.736614 2
0.281852 1.881738 -0.756720 2
0.284678 1.856658 -0.729032 2
0.370732 1.872020 -0.837669 2
0.375214 1.848366 -0.813301 2
0.406494 1.838517 -0.833737 2
0.408620 1.813147 -0.804651 2
0.409225 1.786288 -0.772070 2
0.432563 1.772302 -0.778917 2
0.458199 1.760032 -0.790196 2
0.464379 1.735631 -0.766202 2
0.470326 1.710544 -0.741036 2
0.489296 1.693911 -0.739764 2
0.509829 1.678465 -0.741506 2
0.510134 1.648083 -0.703676 2
0.509493 1.616004 -0.662664 2
0.523783 1.594807 -0.650541 2
0.550068 1.583298 -0.662804 2
0.557202 1.555751 -0.635203 2
0.560600 1.524128 -0.598559 2
0.597422 1.522338 -0.633597 2
0.590784 1.480086 -0.573116 2
0.607134 1.458803 -0.562481 2
0.632263 1.446260 -0.571762 2
0.644023 1.419813 -0.549742 2
0.657261 1.394310 -0.530328 2
0.675051 1.373398 -0.521275 2
0.697290 1.357488 -0.523005 2
0.703130 1.321431 -0.482387 2
0.726957 1.306941 -0.487352 2
0.742467 1.281585 -0.469962 2
0.753639 1.249575 -0.439592 2
0.769833 1.223572 -0.421865 2
0.798069 1.214792 -0.438221 2
0.810214 1.181692 -0.407130 2
0.831830 1.162522 -0.403325 2
0.855181 1.146044 -0.404625 2
0.811328 1.011856 -0.187043 2
0.828500 0.979009 -0.160808 2
0.833185 0.921002 -0.089525 2
0.837955 0.859532 -0.013695 2
0.864040 0.838437 -0.011127 2
0.781640 0.580554 0.405941 2
0.883777 0.721187 0.123810 2
0.946381 0.782904 -0.016880 2
0.621471 -0.123604 1.483600 1
0.664138 -0.148789 1.476375 1
0.775419 0.017892 1.151839 6
0.814093 -0.008265 1.149964 6
0.848977 -0.046644 1.167913 6
0.896885 -0.043738 1.119327 6
0.945758 -0.034186 1.061208 6
0.985323 -0.055459 1.052628 6
1.034321 -0.038707 0.985157 6
1.081200 -0.025503 0.924480 6
1.075615 -0.252118 1.229789 1
1.124809 -0.236094 1.163537 1
1.160661 -0.287072 1.198443 1
1.194508 -0.356214 1.259413 1
1.211700 -0.547721 1.497997 1
1.255916 -0.576644 1.496517 1
1.299612 -0.612038 1.504256 1
1.344662 -0.638559 1.499156 1
-0.497906 2.042391 -0.049731 2
-0.399589 2.033917 -0.146823 2
-0.725704 1.888104 0.384167 2
-0.725707 1.851787 0.428120 2
-0.722195 1.815799 0.467982 2
-0.761380 1.727063 0.618707 2
0.078777 1.971919 -0.591755 2
0.108122 1.955748 -0.603668 2
0.157226 1.947377 -0.646464 2
0.184676 1.931692 -0.656745 2
0.217467 1.918577 -0.675881 2
0.256692 1.908800 -0.706004 2
0.295177 1.899541 -0.735888 2
-0.564247 1.474250 0.718542 2
0.347902 1.871845 -0.757887 2
0.371313 1.857105 -0.764475 2
0.389564 1.839943 -0.762410 2
0.410559 1.824350 -0.765173 2
0.418646 1.801618 -0.745056 2
0.458084 1.796992 -0.781186 2
0.469017 1.775922 -0.766039 2
0.458035 1.740620 -0.709430 2
0.483981 1.728352 -0.721256 2
0.507994 1.715172 -0.729783 2
0.522065 1.695238 -0.719074 2
0.531576 1.671739 -0.698895 2
0.531017 1.640058 -0.657507 2
0.546006 1.619659 -0.646906 2
0.549963 1.589949 -0.612627 2
0.585352 1.586181 -0.644718 2
0.596232 1.561713 -0.624288 2
0.591758 1.522600 -0.568743 2
0.617869 1.510992 -0.580713 2
0.626664 1.482707 -0.552877 2
0.662162 1.480950 -0.587256 2
0.661274 1.441682 -0.534861 2
0.671377 1.412849 -0.507385 2
0.688720 1.391409 -0.496968 2
0.684677 1.344250 -0.430685 2
0.714624 1.336677 -0.451251 2
0.736862 1.319986 -0.451821 2
0.759658 1.304060 -0.453875 2
0.765839 1.265249 -0.408658 2
0.799295 1.263860 -0.440598 2
0.808673 1.227731 -0.401981 2
0.831793 1.211367 -0.403399 2
0.846681 1.181680 -0.378704 2
0.824511 1.088318 -0.231858 2
0.830243 1.037472 -0.169556 2
0.836067 0.983842 -0.103515 2
0.845427 0.933762 -0.045627 2
0.851621 0.874359 0.028008 2
0.775992 0.639220 0.418396 2
0.890104 0.800858 0.089062 2
0.854622 0.634969 0.347162 2
0.615270 -0.040372 1.490804 1
0.653638 -0.075393 1.500822 1
0.694391 -0.105022 1.501415 1
0.738410 -0.125870 1.487157 1
0.778479 -0.158104 1.492270 1
0.895191 0.052822 1.094842 6
0.934170 0.030216 1.088282 6
0.968679 -0.008619 1.108141 6
1.001150 -0.057708 1.144002 6
1.001679 -0.243066 1.395252 1
1.048242 -0.248522 1.358868 1
1.093249 -0.258717 1.330552 1
1.138267 -0.266811 1.299532 1
1.183613 -0.270494 1.262367 1
1.224285 -0.300296 1.265264 1
1.244033 -0.480252 1.492206 1
1.290428 -0.488293 1.460508 1
1.334426 -0.514500 1.455944 1
-0.434796 2.045863 -0.046079 2
-0.143739 2.083579 -0.418702 2
0.007555 2.094421 -0.601547 2
-0.663898 1.890739 0.401494 2
-0.694341 1.846014 0.490926 2
-0.733406 1.758322 0.643662 2
-0.698886 1.730172 0.640364 2
0.113394 1.971834 -0.567206 2
0.149686 1.958349 -0.590615 2
0.190602 1.947314 -0.622152 2
0.226667 1.935212 -0.646858 2
0.272053 1.927715 -0.687637 2
0.305383 1.916041 -0.709667 2
0.329681 1.900903 -0.717200 2
0.362253 1.890008 -0.739201 2
0.358708 1.861868 -0.699193 2
0.404519 1.858379 -0.745096 2
0.416287 1.837822 -0.731504 2
0.430840 1.818609 -0.722613 2
0.446951 1.800199 -0.716377 2
0.493318 1.800050 -0.766844 2
0.498146 1.775165 -0.739681 2
0.506218 1.751804 -0.717952 2
0.519612 1.731588 -0.706032 2
0.523389 1.704377 -0.674409 2
0.541553 1.686935 -0.671118 2
0.552608 1.664094 -0.652938 2
0.564555 1.641540 -0.636004 2
0.576763 1.618803 -0.619015 2
0.588971 1.595659 -0.601392 2
0.597930 1.569216 -0.575804 2
0.604704 1.540089 -0.544210 2
0.622576 1.520592 -0.537213 2
0.639189 1.499700 -0.526911 2
0.661204 1.484049 -0.529268 2
0.675775 1.460636 -0.513223 2
0.690269 1.436655 -0.496233 2
0.700965 1.407809 -0.468585 2
0.725725 1.394719 -0.476891 2
0.741704 1.371125 -0.461686 2
0.756932 1.346040 -0.443573 2
0.782017 1.333408 -0.452537 2
0.789338 1.296537 -0.409981 2
0.815260 1.284785 -0.420807 2
0.836234 1.266023 -0.416855 2
0.849300 1.234729 -0.387536 2
0.813209 1.122243 -0.196545 2
0.822387 1.078265 -0.145659 2
0.827873 1.025424 -0.078730 2
0.844182 0.989439 -0.045858 2
0.855663 0.942458 0.007154 2
0.769596 0.695457 0.434398 2
0.895587 0.875955 0.058573 2
0.854037 0.703707 0.338136 2
0.608857 0.040602 1.500071 1
0.640231 -0.010203 1.539115 1
0.689253 -0.018062 1.501318 1
0.727824 -0.052490 1.510889 1
0.767851 -0.083796 1.514871 1
0.816869 -0.088396 1.473099 1
0.857282 -0.118467 1.475349 1
0.893882 -0.162519 1.500953 1
0.937236 -0.184402 1.489302 1
0.977042 -0.220101 1.500520 1
1.022530 -0.233514 1.475362 1
1.069920 -0.236648 1.434216 1
1.110154 -0.272228 1.445400 1
1.161033 -0.252209 1.368947 1
1.205024 -0.265209 1.345362 1
1.250371 -0.267424 1.305594 1
1.285484 -0.341736 1.376494 1
1.317624 -0.456043 1.506328 1
1.362519 -0.474395 1.490105 1
-0.381930 2.047383 -0.029528 2
-0.102990 2.083855 -0.396851 2
0.047446 2.095358 -0.584596 2
-0.629711 1.886204 0.458885 2
-0.677524 1.836011 0.577493 2
-0.634033 1.773243 0.607575 2
-0.637308 1.733312 0.662461 2
0.186528 1.985519 -0.604241 2
0.201144 1.964870 -0.594333 2
0.229789 1.949626 -0.607321 2
0.262180 1.936356 -0.627034 2
-0.538433 1.567718 0.763685 2
0.322821 1.909760 -0.661363 2
0.336220 1.889371 -0.649894 2
0.386161 1.886638 -0.702893 2
0.406879 1.870445 -0.705023 2
0.415548 1.848051 -0.685262 2
0.460159 1.845107 -0.731661 2
0.465485 1.820872 -0.705498 2
0.483527 1.803692 -0.702910 2
0.492059 1.780650 -0.681739 2
0.539022 1.781985 -0.736081 2
0.561863 1.768628 -0.743684 2
0.549216 1.730818 -0.678762 2
0.552043 1.702592 -0.643869 2
0.560236 1.677554 -0.619141 2
0.577548 1.659052 -0.613262 2
0.585808 1.633125 -0.587201 2
0.584648 1.598604 -0.538961 2
0.613293 1.588838 -0.557155 2
0.651826 1.588647 -0.599177 2
0.656795 1.558128 -0.562825 2
0.662986 1.527762 -0.527914 2
0.685002 1.512449 -0.530835 2
0.686595 1.475721 -0.481958 2
0.715497 1.467393 -0.501774 2
0.728594 1.441752 -0.480455 2
0.734432 1.406829 -0.438347 2
0.761676 1.396806 -0.453703 2
0.780552 1.376633 -0.445866 2
0.794078 1.349061 -0.421898 2
0.818499 1.335679 -0.429231 2
0.842614 1.322120 -0.435882 2
0.849617 1.283103 -0.388660 2
0.816705 1.179684 -0.208876 2
0.822630 1.132169 -0.148365 2
0.837228 1.096787 -0.113900 2
0.843270 1.044581 -0.046669 2
0.851130 0.992604 0.018468 2
0.761810 0.748253 0.456372 2
0.899358 0.945042 0.035711 2
0.846426 0.755612 0.358555 2
0.614248 0.146478 1.460788 1
0.647095 0.102414 1.489708 1
0.689359 0.079785 1.478751 1
0.729214 0.051129 1.479009 1
0.765694 0.012698 1.496796 1
0.803794 -0.022605 1.508683 1
0.844860 -0.050005 1.506506 1
0.892039 -0.057554 1.470057 1
0.927450 -0.104535 1.501889 1
0.970951 -0.124211 1.486826 1
1.013206 -0.148430 1.479691 1
1.050405 -0.195053 1.509820 1
1.095422 -0.208538 1.484979 1
1.135017 -0.248552 1.503672 1
1.180344 -0.259462 1.475223 1
1.223869 -0.279431 1.461721 1
1.275949 -0.238938 1.353320 1
1.313072 -0.301381 1.407382 1
1.350618 -0.372440 1.473612 1
-0.615735 2.017277 0.366993 2
-0.347624 2.044888 0.013575 2
-0.045337 2.088476 -0.400729 2
0.083263 2.095425 -0.561963 2
0.148481 2.088331 -0.629920 2
-0.587918 1.809782 0.602319 2
-0.581659 1.773651 0.642213 2
-0.574997 1.737042 0.682428 2
0.199720 1.978229 -0.546265 2
0.246614 1.969531 -0.589841 2
-0.533342 1.631932 0.772411 2
0.301455 1.939231 -0.613877 2
0.341130 1.930064 -0.648037 2
0.346792 1.906252 -0.622781 2
0.373857 1.892220 -0.635491 2
0.396075 1.876195 -0.639768 2
0.408408 1.855251 -0.625812 2
0.437020 1.842928 -0.642300 2
0.477249 1.837684 -0.681743 2
0.495939 1.820834 -0.680382 2
0.518629 1.806509 -0.686977 2
0.536587 1.789434 -0.684255 2
0.551255 1.770206 -0.674693 2
0.553357 1.742162 -0.638484 2
0.559876 1.716432 -0.610415 2
0.572574 1.694651 -0.594755 2
0.585827 1.672964 -0.579748 2
0.592693 1.645807 -0.549768 2
0.615585 1.631291 -0.555465 2
0.626989 1.607031 -0.534447 2
0.646854 1.589865 -0.532795 2
0.657593 1.564160 -0.508779 2
0.675409 1.544682 -0.501353 2
0.681950 1.513622 -0.464864 2
0.717282 1.511742 -0.501628 2
0.739849 1.497120 -0.506026 2
0.754229 1.473372 -0.488278 2
0.759213 1.437960 -0.443438 2
0.768969 1.406902 -0.409949 2
0.794001 1.394216 -0.419369 2
0.816923 1.379062 -0.422829 2
0.834777 1.357003 -0.410742 2
0.854265 1.336834 -0.403032 2
0.819346 1.234442 -0.217922 2
0.830560 1.197059 -0.176236 2
0.834522 1.146025 -0.106913 2
0.853885 1.118350 -0.087762 2
0.856951 1.060587 -0.007493 2
0.764929 0.821000 0.437831 2
0.893907 0.993915 0.049762 2
0.837233 0.803708 0.386133 2
0.893094 0.839332 0.275311 2
0.638835 0.176631 1.507952 1
0.677592 0.146233 1.511635 1
0.730129 0.150019 1.451231 1
0.764399 0.108444 1.476322 1
0.803751 0.079193 1.478325 1
0.839312 0.038027 1.501890 1
0.886600 0.031951 1.462174 1
0.926600 0.003550 1.462874 1
0.961350 -0.044555 1.498063 1
0.998112 -0.088504 1.525306 1
1.043669 -0.098874 1.494484 1
1.084181 -0.130058 1.499577 1
1.129001 -0.141567 1.471588 1
1.166483 -0.190687 1.506542 1
1.212327 -0.195687 1.468354 1
1.251123 -0.243675 1.500747 1
1.297232 -0.243924 1.455704 1
1.340562 -0.262025 1.439945 1
-0.528274 2.025426 0.342087 2
-0.283465 2.049530 0.011796 2
-0.007714 2.088432 -0.375538 2
0.138238 2.100775 -0.569561 2
0.173411 2.085860 -0.592540 2
0.233170 2.078986 -0.655977 2
-0.527097 1.813104 0.622054 2
-0.534864 1.772403 0.686084 2
-0.526746 1.736173 0.725048 2
-0.525444 1.696809 0.776667 2
-0.485935 1.671436 0.763384 2
0.308043 1.954865 -0.579090 2
0.337397 1.940915 -0.595370 2
0.358136 1.923607 -0.596584 2
0.384869 1.909269 -0.608950 2
0.410246 1.894679 -0.619228 2
0.431940 1.878568 -0.622883 2
0.452228 1.861913 -0.623992 2
0.472032 1.845131 -0.624232 2
0.482684 1.823159 -0.606237 2
0.510549 1.811260 -0.622639 2
0.542636 1.802528 -0.648369 2
0.559575 1.784615 -0.643168 2
0.576061 1.766356 -0.636833 2
0.600629 1.753758 -0.647898 2
0.616549 1.735156 -0.640183 2
0.610896 1.699878 -0.583379 2
0.619464 1.674492 -0.557178 2
0.639774 1.658201 -0.557541 2
0.648253 1.631789 -0.529532 2
0.660312 1.607855 -0.509117 2
0.674541 1.585414 -0.493239 2
0.695597 1.569172 -0.494062 2
0.717805 1.554166 -0.497877 2
0.738404 1.537637 -0.497517 2
0.756477 1.518383 -0.490192 2
0.775147 1.499602 -0.484114 2
0.779136 1.463331 -0.435709 2
0.790577 1.434593 -0.406641 2
0.810116 1.415210 -0.400300 2
0.839066 1.408132 -0.422496 2
0.853021 1.381053 -0.398323 2
0.826679 1.294757 -0.241706 2
0.827733 1.243749 -0.167588 2
0.831620 1.194225 -0.098676 2
0.844821 1.157160 -0.058392 2
0.857279 1.117047 -0.012626 2
0.765266 0.886740 0.430674 2
0.900755 1.065360 0.016535 2
0.844465 0.884035 0.348140 2
0.886054 0.889601 0.294636 2
0.644087 0.279155 1.468735 1
0.678901 0.242090 1.486644 1
0.718062 0.214267 1.486253 1
0.758038 0.188221 1.482544 1
0.796827 0.158819 1.485354 1
0.836016 0.129968 1.487130 1
0.879609 0.113940 1.465175 1
0.910327 0.057191 1.518315 1
0.959480 0.059750 1.462951 1
0.995585 0.017598 1.488877 1
1.035082 -0.013932 1.495457 1
1.074892 -0.045543 1.502056 1
1.114860 -0.077996 1.509983 1
1.156849 -0.102005 1.503281 1
1.200788 -0.115466 1.478839 1
1.236150 -0.180766 1.541861 1
1.281451 -0.187131 1.505726 1
1.324716 -0.205724 1.490406 1
1.366627 -0.236117 1.494561 1
-0.492880 2.055668 0.349901 2
-0.463188 2.029121 0.348205 2
-0.232734 2.051336 0.029125 2
0.037760 2.090571 -0.362969 2
0.157148 2.096641 -0.520699 2
0.201921 2.084455 -0.560101 2
0.247844 2.073605 -0.602637 2
0.284930 2.060930 -0.631514 2
-0.503142 1.766119 0.756488 2
-0.490893 1.730969 0.789835 2
0.287062 1.986110 -0.530739 2
0.305830 1.967208 -0.527708 2
0.343118 1.956133 -0.558425 2
0.360393 1.937097 -0.553102 2
0.366874 1.913119 -0.527378 2
0.397846 1.900458 -0.547679 2
0.429187 1.888572 -0.569407 2
0.464273 1.879275 -0.599283 2
0.471280 1.855418 -0.573873 2
0.486593 1.835817 -0.564583 2
0.499240 1.814516 -0.549476 2
0.537990 1.809161 -0.588973 2
0.569276 1.800054 -0.613858 2
0.588172 1.783317 -0.612558 2
0.608872 1.767905 -0.615240 2
0.641242 1.761171 -0.644512 2
0.610880 1.707612 -0.529812 2
0.643432 1.700825 -0.558978 2
0.661329 1.682848 -0.554049 2
0.678234 1.663956 -0.546464 2
0.682057 1.633268 -0.505774 2
0.702571 1.616935 -0.506011 2
0.722681 1.600275 -0.505156 2
0.730105 1.570921 -0.470331 2
0.752624 1.556298 -0.475093 2
0.770860 1.537210 -0.468034 2
0.792435 1.521704 -0.470112 2
0.807282 1.498371 -0.452477 2
0.815558 1.466409 -0.414109 2
0.839351 1.452966 -0.421475 2
0.851620 1.424438 -0.392643 2
0.816391 1.328884 -0.207696 2
0.827538 1.293659 -0.167179 2
0.837708 1.255376 -0.120762 2
0.840765 1.203976 -0.046167 2
0.864634 1.183895 -0.042724 2
0.853547 1.103126 0.092933 2
0.798781 0.937231 0.407949 2
0.836229 0.932220 0.373547 2
0.877245 0.935804 0.322166 2
0.630692 0.339208 1.511842 1
0.674538 0.322518 1.488802 1
0.723352 0.318324 1.441283 1
0.752032 0.267084 1.488598 1
0.792157 0.242457 1.482568 1
0.832778 0.219184 1.474136 1
0.868685 0.182278 1.492122 1
0.906991 0.151137 1.498826 1
0.945732 0.120435 1.504612 1
0.986020 0.094184 1.502073 1
1.028269 0.074948 1.486791 1
1.070937 0.058002 1.467741 1
1.111278 0.031592 1.466087 1
1.146788 -0.019108 1.507511 1
1.191682 -0.025367 1.470197 1
1.228206 -0.077778 1.513687 1
1.272833 -0.084092 1.477203 1
1.315783 -0.099099 1.456233 1
1.354288 -0.150351 1.496562 1
-0.449106 2.054735 0.388829 2
-0.421432 2.027818 0.390101 2
-0.204553 2.047848 0.082446 2
0.068727 2.089149 -0.327256 2
0.183472 2.094538 -0.482565 2
0.235476 2.084621 -0.535605 2
0.272433 2.071222 -0.564281 2
0.302070 2.056138 -0.581054 2
0.340503 2.044641 -0.614039 2
0.266183 1.992305 -0.444630 2
0.301212 1.979025 -0.470457 2
0.323894 1.961403 -0.474181 2
0.361750 1.950508 -0.506748 2
0.391935 1.937017 -0.525685 2
0.397790 1.912624 -0.497849 2
0.418538 1.895070 -0.498663 2
0.467895 1.892398 -0.557171 2
0.463634 1.862326 -0.507875 2
0.509320 1.859300 -0.560966 2
0.525434 1.840286 -0.553262 2
0.552276 1.827761 -0.568443 2
0.566636 1.807738 -0.556788 2
0.602829 1.802052 -0.593522 2
0.601778 1.771553 -0.546822 2
0.613715 1.749336 -0.528487 2
0.629285 1.729463 -0.518029 2
0.652305 1.715232 -0.525111 2
0.672601 1.699044 -0.525757 2
0.671473 1.664749 -0.472605 2
0.705123 1.659794 -0.506351 2
0.723720 1.641999 -0.502079 2
0.743712 1.625474 -0.501304 2
0.763980 1.609250 -0.501188 2
0.770594 1.578879 -0.462772 2
0.793145 1.564609 -0.468138 2
0.802225 1.535353 -0.434132 2
0.820547 1.515880 -0.426141 2
0.839617 1.497075 -0.419935 2
0.857331 1.476338 -0.408989 2
0.818727 1.380188 -0.214176 2
0.821059 1.333969 -0.145187 2
0.837727 1.306008 -0.121354 2
0.847389 1.266479 -0.071107 2
0.855772 1.222911 -0.012901 2
0.875579 1.195906 0.006234 2
0.797398 0.997559 0.407822 2
0.839955 1.001951 0.351676 2
0.878413 1.000908 0.308985 2
0.635145 0.435074 1.479049 1
0.672283 0.405664 1.482955 1
0.703692 0.363057 1.514463 1
0.748529 0.350113 1.484090 1
0.787072 0.322896 1.483665 1
0.817006 0.272704 1.529578 1
0.864942 0.269635 1.480807 1
0.901594 0.235727 1.493846 1
0.939191 0.203452 1.503486 1
0.982467 0.189201 1.478405 1
1.018877 0.151265 1.498859 1
1.057199 0.118475 1.509257 1
1.100350 0.104502 1.484608 1
1.139685 0.074364 1.490160 1
1.179477 0.044967 1.494283 1
1.220566 0.021192 1.488264 1
1.260728 -0.008883 1.493565 1
1.301559 -0.036567 1.494574 1
1.344370 -0.050488 1.471683 1
-0.380927 2.059355 0.388115 2
-0.355738 2.032326 0.392802 2
-0.162133 2.047986 0.113380 2
0.104196 2.089031 -0.298517 2
0.199235 2.089453 -0.425085 2
0.225009 2.071540 -0.433467 2
0.295319 2.068304 -0.521743 2
0.331255 2.055338 -0.550403 2
0.348464 2.036386 -0.545531 2
0.373274 2.020351 -0.554778 2
0.341397 1.982069 -0.456801 2
0.383954 1.972989 -0.499272 2
0.380421 1.944708 -0.452896 2
0.423588 1.937067 -0.497998 2
0.432786 1.914149 -0.475918 2
0.478690 1.909416 -0.528626 2
0.508653 1.897568 -0.549819 2
0.538084 1.886026 -0.570639 2
0.549921 1.864915 -0.554126 2
-0.099795 1.444476 0.920672 2
-0.069677 1.416823 0.923845 2
-0.040781 1.388445 0.929918 2
0.625550 1.796750 -0.547811 2
0.634338 1.772612 -0.522070 2
0.653075 1.755308 -0.519379 2
0.665023 1.732747 -0.499805 2
0.689319 1.719727 -0.510503 2
0.710503 1.704446 -0.513614 2
0.724467 1.682977 -0.497860 2
0.733560 1.656675 -0.468305 2
0.755015 1.641360 -0.471276 2
0.780381 1.630066 -0.485289 2
0.780225 1.592827 -0.426608 2
0.799134 1.574396 -0.421076 2
0.822291 1.560601 -0.427971 2
0.845296 1.546872 -0.434638 2
0.855381 1.517575 -0.400586 2
0.812318 1.419295 -0.191647 2
0.822268 1.384444 -0.148295 2
0.836370 1.353825 -0.116587 2
0.847836 1.318187 -0.073497 2
0.855297 1.274799 -0.012987 2
0.873033 1.245381 0.012905 2
0.796416 1.057387 0.407031 2
0.828529 1.043169 0.391619 2
0.875363 1.056557 0.314354 2
0.623774 0.497453 1.515921 1
0.662569 0.471687 1.511917 1
0.705237 0.454193 1.490213 1
0.741511 0.423141 1.498259 1
0.787292 0.414059 1.459772 1
0.820907 0.376114 1.482635 1
0.850036 0.324496 1.533220 1
0.897157 0.320582 1.485539 1
0.933580 0.286873 1.499034 1
0.970920 0.254726 1.509188 1
1.015018 0.244777 1.475601 1
1.054804 0.220685 1.470312 1
1.084774 0.156644 1.541831 1
1.130757 0.155710 1.492118 1
1.171791 0.134968 1.480712 1
1.213345 0.117149 1.464183 1
1.248678 0.063691 1.513397 1
1.292476 0.057888 1.475149 1
1.333876 0.038289 1.462496 1
1.369315 -0.032045 1.540183 1
-0.330625 2.060381 0.415507 2
-0.296841 2.035610 0.405217 2
-0.131639 2.045233 0.165266 2
0.151276 2.092264 -0.290042 2
0.203901 2.081016 -0.345285 2
0.269122 2.074965 -0.425198 2
0.305136 2.061062 -0.453568 2
0.355565 2.052915 -0.509935 2
0.385434 2.038513 -0.528904 2
0.403266 2.019976 -0.525215 2
0.422181 2.001939 -0.523594 2
0.416771 1.973558 -0.473344 2
0.434422 1.954618 -0.468346 2
0.477707 1.947816 -0.516160 2
0.510767 1.937125 -0.544150 2
0.535936 1.923080 -0.556271 2
-0.141454 1.527771 0.958105 2
-0.088954 1.512522 0.911714 2
-0.058545 1.485402 0.913373 2
-0.031750 1.456161 0.923367 2
-0.008239 1.424705 0.941409 2
0.649568 1.822003 -0.550047 2
0.669033 1.805768 -0.550143 2
0.677526 1.781539 -0.523066 2
0.690510 1.760144 -0.506207 2
0.709371 1.743092 -0.503771 2
0.719718 1.718932 -0.478778 2
0.733879 1.697484 -0.462916 2
0.756578 1.683412 -0.469769 2
0.783735 1.673810 -0.489400 2
0.800457 1.654519 -0.479852 2
0.800432 1.617740 -0.420447 2
0.827848 1.608690 -0.440840 2
0.838702 1.581733 -0.410927 2
0.871883 1.579978 -0.450190 2
0.829363 1.487037 -0.244886 2
0.832702 1.445767 -0.181657 2
0.839704 1.407212 -0.127307 2
0.848246 1.368877 -0.075075 2
0.862962 1.337628 -0.042015 2
0.879428 1.307780 -0.013262 2
0.785969 1.100917 0.443866 2
0.831976 1.109635 0.372799 2
0.873080 1.112592 0.317501 2
0.627500 0.587499 1.489210 1
0.663898 0.558599 1.493029 1
0.706239 0.541525 1.470227 1
0.741098 0.509182 1.482189 1
0.779280 0.483588 1.479157 1
0.812172 0.445104 1.504284 1
0.854066 0.427983 1.483184 1
0.893587 0.405290 1.474515 1
0.927469 0.366392 1.499981 1
0.971464 0.356712 1.464726 1
1.003907 0.310648 1.504478 1
1.047200 0.299793 1.472565 1
1.083482 0.263823 1.491393 1
1.126218 0.252490 1.461475 1
1.163324 0.217453 1.478328 1
1.199445 0.174870 1.509338 1
1.243294 0.170504 1.467189 1
1.281026 0.132322 1.489475 1
1.323722 0.124170 1.455585 1
1.362069 0.084961 1.479472 1
-0.367154 2.041673 0.594892 2
-0.230349 2.041128 0.402835 2
-0.069708 2.050847 0.162053 2
0.190780 2.093661 -0.268791 2
0.225825 2.077499 -0.293551 2
0.279380 2.067892 -0.354059 2
0.323629 2.056519 -0.398663 2
0.347495 2.038922 -0.405056 2
0.409897 2.036132 -0.487867 2
0.431884 2.019132 -0.492228 2
0.427804 1.991445 -0.443580 2
0.483307 1.989083 -0.516960 2
0.501766 1.971292 -0.514703 2
-0.140576 1.632850 0.905109 2
-0.102776 1.609448 0.889836 2
-0.085585 1.575575 0.919764 2
-0.065836 1.542624 0.944964 2
-0.034688 1.515920 0.944832 2
-0.002474 1.490032 0.942193 2
0.032161 1.465906 0.933676 2
0.074355 1.447178 0.906434 2
0.690625 1.829492 -0.547597 2
0.689772 1.798768 -0.496632 2
0.712151 1.784490 -0.503608 2
0.724525 1.762530 -0.484429 2
0.739747 1.742493 -0.472058 2
0.758003 1.724813 -0.467455 2
0.768953 1.700480 -0.441995 2
0.798063 1.692580 -0.467643 2
0.818919 1.677356 -0.470066 2
0.830196 1.652426 -0.443569 2
0.842921 1.628290 -0.420136 2
0.866609 1.615722 -0.430222 2
0.817482 1.518483 -0.203351 2
0.841163 1.502778 -0.207837 2
0.829016 1.441538 -0.089130 2
0.846585 1.415898 -0.068623 2
0.855746 1.377793 -0.016059 2
0.880163 1.360072 -0.017363 2
0.790286 1.167272 0.424364 2
0.827568 1.161705 0.386431 2
0.862949 1.154383 0.354110 2
0.624459 0.663003 1.493031 1
0.664685 0.642172 1.478153 1
0.700662 0.613513 1.482273 1
0.736485 0.584168 1.488048 1
0.773065 0.555992 1.491163 1
0.807809 0.523176 1.504812 1
0.853590 0.516422 1.460307 1
0.887072 0.479820 1.482600 1
0.926400 0.457764 1.472947 1
0.964025 0.430874 1.474001 1
0.993899 0.378915 1.528079 1
1.038219 0.371801 1.487408 1
1.075754 0.342268 1.494014 1
1.115482 0.320264 1.485231 1
1.152150 0.285048 1.503313 1
1.193928 0.271469 1.478043 1
1.233098 0.245915 1.476955 1
1.268218 0.195848 1.523575 1
1.310251 0.183638 1.496491 1
1.349547 0.153453 1.504202 1
-0.175120 2.044253 0.418898 2
-0.032377 2.050244 0.202606 2
0.186053 2.082496 -0.163826 2
0.256254 2.076563 -0.256126 2
0.314414 2.068690 -0.327805 2
0.369446 2.061321 -0.395578 2
0.388141 2.042171 -0.392252 2
0.405761 2.022677 -0.386660 2
0.499547 2.034252 -0.539639 2
0.449102 1.987222 -0.392192 2
-0.132560 1.697232 0.904718 2
-0.108849 1.667049 0.919569 2
-0.088253 1.635173 0.941855 2
-0.038898 1.618025 0.899641 2
-0.030553 1.579505 0.950655 2
0.640567 1.920657 -0.556462 2
0.660194 1.904765 -0.558017 2
0.685561 1.892616 -0.573653 2
0.108026 1.484103 0.912585 2
0.125568 1.449420 0.945654 2
0.167768 1.431795 0.916163 2
0.715673 1.795149 -0.453535 2
0.756382 1.795123 -0.509949 2
0.773402 1.777196 -0.503309 2
0.779620 1.749902 -0.465803 2
0.789893 1.725285 -0.438231 2
0.803615 1.703186 -0.419489 2
0.839630 1.702376 -0.467264 2
0.849958 1.676786 -0.437600 2
0.873907 1.664875 -0.449656 2
0.813164 1.559001 -0.185796 2
0.828114 1.533122 -0.161349 2
0.837037 1.499139 -0.114646 2
0.850216 1.469060 -0.080189 2
0.865531 1.440670 -0.051310 2
0.863994 1.387705 0.042813 2
0.791283 1.227040 0.418697 2
0.818975 1.206753 0.417749 2
0.866361 1.218239 0.335669 2
0.627732 0.747842 1.471279 1
0.663675 0.720439 1.472826 1
0.700002 0.693567 1.473244 1
0.730809 0.655588 1.500639 1
0.771960 0.637801 1.479441 1
0.801410 0.594940 1.517801 1
0.845874 0.585100 1.478931 1
0.877666 0.545507 1.509142 1
0.919571 0.530697 1.482927 1
0.959657 0.511942 1.466304 1
0.994247 0.477215 1.485268 1
1.036842 0.466734 1.451392 1
1.074360 0.440405 1.452360 1
1.107916 0.398448 1.486411 1
1.146620 0.374166 1.482876 1
1.181451 0.332046 1.516278 1
1.224398 0.325877 1.475774 1
1.262329 0.295556 1.484904 1
1.300544 0.264715 1.494934 1
1.340409 0.242602 1.487637 1
-0.137609 2.043131 0.467780 2
0.023026 2.054787 0.209143 2
0.233059 2.086233 -0.154603 2
0.288192 2.076188 -0.220638 2
0.313181 2.057522 -0.227708 2
0.348284 2.042732 -0.255884 2
0.395474 2.033189 -0.310331 2
0.421006 2.016308 -0.320522 2
0.442925 1.998262 -0.323271 2
-0.097545 1.732578 0.911834 2
-0.068559 1.705161 0.914591 2
0.584756 1.982351 -0.505628 2
0.601975 1.964519 -0.501080 2
0.624588 1.949595 -0.509111 2
0.649904 1.936479 -0.523949 2
0.659136 1.914287 -0.499884 2
0.671513 1.893586 -0.482735 2
0.710201 1.889641 -0.531993 2
0.731751 1.875318 -0.538619 2
0.212295 1.476976 0.891565 2
0.242124 1.451617 0.892398 2
0.752628 1.799811 -0.438678 2
0.789834 1.797653 -0.487985 2
0.805134 1.778240 -0.476004 2
0.810198 1.749481 -0.433057 2
0.829096 1.732446 -0.429956 2
0.849804 1.717131 -0.432238 2
0.861332 1.692609 -0.405276 2
0.824799 1.616322 -0.219712 2
0.835070 1.586476 -0.181226 2
0.840084 1.549363 -0.122370 2
0.843660 1.508659 -0.054943 2
0.863948 1.487065 -0.044360 2
0.866015 1.440789 0.035490 2
0.798515 1.294338 0.389864 2
0.837521 1.291713 0.341590 2
0.864774 1.272698 0.338941 2
0.624534 0.819975 1.478686 1
0.663891 0.799113 1.463623 1
0.698384 0.770026 1.470257 1
0.731467 0.737855 1.484676 1
0.764645 0.705081 1.500379 1
0.798908 0.673693 1.512452 1
0.840381 0.657669 1.487393 1
0.875456 0.627458 1.496895 1
0.918075 0.615548 1.463468 1
0.955790 0.591980 1.458034 1
0.991077 0.561373 1.468944 1
1.021694 0.515222 1.514674 1
1.063483 0.502690 1.484729 1
1.099651 0.471581 1.496396 1
1.133510 0.429954 1.530662 1
1.173969 0.412834 1.511806 1
1.217891 0.412820 1.457389 1
1.254986 0.382066 1.468521 1
1.292871 0.353574 1.474821 1
1.329777 0.316688 1.498163 1
1.368683 0.289913 1.500680 1
-0.066930 2.050925 0.452590 2
0.059599 2.054372 0.251974 2
0.244368 2.079482 -0.073696 2
0.308761 2.072254 -0.160642 2
0.336449 2.054308 -0.173239 2
0.380174 2.042586 -0.220580 2
0.400669 2.023020 -0.219034 2
0.507409 2.038629 -0.408176 2
0.537482 2.025333 -0.431418 2
0.558117 2.008370 -0.433888 2
0.576459 1.990483 -0.431110 2
0.607490 1.979011 -0.458343 2
0.622173 1.959622 -0.447072 2
0.639949 1.941804 -0.442985 2
0.671651 1.932084 -0.473684 2
0.691739 1.916079 -0.475841 2
0.692568 1.887918 -0.427762 2
0.720752 1.877024 -0.450579 2
0.731769 1.854726 -0.427596 2
0.751300 1.838199 -0.427244 2
0.304608 1.463560 0.897570 2
0.340782 1.443836 0.879524 2
0.812148 1.790889 -0.432407 2
0.837510 1.779810 -0.449583 2
0.850062 1.757442 -0.427591 2
0.863037 1.734926 -0.405755 2
0.822246 1.657566 -0.206645 2
0.835844 1.631962 -0.179715 2
0.845359 1.601075 -0.137090 2
0.845743 1.558331 -0.059544 2
0.860404 1.530520 -0.029465 2
0.867194 1.491723 0.032170 2
0.787897 1.335868 0.431124 2
0.828983 1.335147 0.374698 2
0.867852 1.333138 0.324014 2
0.621181 0.890731 1.488215 1
0.662346 0.873161 1.463775 1
0.689535 0.832478 1.502018 1
0.728517 0.811472 1.487663 1
0.764037 0.784330 1.489854 1
0.801320 0.760501 1.483775 1
0.837361 0.734111 1.484518 1
0.875145 0.711434 1.476268 1
0.915386 0.694868 1.453552 1
0.949478 0.663414 1.467448 1
0.984975 0.634714 1.474612 1
1.025557 0.620198 1.448574 1
1.061867 0.593401 1.451734 1
1.091246 0.542208 1.510530 1
1.129680 0.519705 1.503447 1
1.170296 0.505937 1.477285 1
1.206355 0.473550 1.492727 1
1.245839 0.455593 1.476660 1
1.282909 0.425242 1.487607 1
1.321153 0.399664 1.488309 1
1.363296 0.399781 1.435426 1
-0.011672 2.055085 0.465754 2
0.153647 2.070779 0.176461 2
0.281162 2.080434 -0.042298 2
0.324875 2.066773 -0.088186 2
0.363772 2.052466 -0.125113 2
0.398357 2.037425 -0.153736 2
0.433564 2.023342 -0.184774 2
0.533810 2.037165 -0.366480 2
0.564664 2.024233 -0.392251 2
0.581656 2.005507 -0.385925 2
0.597477 1.986189 -0.376520 2
0.614209 1.967252 -0.369003 2
0.636264 1.951148 -0.374599 2
0.661605 1.937142 -0.388838 2
0.681301 1.920175 -0.388824 2
0.702572 1.904290 -0.392984 2
0.725040 1.889381 -0.400545 2
0.747735 1.874892 -0.409014 2
0.767941 1.858882 -0.410701 2
0.796364 1.849228 -0.436336 2
0.802987 1.822943 -0.398115 2
0.440319 1.488009 0.768114 2
0.856561 1.802782 -0.441845 2
0.855348 1.768055 -0.375588 2
0.854505 1.731929 -0.307084 2
0.824688 1.664856 -0.137356 2
0.837524 1.637832 -0.105823 2
0.854985 1.615015 -0.088815 2
0.876700 1.596631 -0.086203 2
0.883211 1.559746 -0.026085 2
0.784931 1.387560 0.443775 2
0.822754 1.381821 0.399604 2
0.864021 1.382412 0.338657 2
0.620653 0.964641 1.487185 1
0.654239 0.935633 1.494435 1
0.694004 0.916406 1.474448 1
0.726113 0.884650 1.489785 1
0.757778 0.851352 1.509071 1
0.793002 0.823968 1.512285 1
0.830642 0.801222 1.503500 1
0.875865 0.795139 1.452227 1
0.907562 0.760170 1.476108 1
0.939813 0.725087 1.499799 1
0.981662 0.713599 1.464744 1
1.020887 0.696424 1.444712 1
1.054009 0.661684 1.467597 1
1.084934 0.617884 1.511504 1
1.122759 0.594824 1.505921 1
1.165548 0.590625 1.457118 1
1.199319 0.551965 1.488213 1
1.235772 0.522176 1.498711 1
1.271362 0.486074 1.523096 1
1.310458 0.466423 1.510920 1
1.350816 0.455261 1.480763 1
0.026308 2.054818 0.514550 2
0.193663 2.072063 0.209939 2
0.300028 2.075863 0.029116 2
0.341943 2.061453 -0.013928 2
0.379619 2.046499 -0.048840 2
0.414548 2.031325 -0.078637 2
0.440026 2.013051 -0.087273 2
0.557020 2.034318 -0.315304 2
0.570784 2.013584 -0.300049 2
0.581458 1.991177 -0.276541 2
0.618097 1.981478 -0.317833 2
0.620736 1.954717 -0.272988 2
0.653820 1.944104 -0.306446 2
0.689747 1.935998 -0.348857 2
0.714187 1.921841 -0.361504 2
0.712246 1.890951 -0.300813 2
0.751146 1.886556 -0.354202 2
0.768167 1.867866 -0.345955 2
0.770190 1.837811 -0.292437 2
0.804425 1.831847 -0.334854 2
0.818821 1.810653 -0.317088 2
0.857907 1.810421 -0.377543 2
0.857122 1.775668 -0.309827 2
0.879934 1.761592 -0.318087 2
0.845956 1.691129 -0.130027 2
0.843681 1.648569 -0.044309 2
0.856492 1.620123 -0.008767 2
0.865198 1.585909 0.044481 2
0.787939 1.445995 0.434310 2
0.822700 1.436246 0.400903 2
0.857020 1.427002 0.367452 2
0.620907 1.038329 1.484349 1
0.654065 1.009551 1.491672 1
0.688375 0.982260 1.494721 1
0.724261 0.957385 1.491034 1
0.755502 0.924483 1.510459 1
0.796750 0.909096 1.480829 1
0.830967 0.881134 1.486830 1
0.870730 0.864211 1.463156 1
0.903545 0.832938 1.478534 1
0.941198 0.812015 1.466633 1
0.972674 0.776020 1.494125 1
1.006769 0.745238 1.507806 1
1.044051 0.722470 1.501252 1
1.083254 0.705660 1.480377 1
1.123190 0.692236 1.452020 1
1.157459 0.659724 1.470432 1
1.191722 0.625195 1.493300 1
1.229113 0.601723 1.489878 1
1.269174 0.590672 1.458031 1
1.303324 0.550061 1.494493 1
1.340969 0.525537 1.493979 1
0.081921 2.059710 0.526102 2
0.222055 2.070006 0.270205 2
0.318950 2.071199 0.104257 2
0.369805 2.059714 0.039444 2
0.392272 2.039135 0.039412 2
0.418127 2.020031 0.031227 2
0.539504 2.040977 -0.211188 2
0.571342 2.027451 -0.239250 2
0.594316 2.010484 -0.245828 2
0.620991 1.995590 -0.262230 2
0.625253 1.969517 -0.220029 2
0.661688 1.960255 -0.262812 2
0.676989 1.939845 -0.249176 2
0.696516 1.921796 -0.246788 2
0.716623 1.904158 -0.245904 2
0.741950 1.890088 -0.260218 2
0.764786 1.874681 -0.267637 2
0.781853 1.855261 -0.257619 2
0.799513 1.836134 -0.248897 2
0.813601 1.813946 -0.228163 2
0.844246 1.805480 -0.260858 2
0.852616 1.777888 -0.219802 2
0.870410 1.758157 -0.209151 2
0.851416 1.701711 -0.066691 2
0.859953 1.669987 -0.016957 2
0.867772 1.636084 0.038523 2
0.796976 1.510198 0.402490 2
0.828656 1.497099 0.379249 2
0.869026 1.495791 0.318957 2
0.622694 1.112740 1.476530 1
0.641851 1.065126 1.543571 1
0.692120 1.061396 1.473887 1
0.726094 1.034570 1.476631 1
0.752579 0.995163 1.516888 1
0.792110 0.976966 1.494314 1
0.826149 0.949381 1.499683 1
0.860161 0.921378 1.506347 1
0.899924 0.904955 1.480950 1
0.931109 0.870411 1.506098 1
0.967744 0.847367 1.499800 1
1.000213 0.813788 1.521843 1
1.042905 0.806610 1.474555 1
1.076378 0.774755 1.492334 1
1.109584 0.740544 1.515797 1
1.150664 0.731434 1.476031 1
1.186649 0.705524 1.478985 1
1.224933 0.688258 1.461007 1
1.256980 0.643423 1.509874 1
1.295409 0.625521 1.493805 1
1.333583 0.606896 1.479999 1
1.368107 0.565003 1.520428 1
